v -0.5564925199999999 -0.09380147999999999 0.09568134
v -0.55649214 0.033456340000000015 0.22293878
v -0.5564925199999999 0.042138200000000015 0.21425654000000002
v -0.5564925199999999 0.042138200000000015 0.21425654000000002
v -0.55649214 -0.08511962 0.08699910000000001
v -0.5564925199999999 -0.09380147999999999 0.09568134
v -0.55649214 -0.08511885999999999 0.22293916000000003
v -0.5564925199999999 0.04213858000000001 0.09568172000000001
v -0.55649214 0.03345596000000001 0.08699986000000001
v -0.55649214 0.03345596000000001 0.08699986000000001
v -0.55649214 -0.0938011 0.21425729999999998
v -0.55649214 -0.08511885999999999 0.22293916000000003
v 0.52044192 -0.08584883999999998 0.4111581
v 0.51126872 -0.12891651999999998 0.41026054
v 0.52044192 -0.08584883999999998 0.4111581
v 0.27730728 0.44587983999999997 0.11463231999999998
v 0.28975342 0.5164637000000001 0.25671621999999994
v 0.27730728 0.44587983999999997 0.25671621999999994
v 0.35653841999999997 0.5046875 0.25671621999999994
v 0.34409228000000003 0.43410363999999996 0.11463231999999998
v 0.34409228000000003 0.43410363999999996 0.25671621999999994
v -0.0018642799999999998 0.041457620000000014 0.25779009999999997
v -0.058248680000000004 0.05139956000000002 0.32170876
v -0.0018642799999999998 0.04145762000000002 0.32170876
v 0.012425239999999999 0.12249832000000002 0.25779009999999997
v 0.012425239999999999 0.12249832000000002 0.32170876
v -0.04395916 0.13244064000000003 0.32170876
v 0.25791588000000004 0.52207744 0.25671621999999994
v 0.24547012 0.45149357999999995 0.11463231999999998
v 0.24547012 0.45149357999999995 0.25671621999999994
v 0.37592981999999997 0.4284899 0.11463231999999998
v 0.38837595999999996 0.49907414 0.25671621999999994
v 0.37592981999999997 0.4284899 0.25671621999999994
v 0.46941666 0.48478424000000003 0.25671621999999994
v 0.45697052 0.41420038 0.11463231999999998
v 0.45697052 0.41420038 0.25671621999999994
v 0.48880806000000004 0.40858626 0.11463231999999998
v 0.50125382 0.4791705 0.25671621999999994
v 0.48880806000000004 0.40858626 0.25671621999999994
v -0.05894332 0.15092992000000005 0.5356708
v -0.06983183999999999 0.08917992000000004 0.48614578
v 0.015108799999999999 0.13771618000000005 0.53507914
v -0.048055179999999996 0.21268068000000004 0.48614578
v -0.05894332 0.15092992000000005 0.5356708
v 0.015108799999999999 0.13771618000000005 0.53507914
v 0.01803936 0.15433548000000002 0.25779009999999997
v -0.0383458 0.16427780000000003 0.32170876
v 0.01803936 0.15433548000000002 0.32170876
v 0.03225554 0.2349616 0.25779009999999997
v 0.03225554 0.2349616 0.32170876
v -0.02412886 0.24490354 0.32170876
v 0.1325915 0.47139721999999995 0.11463231999999998
v 0.1325915 0.47139721999999995 0.25671621999999994
v 0.14503764 0.54198108 0.25671621999999994
v 0.16442904 0.46578310000000006 0.11463231999999998
v 0.1768748 0.53636696 0.25671621999999994
v 0.16442904 0.46578310000000006 0.25671621999999994
v 0.14600018 -0.20967677999999998 0.08507858000000001
v 0.15989906 -0.20966804 0.028132920000000013
v 0.16027070000000002 -0.1675116 0.02874168000000001
v 0.16027070000000002 -0.1675116 0.02874168000000001
v 0.14631596 -0.16750666 0.08569304000000001
v 0.14600018 -0.20967677999999998 0.08507858000000001
v -0.5665963399999999 -0.04055511999999999 0.15496666
v -0.50912552 -0.04055549999999999 0.15496666
v -0.5091251400000001 -0.026025439999999987 0.16949634000000002
v -0.5091251400000001 -0.026025439999999987 0.16949634000000002
v -0.5665963399999999 -0.026025819999999988 0.16949634000000002
v -0.46031566 -0.05384029999999998 0.3101161
v -0.46981718 -0.052283819999999974 0.31014726000000004
v -0.46981300000000004 -0.052283439999999966 0.531791
v -0.46031338000000005 -0.05384181999999997 0.53178644
v -0.46031566 -0.05384029999999998 0.3101161
v -0.027922020000000002 -0.06954607999999997 0.50870334
v -0.53466494 -0.06953999999999996 0.50870334
v -0.53466494 -0.06953999999999996 0.54174662
v -0.53466494 -0.06953999999999996 0.54174662
v -0.027922020000000002 -0.06954607999999997 0.54174662
v -0.53466456 -0.09633113999999997 0.50870334
v -0.027922020000000002 -0.09633949999999998 0.50870334
v -0.027922020000000002 -0.09633949999999995 0.54174662
v -0.027922020000000002 -0.09633949999999995 0.54174662
v -0.53466456 -0.09633113999999995 0.54174662
v -0.02792164 -0.04274581999999997 0.50870334
v -0.02792164 -0.04274581999999997 0.5417470000000001
v -0.53466456 -0.04275683999999997 0.54174662
v -0.53466456 -0.04275683999999997 0.54174662
v -0.53466418 -0.04275683999999997 0.50870334
v -0.53466456 -0.01600293999999997 0.50870334
v -0.53466456 -0.016002939999999966 0.54174662
v -0.02792164 -0.015915919999999965 0.5417470000000001
v -0.02792164 -0.015915919999999965 0.5417470000000001
v -0.02792164 -0.01591591999999997 0.50870334
v -0.2316499 -0.053316279999999966 0.52950264
v -0.23165408 -0.053316659999999974 0.32649372
v -0.22215294000000002 -0.05487313999999998 0.32646256
v -0.22215104000000002 -0.05487465999999997 0.52949808
v -0.13466097999999999 -0.07259709999999998 0.22364102
v -0.13635692 -0.08112771999999999 0.22364102
v -0.22776136 -0.057230659999999975 0.33649303999999997
v -0.22630215999999997 -0.04989399999999998 0.33649303999999997
v -0.3232793 -0.043979679999999986 0.22364102
v -0.32158298 -0.035449059999999984 0.22364102
v -0.22630215999999997 -0.04989399999999998 0.33649303999999997
v -0.22776136 -0.057230659999999975 0.33649303999999997
v -0.24323002 -0.15784933999999998 0.22364102
v -0.25176064 -0.15615263999999998 0.22364102
v -0.23073182 -0.05295071999999998 0.33649303999999997
v -0.2233431 -0.05440763999999998 0.33649303999999997
v -0.2233431 -0.05440763999999998 0.33649303999999997
v -0.23073182 -0.05295071999999998 0.33649303999999997
v -0.2143257 0.03239424000000002 0.22364102
v -0.20579508 0.030697920000000014 0.22364102
v -0.45003286 0.30387308 0.030765179999999982
v -0.44534100000000004 0.30397112 0.031022819999999982
v -0.4404447 0.49401520000000004 0.04741031999999997
v -0.44903498 0.49425232 0.04736509999999997
v -0.5564925199999999 -0.09380147999999999 0.09568134
v -0.55649214 -0.08511962 0.08699910000000001
v -0.5564925199999999 0.042138200000000015 0.21425654000000002
v -0.55649214 0.033456340000000015 0.22293878
v -0.19224162 -0.25047053999999996 0.013901540000000014
v -0.16734516 -0.39080378000000005 0.050793080000000025
v -0.1839656 -0.41598258000000005 0.10361840000000001
v -0.19224162 -0.25047053999999996 0.028912300000000016
v -0.12756067999999998 -0.22030918 0.013901540000000013
v -0.12756067999999998 -0.22030918 0.028912300000000016
v -0.010645700000000001 -0.33516228 0.10361840000000001
v -0.040617059999999997 -0.33170922 0.050793080000000025
v -0.4482746 0.36240942000000004 0.03563867999999998
v -0.44591518 0.49424016 0.04686425999999997
v -0.43671462 0.4562603 0.004544419999999972
v -0.44314194 0.4019317 -0.0003758200000000247
v -0.44501496 0.48822286 0.04718991999999997
v -0.44606034 0.36696676 0.03648949999999998
v -0.44129551999999994 0.40383398000000004 0.0023791799999999756
v -0.43575284 0.45246562 0.006902699999999973
v -0.39795006 0.47649568 -0.0021884200000000294
v -0.39378754000000005 0.52407358 -0.002188420000000032
v -0.39378754000000005 0.5240732 0.043142539999999965
v -0.39795006 0.47649568 0.043142539999999965
v -0.38932026 0.48160363999999994 0.04177073999999997
v -0.39233822 0.45242838 0.008178739999999973
v -0.38780938 0.49887502 0.01102341999999997
v -0.3870547 0.50749836 0.026903239999999967
v -0.44394944000000003 0.009455540000000005 0.08293424
v -0.48485036 0.009455540000000005 0.08293424
v -0.48462197999999995 -0.1217501 0.08293424
v -0.44362492000000003 -0.1217501 0.08293424
v -0.3601203 0.48079576 0.04572843999999997
v -0.37522606000000003 0.44720148000000004 0.006559559999999972
v -0.37710972 0.39832208 0.0022089399999999757
v -0.37823110000000004 0.3610323 0.03502801999999998
v -0.55649214 -0.08511885999999999 0.22293916000000003
v -0.55649214 -0.0938011 0.21425729999999998
v -0.55649214 0.03345596000000001 0.08699986000000001
v -0.5564925199999999 0.04213858000000001 0.09568172000000001
v -0.08670308 -0.3864961 0.09641170000000003
v -0.08967848 -0.38031236 0.09644286000000002
v -0.08967658 -0.38031502 0.23735028000000005
v -0.08670270000000001 -0.38649799999999995 0.23734610000000006
v -0.08967848 -0.38031236 0.09644286000000002
v -0.08670308 -0.3864961 0.09641170000000003
v -0.08670270000000001 -0.38649799999999995 0.23734610000000006
v -0.08967658 -0.38031502 0.23735028000000005
v -0.1839656 -0.41598258000000005 -0.0020318599999999748
v -0.16734516 -0.39080378000000005 0.050793080000000025
v -0.19224162 -0.25047053999999996 0.013901540000000014
v -0.19140030000000002 -0.25108234 -0.0018201999999999845
v -0.12756067999999998 -0.22030918 -0.0011088399999999866
v -0.12756067999999998 -0.22030918 0.013901540000000013
v -0.040617059999999997 -0.33170922 0.050793080000000025
v -0.010645700000000001 -0.33516228 -0.0020318599999999795
v -0.41690141999999997 0.45457766 0.008178739999999973
v -0.41388308 0.48375254000000006 0.04177073999999997
v -0.41161752 0.50964688 0.026903239999999967
v -0.41237182 0.50102392 0.01102379999999997
v -0.4023269 0.5244296399999999 0.04345679999999997
v -0.4023269 0.5244296399999999 -0.0018741600000000318
v -0.40648524 0.47689810000000005 -0.0018741600000000292
v -0.40648524 0.47689810000000005 0.04345717999999997
v -0.35743332 0.48660292000000005 0.04681675999999997
v -0.37712644 0.35316516000000003 0.03563867999999998
v -0.37616238 0.39586348000000005 -0.00003534000000002424
v -0.37485328 0.44859342 0.006559559999999972
v -0.5665963399999999 -0.026025819999999988 0.16949634000000002
v -0.5091251400000001 -0.026025439999999987 0.16949634000000002
v -0.50912552 -0.01149613999999999 0.15496666
v -0.5665963399999999 -0.011495759999999992 0.15496666
v 0.03308166 0.45905253999999995 0.04708617999999997
v 0.03491174 0.46943186 0.07769555999999997
v -0.04667236 0.48381714000000003 0.07769555999999997
v -0.04850244 0.47343782 0.04708617999999997
v 0.0241376 0.40832862 0.04708617999999997
v 0.03308166 0.45905253999999995 0.04708617999999997
v -0.04850244 0.47343782 0.04708617999999997
v -0.057446500000000005 0.42271390000000003 0.04708617999999997
v 0.04019526 0.49939676000000005 0.07769555999999997
v 0.0535743 0.51988446 -0.0008854000000000318
v -0.046953560000000005 0.53760994 -0.000885400000000033
v -0.04138846 0.51378242 0.07769555999999997
v 0.03153278 0.39488004 -0.0008854000000000242
v 0.0241376 0.40832862 0.04708617999999997
v -0.057446500000000005 0.42271390000000003 0.04708617999999997
v -0.06899508 0.41260589999999997 -0.0008854000000000252
v 0.03491174 0.46943186 0.07769555999999997
v 0.04019526 0.49939676000000005 0.07769555999999997
v -0.04138846 0.51378242 0.07769555999999997
v -0.04667236 0.48381714000000003 0.07769555999999997
v 0.10517982000000001 -0.18682168 0.23889004000000003
v 0.10513802 -0.19422750000000003 0.23880910000000002
v 0.14632812 -0.19447602 0.08474570000000001
v 0.14640602 -0.18369238000000002 0.0849034
v 0.14640602 -0.18369238000000002 0.0849034
v 0.14632812 -0.19447602 0.08474570000000001
v 0.10513802 -0.19422750000000003 0.23880910000000002
v 0.10517982000000001 -0.18682168 0.23889004000000003
v -0.0074784 0.009618940000000032 0.53507914
v -0.06386622 0.01956202000000003 0.49696552
v -0.0638647 0.019562400000000018 0.32169964
v -0.007478019999999999 0.009619700000000016 0.25779009999999997
v 0.51126872 -0.12891651999999998 0.41026054
v 0.5421251 -0.13435622 0.35599084000000003
v 0.52044192 -0.08584883999999998 0.4111581
v 0.54976728 -0.09101835999999998 0.35599084000000003
v -0.01765632 -0.5494834200000001 0.12211414000000004
v -0.00653334 -0.5442918600000001 0.12210958000000004
v -0.08826488 -0.35994702 0.23609400000000003
v -0.10627992 -0.36835452 0.23610122000000003
v -0.22782292 -0.37258392 0.002512940000000023
v -0.16462094000000002 -0.50812156 0.002512940000000031
v -0.1482019 -0.50025822 0.0025129400000000308
v -0.21140426 -0.3647202 0.0025129400000000225
v -0.1795747 -0.45266398 0.21932764000000005
v -0.1795747 -0.45266398 0.0014827600000000278
v -0.16976196 -0.47370762 0.0014827600000000291
v -0.16976196 -0.47370762 0.21932764000000005
v -0.16760318 -0.47270138 0.21932764000000005
v -0.16760318 -0.47270138 0.0014827600000000291
v -0.17741554 -0.45165698000000004 0.0014827600000000278
v -0.17741554 -0.45165698000000004 0.21932764000000005
v -0.16946594 -0.46805473999999997 0.14032374000000003
v -0.16953395999999998 -0.46810984 0.11451566000000002
v 0.02149736 -0.3790063 0.11451794000000001
v 0.02156614 -0.37895158 0.14032374000000003
v -0.1746898 -0.4566574 0.14032374000000003
v 0.01634988 -0.36757133999999997 0.14032412000000002
v 0.016273120000000002 -0.3676082 0.11451870000000001
v -0.17476618000000002 -0.45669388000000005 0.11451604000000003
v 0.044127120000000006 -0.37288336 0.20297130000000005
v 0.035724940000000004 -0.35487174 0.20296180000000003
v -0.20867548000000002 -0.46881892000000003 0.20297434000000006
v -0.2002714 -0.48683548 0.20298384000000003
v -0.03029892 -0.28047648 0.0025129400000000173
v 0.03290344 -0.41601488 0.0025129400000000256
v 0.04932248 -0.40815116 0.002512940000000025
v -0.01387988 -0.27261352 0.002512940000000017
v 0.01432562 -0.36224678000000005 0.21932764000000005
v 0.01432562 -0.36224678000000005 0.0014827600000000224
v 0.02413874 -0.3832908 0.0014827600000000235
v 0.02413874 -0.3832908 0.21932764000000005
v 0.02496106 -0.382907 0.21932764000000005
v 0.02496106 -0.382907 0.0014827600000000235
v 0.015148319999999998 -0.3618626 0.0014827600000000222
v 0.015148319999999998 -0.3618626 0.21932764000000005
v -0.46981718 -0.052283819999999974 0.31014726000000004
v -0.46031566 -0.05384029999999998 0.3101161
v -0.46031338000000005 -0.05384181999999997 0.53178644
v -0.46981300000000004 -0.052283439999999966 0.531791
v -0.27837052 -0.06155353999999996 0.53850598
v -0.27840168 -0.05192851999999997 0.5386211200000001
v -0.43226824 -0.05193041999999997 0.5386215
v -0.43226368000000004 -0.06155809999999997 0.5385048400000001
v -0.2316499 -0.053316279999999966 0.52950264
v -0.22215104000000002 -0.05487465999999997 0.52949808
v -0.22215294000000002 -0.05487313999999998 0.32646256
v -0.23165408 -0.053316659999999974 0.32649372
v -0.37710972 0.39832208 0.0022089399999999757
v -0.44129551999999994 0.40383360000000007 0.0023791799999999756
v -0.44606034 0.36696676 0.03648949999999998
v -0.37823110000000004 0.3610323 0.03502801999999998
v -0.4482746 0.36240942000000004 0.03563867999999998
v -0.44314194 0.4019317 -0.0003758200000000247
v -0.37616238 0.39586348000000005 -0.00003534000000002424
v -0.37712644 0.35316516000000003 0.03563867999999998
v -0.38407854 0.29810278 0.030765179999999986
v -0.35200236 0.48576312 0.04736509999999997
v -0.36050334 0.48702130000000005 0.04741031999999997
v -0.38868224 0.29901402 0.031022819999999986
v -0.37522606000000003 0.44720148000000004 0.006559559999999972
v -0.43575284 0.45246562 0.006902699999999973
v -0.44129551999999994 0.40383360000000007 0.0023791799999999756
v -0.37710972 0.39832208 0.0022089399999999757
v -0.43575284 0.45246562 0.006902699999999973
v -0.37522606000000003 0.44720148000000004 0.006559559999999972
v -0.3601203 0.48079576 0.04572843999999997
v -0.44501496 0.48822286 0.04718991999999997
v -0.35743332 0.48660292000000005 0.04681675999999997
v -0.37485328 0.44859342 0.006559559999999972
v -0.43671462 0.4562603 0.004544419999999972
v -0.44591518 0.49424016 0.04686425999999997
v -0.40316632 0.12579064 0.08382382
v -0.40262786 -0.25194760000000005 0.08382382000000002
v -0.052767180000000004 -0.25169794 0.08382382000000002
v -0.05372174 0.12584308 0.08382382
v -0.40262786 -0.1217501 -0.0010191599999999925
v -0.40304814000000005 0.0094563 -0.0010191600000000007
v -0.40304814000000005 0.009455540000000033 0.5355321
v -0.40262786 -0.12175009999999996 0.5355321
v 0.2732618 0.22539282000000002 0.7596815600000001
v 0.5140165 0.18304486000000003 0.39536758
v 0.55376944 0.40646319999999997 0.39560432
v 0.31161596 0.4491584800000001 0.76206112
v 0.44639702 -0.22387737999999996 0.52022494
v 0.5208602999999999 0.19842498000000006 0.52022494
v 0.27568582 0.24141780000000007 0.94109394
v 0.20122254 -0.18088455999999994 0.94183228
v 0.07575642 0.48141858 -0.0010191600000000296
v -0.007478019999999999 0.0096197 -0.0010275200000000005
v -0.007478019999999999 0.009619700000000026 0.4037823
v 0.07574198 0.48142086 0.40378040000000004
v 0.35653841999999997 0.5046875 0.48976034
v 0.35653841999999997 0.5046875 0.25671621999999994
v 0.34409228000000003 0.43410363999999996 0.25671621999999994
v 0.34409228000000003 0.43410363999999996 0.48976034
v -0.45369378000000005 -0.39261524000000003 0.09695890000000003
v -0.44918583999999995 -0.43944264 -0.0010191599999999732
v -0.48462197999999995 -0.1217501 -0.0010191599999999925
v -0.48462197999999995 -0.1217501 0.15605536
v 0.31316940000000004 0.50616988 0.07873067999999997
v 0.30181918 0.44180016000000005 0.07873067999999997
v 0.30182336 0.4417994 0.000646379999999973
v 0.31317358 0.50616912 0.000646379999999969
v -0.07086354 -0.01850979999999998 0.37086480000000005
v -0.20907144 -0.018362359999999966 0.51089822
v -0.1739412 -0.018480919999999967 0.51093546
v -0.07086316000000001 -0.018509799999999976 0.4094937
v -0.40430974000000003 -0.09379577999999998 0.37086480000000005
v -0.26610184 -0.09394283999999997 0.51089822
v -0.30123208 -0.09382389999999997 0.51093546
v -0.40430974000000003 -0.09379577999999998 0.4094937
v -0.40430974000000003 -0.018848379999999977 0.37086480000000005
v -0.40430974000000003 -0.018848379999999974 0.4094937
v -0.30123208 -0.01881987999999997 0.51093546
v -0.26610184 -0.01870131999999997 0.51089822
v 0.4476172 -0.15928383999999998 0.26298508
v 0.50316256 -0.16907795999999997 0.26298508
v 0.50316218 -0.16907985999999997 0.44993444
v 0.44761682 -0.15928573999999998 0.4849332
v -0.53466494 -0.06953999999999996 0.50870334
v -0.53466456 -0.09633113999999997 0.50870334
v -0.53466456 -0.09633113999999995 0.54174662
v -0.53466494 -0.06953999999999996 0.54174662
v -0.027922020000000002 -0.06954607999999997 0.54174662
v -0.53466494 -0.06953999999999996 0.54174662
v -0.53466456 -0.09633113999999995 0.54174662
v -0.027922020000000002 -0.09633949999999995 0.54174662
v -0.4436253 -0.1217501 0.08293424
v -0.4436253 -0.12175009999999996 0.5355321
v -0.44394944000000003 0.009455540000000033 0.5355321
v -0.44394944000000003 0.009455540000000005 0.08293424
v -0.52561904 -0.1217501 -0.0010191599999999925
v -0.40262786 -0.1217501 -0.0010191599999999925
v -0.40262786 -0.12175009999999996 0.5355321
v -0.52561904 -0.12175009999999996 0.5355321
v -0.40304814000000005 0.009455540000000033 0.5355321
v -0.44394944000000003 0.009455540000000033 0.5355321
v -0.4436253 -0.12175009999999996 0.5355321
v -0.40262786 -0.12175009999999996 0.5355321
v -0.058248680000000004 0.05139956000000002 0.32170876
v -0.0018642799999999998 0.041457620000000014 0.25779009999999997
v -0.007478019999999999 0.009619700000000016 0.25779009999999997
v -0.0638647 0.019562400000000018 0.32169964
v -0.0383458 0.16427780000000003 0.32170876
v 0.01803936 0.15433548000000002 0.25779009999999997
v 0.012425239999999999 0.12249832000000002 0.25779009999999997
v -0.04395916 0.13244064000000003 0.32170876
v 0.5135715200000001 0.48634414 0.47551604
v 0.43059624 0.50095552 0.6010798199999999
v 0.41813262 0.43037546000000004 0.60086588
v 0.50131956 0.41572798 0.47498214000000005
v 0.25791588000000004 0.52207744 0.25671621999999994
v 0.28975342 0.5164637000000001 0.25671621999999994
v 0.27730728 0.44587983999999997 0.11463231999999998
v 0.24547012 0.45149357999999995 0.11463231999999998
v 0.38837595999999996 0.49907414 0.25671621999999994
v 0.37592981999999997 0.4284899 0.11463231999999998
v 0.34409228000000003 0.43410363999999996 0.11463231999999998
v 0.35653804 0.5046875 0.25671621999999994
v 0.48880806000000004 0.40858626 0.11463231999999998
v 0.45697052 0.41420038 0.11463231999999998
v 0.46941666 0.48478424000000003 0.25671621999999994
v 0.50125382 0.4791705 0.25671621999999994
v 0.48880806000000004 0.40858664000000006 0.25671621999999994
v 0.50125382 0.4791705 0.25671621999999994
v 0.50125382 0.4791705 0.48976072000000004
v 0.48880806000000004 0.40858664000000006 0.48976072000000004
v 0.33410094 0.43577602 0.4747511
v 0.41674029999999995 0.42126002 0.601008
v 0.43059624 0.50095552 0.6010798199999999
v 0.34815334000000003 0.51547114 0.47475148
v 0.28975304 0.5164637000000001 0.48976072000000004
v 0.27730728 0.44587983999999997 0.48976072000000004
v 0.27730728 0.44587983999999997 0.25671621999999994
v 0.28975304 0.5164637000000001 0.25671621999999994
v -0.40304814000000005 0.009455540000000033 0.5355321
v -0.40304852 0.0094563 -0.0010191600000000007
v -0.52575166 0.0094563 -0.0010191600000000007
v -0.52575166 0.009455540000000033 0.5355321
v -0.49145248 -0.39261524000000003 0.09695890000000003
v -0.52561904 -0.1217501 0.15605536
v -0.52561904 -0.1217501 -0.0010191599999999925
v -0.48694492 -0.43944264 -0.0010191599999999732
v 0.11235422 0.47520824 0.07873067999999997
v 0.12370444 0.53957796 0.07873067999999997
v 0.12371317999999999 0.5395764399999999 0.0006463799999999669
v 0.11236257999999999 0.47520634 0.0006463799999999709
v 0.30181918 0.44180016000000005 0.07873067999999997
v 0.31316940000000004 0.50616988 0.07873067999999997
v 0.12370444 0.53957796 0.07873067999999997
v 0.11235422 0.47520824 0.07873067999999997
v 0.31317358 0.50616912 0.000646379999999969
v 0.12371317999999999 0.5395764399999999 0.0006463799999999669
v 0.12370444 0.53957796 0.07873067999999997
v 0.31316940000000004 0.50616988 0.07873067999999997
v -0.07086354 -0.09388317999999998 0.36866878
v -0.07086354 -0.09388355999999998 0.40729730000000003
v -0.1739412 -0.09391205999999996 0.51093546
v -0.20907144 -0.09403061999999997 0.51089822
v 0.46948392 -0.03527235999999997 0.4849332
v 0.52502928 -0.04506647999999997 0.44993444
v 0.52502966 -0.04506267999999999 0.26298508
v 0.46948468000000004 -0.035268559999999984 0.26298508
v -0.53466418 -0.04275683999999997 0.50870334
v -0.53466456 -0.04275683999999997 0.54174662
v -0.53466456 -0.016002939999999966 0.54174662
v -0.53466456 -0.01600293999999997 0.50870334
v -0.02792164 -0.04274581999999997 0.5417470000000001
v -0.02792164 -0.015915919999999965 0.5417470000000001
v -0.53466456 -0.016002939999999966 0.54174662
v -0.53466456 -0.04275683999999997 0.54174662
v -0.48485036 0.009455540000000005 0.08293424
v -0.48485036 0.009455540000000033 0.5355321
v -0.48462197999999995 -0.12175009999999996 0.5355321
v -0.48462197999999995 -0.1217501 0.08293424
v -0.52561904 -0.12175009999999996 0.5355321
v -0.48462197999999995 -0.12175009999999996 0.5355321
v -0.48485036 0.009455540000000033 0.5355321
v -0.52575166 0.009455540000000033 0.5355321
v -0.01852538 0.27669206 0.32169736
v 0.03786966 0.26679876 0.25779009999999997
v 0.03225554 0.2349616 0.25779009999999997
v -0.02412886 0.24490354 0.32170876
v 0.28738526 0.44405394000000004 0.47452690000000003
v 0.30143766 0.52374906 0.47452690000000003
v 0.21813748 0.5384182 0.6001146199999999
v 0.20431042 0.458717 0.60014198
v 0.028096060000000003 0.26873980000000003 0.38858191999999997
v 0.27242124 0.22554026000000005 0.7596750999999999
v 0.31268566 0.4489700000000001 0.76221122
v 0.06692902 0.49231888 0.38897065999999997
v 0.1768748 0.53636696 0.25671621999999994
v 0.16442904 0.46578310000000006 0.11463231999999998
v 0.1325915 0.47139721999999995 0.11463231999999998
v 0.14503764 0.54198108 0.25671621999999994
v 0.1325915 0.47139721999999995 0.48976072000000004
v 0.14503764 0.54198108 0.48976072000000004
v 0.14503764 0.54198108 0.25671621999999994
v 0.1325915 0.47139721999999995 0.25671621999999994
v 0.13598072 0.5528829 0.47534618000000006
v 0.12337840000000001 0.48233020000000004 0.47471044
v 0.20595278000000003 0.46778798 0.60011348
v 0.21813748 0.5384182 0.6001146199999999
v 0.31405632 -0.18326867999999996 0.7497931999999999
v 0.31569184 -0.18296315999999996 0.7817865399999999
v 0.41519522000000003 -0.20050851999999994 0.7817865399999999
v 0.42781008 -0.20282081999999996 0.5564359
v -0.52561904 -0.1217501 0.15605536
v -0.49145248 -0.39261524000000003 0.09695890000000003
v -0.45369378000000005 -0.39261524000000003 0.09695890000000003
v -0.48462197999999995 -0.1217501 0.15605536
v -0.49145248 -0.39261524000000003 0.09695890000000003
v -0.48694492 -0.43944264 -0.0010191599999999732
v -0.44918583999999995 -0.43944264 -0.0010191599999999732
v -0.45369378000000005 -0.39261524000000003 0.09695890000000003
v -0.46790122 0.4803561 0.06012625999999997
v -0.46702076 0.49041926 -3.002951884996068e-17
v -0.5047794600000001 0.49041964 -3.0029542118249864e-17
v -0.50565992 0.48035572000000004 0.06012625999999997
v -0.1211972 0.09710824 0.06260347999999999
v -0.1211972 0.09710824 -0.002531560000000006
v -0.12115198 0.24981009999999998 -0.002531560000000015
v -0.12115198 0.24981009999999998 0.06260347999999999
v -0.3414775 0.2494814 -0.002531560000000015
v -0.3003653 0.11146768 -0.002531560000000007
v -0.3003653 0.11146768 0.06260347999999999
v -0.3414775 0.2494814 0.06260347999999999
v -0.12115198 0.24981009999999998 0.06260347999999999
v -0.3414775 0.2494814 0.06260347999999999
v -0.3003653 0.11146768 0.06260347999999999
v -0.1211972 0.09710824 0.06260347999999999
v 0.16027070000000002 -0.1675116 0.02874168000000001
v 0.15989906 -0.20966804 0.028132920000000013
v 0.14600018 -0.20967677999999998 0.08507858000000001
v 0.14631596 -0.16750666 0.08569304000000001
v 0.30589506 -0.16912621999999997 0.8169924
v 0.28439010000000003 -0.29108873999999996 0.8169924
v 0.4076279 -0.31281865999999997 0.8169924
v 0.42913323999999997 -0.19085651999999995 0.8169924
v 0.03786966 0.26679876 0.25779009999999997
v -0.01852538 0.27669206 0.32169736
v -0.018517779999999998 0.27674450000000006 0.49696552
v 0.03786966 0.26680218000000006 0.53507914
v 0.50316218 -0.16907985999999997 0.44993444
v 0.50316256 -0.16907795999999997 0.26298508
v 0.52502966 -0.04506267999999999 0.26298508
v 0.52502928 -0.04506647999999997 0.44993444
v 0.47114338 -0.025858619999999968 0.4849332
v 0.44595697999999995 -0.16869947999999999 0.4849332
v 0.5085616 -0.17973809999999998 0.44548654000000004
v 0.533748 -0.03689761999999998 0.44548654000000004
v -0.3414775 0.2494814 -0.002531560000000015
v -0.3414775 0.2494814 0.06260347999999999
v -0.12115198 0.24981009999999998 0.06260347999999999
v -0.12115198 0.24981009999999998 -0.002531560000000015
v 0.24487504 -0.17052766 0.10565177999999999
v 0.09315548 -0.14377604000000002 -0.0010191599999999912
v 0.12682804 -0.25594596 -0.0010191599999999842
v 0.2200599 -0.31126142 -0.0010191599999999808
v 0.24487504 -0.17052766 0.28805786
v 0.24487504 -0.17052766 1.0441807649254407e-17
v 0.21504542 -0.33969872 -0.0010191599999999793
v 0.21504542 -0.33969872 0.28805786
v 0.42678484000000005 -0.37703410000000004 0.10260912000000001
v 0.40322408 -0.51065426 0.10260912000000001
v 0.40322408 -0.51065426 -0.0010191599999999686
v 0.42678484000000005 -0.37703410000000004 -0.0010191599999999769
v 0.24900146 -0.345686 0.10260912000000001
v 0.22544032 -0.47930616 0.10260912000000001
v 0.40322408 -0.51065426 0.10260912000000001
v 0.42678484000000005 -0.37703410000000004 0.10260912000000001
v 0.24900146 -0.345686 -0.0010191599999999788
v 0.22544032 -0.47930616 -0.0010191599999999706
v 0.22544032 -0.47930616 0.10260912000000001
v 0.24900146 -0.345686 0.10260912000000001
v 0.21504542 -0.33969872 0.28805786
v 0.21504542 -0.33969872 -0.0010191599999999793
v 0.45616568 -0.38221426000000003 -0.0010191599999999767
v 0.45616568 -0.38221426000000003 0.28805786000000005
v -0.52561904 -0.1217501 -0.0010191599999999925
v -0.52561904 -0.12175009999999996 0.5355321
v -0.52575166 0.009455540000000033 0.5355321
v -0.52575166 0.0094563 -0.0010191600000000007
v -0.0074784 0.009618940000000032 0.53507914
v -0.07286424 0.009455540000000033 0.53507914
v -0.07244396 -0.12175009999999996 0.53507914
v -0.030675880000000003 -0.12194085999999996 0.53507914
v -0.007478019999999999 0.0096197 -0.0010275200000000005
v -0.07286462 0.0094563 -0.0010191600000000007
v -0.07286424 0.009455540000000033 0.53507914
v -0.0074784 0.009618940000000032 0.53507914
v 0.30589506 -0.16912621999999997 0.8169924
v 0.30589506 -0.16912621999999997 0.7787127199999999
v 0.28439010000000003 -0.29108873999999996 0.7787127199999999
v 0.28439010000000003 -0.29108873999999996 0.8169924
v 0.28439010000000003 -0.29108873999999996 0.8169924
v 0.28439010000000003 -0.29108873999999996 0.7787127199999999
v 0.4076279 -0.31281865999999997 0.7787127199999999
v 0.4076279 -0.31281865999999997 0.8169924
v 0.4076279 -0.31281865999999997 0.8169924
v 0.4076279 -0.31281865999999997 0.7787127199999999
v 0.42913323999999997 -0.19085651999999995 0.7787127199999999
v 0.42913323999999997 -0.19085651999999995 0.8169924
v 0.30589506 -0.16912621999999997 0.8169924
v 0.42913323999999997 -0.19085651999999995 0.8169924
v 0.42913323999999997 -0.19085651999999995 0.7787127199999999
v 0.30589506 -0.16912621999999997 0.7787127199999999
v 0.26915514 -0.30179296 0.33879926
v 0.29832812000000003 -0.28143673999999996 0.7817865399999999
v 0.31569184 -0.18296315999999996 0.7817865399999999
v 0.29087062 -0.178638 0.33879926
v 0.4182831 -0.3280882 0.33879926
v 0.39783150000000006 -0.2989821 0.7817865399999999
v 0.29832812000000003 -0.28143673999999996 0.7817865399999999
v 0.26915514 -0.30179296 0.33879926
v 0.43952206 -0.20382857999999998 0.33879926
v 0.41519522000000003 -0.20050851999999994 0.7817865399999999
v 0.39783150000000006 -0.2989821 0.7817865399999999
v 0.4182831 -0.3280882 0.33879926
v 0.21504542 -0.33969872 0.28805786
v 0.26915514 -0.30179296 0.33879926
v 0.29087062 -0.178638 0.33879926
v 0.24487504 -0.17052766 0.28805786
v 0.45616568 -0.38221426000000003 0.28805786000000005
v 0.4182831 -0.3280882 0.33879926
v 0.26915514 -0.30179296 0.33879926
v 0.21504542 -0.33969872 0.28805786
v 0.48599492 -0.21304396 0.28805786
v 0.43952206 -0.20382857999999998 0.33879926
v 0.4182831 -0.3280882 0.33879926
v 0.45616568 -0.38221426000000003 0.28805786000000005
v 0.40322408 -0.51065426 0.10260912000000001
v 0.22544032 -0.47930616 0.10260912000000001
v 0.22544032 -0.47930616 -0.0010191599999999706
v 0.40322408 -0.51065426 -0.0010191599999999686
v 0.43958096 -0.20485989999999998 -0.0010191599999999875
v 0.43952206 -0.20382857999999998 0.33879926
v 0.48599492 -0.21304396 0.28805786
v 0.48599492 -0.21304396 -0.001019159999999987
v 0.48599492 -0.21304396 0.28805786
v 0.45616568 -0.38221426000000003 0.28805786000000005
v 0.45616568 -0.38221426000000003 -0.0010191599999999767
v 0.48599492 -0.21304396 -0.001019159999999987
v -0.07244396 -0.1217501 0.08102702000000002
v -0.07244396 -0.12175009999999996 0.53507914
v -0.07286424 0.009455540000000033 0.53507914
v -0.07286462 0.009455920000000005 0.08102702
v -0.41754058000000005 -0.06884459999999996 0.5277204400000001
v -0.41754058000000005 -0.04378359999999997 0.5277204400000001
v -0.44796338 -0.04378321999999997 0.54227178
v -0.44796338 -0.06884421999999997 0.54227178
v -0.47838579999999997 -0.04378321999999997 0.5277204400000001
v -0.47838579999999997 -0.06884421999999997 0.5277204400000001
v -0.22630215999999997 -0.04989399999999998 0.33649303999999997
v -0.22776136 -0.057230659999999975 0.33649303999999997
v -0.13635692 -0.08112771999999999 0.22364102
v -0.13466097999999999 -0.07259709999999998 0.22364102
v -0.08927302 -0.0905749 0.13656098
v -0.08757670000000001 -0.08204427999999998 0.13656098
v -0.22776136 -0.057230659999999975 0.33649303999999997
v -0.22630215999999997 -0.04989399999999998 0.33649303999999997
v -0.32158298 -0.035449059999999984 0.22364102
v -0.3232793 -0.043979679999999986 0.22364102
v -0.36899938 -0.02610371999999999 0.13656098
v -0.37069608000000004 -0.03463433999999999 0.13656098
v -0.1839656 -0.41598258000000005 0.10361840000000001
v -0.16734516 -0.39080378000000005 0.050793080000000025
v -0.09810004 -0.37386832 0.050793080000000025
v -0.08926238 -0.39282044000000005 0.10361840000000001
v -0.040617059999999997 -0.33170922 0.050793080000000025
v -0.010645700000000001 -0.33516228 0.10361840000000001
v 0.04019526 0.49939676000000005 0.07769555999999997
v 0.03491174 0.46943186 0.07769555999999997
v 0.0535743 0.51988446 -0.0008854000000000318
v 0.0241376 0.40832862 0.04708617999999997
v 0.03153278 0.39488004 -0.0008854000000000242
v -0.046953560000000005 0.53760994 -0.000885400000000033
v -0.06899508 0.41260589999999997 -0.0008854000000000252
v -0.04138846 0.51378242 0.07769555999999997
v -0.057446500000000005 0.42271390000000003 0.04708617999999997
v -0.04667236 0.48381714000000003 0.07769555999999997
v -0.010645700000000001 -0.33516228 -0.0020318599999999795
v -0.040617059999999997 -0.33170922 0.050793080000000025
v -0.09810004 -0.37386832 0.050793080000000025
v -0.08926238 -0.39282082 -0.002031859999999976
v -0.16734516 -0.39080378000000005 0.050793080000000025
v -0.1839656 -0.41598258000000005 -0.0020318599999999748
v -0.23039552 -0.06885827999999997 0.52772006
v -0.23039552 -0.043797279999999966 0.52772006
v -0.26081832 -0.043797279999999966 0.54227178
v -0.26081832 -0.06885827999999997 0.54227178
v -0.29124074 -0.043797279999999966 0.52772006
v -0.29124074 -0.06885827999999997 0.52772006
v -0.19224162 -0.25047053999999996 0.028912300000000016
v -0.1839656 -0.41598258000000005 0.10361840000000001
v -0.12756067999999998 -0.22030918 0.028912300000000016
v -0.08926238 -0.39282044000000005 0.10361840000000001
v -0.010645700000000001 -0.33516228 0.10361840000000001
v 0.5081265 0.18388314000000003 0.40378040000000004
v 0.03789816 0.26679686 0.40378040000000004
v 0.5081265 0.18388314000000006 0.53507914
v 0.03786966 0.26680218000000006 0.53507914
v 0.27285558000000004 0.22536774000000004 0.9390465
v 0.50125382 0.4791705 0.48976072000000004
v 0.50125382 0.4791705 0.25671621999999994
v 0.42889612 0.49192900000000006 0.601008
v 0.35653804 0.5046875 0.25671621999999994
v 0.35653804 0.5046875 0.48976072000000004
v 0.07574198 0.48142086 0.40378040000000004
v 0.31066482 0.4399978200000001 0.7593923800000001
v 0.5459707 0.39850676 0.40378040000000004
v 0.07575642 0.48141858 -0.0010191600000000296
v 0.5459707 0.39850676 -0.0010191600000000244
v 0.28975304 0.5164637000000001 0.48976072000000004
v 0.28975304 0.5164637000000001 0.25671621999999994
v 0.21650272 0.5293799 0.60014198
v 0.14503764 0.54198108 0.25671621999999994
v 0.14503764 0.54198108 0.48976072000000004
v -0.3003653 0.11146768 0.06260347999999999
v -0.32391466 0.19257982 -0.002531560000000012
v -0.38277324 0.16804132 -0.0025315600000000104
v -0.33505436 0.09709684 0.06260347999999999
v -0.45856766000000004 0.09248858 -0.0025311800000000057
v -0.38815328 0.04399260000000001 0.06260348
v -0.49524412 0.00865488 -0.002416040000000001
v -0.4032845 0.009080860000000005 0.06271862
v -0.4032845 0.009080860000000005 0.06271862
v -0.40316632 0.009268200000000004 0.08382382000000001
v -0.38815328 0.04399260000000001 0.08382382000000001
v -0.38815328 0.04399260000000001 0.06260348
v -0.33505436 0.09709684 0.08382382
v -0.33505436 0.09709684 0.06260347999999999
v -0.26567586 0.1258389 0.08382382
v -0.3003653 0.11146768 0.06260347999999999
v -0.26567586 0.1258389 0.06260347999999999
v -0.19057912 0.12584308 0.08382382
v -0.19057912 0.12584308 0.06260347999999999
v -0.1211972 0.09710824 0.08382382
v -0.1211972 0.09710824 0.06260347999999999
v -0.05372174 0.009320640000000005 0.08431478
v -0.05372174 0.00932064 -0.002531560000000001
v -0.06809296 0.0440097 -0.002531560000000003
v -0.06809296 0.044009700000000006 0.08431478
v -0.1211972 0.09710824 -0.002531560000000006
v -0.1211972 0.09710824 0.08431477999999999
v -0.40262786 -0.1217501 0.08382382000000002
v -0.40262786 -0.1217501 -0.005592839999999993
v -0.38814150000000003 -0.16986456 -0.0025315599999999896
v -0.38814150000000003 -0.16986456 0.08382382000000002
v -0.33503726 -0.22296348 -0.0025315599999999865
v -0.33503726 -0.22296348 0.08382382000000002
v -0.26565533999999996 -0.25169794 -0.002531559999999985
v -0.26565533999999996 -0.25169794 0.08382382000000002
v -0.19140030000000002 -0.25108234 -0.0018201999999999845
v -0.1905586 -0.25169414 0.08382382000000002
v -0.1211801 -0.2229517 -0.0025315599999999865
v -0.1211801 -0.2229517 0.08382382000000002
v -0.06808117999999999 -0.16984746 -0.0025315599999999896
v -0.06808117999999999 -0.16984746 0.08382382000000002
v -0.052767180000000004 -0.12150006 -0.0024160399999999926
v -0.05348842 -0.12974188 -0.002416039999999992
v -0.052767180000000004 -0.12150006 0.08382382000000002
v -0.051103539999999996 0.09192808000000002 0.3504531
v -0.04395916 0.13244064000000003 0.32170876
v 0.0168948 0.12171020000000003 0.32170876
v 0.0097508 0.08119764000000003 0.3504531
v -0.058248680000000004 0.05139956000000002 0.32170876
v 0.00260528 0.04066950000000002 0.32170876
v -0.46424486000000004 0.33103509999999997 0.12590273999999999
v -0.48799296000000003 0.009455920000000008 0.12550982
v -0.48799258000000006 0.00942742 -0.0010191600000000007
v -0.4630813 0.34430926 -2.108286165878969e-17
v -0.46790122 0.4803561 0.06012625999999997
v -0.46702076 0.49041926 -3.002951884996068e-17
v -0.50200394 0.3310066 0.12590273999999999
v -0.50565992 0.48035572000000004 0.06012625999999997
v -0.5047794600000001 0.49041964 -3.0029542118249864e-17
v -0.5008396199999999 0.34433776 -2.1084606780478475e-17
v -0.52575128 0.00942742000000001 0.12550982
v -0.52575166 0.0094563 -0.0010191600000000007
v -0.44597674000000004 -0.12870182 0.2805046
v -0.44597674000000004 -0.07868659999999998 0.30938118000000003
v -0.48189548 -0.07868621999999999 0.30938118000000003
v -0.48189548 -0.12870143999999997 0.2805046
v -0.44597674000000004 -0.12870182 0.2227522
v -0.48189548 -0.12870143999999997 0.22275182
v -0.44597674000000004 -0.07868621999999999 0.19387562
v -0.48189548 -0.07868621999999999 0.19387562
v -0.44597674000000004 -0.028670999999999985 0.2227522
v -0.48189548 -0.028670999999999985 0.22275182
v -0.48189548 -0.028670999999999985 0.2805046
v -0.44597674000000004 -0.028670999999999985 0.2805046
v -0.44597674000000004 -0.07868659999999998 0.30938118000000003
v -0.48189548 -0.07868621999999999 0.30938118000000003
v 0.02961948 0.19387904000000003 0.35045348
v 0.02250892 0.15354736000000002 0.32170876
v -0.0383458 0.16427780000000003 0.32170876
v -0.031234860000000003 0.20460910000000002 0.35045348
v 0.03672548 0.23417348 0.32170876
v -0.02412886 0.24490354 0.32170876
v -0.44597712 -0.03056757999999999 0.21324232
v -0.48189585999999995 -0.03056795999999999 0.21324232
v -0.48189585999999995 -0.08058317999999999 0.18436574
v -0.44597712 -0.0805828 0.18436574
v -0.44597712 -0.0805828 0.12661334000000002
v -0.48189585999999995 -0.08058317999999999 0.12661334000000002
v -0.48189585999999995 -0.030567959999999995 0.09773675999999999
v -0.44597712 -0.030567579999999994 0.09773714
v -0.48189585999999995 0.019447260000000008 0.12661334000000002
v -0.44597712 0.01944764000000001 0.12661334000000002
v -0.48189585999999995 0.01944726000000001 0.18436574
v -0.44597712 0.019447640000000013 0.18436574
v -0.44597712 -0.03056757999999999 0.21324232
v -0.48189585999999995 -0.03056795999999999 0.21324232
v -0.2233431 -0.05440763999999998 0.33649303999999997
v -0.23073182 -0.05295071999999998 0.33649303999999997
v -0.25176064 -0.15615263999999998 0.22364102
v -0.24323002 -0.15784933999999998 0.22364102
v -0.25257498 -0.20526612000000002 0.13656098000000003
v -0.26110598 -0.20356942 0.13656098000000003
v -0.23073182 -0.05295071999999998 0.33649303999999997
v -0.2233431 -0.05440763999999998 0.33649303999999997
v -0.20579508 0.030697920000000014 0.22364102
v -0.2143257 0.03239424000000002 0.22364102
v -0.20487852 0.07947852000000001 0.13656098
v -0.19634828000000001 0.07778220000000001 0.13656098
v -0.009509499999999999 -0.0018999999999999675 0.53507914
v -0.0338504 -0.13994487999999997 0.53507914
v 0.20122254 -0.18088455999999994 0.94183228
v 0.27568582 0.24141780000000007 0.94109394
v 0.015108799999999999 0.13771618000000005 0.53507914
v -0.08356162 0.01131412000000003 0.48614578
v -0.06983183999999999 0.08917992000000004 0.48614578
v 0.039223600000000004 0.28260258000000005 0.5380496
v -0.03343924 0.29557160000000005 0.48614578
v -0.048055179999999996 0.21268068000000004 0.48614578
v -0.50200394 0.3310066 0.12590273999999999
v -0.52575128 0.00942742000000001 0.12550982
v -0.48799296000000003 0.009455920000000008 0.12550982
v -0.46424486000000004 0.33103509999999997 0.12590273999999999
v -0.46790122 0.4803561 0.06012625999999997
v -0.50565992 0.48035572000000004 0.06012625999999997
v -0.17564436 0.016792200000000014 0.22364102
v -0.13600276 -0.03896481999999998 0.22364064000000003
v -0.08922286 -0.02715631999999999 0.1365606
v -0.1488308 0.056683840000000006 0.13656098
v -0.15972996 0.0404681 0.0404073
v -0.10833952000000001 -0.03200208 0.0404073
v -0.03291218 0.19511100000000003 0.49696552
v -0.018517779999999998 0.27674450000000006 0.49696552
v -0.01852538 0.27669206 0.32169736
v -0.0638647 0.019562400000000018 0.32169964
v -0.04947182 0.10119552000000001 0.49696552
v -0.06386622 0.01956202000000003 0.49696552
v -0.041192 0.14815326000000004 0.53521404
v -0.44597712 0.01944764000000001 0.12661334000000002
v -0.44597712 0.019447640000000013 0.18436574
v -0.44597712 -0.030567579999999994 0.09773714
v -0.44597712 -0.0805828 0.18436574
v -0.44597712 -0.0805828 0.12661334000000002
v -0.44597712 -0.03056757999999999 0.21324232
v -0.48189585999999995 0.019447260000000008 0.12661334000000002
v -0.48189585999999995 -0.030567959999999995 0.09773675999999999
v -0.48189585999999995 0.01944726000000001 0.18436574
v -0.48189585999999995 -0.08058317999999999 0.18436574
v -0.48189585999999995 -0.03056795999999999 0.21324232
v -0.48189585999999995 -0.08058317999999999 0.12661334000000002
v -0.44597674000000004 -0.12870182 0.2227522
v -0.44597674000000004 -0.07868621999999999 0.19387562
v -0.44597674000000004 -0.12870182 0.2805046
v -0.44597674000000004 -0.028670999999999985 0.2805046
v -0.44597674000000004 -0.07868659999999998 0.30938118000000003
v -0.44597674000000004 -0.028670999999999985 0.2227522
v -0.48189548 -0.12870143999999997 0.22275182
v -0.48189548 -0.12870143999999997 0.2805046
v -0.48189548 -0.07868621999999999 0.19387562
v -0.48189548 -0.028670999999999985 0.2805046
v -0.48189548 -0.028670999999999985 0.22275182
v -0.48189548 -0.07868621999999999 0.30938118000000003
v 0.5081265 0.18388314000000006 0.53507914
v 0.43958096 -0.20485989999999993 0.53507914
v 0.5081265 0.18388314000000003 0.40378040000000004
v 0.5459707 0.39850676 -0.0010191600000000244
v 0.5459707 0.39850676 0.40378040000000004
v 0.43958096 -0.20485989999999998 -0.0010191599999999875
v -0.030675880000000003 -0.12194085999999996 0.53507914
v -0.07244396 -0.12175009999999996 0.53507914
v -0.07244396 -0.1217501 -0.0010191599999999925
v -0.030675880000000003 -0.12194086 -0.0010191599999999925
v 0.43958096 -0.20485989999999998 -0.0010191599999999875
v 0.43958096 -0.20485989999999993 0.53507914
v 0.20431004 -0.16337529999999995 0.9390465
v -0.29776876 -0.16614473999999999 0.040407300000000014
v -0.35011984 -0.09019452 0.04052282000000001
v -0.20450422000000001 -0.18469102 0.040407300000000014
v -0.10833952000000001 -0.03200208 0.0404073
v -0.12544294 -0.13185772 0.040407300000000014
v -0.25299412 0.05901438 0.04040729999999999
v -0.15972996 0.0404681 0.0404073
v -0.33205578 0.006181080000000002 0.0404073
v -0.3084118 -0.009503799999999988 0.22364026
v -0.32210548 -0.08380101999999999 0.22375578
v -0.24744498000000004 0.031070320000000016 0.22364102
v -0.13600276 -0.03896481999999998 0.22364064000000003
v -0.17564436 0.016792200000000014 0.22364102
v -0.21011416 -0.15654973999999997 0.22364102
v -0.14916482 -0.11595775999999997 0.22364026
v -0.28191516 -0.14227161999999996 0.22364102
v -0.24744498000000004 0.031070320000000016 0.22364102
v -0.17564436 0.016792200000000014 0.22364102
v -0.1488308 0.056683840000000006 0.13656098
v -0.15972996 0.0404681 0.0404073
v -0.25299412 0.05901438 0.04040729999999999
v -0.25679525999999997 0.07815346000000001 0.13656098
v -0.3084118 -0.009503799999999988 0.22364026
v -0.33205578 0.006181080000000002 0.0404073
v -0.34847026000000003 0.017143320000000007 0.13656022
v -0.32210548 -0.08380101999999999 0.22375578
v -0.35011984 -0.09019452 0.04052282000000001
v -0.36906018 -0.09457592 0.13667574000000002
v -0.28191516 -0.14227161999999996 0.22364102
v -0.29776876 -0.16614473999999999 0.040407300000000014
v -0.30862726 -0.18249576 0.13656098000000003
v -0.21011416 -0.15654973999999997 0.22364102
v -0.20450422000000001 -0.18469102 0.040407300000000014
v -0.20066241999999998 -0.20396538 0.13656098000000003
v -0.14916482 -0.11595775999999997 0.22364026
v -0.12544294 -0.13185772 0.040407300000000014
v -0.10901478 -0.14292826 0.1365606
v -0.08922286 -0.02715631999999999 0.1365606
v -0.13600276 -0.03896481999999998 0.22364064000000003
v -0.10833952000000001 -0.03200208 0.0404073
vt 0.068673 0.055851
vt 0.120451 0.055850
vt 0.120450 0.061353
vt 0.120450 0.061353
vt 0.068673 0.061353
vt 0.068673 0.055851
vt 0.068673 0.055851
vt 0.120451 0.055850
vt 0.120450 0.061353
vt 0.120450 0.061353
vt 0.068673 0.061353
vt 0.068673 0.055851
vt 0.664739 0.988838
vt 0.664739 0.956570
vt 0.664739 0.988838
vt 0.298895 0.405759
vt 0.298895 0.314862
vt 0.315590 0.329926
vt 0.298895 0.314862
vt 0.298895 0.405759
vt 0.315590 0.329926
vt 0.141292 0.355686
vt 0.161696 0.329521
vt 0.161732 0.366618
vt 0.217371 0.366999
vt 0.196908 0.366938
vt 0.196922 0.329753
vt 0.298895 0.314862
vt 0.298895 0.405759
vt 0.315590 0.329926
vt 0.298895 0.405759
vt 0.298895 0.314862
vt 0.315590 0.329926
vt 0.298895 0.314862
vt 0.298895 0.405759
vt 0.315590 0.329926
vt 0.284212 0.405759
vt 0.284212 0.314862
vt 0.267719 0.329926
vt 0.711254 0.333640
vt 0.711254 0.406823
vt 0.665581 0.333525
vt 0.711254 0.260112
vt 0.711254 0.333640
vt 0.665581 0.333525
vt 0.141292 0.355686
vt 0.161696 0.329521
vt 0.161732 0.366618
vt 0.217371 0.366999
vt 0.196908 0.366938
vt 0.196922 0.329753
vt 0.284212 0.405759
vt 0.267719 0.329926
vt 0.284212 0.314862
vt 0.298895 0.405759
vt 0.298895 0.314862
vt 0.315590 0.329926
vt 0.016144 0.462495
vt 0.015910 0.436878
vt 0.028061 0.436255
vt 0.028061 0.436255
vt 0.028297 0.461875
vt 0.016144 0.462495
vt 0.749246 0.428829
vt 0.749246 0.472928
vt 0.740812 0.472973
vt 0.740812 0.472973
vt 0.740812 0.428874
vt 0.940907 0.034628
vt 0.940896 0.041075
vt 0.858922 0.041073
vt 0.858923 0.034628
vt 0.940907 0.034628
vt 0.997803 0.082820
vt 0.795686 0.082820
vt 0.795638 0.102357
vt 0.795638 0.102357
vt 0.997835 0.102309
vt 0.795637 0.138295
vt 0.997776 0.138323
vt 0.997835 0.118421
vt 0.997835 0.118421
vt 0.795638 0.118442
vt 0.997803 0.082820
vt 0.997835 0.102309
vt 0.795638 0.102357
vt 0.795638 0.102357
vt 0.795686 0.082820
vt 0.795637 0.138295
vt 0.795638 0.118442
vt 0.997835 0.118421
vt 0.997835 0.118421
vt 0.997776 0.138323
vt 0.781816 0.038939
vt 0.853884 0.038939
vt 0.853895 0.031318
vt 0.781817 0.031318
vt 0.073974 0.043037
vt 0.073974 0.028926
vt 0.003659 0.028927
vt 0.003659 0.043038
vt 0.073974 0.028926
vt 0.073974 0.043037
vt 0.003659 0.043038
vt 0.003659 0.028927
vt 0.073974 0.043037
vt 0.073974 0.028926
vt 0.003659 0.028927
vt 0.003659 0.043038
vt 0.003659 0.043038
vt 0.003659 0.028927
vt 0.073974 0.028926
vt 0.073974 0.043037
vt 0.091668 0.418239
vt 0.091668 0.421408
vt 0.195509 0.421408
vt 0.195509 0.418239
vt 0.068673 0.072357
vt 0.068673 0.061353
vt 0.120450 0.061353
vt 0.120451 0.072358
vt 0.678603 0.602967
vt 0.690879 0.506031
vt 0.669545 0.489373
vt 0.669545 0.602967
vt 0.678603 0.602967
vt 0.669545 0.602967
vt 0.669545 0.489373
vt 0.690879 0.506031
vt 0.088197 0.382125
vt 0.130908 0.382125
vt 0.118472 0.408631
vt 0.100994 0.408631
vt 0.133596 0.382125
vt 0.176307 0.382125
vt 0.163871 0.408631
vt 0.146393 0.408631
vt 0.290850 0.425518
vt 0.274573 0.425518
vt 0.274573 0.457086
vt 0.290850 0.457086
vt 0.223210 0.351812
vt 0.240191 0.357932
vt 0.230018 0.330018
vt 0.223210 0.330018
vt 0.423066 0.004783
vt 0.423066 0.021083
vt 0.382886 0.021083
vt 0.382885 0.004654
vt 0.133596 0.382125
vt 0.146393 0.408631
vt 0.163871 0.408631
vt 0.176307 0.382125
vt 0.068673 0.072357
vt 0.068673 0.061353
vt 0.120450 0.061353
vt 0.120451 0.072358
vt 0.188033 0.049940
vt 0.188024 0.058648
vt 0.148450 0.058649
vt 0.148452 0.049938
vt 0.188015 0.049934
vt 0.188024 0.058648
vt 0.148450 0.058649
vt 0.148449 0.049945
vt 0.669545 0.489373
vt 0.690879 0.506031
vt 0.678603 0.602967
vt 0.669545 0.602967
vt 0.669545 0.602967
vt 0.678603 0.602967
vt 0.690879 0.506031
vt 0.669545 0.489373
vt 0.240191 0.357932
vt 0.223210 0.351812
vt 0.223210 0.330018
vt 0.230018 0.330018
vt 0.290850 0.457086
vt 0.274573 0.457086
vt 0.274573 0.425518
vt 0.290850 0.425518
vt 0.088197 0.382125
vt 0.130908 0.382125
vt 0.118472 0.408631
vt 0.100994 0.408631
vt 0.740812 0.428874
vt 0.740812 0.472973
vt 0.732365 0.473027
vt 0.732365 0.428928
vt 0.127323 0.938507
vt 0.134758 0.938507
vt 0.134924 0.988277
vt 0.127488 0.988277
vt 0.111775 0.938507
vt 0.124539 0.938507
vt 0.124718 0.988277
vt 0.111955 0.988277
vt 0.147407 0.938507
vt 0.172077 0.932116
vt 0.172346 0.993442
vt 0.147626 0.988277
vt 0.096827 0.933404
vt 0.108994 0.938507
vt 0.109172 0.988277
vt 0.097046 0.994730
vt 0.137659 0.938507
vt 0.144722 0.938507
vt 0.144890 0.988277
vt 0.137826 0.988277
vt 0.023524 0.562657
vt 0.021338 0.562786
vt 0.020583 0.470451
vt 0.023691 0.470292
vt 0.010689 0.526277
vt 0.007580 0.526130
vt 0.007736 0.432737
vt 0.010413 0.433675
vt 0.130668 0.194404
vt 0.145406 0.218357
vt 0.145407 0.328508
vt 0.130668 0.368674
vt 0.664739 0.956570
vt 0.689161 0.956570
vt 0.664739 0.988838
vt 0.689161 0.988838
vt 0.049518 0.570709
vt 0.040513 0.570709
vt 0.040513 0.433219
vt 0.049518 0.433219
vt 0.037325 0.985646
vt 0.037395 0.890026
vt 0.043229 0.890162
vt 0.043159 0.985783
vt 0.008022 0.979531
vt 0.008022 0.853360
vt 0.015463 0.853362
vt 0.015463 0.979535
vt 0.020313 0.979534
vt 0.020313 0.853364
vt 0.027755 0.853364
vt 0.027755 0.979536
vt 0.007226 0.711738
vt 0.015492 0.711692
vt 0.015470 0.842377
vt 0.007194 0.842423
vt 0.027771 0.711799
vt 0.027773 0.842481
vt 0.019498 0.842429
vt 0.019506 0.711746
vt 0.049705 0.722252
vt 0.045079 0.722287
vt 0.045079 0.576106
vt 0.049693 0.576071
vt 0.043388 0.790872
vt 0.043319 0.871385
vt 0.037485 0.871270
vt 0.037554 0.790757
vt 0.007889 0.690246
vt 0.007889 0.572119
vt 0.015330 0.572115
vt 0.015330 0.690243
vt 0.020180 0.690239
vt 0.020180 0.572112
vt 0.027622 0.572111
vt 0.027622 0.690238
vt 0.940896 0.028182
vt 0.940907 0.034628
vt 0.858923 0.034628
vt 0.858922 0.028183
vt 0.996679 0.029140
vt 0.996679 0.035587
vt 0.943822 0.035587
vt 0.943824 0.029139
vt 0.781816 0.038939
vt 0.781817 0.031318
vt 0.853895 0.031318
vt 0.853884 0.038939
vt 0.200230 0.408631
vt 0.219590 0.408631
vt 0.220653 0.382125
vt 0.200193 0.382125
vt 0.718616 0.958338
vt 0.718582 0.987740
vt 0.697052 0.987740
vt 0.695633 0.958198
vt 0.091668 0.418239
vt 0.195509 0.418239
vt 0.195509 0.421408
vt 0.091668 0.421408
vt 0.178593 0.408585
vt 0.196901 0.408585
vt 0.196742 0.378865
vt 0.178593 0.378865
vt 0.247374 0.408631
vt 0.228255 0.408631
vt 0.224470 0.382125
vt 0.251228 0.382125
vt 0.250608 0.408621
vt 0.254419 0.379099
vt 0.272293 0.379099
vt 0.276028 0.408621
vt 0.319907 0.307261
vt 0.319907 0.117152
vt 0.414873 0.117152
vt 0.414873 0.307261
vt 0.003582 0.425370
vt 0.043768 0.425370
vt 0.043768 0.085672
vt 0.003582 0.085672
vt 0.933387 0.661860
vt 0.933514 0.222152
vt 0.807785 0.222032
vt 0.807658 0.661740
vt 0.665581 0.613184
vt 0.665581 0.187991
vt 0.420380 0.187991
vt 0.420470 0.613184
vt 0.644170 0.993522
vt 0.498257 0.993527
vt 0.498257 0.750316
vt 0.644170 0.750318
vt 0.960566 0.705815
vt 0.960566 0.831520
vt 0.945952 0.831520
vt 0.945952 0.705815
vt 0.419125 0.058264
vt 0.398660 0.102763
vt 0.494417 0.138178
vt 0.505260 0.058264
vt 0.690625 0.087164
vt 0.669686 0.087164
vt 0.669686 0.135433
vt 0.690625 0.135433
vt 0.801688 0.705522
vt 0.868959 0.705522
vt 0.860428 0.686729
vt 0.810941 0.686729
vt 0.801688 0.705522
vt 0.868959 0.705522
vt 0.860428 0.686729
vt 0.810941 0.686729
vt 0.801688 0.705522
vt 0.810941 0.686729
vt 0.860428 0.686729
vt 0.868959 0.705522
vt 0.130210 0.185626
vt 0.146861 0.185626
vt 0.146861 0.068133
vt 0.130211 0.047106
vt 0.780812 0.138293
vt 0.791029 0.138295
vt 0.791029 0.118442
vt 0.780812 0.118441
vt 0.997835 0.102309
vt 0.795638 0.102357
vt 0.795638 0.118442
vt 0.997835 0.118421
vt 0.088208 0.373036
vt 0.088208 0.085672
vt 0.126631 0.085672
vt 0.126658 0.373036
vt 0.084760 0.425370
vt 0.047163 0.425370
vt 0.047167 0.085672
vt 0.084760 0.085672
vt 0.043763 0.050450
vt 0.043763 0.076215
vt 0.003582 0.076215
vt 0.003582 0.050247
vt 0.263311 0.324080
vt 0.263333 0.362111
vt 0.253470 0.362111
vt 0.253448 0.324086
vt 0.263311 0.324080
vt 0.263333 0.362111
vt 0.253470 0.362111
vt 0.253448 0.324086
vt 0.768028 0.324121
vt 0.768028 0.471390
vt 0.807716 0.471418
vt 0.807760 0.324160
vt 0.295886 0.314862
vt 0.287581 0.314862
vt 0.287581 0.405759
vt 0.295886 0.405759
vt 0.295886 0.314862
vt 0.295886 0.405759
vt 0.287581 0.405759
vt 0.287581 0.314862
vt 0.287581 0.405759
vt 0.295886 0.405759
vt 0.295886 0.314862
vt 0.287581 0.314862
vt 0.686598 0.838674
vt 0.709559 0.838674
vt 0.709559 0.698661
vt 0.686598 0.698661
vt 0.729242 0.172606
vt 0.729164 0.317038
vt 0.769847 0.317109
vt 0.769847 0.172688
vt 0.960566 0.705815
vt 0.945952 0.705815
vt 0.945952 0.831520
vt 0.960566 0.831520
vt 0.084760 0.085672
vt 0.084760 0.425370
vt 0.047167 0.425370
vt 0.047167 0.085672
vt 0.419125 0.058264
vt 0.505260 0.058264
vt 0.494417 0.138178
vt 0.398660 0.102763
vt 0.669686 0.087164
vt 0.690625 0.087164
vt 0.690625 0.135433
vt 0.669686 0.135433
vt 0.776702 0.027250
vt 0.776702 0.079449
vt 0.695156 0.079449
vt 0.695156 0.027251
vt 0.776704 0.136086
vt 0.695159 0.136086
vt 0.695156 0.087611
vt 0.776702 0.087611
vt 0.801688 0.705522
vt 0.810941 0.686729
vt 0.860428 0.686729
vt 0.868959 0.705522
vt 0.130211 0.047106
vt 0.146861 0.068133
vt 0.146861 0.185626
vt 0.130210 0.185626
vt 0.780812 0.138293
vt 0.780812 0.118441
vt 0.791029 0.118442
vt 0.791029 0.138295
vt 0.997835 0.102309
vt 0.997835 0.118421
vt 0.795638 0.118442
vt 0.795638 0.102357
vt 0.088208 0.373036
vt 0.088208 0.085672
vt 0.126631 0.085672
vt 0.126658 0.373036
vt 0.003582 0.076215
vt 0.003582 0.050247
vt 0.043763 0.050450
vt 0.043763 0.076215
vt 0.263311 0.324080
vt 0.263333 0.362111
vt 0.253470 0.362111
vt 0.253448 0.324086
vt 0.729242 0.172606
vt 0.769847 0.172688
vt 0.769847 0.317109
vt 0.729164 0.317038
vt 0.933514 0.222152
vt 0.933387 0.661860
vt 0.807658 0.661740
vt 0.807785 0.222032
vt 0.295886 0.314862
vt 0.295886 0.405759
vt 0.287581 0.405759
vt 0.287581 0.314862
vt 0.686598 0.698661
vt 0.709559 0.698661
vt 0.709559 0.838674
vt 0.686598 0.838674
vt 0.768028 0.324121
vt 0.807760 0.324160
vt 0.807716 0.471418
vt 0.768028 0.471390
vt 0.272442 0.451378
vt 0.271943 0.433939
vt 0.239575 0.433939
vt 0.239566 0.564904
vt 0.504903 0.050119
vt 0.419369 0.050119
vt 0.419369 0.026986
vt 0.504908 0.026986
vt 0.419369 0.050119
vt 0.386525 0.050119
vt 0.386525 0.026986
vt 0.419369 0.026986
vt 0.664469 0.026986
vt 0.683936 0.026986
vt 0.683936 0.050119
vt 0.664473 0.050119
vt 0.374714 0.091343
vt 0.374714 0.052441
vt 0.318549 0.052441
vt 0.318549 0.091343
vt 0.239447 0.052441
vt 0.192044 0.052444
vt 0.192403 0.091411
vt 0.239447 0.091343
vt 0.314358 0.099714
vt 0.243289 0.099714
vt 0.256847 0.178240
vt 0.314358 0.188254
vt 0.015091 0.560384
vt 0.002936 0.559806
vt 0.003146 0.534123
vt 0.015304 0.534698
vt 0.176112 0.995510
vt 0.176112 0.927872
vt 0.212554 0.927872
vt 0.212554 0.995510
vt 0.250101 0.362168
vt 0.233490 0.323716
vt 0.233460 0.218357
vt 0.250101 0.195458
vt 0.188498 0.068133
vt 0.188498 0.185626
vt 0.149933 0.185626
vt 0.149934 0.068133
vt 0.504924 0.671183
vt 0.567856 0.671182
vt 0.567856 0.765084
vt 0.504924 0.765085
vt 0.243289 0.052441
vt 0.243289 0.091343
vt 0.314358 0.091343
vt 0.314358 0.052441
vt 0.353069 0.337285
vt 0.395444 0.454810
vt 0.414579 0.388468
vt 0.417084 0.316980
vt 0.053487 0.750050
vt 0.053487 0.915413
vt 0.106839 0.915999
vt 0.106839 0.750050
vt 0.216131 0.932514
vt 0.259273 0.932513
vt 0.259273 0.994773
vt 0.216132 0.994774
vt 0.320851 0.850993
vt 0.320852 0.924810
vt 0.263021 0.924812
vt 0.263020 0.850995
vt 0.216131 0.994773
vt 0.259273 0.994774
vt 0.259273 0.932514
vt 0.216132 0.932513
vt 0.109964 0.750050
vt 0.109964 0.916002
vt 0.185505 0.916002
vt 0.185505 0.750050
vt 0.003582 0.425370
vt 0.003582 0.085672
vt 0.043768 0.085672
vt 0.043768 0.425370
vt 0.471969 0.952697
vt 0.471750 0.993788
vt 0.432517 0.992804
vt 0.432569 0.966554
vt 0.494455 0.993527
vt 0.476246 0.993522
vt 0.476246 0.671433
vt 0.494455 0.671433
vt 0.300678 0.757117
vt 0.288333 0.757117
vt 0.288333 0.681519
vt 0.300678 0.681519
vt 0.283082 0.840781
vt 0.270737 0.840781
vt 0.270737 0.764392
vt 0.283082 0.764392
vt 0.299685 0.840608
vt 0.287341 0.840608
vt 0.287341 0.765009
vt 0.299685 0.765009
vt 0.282858 0.681287
vt 0.282858 0.757677
vt 0.270513 0.757677
vt 0.270513 0.681287
vt 0.092326 0.693321
vt 0.084527 0.433939
vt 0.053471 0.433939
vt 0.053487 0.693321
vt 0.171095 0.693321
vt 0.163322 0.433939
vt 0.132147 0.433939
vt 0.124374 0.693321
vt 0.239856 0.693299
vt 0.239575 0.433939
vt 0.210100 0.433939
vt 0.202697 0.693321
vt 0.106839 0.742324
vt 0.092326 0.700563
vt 0.053487 0.700563
vt 0.053487 0.742324
vt 0.185505 0.742324
vt 0.171095 0.700563
vt 0.124374 0.700563
vt 0.109964 0.742324
vt 0.239559 0.742325
vt 0.239856 0.700292
vt 0.202697 0.700563
vt 0.188924 0.742324
vt 0.263021 0.932513
vt 0.320852 0.932511
vt 0.320853 0.994771
vt 0.263021 0.994773
vt 0.258961 0.916002
vt 0.259034 0.720920
vt 0.244528 0.750049
vt 0.244528 0.916002
vt 0.239559 0.750050
vt 0.188924 0.750050
vt 0.188924 0.916002
vt 0.239559 0.916003
vt 0.431478 0.944916
vt 0.431478 0.672121
vt 0.472519 0.671433
vt 0.472519 0.944229
vt 0.748117 0.497866
vt 0.748117 0.482809
vt 0.763131 0.482809
vt 0.763131 0.497865
vt 0.778145 0.482809
vt 0.778145 0.497866
vt 0.003659 0.043038
vt 0.003659 0.028927
vt 0.073974 0.028926
vt 0.073974 0.043037
vt 0.121878 0.028926
vt 0.121878 0.043037
vt 0.003659 0.028927
vt 0.003659 0.043038
vt 0.073974 0.043037
vt 0.073974 0.028926
vt 0.121878 0.043037
vt 0.121878 0.028926
vt 0.979805 0.705297
vt 0.964237 0.722430
vt 0.964298 0.767648
vt 0.979805 0.767648
vt 0.964237 0.812864
vt 0.979805 0.829998
vt 0.061098 0.943840
vt 0.070845 0.943840
vt 0.053638 0.992937
vt 0.090721 0.962229
vt 0.094299 0.992346
vt 0.053638 0.992937
vt 0.094299 0.992346
vt 0.061098 0.943840
vt 0.090721 0.962229
vt 0.070845 0.943840
vt 0.979805 0.829998
vt 0.964237 0.812864
vt 0.964298 0.767648
vt 0.979805 0.767648
vt 0.964237 0.722430
vt 0.979805 0.705297
vt 0.748117 0.497866
vt 0.748117 0.482809
vt 0.763131 0.482809
vt 0.763131 0.497865
vt 0.778145 0.482809
vt 0.778145 0.497866
vt 0.765426 0.628653
vt 0.730520 0.541235
vt 0.787321 0.616306
vt 0.758418 0.514580
vt 0.789552 0.508174
vt 0.414302 0.631640
vt 0.261340 0.631640
vt 0.414302 0.552756
vt 0.261331 0.552756
vt 0.337770 0.310051
vt 0.738708 0.698787
vt 0.738811 0.838719
vt 0.758766 0.633087
vt 0.778960 0.838639
vt 0.778960 0.698625
vt 0.647868 0.750176
vt 0.724344 0.536665
vt 0.800826 0.750480
vt 0.647930 0.993522
vt 0.800887 0.993522
vt 0.778985 0.698787
vt 0.778881 0.838719
vt 0.758926 0.633087
vt 0.738733 0.838639
vt 0.738733 0.698625
vt 0.235393 0.098750
vt 0.250810 0.178315
vt 0.238463 0.193859
vt 0.226451 0.104740
vt 0.214213 0.198552
vt 0.207710 0.104981
vt 0.193617 0.190983
vt 0.198271 0.103670
vt 0.673671 0.163519
vt 0.673747 0.148093
vt 0.687026 0.148093
vt 0.687026 0.163606
vt 0.713383 0.148093
vt 0.713383 0.163605
vt 0.739741 0.148093
vt 0.726562 0.163605
vt 0.739741 0.163604
vt 0.766098 0.148093
vt 0.766098 0.163604
vt 0.792456 0.148093
vt 0.792456 0.163603
vt 0.833647 0.148093
vt 0.833647 0.212809
vt 0.819917 0.212809
vt 0.819916 0.148093
vt 0.792456 0.212810
vt 0.792456 0.148093
vt 0.996836 0.148093
vt 0.996737 0.212761
vt 0.980180 0.212761
vt 0.980279 0.148093
vt 0.955429 0.212761
vt 0.955529 0.148093
vt 0.930679 0.212761
vt 0.930779 0.148093
vt 0.906208 0.212761
vt 0.906029 0.148093
vt 0.881278 0.212761
vt 0.881278 0.148093
vt 0.856528 0.212761
vt 0.856528 0.148093
vt 0.839813 0.212761
vt 0.842475 0.212761
vt 0.839813 0.148093
vt 0.179568 0.329647
vt 0.193648 0.329753
vt 0.193636 0.366938
vt 0.179568 0.366773
vt 0.165407 0.329521
vt 0.165439 0.366618
vt 0.612546 0.058264
vt 0.509247 0.058264
vt 0.509233 0.134165
vt 0.616809 0.133623
vt 0.660407 0.097468
vt 0.663628 0.133597
vt 0.612546 0.058264
vt 0.660407 0.097468
vt 0.663628 0.133597
vt 0.616809 0.133623
vt 0.509247 0.058264
vt 0.509233 0.134165
vt 0.669633 0.797144
vt 0.669633 0.832889
vt 0.681140 0.832889
vt 0.681140 0.797145
vt 0.669633 0.761400
vt 0.681140 0.761400
vt 0.669633 0.725656
vt 0.681140 0.725656
vt 0.669633 0.689912
vt 0.681140 0.689912
vt 0.681140 0.654167
vt 0.669633 0.654167
vt 0.669633 0.618423
vt 0.681140 0.618423
vt 0.179568 0.366773
vt 0.165439 0.366618
vt 0.165407 0.329521
vt 0.179568 0.329647
vt 0.193636 0.366938
vt 0.193648 0.329753
vt 0.669633 0.618423
vt 0.681140 0.618423
vt 0.681140 0.654167
vt 0.669633 0.654167
vt 0.669633 0.689912
vt 0.681140 0.689912
vt 0.681140 0.725656
vt 0.669633 0.725656
vt 0.681140 0.761400
vt 0.669633 0.761400
vt 0.681140 0.797145
vt 0.669633 0.797144
vt 0.669633 0.832889
vt 0.681140 0.832889
vt 0.003659 0.043038
vt 0.003659 0.028927
vt 0.073974 0.028926
vt 0.073974 0.043037
vt 0.121878 0.043037
vt 0.121878 0.028926
vt 0.003659 0.028927
vt 0.003659 0.043038
vt 0.073974 0.043037
vt 0.073974 0.028926
vt 0.121878 0.028926
vt 0.121878 0.043037
vt 0.665581 0.474080
vt 0.665581 0.613184
vt 0.420470 0.613184
vt 0.420380 0.187991
vt 0.665581 0.333525
vt 0.711254 0.473965
vt 0.711254 0.406823
vt 0.665581 0.187991
vt 0.711254 0.187991
vt 0.711254 0.260112
vt 0.612259 0.050119
vt 0.509247 0.050119
vt 0.509247 0.026986
vt 0.612259 0.026986
vt 0.664469 0.026986
vt 0.664473 0.050119
vt 0.996172 0.635716
vt 0.996172 0.580102
vt 0.968975 0.580102
vt 0.968929 0.635716
vt 0.940180 0.632170
vt 0.940179 0.583941
vt 0.204454 0.218357
vt 0.230326 0.218357
vt 0.230258 0.323660
vt 0.148817 0.323657
vt 0.174689 0.218357
vt 0.148817 0.218357
vt 0.189571 0.195377
vt 0.630396 0.668401
vt 0.614373 0.685750
vt 0.646418 0.685750
vt 0.630396 0.737797
vt 0.646418 0.720447
vt 0.614373 0.720448
vt 0.630396 0.668401
vt 0.646418 0.685750
vt 0.614373 0.685750
vt 0.630396 0.737797
vt 0.614373 0.720448
vt 0.646418 0.720447
vt 0.630396 0.668401
vt 0.646418 0.685750
vt 0.614373 0.685750
vt 0.630396 0.737797
vt 0.614373 0.720448
vt 0.646418 0.720447
vt 0.630396 0.668401
vt 0.614373 0.685750
vt 0.646418 0.685750
vt 0.630396 0.737797
vt 0.646418 0.720447
vt 0.614373 0.720448
vt 0.873745 0.671262
vt 0.997158 0.671262
vt 0.873745 0.750146
vt 0.805610 0.993522
vt 0.805610 0.750146
vt 0.997158 0.993522
vt 0.414186 0.672121
vt 0.427567 0.672121
vt 0.427567 0.994210
vt 0.414186 0.994210
vt 0.261215 0.994210
vt 0.261215 0.672121
vt 0.337747 0.429416
vt 0.578591 0.717284
vt 0.578108 0.694258
vt 0.587768 0.733658
vt 0.609468 0.714271
vt 0.600430 0.733066
vt 0.599668 0.675735
vt 0.608845 0.692108
vt 0.587006 0.676326
vt 0.316451 0.261537
vt 0.302457 0.299613
vt 0.311753 0.217582
vt 0.269872 0.199630
vt 0.291891 0.192670
vt 0.259823 0.282598
vt 0.255133 0.238643
vt 0.279685 0.307510
vt 0.996172 0.580102
vt 0.996172 0.635716
vt 0.968929 0.635716
vt 0.938587 0.635716
vt 0.938587 0.580102
vt 0.968929 0.580102
vt 0.996172 0.524621
vt 0.938587 0.524621
vt 0.968929 0.524621
vt 0.996172 0.469175
vt 0.938587 0.469175
vt 0.968929 0.469175
vt 0.996172 0.418225
vt 0.938587 0.418225
vt 0.968929 0.418225
vt 0.996172 0.365601
vt 0.938587 0.365601
vt 0.968929 0.365601
vt 0.996172 0.312638
vt 0.938587 0.312638
vt 0.968929 0.312638
vt 0.968929 0.250945
vt 0.996172 0.250945
vt 0.938587 0.250945
vn -1 -6.999999999999999E-06 9E-06
vn -1 -6.999999999999999E-06 9E-06
vn -1 -6.999999999999999E-06 9E-06
vn -1 1.4999999999999999E-05 -1.6E-05
vn -1 1.4999999999999999E-05 -1.6E-05
vn -1 1.4999999999999999E-05 -1.6E-05
vn -1 -1.4E-05 -1.1999999999999999E-05
vn -1 -1.4E-05 -1.1999999999999999E-05
vn -1 -1.4E-05 -1.1999999999999999E-05
vn -1 6E-06 5E-06
vn -1 6E-06 5E-06
vn -1 6E-06 5E-06
vn 1 0 0
vn 0.845081 -0.19041099999999997 0.499582
vn 0.856116 -0.17166599999999999 0.487438
vn 0.984807 -0.173652 1.0633118298276808E-17
vn 0.984807 -0.173652 1.0633118298276808E-17
vn 0.984807 -0.173652 1.0633118298276808E-17
vn -0.984807 0.173651 -1.0633057065936851E-17
vn -0.984807 0.173651 -1.0633057065936851E-17
vn -0.984807 0.173651 -1.0633057065936851E-17
vn 0.17365 0.984807 -6.030203701639537E-17
vn 0.17365 0.984807 -6.030203701639537E-17
vn 0.17365 0.984807 -6.030203701639537E-17
vn -0.17365 -0.984807 6.030203701639537E-17
vn -0.17365 -0.984807 6.030203701639537E-17
vn -0.17365 -0.984807 6.030203701639537E-17
vn -0.984808 0.173647 -1.0632812136577021E-17
vn -0.984808 0.173647 -1.0632812136577021E-17
vn -0.984808 0.173647 -1.0632812136577021E-17
vn 0.984807 -0.17365 1.0632995833596894E-17
vn 0.984807 -0.17365 1.0632995833596894E-17
vn 0.984807 -0.17365 1.0632995833596894E-17
vn -0.984807 0.173651 -1.0633057065936851E-17
vn -0.984807 0.173651 -1.0633057065936851E-17
vn -0.984807 0.173651 -1.0633057065936851E-17
vn 0.984808 -0.173647 1.0632812136577021E-17
vn 0.984808 -0.173647 1.0632812136577021E-17
vn 0.984808 -0.173647 1.0632812136577021E-17
vn -0.102799 -0.61125 0.784733
vn -0.102799 -0.61125 0.784733
vn -0.102799 -0.61125 0.784733
vn 0.114962 0.609094 0.784722
vn 0.114962 0.609094 0.784722
vn 0.114962 0.609094 0.784722
vn 0.17365 0.984807 -6.030203701639537E-17
vn 0.17365 0.984807 -6.030203701639537E-17
vn 0.17365 0.984807 -6.030203701639537E-17
vn -0.173644 -0.984809 6.030215948107529E-17
vn -0.173644 -0.984809 6.030215948107529E-17
vn -0.173644 -0.984809 6.030215948107529E-17
vn -0.984807 0.17365 -1.0632995833596894E-17
vn -0.984807 0.17365 -1.0632995833596894E-17
vn -0.984807 0.17365 -1.0632995833596894E-17
vn 0.984808 -0.173645 1.0632689671897107E-17
vn 0.984808 -0.173645 1.0632689671897107E-17
vn 0.984808 -0.173645 1.0632689671897107E-17
vn 0.971414 -0.011992999999999986 0.23709
vn 0.971414 -0.011992999999999986 0.23709
vn 0.971414 -0.011992999999999986 0.23709
vn 0.971212 -0.010740999999999987 0.237976
vn 0.971212 -0.010740999999999987 0.237976
vn 0.971212 -0.010740999999999987 0.237976
vn 1E-06 -0.707107 0.707106
vn -2E-06 -0.707103 0.707111
vn -1E-06 -0.3162269999999999 0.948684
vn -1E-06 -0.3162269999999999 0.948684
vn 1E-06 0.31622600000000006 0.948684
vn 0.1619 0.986807 -5.000000000060425E-06
vn -0.1619 -0.986807 -3.999999999939575E-06
vn 0.161691 0.986841 3.999999999939573E-06
vn -0.161691 -0.986841 5.000000000060427E-06
vn 0.1619 0.986807 -5.000000000060425E-06
vn 1.2E-05 1 -6.123233995736766E-17
vn 1.2E-05 1 -6.123233995736766E-17
vn 1.1E-05 0.894427 0.44721399999999994
vn 1.1E-05 0.894427 0.44721399999999994
vn 5E-06 0.44721400000000006 0.894427
vn -1.6E-05 -1 6.123233995736766E-17
vn -1.6E-05 -1 6.123233995736766E-17
vn -1.5E-05 -0.894427 0.44721400000000006
vn -1.5E-05 -0.894427 0.44721400000000006
vn -7E-06 -0.44721399999999994 0.894427
vn 2.2E-05 -1 1.0000000000612324E-06
vn 9E-06 -0.44721399999999994 0.894427
vn 1.9E-05 -0.894427 0.44721400000000006
vn 1.9E-05 -0.894427 0.44721400000000006
vn 2.2E-05 -1 1.0000000000612324E-06
vn -0.000172 1 -6.123233995736766E-17
vn -7.7E-05 0.44721400000000006 0.894427
vn -0.000154 0.894427 0.44721399999999994
vn -0.000154 0.894427 0.44721399999999994
vn -0.000172 1 -6.123233995736766E-17
vn -0.161789 -0.986826 6.04256651107693E-17
vn -0.16168 -0.986843 6.000000000060427E-06
vn -0.161789 -0.986826 6.04256651107693E-17
vn -0.161898 -0.986808 -4.999999999939576E-06
vn -0.752595 0.14965899999999996 -0.641252
vn -0.752596 0.14965199999999998 -0.641252
vn -0.752595 0.14965899999999996 -0.641252
vn -0.752593 0.14966699999999997 -0.641252
vn 0.746183 -0.14839200000000002 -0.648993
vn 0.746182 -0.14839400000000003 -0.648993
vn 0.746183 -0.14839200000000002 -0.648993
vn 0.746183 -0.14839000000000002 -0.648993
vn 0.14202 0.717129 -0.682317
vn 0.142606 0.717035 -0.682294
vn 0.14202 0.717129 -0.682317
vn 0.141433 0.717224 -0.682339
vn -0.153911 -0.777223 -0.610112
vn -0.153294 -0.777323 -0.61014
vn -0.153911 -0.777223 -0.610112
vn -0.154527 -0.777122 -0.610084
vn -0.030266 -0.08565199999999995 0.995865
vn -0.052875 -0.08443899999999994 0.995025
vn -0.030266 -0.08565199999999995 0.995865
vn -0.007641 -0.08682199999999994 0.996195
vn 1 -4E-06 4E-06
vn 1 -1.4999999999999999E-05 1.6E-05
vn 1 -4E-06 4E-06
vn 1 6.999999999999999E-06 -9E-06
vn -0.965355 -0.160004 -0.206128
vn -0.87817 -0.261152 -0.400771
vn -0.965355 -0.160004 -0.206128
vn -0.998752 -0.049941 3.0580042898108983E-18
vn 0.762803 0.610887 -0.21201000000000003
vn 0.700788 0.713369 -4.3681253123047413E-17
vn 0.762803 0.610887 -0.21201000000000003
vn 0.779586 0.472182 -0.41144800000000004
vn -0.988474 0.07895599999999998 -0.129173
vn -0.968797 0.03819199999999998 -0.244895
vn -0.988474 0.07895599999999998 -0.129173
vn -0.992888 0.118501 -0.011457000000000007
vn 0.970211 -0.07886999999999998 0.229062
vn 0.992813 -0.018986999999999993 0.118164
vn 0.970211 -0.07886999999999998 0.229062
vn 0.931704 -0.13745999999999997 0.336204
vn 0.996195 -0.087153 2.0000000000053366E-06
vn 0.996195 -0.087155 4.000000000005336E-06
vn 0.996195 -0.087153 2.0000000000053366E-06
vn 0.996195 -0.087151 5.3364596596245495E-18
vn 0.995761 -0.091944 -0.0027099999999999945
vn 0.995297 -0.096721 -0.005415999999999994
vn 0.995761 -0.091944 -0.0027099999999999945
vn 0.996194 -0.087163 -2.999999999994663E-06
vn 0 6.123233995736766E-17 1
vn 0 6.123233995736766E-17 1
vn 0 6.123233995736766E-17 1
vn 0 6.123233995736766E-17 1
vn -0.967627 0.07162900000000001 0.242008
vn -0.934231 0.0042590000000000214 0.356643
vn -0.967627 0.07162900000000001 0.242008
vn -0.982836 0.137653 0.12282499999999999
vn 1 4E-06 4E-06
vn 1 -6E-06 -5E-06
vn 1 4E-06 4E-06
vn 1 1.4E-05 1.1999999999999999E-05
vn 0.901196 0.433411 -6.0000000000265385E-06
vn -0.901196 -0.433411 -4.999999999973462E-06
vn 0.901106 0.433599 4.99999999997345E-06
vn -0.901106 -0.433598 6.00000000002655E-06
vn -0.901196 -0.433411 -4.999999999973462E-06
vn 0.901196 0.433411 -6.0000000000265385E-06
vn -0.901106 -0.433598 6.00000000002655E-06
vn 0.901106 0.433599 4.99999999997345E-06
vn -0.987618 -0.06320599999999998 0.14358
vn -0.939507 -0.07906199999999998 0.33328
vn -0.987618 -0.06320599999999998 0.14358
vn -0.997654 -0.044913 -0.051656
vn 0.737365 0.654088 0.16870799999999997
vn 0.788326 0.615259 -3.767374824983007E-17
vn 0.737365 0.654088 0.16870799999999997
vn 0.662391 0.671615 0.33192099999999997
vn -0.995485 0.094903 0.0018019999999999941
vn -0.995679 0.092402 0.009210999999999995
vn -0.995485 0.094903 0.0018019999999999941
vn -0.99523 0.097397 -0.005607000000000006
vn -0.996195 0.087156 -5.336765821324336E-18
vn -0.996195 0.087156 -5.336765821324336E-18
vn -0.996195 0.087156 -5.336765821324336E-18
vn -0.996195 0.087156 -5.336765821324336E-18
vn 0.958202 -0.052573000000000016 -0.281221
vn 0.981979 -0.133738 -0.133532
vn 0.958202 -0.052573000000000016 -0.281221
vn 0.90667 0.030113999999999974 -0.420764
vn 1E-06 0.31622600000000006 0.948684
vn -1E-06 -0.3162269999999999 0.948684
vn -1E-06 0.707107 0.707107
vn 2E-06 0.707102 0.707111
vn -0.164186 -0.931157 0.32556100000000004
vn -0.164186 -0.931157 0.32556100000000004
vn -0.164186 -0.931157 0.32556100000000004
vn -0.164186 -0.931157 0.32556100000000004
vn 0 6.123233995736766E-17 1
vn 0 6.123233995736766E-17 1
vn 0 6.123233995736766E-17 1
vn 0 6.123233995736766E-17 1
vn 0.16694 0.946765 0.27525999999999995
vn 0.166937 0.946764 0.2752629999999999
vn 0.16694 0.946765 0.27525999999999995
vn 0.166942 0.946765 0.2752569999999999
vn -0.16849 -0.955558 0.24190800000000007
vn -0.168488 -0.955558 0.24191100000000004
vn -0.16849 -0.955558 0.24190800000000007
vn -0.168492 -0.955559 0.24190500000000006
vn 0 6.123233995736766E-17 1
vn 0 6.123233995736766E-17 1
vn 0 6.123233995736766E-17 1
vn 0 6.123233995736766E-17 1
vn 0.966021 -0.010757999999999985 0.258238
vn -0.965965 0.010758999999999984 -0.258451
vn 0.966002 -0.008278999999999984 0.258402
vn -0.966018 0.008277999999999985 -0.258342
vn -0.966018 0.008277999999999985 -0.258342
vn 0.966002 -0.008278999999999984 0.258402
vn -0.965965 0.010758999999999984 -0.258451
vn 0.966021 -0.010757999999999985 0.258238
vn -0.17365 -0.984808 -2.999999999939698E-06
vn -0.173649 -0.984808 -2.999999999939698E-06
vn -0.17365 -0.984808 -2.999999999939698E-06
vn -0.17365 -0.984807 -2.999999999939698E-06
vn 0.845081 -0.19041099999999997 0.499582
vn 0.856116 -0.17166599999999999 0.487438
vn 0.856116 -0.17166599999999999 0.487438
vn 0.866621 -0.15281499999999998 0.47499
vn 0.208432 -0.44584099999999993 0.870507
vn 0.208446 -0.44583599999999995 0.870506
vn 0.208432 -0.44584099999999993 0.870507
vn 0.208419 -0.44584699999999994 0.870507
vn 0 6.123233995736766E-17 1
vn 0 6.123233995736766E-17 1
vn 0 6.123233995736766E-17 1
vn 0 6.123233995736766E-17 1
vn -0.906306 -0.422623 2.5878195209802595E-17
vn -0.906305 -0.422623 2.5878195209802595E-17
vn -0.906306 -0.422623 2.5878195209802595E-17
vn -0.906306 -0.422623 2.5878195209802595E-17
vn 0.906318 0.422597 -2.58766031689637E-17
vn 0.906318 0.422596 -2.5876541936623744E-17
vn 0.906318 0.422597 -2.58766031689637E-17
vn 0.906318 0.422597 -2.58766031689637E-17
vn 0.422711 -0.906264 0.0008080000000000555
vn 0.422712 -0.906264 0.0008170000000000555
vn 0.422711 -0.906264 0.0008080000000000555
vn 0.42271 -0.906265 0.0007980000000000555
vn -0.422629 0.906303 -4.10000000000555E-05
vn -0.422629 0.906303 -4.30000000000555E-05
vn -0.422629 0.906303 -4.10000000000555E-05
vn -0.422629 0.906303 -3.80000000000555E-05
vn -0.00016 0.00045200000000006124 1
vn -0.00016 0.00045200000000006124 1
vn -0.00016 0.00045200000000006124 1
vn -0.00016 0.00045200000000006124 1
vn 0 6.123233995736766E-17 1
vn 0 6.123233995736766E-17 1
vn 0 6.123233995736766E-17 1
vn 0 6.123233995736766E-17 1
vn -0.906309 -0.422616 2.587776658342289E-17
vn -0.906309 -0.422616 2.587776658342289E-17
vn -0.906309 -0.422616 2.587776658342289E-17
vn -0.906309 -0.422616 2.587776658342289E-17
vn 0.906315 0.422602 -2.5876909330663487E-17
vn 0.906315 0.422602 -2.5876909330663487E-17
vn 0.906315 0.422602 -2.5876909330663487E-17
vn 0.906315 0.422602 -2.5876909330663487E-17
vn -0.1619 -0.986807 -3.999999999939575E-06
vn 0.1619 0.986807 -5.000000000060425E-06
vn -0.161691 -0.986841 5.000000000060427E-06
vn 0.161691 0.986841 3.999999999939573E-06
vn -2E-06 -0.012038999999999939 0.999928
vn 3E-06 -0.011962999999999939 0.999928
vn -2E-06 -0.012038999999999939 0.999928
vn -7E-06 -0.01211499999999994 0.999927
vn 0.161789 0.986826 -6.04256651107693E-17
vn 0.161898 0.986808 4.999999999939576E-06
vn 0.161789 0.986826 -6.04256651107693E-17
vn 0.16168 0.986843 -6.000000000060427E-06
vn 0.066754 0.665735 0.743196
vn 0.059808 0.673738 0.736546
vn 0.066754 0.665735 0.743196
vn 0.073689 0.657628 0.74973
vn -0.069852 -0.653315 -0.753857
vn -0.056788 -0.66842 -0.741613
vn -0.069852 -0.653315 -0.753857
vn -0.082878 -0.637852 -0.765687
vn 0.014933 -0.08960699999999995 0.995865
vn -0.007551 -0.08682999999999995 0.996195
vn 0.014933 -0.08960699999999995 0.995865
vn 0.03741 -0.09233799999999995 0.995025
vn -0.003671 -0.09040699999999995 0.995898
vn -0.002386 -0.09234599999999994 0.995724
vn -0.003671 -0.09040699999999995 0.995898
vn -0.004955 -0.08846599999999995 0.996067
vn -0.057849 -0.749442 0.659538
vn -0.061107 -0.745872 0.663281
vn -0.057849 -0.749442 0.659538
vn -0.054588 -0.752984 0.655771
vn 0.087058 0.724746 -0.683494
vn 0.109615 0.69862 -0.707046
vn 0.087058 0.724746 -0.683494
vn 0.064349 0.749607 -0.658747
vn 0 6.123233995736766E-17 1
vn 0 6.123233995736766E-17 1
vn 0 6.123233995736766E-17 1
vn 0 6.123233995736766E-17 1
vn 0.999995 0.003204 -1.9618841722340597E-19
vn 0.999995 0.003204 -1.9618841722340597E-19
vn 0.999995 0.003204 -1.9618841722340597E-19
vn 0.999995 0.003204 -1.9618841722340597E-19
vn 0.817448 -0.14603899999999997 0.557181
vn 0.817448 -0.14603899999999997 0.557181
vn 0.817448 -0.14603899999999997 0.557181
vn 0.817448 -0.14603899999999997 0.557181
vn 0.847921 -0.14906699999999998 0.508733
vn 0.847653 -0.14946399999999999 0.509063
vn 0.847921 -0.14906699999999998 0.508733
vn 0.848189 -0.14866899999999997 0.508403
vn -0.984795 0.173722 -1.800000000001064E-05
vn -0.984792 0.173736 -1.0638261814833228E-17
vn -0.984795 0.173722 -1.800000000001064E-05
vn -0.984797 0.173707 -3.600000000001064E-05
vn -0.984807 0.17365 -1.0632995833596894E-17
vn -0.984807 0.17365 -1.0632995833596894E-17
vn -0.984807 0.17365 -1.0632995833596894E-17
vn -0.984807 0.17365 -1.0632995833596894E-17
vn 0.993685 0.11215 -0.003628000000000007
vn 0.99381 0.110852 -0.007256000000000007
vn 0.993685 0.11215 -0.003628000000000007
vn 0.993544 0.113446 -6.946564038803532E-18
vn 0.984808 -0.173649 5.600000000001063E-05
vn 0.984807 -0.173651 5.800000000001063E-05
vn 0.984808 -0.173649 5.600000000001063E-05
vn 0.984808 -0.173646 5.400000000001063E-05
vn 0.001824 0.999998 0.0011369999999999388
vn 0.00337 0.999992 0.002274999999999939
vn 0.001824 0.999998 0.0011369999999999388
vn 0.000278 1 -1.0000000000612324E-06
vn -0.001828 -0.999998 0.0011420000000000612
vn -0.00338 -0.999992 0.0022850000000000613
vn -0.001828 -0.999998 0.0011420000000000612
vn -0.000276 -1 6.123233995736766E-17
vn -0.001825 0.999998 0.0011379999999999388
vn -0.000279 1 -6.123233995736766E-17
vn -0.001825 0.999998 0.0011379999999999388
vn -0.003371 0.999992 0.002274999999999939
vn -0.17365 -0.984808 -8.999999999939698E-06
vn -0.173647 -0.984808 -9.999999999939699E-06
vn -0.17365 -0.984808 -8.999999999939698E-06
vn -0.173652 -0.984807 -8.999999999939698E-06
vn -1 -1E-05 6.123233995736766E-22
vn -1 -1E-05 6.123233995736766E-22
vn -1 -1E-05 6.123233995736766E-22
vn -1 -1E-05 6.123233995736766E-22
vn 5E-06 0.44721400000000006 0.894427
vn 1.1E-05 0.894427 0.44721399999999994
vn -7E-06 -0.44721399999999994 0.894427
vn -1.5E-05 -0.894427 0.44721400000000006
vn -0.999997 -0.002471 1.513051120346555E-19
vn -0.999997 -0.002471 1.513051120346555E-19
vn -0.999997 -0.002471 1.513051120346555E-19
vn -0.999997 -0.002471 1.513051120346555E-19
vn 0 -1 6.123233995736766E-17
vn 0 -1 6.123233995736766E-17
vn 0 -1 6.123233995736766E-17
vn 0 -1 6.123233995736766E-17
vn 0 6.123233995736766E-17 1
vn 0 6.123233995736766E-17 1
vn 0 6.123233995736766E-17 1
vn 0 6.123233995736766E-17 1
vn -0.733505 0.12945599999999996 -0.667241
vn -0.733554 0.12934699999999996 -0.667209
vn -0.733505 0.12945599999999996 -0.667241
vn -0.733456 0.12956499999999999 -0.667274
vn -0.733554 0.12934299999999999 -0.66721
vn -0.733552 0.12934699999999996 -0.667211
vn -0.733554 0.12934299999999999 -0.66721
vn -0.733556 0.12933899999999998 -0.667209
vn 0.817448 -0.14603899999999997 0.557181
vn 0.817448 -0.14603899999999997 0.557181
vn 0.817448 -0.14603899999999997 0.557181
vn 0.817448 -0.14603899999999997 0.557181
vn 0.155036 0.879272 -0.45038200000000006
vn 0.155037 0.879272 -0.45038200000000006
vn 0.155036 0.879272 -0.45038200000000006
vn 0.155036 0.879272 -0.45038200000000006
vn 0.155036 0.879272 -0.45038300000000003
vn 0.15504 0.879271 -0.45038400000000006
vn 0.155036 0.879272 -0.45038300000000003
vn 0.155032 0.879273 -0.45038200000000006
vn 0.155047 0.87927 -0.45038300000000003
vn 0.155047 0.87927 -0.45038300000000003
vn 0.155047 0.87927 -0.45038300000000003
vn 0.155046 0.87927 -0.45038300000000003
vn 0.984808 -0.173645 1.0632689671897107E-17
vn 0.984808 -0.173645 1.0632689671897107E-17
vn 0.984808 -0.173645 1.0632689671897107E-17
vn 0.984808 -0.173645 1.0632689671897107E-17
vn -0.820784 0.14346300000000003 0.552931
vn -0.820636 0.14217900000000003 0.553481
vn -0.820784 0.14346300000000003 0.552931
vn -0.820929 0.14474600000000004 0.55238
vn 0.984807 -0.17365 1.0632995833596894E-17
vn 0.984807 -0.17365 1.0632995833596894E-17
vn 0.984807 -0.17365 1.0632995833596894E-17
vn 0.984807 -0.17365 1.0632995833596894E-17
vn -0 1 9.999999999387675E-07
vn -0 1 9.999999999387675E-07
vn -0 1 9.999999999387675E-07
vn -0 1 9.999999999387675E-07
vn -0.992389 -0.122992 0.006043000000000008
vn -0.992138 -0.125147 7.663043648644692E-18
vn -0.992389 -0.122992 0.006043000000000008
vn -0.992599 -0.120833 0.012085000000000007
vn -0.984807 0.173651 -0.00011300000000001063
vn -0.984807 0.173651 -0.00011200000000001064
vn -0.984807 0.173651 -0.00011300000000001063
vn -0.984807 0.173651 -0.00011300000000001063
vn 0 6.123233995736766E-17 1
vn 0 6.123233995736766E-17 1
vn 0 6.123233995736766E-17 1
vn 0 6.123233995736766E-17 1
vn 0.173649 0.984808 -6.030209824873533E-17
vn 0.173649 0.984808 -6.030209824873533E-17
vn 0.173649 0.984808 -6.030209824873533E-17
vn 0.173649 0.984808 -6.030209824873533E-17
vn 0.001818 -0.999998 0.0011150000000000613
vn 0.000265 -1 -9.999999999938769E-06
vn 0.001818 -0.999998 0.0011150000000000613
vn 0.003371 -0.999992 0.002240000000000061
vn 0.173653 0.984807 1.89999999999397E-05
vn 0.173659 0.984806 1.99999999999397E-05
vn 0.173653 0.984807 1.89999999999397E-05
vn 0.173646 0.984808 1.6999999999939698E-05
vn -1 -6E-06 -6E-06
vn -1 1.999999999999999E-06 -1.2E-05
vn -1 -6E-06 -6E-06
vn -1 -1.4E-05 8.572527594031472E-22
vn 9E-06 -0.44721399999999994 0.894427
vn -0.000154 0.894427 0.44721399999999994
vn -7.7E-05 0.44721400000000006 0.894427
vn 1.9E-05 -0.894427 0.44721400000000006
vn 0.999999 0.001742 -1.0666673620573447E-19
vn 0.999999 0.001742 -1.0666673620573447E-19
vn 0.999999 0.001742 -1.0666673620573447E-19
vn 0.999999 0.001742 -1.0666673620573447E-19
vn 0 6.123233995736766E-17 1
vn 0 6.123233995736766E-17 1
vn 0 6.123233995736766E-17 1
vn 0 6.123233995736766E-17 1
vn -0.733544 0.12920599999999996 -0.667247
vn -0.733486 0.12933599999999998 -0.667286
vn -0.733544 0.12920599999999996 -0.667247
vn -0.733602 0.12907599999999997 -0.667208
vn 0.817406 -0.14287599999999998 0.558063
vn 0.816828 -0.14402999999999996 0.558612
vn 0.817406 -0.14287599999999998 0.558063
vn 0.817982 -0.14172099999999999 0.557513
vn -0.819208 0.14132000000000003 0.555812
vn -0.819208 0.14132000000000003 0.555812
vn -0.819208 0.14132000000000003 0.555812
vn -0.819208 0.14132000000000003 0.555812
vn 0.155042 0.879271 -0.45038200000000006
vn 0.155041 0.879272 -0.45038200000000006
vn 0.155042 0.879271 -0.45038200000000006
vn 0.155044 0.879271 -0.45038200000000006
vn -0.984807 0.17365 -1.0632995833596894E-17
vn -0.984807 0.17365 -1.0632995833596894E-17
vn -0.984807 0.17365 -1.0632995833596894E-17
vn -0.984807 0.17365 -1.0632995833596894E-17
vn -0.819208 0.14132000000000003 0.555812
vn -0.819208 0.14132000000000003 0.555812
vn -0.819208 0.14132000000000003 0.555812
vn -0.819208 0.14132000000000003 0.555812
vn 0.170941 0.985236 -0.009485000000000061
vn 0.17362 0.984643 -0.01827300000000006
vn 0.170941 0.985236 -0.009485000000000061
vn 0.168248 0.985745 -0.0006960000000000604
vn -0 -0.21316199999999993 0.977017
vn -0 -0.21316199999999993 0.977017
vn -0 -0.21316199999999993 0.977017
vn 0 -0.21316199999999993 0.977017
vn -2E-06 -0.902248 0.4312170000000001
vn -2E-06 -0.902248 0.4312170000000001
vn -2E-06 -0.902248 0.4312170000000001
vn -1E-06 -0.902248 0.43121800000000005
vn -3E-06 0.98628 0.16507899999999995
vn 5E-06 0.986281 0.16507399999999994
vn -3E-06 0.98628 0.16507899999999995
vn -1.1E-05 0.98628 0.16508299999999995
vn 1 -0.000295 1.806354028742346E-20
vn 1 -0.000295 1.806354028742346E-20
vn 1 -0.000295 1.806354028742346E-20
vn 1 -0.000295 1.806354028742346E-20
vn -0.958382 -0.285489 1.000000000017481E-06
vn -0.958382 -0.285489 1.7481159502088934E-17
vn -0.958382 -0.285489 1.000000000017481E-06
vn -0.958382 -0.285489 1.000000000017481E-06
vn 0 6.123233995736766E-17 1
vn 0 6.123233995736766E-17 1
vn 0 6.123233995736766E-17 1
vn 0 6.123233995736766E-17 1
vn -0.971313 0.011366999999999986 -0.237533
vn -0.971414 0.011992999999999986 -0.23709
vn -0.971313 0.011366999999999986 -0.237533
vn -0.971212 0.010740999999999987 -0.237976
vn 0 6.123233995736766E-17 1
vn 0 6.123233995736766E-17 1
vn 0 6.123233995736766E-17 1
vn 0 6.123233995736766E-17 1
vn 0.173054 0.984912 -0.0001580000000000603
vn 0.172454 0.985018 -0.00030400000000006035
vn 0.173054 0.984912 -0.0001580000000000603
vn 0.173653 0.984807 -1.2000000000060302E-05
vn 0.984808 -0.173648 1.063287336891698E-17
vn 0.984808 -0.173649 -9.99999999989367E-07
vn 0.984808 -0.173648 1.063287336891698E-17
vn 0.984808 -0.173648 1.063287336891698E-17
vn 0.519248 -0.09155799999999994 0.849705
vn 0.519248 -0.09155799999999994 0.849705
vn 0.519248 -0.09155799999999994 0.849705
vn 0.519248 -0.09155799999999994 0.849705
vn -0.001492 0.999999 -1.0000000000612322E-06
vn -0.001491 0.999999 -3.0000000000612325E-06
vn -0.001492 0.999999 -1.0000000000612322E-06
vn -0.001492 0.999999 -6.12322787250277E-17
vn -0.46437 -0.36560499999999996 0.806656
vn -0.586755 -0.17613999999999994 0.790375
vn -0.46437 -0.36560499999999996 0.806656
vn -0.318237 -0.536373 0.781683
vn -0.984808 0.173648 -1.063287336891698E-17
vn -0.984808 0.173648 -1.063287336891698E-17
vn -0.984808 0.173648 -1.063287336891698E-17
vn -0.984808 0.173648 -1.063287336891698E-17
vn 0.984808 -0.173647 1.0632812136577021E-17
vn 0.984808 -0.173647 1.0632812136577021E-17
vn 0.984808 -0.173647 1.0632812136577021E-17
vn 0.984808 -0.173647 1.0632812136577021E-17
vn 0 6.123233995736766E-17 1
vn 0 6.123233995736766E-17 1
vn 0 6.123233995736766E-17 1
vn 0 6.123233995736766E-17 1
vn -0.984808 0.173649 -1.0632934601256937E-17
vn -0.984808 0.173649 -1.0632934601256937E-17
vn -0.984808 0.173649 -1.0632934601256937E-17
vn -0.984808 0.173649 -1.0632934601256937E-17
vn -0.173647 -0.984808 6.030209824873533E-17
vn -0.173647 -0.984808 6.030209824873533E-17
vn -0.173647 -0.984808 6.030209824873533E-17
vn -0.173647 -0.984808 6.030209824873533E-17
vn -1 -0.001012 6.196712803685608E-20
vn -1 -0.001012 6.196712803685608E-20
vn -1 -0.001012 6.196712803685608E-20
vn -1 -0.001012 6.196712803685608E-20
vn 0 6.123233995736766E-17 1
vn 0 6.123233995736766E-17 1
vn 0 6.123233995736766E-17 1
vn 0 6.123233995736766E-17 1
vn -0.002504 0.999997 9.999999999387677E-07
vn -0.002504 0.999997 9.999999999387677E-07
vn -0.002504 0.999997 9.999999999387677E-07
vn -0.002504 0.999997 9.999999999387677E-07
vn -0.984808 0.173646 -1.0632750904237064E-17
vn -0.984808 0.173646 -1.0632750904237064E-17
vn -0.984808 0.173646 -1.0632750904237064E-17
vn -0.984808 0.173646 -1.0632750904237064E-17
vn -0.173646 -0.984808 6.030209824873533E-17
vn -0.173646 -0.984808 6.030209824873533E-17
vn -0.173646 -0.984808 6.030209824873533E-17
vn -0.173646 -0.984808 6.030209824873533E-17
vn 0.984808 -0.173649 1.0632934601256937E-17
vn 0.984808 -0.173649 1.0632934601256937E-17
vn 0.984808 -0.173649 1.0632934601256937E-17
vn 0.984808 -0.173649 1.0632934601256937E-17
vn 0.173649 0.984808 -6.030209824873533E-17
vn 0.173649 0.984808 -6.030209824873533E-17
vn 0.173649 0.984808 -6.030209824873533E-17
vn 0.173649 0.984808 -6.030209824873533E-17
vn -0.983219 0.173368 0.056782999999999986
vn -0.983219 0.173368 0.056782999999999986
vn -0.983219 0.173368 0.056782999999999986
vn -0.983219 0.173367 0.056782999999999986
vn -0.17337 -0.983229 0.056598000000000065
vn -0.17337 -0.983229 0.056598000000000065
vn -0.17337 -0.983229 0.056598000000000065
vn -0.17337 -0.983229 0.05659900000000006
vn 0.983719 -0.170799 0.05589200000000001
vn 0.983301 -0.173383 0.055298000000000014
vn 0.983719 -0.170799 0.05589200000000001
vn 0.984131 -0.168213 0.05648600000000001
vn -0.724585 0.12776400000000002 0.677239
vn -0.724585 0.12776300000000002 0.677239
vn -0.724585 0.12776400000000002 0.677239
vn -0.724586 0.12776400000000002 0.677239
vn -0.127738 -0.724439 0.6774
vn -0.127738 -0.72444 0.677399
vn -0.127738 -0.724439 0.6774
vn -0.127737 -0.724439 0.677401
vn 0.72259 -0.12546599999999997 0.679796
vn 0.720588 -0.12316699999999996 0.682337
vn 0.72259 -0.12546599999999997 0.679796
vn 0.724581 -0.12776299999999996 0.677244
vn -0.173648 -0.984808 6.030209824873533E-17
vn -0.173648 -0.984808 6.030209824873533E-17
vn -0.173648 -0.984808 6.030209824873533E-17
vn -0.173648 -0.984808 6.030209824873533E-17
vn 0.18254 0.983197 -0.0014730000000000602
vn 0.191414 0.981505 -0.00294600000000006
vn 0.18254 0.983197 -0.0014730000000000602
vn 0.173651 0.984807 -6.030203701639537E-17
vn 0.984808 -0.173648 1.063287336891698E-17
vn 0.984808 -0.173648 1.063287336891698E-17
vn 0.984808 -0.173648 1.063287336891698E-17
vn 0.984808 -0.173648 1.063287336891698E-17
vn -0.999995 -0.003205 1.9624964956336336E-19
vn -0.999995 -0.003204 1.9618841722340597E-19
vn -0.999995 -0.003205 1.9624964956336336E-19
vn -0.999995 -0.003207 1.0000000000001963E-06
vn 0.431495 5.523861236064073E-17 0.902115
vn 0.431496 5.523861236064073E-17 0.902115
vn 0.157449 6.046858898107942E-17 0.987527
vn -0.157451 6.046858898107942E-17 0.987527
vn -0.431497 5.5238551128300765E-17 0.902114
vn -0.431497 5.5238551128300765E-17 0.902114
vn 0.752594 -0.14965899999999996 0.641252
vn 0.752593 -0.14966699999999997 0.641252
vn 0.791258 -0.15734499999999998 0.590893
vn 0.826824 -0.16441199999999997 0.537895
vn 0.858855 -0.17078099999999996 0.48291
vn 0.858855 -0.17078099999999996 0.48291
vn -0.746183 0.14839200000000002 0.648993
vn -0.746183 0.14839000000000002 0.648993
vn -0.786791 0.15646800000000002 0.597057
vn -0.824086 0.16388600000000003 0.54224
vn -0.857572 0.17054600000000003 0.485267
vn -0.857572 0.17054600000000003 0.485267
vn 0.221466 -0.905517 -0.36192899999999995
vn 0.221465 -0.905517 -0.3619299999999999
vn 0.336402 -0.867103 -0.3673759999999999
vn 0.448005 -0.815062 -0.36737699999999995
vn 0.55131 -0.751707 -0.36193099999999995
vn 0.551309 -0.751707 -0.3619319999999999
vn 0.977513 -0.172358 0.12149200000000002
vn 0.975041 -0.194823 0.10648100000000002
vn 0.972844 -0.186816 0.136656
vn 0.970336 -0.194025 0.144228
vn 0.965591 -0.170259 0.196583
vn -0.977513 0.172361 0.12149099999999999
vn -0.976401 0.136317 0.16751
vn -0.982436 0.149267 0.11197299999999999
vn -0.984673 0.13761 0.10715699999999999
vn -0.984807 0.173654 -1.3000000000010633E-05
vn 0.55131 -0.751705 0.36193500000000006
vn 0.55131 -0.751705 0.36193500000000006
vn 0.448004 -0.81506 0.36738200000000004
vn 0.336401 -0.867102 0.36738100000000007
vn 0.221464 -0.905515 0.36193300000000006
vn 0.221464 -0.905516 0.36193200000000003
vn 0.431494 5.5238673592980685E-17 0.902116
vn 0.431495 5.5238673592980685E-17 0.902116
vn 0.157449 6.046858898107942E-17 0.987527
vn -0.15745 6.046858898107942E-17 0.987527
vn -0.431496 5.523861236064073E-17 0.902115
vn -0.431496 -9.999999999447613E-07 0.902115
vn -0.18494 0.39660400000000007 0.899168
vn -0.138895 0.38791300000000006 0.91117
vn -0.175561 0.3718910000000001 0.911524
vn -0.1708 0.35937500000000006 0.91743
vn -0.247964 0.33809800000000007 0.907856
vn 0.173648 0.984808 -6.030209824873533E-17
vn 0.173648 0.984808 -1.0000000000603021E-06
vn 0.173648 0.984808 -6.030209824873533E-17
vn 0.173648 0.984808 -1.0000000000603021E-06
vn 0.173648 0.984808 -6.030209824873533E-17
vn 0.173644 0.984809 -6.030215948107529E-17
vn 0.173645 0.984808 -6.030209824873533E-17
vn 0.173646 0.984808 -6.030209824873533E-17
vn 0.173648 0.984808 -6.030209824873533E-17
vn 0.173649 0.984808 -6.030209824873533E-17
vn 0.173648 0.984808 -6.030209824873533E-17
vn 0.173648 0.984808 -6.030209824873533E-17
vn 0.173648 0.984808 -6.030209824873533E-17
vn 0.173648 0.984808 -6.030209824873533E-17
vn 0.173648 0.984808 -6.030209824873533E-17
vn 0.173649 0.984808 -6.030209824873533E-17
vn 0.173649 0.984808 -6.030209824873533E-17
vn 0.173649 0.984808 -6.030209824873533E-17
vn 0.173649 0.984808 -6.030209824873533E-17
vn 0.173649 0.984808 -6.030209824873533E-17
vn -0.235396 0.566417 0.789785
vn -0.235925 0.565895 0.790001
vn -0.30311 0.525655 0.794866
vn -0.369259 0.48110800000000004 0.795099
vn -0.4784 0.37339900000000004 0.7948
vn -0.521376 0.31021800000000005 0.794942
vn -0.561067 0.24616300000000005 0.790321
vn -0.561027 0.24576200000000006 0.790474
vn -0.917707 0.397258 0.0008039999999999757
vn -0.917883 0.396848 0.0016069999999999756
vn -0.86105 0.50852 0.0005439999999999689
vn -0.789652 0.613555 -3.756940834254271E-17
vn -0.609404 0.79286 -4.8548673058598527E-17
vn -0.499388 0.866378 -5.000000000053051E-06
vn -0.29125 0.956647 -4.000000000058577E-06
vn -0.382732 0.923859 -8.00000000005657E-06
vn -0.129831 0.991536 -6.07140694319685E-17
vn 0.129721 0.991551 -6.071498791706786E-17
vn 0.2595 0.965743 -5.913470368744812E-17
vn 0.382636 0.923899 -5.657249765427202E-17
vn 0.382637 0.923899 -5.657249765427202E-17
vn 0.923857 0.382737 -2.3435882098263026E-17
vn 0.923857 0.382737 -2.3435882098263026E-17
vn 0.866375 0.499394 -3.0579063180669666E-17
vn 0.792858 0.609407 -3.7315416596399554E-17
vn 0.707067 0.707146 -4.330020427149271E-17
vn 0.707067 0.707146 -4.330020427149271E-17
vn -0.957542 -0.288295 1.7652977448009313E-17
vn -0.957542 -0.288295 1.7652977448009313E-17
vn -0.898142 -0.439705 2.6924166040954347E-17
vn -0.81235 -0.58317 3.57088636929381E-17
vn -0.60932 -0.792924 4.8552591928355794E-17
vn -0.499297 -0.866431 5.3053597541602016E-17
vn -0.256893 -0.96644 5.91773826283984E-17
vn -0.126977 -0.991903 -0.0024239999999999392
vn 0.128726 -0.991663 -0.005901999999999939
vn 0.255756 -0.966723 -0.005906999999999941
vn 0.495943 -0.868348 -0.0034889999999999466
vn 0.609405 -0.792859 4.8548611826258563E-17
vn 0.764849 -0.556537 0.3244580000000001
vn 0.893865 -0.448337 2.7452723599466343E-17
vn 0.851499 -0.270786 0.449027
vn -0.010421 0.0009120000000000613 0.999945
vn 0.953319 -0.301964 1.8489962302886568E-17
vn -0.039399 -0.22344000000000006 -0.973921
vn -0.099461 -0.564066 -0.819718
vn -0.099461 -0.564066 -0.819718
vn 0.039369 0.22326999999999994 -0.973961
vn 0.099436 0.563923 -0.819819
vn 0.099436 0.563923 -0.819819
vn 0.999215 -0.039349 0.004608000000000003
vn 0.997284 -0.073648 1.800000000000451E-05
vn 0.997264 -0.073918 0.0007060000000000046
vn 0.999923 -0.005775999999999999 0.010991
vn 0.999471 0.02844 0.015768999999999995
vn 0.999454 0.026948 0.019145
vn -0.999927 0.0044469999999999996 -0.011259
vn -0.999239 -0.033366 -0.020217999999999996
vn -0.999414 -0.030162 -0.016156999999999998
vn -0.999176 0.040338 -0.004505000000000003
vn -0.997264 0.073917 -0.0007020000000000046
vn -0.997245 0.074185 1.7999999999995457E-05
vn -1E-05 -0.755931 0.654651
vn -2E-06 0.18898400000000007 0.98198
vn -5E-06 -0.18898399999999996 0.98198
vn -1.1E-05 -0.944912 0.32732500000000003
vn -9E-06 -0.944911 -0.3273269999999999
vn -5E-06 -0.755928 -0.654654
vn 1E-06 -0.18898100000000007 -0.981981
vn 4E-06 0.18898199999999996 -0.981981
vn 6E-06 0.866025 -0.5
vn 6E-06 0.866025 -0.5
vn 4E-06 0.866027 0.49999799999999994
vn 3E-06 0.866026 0.49999799999999994
vn -2E-06 0.18898400000000007 0.98198
vn -5E-06 -0.18898399999999996 0.98198
vn 0.03954 0.22424099999999994 -0.973731
vn 0.099762 0.56577 -0.818506
vn 0.09976 0.565772 -0.818505
vn -0.039611 -0.22465300000000005 -0.973633
vn -0.09982 -0.566119 -0.818258
vn -0.099819 -0.566119 -0.818258
vn -4E-06 6.123233995736766E-17 1
vn -3E-06 6.123233995736766E-17 1
vn 4E-06 -0.866027 0.49999800000000005
vn 3E-06 -0.866026 0.4999990000000001
vn 6E-06 -0.866025 -0.49999999999999994
vn 6E-06 -0.866025 -0.49999999999999994
vn 3E-06 -0.18898200000000007 -0.981981
vn 0 0.18898099999999995 -0.981981
vn -5E-06 0.755928 -0.654654
vn -9E-06 0.944911 -0.32732700000000003
vn -1.1E-05 0.866027 0.49999799999999994
vn -1.1E-05 0.866027 0.49999799999999994
vn -4E-06 6.123233995736766E-17 1
vn -3E-06 6.123233995736766E-17 1
vn -0.14202 -0.717132 0.682313
vn -0.141442 -0.717268 0.68229
vn -0.157459 -0.79326 0.588171
vn -0.157753 -0.793192 0.588184
vn -0.170553 -0.85757 0.48526800000000003
vn -0.170549 -0.857571 0.48526800000000003
vn 0.153911 0.777226 0.610108
vn 0.153303 0.777368 0.610079
vn 0.162819 0.820415 0.548096
vn 0.163121 0.820345 0.548111
vn 0.170783 0.858854 0.4829109999999999
vn 0.170787 0.858853 0.4829109999999999
vn -0.786863 0.13897100000000004 0.601276
vn -0.849437 0.14977900000000002 0.505987
vn -0.849297 0.15019600000000002 0.506098
vn -0.849173 0.14373200000000003 0.50818
vn -0.661515 0.10960200000000005 0.741879
vn -0.537009 0.09468800000000005 0.838245
vn -0.537008 0.09468700000000005 0.838246
vn -0.725699 0.10685000000000004 0.679665
vn -0.553731 0.08643200000000005 0.828198
vn -0.53701 0.09468900000000005 0.838245
vn -7.9E-05 0.20536300000000005 0.978686
vn 1E-06 -0.0012219999999999388 0.999999
vn 1E-06 -0.0012219999999999388 0.999999
vn -0.000155 0.20537800000000006 0.978683
vn -0.000155 0.40309000000000006 0.91516
vn -4E-06 0.40306100000000006 0.915173
vn 0.568678 0.667384 0.48083699999999996
vn 0.853005 0.19392600000000002 0.484535
vn 0.963454 0.219206 0.153966
vn 0.423263 0.89313 0.15221099999999996
vn 0.565391 0.662431 -0.4914450000000001
vn 0.373722 0.08492799999999995 -0.923644
vn -0.984808 0.173648 -7.000000000010633E-06
vn -0.984807 0.173652 -9.000000000010634E-06
vn -0.984807 0.173651 -1.0000000000010634E-05
vn -0.984808 0.173648 -9.000000000010634E-06
vn -0.984808 0.173647 -5.000000000010633E-06
vn -0.984808 0.173648 -9.000000000010634E-06
vn -0.984808 0.173646 -1.0632750904237064E-17
vn 1 0 0
vn 1 0 0
vn 1 0 0
vn 1 0 0
vn 1 0 0
vn 1 0 0
vn -1 2E-06 -1.0000000000000002E-06
vn -1 1E-06 -6.123233995736766E-23
vn -1 1E-06 -6.123233995736766E-23
vn -1 0 -0
vn -1 -6.123233995736766E-23 -1E-06
vn -1 0 0
vn 1 0 0
vn 1 0 0
vn 1 0 0
vn 1 0 0
vn 1 0 0
vn 1 0 0
vn -1 -6.123233995736766E-23 -1E-06
vn -1 0 -0
vn -1 0 -0
vn -1 1E-06 -6.123233995736766E-23
vn -1 1E-06 -6.123233995736766E-23
vn -1 1E-06 -6.123233995736766E-23
vn 0.984808 -0.173648 1.063287336891698E-17
vn 0.984808 -0.173648 1.063287336891698E-17
vn 0.984808 -0.173648 1.063287336891698E-17
vn 0.984808 -0.173648 1.063287336891698E-17
vn 0.984808 -0.173648 1.063287336891698E-17
vn 0.984808 -0.173648 1.063287336891698E-17
vn -0.106386 -0.994325 6.08848464281096E-17
vn -0.004574 -0.99999 6.123172763396809E-17
vn -0.004574 -0.99999 6.123172763396809E-17
vn -0.089433 -0.995993 6.098698197115849E-17
vn -0.173648 -0.984808 6.030209824873533E-17
vn -0.173648 -0.984808 6.030209824873533E-17
vn -0.173648 -0.984808 6.030209824873533E-17
vn -0.572229 -0.656158 -0.49194599999999994
vn -0.515544 -0.037328000000000056 -0.85605
vn 0.036147 -0.610225 -0.791403
vn 0.373722 0.08492799999999995 -0.923644
vn 0.755408 -0.490499 -0.43447699999999995
vn -0.036097 0.610755 -0.790997
vn 0.565391 0.662431 -0.4914450000000001
vn -0.651988 0.575602 -0.4935530000000001
vn -0.001193 0.0017750000000000613 0.999998
vn -0.000117 -6.199999999993877E-05 1
vn -0.000249 0.0008250000000000613 1
vn 0.000298 5.900000000006123E-05 1
vn -2E-06 -7.999999999938768E-06 1
vn 9.8E-05 -0.0009119999999999388 1
vn 1.7E-05 -7.999999999938768E-06 1
vn -0.000452 -0.002273999999999939 0.999997
vn -0.051398 0.87617 0.47925399999999996
vn 0.568678 0.667384 0.48083699999999996
vn 0.423263 0.89313 0.15221099999999996
vn 0.565391 0.662431 -0.4914450000000001
vn -0.036097 0.610755 -0.790997
vn -0.322711 0.934189 0.15214599999999995
vn -0.657555 0.580586 0.48014799999999996
vn -0.651988 0.575602 -0.4935530000000001
vn -0.892831 0.423873 0.15226299999999998
vn -0.875083 -0.06336599999999998 0.479807
vn -0.515544 -0.037328000000000056 -0.85605
vn -0.929229 -0.336083 0.15356300000000003
vn -0.575573 -0.660818 0.4817000000000001
vn -0.572229 -0.656158 -0.49194599999999994
vn -0.427733 -0.890856 0.15303500000000006
vn 0.051392 -0.874732 0.4818740000000001
vn 0.036147 -0.610225 -0.791403
vn 0.322821 -0.934003 0.15305500000000005
vn 0.733309 -0.47594999999999993 0.48552000000000006
vn 0.755408 -0.490499 -0.43447699999999995
vn 0.828645 -0.538123 0.15418000000000004
vn 0.963454 0.219206 0.153966
vn 0.853005 0.19392600000000002 0.484535
vn 0.373722 0.08492799999999995 -0.923644
g 01
f 1/1/1 2/2/2 3/3/3
f 4/4/4 5/5/5 6/6/6
f 7/7/7 8/8/8 9/9/9
f 10/10/10 11/11/11 12/12/12
f 13/13/13 14/14/14 15/15/15
f 16/16/16 17/17/17 18/18/18
f 19/19/19 20/20/20 21/21/21
f 22/22/22 23/23/23 24/24/24
f 25/25/25 26/26/26 27/27/27
f 28/28/28 29/29/29 30/30/30
f 31/31/31 32/32/32 33/33/33
f 34/34/34 35/35/35 36/36/36
f 37/37/37 38/38/38 39/39/39
f 40/40/40 41/41/41 42/42/42
f 43/43/43 44/44/44 45/45/45
f 46/46/46 47/47/47 48/48/48
f 49/49/49 50/50/50 51/51/51
f 52/52/52 53/53/53 54/54/54
f 55/55/55 56/56/56 57/57/57
f 58/58/58 59/59/59 60/60/60
f 61/61/61 62/62/62 63/63/63
f 64/64/64 65/65/65 66/66/66
f 67/67/67 68/68/68 64/64/64
f 69/69/69 70/70/70 71/71/71
f 71/71/71 72/72/72 73/73/73
f 74/74/74 75/75/75 76/76/76
f 77/77/77 78/78/78 74/74/74
f 79/79/79 80/80/80 81/81/81
f 82/82/82 83/83/83 79/79/79
f 84/84/84 85/85/85 86/86/86
f 87/87/87 88/88/88 84/84/84
f 89/89/89 90/90/90 91/91/91
f 92/92/92 93/93/93 89/89/89
f 94/94/94 95/95/95 96/96/96
f 96/96/96 97/97/97 94/94/94
f 98/98/98 99/99/99 100/100/100
f 100/100/100 101/101/101 98/98/98
f 102/102/102 103/103/103 104/104/104
f 104/104/104 105/105/105 102/102/102
f 106/106/106 107/107/107 108/108/108
f 108/108/108 109/109/109 106/106/106
f 110/110/110 111/111/111 112/112/112
f 112/112/112 113/113/113 110/110/110
f 114/114/114 115/115/115 116/116/116
f 116/116/116 117/117/117 114/114/114
f 118/118/118 119/119/119 120/120/120
f 120/120/120 121/121/121 118/118/118
f 122/122/122 123/123/123 124/124/124
f 124/124/124 125/125/125 122/122/122
f 126/126/126 127/127/127 128/128/128
f 128/128/128 129/129/129 126/126/126
f 130/130/130 131/131/131 132/132/132
f 132/132/132 133/133/133 130/130/130
f 134/134/134 135/135/135 136/136/136
f 136/136/136 137/137/137 134/134/134
f 138/138/138 139/139/139 140/140/140
f 140/140/140 141/141/141 138/138/138
f 142/142/142 143/143/143 144/144/144
f 144/144/144 145/145/145 142/142/142
f 146/146/146 147/147/147 148/148/148
f 148/148/148 149/149/149 146/146/146
f 150/150/150 151/151/151 152/152/152
f 152/152/152 153/153/153 150/150/150
f 154/154/154 155/155/155 156/156/156
f 156/156/156 157/157/157 154/154/154
f 158/158/158 159/159/159 160/160/160
f 160/160/160 161/161/161 158/158/158
f 162/162/162 163/163/163 164/164/164
f 164/164/164 165/165/165 162/162/162
f 166/166/166 167/167/167 168/168/168
f 168/168/168 169/169/169 166/166/166
f 170/170/170 171/171/171 172/172/172
f 172/172/172 173/173/173 170/170/170
f 174/174/174 175/175/175 176/176/176
f 176/176/176 177/177/177 174/174/174
f 178/178/178 179/179/179 180/180/180
f 180/180/180 181/181/181 178/178/178
f 182/182/182 183/183/183 184/184/184
f 184/184/184 185/185/185 182/182/182
f 186/186/186 187/187/187 188/188/188
f 188/188/188 189/189/189 186/186/186
f 190/190/190 191/191/191 192/192/192
f 192/192/192 193/193/193 190/190/190
f 194/194/194 195/195/195 196/196/196
f 196/196/196 197/197/197 194/194/194
f 198/198/198 199/199/199 200/200/200
f 200/200/200 201/201/201 198/198/198
f 202/202/202 203/203/203 204/204/204
f 204/204/204 205/205/205 202/202/202
f 206/206/206 207/207/207 208/208/208
f 208/208/208 209/209/209 206/206/206
f 210/210/210 211/211/211 212/212/212
f 212/212/212 213/213/213 210/210/210
f 214/214/214 215/215/215 216/216/216
f 216/216/216 217/217/217 214/214/214
f 218/218/218 219/219/219 220/220/220
f 220/220/220 221/221/221 218/218/218
f 222/222/222 223/223/223 224/224/224
f 223/223/223 225/225/225 224/224/224
f 226/226/226 227/227/227 228/228/228
f 228/228/228 229/229/229 226/226/226
f 230/230/230 231/231/231 232/232/232
f 232/232/232 233/233/233 230/230/230
f 234/234/234 235/235/235 236/236/236
f 236/236/236 237/237/237 234/234/234
f 238/238/238 239/239/239 240/240/240
f 240/240/240 241/241/241 238/238/238
f 242/242/242 243/243/243 244/244/244
f 244/244/244 245/245/245 242/242/242
f 246/246/246 247/247/247 248/248/248
f 248/248/248 249/249/249 246/246/246
f 250/250/250 251/251/251 252/252/252
f 252/252/252 253/253/253 250/250/250
f 254/254/254 255/255/255 256/256/256
f 256/256/256 257/257/257 254/254/254
f 258/258/258 259/259/259 260/260/260
f 260/260/260 261/261/261 258/258/258
f 262/262/262 263/263/263 264/264/264
f 264/264/264 265/265/265 262/262/262
f 266/266/266 267/267/267 268/268/268
f 268/268/268 269/269/269 266/266/266
f 270/270/270 271/271/271 272/272/272
f 272/272/272 273/273/273 270/270/270
f 274/274/274 275/275/275 276/276/276
f 276/276/276 277/277/277 274/274/274
f 278/278/278 279/279/279 280/280/280
f 280/280/280 281/281/281 278/278/278
f 282/282/282 283/283/283 284/284/284
f 284/284/284 285/285/285 282/282/282
f 286/286/286 287/287/287 288/288/288
f 288/288/288 289/289/289 286/286/286
f 290/290/290 291/291/291 292/292/292
f 292/292/292 293/293/293 290/290/290
f 294/294/294 295/295/295 296/296/296
f 296/296/296 297/297/297 294/294/294
f 298/298/298 299/299/299 300/300/300
f 300/300/300 301/301/301 298/298/298
f 302/302/302 303/303/303 304/304/304
f 304/304/304 305/305/305 302/302/302
f 306/306/306 307/307/307 308/308/308
f 308/308/308 309/309/309 306/306/306
f 310/310/310 311/311/311 312/312/312
f 312/312/312 313/313/313 310/310/310
f 314/314/314 315/315/315 316/316/316
f 316/316/316 317/317/317 314/314/314
f 318/318/318 319/319/319 320/320/320
f 320/320/320 321/321/321 318/318/318
f 322/322/322 323/323/323 324/324/324
f 324/324/324 325/325/325 322/322/322
f 326/326/326 327/327/327 328/328/328
f 328/328/328 329/329/329 326/326/326
f 330/330/330 331/331/331 332/332/332
f 332/332/332 333/333/333 330/330/330
f 334/334/334 335/335/335 336/336/336
f 336/336/336 337/337/337 334/334/334
f 338/338/338 339/339/339 340/340/340
f 340/340/340 341/341/341 338/338/338
f 342/342/342 343/343/343 344/344/344
f 344/344/344 345/345/345 342/342/342
f 346/346/346 347/347/347 348/348/348
f 348/348/348 349/349/349 346/346/346
f 350/350/350 351/351/351 352/352/352
f 352/352/352 353/353/353 350/350/350
f 354/354/354 355/355/355 356/356/356
f 356/356/356 357/357/357 354/354/354
f 358/358/358 359/359/359 360/360/360
f 360/360/360 361/361/361 358/358/358
f 362/362/362 363/363/363 364/364/364
f 364/364/364 365/365/365 362/362/362
f 366/366/366 367/367/367 368/368/368
f 368/368/368 369/369/369 366/366/366
f 370/370/370 371/371/371 372/372/372
f 372/372/372 373/373/373 370/370/370
f 374/374/374 375/375/375 376/376/376
f 376/376/376 377/377/377 374/374/374
f 378/378/378 379/379/379 380/380/380
f 380/380/380 381/381/381 378/378/378
f 382/382/382 383/383/383 384/384/384
f 384/384/384 385/385/385 382/382/382
f 386/386/386 387/387/387 388/388/388
f 388/388/388 389/389/389 386/386/386
f 390/390/390 391/391/391 392/392/392
f 392/392/392 393/393/393 390/390/390
f 394/394/394 395/395/395 396/396/396
f 396/396/396 397/397/397 394/394/394
f 398/398/398 399/399/399 400/400/400
f 400/400/400 401/401/401 398/398/398
f 402/402/402 403/403/403 404/404/404
f 404/404/404 405/405/405 402/402/402
f 406/406/406 407/407/407 408/408/408
f 408/408/408 409/409/409 406/406/406
f 410/410/410 411/411/411 412/412/412
f 412/412/412 413/413/413 410/410/410
f 414/414/414 415/415/415 416/416/416
f 416/416/416 417/417/417 414/414/414
f 418/418/418 419/419/419 420/420/420
f 420/420/420 421/421/421 418/418/418
f 422/422/422 423/423/423 424/424/424
f 424/424/424 425/425/425 422/422/422
f 426/426/426 427/427/427 428/428/428
f 428/428/428 429/429/429 426/426/426
f 430/430/430 431/431/431 432/432/432
f 432/432/432 433/433/433 430/430/430
f 434/434/434 435/435/435 436/436/436
f 436/436/436 437/437/437 434/434/434
f 438/438/438 439/439/439 440/440/440
f 440/440/440 441/441/441 438/438/438
f 442/442/442 443/443/443 444/444/444
f 444/444/444 445/445/445 442/442/442
f 446/446/446 447/447/447 448/448/448
f 448/448/448 449/449/449 446/446/446
f 450/450/450 451/451/451 452/452/452
f 452/452/452 453/453/453 450/450/450
f 454/454/454 455/455/455 456/456/456
f 456/456/456 457/457/457 454/454/454
f 458/458/458 459/459/459 460/460/460
f 460/460/460 461/461/461 458/458/458
f 462/462/462 463/463/463 464/464/464
f 464/464/464 465/465/465 462/462/462
f 466/466/466 467/467/467 468/468/468
f 468/468/468 469/469/469 466/466/466
f 470/470/470 471/471/471 472/472/472
f 472/472/472 473/473/473 470/470/470
f 474/474/474 475/475/475 476/476/476
f 476/476/476 477/477/477 474/474/474
f 478/478/478 479/479/479 480/480/480
f 480/480/480 481/481/481 478/478/478
f 482/482/482 483/483/483 484/484/484
f 484/484/484 485/485/485 482/482/482
f 486/486/486 487/487/487 488/488/488
f 488/488/488 489/489/489 486/486/486
f 490/490/490 491/491/491 492/492/492
f 492/492/492 493/493/493 490/490/490
f 494/494/494 495/495/495 496/496/496
f 496/496/496 497/497/497 494/494/494
f 498/498/498 499/499/499 500/500/500
f 500/500/500 501/501/501 498/498/498
f 502/502/502 503/503/503 504/504/504
f 504/504/504 505/505/505 502/502/502
f 506/506/506 507/507/507 508/508/508
f 508/508/508 509/509/509 506/506/506
f 510/510/510 511/511/511 512/512/512
f 512/512/512 513/513/513 510/510/510
f 514/514/514 515/515/515 516/516/516
f 516/516/516 517/517/517 514/514/514
f 518/518/518 519/519/519 520/520/520
f 520/520/520 521/521/521 518/518/518
f 522/522/522 523/523/523 524/524/524
f 524/524/524 525/525/525 522/522/522
f 526/526/526 527/527/527 528/528/528
f 528/528/528 529/529/529 526/526/526
f 530/530/530 531/531/531 532/532/532
f 532/532/532 533/533/533 530/530/530
f 534/534/534 535/535/535 536/536/536
f 536/536/536 537/537/537 534/534/534
f 538/538/538 539/539/539 540/540/540
f 540/540/540 541/541/541 538/538/538
f 542/542/542 543/543/543 544/544/544
f 544/544/544 545/545/545 542/542/542
f 546/546/546 547/547/547 548/548/548
f 548/548/548 549/549/549 546/546/546
f 550/550/550 551/551/551 552/552/552
f 552/552/552 553/553/553 550/550/550
f 554/554/554 555/555/555 556/556/556
f 556/556/556 557/557/557 554/554/554
f 558/558/558 559/559/559 560/560/560
f 560/560/560 561/561/561 558/558/558
f 562/562/562 563/563/563 564/564/564
f 564/564/564 565/565/565 562/562/562
f 566/566/566 567/567/567 568/568/568
f 568/568/568 569/569/569 566/566/566
f 570/570/570 571/571/571 572/572/572
f 572/572/572 573/573/573 570/570/570
f 574/574/574 575/575/575 576/576/576
f 576/576/576 577/577/577 574/574/574
f 578/578/578 579/579/579 580/580/580
f 580/580/580 581/581/581 578/578/578
f 582/582/582 583/583/583 584/584/584
f 584/584/584 585/585/585 582/582/582
f 586/586/586 587/587/587 588/588/588
f 588/588/588 589/589/589 586/586/586
f 590/590/590 591/591/591 592/592/592
f 592/592/592 593/593/593 590/590/590
f 594/594/594 595/595/595 596/596/596
f 596/596/596 597/597/597 594/594/594
f 598/598/598 599/599/599 600/600/600
f 600/600/600 601/601/601 598/598/598
f 602/602/602 603/603/603 604/604/604
f 604/604/604 605/605/605 602/602/602
f 606/606/606 607/607/607 608/608/608
f 608/608/608 609/609/609 606/606/606
f 610/610/610 611/611/611 612/612/612
f 612/612/612 613/613/613 610/610/610
f 614/614/614 615/615/615 616/616/616
f 616/616/616 617/617/617 614/614/614
f 618/618/618 619/619/619 620/620/620
f 620/620/620 621/621/621 618/618/618
f 621/621/621 620/620/620 622/622/622
f 622/622/622 623/623/623 621/621/621
f 624/624/624 625/625/625 626/626/626
f 626/626/626 627/627/627 624/624/624
f 627/627/627 626/626/626 628/628/628
f 628/628/628 629/629/629 627/627/627
f 630/630/630 631/631/631 632/632/632
f 632/632/632 633/633/633 630/630/630
f 633/633/633 632/632/632 634/634/634
f 634/634/634 635/635/635 633/633/633
f 636/636/636 637/637/637 638/638/638
f 638/638/638 639/639/639 636/636/636
f 639/639/639 638/638/638 640/640/640
f 640/640/640 641/641/641 639/639/639
f 642/642/642 643/643/643 644/644/644
f 643/643/643 645/645/645 644/644/644
f 645/645/645 646/646/646 644/644/644
f 647/647/647 648/648/648 649/649/649
f 648/648/648 650/650/650 649/649/649
f 650/650/650 651/651/651 649/649/649
f 652/652/652 653/653/653 654/654/654
f 654/654/654 655/655/655 652/652/652
f 655/655/655 654/654/654 656/656/656
f 656/656/656 657/657/657 655/655/655
f 658/658/658 659/659/659 660/660/660
f 660/660/660 661/661/661 658/658/658
f 661/661/661 660/660/660 662/662/662
f 662/662/662 663/663/663 661/661/661
f 664/664/664 665/665/665 666/666/666
f 665/665/665 667/667/667 666/666/666
f 667/667/667 668/668/668 666/666/666
f 669/669/669 670/670/670 671/671/671
f 670/670/670 672/672/672 671/671/671
f 672/672/672 673/673/673 671/671/671
f 674/674/674 675/675/675 676/676/676
f 675/675/675 677/677/677 676/676/676
f 677/677/677 678/678/678 676/676/676
f 679/679/679 680/680/680 681/681/681
f 682/682/682 679/679/679 681/681/681
f 681/681/681 683/683/683 682/682/682
f 684/684/684 685/685/685 686/686/686
f 685/685/685 687/687/687 686/686/686
f 687/687/687 688/688/688 686/686/686
f 689/689/689 690/690/690 691/691/691
f 691/691/691 692/692/692 689/689/689
f 692/692/692 691/691/691 693/693/693
f 693/693/693 694/694/694 692/692/692
f 694/694/694 693/693/693 695/695/695
f 695/695/695 696/696/696 694/694/694
f 697/697/697 698/698/698 699/699/699
f 699/699/699 700/700/700 697/697/697
f 700/700/700 699/699/699 701/701/701
f 701/701/701 702/702/702 700/700/700
f 702/702/702 701/701/701 703/703/703
f 704/704/704 702/702/702 703/703/703
f 705/705/705 704/704/704 703/703/703
f 705/705/705 703/703/703 706/706/706
f 706/706/706 707/707/707 705/705/705
f 707/707/707 706/706/706 708/708/708
f 708/708/708 709/709/709 707/707/707
f 710/710/710 711/711/711 712/712/712
f 712/712/712 713/713/713 710/710/710
f 713/713/713 712/712/712 714/714/714
f 714/714/714 715/715/715 713/713/713
f 716/716/716 717/717/717 718/718/718
f 718/718/718 719/719/719 716/716/716
f 719/719/719 718/718/718 720/720/720
f 720/720/720 721/721/721 719/719/719
f 721/721/721 720/720/720 722/722/722
f 722/722/722 723/723/723 721/721/721
f 723/723/723 722/722/722 724/724/724
f 724/724/724 725/725/725 723/723/723
f 725/725/725 724/724/724 726/726/726
f 726/726/726 727/727/727 725/725/725
f 727/727/727 726/726/726 728/728/728
f 728/728/728 729/729/729 727/727/727
f 729/729/729 728/728/728 730/730/730
f 728/728/728 731/731/731 730/730/730
f 732/732/732 729/729/729 730/730/730
f 733/733/733 734/734/734 735/735/735
f 735/735/735 736/736/736 733/733/733
f 737/737/737 733/733/733 736/736/736
f 736/736/736 738/738/738 737/737/737
f 739/739/739 740/740/740 741/741/741
f 741/741/741 742/742/742 739/739/739
f 743/743/743 739/739/739 742/742/742
f 742/742/742 744/744/744 743/743/743
f 745/745/745 746/746/746 747/747/747
f 747/747/747 748/748/748 745/745/745
f 749/749/749 745/745/745 748/748/748
f 748/748/748 750/750/750 749/749/749
f 751/751/751 752/752/752 753/753/753
f 753/753/753 754/754/754 751/751/751
f 755/755/755 751/751/751 754/754/754
f 754/754/754 756/756/756 755/755/755
f 757/757/757 755/755/755 756/756/756
f 756/756/756 758/758/758 757/757/757
f 759/759/759 757/757/757 758/758/758
f 758/758/758 760/760/760 759/759/759
f 759/759/759 760/760/760 761/761/761
f 761/761/761 762/762/762 759/759/759
f 763/763/763 762/762/762 761/761/761
f 761/761/761 764/764/764 763/763/763
f 765/765/765 766/766/766 767/767/767
f 767/767/767 768/768/768 765/765/765
f 769/769/769 765/765/765 768/768/768
f 768/768/768 770/770/770 769/769/769
f 771/771/771 772/772/772 773/773/773
f 773/773/773 774/774/774 771/771/771
f 775/775/775 774/774/774 773/773/773
f 773/773/773 776/776/776 775/775/775
f 775/775/775 776/776/776 777/777/777
f 777/777/777 778/778/778 775/775/775
f 778/778/778 777/777/777 779/779/779
f 779/779/779 780/780/780 778/778/778
f 780/780/780 779/779/779 781/781/781
f 781/781/781 782/782/782 780/780/780
f 783/783/783 782/782/782 781/781/781
f 781/781/781 784/784/784 783/783/783
f 785/785/785 786/786/786 787/787/787
f 787/787/787 788/788/788 785/785/785
f 789/789/789 788/788/788 787/787/787
f 787/787/787 790/790/790 789/789/789
f 791/791/791 792/792/792 793/793/793
f 793/793/793 794/794/794 791/791/791
f 795/795/795 794/794/794 793/793/793
f 793/793/793 796/796/796 795/795/795
f 797/797/797 798/798/798 799/799/799
f 800/800/800 797/797/797 799/799/799
f 800/800/800 801/801/801 797/797/797
f 802/802/802 797/797/797 801/801/801
f 801/801/801 803/803/803 802/802/802
f 800/800/800 804/804/804 801/801/801
f 801/801/801 804/804/804 805/805/805
f 805/805/805 806/806/806 801/801/801
f 807/807/807 808/808/808 809/809/809
f 809/809/809 810/810/810 807/807/807
f 807/807/807 810/810/810 811/811/811
f 811/811/811 812/812/812 807/807/807
f 813/813/813 814/814/814 815/815/815
f 815/815/815 816/816/816 813/813/813
f 817/817/817 816/816/816 815/815/815
f 815/815/815 818/818/818 817/817/817
f 819/819/819 820/820/820 821/821/821
f 819/819/819 821/821/821 822/822/822
f 819/819/819 822/822/822 823/823/823
f 822/822/822 824/824/824 823/823/823
f 823/823/823 825/825/825 819/819/819
f 826/826/826 827/827/827 828/828/828
f 827/827/827 829/829/829 828/828/828
f 829/829/829 830/830/830 828/828/828
f 827/827/827 831/831/831 829/829/829
f 832/832/832 833/833/833 834/834/834
f 833/833/833 835/835/835 834/834/834
f 835/835/835 836/836/836 834/834/834
f 833/833/833 837/837/837 835/835/835
f 838/838/838 839/839/839 840/840/840
f 839/839/839 841/841/841 840/840/840
f 841/841/841 842/842/842 840/840/840
f 839/839/839 843/843/843 841/841/841
f 844/844/844 845/845/845 846/846/846
f 845/845/845 847/847/847 846/846/846
f 847/847/847 848/848/848 846/846/846
f 845/845/845 849/849/849 847/847/847
f 850/850/850 851/851/851 852/852/852
f 851/851/851 853/853/853 852/852/852
f 853/853/853 854/854/854 852/852/852
f 851/851/851 855/855/855 853/853/853
f 856/856/856 857/857/857 858/858/858
f 858/858/858 859/859/859 856/856/856
f 856/856/856 859/859/859 860/860/860
f 860/860/860 861/861/861 856/856/856
f 856/856/856 861/861/861 862/862/862
f 863/863/863 864/864/864 865/865/865
f 866/866/866 867/867/867 865/865/865
f 864/864/864 866/866/866 865/865/865
f 864/864/864 868/868/868 866/866/866
f 868/868/868 869/869/869 866/866/866
f 864/864/864 870/870/870 868/868/868
f 871/871/871 872/872/872 873/873/873
f 874/874/874 875/875/875 873/873/873
f 872/872/872 874/874/874 873/873/873
f 872/872/872 876/876/876 874/874/874
f 876/876/876 877/877/877 874/874/874
f 872/872/872 878/878/878 876/876/876
f 879/879/879 880/880/880 881/881/881
f 881/881/881 882/882/882 883/883/883
f 881/881/881 884/884/884 879/879/879
f 883/883/883 884/884/884 881/881/881
f 885/885/885 879/879/879 884/884/884
f 884/884/884 883/883/883 886/886/886
f 884/884/884 887/887/887 885/885/885
f 886/886/886 887/887/887 884/884/884
f 888/888/888 885/885/885 887/887/887
f 887/887/887 886/886/886 889/889/889
f 887/887/887 890/890/890 888/888/888
f 889/889/889 890/890/890 887/887/887
f 891/891/891 888/888/888 890/890/890
f 890/890/890 889/889/889 892/892/892
f 890/890/890 893/893/893 891/891/891
f 892/892/892 893/893/893 890/890/890
f 894/894/894 891/891/891 893/893/893
f 893/893/893 892/892/892 895/895/895
f 893/893/893 896/896/896 894/894/894
f 895/895/895 896/896/896 893/893/893
f 897/897/897 894/894/894 896/896/896
f 896/896/896 895/895/895 898/898/898
f 896/896/896 899/899/899 897/897/897
f 898/898/898 899/899/899 896/896/896
f 897/897/897 899/899/899 900/900/900
f 900/900/900 899/899/899 898/898/898
f 900/900/900 901/901/901 897/897/897
f 898/898/898 902/902/902 900/900/900
