v -0.734925 0.7971960000000001 0.994857
v -0.734925 0.7976130000000001 0.955865
v -0.584175 0.22493400000000005 0.941131
v -0.584175 0.22493400000000005 0.941131
v -0.584175 0.22477300000000006 0.978218
v -0.734925 0.7971960000000001 0.994857
v 0.633374 0.5569480000000001 0.982984
v 0.633374 0.5572420000000001 0.945728
v 0.482624 1.129488 0.9666159999999999
v 0.482624 1.129488 0.9666159999999999
v 0.482623 1.12886 0.9948569999999999
v 0.633374 0.5569480000000001 0.982984
v -0.748682 1.015524 1.003261
v 0.353886 1.316225 1.017311
v 0.353886 1.316998 0.9776699999999999
v 0.353886 1.316998 0.9776699999999999
v -0.748682 1.016074 0.9645129999999998
v -0.748682 1.015524 1.003261
v -0.190178 1.131125 1.575481
v 0.252178 1.288452 1.017345
v 0.323812 1.016376 0.9948569999999999
v 0.323812 1.016376 0.9948569999999999
v -0.066259 0.6674670000000001 1.506149
v -0.190178 1.131125 1.575481
v -0.190178 1.127407 1.704724
v 0.353886 1.316225 1.017311
v 0.252178 1.288452 1.017345
v 0.252178 1.288452 1.017345
v -0.190178 1.131125 1.575481
v -0.190178 1.127407 1.704724
v -0.190178 1.128349 1.66538
v -0.213167 1.214005 1.68064
v 0.415408 1.406102 0.8708049999999999
v 0.415408 1.406102 0.8708049999999999
v 0.442805 1.319605 0.8663499999999998
v -0.190178 1.128349 1.66538
v 0.776656 0.020182000000000037 0.625608
v 0.71162 0.019413000000000038 0.62562
v 0.776655 0.01850800000000007 1.14576
v 0.71162 0.019413000000000038 0.62562
v 0.112928 0.021931000000000096 1.572905
v 0.776655 0.01850800000000007 1.14576
v 0.112928 0.021931000000000096 1.572905
v 0.112927 0.02525400000000011 1.789824
v 0.776655 0.01850800000000007 1.14576
v 0.559194 0.5370060000000001 0.982512
v 0.483628 0.8144310000000001 1.567872
v 0.020944 0.6904780000000001 1.539991
v 0.396099 0.7933400000000002 1.440581
v -0.066259 0.6674660000000001 1.506148
v 0.320815 1.015831 0.9948569999999999
v 0.320815 1.015831 0.9948569999999999
v 0.337197 1.023514 0.9948569999999999
v 0.396099 0.7933400000000002 1.440581
v 0.416451 1.078516 0.9948569999999999
v 0.483596 0.8156630000000001 1.504088
v 0.39613 0.7921370000000001 1.504883
v 0.39613 0.7921370000000001 1.504883
v 0.328985 1.05468 0.9948569999999999
v 0.416451 1.078516 0.9948569999999999
v 0.483628 0.8144310000000001 1.567872
v 0.408444 1.108911 0.9948569999999999
v 0.020944 0.6904780000000001 1.539991
v -0.618875 0.5179770000000001 1.559501
v -0.543308 0.23594100000000007 0.978597
v -0.153506 0.6430600000000001 1.539489
v 0.333465 -0.8966269999999998 1.331285
v 0.295156 -1.024919 1.632964
v 0.255878 -1.198227 1.33528
v 0.324865 -1.032988 1.633168
v 0.029795 -0.9528809999999999 1.631266
v 0.285587 -1.206558 1.335406
v 0.029795 -0.9528809999999999 1.631266
v 0.324865 -1.032988 1.633168
v 0.363174 -0.9048819999999999 1.331364
v 0.471951 -0.36950999999999995 1.328571
v 0.433642 -0.5077439999999999 1.622989
v 0.394364 -0.6666809999999999 1.329171
v 0.463351 -0.5157689999999999 1.622968
v 0.168281 -0.4360989999999999 1.623622
v 0.424073 -0.6748809999999998 1.329187
v 0.168281 -0.4360989999999999 1.623622
v 0.463351 -0.5157689999999999 1.622968
v 0.50166 -0.37765299999999996 1.328479
v -0.604751 -0.9436439999999999 1.337258
v -0.566441 -0.7770979999999998 1.63311
v -0.527164 -0.6441499999999999 1.334929
v -0.305109 -0.8479169999999999 1.63455
v -0.60018 -0.7679599999999999 1.632908
v -0.638489 -0.9342559999999999 1.337139
v -0.60018 -0.7679599999999999 1.632908
v -0.305109 -0.8479169999999999 1.63455
v -0.560902 -0.6348379999999999 1.334862
v 0.391296 1.219502 8.999999999925327E-06
v 0.493224 0.636106 3.99999999996105E-06
v 0.493224 0.643913 0.541651
v 0.493224 0.643913 0.541651
v 0.380311 1.238084 0.5502389999999999
v 0.391296 1.219502 8.999999999925327E-06
v 0.544487 0.655343 0.541718
v 0.493224 0.643913 0.541651
v 0.493224 0.636106 3.99999999996105E-06
v 0.493224 0.636106 3.99999999996105E-06
v 0.546168 0.645867 3.999999999960452E-06
v 0.544487 0.655343 0.541718
v -0.53618 0.22382600000000002 0.621102
v -0.494932 0.23339300000000002 0.62122
v -0.494932 0.232847 1.9999999999857422E-06
v -0.494932 0.232847 1.9999999999857422E-06
v -0.536181 0.223461 1.999999999986317E-06
v -0.53618 0.22382600000000002 0.621102
v -0.690203 0.786542 4.999999999951839E-06
v -0.645704 0.795912 4.999999999951265E-06
v -0.645705 0.806643 0.628558
v -0.645705 0.806643 0.628558
v -0.690203 0.797105 0.62625
v -0.690203 0.786542 4.999999999951839E-06
v -0.748682 1.015524 1.003261
v -0.694058 0.8083240000000002 0.994857
v 0.40851 1.108656 0.9948569999999999
v 0.40851 1.108656 0.9948569999999999
v 0.353887 1.316225 1.017311
v -0.748682 1.015524 1.003261
v 0.482624 1.12886 0.9948569999999999
v -0.734925 0.7971960000000001 0.994857
v -0.584175 0.22477300000000006 0.978219
v -0.584175 0.22477300000000006 0.978219
v 0.633374 0.5569480000000001 0.982984
v 0.482624 1.12886 0.9948569999999999
v -0.635791 0.05179300000000007 1.08712
v 0.114038 0.04217900000000011 1.801906
v 0.114038 0.04148500000000011 1.763638
v 0.114038 0.04148500000000011 1.763638
v -0.614299 0.05259200000000006 1.06454
v -0.635791 0.05179300000000007 1.08712
v 0.114038 0.04148500000000011 1.763638
v 0.114038 0.04217900000000011 1.801906
v 0.859729 0.044270000000000066 1.084586
v 0.859729 0.044270000000000066 1.084586
v 0.840915 0.044276000000000065 1.062075
v 0.114038 0.04148500000000011 1.763638
v 0.112927 0.02525400000000011 1.789824
v 0.112928 0.021931000000000096 1.572906
v -0.552907 0.01934400000000007 1.148792
v 0.112928 0.021931000000000096 1.572906
v -0.482122 0.02311300000000004 0.626152
v -0.552907 0.01934400000000007 1.148792
v -0.482122 0.02311300000000004 0.626152
v -0.552907 0.021019000000000038 0.626111
v -0.552907 0.01934400000000007 1.148792
v 0.922183 1.471544 0.12924599999999992
v 0.857533 1.471544 -0.0005230000000000901
v 0.866556 1.400404 -0.00033800000000008574
v 0.866556 1.400404 -0.00033800000000008574
v 0.931205 1.400404 0.12924599999999992
v 0.922183 1.471544 0.12924599999999992
v 1.416552 0.748639 0.14692599999999995
v 1.416552 0.710999 -0.0004980000000000435
v 1.464243 0.720958 -0.0005300000000000441
v 1.464243 0.720958 -0.0005300000000000441
v 1.464243 0.758598 0.13772699999999993
v 1.416552 0.748639 0.14692599999999995
v 0.356413 -1.274055 7.801336888438405E-17
v 0.71162 0.023183 9.999999999985803E-07
v 0.71162 0.019413000000000038 0.62562
v 0.71162 0.019413000000000038 0.62562
v 0.356413 -1.325057 0.6240900000000001
v 0.356413 -1.274055 7.801336888438405E-17
v -0.743786 -1.01468 0.6236880000000001
v -0.482122 0.02311300000000004 0.626152
v -0.482122 0.023113 9.999999999985848E-07
v -0.482122 0.023113 9.999999999985848E-07
v -0.743786 -0.978854 5.993752089662916E-17
v -0.743786 -1.01468 0.6236880000000001
v 0.703403 1.21784 0.2757359999999999
v 0.687182 1.208259 0.26710199999999995
v 0.770759 1.096332 0.41424999999999995
v 0.770759 1.096332 0.41424999999999995
v 0.783393 1.117373 0.40707499999999996
v 0.703403 1.21784 0.2757359999999999
v 0.914081 1.218003 0.41548399999999996
v 0.794954 1.305217 0.27100799999999997
v 0.784632 1.290677 0.2790679999999999
v 0.784632 1.290677 0.2790679999999999
v 0.890957 1.207922 0.40819799999999995
v 0.914081 1.218003 0.41548399999999996
v 0.88412 1.204689 0.2493859999999999
v 0.759428 1.312478 0.20676099999999992
v 0.683854 1.243711 0.20526699999999992
v 0.683854 1.243711 0.20526699999999992
v 0.778383 1.116219 0.25032099999999996
v 0.88412 1.204689 0.2493859999999999
v -0.46724 -0.4143279999999999 1.335057
v -0.428931 -0.2597879999999999 1.63124
v -0.389653 -0.11868599999999992 1.338488
v -0.893915 -1.04037 1.060608
v -0.210746 -1.176658 1.776493
v -0.234597 -1.265012 1.779981
v -0.234597 -1.265012 1.779981
v -0.917771 -1.134116 1.061264
v -0.893915 -1.04037 1.060608
v -0.210746 -1.176658 1.776493
v 0.473859 -1.42902 1.063582
v 0.450011 -1.524281 1.064351
v 0.450011 -1.524281 1.064351
v -0.234597 -1.265012 1.779981
v -0.210746 -1.176658 1.776493
v -0.234597 -1.2584809999999997 1.819754
v -0.936213 -1.128445 1.083686
v -0.917771 -1.134116 1.061264
v -0.917771 -1.134116 1.061264
v -0.234597 -1.265012 1.779981
v -0.234597 -1.2584809999999997 1.819754
v 0.450011 -1.524281 1.064351
v 0.468454 -1.528923 1.087065
v -0.234597 -1.2584809999999997 1.819754
v -0.234597 -1.2584809999999997 1.819754
v -0.234597 -1.265012 1.779981
v 0.450011 -1.524281 1.064351
v -0.167599 -0.3302429999999999 1.630361
v -0.462669 -0.2506949999999999 1.631268
v -0.500979 -0.40507099999999996 1.335057
v -0.462669 -0.2506949999999999 1.631268
v -0.167599 -0.3302429999999999 1.630361
v -0.423392 -0.10948299999999991 1.338616
v -0.632415 0.6523570000000001 1.288914
v -0.566241 0.40257300000000007 1.277192
v -0.598899 0.5239110000000001 1.495306
v -0.255209 1.309857 1.492242
v -0.258329 1.329116 1.53498
v -0.258329 1.331521 1.455782
v -0.258329 1.329116 1.53498
v -0.275215 1.393646 1.505416
v -0.258329 1.331521 1.455782
v -0.258329 1.329116 1.53498
v -0.271603 1.370112 1.540632
v -0.275215 1.393646 1.505416
v -0.275215 1.393646 1.505416
v -0.271603 1.372551 1.463113
v -0.258329 1.331521 1.455782
v -0.245539 1.400317 1.506062
v -0.24242 1.378582 1.542749
v -0.24242 1.381116 1.462832
v -0.24242 1.378582 1.542749
v -0.225533 1.316528 1.49276
v -0.24242 1.381116 1.462832
v -0.24242 1.378582 1.542749
v -0.229145 1.337657 1.534683
v -0.225533 1.316528 1.49276
v -0.225533 1.316528 1.49276
v -0.229145 1.340013 1.457736
v -0.24242 1.381116 1.462832
v 0.374308 1.300154 0.9764559999999999
v 0.544487 0.655343 0.541718
v 0.546168 0.645867 3.999999999960452E-06
v 0.546168 0.645867 3.999999999960452E-06
v 0.374308 1.282959 8.999999999921441E-06
v 0.374308 1.300154 0.9764559999999999
v 0.71162 0.023183 9.999999999985803E-07
v 0.696749 0.078719 1.99999999999518E-06
v 0.696749 0.07659500000000002 0.537202
v -0.531471 0.5429350000000001 1.434596
v -0.590373 0.7706290000000001 0.994857
v -0.572408 0.7723030000000001 0.994857
v -0.572408 0.7723030000000001 0.994857
v -0.066259 0.6674660000000001 1.506148
v -0.531471 0.5429350000000001 1.434596
v -0.190178 1.131125 1.575481
v -0.066259 0.6674660000000001 1.506148
v -0.572408 0.7723030000000001 0.994857
v -0.572408 0.7723030000000001 0.994857
v -0.644042 1.044034 1.006686
v -0.190178 1.131125 1.575481
v -0.190178 1.127407 1.704724
v -0.190178 1.131125 1.575481
v -0.644042 1.044034 1.006686
v -0.644042 1.044034 1.006686
v -0.748682 1.015524 1.003261
v -0.190178 1.127407 1.704724
v -0.165689 1.139002 1.524464
v -0.229159 1.376704 1.538643
v -0.229349 1.374408 1.609817
v -0.229349 1.374408 1.609817
v -0.165879 1.13723 1.592387
v -0.165689 1.139002 1.524464
v -0.21444 1.1242 1.591617
v -0.27791 1.36138 1.608367
v -0.277763 1.363633 1.537278
v -0.277763 1.363633 1.537278
v -0.214294 1.125933 1.523712
v -0.21444 1.1242 1.591617
v -0.165879 1.13723 1.592387
v -0.229349 1.374408 1.609817
v -0.27791 1.36138 1.608367
v -0.27791 1.36138 1.608367
v -0.21444 1.1242 1.591617
v -0.165879 1.13723 1.592387
v -0.473062 0.32533000000000006 0.980847
v -0.531471 0.5429350000000001 1.434596
v 0.396171 0.7930740000000001 1.440284
v 0.396171 0.7930740000000001 1.440284
v 0.454574 0.5782700000000001 0.984487
v -0.473062 0.32533000000000006 0.980847
v -0.686052 0.7779590000000001 0.994857
v -0.598585 0.8017750000000001 0.994857
v -0.53144 0.5421990000000001 1.499062
v -0.53144 0.5421990000000001 1.499062
v -0.618906 0.5186350000000001 1.495602
v -0.686052 0.7779590000000001 0.994857
v -0.618906 0.5186350000000001 1.495602
v -0.53144 0.5421990000000001 1.499062
v -0.464778 0.29383000000000004 0.980105
v -0.464778 0.29383000000000004 0.980105
v -0.552244 0.26994300000000004 0.979311
v -0.618906 0.5186350000000001 1.495602
v 0.550324 0.5706660000000001 0.983736
v 0.462858 0.5468350000000001 0.98356
v 0.39613 0.7921370000000001 1.504883
v 0.39613 0.7921370000000001 1.504883
v 0.483596 0.8156630000000001 1.504088
v 0.550324 0.5706660000000001 0.983736
v -0.694058 0.8083240000000002 0.994857
v -0.618875 0.5179780000000002 1.5595
v -0.153506 0.6430600000000001 1.539489
v -0.190178 1.128349 1.66538
v -0.823166 0.973563 0.8537999999999999
v -0.846286 1.060948 0.8566139999999999
v -0.846286 1.060948 0.8566139999999999
v -0.213167 1.214005 1.68064
v -0.190178 1.128349 1.66538
v -0.846286 1.060948 0.8566139999999999
v -0.861864 1.056351 0.8927269999999999
v -0.213065 1.212974 1.720501
v -0.213065 1.212974 1.720501
v -0.213167 1.214005 1.68064
v -0.846286 1.060948 0.8566139999999999
v -0.213065 1.212974 1.720501
v 0.432301 1.410277 0.9056659999999999
v 0.415408 1.406103 0.8708049999999999
v 0.415408 1.406103 0.8708049999999999
v -0.213167 1.214005 1.68064
v -0.213065 1.212974 1.720501
v -0.256276 1.373319 1.203325
v -0.245543 1.361608 1.20108
v -0.250575 1.368466 1.467477
v -0.250575 1.368466 1.467477
v -0.256278 1.379249 1.473853
v 0.842655 1.177423 0.7789739999999999
v 0.842656 1.177423 1.006099
v 0.867582 1.173028 1.006099
v 0.867582 1.173028 0.7789739999999999
v 0.842655 1.177423 0.7789739999999999
v -1.129053 -1.037643 0.34391800000000006
v -1.063525 -1.113054 0.5502530000000001
v -1.048805 -1.100702 0.5502530000000001
v -1.114054 -1.022942 0.34391800000000006
v -1.129053 -1.037643 0.34391800000000006
v -0.428034 1.029486 1.355018
v -0.234686 1.326256 1.580434
v -0.259287 1.33145 1.589339
v -0.259287 1.33145 1.589339
v -0.453089 1.036496 1.362579
v 1.088362 0.789706 0.18060899999999994
v 0.987245 0.734348 -0.016040000000000044
v 1.015181 0.58808 -0.0041180000000000366
v 1.150362 0.657818 0.12732399999999996
v 1.088362 0.789706 0.18060899999999994
v 1.153386 0.494984 -0.0020760000000000305
v 1.271338 0.556877 -0.0020760000000000344
v 1.293239 0.730442 -0.004118000000000045
v 1.088362 0.789706 0.18060899999999994
v 1.172184 0.855361 -0.010109000000000052
v 0.291479 -1.313452 -0.005571999999999919
v 0.400672 -1.322917 -0.005571999999999919
v 0.393054 -1.332217 0.17569800000000008
v 0.293493 -1.323533 0.17569600000000007
v 0.293493 -1.323533 0.17569600000000007
v 0.393054 -1.332217 0.17569800000000008
v 0.397896 -1.22033 0.1756870000000001
v 0.298814 -1.211743 0.1756850000000001
v 0.393054 -1.332217 0.17569800000000008
v 0.400672 -1.322917 -0.005571999999999919
v 0.405338 -1.19341 -0.005571999999999927
v 0.397896 -1.22033 0.1756870000000001
v 0.397896 -1.22033 0.1756870000000001
v 0.405338 -1.19341 -0.005571999999999927
v 0.296915 -1.184068 -0.005571999999999927
v 0.298814 -1.211743 0.1756850000000001
v 0.298814 -1.211743 0.1756850000000001
v 0.296915 -1.184068 -0.005571999999999927
v 0.291479 -1.313452 -0.005571999999999919
v 0.293493 -1.323533 0.17569600000000007
v -0.245543 1.361608 1.20108
v -0.256276 1.373319 1.203325
v -0.256278 1.379249 1.473853
v -0.250575 1.368466 1.467477
v -0.734925 0.7976130000000001 0.955865
v -0.734925 0.7971960000000001 0.994857
v 0.482623 1.12886 0.9948569999999999
v 0.482624 1.129488 0.9666159999999999
v 0.633374 0.5572420000000001 0.945728
v 0.633374 0.5569480000000001 0.982984
v -0.584175 0.22477300000000006 0.978218
v -0.584175 0.22493400000000005 0.941131
v -0.754226 0.318586 1.9999999999804923E-06
v -0.754214 0.32077200000000006 0.615262
v -0.534106 0.21906500000000004 0.615217
v -0.534118 0.218777 1.9999999999866037E-06
v 0.532671 0.645634 -0.0028370000000000396
v 0.532671 0.653683 0.539722
v 0.557256 0.939805 0.5430059999999999
v 0.557256 0.926801 -0.002836000000000057
v 0.842627 -0.142997 -0.0028389999999999913
v 0.842627 -0.14979499999999998 0.534284
v 0.694746 0.06335700000000002 0.53503
v 0.694746 0.065732 -0.002839000000000004
v 1.031359 1.209569 1.006099
v 1.065934 1.200305 1.006099
v 1.065934 1.200305 0.7789739999999999
v 1.031359 1.209569 0.7789739999999999
v 0.83826 1.152497 0.7789739999999999
v 0.838261 1.152497 1.006099
v 0.842656 1.177423 1.006099
v 0.842655 1.177423 0.7789739999999999
v 0.738231 0.973646 0.7789739999999999
v 0.738231 0.9736460000000001 1.006099
v 0.75762 0.9899160000000001 1.006099
v 0.75762 0.989916 0.7789739999999999
v 0.865844 0.769968 0.778974
v 0.865843 0.7699690000000001 1.006099
v 0.840629 0.7677620000000001 1.006099
v 0.84063 0.767762 0.778974
v 1.066551 0.7565230000000001 1.006099
v 1.0313 0.7503070000000001 1.006099
v 1.0313 0.750307 0.778974
v 1.066551 0.756524 0.778974
v 1.224953 0.8851490000000001 1.006099
v 1.207056 0.8541500000000001 1.006099
v 1.207056 0.85415 0.778975
v 1.224953 0.88515 0.778975
v 1.208933 1.089361 1.0061
v 1.224061 1.05692 1.0061
v 1.224061 1.05692 0.7789749999999999
v 1.208933 1.089361 0.7789749999999999
v -0.762866 0.297897 1.999999999981759E-06
v -0.541671 0.203075 9.999999999875653E-07
v -0.541659 0.20305600000000001 0.61507
v -0.762854 0.2996960000000001 0.615043
v -0.441553 1.059973 1.062223
v -0.439799 1.062761 1.010471
v -0.55828 1.030646 1.126361
v -0.534023 1.035613 1.155668
v -0.409542 1.083467 1.011044
v -0.444766 1.075209 1.010433
v -0.444569 1.070371 1.262591
v -0.409539 1.077621 1.305996
v 0.328985 1.05468 0.9948569999999999
v 0.39613 0.7921370000000001 1.504883
v 0.396099 0.7933400000000002 1.440581
v 0.337197 1.023514 0.9948569999999999
v 0.408444 1.108911 0.9948569999999999
v 0.483628 0.8144310000000001 1.567872
v 0.483596 0.8156630000000001 1.504088
v 0.416451 1.078516 0.9948569999999999
v 0.483628 0.8144310000000001 1.567872
v 0.559194 0.5370060000000001 0.982512
v 0.550259 0.5709190000000001 0.983468
v 0.483596 0.8156630000000001 1.504088
v 1.398641 0.9703680000000001 0.9689289999999999
v 1.281968 1.252043 0.9689289999999999
v 1.000293 0.9703680000000001 1.252867
v 1.281968 0.6886940000000001 0.968929
v 1.000293 0.9703680000000001 1.252867
v 1.000293 1.368717 0.9689289999999999
v 1.000293 0.9703680000000001 1.252867
v 0.718619 1.252043 0.9689289999999999
v 0.601945 0.9703690000000001 0.9689289999999999
v 1.000293 0.9703680000000001 1.252867
v 0.718619 0.6886940000000001 0.968929
v 1.000293 0.9703680000000001 1.252867
v 1.000293 0.5720200000000001 0.973076
v 1.000293 0.9703680000000001 1.252867
v 0.696749 0.078719 1.99999999999518E-06
v 0.640545 0.075954 1.9999999999953493E-06
v 0.640545 0.07377500000000002 0.537203
v 0.696749 0.07659500000000002 0.537202
v 0.642608 -0.003785 1.0000000000002316E-06
v 0.642608 -0.007568999999999967 0.536818
v 0.640545 0.07377500000000002 0.537203
v 0.640545 0.075954 1.9999999999953493E-06
v -0.438427 0.026443 2.999999999998381E-06
v -0.494932 0.232847 1.9999999999857422E-06
v -0.494932 0.23339300000000002 0.62122
v -0.436479 0.021741000000000038 0.626173
v -0.665429 0.949162 0.5461719999999999
v -0.645705 0.806643 0.628558
v -0.645704 0.795912 4.999999999951265E-06
v -0.665429 0.93611 5.99999999994268E-06
v -0.665429 0.949162 0.5461719999999999
v -0.665429 0.93611 5.99999999994268E-06
v 0.391296 1.219502 8.999999999925327E-06
v 0.380311 1.238084 0.5502389999999999
v -0.436479 0.021741000000000038 0.626173
v 0.642608 -0.007568999999999967 0.536818
v 0.642608 -0.003785 1.0000000000002316E-06
v -0.438427 0.026443 2.999999999998381E-06
v -0.277665 1.148117 1.095823
v -0.323099 1.337762 -0.006363000000000081
v -0.548448 1.270464 -0.011980000000000077
v -0.452098 1.083563 1.083278
v 1.331234 1.344776 -0.00030300000000008234
v 1.424044 1.24672 -0.0003720000000000763
v 1.424044 1.24672 0.17676899999999993
v 1.331234 1.344776 0.1932089999999999
v 0.866556 1.400404 -0.00033800000000008574
v 1.331234 1.344776 -0.00030300000000008234
v 1.331234 1.344776 0.1932089999999999
v 0.931205 1.400404 0.12924599999999992
v 1.416552 0.748639 0.14692599999999995
v 1.424044 1.24672 0.17676899999999993
v 1.424044 1.24672 -0.0003720000000000763
v 1.416552 0.710999 -0.0004980000000000435
v -0.552907 0.021019000000000038 0.626111
v -0.828107 -1.055089 0.6237230000000001
v -0.828107 -1.057055 1.145234
v -0.552907 0.01934400000000007 1.148792
v 0.776655 0.01850800000000007 1.14576
v 0.408008 -1.407423 1.148557
v 0.408008 -1.404584 0.6242220000000002
v 0.776655 0.020182000000000037 0.625608
v 0.88412 1.204689 0.2493859999999999
v 0.890957 1.207922 0.40819799999999995
v 0.784632 1.290677 0.2790679999999999
v 0.759428 1.312478 0.20676099999999992
v 0.909692 1.210847 0.25074899999999994
v 0.766056 1.326284 0.19441099999999992
v 0.794954 1.305217 0.27100799999999997
v 0.914081 1.218003 0.41548399999999996
v 0.770759 1.096332 0.41424999999999995
v 0.687182 1.208259 0.26710199999999995
v 0.665239 1.234539 0.1924349999999999
v 0.769147 1.092193 0.25156699999999993
v 0.683854 1.243711 0.20526699999999992
v 0.703403 1.21784 0.2757359999999999
v 0.783393 1.117373 0.40707499999999996
v 0.778383 1.116219 0.25032099999999996
v -0.129424 -0.9843749999999999 1.990247
v -0.132492 -0.9692179999999999 1.92342
v -0.192659 -1.1518229999999998 1.924243
v -0.18094 -1.1372979999999997 1.987735
v -0.18094 -1.1372979999999997 1.987735
v -0.192659 -1.1518229999999998 1.924243
v -0.013579 -1.2080559999999998 1.927217
v -0.021876 -1.1865589999999997 1.990662
v -0.021876 -1.1865589999999997 1.990662
v -0.013579 -1.2080559999999998 1.927217
v 0.044376 -1.0339819999999997 1.930633
v 0.029644 -1.0339019999999999 1.992808
v 0.029644 -1.0339019999999999 1.992808
v 0.044376 -1.0339819999999997 1.930633
v -0.132492 -0.9692179999999999 1.92342
v -0.129424 -0.9843749999999999 1.990247
v -0.021876 -1.1865589999999997 1.990662
v 0.029644 -1.0339019999999999 1.992808
v -0.129424 -0.9843749999999999 1.990247
v -0.18094 -1.1372979999999997 1.987735
v -0.181556 -1.159675 1.751792
v -0.148609 -1.1251319999999998 1.961996
v -0.112616 -1.0176879999999997 1.96397
v -0.128569 -1.003629 1.744216
v -0.003291 -1.22677 1.517463
v -0.037398 -1.1598219999999997 1.963922
v -0.148609 -1.1251319999999998 1.961996
v -0.181556 -1.159675 1.751792
v 0.053197 -1.052993 1.513847
v -0.00141 -1.0524689999999999 1.965723
v -0.037398 -1.1598219999999997 1.963922
v -0.003291 -1.22677 1.517463
v -0.128569 -1.003629 1.744216
v -0.112616 -1.0176879999999997 1.96397
v -0.00141 -1.0524689999999999 1.965723
v 0.053197 -1.052993 1.513847
v -1.118889 -1.020197 0.3326430000000001
v -1.202349 -0.984655 0.5183550000000001
v -1.187268 -0.991688 0.5296300000000002
v -1.104464 -1.0303 0.34391800000000006
v -1.112585 -1.047715 0.34391800000000006
v -1.195388 -1.009103 0.5296300000000002
v -1.21047 -1.00207 0.5183550000000001
v -1.127667 -1.040682 0.3326430000000001
v -1.104631 -1.041041 0.34391800000000006
v -1.122131 -0.975734 0.4813490000000001
v -1.140691 -0.980707 0.4813490000000001
v -1.123192 -1.046015 0.34391800000000006
v -1.108308 -1.035688 0.3326430000000001
v -0.990456 -1.002782 0.5910660000000001
v -1.00653 -1.007089 0.6023410000000001
v -1.129053 -1.037643 0.34391800000000006
v -1.134306 -1.021434 0.34391800000000006
v -1.011503 -0.988529 0.6023410000000001
v -0.995429 -0.984222 0.5910660000000001
v -1.118889 -1.020197 0.3326430000000001
v -1.118077 -1.048041 0.3326430000000001
v -1.052828 -1.125801 0.5389770000000002
v -1.063525 -1.113054 0.5502530000000001
v -1.129053 -1.037643 0.34391800000000006
v -1.118935 -1.006795 0.3326430000000001
v -1.168269 -1.112592 0.5699260000000002
v -1.161236 -1.09751 0.5812010000000001
v -1.111902 -0.991713 0.34391800000000006
v -1.276365 -1.313186 -0.0003859999999999196
v -1.112841 -1.029954 0.38949900000000004
v -1.428745 -1.1146 -0.00038599999999993175
v -1.112841 -1.029954 0.38949900000000004
v -1.396073 -0.86643 -0.00038599999999994693
v -1.112841 -1.029954 0.38949900000000004
v -1.197487 -0.71405 -0.00038599999999995626
v -1.028194 -1.345859 -0.0003859999999999176
v -1.112841 -1.029954 0.38949900000000004
v -0.949316 -0.746722 -0.0003859999999999543
v -0.829608 -1.193478 -0.00038599999999992693
v -0.796936 -0.945308 -0.0003859999999999421
v -0.550594 1.290987 -0.01246500000000008
v -0.587371 1.309425 0.20489999999999992
v -1.281955 1.123312 0.20489999999999994
v -1.304585 1.088955 -0.012465000000000066
v -0.579851 1.400175 -8.573599159980726E-17
v -0.602481 1.365818 0.21736499999999992
v -0.587371 1.309425 0.20489999999999992
v -0.550594 1.290987 -0.01246500000000008
v -1.333842 1.198144 -7.336516072588033E-17
v -1.297065 1.179705 0.21736499999999992
v -0.602481 1.365818 0.21736499999999992
v -0.579851 1.400175 -8.573599159980726E-17
v -1.297065 1.179705 0.21736499999999992
v -1.281955 1.123312 0.20489999999999994
v -0.587371 1.309425 0.20489999999999992
v -0.602481 1.365818 0.21736499999999992
v -1.306096 0.151536 -0.007062000000000009
v -1.330965 0.18458100000000002 0.298156
v -1.411139 0.19159500000000002 0.304837
v -1.440722 0.163314 -0.00038000000000001
v -1.336842 1.350671 -0.0003880000000000827
v -1.31262 1.317683 0.30482899999999996
v -1.232446 1.310668 0.29814799999999997
v -1.202217 1.338893 -0.007070000000000082
v 0.616485 -1.398672 -0.0018169999999999144
v 0.647237 -1.375659 0.30267100000000013
v 0.647237 -1.320943 0.3006440000000001
v 0.616485 -1.289736 -0.00970799999999992
v 1.420508 -1.289684 -0.00885099999999992
v 1.389756 -1.320891 0.3015010000000001
v 1.389756 -1.375607 0.30352800000000013
v 1.420508 -1.39862 -0.0009599999999999144
v -0.234597 -1.2584809999999997 1.819754
v 0.114038 0.04217900000000011 1.801906
v -0.635791 0.05179300000000007 1.08712
v -0.936213 -1.128445 1.083686
v 0.468454 -1.528923 1.087065
v 0.859729 0.044270000000000066 1.084586
v 0.114038 0.04217900000000011 1.801906
v -0.234597 -1.2584809999999997 1.819754
v 1.356544 1.407483 -0.0005230000000000862
v 0.857533 1.471544 -0.0005230000000000901
v 0.922183 1.471544 0.12924599999999992
v 1.356544 1.407483 0.18489199999999992
v 1.464243 1.296493 -0.0005230000000000794
v 1.356544 1.407483 -0.0005230000000000862
v 1.356544 1.407483 0.18489199999999992
v 1.464243 1.296492 0.14865899999999993
v 1.464243 0.720958 -0.0005300000000000441
v 1.464243 1.296493 -0.0005230000000000794
v 1.464243 1.296492 0.14865899999999993
v 1.464243 0.758598 0.13772699999999993
v 0.079648 1.203063 1.067209
v 0.170885 1.228318 1.164005
v 0.194602 1.236533 1.135146
v 0.077171 1.204849 1.015053
v 0.041692 1.204406 1.015498
v 0.04174 1.19771 1.312042
v 0.076123 1.209416 1.269502
v 0.076256 1.215179 1.015674
v 0.46162 0.8300670000000001 0.992711
v 0.461541 0.8276040000000001 1.16765
v 0.470956 0.7964040000000001 1.165979
v 0.471101 0.7985960000000001 0.991476
v 0.431785 0.9735440000000001 1.207963
v 0.51104 0.6400250000000001 1.187903
v 0.516569 0.6352100000000002 1.153353
v 0.430644 0.9873730000000001 1.172512
v 0.552944 0.645252 -7.000000000039511E-06
v 0.57921 0.924987 -5.00000000005664E-06
v 0.579211 0.937841 0.5458589999999999
v 0.554626 0.651714 0.542557
v -0.453089 1.036496 1.362579
v -0.259287 1.33145 1.589339
v -0.259924 1.345923 1.57087
v -0.454251 1.052834 1.344399
v 0.151058 1.253732 0.5011609999999999
v 0.287413 1.356324 0.5025449999999999
v 0.287413 1.350309 0.26203499999999996
v 0.151058 1.248347 0.2615839999999999
v 0.858695 -0.131748 1.000000000008067E-06
v 0.710813 0.077015 1.999999999995284E-06
v 0.710814 0.07485300000000003 0.537931
v 0.858695 -0.13827899999999999 0.537162
v -0.720689 0.535339 3.99999999996722E-06
v -0.720688 0.541466 0.617813
v -0.690201 0.797128 0.62625
v -0.690203 0.786542 4.999999999951839E-06
v 0.374308 1.282959 8.999999999921441E-06
v -0.740131 0.98408 5.999999999939742E-06
v -0.740131 0.9960280000000001 0.9637869999999998
v 0.374308 1.300154 0.9764559999999999
v -0.229349 1.374408 1.609817
v -0.229159 1.376704 1.538643
v -0.277763 1.363633 1.537278
v -0.27791 1.36138 1.608367
v -0.598585 0.8017750000000001 0.994857
v -0.590373 0.7706290000000001 0.994857
v -0.531471 0.5429350000000001 1.434596
v -0.53144 0.5421990000000001 1.499062
v -0.53144 0.5421990000000001 1.499062
v -0.531471 0.5429350000000001 1.434596
v -0.473062 0.32533000000000006 0.980847
v -0.464778 0.29383000000000004 0.980105
v 0.462858 0.5468350000000001 0.98356
v 0.454574 0.5782700000000001 0.984487
v 0.396171 0.7930740000000001 1.440284
v 0.39613 0.7921370000000001 1.504883
v -0.694058 0.8083240000000002 0.994857
v -0.686052 0.7779590000000001 0.994857
v -0.618906 0.5186350000000001 1.495602
v -0.618875 0.5179780000000002 1.5595
v -0.618875 0.5179780000000002 1.5595
v -0.618906 0.5186350000000001 1.495602
v -0.552244 0.26994300000000004 0.979311
v -0.543308 0.23594100000000007 0.978597
v -0.650507 0.20712200000000006 0.865207
v -0.603944 0.02143100000000005 0.862796
v -0.572311 0.22816400000000006 0.944361
v 0.114092 0.0240510000000001 1.636443
v -0.153506 0.6430600000000001 1.539489
v -0.213065 1.212974 1.720501
v -0.723061 0.8008110000000002 0.959367
v -0.861864 1.056351 0.8927269999999999
v -0.793103 0.782482 0.877086
v 0.505145 1.136739 0.8877369999999999
v 0.432301 1.410277 0.9056659999999999
v 0.436772 1.116929 0.9698099999999998
v -0.213065 1.212974 1.720501
v 0.020944 0.6904780000000001 1.539991
v 0.114092 0.0240510000000001 1.636443
v 0.587522 0.5447190000000001 0.948737
v 0.803105 0.02143200000000005 0.861351
v 0.658281 0.564571 0.869797
v 0.931205 1.400404 0.12924599999999992
v 1.331234 1.344776 0.1932089999999999
v 1.356544 1.407483 0.18489199999999992
v 0.922183 1.471544 0.12924599999999992
v 1.464243 1.296492 0.14865899999999993
v 1.331234 1.344776 0.1932089999999999
v 1.424044 1.24672 0.17676899999999993
v 1.424044 1.24672 0.17676899999999993
v 1.416552 0.748639 0.14692599999999995
v 1.464243 0.758598 0.13772699999999993
v -0.743786 -1.01468 0.6236880000000001
v -0.743786 -0.978854 5.993752089662916E-17
v 0.015709 -1.23298 7.549825052063517E-17
v 0.356413 -1.325057 0.6240900000000001
v 0.356413 -1.274055 7.801336888438405E-17
v 0.756197 0.853803 -0.007730000000000052
v 0.756197 0.853803 0.790824
v 0.72923 0.971954 0.7908239999999999
v 0.72923 0.971954 -0.00773000000000006
v 0.756197 1.090104 0.7908239999999999
v 0.756197 1.090104 -0.007730000000000067
v 0.831757 1.184854 0.7908239999999999
v 0.831757 1.184854 -0.007730000000000073
v 0.940944 1.237435 0.7908239999999999
v 0.940944 1.237435 -0.007730000000000075
v 1.062133 1.237436 0.7908239999999999
v 1.062133 1.237436 -0.007730000000000075
v 1.171321 1.184854 0.7908239999999999
v 1.171321 1.184854 -0.007730000000000073
v 1.246881 1.090104 0.7908239999999999
v 1.246881 1.090104 -0.007730000000000067
v 1.273848 0.971954 0.7908239999999999
v 1.273848 0.971954 -0.00773000000000006
v 1.246881 0.853804 0.790824
v 1.246881 0.853804 -0.007730000000000052
v 1.119708 0.743504 0.790824
v 1.119195 0.743717 -0.006069000000000046
v 0.940944 0.706472 0.790824
v 0.940944 0.706472 -0.007730000000000043
v 0.831757 0.759054 0.790824
v 0.831757 0.759054 -0.007730000000000047
v 0.756197 0.853803 0.790824
v 0.756197 0.853803 -0.007730000000000052
v 1.028304 -1.419254 0.3030990000000001
v 1.389756 -1.375607 0.30352800000000013
v 1.389756 -1.320891 0.3015010000000001
v 1.028304 -1.364538 0.3010730000000001
v 0.647237 -1.375659 0.30267100000000013
v 0.647237 -1.320943 0.3006440000000001
v -1.236843 0.943107 -0.0070670000000000585
v -1.202217 1.338893 -0.007070000000000082
v -1.232446 1.310668 0.29814799999999997
v -1.265286 0.935306 0.29815099999999994
v -1.328447 0.551149 -0.007064000000000034
v -1.355102 0.563771 0.29815299999999995
v -1.330965 0.18458100000000002 0.298156
v -1.306096 0.151536 -0.007062000000000009
v -1.463071 0.562927 -0.00038300000000003446
v -1.440722 0.163314 -0.00038000000000001
v -1.411139 0.19159500000000002 0.304837
v -1.435277 0.570785 0.30483499999999997
v -1.371469 0.954886 -0.0003860000000000585
v -1.34546 0.94232 0.30483199999999994
v -1.31262 1.317683 0.30482899999999996
v -1.336842 1.350671 -0.0003880000000000827
v -1.435277 0.570785 0.30483499999999997
v -1.411139 0.19159500000000002 0.304837
v -1.330965 0.18458100000000002 0.298156
v -1.355102 0.563771 0.29815299999999995
v -1.34546 0.94232 0.30483199999999994
v -1.265286 0.935306 0.29815099999999994
v -1.31262 1.317683 0.30482899999999996
v -1.232446 1.310668 0.29814799999999997
v -0.828107 -1.057055 1.145234
v -0.828107 -1.055089 0.6237230000000001
v 0.408008 -1.404584 0.6242220000000002
v 0.408008 -1.407423 1.148557
v -0.210767 -1.1707419999999997 1.816028
v 0.696749 0.07659500000000002 0.537202
v 0.71162 0.017997000000000058 0.936201
v 0.71162 0.023183 9.999999999985803E-07
v 0.374308 1.300154 0.9764559999999999
v 0.544487 0.655343 0.541718
v -0.740131 0.9960280000000001 0.9637869999999998
v -0.740131 0.98408 5.999999999939742E-06
v -0.690203 0.786542 4.999999999951839E-06
v -0.690203 0.797105 0.62625
v -0.482122 0.02311300000000006 0.93794
v -0.53618 0.22382600000000002 0.621102
v -0.536181 0.223461 1.999999999986317E-06
v -0.482122 0.023113 9.999999999985848E-07
v 0.647237 -1.375659 0.30267100000000013
v 0.616485 -1.398672 -0.0018169999999999144
v 1.028304 -1.442268 -0.0013879999999999117
v 1.028304 -1.419254 0.3030990000000001
v 1.389756 -1.375607 0.30352800000000013
v 1.420508 -1.39862 -0.0009599999999999144
v 1.389756 -1.320891 0.3015010000000001
v 1.420508 -1.289684 -0.00885099999999992
v 1.028304 -1.333331 -0.009279999999999919
v 1.028304 -1.364538 0.3010730000000001
v 0.647237 -1.320943 0.3006440000000001
v 0.616485 -1.289736 -0.00970799999999992
v -0.231449 1.31488 1.120555
v -0.253464 1.373919 1.097743
v -0.244704 1.350075 1.143961
v -0.264682 1.403481 1.156195
v -0.256276 1.373319 1.203325
v -0.245543 1.361608 1.20108
v -0.231449 1.31488 1.120555
v -0.244704 1.350075 1.143961
v -0.253464 1.373919 1.097743
v -0.264682 1.403481 1.156195
v -0.256276 1.373319 1.203325
v -0.245543 1.361608 1.20108
v 0.687182 1.208259 0.26710199999999995
v 0.703403 1.21784 0.2757359999999999
v 0.683854 1.243711 0.20526699999999992
v 0.665239 1.234539 0.1924349999999999
v 0.766056 1.326284 0.19441099999999992
v 0.759428 1.312478 0.20676099999999992
v 0.784632 1.290677 0.2790679999999999
v 0.794954 1.305217 0.27100799999999997
v 1.246881 0.853804 0.790824
v 1.273848 0.971954 0.7908239999999999
v 1.246881 1.090104 0.7908239999999999
v 1.119708 0.743504 0.790824
v 0.831757 0.759054 0.790824
v 0.940944 0.706472 0.790824
v 1.171321 1.184854 0.7908239999999999
v 1.062133 1.237436 0.7908239999999999
v 0.72923 0.971954 0.7908239999999999
v 0.756197 0.853803 0.790824
v 0.831757 1.184854 0.7908239999999999
v 0.756197 1.090104 0.7908239999999999
v 0.940944 1.237435 0.7908239999999999
v -1.059209 -1.29547 0.17925400000000008
v -1.11284 -1.029955 0.39972700000000005
v -1.262665 -1.255626 0.17925400000000008
v -1.378355 -1.083586 0.17925400000000005
v -0.887168 -1.179779 0.17925400000000008
v -1.338511 -0.88013 0.17925400000000005
v -0.847324 -0.976323 0.17925400000000005
v -1.166471 -0.764439 0.17925400000000005
v -0.963015 -0.804283 0.17925400000000005
v -1.170603 -1.245528 0.30014500000000005
v -1.112841 -1.029954 0.46717200000000003
v -1.306118 -1.141543 0.30014500000000005
v -1.328414 -0.972191 0.3001460000000001
v -1.001251 -1.223232 0.30014500000000005
v -1.22443 -0.836676 0.30014500000000005
v -0.897267 -1.087717 0.30014500000000005
v -1.055078 -0.814381 0.30014500000000005
v -0.919563 -0.918365 0.30014500000000005
vt 0.682992 0.620511
vt 0.679376 0.620511
vt 0.679376 0.510096
vt 0.679376 0.510096
vt 0.682992 0.510096
vt 0.682992 0.620511
vt 0.808822 0.510096
vt 0.812438 0.510096
vt 0.812438 0.620511
vt 0.812438 0.620511
vt 0.808822 0.620511
vt 0.808822 0.510096
vt 0.689752 0.668082
vt 0.798321 0.668082
vt 0.798321 0.675102
vt 0.798321 0.675102
vt 0.689752 0.675102
vt 0.689752 0.668082
vt 0.115030 0.657776
vt 0.115030 0.517132
vt 0.091317 0.517132
vt 0.091317 0.517132
vt 0.071222 0.657776
vt 0.115030 0.657776
vt 0.126701 0.679404
vt 0.126701 0.503651
vt 0.118410 0.517132
vt 0.118410 0.517132
vt 0.118410 0.657776
vt 0.126701 0.679404
vt 0.002074 0.349684
vt 0.015386 0.349925
vt 0.015386 0.675800
vt 0.015386 0.675800
vt 0.002074 0.675800
vt 0.002074 0.349684
vt 0.683682 0.436379
vt 0.692003 0.436379
vt 0.683682 0.324908
vt 0.692003 0.436379
vt 0.761954 0.232362
vt 0.683682 0.324908
vt 0.761954 0.232362
vt 0.761954 0.184079
vt 0.683682 0.324908
vt 0.825772 0.665630
vt 0.825772 0.467253
vt 0.902795 0.467110
vt 0.976523 0.499516
vt 0.918701 0.480597
vt 0.974572 0.613340
vt 0.974572 0.613340
vt 0.976523 0.614314
vt 0.976523 0.499516
vt 0.996982 0.617319
vt 0.996982 0.486229
vt 0.986194 0.486229
vt 0.986194 0.486229
vt 0.986194 0.617319
vt 0.996982 0.617319
vt 0.825772 0.467253
vt 0.825772 0.665630
vt 0.902795 0.467110
vt 0.825772 0.467253
vt 0.825772 0.665630
vt 0.902795 0.467110
vt 0.092965 0.165202
vt 0.111760 0.238311
vt 0.130555 0.165202
vt 0.686237 0.204720
vt 0.686237 0.299422
vt 0.741721 0.204720
vt 0.683075 0.299422
vt 0.683075 0.204720
vt 0.627590 0.204720
vt 0.092965 0.165202
vt 0.111760 0.238311
vt 0.130555 0.165202
vt 0.686237 0.204720
vt 0.686237 0.299422
vt 0.741721 0.204720
vt 0.683075 0.299422
vt 0.683075 0.204720
vt 0.627590 0.204720
vt 0.130555 0.165202
vt 0.111760 0.238311
vt 0.092965 0.165202
vt 0.686237 0.299422
vt 0.686237 0.204720
vt 0.741721 0.204720
vt 0.683075 0.204720
vt 0.683075 0.299422
vt 0.627590 0.204720
vt 0.810278 0.218234
vt 0.771501 0.218234
vt 0.771501 0.150102
vt 0.771501 0.150102
vt 0.810278 0.150102
vt 0.810278 0.218234
vt 0.764826 0.150102
vt 0.768309 0.150102
vt 0.768309 0.218234
vt 0.768309 0.218234
vt 0.764826 0.218234
vt 0.764826 0.150102
vt 0.899260 0.139793
vt 0.902032 0.139793
vt 0.902032 0.218355
vt 0.902032 0.218355
vt 0.899260 0.218355
vt 0.899260 0.139793
vt 0.895574 0.218234
vt 0.892785 0.218233
vt 0.892785 0.139671
vt 0.892785 0.139671
vt 0.895574 0.139671
vt 0.895574 0.218234
vt 0.689752 0.660521
vt 0.689752 0.620511
vt 0.798321 0.620511
vt 0.798321 0.620511
vt 0.798321 0.660521
vt 0.689752 0.660521
vt 0.805619 0.620511
vt 0.685728 0.620511
vt 0.685728 0.510096
vt 0.685728 0.510096
vt 0.805619 0.510096
vt 0.805619 0.620511
vt 0.245292 0.010814
vt 0.218920 0.342641
vt 0.215375 0.332645
vt 0.215375 0.332645
vt 0.240672 0.010814
vt 0.245292 0.010814
vt 0.213894 0.358360
vt 0.218920 0.350877
vt 0.189496 0.673307
vt 0.189496 0.673307
vt 0.185079 0.673307
vt 0.213894 0.358360
vt 0.761954 0.184079
vt 0.761954 0.232362
vt 0.683682 0.324908
vt 0.761954 0.232362
vt 0.692003 0.436379
vt 0.683682 0.324908
vt 0.692003 0.436379
vt 0.683682 0.436379
vt 0.683682 0.324908
vt 0.462551 0.056578
vt 0.462551 0.090006
vt 0.454177 0.090006
vt 0.454177 0.090006
vt 0.454177 0.056211
vt 0.462551 0.056578
vt 0.462265 0.002643
vt 0.462265 0.049265
vt 0.454074 0.049265
vt 0.454074 0.049265
vt 0.454074 0.004228
vt 0.462265 0.002643
vt 0.808009 0.991915
vt 0.628830 0.991915
vt 0.628830 0.829696
vt 0.628830 0.829696
vt 0.808009 0.829697
vt 0.808009 0.991915
vt 0.482742 0.829697
vt 0.621036 0.829697
vt 0.621036 0.991915
vt 0.621036 0.991915
vt 0.482742 0.991915
vt 0.482742 0.829697
vt 0.862085 0.419642
vt 0.863945 0.417811
vt 0.865788 0.457415
vt 0.865788 0.457415
vt 0.863397 0.455553
vt 0.862085 0.419642
vt 0.845692 0.458338
vt 0.849311 0.418467
vt 0.851062 0.420222
vt 0.851062 0.420222
vt 0.848134 0.456354
vt 0.845692 0.458338
vt 0.866242 0.237404
vt 0.863654 0.276454
vt 0.851482 0.276261
vt 0.851482 0.276261
vt 0.849823 0.238242
vt 0.866242 0.237404
vt 0.130555 0.165202
vt 0.111760 0.238311
vt 0.092965 0.165202
vt 0.441405 0.010814
vt 0.441405 0.332995
vt 0.429843 0.332995
vt 0.429843 0.332995
vt 0.429843 0.010814
vt 0.441405 0.010814
vt 0.441405 0.359193
vt 0.441405 0.673307
vt 0.429843 0.673307
vt 0.429843 0.673307
vt 0.429843 0.359193
vt 0.441405 0.359193
vt 0.422479 0.342641
vt 0.422479 0.010814
vt 0.426793 0.010814
vt 0.426793 0.010814
vt 0.426793 0.332995
vt 0.422479 0.342641
vt 0.426793 0.673307
vt 0.422479 0.673307
vt 0.422479 0.350877
vt 0.422479 0.350877
vt 0.426793 0.359193
vt 0.426793 0.673307
vt 0.686237 0.299422
vt 0.686237 0.204720
vt 0.741721 0.204720
vt 0.683075 0.204720
vt 0.683075 0.299422
vt 0.627590 0.204720
vt 0.124885 0.497008
vt 0.096025 0.497008
vt 0.110268 0.447733
vt 0.971143 0.236844
vt 0.973843 0.226464
vt 0.973843 0.247226
vt 0.973843 0.226464
vt 0.982443 0.236844
vt 0.973843 0.247226
vt 0.973843 0.226464
vt 0.979493 0.226768
vt 0.982443 0.236844
vt 0.982443 0.236844
vt 0.979493 0.246922
vt 0.973843 0.247226
vt 0.957610 0.237074
vt 0.960310 0.226692
vt 0.960310 0.247453
vt 0.960310 0.226692
vt 0.968911 0.237074
vt 0.960310 0.247453
vt 0.960310 0.226692
vt 0.965960 0.226995
vt 0.968911 0.237074
vt 0.968911 0.237074
vt 0.965960 0.247150
vt 0.960310 0.247453
vt 0.291602 0.752689
vt 0.379593 0.856802
vt 0.379841 0.996417
vt 0.379841 0.996417
vt 0.291602 0.996417
vt 0.291602 0.752689
vt 0.465703 0.996417
vt 0.458041 0.996417
vt 0.458041 0.856802
vt 0.976523 0.499516
vt 0.976523 0.614314
vt 0.974572 0.613340
vt 0.974572 0.613340
vt 0.918701 0.480597
vt 0.976523 0.499516
vt 0.115030 0.657776
vt 0.071222 0.657776
vt 0.091317 0.517132
vt 0.091317 0.517132
vt 0.115030 0.517132
vt 0.115030 0.657776
vt 0.126701 0.679404
vt 0.118410 0.657776
vt 0.118410 0.517132
vt 0.118410 0.517132
vt 0.126701 0.503651
vt 0.126701 0.679404
vt 0.646664 0.570826
vt 0.646664 0.512395
vt 0.654218 0.512395
vt 0.654218 0.512395
vt 0.654218 0.570826
vt 0.646664 0.570826
vt 0.666221 0.570826
vt 0.666221 0.512395
vt 0.673980 0.512395
vt 0.673980 0.512395
vt 0.673980 0.570826
vt 0.666221 0.570826
vt 0.657419 0.570826
vt 0.657419 0.512395
vt 0.663266 0.512395
vt 0.663266 0.512395
vt 0.663266 0.570826
vt 0.657419 0.570826
vt 0.472829 0.280628
vt 0.472829 0.203115
vt 0.564240 0.203115
vt 0.564240 0.203115
vt 0.564240 0.280628
vt 0.472829 0.280628
vt 0.996982 0.617319
vt 0.986194 0.617319
vt 0.986194 0.486229
vt 0.986194 0.486229
vt 0.996982 0.486229
vt 0.996982 0.617319
vt 0.455214 0.194151
vt 0.463833 0.194151
vt 0.463833 0.282586
vt 0.463833 0.282586
vt 0.455214 0.282569
vt 0.455214 0.194151
vt 0.582634 0.282863
vt 0.574015 0.282863
vt 0.574015 0.194151
vt 0.574015 0.194151
vt 0.582634 0.194151
vt 0.582634 0.282863
vt 0.825772 0.665630
vt 0.825772 0.467253
vt 0.902795 0.467110
vt 0.002074 0.349684
vt 0.002074 0.675800
vt 0.015386 0.675800
vt 0.015386 0.675800
vt 0.015386 0.349925
vt 0.002074 0.349684
vt 0.018122 0.675888
vt 0.022169 0.674037
vt 0.022169 0.349408
vt 0.022169 0.349408
vt 0.018122 0.357982
vt 0.018122 0.675888
vt 0.022169 0.341136
vt 0.022169 0.010750
vt 0.018122 0.007296
vt 0.018122 0.007296
vt 0.018122 0.332298
vt 0.022169 0.341136
vt 0.470635 0.831699
vt 0.473715 0.831699
vt 0.473715 0.864540
vt 0.473715 0.864540
vt 0.470635 0.864540
vt 0.140858 0.676767
vt 0.140858 0.636507
vt 0.145344 0.636507
vt 0.145344 0.676767
vt 0.140858 0.676767
vt 0.806702 0.466491
vt 0.786081 0.466491
vt 0.786080 0.463062
vt 0.806699 0.463062
vt 0.806702 0.466491
vt 0.005835 0.234240
vt 0.005835 0.138256
vt 0.008794 0.138256
vt 0.008794 0.138256
vt 0.008794 0.234240
vt 0.732939 0.440324
vt 0.711542 0.417781
vt 0.714057 0.386715
vt 0.733050 0.405471
vt 0.732939 0.440324
vt 0.726225 0.363685
vt 0.739456 0.363681
vt 0.752607 0.386638
vt 0.732939 0.440324
vt 0.754779 0.422892
vt 0.629298 0.284866
vt 0.616842 0.284866
vt 0.616842 0.243161
vt 0.629298 0.243161
vt 0.587925 0.210214
vt 0.599748 0.210214
vt 0.599748 0.236588
vt 0.587925 0.236588
vt 0.613194 0.243161
vt 0.613194 0.284866
vt 0.602910 0.284866
vt 0.602910 0.243161
vt 0.599748 0.243161
vt 0.599748 0.284866
vt 0.587925 0.284866
vt 0.587925 0.243161
vt 0.645114 0.243161
vt 0.645114 0.284866
vt 0.632703 0.284866
vt 0.632703 0.243161
vt 0.473715 0.831699
vt 0.476580 0.831699
vt 0.476580 0.864540
vt 0.473715 0.864540
vt 0.685674 0.488039
vt 0.685674 0.481019
vt 0.805565 0.481019
vt 0.805565 0.488039
vt 0.805619 0.496181
vt 0.805619 0.503201
vt 0.685728 0.503201
vt 0.685728 0.496181
vt 0.611353 0.444401
vt 0.611353 0.334244
vt 0.586108 0.334244
vt 0.586108 0.444401
vt 0.447500 0.444401
vt 0.447500 0.334244
vt 0.475573 0.334244
vt 0.475573 0.444401
vt 0.516931 0.444401
vt 0.516931 0.334244
vt 0.544835 0.334244
vt 0.544835 0.444401
vt 0.136371 0.636507
vt 0.145344 0.636507
vt 0.145344 0.676767
vt 0.136371 0.676767
vt 0.136371 0.676767
vt 0.136371 0.636507
vt 0.140858 0.636507
vt 0.140858 0.676767
vt 0.140858 0.676767
vt 0.140858 0.636507
vt 0.145344 0.636507
vt 0.145344 0.676767
vt 0.136371 0.676767
vt 0.136371 0.636507
vt 0.140858 0.636507
vt 0.140858 0.676767
vt 0.136371 0.636507
vt 0.145344 0.636507
vt 0.145344 0.676767
vt 0.136371 0.676767
vt 0.136371 0.636507
vt 0.145344 0.636507
vt 0.145344 0.676767
vt 0.136371 0.676767
vt 0.136371 0.636507
vt 0.145344 0.636507
vt 0.145344 0.676767
vt 0.136371 0.676767
vt 0.619255 0.444401
vt 0.644545 0.444401
vt 0.644549 0.334244
vt 0.619251 0.334244
vt 0.006589 0.269856
vt 0.010648 0.277480
vt 0.010648 0.239093
vt 0.006589 0.239093
vt 0.006324 0.338798
vt 0.010391 0.338798
vt 0.010391 0.283742
vt 0.006324 0.274526
vt 0.983343 0.617319
vt 0.983343 0.486229
vt 0.979892 0.499516
vt 0.979892 0.614314
vt 0.822356 0.665630
vt 0.822356 0.467253
vt 0.817804 0.485225
vt 0.817804 0.661134
vt 0.448673 0.185046
vt 0.448673 0.285023
vt 0.451529 0.282569
vt 0.451529 0.194151
vt 0.989853 0.350214
vt 0.971201 0.437632
vt 0.925280 0.349499
vt 0.971201 0.262796
vt 0.925281 0.350929
vt 0.926170 0.473842
vt 0.926538 0.348488
vt 0.881138 0.437632
vt 0.862485 0.350214
vt 0.927058 0.349499
vt 0.881138 0.262797
vt 0.927059 0.350929
vt 0.926170 0.226586
vt 0.925717 0.352336
vt 0.995803 0.218355
vt 0.992115 0.218355
vt 0.992115 0.150224
vt 0.995803 0.150224
vt 0.984245 0.218355
vt 0.984245 0.150224
vt 0.989255 0.150224
vt 0.989255 0.218355
vt 0.919023 0.218355
vt 0.905543 0.218355
vt 0.905543 0.139793
vt 0.919023 0.138951
vt 0.881039 0.150102
vt 0.889573 0.139671
vt 0.889573 0.218233
vt 0.881039 0.218234
vt 0.878032 0.150102
vt 0.878032 0.218234
vt 0.813673 0.218234
vt 0.813673 0.150102
vt 0.922144 0.138951
vt 0.981644 0.150224
vt 0.981644 0.218355
vt 0.922144 0.218355
vt 0.466302 0.734121
vt 0.338175 0.739098
vt 0.338175 0.683121
vt 0.466302 0.689891
vt 0.912604 0.008414
vt 0.930307 0.008414
vt 0.930307 0.047239
vt 0.912604 0.050662
vt 0.858025 0.008414
vt 0.912604 0.008414
vt 0.912604 0.050662
vt 0.865424 0.036181
vt 0.986548 0.041349
vt 0.930307 0.047239
vt 0.930307 0.008414
vt 0.991045 0.008414
vt 0.618481 0.822788
vt 0.474864 0.822788
vt 0.474865 0.684093
vt 0.618481 0.684093
vt 0.626490 0.684056
vt 0.815887 0.684056
vt 0.815887 0.822751
vt 0.626490 0.822750
vt 0.866242 0.237401
vt 0.884969 0.232116
vt 0.871706 0.266719
vt 0.863654 0.276454
vt 0.835918 0.432164
vt 0.847748 0.402180
vt 0.849311 0.418467
vt 0.845692 0.458338
vt 0.865788 0.457415
vt 0.863945 0.417811
vt 0.865920 0.402175
vt 0.876171 0.432694
vt 0.851482 0.276261
vt 0.843980 0.265791
vt 0.831531 0.230852
vt 0.849823 0.238242
vt 0.047666 0.925910
vt 0.047666 0.911210
vt 0.068899 0.911210
vt 0.068899 0.925910
vt 0.072538 0.931732
vt 0.079841 0.931732
vt 0.079841 0.972607
vt 0.072538 0.972607
vt 0.068899 0.978915
vt 0.068899 0.993559
vt 0.047666 0.993559
vt 0.047666 0.978915
vt 0.044634 0.972607
vt 0.037265 0.972607
vt 0.037265 0.931732
vt 0.044634 0.931732
vt 0.068899 0.972607
vt 0.047666 0.972607
vt 0.047666 0.931732
vt 0.068899 0.931732
vt 0.072039 0.062428
vt 0.072039 0.010066
vt 0.087388 0.010066
vt 0.087388 0.062428
vt 0.131459 0.120353
vt 0.131459 0.010066
vt 0.148765 0.010066
vt 0.148765 0.062428
vt 0.110727 0.120353
vt 0.110727 0.010066
vt 0.128397 0.010066
vt 0.128397 0.120353
vt 0.090669 0.062428
vt 0.090669 0.010066
vt 0.107666 0.010066
vt 0.107666 0.120353
vt 0.760649 0.473402
vt 0.745170 0.473402
vt 0.744952 0.470010
vt 0.760431 0.470010
vt 0.760420 0.466491
vt 0.744941 0.466491
vt 0.745163 0.463062
vt 0.760642 0.463062
vt 0.778487 0.473402
vt 0.767683 0.473402
vt 0.767685 0.470010
vt 0.778488 0.470010
vt 0.708350 0.463062
vt 0.685708 0.463062
vt 0.685490 0.459541
vt 0.708132 0.459541
vt 0.708132 0.470010
vt 0.685490 0.470010
vt 0.685708 0.466491
vt 0.708350 0.466491
vt 0.806965 0.470010
vt 0.786345 0.470010
vt 0.786081 0.466491
vt 0.806702 0.466491
vt 0.736956 0.463062
vt 0.716997 0.463062
vt 0.716792 0.459541
vt 0.736751 0.459541
vt 1.783176 0.239679
vt 1.803227 0.338729
vt 1.753957 0.296986
vt 1.803227 0.338729
vt 1.753600 0.378748
vt 1.803227 0.338729
vt 1.782313 0.437065
vt 1.824140 0.240391
vt 1.803227 0.338729
vt 1.823277 0.437779
vt 1.852853 0.298709
vt 1.852496 0.380470
vt 0.847947 0.006127
vt 0.844355 0.056975
vt 0.760356 0.056975
vt 0.756763 0.006127
vt 0.736798 0.150482
vt 0.737704 0.099681
vt 0.744627 0.099681
vt 0.750080 0.150482
vt 0.756763 0.134646
vt 0.760356 0.083845
vt 0.844355 0.083845
vt 0.847947 0.134646
vt 0.760356 0.077380
vt 0.760356 0.063345
vt 0.844355 0.063345
vt 0.844355 0.077380
vt 0.448278 0.181477
vt 0.454447 0.109561
vt 0.463881 0.109561
vt 0.464075 0.181477
vt 0.614185 0.181341
vt 0.614379 0.109424
vt 0.623813 0.109424
vt 0.629982 0.181341
vt 0.633083 0.006304
vt 0.632867 0.078250
vt 0.624997 0.078250
vt 0.618850 0.006304
vt 0.751650 0.006304
vt 0.746094 0.078250
vt 0.738230 0.078250
vt 0.737415 0.006304
vt 0.418870 0.342641
vt 0.222368 0.342641
vt 0.247830 0.010814
vt 0.418870 0.010814
vt 0.418870 0.673307
vt 0.193964 0.673307
vt 0.222368 0.350877
vt 0.418870 0.350877
vt 0.912604 0.123509
vt 0.853791 0.123541
vt 0.861271 0.095116
vt 0.912604 0.082973
vt 0.930307 0.123509
vt 0.912604 0.123509
vt 0.912604 0.082959
vt 0.930307 0.090880
vt 0.997853 0.123510
vt 0.930307 0.123509
vt 0.930307 0.090880
vt 0.993452 0.093272
vt 0.006589 0.269856
vt 0.006589 0.239093
vt 0.010648 0.239093
vt 0.010648 0.277480
vt 0.006324 0.338798
vt 0.006324 0.274526
vt 0.010391 0.283742
vt 0.010391 0.338798
vt 0.007289 0.133087
vt 0.007289 0.093101
vt 0.010935 0.093101
vt 0.010935 0.133087
vt 0.007141 0.007742
vt 0.007141 0.086596
vt 0.003213 0.088064
vt 0.003213 0.004745
vt 0.508795 0.444401
vt 0.483584 0.444401
vt 0.483602 0.334244
vt 0.508777 0.334244
vt 0.008794 0.234240
vt 0.008794 0.138256
vt 0.011462 0.138256
vt 0.011462 0.234240
vt 0.043283 0.853081
vt 0.065853 0.853081
vt 0.065853 0.906782
vt 0.043283 0.906782
vt 0.578070 0.444401
vt 0.552838 0.444401
vt 0.552857 0.334244
vt 0.578051 0.334244
vt 0.619255 0.444401
vt 0.619251 0.334244
vt 0.644549 0.334244
vt 0.644545 0.444401
vt 0.288190 0.996417
vt 0.141892 0.996417
vt 0.141892 0.752689
vt 0.288190 0.752689
vt 0.654218 0.505635
vt 0.646664 0.505635
vt 0.646664 0.493707
vt 0.654218 0.493671
vt 0.983343 0.617319
vt 0.979892 0.614314
vt 0.979892 0.499516
vt 0.983343 0.486229
vt 0.467056 0.194151
vt 0.469836 0.203115
vt 0.469836 0.280628
vt 0.467056 0.282586
vt 0.570576 0.282863
vt 0.567795 0.280628
vt 0.567795 0.203115
vt 0.570576 0.194151
vt 0.822356 0.665630
vt 0.817804 0.661134
vt 0.817804 0.485225
vt 0.822356 0.467253
vt 0.448673 0.185046
vt 0.451529 0.194151
vt 0.451529 0.282569
vt 0.448673 0.285023
vt 0.153993 0.674037
vt 0.182096 0.674037
vt 0.154028 0.640478
vt 0.210396 0.349038
vt 0.110620 0.393453
vt 0.025503 0.349038
vt 0.066676 0.640007
vt 0.025503 0.674037
vt 0.066634 0.674037
vt 0.067466 0.010750
vt 0.025503 0.010750
vt 0.067426 0.044650
vt 0.025503 0.340756
vt 0.110649 0.297023
vt 0.210396 0.340756
vt 0.154780 0.045136
vt 0.237510 0.010750
vt 0.154822 0.010750
vt 0.862810 0.061341
vt 0.910570 0.061341
vt 0.912604 0.074491
vt 0.860613 0.074491
vt 0.930307 0.074491
vt 0.914699 0.061341
vt 0.930307 0.061341
vt 0.936463 0.061341
vt 0.994727 0.061341
vt 0.993452 0.074491
vt 0.987197 0.829697
vt 0.987197 0.991916
vt 0.880612 0.991915
vt 0.835312 0.829697
vt 0.835312 0.991915
vt 0.447173 0.670268
vt 0.447173 0.463957
vt 0.461187 0.463957
vt 0.461187 0.670268
vt 0.475200 0.463957
vt 0.475200 0.670268
vt 0.489213 0.463957
vt 0.489213 0.670268
vt 0.503227 0.463957
vt 0.503227 0.670268
vt 0.517240 0.463957
vt 0.517240 0.670268
vt 0.531254 0.463957
vt 0.531254 0.670268
vt 0.545268 0.463957
vt 0.545268 0.670268
vt 0.559281 0.463957
vt 0.559281 0.670268
vt 0.573295 0.463957
vt 0.573295 0.670268
vt 0.593360 0.463957
vt 0.593360 0.670268
vt 0.614362 0.463957
vt 0.614362 0.670268
vt 0.628375 0.463957
vt 0.628375 0.670268
vt 0.642389 0.463957
vt 0.642389 0.670268
vt 0.684395 0.084621
vt 0.728712 0.084621
vt 0.728712 0.100270
vt 0.684395 0.100270
vt 0.640078 0.084621
vt 0.640078 0.100270
vt 0.561642 0.006187
vt 0.608349 0.006187
vt 0.604756 0.078215
vt 0.560444 0.078215
vt 0.514935 0.006187
vt 0.516132 0.078215
vt 0.471820 0.078215
vt 0.468228 0.006187
vt 0.514935 0.181477
vt 0.468228 0.181477
vt 0.471820 0.109561
vt 0.516132 0.109561
vt 0.561642 0.181477
vt 0.560444 0.109561
vt 0.604756 0.109561
vt 0.608349 0.181477
vt 0.516132 0.103095
vt 0.471820 0.103095
vt 0.471820 0.084586
vt 0.516132 0.084586
vt 0.560444 0.103095
vt 0.560444 0.084586
vt 0.604756 0.103095
vt 0.604756 0.084586
vt 0.996727 0.684082
vt 0.996727 0.822776
vt 0.826079 0.822776
vt 0.826079 0.684082
vt 0.911503 0.505633
vt 0.458041 0.856802
vt 0.465703 0.752689
vt 0.465703 0.996417
vt 0.291602 0.752689
vt 0.379593 0.856802
vt 0.138062 0.752689
vt 0.138061 0.996417
vt 0.110913 0.996419
vt 0.110913 0.835429
vt 0.005787 0.752689
vt 0.033118 0.835427
vt 0.033118 0.996416
vt 0.005787 0.996415
vt 0.640078 0.078250
vt 0.636486 0.006304
vt 0.684395 0.006304
vt 0.684395 0.078250
vt 0.728712 0.078250
vt 0.732304 0.006304
vt 0.728712 0.106735
vt 0.732304 0.178764
vt 0.684395 0.178764
vt 0.684395 0.106735
vt 0.640078 0.106735
vt 0.636486 0.178764
vt 0.983624 0.447308
vt 0.989997 0.451996
vt 0.985919 0.459290
vt 0.989984 0.469822
vt 0.984570 0.480180
vt 0.983383 0.478244
vt 0.976053 0.446909
vt 0.973750 0.458872
vt 0.969675 0.451556
vt 0.969668 0.469392
vt 0.975077 0.479777
vt 0.976267 0.477849
vt 0.863945 0.417811
vt 0.862078 0.419648
vt 0.861812 0.404453
vt 0.863831 0.401713
vt 0.850067 0.401959
vt 0.851495 0.404640
vt 0.851062 0.420222
vt 0.849306 0.418461
vt 0.404441 0.866556
vt 0.418383 0.860084
vt 0.432326 0.866556
vt 0.390156 0.897794
vt 0.393259 0.966188
vt 0.387054 0.939983
vt 0.443508 0.884691
vt 0.449712 0.910897
vt 0.418383 0.990795
vt 0.404441 0.984322
vt 0.443508 0.966188
vt 0.432326 0.984322
vt 0.449712 0.939983
vt 0.783176 0.239679
vt 0.803227 0.338729
vt 0.753957 0.296986
vt 0.753600 0.378748
vt 0.824140 0.240391
vt 0.782313 0.437065
vt 0.852853 0.298709
vt 0.823277 0.437779
vt 0.852496 0.380470
vt 0.783176 0.239679
vt 0.803227 0.338729
vt 0.753957 0.296986
vt 0.753600 0.378748
vt 0.824140 0.240391
vt 0.782313 0.437065
vt 0.852853 0.298709
vt 0.823277 0.437779
vt 0.852496 0.380470
vn -0.967069 -0.254499 -0.002716999999999984
vn -0.967069 -0.254499 -0.002716999999999984
vn -0.967069 -0.254499 -0.002716999999999984
vn -0.967035 -0.254641 -0.0011069999999999843
vn -0.967035 -0.254641 -0.0011069999999999843
vn -0.967035 -0.254641 -0.0011069999999999843
vn 0.967025 0.254676 0.0020139999999999846
vn 0.967025 0.254676 0.0020139999999999846
vn 0.967025 0.254676 0.0020139999999999846
vn 0.966985 0.25477 0.005681999999999985
vn 0.966985 0.25477 0.005681999999999985
vn 0.966985 0.25477 0.005681999999999985
vn -0.263294 0.964532 0.01881199999999994
vn -0.263294 0.964532 0.01881199999999994
vn -0.263294 0.964532 0.01881199999999994
vn -0.263427 0.964582 0.01368899999999994
vn -0.263427 0.964582 0.01368899999999994
vn -0.263427 0.964582 0.01368899999999994
vn -0.754888 -0.14590200000000003 -0.639419
vn -0.754888 -0.14590200000000003 -0.639419
vn -0.754888 -0.14590200000000003 -0.639419
vn -0.754833 -0.10492100000000004 -0.647471
vn -0.754833 -0.10492100000000004 -0.647471
vn -0.754833 -0.10492100000000004 -0.647471
vn -0.262985 0.963149 0.05641299999999994
vn -0.262985 0.963149 0.05641299999999994
vn -0.262985 0.963149 0.05641299999999994
vn -0.30411 0.952243 0.02739299999999994
vn -0.30411 0.952243 0.02739299999999994
vn -0.30411 0.952243 0.02739299999999994
vn -0.775013 -0.09674800000000004 -0.624496
vn -0.775013 -0.09674800000000004 -0.624496
vn -0.775013 -0.09674800000000004 -0.624496
vn -0.7434 -0.20263200000000003 -0.637415
vn -0.7434 -0.20263200000000003 -0.637415
vn -0.7434 -0.20263200000000003 -0.637415
vn -0.011823 0.999925 0.0032169999999999387
vn -0.011823 0.999925 0.0032169999999999387
vn -0.011823 0.999925 0.0032169999999999387
vn 0.005807 0.999983 0.001011999999999939
vn 0.005807 0.999983 0.001011999999999939
vn 0.005807 0.999983 0.001011999999999939
vn -0.004702 0.999872 -0.015317000000000061
vn -0.004702 0.999872 -0.015317000000000061
vn -0.004702 0.999872 -0.015317000000000061
vn 0.207419 -0.873363 0.44069800000000003
vn 0.207419 -0.873363 0.44069800000000003
vn 0.207419 -0.873363 0.44069800000000003
vn 0.171104 -0.869679 -0.46301499999999995
vn 0.171104 -0.869679 -0.46301499999999995
vn 0.171104 -0.869679 -0.46301499999999995
vn 0.376129 -0.802076 -0.46389899999999995
vn 0.376129 -0.802076 -0.46389899999999995
vn 0.376129 -0.802076 -0.46389899999999995
vn 0.225248 -0.853344 -0.47017699999999996
vn 0.225248 -0.853344 -0.47017699999999996
vn 0.225248 -0.853344 -0.47017699999999996
vn 0.232194 -0.852038 -0.46916699999999995
vn 0.232194 -0.852038 -0.46916699999999995
vn 0.232194 -0.852038 -0.46916699999999995
vn -0.254872 0.846047 0.46823599999999993
vn -0.254872 0.846047 0.46823599999999993
vn -0.254872 0.846047 0.46823599999999993
vn 0.249887 -0.857871 0.44901500000000005
vn 0.249887 -0.857871 0.44901500000000005
vn 0.249887 -0.857871 0.44901500000000005
vn 0.96838 -0.248891 0.017129000000000012
vn 0.96838 -0.248891 0.017129000000000012
vn 0.96838 -0.248891 0.017129000000000012
vn -0.228037 -0.827787 0.512609
vn -0.228037 -0.827787 0.512609
vn -0.228037 -0.827787 0.512609
vn 0.237126 0.883064 0.40493099999999993
vn 0.237126 0.883064 0.40493099999999993
vn 0.237126 0.883064 0.40493099999999993
vn 0.967544 -0.252598 0.007297000000000015
vn 0.967544 -0.252598 0.007297000000000015
vn 0.967544 -0.252598 0.007297000000000015
vn -0.226649 -0.843424 0.48710000000000003
vn -0.226649 -0.843424 0.48710000000000003
vn -0.226649 -0.843424 0.48710000000000003
vn 0.235289 0.867829 0.4376209999999999
vn 0.235289 0.867829 0.4376209999999999
vn 0.235289 0.867829 0.4376209999999999
vn -0.967953 0.250636 -0.015753000000000014
vn -0.967953 0.250636 -0.015753000000000014
vn -0.967953 0.250636 -0.015753000000000014
vn -0.229177 -0.835488 0.4994370000000001
vn -0.229177 -0.835488 0.4994370000000001
vn -0.229177 -0.835488 0.4994370000000001
vn 0.234919 0.875609 0.4220459999999999
vn 0.234919 0.875609 0.4220459999999999
vn 0.234919 0.875609 0.4220459999999999
vn -0.985075 -0.172107 0.0024800000000000104
vn -0.985075 -0.172107 0.0024800000000000104
vn -0.985075 -0.172107 0.0024800000000000104
vn -0.982366 -0.186492 -0.013314999999999988
vn -0.982366 -0.186492 -0.013314999999999988
vn -0.982366 -0.186492 -0.013314999999999988
vn 0.217583 -0.97594 0.01406600000000006
vn 0.217583 -0.97594 0.01406600000000006
vn 0.217583 -0.97594 0.01406600000000006
vn 0.18128 -0.983271 0.01776200000000006
vn 0.18128 -0.983271 0.01776200000000006
vn 0.18128 -0.983271 0.01776200000000006
vn -0.225952 0.974138 -0.0008560000000000596
vn -0.225952 0.974138 -0.0008560000000000596
vn -0.225952 0.974138 -0.0008560000000000596
vn -0.221877 0.975074 -0.0005720000000000598
vn -0.221877 0.975074 -0.0005720000000000598
vn -0.221877 0.975074 -0.0005720000000000598
vn 0.206012 -0.978407 0.01670500000000006
vn 0.206012 -0.978407 0.01670500000000006
vn 0.206012 -0.978407 0.01670500000000006
vn 0.208738 -0.977832 0.01649300000000006
vn 0.208738 -0.977832 0.01649300000000006
vn 0.208738 -0.977832 0.01649300000000006
vn 0.0103 -0.03781299999999994 0.999232
vn 0.0103 -0.03781299999999994 0.999232
vn 0.0103 -0.03781299999999994 0.999232
vn 0.015551 -0.10348999999999994 0.994509
vn 0.015551 -0.10348999999999994 0.994509
vn 0.015551 -0.10348999999999994 0.994509
vn 0.007385 -0.027109999999999936 0.999605
vn 0.007385 -0.027109999999999936 0.999605
vn 0.007385 -0.027109999999999936 0.999605
vn 0.001632 -0.020325999999999938 0.999792
vn 0.001632 -0.020325999999999938 0.999792
vn 0.001632 -0.020325999999999938 0.999792
vn 0.03009 0.999383 -0.018124000000000064
vn 0.03009 0.999383 -0.018124000000000064
vn 0.03009 0.999383 -0.018124000000000064
vn -0.009778 0.999612 0.02606799999999994
vn -0.009778 0.999612 0.02606799999999994
vn -0.009778 0.999612 0.02606799999999994
vn -0.020242 0.999631 -0.01812800000000006
vn -0.020242 0.999631 -0.01812800000000006
vn -0.020242 0.999631 -0.01812800000000006
vn -0.001986 0.999996 0.0019209999999999388
vn -0.001986 0.999996 0.0019209999999999388
vn -0.001986 0.999996 0.0019209999999999388
vn 0.005871 0.999865 -0.01531600000000006
vn 0.005871 0.999865 -0.01531600000000006
vn 0.005871 0.999865 -0.01531600000000006
vn -0.007804 0.999951 0.006153999999999938
vn -0.007804 0.999951 0.006153999999999938
vn -0.007804 0.999951 0.006153999999999938
vn -0.029571 0.999558 0.003202999999999939
vn -0.029571 0.999558 0.003202999999999939
vn -0.029571 0.999558 0.003202999999999939
vn -0.889479 -0.11165699999999998 0.443126
vn -0.889479 -0.11165699999999998 0.443126
vn -0.889479 -0.11165699999999998 0.443126
vn -0.889114 -0.11276299999999997 0.443577
vn -0.889114 -0.11276299999999997 0.443577
vn -0.889114 -0.11276299999999997 0.443577
vn 0.19846 -0.949645 0.24246100000000007
vn 0.19846 -0.949645 0.24246100000000007
vn 0.19846 -0.949645 0.24246100000000007
vn 0.244493 -0.935599 0.2547130000000001
vn 0.244493 -0.935599 0.2547130000000001
vn 0.244493 -0.935599 0.2547130000000001
vn 0.964495 -0.264096 -0.0015919999999999838
vn 0.964495 -0.264096 -0.0015919999999999838
vn 0.964495 -0.264096 -0.0015919999999999838
vn 0.966622 -0.255356 -0.02086899999999998
vn 0.966622 -0.255356 -0.02086899999999998
vn 0.966622 -0.255356 -0.02086899999999998
vn -0.969653 0.244484 -1.4970327402137077E-17
vn -0.969653 0.244484 -1.4970327402137077E-17
vn -0.969653 0.244484 -1.4970327402137077E-17
vn -0.967449 0.25265 0.014512999999999984
vn -0.967449 0.25265 0.014512999999999984
vn -0.967449 0.25265 0.014512999999999984
vn -0.608179 0.42624300000000004 0.669654
vn -0.608179 0.42624300000000004 0.669654
vn -0.608179 0.42624300000000004 0.669654
vn -0.483134 0.528192 0.69828
vn -0.483134 0.528192 0.69828
vn -0.483134 0.528192 0.69828
vn -0.362208 0.635231 0.682119
vn -0.362208 0.635231 0.682119
vn -0.362208 0.635231 0.682119
vn -0.456191 0.529681 0.715072
vn -0.456191 0.529681 0.715072
vn -0.456191 0.529681 0.715072
vn -0.179021 0.17570800000000006 0.968028
vn -0.179021 0.17570800000000006 0.968028
vn -0.179021 0.17570800000000006 0.968028
vn -0.170281 0.21368800000000004 0.961947
vn -0.170281 0.21368800000000004 0.961947
vn -0.170281 0.21368800000000004 0.961947
vn -0.967199 0.253914 -0.0073840000000000156
vn -0.967199 0.253914 -0.0073840000000000156
vn -0.967199 0.253914 -0.0073840000000000156
vn 0.68634 -0.21272900000000006 -0.695473
vn 0.68634 -0.21272900000000006 -0.695473
vn 0.68634 -0.21272900000000006 -0.695473
vn 0.695941 -0.18195800000000006 -0.694664
vn 0.695941 -0.18195800000000006 -0.694664
vn 0.695941 -0.18195800000000006 -0.694664
vn -0.681603 0.16487799999999994 -0.712904
vn -0.681603 0.16487799999999994 -0.712904
vn -0.681603 0.16487799999999994 -0.712904
vn -0.684684 0.15673599999999993 -0.711788
vn -0.684684 0.15673599999999993 -0.711788
vn -0.684684 0.15673599999999993 -0.711788
vn -0.234826 -0.970626 0.05236100000000006
vn -0.234826 -0.970626 0.05236100000000006
vn -0.234826 -0.970626 0.05236100000000006
vn -0.338331 -0.928591 0.15248100000000006
vn -0.338331 -0.928591 0.15248100000000006
vn -0.338331 -0.928591 0.15248100000000006
vn -0.307511 -0.949921 0.05555200000000005
vn -0.307511 -0.949921 0.05555200000000005
vn -0.307511 -0.949921 0.05555200000000005
vn -0.200191 -0.966809 0.15875600000000006
vn -0.200191 -0.966809 0.15875600000000006
vn -0.200191 -0.966809 0.15875600000000006
vn -0.227981 -0.851043 0.4730230000000001
vn -0.227981 -0.851043 0.4730230000000001
vn -0.227981 -0.851043 0.4730230000000001
vn 0.234022 0.862961 0.44780799999999993
vn 0.234022 0.862961 0.44780799999999993
vn 0.234022 0.862961 0.44780799999999993
vn -0.966677 -0.255987 -0.0023339999999999845
vn -0.966677 -0.255987 -0.0023339999999999845
vn -0.966677 -0.255987 -0.0023339999999999845
vn -0.98867 -0.150037 -0.004555999999999991
vn -0.98867 -0.150037 -0.004555999999999991
vn -0.98867 -0.150037 -0.004555999999999991
vn -0.966515 -0.256491 -0.007787999999999984
vn -0.966515 -0.256491 -0.007787999999999984
vn -0.966515 -0.256491 -0.007787999999999984
vn -0.950614 -0.294144 -0.09905599999999999
vn -0.950614 -0.294144 -0.09905599999999999
vn -0.950614 -0.294144 -0.09905599999999999
vn -0.944289 -0.319565 0.07872000000000001
vn -0.944289 -0.319565 0.07872000000000001
vn -0.944289 -0.319565 0.07872000000000001
vn 0.988687 0.149919 0.004753999999999991
vn 0.988687 0.149919 0.004753999999999991
vn 0.988687 0.149919 0.004753999999999991
vn 0.96652 0.256464 0.008132999999999984
vn 0.96652 0.256464 0.008132999999999984
vn 0.96652 0.256464 0.008132999999999984
vn 0.943289 0.321941 -0.08099300000000001
vn 0.943289 0.321941 -0.08099300000000001
vn 0.943289 0.321941 -0.08099300000000001
vn 0.950421 0.294607 0.09953099999999998
vn 0.950421 0.294607 0.09953099999999998
vn 0.950421 0.294607 0.09953099999999998
vn 0.966645 0.256115 -0.0014800000000000156
vn 0.966645 0.256115 -0.0014800000000000156
vn 0.966645 0.256115 -0.0014800000000000156
vn 0.965478 0.260444 -0.004586000000000015
vn 0.965478 0.260444 -0.004586000000000015
vn 0.965478 0.260444 -0.004586000000000015
vn 0.965969 0.258655 0.0010229999999999842
vn 0.965969 0.258655 0.0010229999999999842
vn 0.965969 0.258655 0.0010229999999999842
vn 0.082052 -0.880493 -0.46690399999999993
vn 0.082052 -0.880493 -0.46690399999999993
vn 0.082052 -0.880493 -0.46690399999999993
vn 0.294958 -0.835655 -0.46333599999999997
vn 0.294958 -0.835655 -0.46333599999999997
vn 0.294958 -0.835655 -0.46333599999999997
vn 0.709667 0.28595299999999996 -0.643897
vn 0.709667 0.28595299999999996 -0.643897
vn 0.709667 0.28595299999999996 -0.643897
vn 0.744853 0.22372399999999998 -0.628603
vn 0.744853 0.22372399999999998 -0.628603
vn 0.744853 0.22372399999999998 -0.628603
vn -0.22215 0.974609 0.02803599999999994
vn -0.22215 0.974609 0.02803599999999994
vn -0.22215 0.974609 0.02803599999999994
vn -0.264181 0.962801 0.056774999999999944
vn -0.264181 0.962801 0.056774999999999944
vn -0.264181 0.962801 0.056774999999999944
vn 0.966256 0.257355 0.010881999999999984
vn 0.966256 0.257355 0.010881999999999984
vn 0.966256 0.257355 0.010881999999999984
vn 0.966139 0.257848 0.009433999999999984
vn 0.966139 0.257848 0.009433999999999984
vn 0.966139 0.257848 0.009433999999999984
vn -0.966139 -0.257823 -0.010167999999999984
vn -0.966139 -0.257823 -0.010167999999999984
vn -0.966139 -0.257823 -0.010167999999999984
vn -0.966238 -0.257507 -0.008656999999999984
vn -0.966238 -0.257507 -0.008656999999999984
vn -0.966238 -0.257507 -0.008656999999999984
vn -0.009442 -0.07579899999999995 0.997078
vn -0.009442 -0.07579899999999995 0.997078
vn -0.009442 -0.07579899999999995 0.997078
vn 0.002864 -0.06968399999999994 0.997565
vn 0.002864 -0.06968399999999994 0.997565
vn 0.002864 -0.06968399999999994 0.997565
vn -0.230643 0.865455 -0.4447380000000001
vn -0.230643 0.865455 -0.4447380000000001
vn -0.230643 0.865455 -0.4447380000000001
vn -0.23478 0.867351 -0.43884000000000006
vn -0.23478 0.867351 -0.43884000000000006
vn -0.23478 0.867351 -0.43884000000000006
vn 0.231971 -0.851925 -0.46948199999999995
vn 0.231971 -0.851925 -0.46948199999999995
vn 0.231971 -0.851925 -0.46948199999999995
vn 0.246738 -0.846627 -0.4715329999999999
vn 0.246738 -0.846627 -0.4715329999999999
vn 0.246738 -0.846627 -0.4715329999999999
vn -0.216668 0.869462 -0.44394900000000004
vn -0.216668 0.869462 -0.44394900000000004
vn -0.216668 0.869462 -0.44394900000000004
vn -0.231985 0.864302 -0.44627900000000004
vn -0.231985 0.864302 -0.44627900000000004
vn -0.231985 0.864302 -0.44627900000000004
vn -0.235467 0.867437 -0.43830100000000005
vn -0.235467 0.867437 -0.43830100000000005
vn -0.235467 0.867437 -0.43830100000000005
vn -0.237141 0.866856 -0.4385490000000001
vn -0.237141 0.866856 -0.4385490000000001
vn -0.237141 0.866856 -0.4385490000000001
vn -0.210374 0.857738 0.46907099999999996
vn -0.210374 0.857738 0.46907099999999996
vn -0.210374 0.857738 0.46907099999999996
vn 0.748883 0.21828599999999998 -0.62572
vn 0.748883 0.21828599999999998 -0.62572
vn 0.748883 0.21828599999999998 -0.62572
vn 0.727067 0.30474399999999996 -0.615227
vn 0.727067 0.30474399999999996 -0.615227
vn 0.727067 0.30474399999999996 -0.615227
vn -0.252024 0.967613 0.01445199999999994
vn -0.252024 0.967613 0.01445199999999994
vn -0.252024 0.967613 0.01445199999999994
vn -0.266271 0.963558 0.02560799999999994
vn -0.266271 0.963558 0.02560799999999994
vn -0.266271 0.963558 0.02560799999999994
vn -0.272695 0.961951 0.01694599999999994
vn -0.272695 0.961951 0.01694599999999994
vn -0.272695 0.961951 0.01694599999999994
vn -0.261824 0.964775 0.02562899999999994
vn -0.261824 0.964775 0.02562899999999994
vn -0.261824 0.964775 0.02562899999999994
vn -0.833329 -0.55229 0.023208000000000034
vn -0.729348 -0.680993 0.06557400000000004
vn -0.731591 -0.681492 0.018530000000000043
vn -0.731591 -0.681492 0.018530000000000043
vn 0.740972 0.671536 0.00024999999999995886
vn -0.285113 0.958494 -5.869083045509716E-17
vn -0.803184 0.595731 -3.6478003115142597E-17
vn 0.173637 0.98481 -1.0000000000603021E-06
vn 0.173632 0.984811 -6.03022819457552E-17
vn -0.285113 0.958494 -5.869083045509716E-17
vn -0.877159 0.285717 0.385952
vn -0.935681 -0.301616 0.18310800000000002
vn -0.603876 0.66574 0.43831999999999993
vn -0.628464 0.641173 0.44037499999999996
vn -0.877159 0.285717 0.385952
vn 0.094501 -0.642742 0.760231
vn 0.132209 -0.652739 0.745958
vn -0.322315 -0.43219099999999994 0.842214
vn -0.322315 -0.43219099999999994 0.842214
vn -0.769535 0.01660500000000004 0.638389
vn -0.01212 0.0011590000000000612 0.999926
vn -0.867266 -0.12639399999999998 0.481533
vn -0.601805 -0.42428499999999997 0.676619
vn 0.200851 -0.4205459999999999 0.88476
vn -0.01212 0.0011590000000000612 0.999926
vn -0.047782 -0.621982 0.781572
vn 0.530529 -0.35244299999999995 0.770923
vn 0.701527 0.19722900000000004 0.684807
vn -0.01212 0.0011590000000000612 0.999926
vn 0.616448 0.620622 0.48458299999999993
vn -0.086762 -0.994745 -0.054359999999999936
vn -0.086236 -0.994774 -0.054657999999999936
vn -0.086762 -0.994745 -0.054359999999999936
vn -0.086762 -0.994745 -0.054359999999999936
vn -1.2E-05 0.00010100000000006123 1
vn -1.6E-05 0.00010500000000006123 1
vn -1.2E-05 0.00010100000000006123 1
vn -1.2E-05 0.00010100000000006123 1
vn 0.998518 -0.039591 0.03735
vn 0.998547 -0.035981 0.040117
vn 0.998518 -0.039591 0.03735
vn 0.998468 -0.043201 0.034582
vn 0.08512 0.985069 0.14964599999999995
vn 0.084871 0.985069 0.14978399999999994
vn 0.08512 0.985069 0.14964599999999995
vn 0.085368 0.985069 0.14950699999999995
vn -0.998881 0.044755 0.015304999999999996
vn -0.998976 0.041974 0.016869999999999996
vn -0.998881 0.044755 0.015304999999999996
vn -0.998775 0.047536 0.013740999999999996
vn 0.817369 0.576093 -0.005091000000000036
vn 0.735728 0.677114 -0.014837000000000041
vn 0.740972 0.671536 0.00024999999999995886
vn -0.731591 -0.681492 0.018530000000000043
vn -0.262959 0.964676 0.01587799999999994
vn -0.262812 0.964792 0.01030099999999994
vn -0.262959 0.964676 0.01587799999999994
vn -0.263098 0.964531 0.021453999999999942
vn 0.263269 -0.964705 -0.005901999999999941
vn 0.263223 -0.964705 -0.007609999999999941
vn 0.263269 -0.964705 -0.005901999999999941
vn 0.263314 -0.964701 -0.004192999999999941
vn 0.416223 0.909261 -0.0018340000000000556
vn 0.419461 0.907768 -0.0032340000000000554
vn 0.416223 0.909261 -0.0018340000000000556
vn 0.412979 0.91074 -0.00043400000000005576
vn -0.996262 0.086366 -0.0016730000000000052
vn -0.996327 0.085625 -0.0012700000000000053
vn -0.996262 0.086366 -0.0016730000000000052
vn -0.996197 0.087108 -0.0020750000000000052
vn -0.818802 -0.574056 -0.004882999999999965
vn -0.821614 -0.569998 -0.007212999999999965
vn -0.818802 -0.574056 -0.004882999999999965
vn -0.815964 -0.578096 -0.0025529999999999646
vn 0.258816 0.965927 -1.000000000059146E-06
vn 0.258821 0.965925 -5.914584797332036E-17
vn 0.258816 0.965927 -1.000000000059146E-06
vn 0.258811 0.965928 -2.000000000059146E-06
vn -0.984808 0.173644 9.999999999893674E-07
vn -0.984809 0.17364 9.999999999893676E-07
vn -0.803184 0.595731 -3.6478003115142597E-17
vn -0.285113 0.958494 -5.869083045509716E-17
vn -0.642798 0.766036 -1.000000000046906E-06
vn -0.642793 0.76604 -1.0000000000469063E-06
vn -0.642798 0.766036 -1.000000000046906E-06
vn -0.642802 0.766032 -4.690593184222227E-17
vn 0.087159 -0.996195 6.099935090382987E-17
vn 0.087161 -0.996194 1.0000000000609992E-06
vn 0.087159 -0.996195 6.099935090382987E-17
vn 0.087157 -0.996195 6.099935090382987E-17
vn 0.173653 -0.984807 -9.99999999939698E-07
vn 0.173647 -0.984808 6.030209824873533E-17
vn 0.173653 -0.984807 -9.99999999939698E-07
vn 0.173658 -0.984806 -1.999999999939698E-06
vn 0.866028 -0.499997 -9.99999999969384E-07
vn 0.866024 -0.500002 3.0616292443363744E-17
vn 0.866028 -0.499997 -9.99999999969384E-07
vn 0.866031 -0.499991 -1.9999999999693843E-06
vn 0.906306 0.422623 -1.000000000025878E-06
vn 0.906308 0.422618 -2.5877889048102807E-17
vn 0.906306 0.422623 -1.000000000025878E-06
vn 0.906303 0.422628 -2.0000000000258785E-06
vn -0.397183 -0.917739 0.001334000000000056
vn -0.394005 -0.919108 -1.999999999994372E-05
vn -0.397183 -0.917739 0.001334000000000056
vn -0.400355 -0.916356 0.002688000000000056
vn -0.225182 0.973674 0.03538499999999994
vn -0.220074 0.974443 0.045032999999999934
vn -0.225182 0.973674 0.03538499999999994
vn -0.230264 0.972788 0.025731999999999942
vn -0.227013 0.973705 0.019080999999999942
vn -0.228506 0.97336 0.01885499999999994
vn -0.227013 0.973705 0.019080999999999942
vn -0.22552 0.974047 0.019306999999999942
vn 0.966982 0.254816 0.0038029999999999843
vn 0.966764 0.255635 0.004316999999999984
vn 0.966982 0.254816 0.0038029999999999843
vn 0.966982 0.254816 0.0038029999999999843
vn 0.967005 0.254727 0.003978999999999984
vn 0.966797 0.255508 0.004458999999999985
vn 0.967005 0.254727 0.003978999999999984
vn 0.967005 0.254727 0.003978999999999984
vn 0.96719 0.254015 0.004429999999999984
vn 0.967014 0.254688 0.004129999999999984
vn 0.96719 0.254015 0.004429999999999984
vn 0.96719 0.254015 0.004429999999999984
vn 0.58043 4.986210675068406E-17 0.81431
vn 0.410426 0.41042600000000007 0.81431
vn 0 0.0021320000000000614 0.999998
vn 0.414437 -0.40640299999999996 0.814297
vn 0 0.0021320000000000614 0.999998
vn 0 0.58043 0.81431
vn 0 0.0021320000000000614 0.999998
vn -0.410426 0.41042600000000007 0.81431
vn -0.58043 4.986210675068406E-17 0.81431
vn 0 0.0021320000000000614 0.999998
vn -0.414437 -0.40640199999999993 0.814297
vn 0 0.0021320000000000614 0.999998
vn -0 -0.574768 0.818316
vn 0 0.0021320000000000614 0.999998
vn -0.049619 0.99876 0.0039999999999999385
vn -0.049137 0.998784 0.004050999999999938
vn -0.049619 0.99876 0.0039999999999999385
vn -0.0501 0.998736 0.003949999999999939
vn -0.999666 -0.025862 -0.00010499999999999842
vn -0.999679 -0.025352 -0.00017899999999999844
vn -0.999666 -0.025862 -0.00010499999999999842
vn -0.999666 -0.025862 -0.00010499999999999842
vn 0.964216 0.265115 -0.0006160000000000163
vn 0.964511 0.264043 -0.00023200000000001616
vn 0.964216 0.265115 -0.0006160000000000163
vn 0.963921 0.266187 -0.0010000000000000163
vn 0.990492 0.137544 -0.0028230000000000082
vn 0.990737 0.135774 -0.0023180000000000084
vn 0.990492 0.137544 -0.0028230000000000082
vn 0.990243 0.139314 -0.0033290000000000086
vn 0.262478 -0.964457 0.030458000000000058
vn 0.258958 -0.965613 0.023075000000000057
vn 0.262478 -0.964457 0.030458000000000058
vn 0.26598 -0.963236 0.03783900000000006
vn 0.027842 0.999586 0.007230999999999938
vn 0.027734 0.999591 0.0070449999999999385
vn 0.027842 0.999586 0.007230999999999938
vn 0.02795 0.999582 0.0074179999999999385
vn -0.319468 0.930185 0.18081999999999995
vn -0.285765 0.942384 0.17392899999999994
vn -0.319468 0.930185 0.18081999999999995
vn -0.352745 0.916747 0.18746999999999994
vn -0.726266 -0.687414 -1.999999999957908E-06
vn -0.726265 -0.687415 -1.999999999957908E-06
vn -0.726266 -0.687414 -1.999999999957908E-06
vn -0.726267 -0.687413 -9.999999999579081E-07
vn -0.134043 -0.990277 0.037199000000000065
vn -0.118864 -0.992911 6.079826389940987E-17
vn -0.134043 -0.990277 0.037199000000000065
vn -0.149004 -0.986038 0.07433700000000006
vn -0.999893 0.014512 -0.0017870000000000008
vn -0.999887 0.015039 -2.0000000000009206E-06
vn -0.999893 0.014512 -0.0017870000000000008
vn -0.999896 0.013984 -0.003571000000000001
vn -0.968837 0.247698 0.0007929999999999848
vn -0.968821 0.247761 0.0009339999999999849
vn -0.968837 0.247698 0.0007929999999999848
vn -0.968837 0.247698 0.0007929999999999848
vn 0.968118 -0.250493 -0.0008059999999999847
vn 0.968167 -0.250304 -0.0013549999999999847
vn 0.968118 -0.250493 -0.0008059999999999847
vn 0.968118 -0.250493 -0.0008059999999999847
vn -0.650061 -0.759575 0.021584000000000044
vn -0.645864 -0.762222 0.04332100000000005
vn -0.650061 -0.759575 0.021584000000000044
vn -0.653935 -0.756551 -0.00016299999999995368
vn 0.630753 0.775052 -0.03803100000000005
vn 0.632318 0.774286 -0.025601000000000047
vn 0.630753 0.775052 -0.03803100000000005
vn 0.629088 0.775695 -0.05045500000000005
vn -0.820934 -0.569923 0.03542200000000004
vn -0.829537 -0.556389 0.04794700000000003
vn -0.820934 -0.569923 0.03542200000000004
vn -0.811992 -0.58322 0.022882000000000034
vn 0.788654 0.614824 -0.0040920000000000374
vn 0.767942 0.640143 0.021974999999999963
vn 0.788654 0.614824 -0.0040920000000000374
vn 0.807987 0.588429 -0.030151000000000035
vn -0.943364 0.313734 0.10786699999999999
vn -0.943434 0.31137 0.11393199999999999
vn -0.943364 0.313734 0.10786699999999999
vn -0.943254 0.316085 0.10179799999999999
vn -0.291055 -0.918207 0.2686680000000001
vn -0.29293 -0.918885 0.26427700000000004
vn -0.291055 -0.918207 0.2686680000000001
vn -0.289174 -0.917508 0.27305300000000005
vn 0.923183 -0.313222 0.22276600000000002
vn 0.922845 -0.311686 0.22629500000000002
vn 0.923183 -0.313222 0.22276600000000002
vn 0.923508 -0.314753 0.21923300000000004
vn 0.314821 0.938835 0.13955799999999993
vn 0.339903 0.937108 0.07934099999999994
vn 0.314821 0.938835 0.13955799999999993
vn 0.288399 0.936564 0.19918099999999994
vn -0.019894 -0.00853099999999994 0.999766
vn -0.018521 -0.007799999999999938 0.999798
vn -0.019894 -0.00853099999999994 0.999766
vn -0.021267 -0.009261999999999939 0.999731
vn -0.943089 0.319355 0.09271199999999999
vn -0.944334 0.314573 0.09631599999999998
vn -0.943089 0.319355 0.09271199999999999
vn -0.941809 0.324124 0.08910399999999999
vn -0.214464 -0.96506 0.15054400000000007
vn -0.297531 -0.947227 0.11931200000000006
vn -0.214464 -0.96506 0.15054400000000007
vn -0.12964 -0.974986 0.18054200000000006
vn 0.943259 -0.311132 0.11601700000000001
vn 0.941369 -0.31749 0.11412700000000002
vn 0.943259 -0.311132 0.11601700000000001
vn 0.945104 -0.304759 0.11790100000000002
vn 0.300697 0.952982 0.037500999999999944
vn 0.297707 0.953844 0.03940799999999994
vn 0.300697 0.952982 0.037500999999999944
vn 0.303684 0.952108 0.035593999999999945
vn 0.47777 0.877626 0.03883199999999994
vn 0.414977 0.909748 0.012385999999999944
vn 0.47777 0.877626 0.03883199999999994
vn 0.537853 0.840525 0.06505699999999995
vn -0.422617 -0.906309 1.0000000000554954E-06
vn -0.422617 -0.906309 1.0000000000554954E-06
vn -0.422617 -0.906309 1.0000000000554954E-06
vn -0.422617 -0.906309 1.0000000000554954E-06
vn 0.232238 -0.866719 0.44143400000000005
vn 0.232236 -0.866719 0.44143400000000005
vn 0.232238 -0.866719 0.44143400000000005
vn 0.23224 -0.866718 0.44143400000000005
vn 0.193593 -0.980594 0.03092400000000006
vn 0.261271 -0.965258 0.003758000000000059
vn 0.193593 -0.980594 0.03092400000000006
vn 0.12484 -0.990485 0.05791900000000006
vn -0.196605 0.979783 -0.037045000000000064
vn -0.258816 0.965927 -1.000000000059146E-06
vn -0.196605 0.979783 -0.037045000000000064
vn -0.133325 0.988314 -0.07388800000000005
vn -0.736722 -0.675976 -0.01726599999999996
vn -0.766039 -0.642794 -2.99999999996064E-06
vn -0.935681 -0.301616 0.18310800000000002
vn -0.877159 0.285717 0.385952
vn -0.906308 0.422618 -2.5877889048102807E-17
vn -0.906311 0.422612 -3.0000000000258778E-06
vn -0.906308 0.422618 -2.5877889048102807E-17
vn -0.906306 0.422623 1.9999999999741218E-06
vn -0.383072 -0.663501 0.642667
vn -0 6.123233995736766E-17 1
vn -0.740039 -0.19829299999999997 0.642668
vn -0 6.123233995736766E-17 1
vn -0.663501 0.3830720000000001 0.642668
vn -0 6.123233995736766E-17 1
vn -0.198293 0.740039 0.642668
vn 0.198293 -0.740039 0.642668
vn -0 6.123233995736766E-17 1
vn 0.383072 0.663501 0.642668
vn 0.663501 -0.38307199999999997 0.642668
vn 0.740039 0.19829300000000002 0.642668
vn 0.256798 -0.95838 0.12474900000000005
vn 0.256797 -0.95838 0.12474800000000005
vn 0.256798 -0.95838 0.12474900000000005
vn 0.256798 -0.95838 0.12474900000000005
vn 0.962071 0.234602 0.13921599999999998
vn 0.96402 0.228152 0.13642999999999997
vn 0.962071 0.234602 0.13921599999999998
vn 0.960072 0.24104 0.14199299999999998
vn -0.256797 0.95838 0.12474899999999994
vn -0.256797 0.95838 0.12474899999999994
vn -0.256797 0.95838 0.12474899999999994
vn -0.256798 0.95838 0.12474899999999994
vn 0.054043 -0.20168999999999995 0.977957
vn 0.054043 -0.20168999999999995 0.977957
vn 0.054043 -0.20168999999999995 0.977957
vn 0.054043 -0.20168999999999995 0.977957
vn -0.08008 -0.991719 0.10040400000000005
vn -0.078355 -0.991797 0.10099500000000006
vn -0.08008 -0.991719 0.10040400000000005
vn -0.081804 -0.991638 0.09981300000000005
vn 0.093311 0.990592 0.10010599999999995
vn 0.094951 0.990495 0.09951999999999994
vn 0.093311 0.990592 0.10010599999999995
vn 0.091671 0.990685 0.10069199999999995
vn -0.994996 0.0054530000000000065 0.099762
vn -0.99496 0.003712000000000006 0.100206
vn -0.994996 0.0054530000000000065 0.099762
vn -0.99503 0.007195000000000006 0.099318
vn 0.995027 0.005451000000000006 0.099455
vn 0.995084 0.0036640000000000062 0.098969
vn 0.995027 0.005451000000000006 0.099455
vn 0.994967 0.007239000000000006 0.09994
vn -0.686568 0.18319800000000006 0.703607
vn -0.676008 0.19096700000000005 0.711719
vn -0.686568 0.18319800000000006 0.703607
vn -0.696965 0.17538500000000007 0.695327
vn 0.680934 -0.17045299999999994 0.712232
vn 0.683552 -0.16888999999999996 0.710094
vn 0.680934 -0.17045299999999994 0.712232
vn 0.678307 -0.17201399999999994 0.714361
vn 0.136565 0.990125 -0.03167100000000006
vn 0.127076 0.989871 -0.06330700000000006
vn 0.136565 0.990125 -0.03167100000000006
vn 0.145905 0.989299 9.99999999939423E-07
vn 0.717668 0.696386 9.999999999573586E-07
vn 0.717668 0.696386 -4.264134429355143E-17
vn 0.717668 0.696386 9.999999999573586E-07
vn 0.717668 0.696386 9.999999999573586E-07
vn 1 6.123233995736766E-23 1E-06
vn 1 0 0
vn 1 6.123233995736766E-23 1E-06
vn 1 1.2246467991473532E-22 2E-06
vn -0.300043 0.953165 0.03810299999999994
vn -0.295286 0.954964 0.02916699999999994
vn -0.300043 0.953165 0.03810299999999994
vn -0.304768 0.951264 0.047034999999999945
vn -0.297877 0.954361 0.02155699999999994
vn -0.298158 0.954272 0.021596999999999943
vn -0.297877 0.954361 0.02155699999999994
vn -0.297595 0.95445 0.021516999999999942
vn 0.957478 0.288473 0.004456999999999983
vn 0.957421 0.288659 0.004495999999999983
vn 0.957478 0.288473 0.004456999999999983
vn 0.957534 0.288287 0.004417999999999983
vn 0.969301 0.228071 0.09186399999999999
vn 0.967076 0.222363 0.12377099999999999
vn 0.969301 0.228071 0.09186399999999999
vn 0.970503 0.233538 0.059860999999999984
vn 0.995984 -0.089537 6.60000000000055E-05
vn 0.995618 -0.093487 0.0022010000000000055
vn 0.995984 -0.089537 6.60000000000055E-05
vn 0.996329 -0.085584 -0.002068999999999995
vn -0.769535 0.01660500000000004 0.638389
vn -0.322315 -0.43219099999999994 0.842214
vn -0.884999 0.334401 0.323964
vn -0.882926 0.319752 0.343803
vn -0.599849 0.799888 -0.018989000000000048
vn -0.600971 0.799021 -0.01997900000000005
vn -0.599849 0.799888 -0.018989000000000048
vn -0.598725 0.800753 -0.01799900000000005
vn 0.818812 0.574043 0.0046269999999999645
vn 0.816008 0.578035 0.0023219999999999643
vn 0.818812 0.574043 0.0046269999999999645
vn 0.821593 0.570033 0.006930999999999965
vn -0.992838 0.11946 -0.0016030000000000074
vn -0.99296 0.118443 -0.0011720000000000072
vn -0.992838 0.11946 -0.0016030000000000074
vn -0.992714 0.120477 -0.002034000000000007
vn -0.261034 0.965221 -0.014480000000000059
vn -0.259015 0.965799 -0.011973000000000058
vn -0.261034 0.965221 -0.014480000000000059
vn -0.263051 0.964632 -0.016987000000000058
vn -0.259847 0.965182 0.03005199999999994
vn -0.260376 0.965028 0.03042699999999994
vn -0.259847 0.965182 0.03005199999999994
vn -0.259847 0.965182 0.03005199999999994
vn -0.966971 -0.254876 -0.0024439999999999844
vn -0.966949 -0.254957 -0.0024939999999999845
vn -0.966971 -0.254876 -0.0024439999999999844
vn -0.966971 -0.254876 -0.0024439999999999844
vn -0.967128 -0.254278 -0.0025359999999999844
vn -0.967071 -0.254494 -0.0024389999999999846
vn -0.967128 -0.254278 -0.0025359999999999844
vn -0.967128 -0.254278 -0.0025359999999999844
vn 0.967203 0.253967 0.004298999999999984
vn 0.96701 0.254709 0.0038709999999999843
vn 0.967203 0.253967 0.004298999999999984
vn 0.967203 0.253967 0.004298999999999984
vn -0.967046 -0.254592 -0.0021509999999999845
vn -0.966949 -0.254959 -0.0023779999999999843
vn -0.967046 -0.254592 -0.0021509999999999845
vn -0.967046 -0.254592 -0.0021509999999999845
vn -0.967169 -0.254123 -0.0024339999999999844
vn -0.967007 -0.254739 -0.0021519999999999842
vn -0.967169 -0.254123 -0.0024339999999999844
vn -0.967169 -0.254123 -0.0024339999999999844
vn -0.675771 -0.17874199999999996 0.715112
vn -0.700247 -0.16672999999999993 0.694158
vn -0.708623 -0.18135699999999993 0.681882
vn -0.749935 -0.20809299999999997 0.627929
vn -0.748698 -0.24874099999999996 0.614475
vn -0.753915 -0.25827199999999995 0.604077
vn -0.727832 -0.24489799999999998 0.640535
vn -0.730325 -0.22884699999999997 0.643626
vn -0.718613 -0.21813499999999997 0.660312
vn 0.740479 0.15431900000000004 0.654122
vn 0.748747 0.15246900000000002 0.645083
vn 0.752008 0.14101300000000003 0.643894
vn 0.78403 0.15385000000000001 0.601355
vn 0.776153 0.16938700000000004 0.607367
vn 0.767678 0.19453800000000002 0.610595
vn 0.72519 0.18965300000000002 0.661915
vn 0.721896 0.18610400000000002 0.666506
vn 0.709895 0.17869500000000005 0.681261
vn -0.130634 0.08317700000000006 0.987935
vn 0.193796 0.13252600000000006 0.972049
vn 0.0195 0.055967000000000065 0.998242
vn -0.129436 -0.01641599999999994 0.991452
vn 0.38407 0.03244100000000005 0.922734
vn 0.193796 0.13252600000000006 0.972049
vn 0.506531 0.07595300000000006 0.85887
vn 0.506531 0.07595300000000006 0.85887
vn 0.417345 -0.039201999999999945 0.907902
vn 0.193367 -0.019934999999999942 0.980924
vn -0.294394 -0.95538 -0.02409899999999994
vn -0.316838 -0.946919 -0.05439199999999995
vn -0.236924 -0.970567 -0.04320099999999994
vn -0.196178 -0.979852 -0.03746799999999994
vn -0.119298 -0.989559 -0.08086999999999994
vn -0.931288 -0.364284 2.230596172902972E-17
vn -0.865457 -0.500983 3.067636136886192E-17
vn -0.997118 -0.075862 4.6452077738458255E-18
vn -0.997118 0.075862 -4.6452077738458255E-18
vn -0.931288 0.364284 -2.230596172902972E-17
vn -0.865457 0.500983 -3.067636136886192E-17
vn -0.681004 0.73228 -4.4839217903981196E-17
vn -0.562382 0.826878 -5.0631674799268257E-17
vn -0.295839 0.955238 -5.849145795619597E-17
vn -0.14792 0.988999 -6.055872298549665E-17
vn 0.14792 0.988999 -6.055872298549665E-17
vn 0.295839 0.955238 -5.849145795619597E-17
vn 0.562382 0.826878 -5.0631674799268257E-17
vn 0.681004 0.732279 -4.483915667164123E-17
vn 0.865457 0.500982 -3.067630013652197E-17
vn 0.931288 0.364284 -2.230596172902972E-17
vn 0.997118 0.075862 -4.6452077738458255E-18
vn 0.997119 -0.075861 4.645146541505868E-18
vn 0.908206 -0.418523 2.5627142615977384E-17
vn 0.796134 -0.60512 -0.00021699999999996294
vn 0.518481 -0.855089 -0.00034899999999994766
vn 0.363741 -0.9315 -0.000348999999999943
vn -0.009271 -0.999957 -0.00013699999999993877
vn -0.231999 -0.972716 5.956167679397084E-17
vn -0.562382 -0.826878 5.0631674799268257E-17
vn -0.681004 -0.732279 4.483915667164123E-17
vn -0.865457 -0.500983 3.067636136886192E-17
vn -0.931288 -0.364284 2.230596172902972E-17
vn -0.002733 0.03701600000000006 0.999311
vn -0.005655 0.03701500000000006 0.999299
vn -0.005655 0.03701500000000006 0.999299
vn 0.000189 0.03701500000000006 0.999315
vn 0.003111 0.03701500000000006 0.99931
vn 0.003111 0.03701500000000006 0.99931
vn 0.98705 -0.133752 0.08856200000000002
vn 0.992131 -0.086799 0.090235
vn 0.992131 -0.086799 0.090235
vn 0.979008 -0.182929 0.08989300000000001
vn 0.992594 -0.086347 0.085444
vn 0.992177 -0.086282 0.090218
vn 0.995045 0.059495000000000006 0.079662
vn 0.99562 0.055686000000000006 0.075093
vn -0.995014 0.03633200000000001 0.092884
vn -0.993292 -0.05555299999999999 0.10142
vn -0.993532 -0.05940499999999999 0.096774
vn -0.986931 0.133806 0.08979399999999998
vn -0.983348 0.159025 0.08796099999999998
vn -0.982833 0.160846 0.09037299999999998
vn -0.992318 0.086817 0.088134
vn -0.992318 0.086817 0.088134
vn 0.082787 -0.003002999999999939 0.996563
vn 0.083509 0.00532300000000006 0.996493
vn 0.083509 0.00532300000000006 0.996493
vn 0.082058 -0.011327999999999939 0.996563
vn 0.081691 -0.015502999999999939 0.996537
vn 0.082056 -0.011353999999999939 0.996563
vn 0.08242 -0.00720399999999994 0.996572
vn 0.08242 -0.00720399999999994 0.996572
vn -0.272464 -0.961805 0.02634100000000006
vn -0.272068 -0.962271 -0.003626999999999941
vn -0.272376 -0.962181 -0.004417999999999941
vn -0.27257 -0.961248 0.041332000000000056
vn -0.271866 -0.958323 0.08778300000000006
vn 0.967092 0.254422 0.0012049999999999843
vn 0.967102 0.254385 0.0013159999999999843
vn 0.96694 0.255002 0.0014129999999999844
vn 0.967092 0.254422 0.0012049999999999843
vn 0.967092 0.254422 0.0012049999999999843
vn -0.968081 -0.250583 0.005158000000000016
vn -0.969507 -0.245044 0.003038000000000015
vn -0.968854 -0.247607 0.003629000000000015
vn -0.966828 -0.255392 0.0042800000000000156
vn -0.965851 -0.259087 0.002193000000000016
vn -0.965701 -0.259655 0.00027800000000001586
vn -0.965562 -0.260173 7.600000000001594E-05
vn -0.965472 -0.260506 1.595139195293402E-17
vn -0.109204 -0.99078 0.08018400000000006
vn -0.104976 -0.990794 0.08548500000000006
vn 0.002808 -0.996727 0.08079700000000005
vn 0.003038 -0.997151 0.07536500000000006
vn 0.114786 -0.990132 0.08039400000000005
vn 0.110104 -0.990196 0.08595800000000006
vn -0.11484 0.988929 0.09397799999999995
vn -0.110266 0.989944 0.08861799999999995
vn -0.003 0.995497 0.09474199999999995
vn -0.003231 0.994977 0.10004899999999994
vn 0.108878 0.989571 0.09431599999999994
vn 0.104761 0.990487 0.08921799999999995
vn -0 0.921364 -0.3887010000000001
vn -0 0.979234 -0.20273200000000005
vn 0.898538 0.438522 -0.01812100000000003
vn -0 0.41575999999999996 -0.909474
vn 0.850341 0.524732 -0.03970300000000004
vn 0.718934 0.683302 -0.12740700000000005
vn -0 0.921364 -0.3887010000000001
vn -0.898538 -0.438523 0.01812100000000003
vn -0 0.979234 -0.20273200000000005
vn -0 0.41575999999999996 -0.909474
vn -0.833329 -0.55229 0.023208000000000034
vn -0.729348 -0.680993 0.06557400000000004
vn -0.616384 0.668363 0.41636799999999996
vn -0.616384 0.668363 0.41636799999999996
vn -0.616386 0.668365 0.41636199999999995
vn -0.616382 0.668363 0.41636999999999996
vn -0.616383 0.668363 0.41636799999999996
vn -0.616378 0.668367 0.41636899999999993
vn -0.616383 0.668363 0.41636799999999996
vn -0.616383 0.668363 0.41636799999999996
vn -0 6.123233995736766E-17 1
vn 0 6.123233995736766E-17 1
vn -0 6.123233995736766E-17 1
vn 0 6.123233995736766E-17 1
vn 0 6.123233995736766E-17 1
vn 0 6.123233995736766E-17 1
vn 0 6.123233995736766E-17 1
vn 0 6.123233995736766E-17 1
vn 0 6.123233995736766E-17 1
vn 0 6.123233995736766E-17 1
vn 0 6.123233995736766E-17 1
vn 0 6.123233995736766E-17 1
vn 0 6.123233995736766E-17 1
vn 0.124983 -0.61876 0.775575
vn -0 6.123233995736766E-17 1
vn -0.349153 -0.525906 0.775574
vn -0.61876 -0.12498399999999996 0.775574
vn 0.525906 -0.34915199999999996 0.775575
vn -0.525905 0.34915300000000005 0.775575
vn 0.618759 0.12498300000000004 0.775575
vn -0.124983 0.61876 0.775574
vn 0.349152 0.525906 0.775575
vn -0.155079 -0.578762 0.800615
vn -0 6.123233995736766E-17 1
vn -0.518905 -0.29958899999999994 0.800615
vn -0.578763 0.15507900000000005 0.800615
vn 0.29959 -0.518904 0.800615
vn -0.29959 0.518904 0.800615
vn 0.578763 -0.15507899999999994 0.800615
vn 0.155079 0.578763 0.800615
vn 0.518904 0.2995900000000001 0.800615
g 01
f 1/1/1 2/2/2 3/3/3
f 4/4/4 5/5/5 6/6/6
f 7/7/7 8/8/8 9/9/9
f 10/10/10 11/11/11 12/12/12
f 13/13/13 14/14/14 15/15/15
f 16/16/16 17/17/17 18/18/18
f 19/19/19 20/20/20 21/21/21
f 22/22/22 23/23/23 24/24/24
f 25/25/25 26/26/26 27/27/27
f 28/28/28 29/29/29 30/30/30
f 31/31/31 32/32/32 33/33/33
f 34/34/34 35/35/35 36/36/36
f 37/37/37 38/38/38 39/39/39
f 40/40/40 41/41/41 42/42/42
f 43/43/43 44/44/44 45/45/45
f 46/46/46 47/47/47 48/48/48
f 49/49/49 50/50/50 51/51/51
f 52/52/52 53/53/53 54/54/54
f 55/55/55 56/56/56 57/57/57
f 58/58/58 59/59/59 60/60/60
f 61/61/61 62/62/62 63/63/63
f 64/64/64 65/65/65 66/66/66
f 67/67/67 68/68/68 69/69/69
f 70/70/70 71/71/71 72/72/72
f 73/73/73 74/74/74 75/75/75
f 76/76/76 77/77/77 78/78/78
f 79/79/79 80/80/80 81/81/81
f 82/82/82 83/83/83 84/84/84
f 85/85/85 86/86/86 87/87/87
f 88/88/88 89/89/89 90/90/90
f 91/91/91 92/92/92 93/93/93
f 94/94/94 95/95/95 96/96/96
f 97/97/97 98/98/98 99/99/99
f 100/100/100 101/101/101 102/102/102
f 103/103/103 104/104/104 105/105/105
f 106/106/106 107/107/107 108/108/108
f 109/109/109 110/110/110 111/111/111
f 112/112/112 113/113/113 114/114/114
f 115/115/115 116/116/116 117/117/117
f 118/118/118 119/119/119 120/120/120
f 121/121/121 122/122/122 123/123/123
f 124/124/124 125/125/125 126/126/126
f 127/127/127 128/128/128 129/129/129
f 130/130/130 131/131/131 132/132/132
f 133/133/133 134/134/134 135/135/135
f 136/136/136 137/137/137 138/138/138
f 139/139/139 140/140/140 141/141/141
f 142/142/142 143/143/143 144/144/144
f 145/145/145 146/146/146 147/147/147
f 148/148/148 149/149/149 150/150/150
f 151/151/151 152/152/152 153/153/153
f 154/154/154 155/155/155 156/156/156
f 157/157/157 158/158/158 159/159/159
f 160/160/160 161/161/161 162/162/162
f 163/163/163 164/164/164 165/165/165
f 166/166/166 167/167/167 168/168/168
f 169/169/169 170/170/170 171/171/171
f 172/172/172 173/173/173 174/174/174
f 175/175/175 176/176/176 177/177/177
f 178/178/178 179/179/179 180/180/180
f 181/181/181 182/182/182 183/183/183
f 184/184/184 185/185/185 186/186/186
f 187/187/187 188/188/188 189/189/189
f 190/190/190 191/191/191 192/192/192
f 193/193/193 194/194/194 195/195/195
f 196/196/196 197/197/197 198/198/198
f 199/199/199 200/200/200 201/201/201
f 202/202/202 203/203/203 204/204/204
f 205/205/205 206/206/206 207/207/207
f 208/208/208 209/209/209 210/210/210
f 211/211/211 212/212/212 213/213/213
f 214/214/214 215/215/215 216/216/216
f 217/217/217 218/218/218 219/219/219
f 220/220/220 221/221/221 222/222/222
f 223/223/223 224/224/224 225/225/225
f 226/226/226 227/227/227 228/228/228
f 229/229/229 230/230/230 231/231/231
f 232/232/232 233/233/233 234/234/234
f 235/235/235 236/236/236 237/237/237
f 238/238/238 239/239/239 240/240/240
f 241/241/241 242/242/242 243/243/243
f 244/244/244 245/245/245 246/246/246
f 247/247/247 248/248/248 249/249/249
f 250/250/250 251/251/251 252/252/252
f 253/253/253 254/254/254 255/255/255
f 256/256/256 257/257/257 258/258/258
f 259/259/259 260/260/260 261/261/261
f 262/262/262 263/263/263 264/264/264
f 265/265/265 266/266/266 267/267/267
f 268/268/268 269/269/269 270/270/270
f 271/271/271 272/272/272 273/273/273
f 274/274/274 275/275/275 276/276/276
f 277/277/277 278/278/278 279/279/279
f 280/280/280 281/281/281 282/282/282
f 283/283/283 284/284/284 285/285/285
f 286/286/286 287/287/287 288/288/288
f 289/289/289 290/290/290 291/291/291
f 292/292/292 293/293/293 294/294/294
f 295/295/295 296/296/296 297/297/297
f 298/298/298 299/299/299 300/300/300
f 301/301/301 302/302/302 303/303/303
f 304/304/304 305/305/305 306/306/306
f 307/307/307 308/308/308 309/309/309
f 310/310/310 311/311/311 312/312/312
f 313/313/313 314/314/314 315/315/315
f 316/316/316 317/317/317 318/318/318
f 319/319/319 320/320/320 321/321/321
f 322/322/322 323/323/323 324/324/324
f 325/325/325 326/326/326 327/327/327
f 328/328/328 329/329/329 330/330/330
f 331/331/331 332/332/332 333/333/333
f 334/334/334 335/335/335 336/336/336
f 337/337/337 338/338/338 339/339/339
f 340/340/340 341/341/341 342/342/342
f 343/343/343 344/344/344 345/345/345
f 346/346/346 347/347/347 343/343/343
f 348/348/348 349/349/349 350/350/350
f 350/350/350 351/351/351 352/352/352
f 353/353/353 354/354/354 355/355/355
f 355/355/355 356/356/356 357/357/357
f 358/358/358 359/359/359 360/360/360
f 361/361/361 362/362/362 358/358/358
f 363/363/363 364/364/364 365/365/365
f 365/365/365 366/366/366 367/367/367
f 366/366/366 365/365/365 368/368/368
f 366/366/366 368/368/368 369/369/369
f 366/366/366 369/369/369 370/370/370
f 371/371/371 366/366/366 370/370/370
f 370/370/370 372/372/372 371/371/371
f 373/373/373 374/374/374 375/375/375
f 375/375/375 376/376/376 373/373/373
f 377/377/377 378/378/378 379/379/379
f 379/379/379 380/380/380 377/377/377
f 381/381/381 382/382/382 383/383/383
f 383/383/383 384/384/384 381/381/381
f 385/385/385 386/386/386 387/387/387
f 387/387/387 388/388/388 385/385/385
f 389/389/389 390/390/390 391/391/391
f 391/391/391 392/392/392 389/389/389
f 393/393/393 394/394/394 395/395/395
f 395/395/395 396/396/396 393/393/393
f 397/397/397 398/398/398 399/399/399
f 399/399/399 400/400/400 397/397/397
f 401/401/401 402/402/402 403/403/403
f 403/403/403 404/404/404 401/401/401
f 405/405/405 406/406/406 407/407/407
f 407/407/407 408/408/408 405/405/405
f 409/409/409 410/410/410 411/411/411
f 411/411/411 412/412/412 409/409/409
f 413/413/413 414/414/414 415/415/415
f 415/415/415 416/416/416 413/413/413
f 417/417/417 418/418/418 419/419/419
f 419/419/419 420/420/420 417/417/417
f 421/421/421 422/422/422 423/423/423
f 423/423/423 424/424/424 421/421/421
f 425/425/425 426/426/426 427/427/427
f 427/427/427 428/428/428 425/425/425
f 429/429/429 430/430/430 431/431/431
f 431/431/431 432/432/432 429/429/429
f 433/433/433 434/434/434 435/435/435
f 435/435/435 436/436/436 433/433/433
f 437/437/437 438/438/438 439/439/439
f 439/439/439 440/440/440 437/437/437
f 441/441/441 442/442/442 443/443/443
f 443/443/443 444/444/444 441/441/441
f 445/445/445 446/446/446 447/447/447
f 447/447/447 448/448/448 445/445/445
f 449/449/449 450/450/450 451/451/451
f 451/451/451 452/452/452 449/449/449
f 453/453/453 454/454/454 455/455/455
f 455/455/455 456/456/456 453/453/453
f 457/457/457 458/458/458 459/459/459
f 459/459/459 460/460/460 457/457/457
f 461/461/461 462/462/462 463/463/463
f 463/463/463 464/464/464 461/461/461
f 465/465/465 466/466/466 467/467/467
f 467/467/467 468/468/468 465/465/465
f 469/469/469 470/470/470 471/471/471
f 472/472/472 469/469/469 473/473/473
f 470/470/470 474/474/474 475/475/475
f 474/474/474 476/476/476 475/475/475
f 476/476/476 477/477/477 478/478/478
f 477/477/477 479/479/479 480/480/480
f 479/479/479 481/481/481 482/482/482
f 481/481/481 472/472/472 482/482/482
f 483/483/483 484/484/484 485/485/485
f 485/485/485 486/486/486 483/483/483
f 487/487/487 488/488/488 489/489/489
f 489/489/489 490/490/490 487/487/487
f 491/491/491 492/492/492 493/493/493
f 493/493/493 494/494/494 491/491/491
f 495/495/495 496/496/496 497/497/497
f 497/497/497 498/498/498 495/495/495
f 499/499/499 500/500/500 501/501/501
f 501/501/501 502/502/502 499/499/499
f 503/503/503 504/504/504 505/505/505
f 505/505/505 506/506/506 503/503/503
f 507/507/507 508/508/508 509/509/509
f 509/509/509 510/510/510 507/507/507
f 511/511/511 512/512/512 513/513/513
f 513/513/513 514/514/514 511/511/511
f 515/515/515 516/516/516 517/517/517
f 517/517/517 518/518/518 515/515/515
f 519/519/519 520/520/520 521/521/521
f 521/521/521 522/522/522 519/519/519
f 523/523/523 524/524/524 525/525/525
f 525/525/525 526/526/526 523/523/523
f 527/527/527 528/528/528 529/529/529
f 529/529/529 530/530/530 527/527/527
f 531/531/531 532/532/532 533/533/533
f 533/533/533 534/534/534 531/531/531
f 535/535/535 536/536/536 537/537/537
f 537/537/537 538/538/538 535/535/535
f 539/539/539 540/540/540 541/541/541
f 541/541/541 542/542/542 539/539/539
f 543/543/543 544/544/544 545/545/545
f 545/545/545 546/546/546 543/543/543
f 547/547/547 548/548/548 549/549/549
f 549/549/549 550/550/550 547/547/547
f 551/551/551 552/552/552 553/553/553
f 553/553/553 554/554/554 551/551/551
f 555/555/555 556/556/556 557/557/557
f 557/557/557 558/558/558 555/555/555
f 559/559/559 560/560/560 561/561/561
f 561/561/561 562/562/562 559/559/559
f 563/563/563 564/564/564 565/565/565
f 565/565/565 566/566/566 563/563/563
f 567/567/567 568/568/568 569/569/569
f 569/569/569 570/570/570 567/567/567
f 571/571/571 572/572/572 573/573/573
f 573/573/573 574/574/574 571/571/571
f 575/575/575 576/576/576 577/577/577
f 577/577/577 578/578/578 575/575/575
f 579/579/579 580/580/580 581/581/581
f 581/581/581 582/582/582 579/579/579
f 583/583/583 584/584/584 585/585/585
f 585/585/585 586/586/586 583/583/583
f 587/587/587 588/588/588 589/589/589
f 589/589/589 590/590/590 587/587/587
f 591/591/591 592/592/592 593/593/593
f 593/593/593 594/594/594 591/591/591
f 595/595/595 596/596/596 597/597/597
f 597/597/597 598/598/598 595/595/595
f 599/599/599 600/600/600 601/601/601
f 601/601/601 602/602/602 599/599/599
f 603/603/603 604/604/604 605/605/605
f 605/605/605 606/606/606 603/603/603
f 607/607/607 608/608/608 609/609/609
f 609/609/609 610/610/610 607/607/607
f 611/611/611 612/612/612 613/613/613
f 613/613/613 614/614/614 615/615/615
f 615/615/615 616/616/616 617/617/617
f 618/618/618 619/619/619 611/611/611
f 617/617/617 619/619/619 620/620/620
f 621/621/621 619/619/619 618/618/618
f 620/620/620 619/619/619 622/622/622
f 622/622/622 619/619/619 621/621/621
f 623/623/623 624/624/624 625/625/625
f 625/625/625 626/626/626 623/623/623
f 627/627/627 628/628/628 629/629/629
f 629/629/629 630/630/630 627/627/627
f 631/631/631 632/632/632 633/633/633
f 633/633/633 634/634/634 631/631/631
f 635/635/635 636/636/636 637/637/637
f 637/637/637 638/638/638 635/635/635
f 639/639/639 640/640/640 641/641/641
f 641/641/641 642/642/642 639/639/639
f 643/643/643 644/644/644 645/645/645
f 645/645/645 646/646/646 643/643/643
f 647/647/647 648/648/648 649/649/649
f 649/649/649 650/650/650 647/647/647
f 651/651/651 652/652/652 653/653/653
f 653/653/653 654/654/654 651/651/651
f 655/655/655 656/656/656 657/657/657
f 657/657/657 658/658/658 655/655/655
f 659/659/659 660/660/660 661/661/661
f 661/661/661 662/662/662 659/659/659
f 663/663/663 664/664/664 665/665/665
f 665/665/665 666/666/666 663/663/663
f 667/667/667 668/668/668 669/669/669
f 669/669/669 670/670/670 667/667/667
f 671/671/671 672/672/672 673/673/673
f 673/673/673 674/674/674 671/671/671
f 675/675/675 676/676/676 677/677/677
f 677/677/677 678/678/678 675/675/675
f 679/679/679 680/680/680 681/681/681
f 681/681/681 682/682/682 679/679/679
f 683/683/683 684/684/684 685/685/685
f 685/685/685 686/686/686 683/683/683
f 687/687/687 688/688/688 689/689/689
f 689/689/689 690/690/690 687/687/687
f 691/691/691 692/692/692 693/693/693
f 693/693/693 694/694/694 691/691/691
f 695/695/695 696/696/696 697/697/697
f 697/697/697 698/698/698 695/695/695
f 699/699/699 700/700/700 701/701/701
f 701/701/701 702/702/702 699/699/699
f 703/703/703 704/704/704 705/705/705
f 705/705/705 706/706/706 703/703/703
f 707/707/707 708/708/708 709/709/709
f 709/709/709 710/710/710 707/707/707
f 711/711/711 712/712/712 713/713/713
f 713/713/713 714/714/714 711/711/711
f 715/715/715 716/716/716 717/717/717
f 717/717/717 718/718/718 715/715/715
f 719/719/719 720/720/720 721/721/721
f 721/721/721 722/722/722 719/719/719
f 723/723/723 724/724/724 725/725/725
f 725/725/725 726/726/726 723/723/723
f 727/727/727 728/728/728 729/729/729
f 729/729/729 730/730/730 727/727/727
f 731/731/731 732/732/732 733/733/733
f 733/733/733 734/734/734 731/731/731
f 735/735/735 736/736/736 737/737/737
f 737/737/737 738/738/738 735/735/735
f 739/739/739 740/740/740 741/741/741
f 741/741/741 740/740/740 742/742/742
f 742/742/742 743/743/743 741/741/741
f 744/744/744 743/743/743 742/742/742
f 745/745/745 743/743/743 744/744/744
f 744/744/744 746/746/746 745/745/745
f 747/747/747 745/745/745 746/746/746
f 748/748/748 749/749/749 750/750/750
f 750/750/750 749/749/749 751/751/751
f 751/751/751 752/752/752 750/750/750
f 753/753/753 752/752/752 751/751/751
f 754/754/754 752/752/752 753/753/753
f 753/753/753 755/755/755 754/754/754
f 755/755/755 756/756/756 754/754/754
f 757/757/757 758/758/758 759/759/759
f 759/759/759 760/760/760 757/757/757
f 761/761/761 759/759/759 762/762/762
f 762/762/762 763/763/763 761/761/761
f 761/761/761 764/764/764 765/765/765
f 765/765/765 766/766/766 761/761/761
f 767/767/767 768/768/768 769/769/769
f 769/769/769 770/770/770 767/767/767
f 769/769/769 771/771/771 770/770/770
f 772/772/772 773/773/773 774/774/774
f 774/774/774 775/775/775 772/772/772
f 775/775/775 774/774/774 776/776/776
f 776/776/776 777/777/777 775/775/775
f 777/777/777 776/776/776 778/778/778
f 778/778/778 779/779/779 777/777/777
f 779/779/779 778/778/778 780/780/780
f 780/780/780 781/781/781 779/779/779
f 781/781/781 780/780/780 782/782/782
f 782/782/782 783/783/783 781/781/781
f 783/783/783 782/782/782 784/784/784
f 784/784/784 785/785/785 783/783/783
f 785/785/785 784/784/784 786/786/786
f 786/786/786 787/787/787 785/785/785
f 787/787/787 786/786/786 788/788/788
f 788/788/788 789/789/789 787/787/787
f 789/789/789 788/788/788 790/790/790
f 790/790/790 791/791/791 789/789/789
f 791/791/791 790/790/790 792/792/792
f 792/792/792 793/793/793 791/791/791
f 793/793/793 792/792/792 794/794/794
f 794/794/794 795/795/795 793/793/793
f 795/795/795 794/794/794 796/796/796
f 796/796/796 797/797/797 795/795/795
f 797/797/797 796/796/796 798/798/798
f 798/798/798 799/799/799 797/797/797
f 800/800/800 801/801/801 802/802/802
f 802/802/802 803/803/803 800/800/800
f 804/804/804 800/800/800 803/803/803
f 803/803/803 805/805/805 804/804/804
f 806/806/806 807/807/807 808/808/808
f 808/808/808 809/809/809 806/806/806
f 810/810/810 806/806/806 809/809/809
f 809/809/809 811/811/811 810/810/810
f 810/810/810 811/811/811 812/812/812
f 812/812/812 813/813/813 810/810/810
f 814/814/814 815/815/815 816/816/816
f 816/816/816 817/817/817 814/814/814
f 818/818/818 814/814/814 817/817/817
f 817/817/817 819/819/819 818/818/818
f 818/818/818 819/819/819 820/820/820
f 820/820/820 821/821/821 818/818/818
f 822/822/822 823/823/823 824/824/824
f 824/824/824 825/825/825 822/822/822
f 826/826/826 822/822/822 825/825/825
f 825/825/825 827/827/827 826/826/826
f 828/828/828 826/826/826 827/827/827
f 827/827/827 829/829/829 828/828/828
f 830/830/830 831/831/831 832/832/832
f 832/832/832 833/833/833 830/830/830
f 834/834/834 830/830/830 833/833/833
f 835/835/835 836/836/836 837/837/837
f 838/838/838 836/836/836 835/835/835
f 835/835/835 839/839/839 838/838/838
f 840/840/840 841/841/841 842/842/842
f 843/843/843 840/840/840 842/842/842
f 843/843/843 844/844/844 840/840/840
f 843/843/843 845/845/845 844/844/844
f 845/845/845 846/846/846 844/844/844
f 846/846/846 847/847/847 844/844/844
f 848/848/848 849/849/849 850/850/850
f 850/850/850 851/851/851 848/848/848
f 852/852/852 851/851/851 850/850/850
f 850/850/850 853/853/853 852/852/852
f 854/854/854 855/855/855 856/856/856
f 856/856/856 857/857/857 854/854/854
f 858/858/858 857/857/857 856/856/856
f 856/856/856 859/859/859 858/858/858
f 860/860/860 861/861/861 862/862/862
f 862/862/862 861/861/861 863/863/863
f 862/862/862 863/863/863 864/864/864
f 864/864/864 865/865/865 862/862/862
f 866/866/866 867/867/867 868/868/868
f 868/868/868 867/867/867 869/869/869
f 870/870/870 869/869/869 867/867/867
f 867/867/867 871/871/871 870/870/870
f 872/872/872 873/873/873 874/874/874
f 874/874/874 875/875/875 872/872/872
f 876/876/876 875/875/875 874/874/874
f 874/874/874 877/877/877 876/876/876
f 876/876/876 877/877/877 878/878/878
f 878/878/878 879/879/879 876/876/876
f 880/880/880 881/881/881 882/882/882
f 880/880/880 882/882/882 883/883/883
f 884/884/884 885/885/885 883/883/883
f 882/882/882 886/886/886 887/887/887
f 888/888/888 884/884/884 883/883/883
f 882/882/882 888/888/888 883/883/883
f 888/888/888 889/889/889 884/884/884
f 882/882/882 887/887/887 888/888/888
f 887/887/887 890/890/890 888/888/888
f 890/890/890 891/891/891 888/888/888
f 887/887/887 892/892/892 890/890/890
f 893/893/893 894/894/894 895/895/895
f 895/895/895 894/894/894 896/896/896
f 897/897/897 894/894/894 893/893/893
f 896/896/896 894/894/894 898/898/898
f 899/899/899 894/894/894 897/897/897
f 898/898/898 894/894/894 900/900/900
f 901/901/901 894/894/894 899/899/899
f 900/900/900 894/894/894 901/901/901
f 902/902/902 903/903/903 904/904/904
f 904/904/904 903/903/903 905/905/905
f 906/906/906 903/903/903 902/902/902
f 905/905/905 903/903/903 907/907/907
f 908/908/908 903/903/903 906/906/906
f 907/907/907 903/903/903 909/909/909
f 910/910/910 903/903/903 908/908/908
f 909/909/909 903/903/903 910/910/910
