v -0.7497616 0.5081296000000001 0.5882288
v -0.6830528 0.44316560000000005 -2.7136066676610818e-17
v -0.6942184 0.4616032 -2.8265044067808775e-17
v -0.6942184 0.4616032 -2.8265044067808775e-17
v -0.7609096000000001 0.5013784 0.5882288
v -0.7497616 0.5081296000000001 0.5882288
v -0.7609096000000001 0.5013784 0.5882288
v -0.6942184 0.4616032 -2.8265044067808775e-17
v -0.7138304 0.4497264000000001 -2.7537799812603117e-17
v -0.7138304 0.4497264000000001 -2.7537799812603117e-17
v -0.7537288000000001 0.48952 0.5882288
v -0.7609096000000001 0.5013784 0.5882288
v -0.7537288000000001 0.48952 0.5882288
v -0.7138304 0.4497264000000001 -2.7537799812603117e-17
v -0.7026648 0.4312888 -2.6408822421405153e-17
v -0.7026648 0.4312888 -2.6408822421405153e-17
v -0.7425808 0.4962712 0.5882288
v -0.7537288000000001 0.48952 0.5882288
v -0.7425808 0.4962712 0.5882288
v -0.7026648 0.4312888 -2.6408822421405153e-17
v -0.6830528 0.44316560000000005 -2.7136066676610818e-17
v -0.6830528 0.44316560000000005 -2.7136066676610818e-17
v -0.7497616 0.5081296000000001 0.5882288
v -0.7425808 0.4962712 0.5882288
v -0.6189792000000001 1.3918544000000002 0.0016903999999999147
v -0.6179816 1.3918336 0.4686271999999999
v -0.5831584000000001 1.206308 0.4681847999999999
v -1.5543512000000002 1.2752896000000002 1.9264344000000002
v -1.5527008000000002 1.2668176000000004 1.781524
v -1.5051848 1.2668432000000003 1.7815248000000001
v -1.5051848 1.2668432000000003 1.7815248000000001
v -1.4998616 1.2752888000000002 1.9596672000000002
v -1.5543512000000002 1.2752896000000002 1.9264344000000002
v -1.4998616 1.2752888000000002 1.9596672000000002
v -1.5051848 1.2668432000000003 1.7815248000000001
v -1.4805456000000001 1.2248856000000004 1.781524
v -1.4805456000000001 1.2248856000000004 1.781524
v -1.4724968 1.2278912000000002 1.9264344000000002
v -1.4998616 1.2752888000000002 1.9596672000000002
v 0.6828536000000001 -0.8397543999999999 2.6569688
v 0.7064680000000001 -0.8457007999999999 2.6569688
v 0.6946608000000001 -0.8427279999999998 2.8540872000000004
v 0.7308048 -0.7548735999999998 2.6569688
v 0.7074072 -0.7481215999999998 2.6569688
v 0.7191064 -0.7514975999999999 2.8540872000000004
v 0.8285472 -1.1980111999999998 2.6569688
v 0.8455032 -1.1805336 2.6569688
v 0.8370248 -1.1892728 2.8540872000000004
v 0.7790128000000001 -1.1140439999999998 2.6569688
v 0.7614672 -1.1309311999999998 2.6569688
v 0.77024 -1.1224872 2.8540872000000004
v 1.3033720000000002 -0.5874071999999998 2.6569688
v 1.2864152000000002 -0.6048839999999999 2.6569688
v 1.2948936 -0.5961455999999998 2.8540872000000004
v 1.3529056000000002 -0.6713743999999999 2.6569688
v 1.3704520000000002 -0.6544871999999998 2.6569688
v 1.3616792000000002 -0.6629303999999999 2.8540872000000004
v 0.9202664 -0.5344527999999998 2.6569688
v 0.9269240000000001 -0.5578759999999998 2.6569688
v 0.9235952 -0.5461647999999999 2.8540872000000004
v 1.0177512 -0.5335391999999998 2.6569688
v 1.0118992 -0.5098999999999999 2.6569688
v 1.0148256 -0.5217191999999998 2.8540872000000004
v 0.9546872000000001 -1.3002183999999999 2.9059824
v 0.95102 -1.3139032 2.6571408000000005
v 1.0259880000000001 -1.2938159999999999 2.6571408000000005
v 1.0259880000000001 -1.2938159999999999 2.6571408000000005
v 1.0223896000000001 -1.2820776 2.85426
v 0.9546872000000001 -1.3002183999999999 2.9059824
v 1.0259880000000001 -1.2938159999999999 2.6571408000000005
v 1.0187920000000001 -1.2703391999999998 2.6571408000000005
v 1.0223896000000001 -1.2820776 2.85426
v 1.0223896000000001 -1.2820776 2.85426
v 1.0187920000000001 -1.2703391999999998 2.6571408000000005
v 0.9583552 -1.2865327999999998 2.6571416
v 0.9583552 -1.2865327999999998 2.6571416
v 0.9546872000000001 -1.3002183999999999 2.9059824
v 1.0223896000000001 -1.2820776 2.85426
v 0.9546872000000001 -1.3002183999999999 2.9059824
v 0.9583552 -1.2865327999999998 2.6571416
v 0.9141120000000001 -1.2422904 2.6571408000000005
v 0.9141120000000001 -1.2422904 2.6571408000000005
v 0.9051352 -1.2506655999999998 2.85426
v 0.9546872000000001 -1.3002183999999999 2.9059824
v 0.9141120000000001 -1.2422904 2.6571408000000005
v 0.8961584 -1.2590415999999998 2.6571408000000005
v 0.9051352 -1.2506655999999998 2.85426
v 0.9051352 -1.2506655999999998 2.85426
v 0.8961584 -1.2590415999999998 2.6571408000000005
v 0.95102 -1.3139032 2.6571408000000005
v 0.95102 -1.3139032 2.6571408000000005
v 0.9546872000000001 -1.3002183999999999 2.9059824
v 0.9051352 -1.2506655999999998 2.85426
v 1.1743216 -0.48495839999999985 2.9059824
v 1.1779888 -0.4712727999999999 2.6571408000000005
v 1.1030216 -0.4913599999999998 2.6571408000000005
v 1.1030216 -0.4913599999999998 2.6571408000000005
v 1.1066192 -0.5030983999999998 2.85426
v 1.1743216 -0.48495839999999985 2.9059824
v 1.1030216 -0.4913599999999998 2.6571408000000005
v 1.1102176000000001 -0.5148375999999998 2.6571408000000005
v 1.1066192 -0.5030983999999998 2.85426
v 1.1066192 -0.5030983999999998 2.85426
v 1.1102176000000001 -0.5148375999999998 2.6571408000000005
v 1.1706543999999999 -0.49864319999999984 2.6571408000000005
v 1.1706543999999999 -0.49864319999999984 2.6571408000000005
v 1.1743216 -0.48495839999999985 2.9059824
v 1.1066192 -0.5030983999999998 2.85426
v 1.1743216 -0.48495839999999985 2.9059824
v 1.1706543999999999 -0.49864319999999984 2.6571408000000005
v 1.2148968 -0.5428863999999999 2.6571408000000005
v 1.2148968 -0.5428863999999999 2.6571408000000005
v 1.2238736000000001 -0.5345103999999998 2.85426
v 1.1743216 -0.48495839999999985 2.9059824
v 1.2148968 -0.5428863999999999 2.6571408000000005
v 1.2328504000000002 -0.5261351999999998 2.6571408000000005
v 1.2238736000000001 -0.5345103999999998 2.85426
v 1.2238736000000001 -0.5345103999999998 2.85426
v 1.2328504000000002 -0.5261351999999998 2.6571408000000005
v 1.1779888 -0.4712727999999999 2.6571408000000005
v 1.1779888 -0.4712727999999999 2.6571408000000005
v 1.1743216 -0.48495839999999985 2.9059824
v 1.2238736000000001 -0.5345103999999998 2.85426
v 0.6565784 -1.0012991999999998 2.9059824
v 0.6428928 -1.0049656 2.6571408000000005
v 0.6977728000000001 -1.0598455999999998 2.6571408000000005
v 0.6977728000000001 -1.0598455999999998 2.6571408000000005
v 0.7061392 -1.05086 2.85426
v 0.6565784 -1.0012991999999998 2.9059824
v 0.6977728000000001 -1.0598455999999998 2.6571408000000005
v 0.7145064 -1.0418751999999998 2.6571408000000005
v 0.7061392 -1.05086 2.85426
v 0.7061392 -1.05086 2.85426
v 0.7145064 -1.0418751999999998 2.6571408000000005
v 0.6702632000000001 -0.9976327999999999 2.6571408000000005
v 0.6702632000000001 -0.9976327999999999 2.6571408000000005
v 0.6565784 -1.0012991999999998 2.9059824
v 0.7061392 -1.05086 2.85426
v 0.6565784 -1.0012991999999998 2.9059824
v 0.6702632000000001 -0.9976327999999999 2.6571408000000005
v 0.6864568000000001 -0.9371959999999998 2.6571408000000005
v 0.6864568000000001 -0.9371959999999998 2.6571408000000005
v 0.6747152000000001 -0.9336087999999999 2.85426
v 0.6565784 -1.0012991999999998 2.9059824
v 0.6864568000000001 -0.9371959999999998 2.6571408000000005
v 0.6629736 -0.9300231999999998 2.6571408000000005
v 0.6747152000000001 -0.9336087999999999 2.85426
v 0.6747152000000001 -0.9336087999999999 2.85426
v 0.6629736 -0.9300231999999998 2.6571408000000005
v 0.6428928 -1.0049656 2.6571408000000005
v 0.6428928 -1.0049656 2.6571408000000005
v 0.6565784 -1.0012991999999998 2.9059824
v 0.6747152000000001 -0.9336087999999999 2.85426
v 1.4724312 -0.7838775999999998 2.9059824
v 1.486116 -0.7802111999999999 2.6571408000000005
v 1.4312368 -0.7253303999999998 2.6571408000000005
v 1.4312368 -0.7253303999999998 2.6571408000000005
v 1.4228696 -0.7343159999999999 2.85426
v 1.4724312 -0.7838775999999998 2.9059824
v 1.4312368 -0.7253303999999998 2.6571408000000005
v 1.4145024 -0.7433015999999999 2.6571408000000005
v 1.4228696 -0.7343159999999999 2.85426
v 1.4228696 -0.7343159999999999 2.85426
v 1.4145024 -0.7433015999999999 2.6571408000000005
v 1.4587456 -0.7875439999999999 2.6571408000000005
v 1.4587456 -0.7875439999999999 2.6571408000000005
v 1.4724312 -0.7838775999999998 2.9059824
v 1.4228696 -0.7343159999999999 2.85426
v 1.4724312 -0.7838775999999998 2.9059824
v 1.4587456 -0.7875439999999999 2.6571408000000005
v 1.4425512 -0.8479807999999999 2.6571408000000005
v 1.4425512 -0.8479807999999999 2.6571408000000005
v 1.4542936 -0.8515671999999999 2.85426
v 1.4724312 -0.7838775999999998 2.9059824
v 1.4425512 -0.8479807999999999 2.6571408000000005
v 1.4660352 -0.8551536 2.6571408000000005
v 1.4542936 -0.8515671999999999 2.85426
v 1.4542936 -0.8515671999999999 2.85426
v 1.4660352 -0.8551536 2.6571408000000005
v 1.486116 -0.7802111999999999 2.6571408000000005
v 1.486116 -0.7802111999999999 2.6571408000000005
v 1.4724312 -0.7838775999999998 2.9059824
v 1.4542936 -0.8515671999999999 2.85426
v 1.4372584000000002 -0.9426903999999999 2.8540880000000004
v 1.4490656 -0.9456631999999999 2.6569688
v 1.4254512000000001 -0.9397167999999999 2.6569688
v 1.4128128000000002 -1.0339207999999998 2.8540872000000004
v 1.4011144 -1.0305448 2.6569688
v 1.424512 -1.0372967999999998 2.6569688
v 1.2083232000000002 -1.2392535999999998 2.8540872000000004
v 1.2116528000000002 -1.2509655999999998 2.6569688
v 1.2049952 -1.2275424 2.6569688
v 1.1170936 -1.2636991999999998 2.8540872000000004
v 1.1141672 -1.2518791999999999 2.6569688
v 1.1200192 -1.2755184 2.6569688
v 0.7362896000000001 -0.6586175999999999 2.6571408000000005
v 0.7482544 -0.6613711999999998 2.85426
v 0.7663952 -0.5936687999999999 2.9059824
v 0.7663952 -0.5936687999999999 2.9059824
v 0.7563776 -0.5836503999999998 2.6571408000000005
v 0.7362896000000001 -0.6586175999999999 2.6571408000000005
v 0.7482544 -0.6613711999999998 2.85426
v 0.7362896000000001 -0.6586175999999999 2.6571408000000005
v 0.7602192 -0.6641239999999998 2.6571408000000005
v 0.7764136 -0.6036871999999999 2.6571408000000005
v 0.7663952 -0.5936687999999999 2.9059824
v 0.7482544 -0.6613711999999998 2.85426
v 0.7482544 -0.6613711999999998 2.85426
v 0.7602192 -0.6641239999999998 2.6571408000000005
v 0.7764136 -0.6036871999999999 2.6571408000000005
v 0.8368496000000001 -0.5874935999999998 2.6571408000000005
v 0.8340848 -0.5755311999999998 2.85426
v 0.7663952 -0.5936687999999999 2.9059824
v 0.7663952 -0.5936687999999999 2.9059824
v 0.7764136 -0.6036871999999999 2.6571408000000005
v 0.8368496000000001 -0.5874935999999998 2.6571408000000005
v 0.8340848 -0.5755311999999998 2.85426
v 0.8368496000000001 -0.5874935999999998 2.6571408000000005
v 0.8313200000000001 -0.5635695999999999 2.6571408000000005
v 0.7563776 -0.5836503999999998 2.6571408000000005
v 0.7663952 -0.5936687999999999 2.9059824
v 0.8340848 -0.5755311999999998 2.85426
v 0.8340848 -0.5755311999999998 2.85426
v 0.8313200000000001 -0.5635695999999999 2.6571408000000005
v 0.7563776 -0.5836503999999998 2.6571408000000005
v 1.39272 -1.1265584 2.6571416
v 1.3807552 -1.1238055999999998 2.85426
v 1.3626144 -1.1915072 2.9059824
v 1.3626144 -1.1915072 2.9059824
v 1.372632 -1.2015263999999999 2.6571408000000005
v 1.39272 -1.1265584 2.6571416
v 1.3807552 -1.1238055999999998 2.85426
v 1.39272 -1.1265584 2.6571416
v 1.3687896000000002 -1.121052 2.6571408000000005
v 1.3525960000000001 -1.1814888 2.6571408000000005
v 1.3626144 -1.1915072 2.9059824
v 1.3807552 -1.1238055999999998 2.85426
v 1.3807552 -1.1238055999999998 2.85426
v 1.3687896000000002 -1.121052 2.6571408000000005
v 1.3525960000000001 -1.1814888 2.6571408000000005
v 1.2921592000000002 -1.1976824 2.6571408000000005
v 1.294924 -1.2096448 2.85426
v 1.3626144 -1.1915072 2.9059824
v 1.3626144 -1.1915072 2.9059824
v 1.3525960000000001 -1.1814888 2.6571408000000005
v 1.2921592000000002 -1.1976824 2.6571408000000005
v 1.294924 -1.2096448 2.85426
v 1.2921592000000002 -1.1976824 2.6571408000000005
v 1.2976896 -1.2216072 2.6571408000000005
v 1.372632 -1.2015263999999999 2.6571408000000005
v 1.3626144 -1.1915072 2.9059824
v 1.294924 -1.2096448 2.85426
v 1.294924 -1.2096448 2.85426
v 1.2976896 -1.2216072 2.6571408000000005
v 1.372632 -1.2015263999999999 2.6571408000000005
v -1.7398167999999998 0.8597704000000003 1.9596672000000002
v -1.7447040000000003 0.8512992000000003 1.7815248000000001
v -1.6836648 0.8512992000000003 1.781524
v -1.6836648 0.8512992000000003 1.781524
v -1.6853272000000001 0.8597696000000001 1.9264352
v -1.7398167999999998 0.8597704000000003 1.9596672000000002
v -1.6836648 0.8512992000000003 1.781524
v -1.6869776000000003 0.8682416000000002 1.7815248000000001
v -1.6853272000000001 0.8597696000000001 1.9264352
v -1.6853272000000001 0.8597696000000001 1.9264352
v -1.6869776000000003 0.8682416000000002 1.7815248000000001
v -1.7349232 0.8682416000000002 1.7815248000000001
v -1.7349232 0.8682416000000002 1.7815248000000001
v -1.7398167999999998 0.8597704000000003 1.9596672000000002
v -1.6853272000000001 0.8597696000000001 1.9264352
v -1.7398167999999998 0.8597704000000003 1.9596672000000002
v -1.7349232 0.8682416000000002 1.7815248000000001
v -1.7591320000000001 0.9101736000000002 1.781524
v -1.7591320000000001 0.9101736000000002 1.781524
v -1.7671824000000003 0.9071672000000002 1.9264352
v -1.7398167999999998 0.8597704000000003 1.9596672000000002
v -1.7591320000000001 0.9101736000000002 1.781524
v -1.7752240000000001 0.9041608000000002 1.781524
v -1.7671824000000003 0.9071672000000002 1.9264352
v -1.7671824000000003 0.9071672000000002 1.9264352
v -1.7752240000000001 0.9041608000000002 1.781524
v -1.7447040000000003 0.8512992000000003 1.7815248000000001
v -1.7447040000000003 0.8512992000000003 1.7815248000000001
v -1.7398167999999998 0.8597704000000003 1.9596672000000002
v -1.7671824000000003 0.9071672000000002 1.9264352
v -1.4998616 1.2752888000000002 1.9596672000000002
v -1.4949744000000003 1.2837600000000002 1.781524
v -1.5560136 1.2837600000000002 1.781524
v -1.5560136 1.2837600000000002 1.781524
v -1.5543512000000002 1.2752896000000002 1.9264344000000002
v -1.4998616 1.2752888000000002 1.9596672000000002
v -1.5560136 1.2837600000000002 1.781524
v -1.5527008000000002 1.2668176000000004 1.781524
v -1.5543512000000002 1.2752896000000002 1.9264344000000002
v -1.4805456000000001 1.2248856000000004 1.781524
v -1.4644552 1.2308984000000003 1.781524
v -1.4724968 1.2278912000000002 1.9264344000000002
v -1.4724968 1.2278912000000002 1.9264344000000002
v -1.4644552 1.2308984000000003 1.781524
v -1.4949744000000003 1.2837600000000002 1.781524
v -1.4949744000000003 1.2837600000000002 1.781524
v -1.4998616 1.2752888000000002 1.9596672000000002
v -1.4724968 1.2278912000000002 1.9264344000000002
v -1.8597528 1.0675536 1.9596672000000002
v -1.8695328 1.0675504000000002 1.7815248000000001
v -1.8390128000000001 1.0146880000000003 1.781524
v -1.8390128000000001 1.0146880000000003 1.781524
v -1.8325088000000003 1.0203640000000003 1.9264352
v -1.8597528 1.0675536 1.9596672000000002
v -1.8390128000000001 1.0146880000000003 1.781524
v -1.8259968000000002 1.0260296000000002 1.781524
v -1.8325088000000003 1.0203640000000003 1.9264352
v -1.8325088000000003 1.0203640000000003 1.9264352
v -1.8259968000000002 1.0260296000000002 1.781524
v -1.8499696 1.0675512000000003 1.781524
v -1.8499696 1.0675512000000003 1.781524
v -1.8597528 1.0675536 1.9596672000000002
v -1.8325088000000003 1.0203640000000003 1.9264352
v -1.8597528 1.0675536 1.9596672000000002
v -1.8499696 1.0675512000000003 1.781524
v -1.82576 1.1094832000000003 1.781524
v -1.82576 1.1094832000000003 1.781524
v -1.832388 1.1149512000000001 1.9264352
v -1.8597528 1.0675536 1.9596672000000002
v -1.82576 1.1094832000000003 1.781524
v -1.8390128000000001 1.1204120000000002 1.781524
v -1.832388 1.1149512000000001 1.9264352
v -1.832388 1.1149512000000001 1.9264352
v -1.8390128000000001 1.1204120000000002 1.781524
v -1.8695328 1.0675504000000002 1.7815248000000001
v -1.8695328 1.0675504000000002 1.7815248000000001
v -1.8597528 1.0675536 1.9596672000000002
v -1.832388 1.1149512000000001 1.9264352
v -1.3799256 1.0675056000000003 1.9596672000000002
v -1.3701456 1.0675088000000004 1.781524
v -1.4006656 1.1203704000000003 1.781524
v -1.4006656 1.1203704000000003 1.781524
v -1.4071696 1.1146952000000003 1.9264344000000002
v -1.3799256 1.0675056000000003 1.9596672000000002
v -1.4006656 1.1203704000000003 1.781524
v -1.4136816 1.1090296000000002 1.781524
v -1.4071696 1.1146952000000003 1.9264344000000002
v -1.4071696 1.1146952000000003 1.9264344000000002
v -1.4136816 1.1090296000000002 1.781524
v -1.3897088000000002 1.0675080000000001 1.781524
v -1.3897088000000002 1.0675080000000001 1.781524
v -1.3799256 1.0675056000000003 1.9596672000000002
v -1.4071696 1.1146952000000003 1.9264344000000002
v -1.3799256 1.0675056000000003 1.9596672000000002
v -1.3897088000000002 1.0675080000000001 1.781524
v -1.4139184 1.0255760000000003 1.781524
v -1.4139184 1.0255760000000003 1.781524
v -1.4072904 1.0201080000000002 1.9264344000000002
v -1.3799256 1.0675056000000003 1.9596672000000002
v -1.4139184 1.0255760000000003 1.781524
v -1.4006656 1.0146472000000002 1.781524
v -1.4072904 1.0201080000000002 1.9264344000000002
v -1.4072904 1.0201080000000002 1.9264344000000002
v -1.4006656 1.0146472000000002 1.781524
v -1.3701456 1.0675088000000004 1.781524
v -1.3701456 1.0675088000000004 1.781524
v -1.3799256 1.0675056000000003 1.9596672000000002
v -1.4072904 1.0201080000000002 1.9264344000000002
v -1.7397752000000002 1.2753128000000002 1.9596672000000002
v -1.744668 1.2837808000000004 1.781524
v -1.775188 1.2309192000000002 1.781524
v -1.775188 1.2309192000000002 1.781524
v -1.7670200000000003 1.2281240000000002 1.9264352
v -1.7397752000000002 1.2753128000000002 1.9596672000000002
v -1.775188 1.2309192000000002 1.781524
v -1.7588584000000003 1.2253176000000003 1.7815248000000001
v -1.7670200000000003 1.2281240000000002 1.9264352
v -1.7670200000000003 1.2281240000000002 1.9264352
v -1.7588584000000003 1.2253176000000003 1.7815248000000001
v -1.7348856000000001 1.2668392000000004 1.781524
v -1.7348856000000001 1.2668392000000004 1.781524
v -1.7397752000000002 1.2753128000000002 1.9596672000000002
v -1.7670200000000003 1.2281240000000002 1.9264352
v -1.7397752000000002 1.2753128000000002 1.9596672000000002
v -1.7348856000000001 1.2668392000000004 1.781524
v -1.6864672 1.2668392000000004 1.781524
v -1.6864672 1.2668392000000004 1.781524
v -1.6850456000000003 1.2753128000000002 1.9264352
v -1.7397752000000002 1.2753128000000002 1.9596672000000002
v -1.6864672 1.2668392000000004 1.781524
v -1.6836288000000001 1.2837808000000004 1.781524
v -1.6850456000000003 1.2753128000000002 1.9264352
v -1.6850456000000003 1.2753128000000002 1.9264352
v -1.6836288000000001 1.2837808000000004 1.781524
v -1.744668 1.2837808000000004 1.781524
v -1.744668 1.2837808000000004 1.781524
v -1.7397752000000002 1.2753128000000002 1.9596672000000002
v -1.6850456000000003 1.2753128000000002 1.9264352
v -1.4999032 0.8597464000000002 1.9596672000000002
v -1.4950104 0.8512784000000002 1.781524
v -1.4644904 0.9041400000000002 1.781524
v -1.4644904 0.9041400000000002 1.781524
v -1.4726584000000003 0.9069352000000003 1.9264344000000002
v -1.4999032 0.8597464000000002 1.9596672000000002
v -1.4644904 0.9041400000000002 1.781524
v -1.48082 0.9097416000000003 1.781524
v -1.4726584000000003 0.9069352000000003 1.9264344000000002
v -1.4726584000000003 0.9069352000000003 1.9264344000000002
v -1.48082 0.9097416000000003 1.781524
v -1.5047928000000002 0.8682200000000002 1.781524
v -1.5047928000000002 0.8682200000000002 1.781524
v -1.4999032 0.8597464000000002 1.9596672000000002
v -1.4726584000000003 0.9069352000000003 1.9264344000000002
v -1.4999032 0.8597464000000002 1.9596672000000002
v -1.5047928000000002 0.8682200000000002 1.781524
v -1.5532112 0.8682200000000002 1.781524
v -1.5532112 0.8682200000000002 1.781524
v -1.5546328000000003 0.8597456000000001 1.9264344000000002
v -1.4999032 0.8597464000000002 1.9596672000000002
v -1.5532112 0.8682200000000002 1.781524
v -1.5560496000000001 0.8512784000000002 1.781524
v -1.5546328000000003 0.8597456000000001 1.9264344000000002
v -1.5546328000000003 0.8597456000000001 1.9264344000000002
v -1.5560496000000001 0.8512784000000002 1.781524
v -1.4950104 0.8512784000000002 1.781524
v -1.4950104 0.8512784000000002 1.781524
v -1.4999032 0.8597464000000002 1.9596672000000002
v -1.5546328000000003 0.8597456000000001 1.9264344000000002
v 0.061029599999999996 -1.9440296000000001 2.2953592
v -0.0364912 -1.9565919999999999 2.1746528
v 0.07355120000000001 -1.9565832 2.1746528
v 0.061029599999999996 -1.9440296000000001 2.2953592
v -0.0365 -1.9240816 2.1549744
v -0.0364912 -1.9565919999999999 2.1746528
v 0.041064 -1.9240784000000002 2.1484656
v -0.0365 -1.9240816 2.1549744
v 0.061029599999999996 -1.9440296000000001 2.2953592
v 0.041061600000000004 -1.8465471999999998 2.152664
v 0.041064 -1.9240784000000002 2.1484656
v 0.061029599999999996 -1.9440296000000001 2.2953592
v 0.061029599999999996 -1.9440296000000001 2.2953592
v 0.0735648 -1.8465384 2.1746528
v 0.041061600000000004 -1.8465471999999998 2.152664
v 0.061029599999999996 -1.9440296000000001 2.2953592
v 0.07355120000000001 -1.9565832 2.1746528
v 0.0735648 -1.8465384 2.1746528
v -1.0412144 -0.8340032 2.2953592
v -0.9436936 -0.8214408 2.1746528
v -1.053736 -0.8214495999999999 2.1746528
v -1.0412144 -0.8340032 2.2953592
v -0.9436856000000001 -0.8539511999999999 2.1591728
v -0.9436936 -0.8214408 2.1746528
v -1.0212488000000002 -0.8539543999999998 2.159172
v -0.9436856000000001 -0.8539511999999999 2.1591728
v -1.0412144 -0.8340032 2.2953592
v -1.0212464 -0.9314855999999999 2.1591728
v -1.0212488000000002 -0.8539543999999998 2.159172
v -1.0412144 -0.8340032 2.2953592
v -1.0412144 -0.8340032 2.2953592
v -1.0537496000000002 -0.9314944 2.1746528
v -1.0212464 -0.9314855999999999 2.1591728
v -1.0412144 -0.8340032 2.2953592
v -1.053736 -0.8214495999999999 2.1746528
v -1.0537496000000002 -0.9314944 2.1746528
v 0.0629312 -0.8303559999999998 2.2953592
v 0.07549360000000001 -0.9278776 2.1746528
v 0.0754856 -0.8178343999999997 2.1746528
v 0.0629312 -0.8303559999999998 2.2953592
v 0.0429832 -0.9278855999999998 2.1576072
v 0.07549360000000001 -0.9278776 2.1746528
v 0.042980800000000006 -0.8503223999999998 2.1576072
v 0.0429832 -0.9278855999999998 2.1576072
v 0.0629312 -0.8303559999999998 2.2953592
v -0.0345512 -0.8503239999999999 2.1576072
v 0.042980800000000006 -0.8503223999999998 2.1576072
v 0.0629312 -0.8303559999999998 2.2953592
v 0.0629312 -0.8303559999999998 2.2953592
v -0.034559200000000005 -0.8178207999999998 2.1746528
v -0.0345512 -0.8503239999999999 2.1576072
v 0.0629312 -0.8303559999999998 2.2953592
v 0.0754856 -0.8178343999999997 2.1746528
v -0.034559200000000005 -0.8178207999999998 2.1746528
v -1.0451848000000001 -1.9457656 2.2953592
v -1.0577464 -1.8482448000000002 2.1746528
v -1.0577384 -1.9582872 2.1746528
v -1.0451848000000001 -1.9457656 2.2953592
v -1.0252368 -1.848236 2.1591728
v -1.0577464 -1.8482448000000002 2.1746528
v -1.0252336 -1.9258 2.159172
v -1.0252368 -1.848236 2.1591728
v -1.0451848000000001 -1.9457656 2.2953592
v -0.9477024000000001 -1.9257984000000001 2.1591728
v -1.0252336 -1.9258 2.159172
v -1.0451848000000001 -1.9457656 2.2953592
v -1.0451848000000001 -1.9457656 2.2953592
v -0.9476936 -1.9583008 2.1746528
v -0.9477024000000001 -1.9257984000000001 2.1591728
v -1.0451848000000001 -1.9457656 2.2953592
v -1.0577384 -1.9582872 2.1746528
v -0.9476936 -1.9583008 2.1746528
v 0.8704040000000002 1.8475392 0.3339167999999999
v 0.9051624 1.8476048 -1.1313316522046426e-16
v 0.9358376 1.9261872000000002 0.06344639999999989
v 0.9358376 1.9261872000000002 0.06344639999999989
v 0.8962352 1.9035384000000002 0.3339167999999999
v 0.8704040000000002 1.8475392 0.3339167999999999
v 0.8962352 1.9035384000000002 0.3339167999999999
v 0.9358376 1.9261872000000002 0.06344639999999989
v 0.7817264 1.9980504000000001 0.06344639999999989
v 0.7817264 1.9980504000000001 0.06344639999999989
v 0.7880856 1.9506176000000002 0.3339167999999999
v 0.8962352 1.9035384000000002 0.3339167999999999
v 0.7880856 1.9506176000000002 0.3339167999999999
v 0.7817264 1.9980504000000001 0.06344639999999989
v 0.7412464000000001 1.9240400000000002 -1.178134713715737e-16
v 0.7412464000000001 1.9240400000000002 -1.178134713715737e-16
v 0.7622544000000001 1.8946176000000001 0.3339167999999999
v 0.7880856 1.9506176000000002 0.3339167999999999
v -0.9437992 2.2960992 0.5943287999999999
v -0.9437992 2.2960992 -0.004912000000000141
v -0.8039728 1.8881944000000002 0.00045119999999988444
v -0.8039728 1.8881944000000002 0.00045119999999988444
v -0.8039728 1.8881944000000002 0.599692
v -0.9437992 2.2960992 0.5943287999999999
v -1.2053864 -2.2926384 1.0126600000000001
v -1.2070816000000002 -2.3022704000000003 0.8345168000000002
v -1.1497224 -2.2813936000000004 0.8345168000000002
v -1.1497224 -2.2813936000000004 0.8345168000000002
v -1.1541832 -2.2740032 0.9794280000000003
v -1.2053864 -2.2926384 1.0126600000000001
v -1.1497224 -2.2813936000000004 0.8345168000000002
v -1.1586312 -2.2666056 0.8345168000000002
v -1.1541832 -2.2740032 0.9794280000000003
v -1.1541832 -2.2740032 0.9794280000000003
v -1.1586312 -2.2666056 0.8345168000000002
v -1.2036848000000002 -2.283004 0.8345168000000002
v -1.2036848000000002 -2.283004 0.8345168000000002
v -1.2053864 -2.2926384 1.0126600000000001
v -1.1541832 -2.2740032 0.9794280000000003
v -1.2053864 -2.2926384 1.0126600000000001
v -1.2036848000000002 -2.283004 0.8345168000000002
v -1.240776 -2.2518816000000004 0.8345168000000002
v -1.240776 -2.2518816000000004 0.8345168000000002
v -1.247312 -2.2574592 0.9794280000000003
v -1.2053864 -2.2926384 1.0126600000000001
v -1.240776 -2.2518816000000004 0.8345168000000002
v -1.25384 -2.2630352 0.8345168000000002
v -1.247312 -2.2574592 0.9794280000000003
v -1.247312 -2.2574592 0.9794280000000003
v -1.25384 -2.2630352 0.8345168000000002
v -1.2070816000000002 -2.3022704000000003 0.8345168000000002
v -1.2070816000000002 -2.3022704000000003 0.8345168000000002
v -1.2053864 -2.2926384 1.0126600000000001
v -1.247312 -2.2574592 0.9794280000000003
v -1.3891552000000003 -2.1384064 1.0126600000000001
v -1.3983448 -2.1417544 0.8345168000000002
v -1.3515848000000001 -2.1809904 0.8345168000000002
v -1.3515848000000001 -2.1809904 0.8345168000000002
v -1.3474144000000001 -2.173432 0.9794280000000003
v -1.3891552000000003 -2.1384064 1.0126600000000001
v -1.3515848000000001 -2.1809904 0.8345168000000002
v -1.3432328 -2.1658816 0.8345168000000002
v -1.3474144000000001 -2.173432 0.9794280000000003
v -1.3474144000000001 -2.173432 0.9794280000000003
v -1.3432328 -2.1658816 0.8345168000000002
v -1.3799608 -2.1350624000000002 0.8345168000000002
v -1.3799608 -2.1350624000000002 0.8345168000000002
v -1.3891552000000003 -2.1384064 1.0126600000000001
v -1.3474144000000001 -2.173432 0.9794280000000003
v -1.3891552000000003 -2.1384064 1.0126600000000001
v -1.3799608 -2.1350624000000002 0.8345168000000002
v -1.3715536000000002 -2.08738 0.8345168000000002
v -1.3715536000000002 -2.08738 0.8345168000000002
v -1.379652 -2.084508 0.9794280000000003
v -1.3891552000000003 -2.1384064 1.0126600000000001
v -1.3715536000000002 -2.08738 0.8345168000000002
v -1.3877448000000001 -2.0816424000000002 0.8345168000000002
v -1.379652 -2.084508 0.9794280000000003
v -1.379652 -2.084508 0.9794280000000003
v -1.3877448000000001 -2.0816424000000002 0.8345168000000002
v -1.3983448 -2.1417544 0.8345168000000002
v -1.3983448 -2.1417544 0.8345168000000002
v -1.3891552000000003 -2.1384064 1.0126600000000001
v -1.379652 -2.084508 0.9794280000000003
v -1.3474712000000002 -1.9021424 1.0126600000000001
v -1.3549648 -1.8958576000000003 0.8345168000000002
v -1.365564 -1.9559704 0.8345168000000002
v -1.365564 -1.9559704 0.8345168000000002
v -1.3569336 -1.9558032 0.9794280000000003
v -1.3474712000000002 -1.9021424 1.0126600000000001
v -1.365564 -1.9559704 0.8345168000000002
v -1.3483032000000001 -1.9556488000000003 0.8345168000000002
v -1.3569336 -1.9558032 0.9794280000000003
v -1.3569336 -1.9558032 0.9794280000000003
v -1.3483032000000001 -1.9556488000000003 0.8345168000000002
v -1.3399776 -1.9084320000000004 0.8345168000000002
v -1.3399776 -1.9084320000000004 0.8345168000000002
v -1.3474712000000002 -1.9021424 1.0126600000000001
v -1.3569336 -1.9558032 0.9794280000000003
v -1.3474712000000002 -1.9021424 1.0126600000000001
v -1.3399776 -1.9084320000000004 0.8345168000000002
v -1.2944792 -1.8918720000000002 0.8345168000000002
v -1.2944792 -1.8918720000000002 0.8345168000000002
v -1.2960416000000001 -1.8834232000000002 0.9794280000000003
v -1.3474712000000002 -1.9021424 1.0126600000000001
v -1.2944792 -1.8918720000000002 0.8345168000000002
v -1.2976064 -1.8749816 0.8345168000000002
v -1.2960416000000001 -1.8834232000000002 0.9794280000000003
v -1.2960416000000001 -1.8834232000000002 0.9794280000000003
v -1.2976064 -1.8749816 0.8345168000000002
v -1.3549648 -1.8958576000000003 0.8345168000000002
v -1.3549648 -1.8958576000000003 0.8345168000000002
v -1.3474712000000002 -1.9021424 1.0126600000000001
v -1.2960416000000001 -1.8834232000000002 0.9794280000000003
v -0.9799327999999999 -2.2106056 1.0126592000000003
v -0.9724384000000001 -2.2168896 0.8345168000000002
v -0.9618392 -2.1567776 0.8345168000000002
v -0.9618392 -2.1567776 0.8345168000000002
v -0.9704704 -2.1569448 0.9794272000000002
v -0.9799327999999999 -2.2106056 1.0126592000000003
v -0.9618392 -2.1567776 0.8345168000000002
v -0.9791000000000001 -2.1570984 0.8345168000000002
v -0.9704704 -2.1569448 0.9794272000000002
v -0.9704704 -2.1569448 0.9794272000000002
v -0.9791000000000001 -2.1570984 0.8345168000000002
v -0.9874256000000001 -2.2043152 0.8345168000000002
v -0.9874256000000001 -2.2043152 0.8345168000000002
v -0.9799327999999999 -2.2106056 1.0126592000000003
v -0.9704704 -2.1569448 0.9794272000000002
v -0.9799327999999999 -2.2106056 1.0126592000000003
v -0.9874256000000001 -2.2043152 0.8345168000000002
v -1.0329240000000002 -2.2208752 0.8345168000000002
v -1.0329240000000002 -2.2208752 0.8345168000000002
v -1.0313624000000001 -2.2293248 0.9794272000000002
v -0.9799327999999999 -2.2106056 1.0126592000000003
v -1.0329240000000002 -2.2208752 0.8345168000000002
v -1.0297968 -2.2377664 0.8345160000000003
v -1.0313624000000001 -2.2293248 0.9794272000000002
v -1.0313624000000001 -2.2293248 0.9794272000000002
v -1.0297968 -2.2377664 0.8345160000000003
v -0.9724384000000001 -2.2168896 0.8345168000000002
v -0.9724384000000001 -2.2168896 0.8345168000000002
v -0.9799327999999999 -2.2106056 1.0126592000000003
v -1.0313624000000001 -2.2293248 0.9794272000000002
v -1.0621256000000001 0.888008 1.2084512
v -1.0891152 0.9055056000000001 1.1337832
v -1.00108 0.8521552 1.1337824
v -1.00108 0.8521552 1.1337824
v -1.001748 0.85284 1.2548320000000002
v -1.0621256000000001 0.888008 1.2084512
v -1.4847136 0.8414608 1.0671912000000001
v -1.014604 0.837708 1.067752
v -1.3634656 1.0430488 1.067752
v -1.3525768 1.0320664000000002 0.9736224
v -1.3525768 1.0698144 0.9896224
v -0.9757112 0.8611728 0.9896224
v -0.9757112 0.8611728 0.9896224
v -1.0155952 0.8267704 0.9736224
v -1.3525768 1.0320664000000002 0.9736224
v 1.568128 -0.3023431999999999 1.3726232
v 1.5893136 -0.31005439999999995 1.3090824
v 1.5758384 -0.28115759999999995 1.3090824
v 1.568128 -0.3023431999999999 1.3726232
v 1.5758384 -0.28115759999999995 1.3090824
v 1.5469424 -0.29463199999999995 1.3090824
v 1.568128 -0.3023431999999999 1.3726232
v 1.5469424 -0.29463199999999995 1.3090824
v 1.5604168 -0.32352879999999995 1.3090824
v 1.568128 -0.3023431999999999 1.3726232
v 1.5604168 -0.32352879999999995 1.3090824
v 1.5893136 -0.31005439999999995 1.3090824
v -1.3378336 -2.3254976 0.028769600000000145
v -1.2522976000000001 -2.3957184000000002 0.04594560000000014
v -1.1773984000000002 -2.3531592 -0.007348799999999856
v -1.2522976000000001 -2.3957184000000002 0.04594560000000014
v -1.2065816 -2.3473544 0.03746880000000015
v -1.1773984000000002 -2.3531592 -0.007348799999999856
v -1.3378336 -2.3254976 -0.004467199999999858
v -1.2522976000000001 -2.3957184000000002 -0.0044671999999998544
v -1.2522976000000001 -2.3957184000000002 0.04594560000000014
v -1.2522976000000001 -2.3957184000000002 0.04594560000000014
v -1.3378336 -2.3254976 0.028769600000000145
v -1.3378336 -2.3254976 -0.004467199999999858
v 1.4888016000000002 -1.1627568000000001 -0.00734879999999993
v 1.4374000000000002 -1.3360104000000002 0.1325232000000001
v 1.4789880000000002 -1.1955183999999999 0.07181920000000008
v 2.01742 -0.40007760000000003 -0.008811199999999976
v 2.0481824 -0.40072320000000006 -0.0040487999999999765
v 2.0511976 -0.40703120000000004 0.022663200000000026
v 2.01742 -0.40007760000000003 -0.008811199999999976
v 2.0152064 -0.41668079999999996 0.022663200000000026
v 1.9836407999999999 -0.39312480000000005 0.022663200000000026
v 2.0578376 -0.35722160000000003 -0.008811199999999977
v 2.0880264 -0.31997680000000006 -0.010732799999999982
v 2.0925176000000003 -0.3152144 0.01598000000000002
v 2.0925176000000003 -0.3152144 0.01598000000000002
v 2.069096 -0.3595392 0.022663200000000022
v 2.0578376 -0.35722160000000003 -0.008811199999999977
v 1.2402576 1.622768 0.13496399999999992
v 1.2141576 1.6963104000000002 0.0718191999999999
v 1.182376 1.7089424000000002 -0.007348800000000104
v 1.182376 1.7089424000000002 -0.007348800000000104
v 1.1987912 1.6408568 -0.003180000000000101
v 1.2402576 1.622768 0.13496399999999992
v 1.2646856 1.8496320000000002 0.1919335999999999
v 1.2789624000000002 1.8443528000000002 0.0591943999999999
v 1.2248704000000001 1.9695384000000002 0.05919439999999988
v 1.2248704000000001 1.9695384000000002 0.05919439999999988
v 1.2088400000000001 1.9652560000000001 0.22301519999999986
v 1.2646856 1.8496320000000002 0.1919335999999999
v 1.2661584000000001 1.8462232 0.0063799999999998875
v 1.2180744000000001 1.9575008 0.0063799999999998806
v 1.2248704000000001 1.9695384000000002 0.05919439999999988
v 1.2248704000000001 1.9695384000000002 0.05919439999999988
v 1.2789624000000002 1.8443528000000002 0.0591943999999999
v 1.2661584000000001 1.8462232 0.0063799999999998875
v 1.0293048 1.9323336000000002 0.04597999999999988
v 1.065428 1.9236696 0.15216879999999988
v 1.1366688 1.9238040000000003 0.23243119999999987
v 1.2180744000000001 1.9575008 0.0063799999999998806
v 1.0421112000000001 1.9304616 -0.006834400000000119
v 1.0293048 1.9323336000000002 0.04597999999999988
v 1.0070048 -1.8867176 0.1349640000000001
v 0.9927712 -1.8108552 0.07181920000000012
v 0.9739824000000001 -1.7822784 -0.007348799999999891
v 0.9739824000000001 -1.7822784 -0.007348799999999891
v 0.9483768 -1.8474656 -0.0031799999999998873
v 1.0070048 -1.8867176 0.1349640000000001
v 1.0026496 -1.9659712 -0.00569919999999988
v 0.998744 -1.9619752 0.1055192000000001
v 1.0108912 -2.0257736000000004 0.08979840000000013
v 0.9580592 -1.9727792000000002 -0.008811199999999879
v 0.912736 -1.9571488 -0.010732799999999883
v 0.9232376000000001 -1.9635200000000002 0.06968720000000013
v 0.912736 -1.9571488 -0.010732799999999883
v 0.9239176000000001 -2.0468256 -0.004048799999999875
v 0.9140024000000001 -2.0176960000000004 0.06552560000000011
v 0.9239176000000001 -2.0468256 -0.004048799999999875
v 0.9239176000000001 -2.0468256 0.06076320000000012
v 0.9140024000000001 -2.0176960000000004 0.06552560000000011
v 1.5922296 -0.9188383999999999 0.02876960000000006
v 1.6547288000000002 -0.8275080000000001 0.04594560000000005
v 1.6076720000000002 -0.7628520000000001 0.037468800000000045
v -1.8644136 1.0025688000000001 -0.0040488000000000616
v -1.8609136 1.0075640000000001 0.10551919999999992
v -1.9167088 0.9743288 0.08979919999999995
v -1.9167088 0.9743288 0.08979919999999995
v -1.9183608 0.9734368 -0.00404880000000006
v -1.8644136 1.0025688000000001 -0.0040488000000000616
v -1.9662384 1.0488576 -0.004048800000000065
v -1.9662384 1.0488576 0.060763199999999934
v -1.8881888 1.0779880000000002 0.06968639999999994
v -1.8795264 -0.7141984 0.06312000000000005
v -1.7787312000000002 -0.7598888 0.08029600000000005
v -1.7330576000000002 -0.7180080000000001 0.07181920000000006
v -1.0086456000000001 -2.1856264 0.7907368000000002
v -0.9895160000000001 -2.0550872 0.7915912
v -1.1986968 -2.2547992000000003 0.7907368000000002
v -1.117336 -0.3365408 0.9736224
v -0.7555432 -0.7258832 1.089312
v -0.7969272000000001 -0.6796688 -0.0036655999999999586
v -0.7969272000000001 -0.6796688 -0.0036655999999999586
v -1.117336 -0.3365328 0.0019360000000000204
v -1.117336 -0.3365408 0.9736224
v -1.3188728 -1.9246176 0.7907368000000001
v -1.3541 -2.1244008 0.7907368000000001
v -1.1835928 -1.8734784000000002 0.7915912
v -1.117336 -0.3365408 0.9736224
v -1.1173016 -0.33655199999999996 1.0902104
v -0.7555432 -0.7258832 1.089312
v -0.9895176 0.7800984000000001 1.2084512
v -0.9923208000000001 0.7480552000000001 1.1337832
v -0.9848936 0.8600696 1.1337824
v -0.9848936 0.8600696 1.1337824
v -0.9797167999999999 0.8634024 1.2575736
v -0.9895176 0.7800984000000001 1.2084512
v 0.8766056000000001 -1.8986208000000002 1.9884712000000002
v 0.793056 -1.8930536 1.9393496
v 0.8709464000000001 -1.8930368000000002 1.9465912
v -1.1438592 -1.4261952000000002 1.1207264000000001
v -1.1599224 -1.4264416000000002 0.9085808000000001
v -1.2626216000000001 -1.4264424 1.1207952
v -1.2626216000000001 -1.4557368000000002 1.1207952000000003
v -1.1599232000000002 -1.4557368000000002 0.9085808000000002
v -1.1438599999999999 -1.4557368000000002 1.1207264000000003
v -1.1599224 -1.4264416000000002 0.9085808000000001
v -1.1599232000000002 -1.4557368000000002 0.9085808000000002
v -1.2626216000000001 -1.4557368000000002 1.1207952000000003
v -1.2626216000000001 -1.4557368000000002 1.1207952000000003
v -1.2626216000000001 -1.4264424 1.1207952
v -1.1599224 -1.4264416000000002 0.9085808000000001
v -1.1438592 -1.6180672000000003 1.1207264000000003
v -1.1599224 -1.6183136000000002 0.9085808000000002
v -1.2626216000000001 -1.6183136000000002 1.1207952000000003
v -1.1438599999999999 -1.6476088000000002 1.1207264000000003
v -1.2626216000000001 -1.6476088000000002 1.1207952000000003
v -1.1599232000000002 -1.647608 0.9085808000000002
v -0.10935440000000002 -0.7506999999999999 1.4869152
v -0.10960160000000002 -0.7397128 1.2722872
v -0.10960160000000002 -0.6967831999999999 1.4869832
v -0.138896 -0.6967824 1.4869832
v -0.138896 -0.7397128 1.2722872
v -0.138896 -0.7506999999999999 1.4869152
v -0.2629464 -0.7506999999999999 1.4869152
v -0.2631936 -0.7397128 1.2722872
v -0.2631936 -0.6967831999999999 1.4869832
v -0.292488 -0.6967824 1.4869832
v -0.292488 -0.7397128 1.2722872
v -0.292488 -0.7506999999999999 1.4869152
v -0.5834856 -0.7506999999999999 1.4869152
v -0.5837328 -0.7397128 1.2722872
v -0.5837328 -0.6967831999999999 1.4869832
v -0.6130272 -0.6967824 1.4869832
v -0.6130272 -0.7397128 1.2722872
v -0.6130272 -0.7506999999999999 1.4869152
v -0.7370784 -0.7506999999999999 1.4869152
v -0.7373248000000001 -0.7397128 1.2722872
v -0.7373248000000001 -0.6967831999999999 1.4869832
v -0.7666200000000001 -0.6967824 1.4869832
v -0.7666200000000001 -0.7397119999999999 1.2722872
v -0.7666200000000001 -0.7506999999999999 1.4869152
v 1.6979128 -0.20824239999999994 1.08972
v 1.2152472 -0.4149455999999999 0.9400536000000002
v 1.2084720000000002 -0.4225287999999999 1.0896096
v 1.4960232 -1.3220952000000001 1.2934096000000002
v 1.5230928000000001 -1.3487824000000002 1.2948000000000002
v 1.7022312 -0.45251679999999994 1.2824088
v 1.7022312 -0.45251679999999994 1.2824088
v 1.6638928000000002 -0.3533599999999999 1.2817616
v 1.4960232 -1.3220952000000001 1.2934096000000002
v 0.8965648 -1.4900288000000002 1.2934096000000004
v 0.8830304 -1.530032 1.2948000000000004
v 1.5230928000000001 -1.3487824000000002 1.2948000000000002
v 1.5230928000000001 -1.3487824000000002 1.2948000000000002
v 1.4960232 -1.3220952000000001 1.2934096000000002
v 0.8965648 -1.4900288000000002 1.2934096000000004
v -1.1286008 -1.8572655999999998 0.7898824000000002
v -1.1286008 -1.8572655999999998 0.8591336000000003
v -1.3172928000000002 -1.9259432 0.8591336000000003
v -1.3172928000000002 -1.9259432 0.8591336000000003
v -1.3188728 -1.9246176 0.7907368000000001
v -1.1286008 -1.8572655999999998 0.7898824000000002
v -1.0086456000000001 -2.1856264 0.7907368000000002
v -1.0096464 -2.1840904 0.8591336000000003
v -0.9747776 -1.9863384000000002 0.8591336000000003
v -0.9747776 -1.9863384000000002 0.8591336000000003
v -0.9747776 -1.9863384000000002 0.7898824000000002
v -1.0086456000000001 -2.1856264 0.7907368000000002
v 0.4590808 1.4465480000000002 1.5288664
v 0.4590768 1.4627984 1.4347376
v 0.45908480000000007 1.4302976 1.4347376
v 0.5569304 1.4465480000000002 1.5288664
v 0.5569352000000001 1.4302976 1.4347376
v 0.5569256 1.4627984 1.4347376
v -0.6166256 1.4465480000000002 1.5288664
v -0.6166296 1.4627984 1.4347376
v -0.6166216000000001 1.4302976 1.4347376
v -0.5187752 1.4465480000000002 1.5288664
v -0.5187704000000001 1.4302976 1.4347376
v -0.51878 1.4627984 1.4347376
v -0.423872 1.4465488000000004 1.5098296
v -0.42387600000000003 1.4627992 1.4349648
v -0.4238688 1.4302984 1.4349648000000002
v -0.3460488 1.4465488000000004 1.5098296
v -0.346044 1.4302984 1.4349648000000002
v -0.34605280000000005 1.4627984 1.4349648
v -0.2576704 1.4465488000000004 1.5288664
v -0.2576744 1.4627984 1.4347376
v -0.2576664 1.4302984 1.4347376
v -0.15982000000000002 1.4465488000000004 1.5288664
v -0.159816 1.4302984 1.4347376
v -0.1598248 1.4627984 1.4347376
v -0.0690024 1.4465488000000004 1.5098296
v -0.06900640000000001 1.4627992 1.4349648
v -0.06899920000000001 1.4302984 1.4349648000000002
v 0.0088208 1.4465496000000002 1.5098296
v 0.008825600000000001 1.4302992 1.4349648000000002
v 0.0088168 1.4627992 1.4349648
v 0.10406080000000001 1.4465488000000004 1.5288664
v 0.1040568 1.4627992 1.4347376
v 0.10406480000000001 1.4302984 1.4347376
v 0.20191040000000002 1.4465488000000004 1.5288664
v 0.20191520000000002 1.4302984 1.4347376
v 0.20190560000000002 1.4627984 1.4347376
v 0.29531440000000003 1.4465488000000004 1.5098296
v 0.29531040000000003 1.4627984 1.4349648
v 0.2953176 1.4302984 1.4349648000000002
v 0.3731376 1.4465488000000004 1.5098296
v 0.3731416 1.4302984 1.4349648000000002
v 0.37313360000000007 1.4627992 1.4349648
v 0.45908 2.0656176 1.5288664
v 0.45907600000000004 2.0818688 1.4347376
v 0.45908480000000007 2.0493672000000003 1.4347376
v 0.5569304 2.0656176 1.5288664
v 0.5569352000000001 2.0493672000000003 1.4347376
v 0.5569256 2.0818688 1.4347376
v -0.6166256 2.0656184 1.5288664
v -0.6166296 2.0818688 1.4347376
v -0.6166216000000001 2.0493680000000003 1.4347376
v -0.5187752 2.0656184 1.5288664
v -0.5187696 2.0493680000000003 1.4347376
v -0.51878 2.0818688 1.4347376
v -0.42387280000000005 2.0656192 1.5098295999999998
v -0.42387600000000003 2.0818696 1.4349648
v -0.4238696 2.0493688 1.4349648
v -0.346048 2.0656184 1.5098295999999998
v -0.346044 2.0493680000000003 1.4349648
v -0.34605280000000005 2.0818688 1.4349648
v -0.2576704 2.0656184 1.5288664
v -0.2576744 2.0818688 1.4347376
v -0.2576664 2.0493688 1.4347376
v -0.15982000000000002 2.0656184 1.5288664
v -0.15981440000000002 2.0493680000000003 1.4347376
v -0.1598248 2.0818688 1.4347376
v -0.0690032 2.0656192 1.5098295999999998
v -0.06900640000000001 2.0818696 1.4349648
v -0.06899999999999999 2.0493688 1.4349648
v 0.0088216 2.0656192 1.5098295999999998
v 0.008825600000000001 2.0493688 1.4349648
v 0.0088168 2.0818696 1.4349648
v 0.10406 2.0656184 1.5288664
v 0.104056 2.0818696 1.4347376
v 0.104064 2.0493680000000003 1.4347376
v 0.20191119999999999 2.0656184 1.5288664
v 0.20191599999999998 2.0493680000000003 1.4347376
v 0.20190560000000002 2.0818688 1.4347376
v 0.2953136 2.0656184 1.5098295999999998
v 0.29531040000000003 2.0818688 1.4349648
v 0.2953168 2.0493680000000003 1.4349648
v 0.3731384 2.0656184 1.5098295999999998
v 0.37314240000000004 2.0493680000000003 1.4349648
v 0.37313440000000003 2.0818688 1.4349648
v 1.9902792000000002 -0.343316 -0.008811199999999979
v 1.9881312000000002 -0.3883632 -0.0040487999999999765
v 1.9836407999999999 -0.39312480000000005 0.022663200000000026
v 1.9836407999999999 -0.39312480000000005 0.022663200000000026
v 2.01742 -0.40007760000000003 -0.008811199999999976
v 2.0152064 -0.41668079999999996 0.022663200000000026
v 2.0192576 -0.400456 0.09456160000000002
v 1.9899704 -0.3887416 0.08979840000000003
v 2.0240584 -0.350268 0.11677760000000002
v 2.0540744 -0.39914720000000004 0.10551920000000002
v 1.9902792000000002 -0.343316 0.06552560000000002
v 2.0578376 -0.35722160000000003 0.11028160000000004
v 1.9790184000000002 -0.34099840000000003 0.022663200000000022
v 1.9902792000000002 -0.343316 -0.008811199999999979
v 1.9999344000000001 -0.2998128 0.06076320000000002
v 1.9969192 -0.2935064 0.02266320000000002
v 1.9999344000000001 -0.2998128 -0.004048799999999983
v 2.0306976 -0.30045920000000004 -0.008811199999999983
v 1.9999344000000001 -0.2998128 -0.004048799999999983
v 2.0306976 -0.30045920000000004 0.06552560000000002
v 2.0329104 -0.28385600000000005 0.02266320000000002
v 2.0306976 -0.30045920000000004 -0.008811199999999983
v 2.0925176000000003 -0.3152144 0.01598000000000002
v 2.0880264 -0.31997680000000006 -0.010732799999999982
v 2.078448 -0.3276664 0.06968640000000002
v 2.069096 -0.3595392 0.022663200000000022
v 2.0925176000000003 -0.3152144 0.01598000000000002
v 2.078448 -0.3276664 0.06968640000000002
v 2.069096 -0.3595392 0.022663200000000022
v 2.0511976 -0.40703120000000004 0.022663200000000026
v 2.0540744 -0.39914720000000004 0.10551920000000002
v 2.0578376 -0.35722160000000003 -0.008811199999999977
v 2.0481824 -0.40072320000000006 -0.0040487999999999765
v 2.0540744 -0.39914720000000004 0.10551920000000002
v 2.0192576 -0.400456 0.09456160000000002
v 2.0192576 -0.400456 0.09456160000000002
v 2.0152064 -0.41668079999999996 0.022663200000000026
v 2.01742 -0.40007760000000003 -0.008811199999999976
v 0.9232376000000001 -1.9635200000000002 0.06968720000000013
v 0.9580592 -1.9727792000000002 0.11028160000000012
v 0.9580592 -1.9727792000000002 -0.008811199999999879
v 1.0026496 -1.9659712 -0.00569919999999988
v 0.9580592 -1.9727792000000002 0.11028160000000012
v 0.9580592 -1.9727792000000002 0.11028160000000012
v 0.998744 -1.9619752 0.1055192000000001
v 1.0108912 -2.0257736000000004 0.08979840000000013
v 1.011164 -2.0276304 -0.004048799999999876
v 1.4888016000000002 -1.1627568000000001 -0.00734879999999993
v 1.4019936 -1.2710248000000002 0.13869840000000008
v 1.4374000000000002 -1.3360104000000002 0.1325232000000001
v 1.5076200000000002 -1.2504752000000001 0.08029600000000009
v 1.5076200000000002 -1.2504752000000001 -0.004467199999999924
v 1.4374000000000002 -1.3360104000000002 -0.004467199999999919
v 1.4789880000000002 -1.1955183999999999 0.07181920000000008
v 1.4374000000000002 -1.3360104000000002 0.1325232000000001
v 1.4374000000000002 -1.3360104000000002 0.1325232000000001
v 1.4374000000000002 -1.3360104000000002 -0.004467199999999919
v 1.2088400000000001 1.9652560000000001 0.22301519999999986
v 1.2248704000000001 1.9695384000000002 0.05919439999999988
v 1.1366688 1.9238040000000003 0.23243119999999987
v 1.0293048 1.9323336000000002 0.04597999999999988
v 1.1366688 1.9238040000000003 0.23243119999999987
v 1.0293048 1.9323336000000002 0.04597999999999988
v 1.2180744000000001 1.9575008 0.0063799999999998806
v 1.5922296 -0.9188383999999999 -0.004467199999999945
v 1.6547288000000002 -0.8275072 -0.00446719999999995
v 1.6547288000000002 -0.8275080000000001 0.04594560000000005
v 1.6547288000000002 -0.8275080000000001 0.04594560000000005
v 1.5922296 -0.9188383999999999 0.02876960000000006
v 1.519716 -0.8915056 -0.007348799999999946
v 1.5329912 -0.8725456 0.09968640000000006
v 1.6076720000000002 -0.7628520000000001 0.037468800000000045
v 1.5329912 -0.8725456 0.09968640000000006
v 1.6547288000000002 -0.8275072 -0.00446719999999995
v 1.6214152 -0.7752560000000001 -0.007348799999999953
v 1.6547288000000002 -0.8275080000000001 0.04594560000000005
v -1.9167088 0.9743288 0.08979919999999995
v -1.8609136 1.0075640000000001 0.10551919999999992
v -1.8881888 1.0779880000000002 0.06968639999999994
v -1.9662384 1.0488576 0.060763199999999934
v -1.9167088 0.9743288 0.08979919999999995
v -1.8857944 1.090036 -0.010732800000000068
v -1.9662384 1.0488576 -0.004048800000000065
v -1.7787312000000002 -0.7598888 0.08029600000000005
v -1.8795264 -0.7141984 0.06312000000000005
v -1.8795264 -0.7141984 -0.004467199999999957
v -1.8795264 -0.7141984 -0.004467199999999957
v -1.7787312000000002 -0.7598888 -0.004467199999999954
v -1.7330576000000002 -0.7180080000000001 0.07181920000000006
v -1.7330576000000002 -0.7180080000000001 -0.007348799999999956
v -1.8442240000000003 -0.6478216 0.13403680000000004
v -1.8795264 -0.7141984 0.06312000000000005
v -1.8652016 -0.63804 -0.007348799999999961
v -1.8795264 -0.7141984 -0.004467199999999957
v 1.7372800000000002 1.126024 0.12229519999999994
v 1.7394024000000003 1.1332760000000002 0.04535759999999993
v 1.6810304 1.0924032000000001 0.045357599999999935
v 1.7394024000000003 1.1332760000000002 0.04535759999999993
v 1.7545192 1.127136 0.001694399999999931
v 1.7545192 1.127136 0.001694399999999931
v 1.6869816000000002 1.090804 0.0016943999999999332
v 1.6869816000000002 1.090804 0.14031119999999994
v 1.7372800000000002 1.126024 0.12229519999999994
v 1.7372800000000002 1.126024 0.12229519999999994
v 1.7054128 1.0575808 0.14576879999999995
v 1.7822152 1.0652296 0.08901999999999993
v 1.7303288 1.0288983999999999 0.08901999999999993
v 1.789236 1.0509424 0.045357599999999935
v 1.7822152 1.0652296 0.08901999999999993
v 1.7297951999999999 1.0227592 0.04535759999999994
v 1.7303288 1.0288983999999999 0.001694399999999937
v 1.7394024000000003 1.1332760000000002 0.04535759999999993
v 1.7978664 1.0469472 0.001694399999999936
v 1.7545192 1.127136 0.001694399999999931
v 0.1479248 -0.33506159999999996 0.5882288
v 0.0724224 -0.3793848 2.3230619048257942e-17
v 0.054396 -0.39120320000000003 2.3954287334810093e-17
v 0.1370256 -0.3422072 0.5882288
v 0.1370256 -0.3422072 0.5882288
v 0.054396 -0.39120320000000003 2.3954287334810093e-17
v 0.0669672 -0.4103776 2.5128380714088644e-17
v 0.14462640000000002 -0.35380159999999994 0.5882288
v 0.14462640000000002 -0.35380159999999994 0.5882288
v 0.0669672 -0.4103776 2.5128380714088644e-17
v 0.0849936 -0.3985592 2.4404712427536493e-17
v 0.1555256 -0.3466552 0.5882288
v 0.1555256 -0.3466552 0.5882288
v 0.0849936 -0.3985592 2.4404712427536493e-17
v 0.0724224 -0.3793848 2.3230619048257942e-17
v 0.1479248 -0.33506159999999996 0.5882288
v -0.518248 -0.4471944 0.5882288
v -0.4667344 -0.38592240000000005 2.3630931593963227e-17
v -0.48476080000000005 -0.3977408 2.4354599880515382e-17
v -0.5291480000000001 -0.45434080000000004 0.5882288
v -0.5291480000000001 -0.45434080000000004 0.5882288
v -0.48476080000000005 -0.3977408 2.4354599880515382e-17
v -0.4721888 -0.41691520000000004 2.5528693259793933e-17
v -0.5215464 -0.4659344 0.5882288
v -0.5215464 -0.4659344 0.5882288
v -0.4721888 -0.41691520000000004 2.5528693259793933e-17
v -0.4541632 -0.405096 2.480497598736981e-17
v -0.5106472000000001 -0.45878800000000003 0.5882288
v -0.5106472000000001 -0.45878800000000003 0.5882288
v -0.4541632 -0.405096 2.480497598736981e-17
v -0.4667344 -0.38592240000000005 2.3630931593963227e-17
v -0.518248 -0.4471944 0.5882288
v -0.682508 -0.08063359999999997 0.5882288
v -0.7240976 -0.0035912 2.1989757925489874e-19
v -0.7352624 0.014846400000000003 -9.090798119430632e-19
v -0.6892584 -0.06948479999999997 0.5882288
v -0.6892584 -0.06948479999999997 0.5882288
v -0.7352624 0.014846400000000003 -9.090798119430632e-19
v -0.7548752000000001 0.0029704 -1.8188454260936492e-19
v -0.7011168 -0.07666559999999997 0.5882288
v -0.7011168 -0.07666559999999997 0.5882288
v -0.7548752000000001 0.0029704 -1.8188454260936492e-19
v -0.7437096000000001 -0.0154672 9.470928485885971e-19
v -0.6943656 -0.08781439999999997 0.5882288
v -0.6943656 -0.08781439999999997 0.5882288
v -0.7437096000000001 -0.0154672 9.470928485885971e-19
v -0.7240976 -0.0035912 2.1989757925489874e-19
v -0.682508 -0.08063359999999997 0.5882288
v 1.8802856 -1.1582672 0.5882288000000001
v 1.8285688000000002 -1.0824296 6.627969724711749e-17
v 1.8312216000000001 -1.0610392 6.49699130024934e-17
v 1.8818904 -1.1453328 0.5882288000000001
v 1.8818904 -1.1453328 0.5882288000000001
v 1.8312216000000001 -1.0610392 6.49699130024934e-17
v 1.808468 -1.0582168 6.479709084619774e-17
v 1.8681328000000001 -1.1436264 0.5882288000000001
v 1.8681328000000001 -1.1436264 0.5882288000000001
v 1.808468 -1.0582168 6.479709084619774e-17
v 1.8058152 -1.0796080000000001 6.610692407669378e-17
v 1.8665288000000002 -1.1565608 0.5882288000000001
v 1.8665288000000002 -1.1565608 0.5882288000000001
v 1.8058152 -1.0796080000000001 6.610692407669378e-17
v 1.8285688000000002 -1.0824296 6.627969724711749e-17
v 1.8802856 -1.1582672 0.5882288000000001
v 2.2213736 -0.6858096 0.5882288
v 2.1777296 -0.7077904 4.333966239136124e-17
v 2.1803824 -0.6864 4.2029878146737166e-17
v 2.2229776 -0.672876 0.5882288
v 2.2229776 -0.672876 0.5882288
v 2.1803824 -0.6864 4.2029878146737166e-17
v 2.1576296 -0.6835776 4.185705599044149e-17
v 2.2092199999999997 -0.6711696 0.5882288
v 2.2092199999999997 -0.6711696 0.5882288
v 2.1576296 -0.6835776 4.185705599044149e-17
v 2.1549768 -0.7049696000000001 4.3166938206809495e-17
v 2.2076160000000002 -0.684104 0.5882288
v 2.2076160000000002 -0.684104 0.5882288
v 2.1549768 -0.7049696000000001 4.3166938206809495e-17
v 2.1777296 -0.7077904 4.333966239136124e-17
v 2.2213736 -0.6858096 0.5882288
v 1.9082024000000002 1.4538328 0.5551639999999999
v 1.8707616000000002 1.4392208000000002 -8.812685729931466e-17
v 1.8527048000000002 1.450992 -8.884763541942081e-17
v 1.8972848 1.4609504 0.5551639999999999
v 1.8972848 1.4609504 0.5551639999999999
v 1.8527048000000002 1.450992 -8.884763541942081e-17
v 1.8401832 1.4317848 -8.767153361939167e-17
v 1.8897136 1.4493368000000002 0.5551639999999999
v 1.8897136 1.4493368000000002 0.5551639999999999
v 1.8401832 1.4317848 -8.767153361939167e-17
v 1.8582400000000001 1.4200136 -8.695075549928551e-17
v 1.9006319999999999 1.4422192000000003 0.5551639999999999
v 1.9006319999999999 1.4422192000000003 0.5551639999999999
v 1.8582400000000001 1.4200136 -8.695075549928551e-17
v 1.8707616000000002 1.4392208000000002 -8.812685729931466e-17
v 1.9082024000000002 1.4538328 0.5551639999999999
v 1.5744040000000001 1.81478 0.5551639999999999
v 1.563412 1.7794712000000001 -1.0896118546274499e-16
v 1.5516408000000002 1.7614144 -1.0785552534660279e-16
v 1.5672864000000002 1.8038623999999999 0.5551639999999999
v 1.5672864000000002 1.8038623999999999 0.5551639999999999
v 1.5516408000000002 1.7614144 -1.0785552534660279e-16
v 1.5708472000000002 1.7488936 -1.0708884746446457e-16
v 1.5789 1.7962912 0.5551639999999999
v 1.5789 1.7962912 0.5551639999999999
v 1.5708472000000002 1.7488936 -1.0708884746446457e-16
v 1.5826184 1.7669504 -1.0819450758060678e-16
v 1.5860176 1.8072096 0.5551639999999999
v 1.5860176 1.8072096 0.5551639999999999
v 1.5826184 1.7669504 -1.0819450758060678e-16
v 1.563412 1.7794712000000001 -1.0896118546274499e-16
v 1.5744040000000001 1.81478 0.5551639999999999
v -0.7347816 0.5310592 0.1489888
v -0.7347808 0.5310592 -0.003320000000000033
v -0.8974744 0.5331936 -0.003320000000000033
v -0.8974744 0.5331936 0.1489888
v -0.8974744 0.5331936 0.1489888
v -0.8974744 0.5331936 -0.003320000000000033
v -0.9047944 0.037565600000000005 -0.003320000000000002
v -0.9047944 0.037566400000000014 0.1489888
v -0.9047944 0.037566400000000014 0.1489888
v -0.9047944 0.037565600000000005 -0.003320000000000002
v -0.7421016 0.0354328 -0.003320000000000002
v -0.7421016 0.03543280000000001 0.1489888
v -0.7421016 0.03543280000000001 0.1489888
v -0.7421016 0.0354328 -0.003320000000000002
v -0.7347808 0.5310592 -0.003320000000000033
v -0.7347816 0.5310592 0.1489888
v -0.9047944 0.037566400000000014 0.1489888
v -0.7421016 0.03543280000000001 0.1489888
v -0.7347816 0.5310592 0.1489888
v -0.8974744 0.5331936 0.1489888
v -0.5854272 -0.43030480000000004 0.14898880000000003
v -0.5854272 -0.43030480000000004 -0.003319999999999974
v -0.5763872 -0.580228 -0.003319999999999965
v -0.5763872 -0.580228 0.14898880000000006
v -0.5763872 -0.580228 0.14898880000000006
v -0.5763872 -0.580228 -0.003319999999999965
v -0.08146640000000001 -0.5580064 -0.003319999999999966
v -0.0814672 -0.5580064 0.14898880000000006
v -0.0814672 -0.5580064 0.14898880000000006
v -0.08146640000000001 -0.5580064 -0.003319999999999966
v -0.090508 -0.4080824 -0.0033199999999999753
v -0.090508 -0.4080824 0.14898880000000003
v -0.090508 -0.4080824 0.14898880000000003
v -0.090508 -0.4080824 -0.0033199999999999753
v -0.5854272 -0.43030480000000004 -0.003319999999999974
v -0.5854272 -0.43030480000000004 0.14898880000000003
v -0.0814672 -0.5580064 0.14898880000000006
v -0.090508 -0.4080824 0.14898880000000003
v -0.5854272 -0.43030480000000004 0.14898880000000003
v -0.5763872 -0.580228 0.14898880000000006
v 2.1474264 -0.5804136 0.14898880000000006
v 2.1474272 -0.5804144 -0.003319999999999965
v 2.0341208 -0.48561600000000005 -0.0033199999999999705
v 2.0341208 -0.4856152 0.14898880000000003
v 2.0341208 -0.4856152 0.14898880000000003
v 2.0341208 -0.48561600000000005 -0.0033199999999999705
v 1.7393104000000001 -0.8371856 -0.003319999999999949
v 1.7393104000000001 -0.8371856 0.14898880000000006
v 1.7393104000000001 -0.8371856 0.14898880000000006
v 1.7393104000000001 -0.8371856 -0.003319999999999949
v 1.8526176 -0.9319832 -0.0033199999999999432
v 1.8526176 -0.9319832 0.1489888000000001
v 1.8526176 -0.9319832 0.1489888000000001
v 1.8526176 -0.9319832 -0.0033199999999999432
v 2.1474272 -0.5804144 -0.003319999999999965
v 2.1474264 -0.5804136 0.14898880000000006
v 1.7393104000000001 -0.8371856 0.14898880000000006
v 1.8526176 -0.9319832 0.1489888000000001
v 2.1474264 -0.5804136 0.14898880000000006
v 2.0341208 -0.4856152 0.14898880000000003
v 1.6565304000000003 1.799768 0.1489887999999999
v 1.6565304000000003 1.799768 -0.0033200000000001106
v 1.5502608000000002 1.6971440000000002 -0.003320000000000104
v 1.5502608000000002 1.6971440000000002 0.1489887999999999
v 1.5502608000000002 1.6971440000000002 0.1489887999999999
v 1.5502608000000002 1.6971440000000002 -0.003320000000000104
v 1.783296 1.4548856000000001 -0.003320000000000089
v 1.783296 1.4548856000000001 0.14898879999999992
v 1.783296 1.4548856000000001 0.14898879999999992
v 1.783296 1.4548856000000001 -0.003320000000000089
v 1.8895656 1.5575104 -0.0033200000000000954
v 1.8895656 1.5575104 0.14898879999999992
v 1.8895656 1.5575104 0.14898879999999992
v 1.8895656 1.5575104 -0.0033200000000000954
v 1.6565304000000003 1.799768 -0.0033200000000001106
v 1.6565304000000003 1.799768 0.1489887999999999
v 1.783296 1.4548856000000001 0.14898879999999992
v 1.8895656 1.5575104 0.14898879999999992
v 1.6565304000000003 1.799768 0.1489887999999999
v 1.5502608000000002 1.6971440000000002 0.1489887999999999
v -1.7626312 1.7760616 0.1489887999999999
v -1.762632 1.7760616 -0.0033200000000001093
v -1.6592960000000003 1.6704824 -0.0033200000000001024
v -1.6592968 1.6704824 0.1489887999999999
v -1.6592968 1.6704824 0.1489887999999999
v -1.6592960000000003 1.6704824 -0.0033200000000001024
v -1.3322488000000001 1.98986 -0.0033200000000001223
v -1.3322488000000001 1.98986 0.1489887999999999
v -1.3322488000000001 1.98986 0.1489887999999999
v -1.3322488000000001 1.98986 -0.0033200000000001223
v -1.4355840000000002 2.0954384000000004 -0.0033200000000001284
v -1.4355840000000002 2.0954384000000004 0.1489887999999999
v -1.4355840000000002 2.0954384000000004 0.1489887999999999
v -1.4355840000000002 2.0954384000000004 -0.0033200000000001284
v -1.762632 1.7760616 -0.0033200000000001093
v -1.7626312 1.7760616 0.1489887999999999
v -1.3322488000000001 1.98986 0.1489887999999999
v -1.4355840000000002 2.0954384000000004 0.1489887999999999
v -1.7626312 1.7760616 0.1489887999999999
v -1.6592968 1.6704824 0.1489887999999999
v -2.2982624 0.026823200000000016 0.1489888
v -2.2982624 0.026823200000000005 -0.0033200000000000018
v -2.1506672 0.020438400000000002 -0.0033200000000000018
v -2.1506672 0.02043840000000001 0.1489888
v -2.1506672 0.02043840000000001 0.1489888
v -2.1506672 0.020438400000000002 -0.0033200000000000018
v -2.1303992000000003 0.4771128 -0.0033200000000000295
v -2.1303992000000003 0.4771128 0.1489888
v -2.1303992000000003 0.4771128 0.1489888
v -2.1303992000000003 0.4771128 -0.0033200000000000295
v -2.2779936 0.483496 -0.00332000000000003
v -2.2779936 0.483496 0.1489888
v -2.2779936 0.483496 0.1489888
v -2.2779936 0.483496 -0.00332000000000003
v -2.2982624 0.026823200000000005 -0.0033200000000000018
v -2.2982624 0.026823200000000016 0.1489888
v -2.1303992000000003 0.4771128 0.1489888
v -2.2779936 0.483496 0.1489888
v -2.2982624 0.026823200000000016 0.1489888
v -2.1506672 0.02043840000000001 0.1489888
v -1.8066664000000001 0.36895440000000007 0.5081760000000001
v -1.82942 0.3519088 -2.1548199275589306e-17
v -1.8113632 0.34013760000000004 -2.082742115548314e-17
v -1.7957488000000001 0.3618376000000001 0.5081760000000001
v -1.7957488000000001 0.3618376000000001 0.5081760000000001
v -1.8113632 0.34013760000000004 -2.082742115548314e-17
v -1.7988423999999998 0.35934400000000005 -2.2003473969640326e-17
v -1.7881784 0.37345040000000007 0.5081760000000001
v -1.7881784 0.37345040000000007 0.5081760000000001
v -1.7988423999999998 0.35934400000000005 -2.2003473969640326e-17
v -1.8168984 0.3711152 -2.272425208974649e-17
v -1.7990960000000003 0.3805680000000001 0.5081760000000001
v -1.7990960000000003 0.3805680000000001 0.5081760000000001
v -1.8168984 0.3711152 -2.272425208974649e-17
v -1.82942 0.3519088 -2.1548199275589306e-17
v -1.8066664000000001 0.36895440000000007 0.5081760000000001
v -2.094676 0.48844160000000003 0.5558744
v -2.0799472000000003 0.47968960000000005 -2.9372516661213715e-17
v -2.0618904000000002 0.46791840000000007 -2.8651738541107545e-17
v -2.0837584000000002 0.4813248 0.5558744
v -2.0837584000000002 0.4813248 0.5558744
v -2.0618904000000002 0.46791840000000007 -2.8651738541107545e-17
v -2.0493696 0.4871256 -2.9827840341136695e-17
v -2.076188 0.4929376000000001 0.5558744
v -2.076188 0.4929376000000001 0.5558744
v -2.0493696 0.4871256 -2.9827840341136695e-17
v -2.0674256 0.49889680000000003 -3.054861846124286e-17
v -2.0871056 0.5000552 0.5558744
v -2.0871056 0.5000552 0.5558744
v -2.0674256 0.49889680000000003 -3.054861846124286e-17
v -2.0799472000000003 0.47968960000000005 -2.9372516661213715e-17
v -2.094676 0.48844160000000003 0.5558744
v -2.3944088000000003 0.047504800000000034 0.4748584
v -2.3688448 0.0471472 0.026481599999999994
v -2.350788 0.035376000000000005 0.0264816
v -2.3834904000000003 0.040388000000000035 0.4748584
v -2.3834904000000003 0.040388000000000035 0.4748584
v -2.350788 0.035376000000000005 0.0264816
v -2.3382663999999997 0.0545832 0.026481599999999994
v -2.3759192 0.05200080000000004 0.4748584
v -2.3759192 0.05200080000000004 0.4748584
v -2.3382663999999997 0.0545832 0.026481599999999994
v -2.3563232 0.06635440000000001 0.026481599999999994
v -2.3868376000000002 0.05911840000000004 0.4748584
v -2.3868376000000002 0.05911840000000004 0.4748584
v -2.3563232 0.06635440000000001 0.026481599999999994
v -2.3688448 0.0471472 0.026481599999999994
v -2.3944088000000003 0.047504800000000034 0.4748584
v -1.839248 -0.12324719999999999 0.4757064
v -1.8437784000000002 -0.0500616 3.065388910009757e-18
v -1.8257216 -0.0618328 3.7861670301159236e-18
v -1.8283304000000002 -0.13036479999999998 0.4757064
v -1.8283304000000002 -0.13036479999999998 0.4757064
v -1.8257216 -0.0618328 3.7861670301159236e-18
v -1.8132008 -0.04262560000000001 2.610065230086771e-18
v -1.8207592000000004 -0.11875119999999997 0.4757064
v -1.8207592000000004 -0.11875119999999997 0.4757064
v -1.8132008 -0.04262560000000001 2.610065230086771e-18
v -1.8312576 -0.0308544 1.889287109980605e-18
v -1.8316776000000001 -0.11163359999999999 0.4757064
v -1.8316776000000001 -0.11163359999999999 0.4757064
v -1.8312576 -0.0308544 1.889287109980605e-18
v -1.8437784000000002 -0.0500616 3.065388910009757e-18
v -1.839248 -0.12324719999999999 0.4757064
v -2.0835336000000004 -0.20250559999999998 0.5575648000000001
v -2.0382496 -0.23027440000000002 1.4100240344278864e-17
v -2.020192 -0.24204560000000003 1.482101846438503e-17
v -2.0726152 -0.20962239999999996 0.5575648000000001
v -2.0726152 -0.20962239999999996 0.5575648000000001
v -2.020192 -0.24204560000000003 1.482101846438503e-17
v -2.0076712000000003 -0.22283840000000002 1.364491666435588e-17
v -2.0650448000000003 -0.19800959999999998 0.5575648000000001
v -2.0650448000000003 -0.19800959999999998 0.5575648000000001
v -2.0076712000000003 -0.22283840000000002 1.364491666435588e-17
v -2.0257280000000004 -0.211068 1.2924187530121677e-17
v -2.0759624 -0.19089199999999995 0.5575648000000001
v -2.0759624 -0.19089199999999995 0.5575648000000001
v -2.0257280000000004 -0.211068 1.2924187530121677e-17
v -2.0382496 -0.23027440000000002 1.4100240344278864e-17
v -2.0835336000000004 -0.20250559999999998 0.5575648000000001
v -2.1987967999999998 -0.5449904 0.5563704
v -2.1850504 -0.5082616 3.112204707847562e-17
v -2.1669944 -0.5200328 3.1842825198581786e-17
v -2.1878784000000002 -0.552108 0.5563704
v -2.1878784000000002 -0.552108 0.5563704
v -2.1669944 -0.5200328 3.1842825198581786e-17
v -2.1544728 -0.5008256000000001 3.0666723398552636e-17
v -2.180308 -0.5404944 0.5563704
v -2.180308 -0.5404944 0.5563704
v -2.1544728 -0.5008256000000001 3.0666723398552636e-17
v -2.1725296000000003 -0.48905440000000006 2.9945945278446466e-17
v -2.1912264 -0.5333768 0.5563704
v -2.1912264 -0.5333768 0.5563704
v -2.1725296000000003 -0.48905440000000006 2.9945945278446466e-17
v -2.1850504 -0.5082616 3.112204707847562e-17
v -2.1987967999999998 -0.5449904 0.5563704
v 0.7713416 1.2011392 -7.354856383052064e-17
v 0.7713416 1.2011384 0.5766047999999999
v 0.7973768 1.2271744 0.5766047999999999
v 0.7973768 1.2271744 -7.514276004777869e-17
v 0.7973768 1.175104 -7.195436761326257e-17
v 0.7973768 1.1751032000000001 0.5766047999999999
v 0.7713416 1.2011384 0.5766047999999999
v 0.7713416 1.2011392 -7.354856383052064e-17
v 0.8234120000000001 1.2011392 -7.354856383052064e-17
v 0.8234120000000001 1.2011392 0.5766047999999999
v 0.7973768 1.1751032000000001 0.5766047999999999
v 0.7973768 1.175104 -7.195436761326257e-17
v 0.7973768 1.2271744 -7.514276004777869e-17
v 0.7973768 1.2271744 0.5766047999999999
v 0.8234120000000001 1.2011392 0.5766047999999999
v 0.8234120000000001 1.2011392 -7.354856383052064e-17
v 1.0463232 0.8726568000000001 0.18817919999999996
v 1.3367192 1.1177144 0.19693759999999993
v 1.3367192 1.124028 0.13303519999999994
v 1.0463232 0.8726568000000001 0.12741039999999995
v 1.0545992 0.8651744000000001 0.12768879999999996
v 1.3449944 1.1165448 0.13331439999999994
v 1.3449944 1.1102312 0.19721679999999994
v 1.0545992 0.8651744000000001 0.18845839999999997
v 0.6912864000000001 1.3246368000000002 0.23631839999999993
v 0.9420648 1.5619936 0.19697839999999991
v 0.9420648 1.5683072 0.13307599999999992
v 0.6912864000000001 1.3246368000000002 0.17554959999999992
v 0.6998000000000001 1.3163552 0.17578799999999994
v 0.9505784 1.5600248 0.13331439999999992
v 0.9505784 1.5537112000000002 0.19721679999999991
v 0.6998000000000001 1.3163552 0.23655679999999993
v 0.6913624 1.3247104 0.10402159999999992
v 0.9421408 1.5683432000000002 0.09651919999999992
v 0.9421408 1.5746568 0.032617599999999906
v 0.6913624 1.3247104 0.043252799999999925
v 0.6998000000000001 1.3163552 0.04348719999999992
v 0.9505784 1.5663008 0.0328519999999999
v 0.9505784 1.5599872000000001 0.09675439999999991
v 0.6998000000000001 1.3163552 0.1042559999999999
v 1.0665072 0.9006552 0.23622879999999996
v 0.8074912 1.1904832 0.19688879999999995
v 0.8011775999999999 1.1904832 0.13298639999999992
v 1.0665072 0.9006552 0.17545999999999995
v 1.0664176 0.9007472000000001 0.10393279999999996
v 0.8011256 1.1905752 0.09643039999999993
v 0.7948120000000001 1.1905752 0.032528799999999934
v 1.0664176 0.9007472000000001 0.04316399999999995
v 0.8464240000000001 1.1306552 0.5708184
v 0.7872704 1.189808 0.4251103999999999
v 0.7874096 1.1896688 0.38204239999999995
v 0.8722808000000001 1.1047984 0.5709431999999999
v 0.9948840000000001 0.9535 0.5708184
v 0.9690272000000001 0.9793568000000001 0.5709431999999999
v 1.0539296 0.8944544000000001 0.3820424
v 1.0540688 0.8943152 0.4251103999999999
v 0.6870848 1.3417032000000002 0.5766047999999999
v 0.6870848 1.3417032000000002 -8.215562646428806e-17
v 0.6610496000000001 1.315668 -8.056143024702999e-17
v 0.6610496000000001 1.3156672 0.5766047999999999
v 0.6610496000000001 1.3156672 0.5766047999999999
v 0.6610496000000001 1.315668 -8.056143024702999e-17
v 0.6870848 1.2896320000000001 -7.896718504389997e-17
v 0.6870848 1.2896320000000001 0.5766047999999999
v 0.6870848 1.2896320000000001 0.5766047999999999
v 0.6870848 1.2896320000000001 -7.896718504389997e-17
v 0.71312 1.315668 -8.056143024702999e-17
v 0.71312 1.315668 0.5766047999999999
v 0.71312 1.315668 0.5766047999999999
v 0.71312 1.315668 -8.056143024702999e-17
v 0.6870848 1.3417032000000002 -8.215562646428806e-17
v 0.6870848 1.3417032000000002 0.5766047999999999
v 1.0770224000000002 0.9173264 0.5766047999999999
v 1.0770224000000002 0.9173264 -5.617004197666823e-17
v 1.0509864 0.8912903999999999 -5.45757967735382e-17
v 1.0509872 0.8912903999999999 0.5766047999999999
v 1.0509872 0.8912903999999999 0.5766047999999999
v 1.0509864 0.8912903999999999 -5.45757967735382e-17
v 1.0770224000000002 0.8652552 -5.298160055628015e-17
v 1.0770224000000002 0.8652552 0.5766047999999999
v 1.0770224000000002 0.8652552 0.5766047999999999
v 1.0770224000000002 0.8652552 -5.298160055628015e-17
v 1.1030576 0.8912903999999999 -5.45757967735382e-17
v 1.1030576 0.8912903999999999 0.5766047999999999
v 1.1030576 0.8912903999999999 0.5766047999999999
v 1.1030576 0.8912903999999999 -5.45757967735382e-17
v 1.0770224000000002 0.9173264 -5.617004197666823e-17
v 1.0770224000000002 0.9173264 0.5766047999999999
v 0.9063584000000001 1.587148 0.6882463999999999
v 0.5967760000000001 1.2775664000000002 0.6098344
v 0.5723864 1.2531768 0.6537759999999999
v 0.9063584000000001 1.587148 0.732188
v 1.3493312 1.109736 0.7321871999999999
v 1.0153592 0.7757648 0.6537759999999999
v 1.0397488 0.8001544000000002 0.6098344
v 1.3493312 1.109736 0.6882463999999999
v 0.5723864 1.2531768 0.6537759999999999
v 1.0153592 0.7757648 0.6537759999999999
v 1.3493312 1.109736 0.7321871999999999
v 0.9063584000000001 1.587148 0.732188
v -1.0750184 -1.1925672 1.3225752000000002
v -0.7159536000000001 -0.7158536 1.0747624
v -1.0900696 -0.3185328 1.0767224000000002
v -1.715844 -0.5242703999999999 1.32348
v -1.8085048000000001 -0.5829751999999999 1.1775080000000002
v -1.1109807999999999 -1.3420672 1.1766024
v -1.0750184 -1.1925672 1.3225752000000002
v -1.715844 -0.5242703999999999 1.32348
v 0.6027224000000001 -1.0166919999999997 1.7740432
v 0.9037104 -1.3741032000000002 1.0894831999999999
v 0.9423560000000001 -1.3319999999999999 2.6624920000000003
v 0.6391712 -1.0016095999999999 2.6616888000000003
v -0.5425296000000001 1.17138 -7.172633837926134e-17
v -0.5425296000000001 1.17138 0.7297608
v -0.9945360000000001 1.0000376 0.7297608
v -0.9989304000000001 1.0002568 -6.124806442226872e-17
v -0.5425296000000001 1.17138 -7.172633837926134e-17
v -0.5866728 1.4403904 0.002219999999999912
v -0.584484 1.4403632000000002 0.8161376000000001
v -0.5425296000000001 1.17138 0.7297608
v -1.238472 1.4871152 0.9020855999999999
v -1.0167784 0.9628008 0.728076
v -0.5199872 1.1514528000000002 0.7220072
v -0.6320968 1.7388760000000003 0.9474168
v -1.2037864000000003 1.4291264000000001 0.8745968
v -1.1923384000000001 1.3763896000000002 -8.42795559009853e-17
v -0.9989304000000001 1.0002568 -6.124806442226872e-17
v -0.9945360000000001 1.0000376 0.7297608
v 0.1114472 -0.8233495999999999 1.8632176000000003
v 0.1114472 -0.8233495999999999 1.772736
v 0.6805264000000001 -0.8039943999999999 1.7742832000000002
v 0.6805264000000001 -0.8039943999999999 1.8647648000000001
v 0.6805264000000001 -0.8039943999999999 1.8647648000000001
v 0.6839120000000001 -0.7666767999999999 1.8647648000000001
v 0.1153128 -0.7860328 1.8632176000000003
v 0.1114472 -0.8233495999999999 1.8632176000000003
v 0.7064680000000001 -0.8457007999999999 2.6569688
v 0.7308048 -0.7548735999999998 2.6569688
v 0.7191064 -0.7514975999999999 2.8540872000000004
v 0.6946608000000001 -0.8427279999999998 2.8540872000000004
v 0.7191064 -0.7514975999999999 2.8540872000000004
v 0.7074072 -0.7481215999999998 2.6569688
v 0.6828536000000001 -0.8397543999999999 2.6569688
v 0.6946608000000001 -0.8427279999999998 2.8540872000000004
v 0.8455032 -1.1805336 2.6569688
v 0.7790128000000001 -1.1140439999999998 2.6569688
v 0.77024 -1.1224872 2.8540872000000004
v 0.8370248 -1.1892728 2.8540872000000004
v 0.77024 -1.1224872 2.8540872000000004
v 0.7614672 -1.1309311999999998 2.6569688
v 0.8285472 -1.1980111999999998 2.6569688
v 0.8370248 -1.1892728 2.8540872000000004
v 1.2864152000000002 -0.6048839999999999 2.6569688
v 1.3529056000000002 -0.6713743999999999 2.6569688
v 1.3616792000000002 -0.6629303999999999 2.8540872000000004
v 1.2948936 -0.5961455999999998 2.8540872000000004
v 1.3616792000000002 -0.6629303999999999 2.8540872000000004
v 1.3704520000000002 -0.6544871999999998 2.6569688
v 1.3033720000000002 -0.5874071999999998 2.6569688
v 1.2948936 -0.5961455999999998 2.8540872000000004
v 0.9269240000000001 -0.5578759999999998 2.6569688
v 1.0177512 -0.5335391999999998 2.6569688
v 1.0148256 -0.5217191999999998 2.8540872000000004
v 0.9235952 -0.5461647999999999 2.8540872000000004
v 1.0148256 -0.5217191999999998 2.8540872000000004
v 1.0118992 -0.5098999999999999 2.6569688
v 0.9202664 -0.5344527999999998 2.6569688
v 0.9235952 -0.5461647999999999 2.8540872000000004
v 1.4372584000000002 -0.9426903999999999 2.8540880000000004
v 1.4254512000000001 -0.9397167999999999 2.6569688
v 1.4011144 -1.0305448 2.6569688
v 1.4128128000000002 -1.0339207999999998 2.8540872000000004
v 1.4128128000000002 -1.0339207999999998 2.8540872000000004
v 1.424512 -1.0372967999999998 2.6569688
v 1.4490656 -0.9456631999999999 2.6569688
v 1.4372584000000002 -0.9426903999999999 2.8540880000000004
v 1.2083232000000002 -1.2392535999999998 2.8540872000000004
v 1.2049952 -1.2275424 2.6569688
v 1.1141672 -1.2518791999999999 2.6569688
v 1.1170936 -1.2636991999999998 2.8540872000000004
v 1.1170936 -1.2636991999999998 2.8540872000000004
v 1.1200192 -1.2755184 2.6569688
v 1.2116528000000002 -1.2509655999999998 2.6569688
v 1.2083232000000002 -1.2392535999999998 2.8540872000000004
v 1.1027232 2.2945872 0.06344639999999986
v 0.948612 2.3664504 0.06344639999999986
v 0.7817264 1.9980504000000001 0.06344639999999989
v 0.9358376 1.9261872000000002 0.06344639999999989
v 0.7622544000000001 1.8946176000000001 0.3339167999999999
v 0.8704040000000002 1.8475392 0.3339167999999999
v 0.8962352 1.9035384000000002 0.3339167999999999
v 0.7880856 1.9506176000000002 0.3339167999999999
v 0.7412464000000001 1.9240400000000002 -1.178134713715737e-16
v 0.7817264 1.9980504000000001 0.06344639999999989
v 0.948612 2.3664504 0.06344639999999986
v 0.954108 2.391036 -1.4640872920230455e-16
v 0.9358376 1.9261872000000002 0.06344639999999989
v 0.9051624 1.8476048 -1.1313316522046426e-16
v 1.118024 2.3146008 -1.4172842305119516e-16
v 1.1027232 2.2945872 0.06344639999999986
v 1.118024 2.3146008 -1.4172842305119516e-16
v 0.954108 2.391036 -1.4640872920230455e-16
v 0.948612 2.3664504 0.06344639999999986
v 1.1027232 2.2945872 0.06344639999999986
v -0.27191200000000004 -0.6935096 1.8993928000000002
v -0.1504336 -0.6935104 1.8993928000000002
v -0.15038720000000003 -0.6029823999999999 1.7041080000000002
v -0.27396400000000004 -0.6029823999999999 1.7041080000000002
v -1.0227936 -1.9230584000000002 2.1618368
v 0.041364000000000005 -1.9230584000000002 2.1618376
v 0.041364000000000005 -0.8522783999999999 2.1618376
v -1.0227936 -0.8522783999999999 2.1618368
v 0.7120968000000001 -0.5984183999999999 1.1621584
v 0.0984312 -0.5984183999999999 1.1621584
v 0.09845280000000001 -0.5984183999999999 1.6524624
v 0.7121192000000001 -0.5984183999999999 1.6526424
v -1.4896624 0.8420576000000003 1.79532
v -1.7500152 0.8420576000000003 1.79532
v -1.7666272 0.8132847999999999 -0.00366560000000005
v -1.4730504 0.8132847999999999 -0.00366560000000005
v -1.014604 0.837708 1.1442424000000002
v -0.9757112 0.8611728 1.1442424000000002
v -1.3525768 1.0698136 1.1442424000000002
v -1.3634656 1.0430488 1.1442424000000002
v -0.9437992 2.2960992 0.5943287999999999
v -0.8039728 1.8881944000000002 0.599692
v -0.8039728 1.8881944000000002 0.00045119999999988444
v -0.9437992 2.2960992 -0.004912000000000141
v -1.4730504 0.8132847999999999 -0.00366560000000005
v -1.3262624 1.0675304 -0.0036656000000000657
v -1.3594864 1.0675296 1.79532
v -1.4896624 0.8420576000000003 1.79532
v -0.9797167999999999 0.8634024 1.2575736
v -0.9848936 0.8600696 1.1337824
v -1.077684 0.9231528000000001 1.1337824
v -1.0506944 0.9056552 1.2084512
v -1.3634656 1.0430488 1.067752
v -1.014604 0.837708 1.067752
v -1.014604 0.837708 1.1442424000000002
v -1.3634656 1.0430488 1.1442424000000002
v 1.2006568 -0.4691247999999999 1.2978376000000003
v 1.5598272 -0.31211199999999995 1.2584976
v 1.5619872000000001 -0.30617919999999993 1.1945952
v 1.2006568 -0.4691247999999999 1.2370688
v 1.2048136 -0.477568 1.2373968
v 1.5661440000000002 -0.31462319999999994 1.1949232
v 1.5639848 -0.32055599999999995 1.2588256
v 1.2048144 -0.477568 1.2981656
v 1.2007744000000002 -0.46907199999999993 1.1655416
v 1.5620912000000002 -0.3061615999999999 1.1580392
v 1.5642504000000002 -0.30022879999999996 1.0941368
v 1.2007744000000002 -0.46907199999999993 1.1047727999999999
v 1.2048136 -0.477568 1.105096
v 1.5682904000000002 -0.30872559999999993 1.0944608
v 1.5661312 -0.3146575999999999 1.1583632
v 1.2048144 -0.477568 1.1658648
v 1.5893136 -0.31005439999999995 1.3090824
v 1.5893136 -0.3100544 1.0536672
v 1.5758392 -0.28115759999999995 1.0536672
v 1.5758384 -0.28115759999999995 1.3090824
v 1.5758384 -0.28115759999999995 1.3090824
v 1.5758392 -0.28115759999999995 1.0536672
v 1.5469424 -0.29463199999999995 1.0536672
v 1.5469424 -0.29463199999999995 1.3090824
v 1.5469424 -0.29463199999999995 1.3090824
v 1.5469424 -0.29463199999999995 1.0536672
v 1.5604168 -0.3235288 1.0536672
v 1.5604168 -0.32352879999999995 1.3090824
v 1.5604168 -0.32352879999999995 1.3090824
v 1.5604168 -0.3235288 1.0536672
v 1.5893136 -0.3100544 1.0536672
v 1.5893136 -0.31005439999999995 1.3090824
v -1.8629272000000001 -0.6487336 3.972347633696697e-17
v -1.2489848000000001 -1.3026592000000001 -0.0036655999999999204
v -1.1570464 -1.2602528 1.1834168
v -1.7613936 -0.5977655999999999 1.1854520000000002
v -1.8629272000000001 -0.6487336 3.972347633696697e-17
v -1.7613936 -0.5977655999999999 1.1854520000000002
v -1.663736 0.8538344000000001 1.1854520000000002
v -1.7655552 0.8538344000000001 -5.228227824809505e-17
v 1.7445920000000001 1.056588 -6.469735561087518e-17
v 1.1068944 1.7781464 -1.0888006485876946e-16
v 1.051948 1.7121344 1.185452
v 1.6372872000000003 1.0471056 1.1854520000000002
v 1.5359152 -0.7632112 1.089628
v 1.4954712000000001 -0.7793071999999999 2.6620016
v 1.3825288000000002 -1.2097471999999998 2.6621168
v 1.406036 -1.245948 1.0894831999999999
v 1.3825288000000002 -1.2097471999999998 2.6621168
v 0.9423560000000001 -1.3319999999999999 2.6624920000000003
v 0.9037112 -1.3741032000000002 1.0894831999999999
v 1.406036 -1.245948 1.0894831999999999
v 2.0396136 -0.3594632 2.2010772864563244e-17
v 1.7445920000000001 1.056588 -6.469735561087518e-17
v 1.6372872000000003 1.0471056 1.1854520000000002
v 1.9319936 -0.32027359999999994 1.1854520000000002
v -0.6289384 1.9977344 -1.2232595192532792e-16
v -1.0956416000000002 1.7815952 -1.0909124295281443e-16
v -1.0364368000000002 1.7164840000000003 1.185452
v -0.6221720000000001 1.9139208 1.185452
v -1.4730512 1.3217744 -0.0036656000000000813
v -1.7666272 1.3217744 -0.0036656000000000813
v -1.7500152 1.2930016000000002 1.79532
v -1.4896624 1.2930016000000002 1.79532
v 0.2821984 -1.98198 -0.0036655999999998788
v 1.020708 -1.98198 -0.0036655999999998788
v 0.8728568 -1.894972 1.8647648000000001
v 0.1197048 -1.894972 1.8647648000000001
v -1.2703664000000001 -1.6676712 1.612548
v -1.2703664000000001 -1.3987496 1.612548
v -1.2703664000000001 -1.3987496000000001 1.1221176
v -1.2703664000000001 -1.6676712 1.1221176000000002
v 0.5339144 2.0337016 1.3761919999999999
v -0.5934256000000001 2.0337008 1.3761919999999999
v -0.5934256000000001 1.4774048000000002 1.3761919999999999
v 0.5339144 1.4774056 1.3761919999999999
v 0.6372552 -1.759608 1.764492
v 0.6372552 -1.5598239999999999 1.9232864
v 0.8202496 -1.5598239999999999 1.9232864
v 0.8202496 -1.759608 1.764492
v 0.6372552 -1.7649048 1.7736664000000002
v 0.8202496 -1.764904 1.7736664000000002
v 0.8202496 -1.5651207999999999 1.93246
v 0.6372552 -1.5651207999999999 1.93246
v -1.2065816 -2.3473544 0.03746880000000015
v -1.2522976000000001 -2.3957184000000002 0.04594560000000014
v -1.2522976000000001 -2.3957184000000002 -0.0044671999999998544
v -1.1773984000000002 -2.3531592 -0.007348799999999856
v -1.2865544 -2.2705192000000003 0.09968640000000015
v -1.3378336 -2.3254976 0.028769600000000145
v -1.2865544 -2.2705192000000003 0.09968640000000015
v -1.3042856 -2.2556416 -0.007348799999999861
v -1.3378336 -2.3254976 -0.004467199999999858
v 1.4374000000000002 -1.3360104000000002 0.1325232000000001
v 1.4019936 -1.2710248000000002 0.13869840000000008
v 1.3675424 -1.3024616 -0.007348799999999921
v 1.4374000000000002 -1.3360104000000002 -0.004467199999999919
v -0.09089520000000001 -0.693252 1.4865104000000002
v -0.783992 -0.6932512 1.4865104000000002
v -0.783992 -0.6932512 1.9460896000000003
v -0.09089520000000001 -0.693252 1.9460896000000003
v 1.1774064 0.3603200000000001 0.9306520000000001
v 1.5676168000000001 0.3606864000000001 1.08972
v 1.6034592 0.3606864000000001 1.0391512
v 1.2132488000000001 0.3603200000000001 0.8800832000000001
v 1.1774064 0.3603200000000001 0.9306520000000001
v 1.1479016 -0.4492511999999999 0.9196832000000001
v 1.6979128 -0.20824239999999994 1.08972
v 1.5676168000000001 0.3606864000000001 1.08972
v 1.2152472 -0.4149455999999999 0.9400536000000002
v 1.244752 0.32761200000000007 0.9510223999999999
v 1.244752 0.327612 0.01810239999999998
v 1.2204352 -0.3969648 0.0005568000000000243
v 1.5676168000000001 0.3279792 0.00295999999999998
v 1.244752 0.327612 0.01810239999999998
v 1.244752 0.32761200000000007 0.9510223999999999
v 1.5676168000000001 0.3279784000000001 1.0898712
v -1.9662384 1.0488576 -0.004048800000000065
v -1.9183608 0.9734368 -0.00404880000000006
v -1.9167088 0.9743288 0.08979919999999995
v -1.9662384 1.0488576 0.060763199999999934
v 1.1845048 -0.45577599999999985 2.6622296
v 1.4954712000000001 -0.7793071999999999 2.6620016
v 1.5359152 -0.7632112 1.089628
v 1.2084720000000002 -0.4225287999999999 1.0896096
v -0.9895160000000001 -2.0550872 0.7915912
v -1.1835928 -1.8734784000000002 0.7915912
v -1.1986968 -2.2547992000000003 0.7907368000000002
v -1.3541 -2.1244008 0.7907368000000001
v -1.0155952 0.8267704 0.0027319999999999497
v -1.0155952 0.8267704 0.9736224
v -1.117336 -0.3365408 0.9736224
v -1.117336 -0.3365328 0.0019360000000000204
v 0.83554 -1.2521015999999998 1.8647648000000001
v 0.83554 -1.2521015999999998 1.7742832000000002
v 0.83554 -1.8576552 1.7742832000000002
v 0.83554 -1.8576552 1.8647648000000001
v 0.83554 -1.8576552 1.8647648000000001
v 0.8728568 -1.894972 1.8647648000000001
v 0.8728568 -1.2685015999999998 1.8647648000000001
v 0.83554 -1.2521015999999998 1.8647648000000001
v -1.2490112 -1.820808 0.0025016000000001115
v -1.3840248000000002 -1.8699488 0.0025016000000001146
v -1.3629112 -1.8876648 0.8366144000000002
v -1.1836624 -1.8224232000000002 0.8366144000000002
v 0.11583920000000002 -1.8576552 1.7742840000000002
v 0.11583920000000002 -1.8576552 1.8647648000000001
v 0.83554 -1.8576552 1.8647648000000001
v 0.83554 -1.8576552 1.7742832000000002
v 0.8728568 -1.894972 1.8647648000000001
v 1.020708 -1.98198 -0.0036655999999998788
v 1.020708 -1.3831936000000002 -0.0036655999999999156
v 0.8728568 -1.2685015999999998 1.8647648000000001
v 0.8728568 -1.894972 1.8647648000000001
v 0.83554 -1.8576552 1.8647648000000001
v 0.11583920000000002 -1.8576552 1.8647648000000001
v 0.1197048 -1.894972 1.8647648000000001
v -1.3629112 -1.8876648 0.8366144000000002
v -1.3840248000000002 -1.8699488 0.0025016000000001146
v -1.4340208 -2.1534896 0.002501600000000132
v -1.4081216 -2.1440624 0.8366144000000002
v -1.4081216 -2.1440624 0.8366144000000002
v -1.4340208 -2.1534896 0.002501600000000132
v -1.2134656000000001 -2.3385568 0.0025016000000001436
v -1.2086800000000002 -2.3114136 0.8366144000000002
v -1.2086800000000002 -2.3114136 0.8366144000000002
v -1.2134656000000001 -2.3385568 0.0025016000000001436
v -0.9429144000000002 -2.2400848 0.002502400000000137
v -0.9640280000000001 -2.2223680000000003 0.8366144000000002
v -0.9414808000000001 -2.0581136 0.8366144000000002
v -0.9640280000000001 -2.2223680000000003 0.8366144000000002
v -0.9429144000000002 -2.2400848 0.002502400000000137
v -0.9181808 -2.0973816 0.0023880000000001283
v -1.0601104 -1.9603752 2.1776496
v -1.0227936 -1.9230584000000002 2.1598264
v -1.0227936 -0.8522783999999999 2.1598264
v -1.0601104 -0.8149607999999999 2.1776496
v 0.0786808 -1.9603752 2.1776504
v 0.041364000000000005 -1.9230584000000002 2.1598272
v -1.0227936 -1.9230584000000002 2.1598264
v -1.0601104 -1.9603752 2.1776496
v 0.0786808 -0.8149607999999999 2.1776504
v 0.041364000000000005 -0.8522783999999999 2.1598272
v 0.041364000000000005 -1.9230584000000002 2.1598272
v 0.0786808 -1.9603752 2.1776504
v -1.0601104 -0.8149607999999999 2.1776496
v -1.0227936 -0.8522783999999999 2.1598264
v 0.041364000000000005 -0.8522783999999999 2.1598272
v 0.0786808 -0.8149607999999999 2.1776504
v -1.1011344 -2.0073208 1.8647016
v -1.0601104 -1.9603752 2.1776496
v -1.0601104 -0.8149607999999999 2.1776496
v -1.1011336 -0.7666767999999999 1.8647648000000001
v 0.11970400000000002 -2.0071584000000002 1.8646944000000003
v 0.0786808 -1.9603752 2.1776504
v -1.0601104 -1.9603752 2.1776496
v -1.1011344 -2.0073208 1.8647016
v -1.1011336 -0.7666767999999999 1.8647648000000001
v -1.0601104 -0.8149607999999999 2.1776496
v 0.0786808 -0.8149607999999999 2.1776504
v 0.11777200000000002 -0.785336 1.8647648000000001
v -1.3525768 1.0320664000000002 0.002731999999999937
v -1.3525768 1.0320664000000002 0.9736224
v -1.0155952 0.8267704 0.9736224
v -1.0155952 0.8267704 0.0027319999999999497
v -1.1173400000000002 -0.33654399999999995 1.067752
v -1.014604 0.837708 1.067752
v -1.4847136 0.8414608 1.0671912000000001
v -1.5840008 -0.5084319999999999 1.0690792
v -1.1023792000000001 -0.25882159999999993 1.2084512
v -1.099576 -0.2267783999999999 1.1337824
v -1.1090064 -0.33456879999999994 1.1337824
v -1.1094912000000001 -0.3401063999999999 1.2575736
v -1.001748 0.85284 1.2548320000000002
v -1.00108 0.8521552 1.1337824
v -1.0132672 0.7498792000000001 1.1337824
v -1.010464 0.7819224000000001 1.2084512
v -0.9757112 0.8611728 0.9896224
v -1.0802648 -0.3397848 0.9896224
v -1.117336 -0.3365408 0.9736224
v -1.0155952 0.8267704 0.9736224
v -1.3525768 1.0698144 0.9896224
v -1.3525768 1.0698136 1.1442424000000002
v -0.9757112 0.8611728 1.1442424000000002
v -0.9757112 0.8611728 0.9896224
v -0.9757112 0.8611728 0.9896224
v -0.9757112 0.8611728 1.1442424000000002
v -1.0802568000000001 -0.3397927999999999 1.1442424000000002
v -1.0802648 -0.3397848 0.9896224
v -1.0885264 -0.3417199999999999 1.2575736
v -1.08806 -0.33638879999999993 1.1337824
v -1.0786296 -0.2286023999999999 1.1337824
v -1.0814328 -0.2606455999999999 1.2084512
v -1.1173400000000002 -0.33654399999999995 1.1442424000000002
v -1.014604 0.837708 1.1442424000000002
v -1.014604 0.837708 1.067752
v -1.1173400000000002 -0.33654399999999995 1.067752
v -0.9757112 0.8611728 1.1442424000000002
v -1.014604 0.837708 1.1442424000000002
v -1.1173400000000002 -0.33654399999999995 1.1442424000000002
v -1.0802568000000001 -0.3397927999999999 1.1442424000000002
v -1.4202776000000001 1.9956272 0.6893552
v -1.3769024 1.9064888 -1.1673877032651392e-16
v -1.3769024 1.8849344 -1.1541894397813683e-16
v -1.4202776000000001 1.9825936 0.6893552
v -1.4202776000000001 1.9825936 0.6893552
v -1.3769024 1.8849344 -1.1541894397813683e-16
v -1.3539744000000002 1.8957112 -1.160788326593894e-16
v -1.4064144 1.9891104 0.6893552
v -1.4064144 1.9891104 0.6893552
v -1.3539744000000002 1.8957112 -1.160788326593894e-16
v -1.3769024 1.9064888 -1.1673877032651392e-16
v -1.4202776000000001 1.9956272 0.6893552
v -1.8516824 1.5974544000000002 0.6893552
v -1.800656 1.6409256 -1.004777141839475e-16
v -1.800656 1.6193712000000002 -9.915788783557044e-17
v -1.8516824 1.5844216 0.6893552
v -1.8516824 1.5844216 0.6893552
v -1.800656 1.6193712000000002 -9.915788783557044e-17
v -1.7777280000000002 1.6301488 -9.981782550269494e-17
v -1.8378192 1.5909376000000002 0.6893552
v -1.8378192 1.5909376000000002 0.6893552
v -1.7777280000000002 1.6301488 -9.981782550269494e-17
v -1.800656 1.6409256 -1.004777141839475e-16
v -1.8516824 1.5974544000000002 0.6893552
v -0.9464368000000001 2.296168 0.5992295999999998
v -0.9550488 2.304264 -1.4109547659952385e-16
v -0.9550488 2.263308 -1.385876448842299e-16
v -0.9464368000000001 2.271404 0.5992295999999998
v -0.9464368000000001 2.271404 0.5992295999999998
v -0.9550488 2.263308 -1.385876448842299e-16
v -0.911484 2.263308 -1.385876448842299e-16
v -0.920096 2.271404 0.5992295999999998
v -0.920096 2.271404 0.5992295999999998
v -0.911484 2.263308 -1.385876448842299e-16
v -0.911484 2.304264 -1.4109547659952385e-16
v -0.920096 2.296168 0.5992295999999998
v -0.920096 2.296168 0.5992295999999998
v -0.911484 2.304264 -1.4109547659952385e-16
v -0.9550488 2.304264 -1.4109547659952385e-16
v -0.9464368000000001 2.296168 0.5992295999999998
v 0.793056 -1.8930536 1.9393496
v 0.7608904000000001 -1.8930536 1.8646808000000001
v 0.8709464000000001 -1.8930368000000002 1.9465912
v 0.8709336000000001 -1.8930448 1.8646808000000001
v 0.8384408000000001 -1.86054 1.9823032000000003
v 0.8384456 -1.86054 1.8646808000000001
v 0.7608824000000001 -1.8605432000000002 1.8646808000000001
v 0.7930472000000001 -1.8605432000000002 1.9393496
v 0.8384456 -1.86054 1.8646808000000001
v 0.8384408000000001 -1.86054 1.9823032000000003
v 0.838444 -1.8151736 1.9393496
v 0.838444 -1.7830088000000002 1.8646808000000001
v -1.5106456000000001 1.2306056 1.1854520000000002
v -1.0364368000000002 1.7164840000000003 1.185452
v -1.0956416000000002 1.7815952 -1.0909124295281443e-16
v -1.566184 1.2967944 -7.940575555561063e-17
v -1.2626216000000001 -1.6476088000000002 1.1207952000000003
v -1.2626216000000001 -1.6183136000000002 1.1207952000000003
v -1.1599224 -1.6183136000000002 0.9085808000000002
v -1.1599232000000002 -1.647608 0.9085808000000002
v -0.10960160000000002 -0.7397128 1.2722872
v -0.138896 -0.7397128 1.2722872
v -0.138896 -0.6967824 1.4869832
v -0.10960160000000002 -0.6967831999999999 1.4869832
v -0.2631936 -0.7397128 1.2722872
v -0.292488 -0.7397128 1.2722872
v -0.292488 -0.6967824 1.4869832
v -0.2631936 -0.6967831999999999 1.4869832
v -0.5837328 -0.7397128 1.2722872
v -0.6130272 -0.7397128 1.2722872
v -0.6130272 -0.6967824 1.4869832
v -0.5837328 -0.6967831999999999 1.4869832
v -0.7373248000000001 -0.7397128 1.2722872
v -0.7666200000000001 -0.7397119999999999 1.2722872
v -0.7666200000000001 -0.6967824 1.4869832
v -0.7373248000000001 -0.6967831999999999 1.4869832
v 0.5569304 1.4465480000000002 1.5288664
v 0.4590808 1.4465480000000002 1.5288664
v 0.45908480000000007 1.4302976 1.4347376
v 0.5569352000000001 1.4302976 1.4347376
v -0.5187752 1.4465480000000002 1.5288664
v -0.6166256 1.4465480000000002 1.5288664
v -0.6166216000000001 1.4302976 1.4347376
v -0.5187704000000001 1.4302976 1.4347376
v -0.3460488 1.4465488000000004 1.5098296
v -0.423872 1.4465488000000004 1.5098296
v -0.4238688 1.4302984 1.4349648000000002
v -0.346044 1.4302984 1.4349648000000002
v -0.15982000000000002 1.4465488000000004 1.5288664
v -0.2576704 1.4465488000000004 1.5288664
v -0.2576664 1.4302984 1.4347376
v -0.159816 1.4302984 1.4347376
v 0.0088208 1.4465496000000002 1.5098296
v -0.0690024 1.4465488000000004 1.5098296
v -0.06899920000000001 1.4302984 1.4349648000000002
v 0.008825600000000001 1.4302992 1.4349648000000002
v 0.20191040000000002 1.4465488000000004 1.5288664
v 0.10406080000000001 1.4465488000000004 1.5288664
v 0.10406480000000001 1.4302984 1.4347376
v 0.20191520000000002 1.4302984 1.4347376
v 0.3731376 1.4465488000000004 1.5098296
v 0.29531440000000003 1.4465488000000004 1.5098296
v 0.2953176 1.4302984 1.4349648000000002
v 0.3731416 1.4302984 1.4349648000000002
v 0.5569304 2.0656176 1.5288664
v 0.45908 2.0656176 1.5288664
v 0.45908480000000007 2.0493672000000003 1.4347376
v 0.5569352000000001 2.0493672000000003 1.4347376
v 0.0984312 -0.5984183999999999 1.1621584
v 0.0984312 -0.7714896 1.1624776
v 0.0984312 -0.7714896 1.7174880000000003
v 0.09845280000000001 -0.5984183999999999 1.6524624
v 0.085944 -0.7756007999999999 1.7190296
v 0.7245840000000001 -0.7756007999999999 1.7190296
v 0.7245840000000001 -0.5605775999999999 1.6383984000000003
v 0.085944 -0.5605768 1.6383984000000003
v 0.8965648 -1.4900288000000002 1.2934096000000004
v 1.4960232 -1.3220952000000001 1.2934096000000002
v 1.4960232 -1.3220960000000002 1.0894928000000002
v 0.8965656 -1.4900296000000002 1.0894928000000002
v 1.051948 1.7121344 1.185452
v 1.1068944 1.7781464 -1.0888006485876946e-16
v 0.5629144 2.0391936000000004 -1.2486459575408842e-16
v 0.553076 1.9506992 1.185452
v 1.5292224 -1.3549120000000001 1.0341504000000001
v 1.5230928000000001 -1.3487824000000002 1.2948000000000002
v 0.8830304 -1.530032 1.2948000000000004
v 0.8807864000000001 -1.5384056 1.0341504000000004
v 1.6856600000000002 -0.5698319999999999 1.0203704
v 1.7022312 -0.45251679999999994 1.2824088
v 1.5230928000000001 -1.3487824000000002 1.2948000000000002
v 1.5292224 -1.3549120000000001 1.0341504000000001
v 1.4233312 -1.2505496000000003 0.9272256000000001
v 1.5292224 -1.3549120000000001 1.0341504000000001
v 0.8807864000000001 -1.5384056 1.0341504000000004
v 0.9340544 -1.3816504 0.9272256000000001
v 1.5544320000000003 -0.7649816 0.9272256000000001
v 1.6856600000000002 -0.5698319999999999 1.0203704
v 1.5292224 -1.3549120000000001 1.0341504000000001
v 1.4233312 -1.2505496000000003 0.9272256000000001
v 1.4233312 -1.2505496000000003 0.9272256000000001
v 0.9340544 -1.3816504 0.9272256000000001
v 1.020708 -1.3831936000000002 -0.0036655999999999156
v 1.445224 -1.2724432 0.00047200000000007793
v 1.4233312 -1.2505496000000003 0.9272256000000001
v 1.445224 -1.2724432 0.00047200000000007793
v 1.5592312000000002 -0.839608 0.0007472000000000516
v 1.5544320000000003 -0.7649816 0.9272256000000001
v -1.0952392 -1.6708656000000002 1.6782176
v -1.2703664000000001 -1.6676712 1.612548
v -1.2703664000000001 -1.6676712 1.1221176000000002
v -1.0972952 -1.6676712 1.1224368000000002
v -1.0952392 -1.6708656000000002 1.6782176
v -1.0952392 -1.3955552 1.6782176
v -1.3082072 -1.3923607999999998 1.5983584000000002
v -1.3082072 -1.67406 1.5983584000000004
v -1.0972952 -1.3987496000000001 1.1224368
v -1.2703664000000001 -1.3987496000000001 1.1221176
v -1.2703664000000001 -1.3987496 1.612548
v -1.0952392 -1.3955552 1.6782176
v -1.3188728 -1.9246176 0.7907368000000001
v -1.3172928000000002 -1.9259432 0.8591336000000003
v -1.3521616 -2.1236952 0.8591336000000003
v -1.3541 -2.1244008 0.7907368000000001
v -1.3541 -2.1244008 0.7907368000000001
v -1.3521616 -2.1236952 0.8591336000000003
v -1.1983384 -2.2527688 0.8591336000000003
v -1.1986968 -2.2547992000000003 0.7907368000000002
v -1.1986968 -2.2547992000000003 0.7907368000000002
v -1.1983384 -2.2527688 0.8591336000000003
v -1.0096464 -2.1840904 0.8591336000000003
v -1.0086456000000001 -2.1856264 0.7907368000000002
v -1.7500152 1.2930016000000002 1.79532
v -1.7666272 1.3217744 -0.0036656000000000813
v -1.9134160000000002 1.0675296 -0.0036656000000000657
v -1.880192 1.0675296 1.79532
v -1.880192 1.0675296 1.79532
v -1.9134160000000002 1.0675296 -0.0036656000000000657
v -1.7666272 0.8132847999999999 -0.00366560000000005
v -1.7500152 0.8420576000000003 1.79532
v -1.3594864 1.0675296 1.79532
v -1.3262624 1.0675304 -0.0036656000000000657
v -1.4730512 1.3217744 -0.0036656000000000813
v -1.4896624 1.2930016000000002 1.79532
v -1.5249464000000001 1.2318888000000001 1.7917024000000001
v -1.4843128 1.3022688000000002 1.8178391999999999
v -1.7553656000000002 1.3022680000000002 1.8178391999999999
v -1.7147320000000001 1.2318888000000001 1.7917024000000001
v -1.7147320000000001 1.2318888000000001 1.7917024000000001
v -1.7553656000000002 1.3022680000000002 1.8178391999999999
v -1.890892 1.0675304000000003 1.8178391999999999
v -1.8096248 1.0675304000000003 1.7917024000000001
v -1.8096248 1.0675304000000003 1.7917024000000001
v -1.890892 1.0675304000000003 1.8178391999999999
v -1.7553656000000002 0.8327912000000002 1.8178391999999999
v -1.7147312000000001 0.9031712000000003 1.7917024000000001
v -1.7147312000000001 0.9031712000000003 1.7917024000000001
v -1.7553656000000002 0.8327912000000002 1.8178391999999999
v -1.4843128 0.8327912000000002 1.8178391999999999
v -1.5249464000000001 0.9031712000000003 1.7917024000000001
v -1.5249464000000001 0.9031712000000003 1.7917024000000001
v -1.4843128 0.8327912000000002 1.8178391999999999
v -1.3487864 1.0675296 1.8178391999999999
v -1.4300536 1.0675296 1.7917024000000001
v -1.4300536 1.0675296 1.7917024000000001
v -1.3487864 1.0675296 1.8178391999999999
v -1.4843128 1.3022688000000002 1.8178391999999999
v -1.5249464000000001 1.2318888000000001 1.7917024000000001
v -0.7839912 -0.8090719999999998 2.0109888000000002
v -0.783992 -0.6932512 1.9460896000000003
v -0.783992 -0.6932512 1.4865104000000002
v -0.7839912 -0.8090719999999998 1.4849376
v -0.8004576000000001 -0.8118232 2.0125312
v -0.0744296 -0.8118232 2.0125312
v -0.0744296 -0.6575264 1.9260712000000002
v -0.8004576000000001 -0.6575264 1.9260712000000002
v -0.09089520000000001 -0.8090719999999998 1.4849376
v -0.09089520000000001 -0.693252 1.4865104000000002
v -0.09089520000000001 -0.693252 1.9460896000000003
v -0.09089520000000001 -0.8090719999999998 2.0109888000000002
v 0.5569304 1.4465480000000002 1.5288664
v 0.5569256 1.4627984 1.4347376
v 0.4590768 1.4627984 1.4347376
v 0.4590808 1.4465480000000002 1.5288664
v -0.5187752 1.4465480000000002 1.5288664
v -0.51878 1.4627984 1.4347376
v -0.6166296 1.4627984 1.4347376
v -0.6166256 1.4465480000000002 1.5288664
v -0.3460488 1.4465488000000004 1.5098296
v -0.34605280000000005 1.4627984 1.4349648
v -0.42387600000000003 1.4627992 1.4349648
v -0.423872 1.4465488000000004 1.5098296
v -0.15982000000000002 1.4465488000000004 1.5288664
v -0.1598248 1.4627984 1.4347376
v -0.2576744 1.4627984 1.4347376
v -0.2576704 1.4465488000000004 1.5288664
v 0.0088208 1.4465496000000002 1.5098296
v 0.0088168 1.4627992 1.4349648
v -0.06900640000000001 1.4627992 1.4349648
v -0.0690024 1.4465488000000004 1.5098296
v 0.20191040000000002 1.4465488000000004 1.5288664
v 0.20190560000000002 1.4627984 1.4347376
v 0.1040568 1.4627992 1.4347376
v 0.10406080000000001 1.4465488000000004 1.5288664
v 0.3731376 1.4465488000000004 1.5098296
v 0.37313360000000007 1.4627992 1.4349648
v 0.29531040000000003 1.4627984 1.4349648
v 0.29531440000000003 1.4465488000000004 1.5098296
v -0.5934256000000001 2.0337008 1.3761919999999999
v -0.5934256000000001 2.0337016 1.440724
v -0.5934256000000001 1.4774048000000002 1.440724
v -0.5934256000000001 1.4774048000000002 1.3761919999999999
v 0.5339144 1.4774056 1.440724
v 0.5339144 1.4774056 1.3761919999999999
v -0.5934256000000001 1.4774048000000002 1.3761919999999999
v -0.5934256000000001 1.4774048000000002 1.440724
v 0.5339144 1.4774056 1.3761919999999999
v 0.5339144 1.4774056 1.440724
v 0.5339144 2.0337016 1.440724
v 0.5339144 2.0337016 1.3761919999999999
v -0.5934256000000001 2.0337016 1.440724
v -0.5934256000000001 2.0337008 1.3761919999999999
v 0.5339144 2.0337016 1.3761919999999999
v 0.5339144 2.0337016 1.440724
v -0.5934256000000001 2.0337016 1.440724
v -0.6405096000000001 2.0885616 1.440724
v -0.6405088000000001 1.4225464 1.4407240000000001
v -0.5934256000000001 1.4774048000000002 1.440724
v -0.5934256000000001 1.4774048000000002 1.440724
v -0.6405088000000001 1.4225464 1.4407240000000001
v 0.5809984 1.4225464 1.4407240000000001
v 0.5339144 1.4774056 1.440724
v 0.5339144 1.4774056 1.440724
v 0.5809984 1.4225464 1.4407240000000001
v 0.5809984 2.0885616 1.440724
v 0.5339144 2.0337016 1.440724
v 0.5339144 2.0337016 1.440724
v 0.5809984 2.0885616 1.440724
v -0.6405096000000001 2.0885616 1.440724
v -0.5934256000000001 2.0337016 1.440724
v -0.6405088000000001 1.4225464 1.4407240000000001
v -0.6405096000000001 2.0885616 1.440724
v -0.6405096000000001 2.0885616 -0.003870400000000128
v -0.6405088000000001 1.4225464 -0.003870400000000088
v 0.5809984 2.0885616 1.440724
v 0.5809984 1.4225464 1.4407240000000001
v 0.5809984 1.4225464 -0.003870400000000088
v 0.5809984 2.0885616 -0.003870400000000128
v 0.5569304 2.0656176 1.5288664
v 0.5569256 2.0818688 1.4347376
v 0.45907600000000004 2.0818688 1.4347376
v 0.45908 2.0656176 1.5288664
v -0.6166256 2.0656184 1.5288664
v -0.6166216000000001 2.0493680000000003 1.4347376
v -0.5187696 2.0493680000000003 1.4347376
v -0.5187752 2.0656184 1.5288664
v -0.5187752 2.0656184 1.5288664
v -0.51878 2.0818688 1.4347376
v -0.6166296 2.0818688 1.4347376
v -0.6166256 2.0656184 1.5288664
v -0.42387280000000005 2.0656192 1.5098295999999998
v -0.4238696 2.0493688 1.4349648
v -0.346044 2.0493680000000003 1.4349648
v -0.346048 2.0656184 1.5098295999999998
v -0.346048 2.0656184 1.5098295999999998
v -0.34605280000000005 2.0818688 1.4349648
v -0.42387600000000003 2.0818696 1.4349648
v -0.42387280000000005 2.0656192 1.5098295999999998
v -0.2576704 2.0656184 1.5288664
v -0.2576664 2.0493688 1.4347376
v -0.15981440000000002 2.0493680000000003 1.4347376
v -0.15982000000000002 2.0656184 1.5288664
v -0.15982000000000002 2.0656184 1.5288664
v -0.1598248 2.0818688 1.4347376
v -0.2576744 2.0818688 1.4347376
v -0.2576704 2.0656184 1.5288664
v -0.0690032 2.0656192 1.5098295999999998
v -0.06899999999999999 2.0493688 1.4349648
v 0.008825600000000001 2.0493688 1.4349648
v 0.0088216 2.0656192 1.5098295999999998
v 0.0088216 2.0656192 1.5098295999999998
v 0.0088168 2.0818696 1.4349648
v -0.06900640000000001 2.0818696 1.4349648
v -0.0690032 2.0656192 1.5098295999999998
v 0.10406 2.0656184 1.5288664
v 0.104064 2.0493680000000003 1.4347376
v 0.20191599999999998 2.0493680000000003 1.4347376
v 0.20191119999999999 2.0656184 1.5288664
v 0.20191119999999999 2.0656184 1.5288664
v 0.20190560000000002 2.0818688 1.4347376
v 0.104056 2.0818696 1.4347376
v 0.10406 2.0656184 1.5288664
v 0.2953136 2.0656184 1.5098295999999998
v 0.2953168 2.0493680000000003 1.4349648
v 0.37314240000000004 2.0493680000000003 1.4349648
v 0.3731384 2.0656184 1.5098295999999998
v 0.3731384 2.0656184 1.5098295999999998
v 0.37313440000000003 2.0818688 1.4349648
v 0.29531040000000003 2.0818688 1.4349648
v 0.2953136 2.0656184 1.5098295999999998
v 1.527456 -0.7685015999999999 2.5977704
v 1.1890288 -0.43007359999999983 2.5977704
v 1.1890288 -0.43007359999999983 2.6988424
v 1.527456 -0.7685015999999999 2.6988424
v 1.1624584 -0.5292375999999999 2.6476552000000004
v 1.4282928000000001 -0.7950727999999998 2.6476552000000004
v 1.4282928000000001 -0.7950727999999998 2.6988424
v 1.1624584 -0.5292375999999999 2.6988424
v 1.1890288 -0.43007359999999983 2.5977704
v 0.726728 -0.5539471999999999 2.5977704
v 0.726728 -0.5539471999999999 2.6988424
v 1.1890288 -0.43007359999999983 2.6988424
v 0.7993216000000001 -0.6265399999999999 2.6476552000000004
v 1.1624584 -0.5292375999999999 2.6476552000000004
v 1.1624584 -0.5292375999999999 2.6988424
v 0.7993216000000001 -0.6265399999999999 2.6988424
v 0.726728 -0.5539471999999999 2.5977704
v 0.6028552 -1.0162471999999998 2.5977704
v 0.6028552 -1.0162471999999998 2.6988424
v 0.726728 -0.5539471999999999 2.6988424
v 0.7020184 -0.9896767999999998 2.6476552000000004
v 0.7993216000000001 -0.6265399999999999 2.6476552000000004
v 0.7993216000000001 -0.6265399999999999 2.6988424
v 0.7020184 -0.9896767999999998 2.6988424
v 0.6028552 -1.0162471999999998 2.5977704
v 0.9412824000000001 -1.3546752 2.5977704
v 0.9412824000000001 -1.3546752 2.6988424
v 0.6028552 -1.0162471999999998 2.6988424
v 0.9678536 -1.2555112 2.6476552000000004
v 0.7020184 -0.9896767999999998 2.6476552000000004
v 0.7020184 -0.9896767999999998 2.6988424
v 0.9678536 -1.2555112 2.6988424
v 0.9412824000000001 -1.3546752 2.5977704
v 1.4035832 -1.2308024 2.5977704
v 1.4035832 -1.2308024 2.6988424
v 0.9412824000000001 -1.3546752 2.6988424
v 1.3309904000000001 -1.1582096 2.6476552000000004
v 0.9678536 -1.2555112 2.6476552000000004
v 0.9678536 -1.2555112 2.6988424
v 1.3309904000000001 -1.1582096 2.6988424
v 1.4035832 -1.2308024 2.5977704
v 1.527456 -0.7685015999999999 2.5977704
v 1.527456 -0.7685015999999999 2.6988424
v 1.4035832 -1.2308024 2.6988424
v 1.4282928000000001 -0.7950727999999998 2.6476552000000004
v 1.3309904000000001 -1.1582096 2.6476552000000004
v 1.3309904000000001 -1.1582096 2.6988424
v 1.4282928000000001 -0.7950727999999998 2.6988424
v -1.5840008 -0.5084319999999999 1.0690792
v -1.7065976 -0.5287863999999999 1.3213152
v -1.1173016 -0.33655199999999996 1.0902104
v -1.1173400000000002 -0.33654399999999995 1.067752
v 1.2714008 1.7200432 0.08029599999999991
v 1.3504904 1.642636 0.0631199999999999
v 1.3504904 1.642636 -0.004467200000000101
v 1.3504904 1.642636 -0.004467200000000101
v 1.2714008 1.7200432 -0.004467200000000106
v 1.182376 1.7089424000000002 -0.007348800000000104
v 1.2141576 1.6963104000000002 0.0718191999999999
v 1.2402576 1.622768 0.13496399999999992
v 1.2828112000000003 1.579784 0.13403679999999993
v 1.3504904 1.642636 0.0631199999999999
v 1.3079816 1.5662392 -0.007348800000000096
v 1.3504904 1.642636 -0.004467200000000101
v 1.0532752 -1.8242472 0.08029600000000012
v 1.0736616 -1.9330192000000002 0.06312000000000012
v 1.0736616 -1.9330192000000002 -0.004467199999999882
v 1.0736616 -1.9330192000000002 -0.004467199999999882
v 1.0532744 -1.8242472 -0.004467199999999889
v 0.9739824000000001 -1.7822784 -0.007348799999999891
v 0.9927712 -1.8108552 0.07181920000000012
v 1.0070048 -1.8867176 0.1349640000000001
v 0.9990399999999999 -1.9421752000000003 0.13403680000000012
v 1.0736616 -1.9330192000000002 0.06312000000000012
v 1.0026496 -1.9659712 -0.00569919999999988
v 1.0736616 -1.9330192000000002 -0.004467199999999882
v -1.921268 1.1238088 0.08029599999999994
v -1.8845376000000003 1.2282016000000002 0.06311999999999993
v -1.8845376000000003 1.2282016000000002 -0.004467200000000076
v -1.8845376000000003 1.2282016000000002 -0.004467200000000076
v -1.921268 1.1238088 -0.0044672000000000696
v -1.8735840000000001 1.047816 -0.007348800000000064
v -1.8755672 1.0819584000000002 0.07181919999999994
v -1.8499624000000001 1.1547744 0.13496399999999995
v -1.815336 1.1988192 0.13403679999999993
v -1.815336 1.1988192 0.13403679999999993
v -1.8845376000000003 1.2282016000000002 0.06311999999999993
v -1.8074192 1.2205696000000001 -0.007348800000000075
v -1.8845376000000003 1.2282016000000002 -0.004467200000000076
v 0.8560152000000001 -1.2120959999999998 1.7744488
v 0.6678616 -0.8039943999999999 1.7742832000000002
v 0.11583920000000002 -0.8039943999999999 1.7742840000000002
v 0.83554 -1.8576552 1.7742832000000002
v 0.11583920000000002 -1.8576552 1.7742840000000002
v -1.1845944 -1.8896920000000001 0.7757712000000001
v -0.9967760000000001 -2.0557016000000004 0.7751536000000001
v -1.1655896000000001 -1.9109008 1.0582504000000001
v -1.0195208 -2.0452608000000003 1.0583976000000002
v -1.1484463999999999 -2.0343088000000003 1.2914360000000003
v 0.9232376000000001 -1.9635200000000002 0.06968720000000013
v 0.912736 -1.9571488 -0.010732799999999883
v 0.9140024000000001 -2.0176960000000004 0.06552560000000011
v 0.9580592 -1.9727792000000002 0.11028160000000012
v 0.9239176000000001 -2.0468256 0.06076320000000012
v 1.0108912 -2.0257736000000004 0.08979840000000013
v 0.998744 -1.9619752 0.1055192000000001
v 0.9239176000000001 -2.0468256 -0.004048799999999875
v 1.011164 -2.0276304 -0.004048799999999876
v -0.9967760000000001 -2.0557016000000004 0.7751536000000001
v -0.9181808 -2.0973816 0.0023880000000001283
v 0.2821984 -2.0950768 -0.0036935999999998716
v -1.0195208 -2.0452608000000003 1.0583976000000002
v 0.11970400000000002 -2.0071584000000002 1.8646944000000003
v -1.1484463999999999 -2.0343088000000003 1.2914360000000003
v -1.1011344 -2.0073208 1.8647016
v 0.5809984 2.0885616 -0.003870400000000128
v 0.325492 2.0679112 -0.0038704000000001266
v 0.325492 2.0679104 0.5891063999999999
v 0.5809984 2.0885616 1.440724
v 0.23668 2.0679112 0.8610599999999998
v 0.147868 2.0679104 1.0222319999999998
v -0.029756 2.0679104 1.1522767999999999
v -0.6405096000000001 2.0885616 1.440724
v -0.2073792 2.0679112 1.0222327999999998
v -0.2961912 2.0679112 0.8610599999999998
v -0.38500320000000005 2.0679104 0.5891063999999999
v -0.38500320000000005 2.0679112 -0.0038704000000001266
v -0.6405096000000001 2.0885616 -0.003870400000000128
v -0.8322624 1.8846856 0.616852
v -0.8043232 1.8948552 0.6299775999999999
v -0.8492296 1.9269848 -1.1799378836628014e-16
v -0.7763840000000001 1.905024 0.616852
v -0.7880856 1.94924 -1.1935652633849934e-16
v 0.8709472 -1.8151656 1.9393496
v 0.8766056000000001 -1.8986208000000002 1.9884712000000002
v 0.8709472 -1.783 1.8646808000000001
v 0.8709464000000001 -1.8930368000000002 1.9465912
v 0.8709336000000001 -1.8930448 1.8646808000000001
v -1.663736 0.8538344000000001 1.1854520000000002
v -1.7613936 -0.5977655999999999 1.1854520000000002
v -1.7047824 -0.5651039999999999 1.2824088
v -1.6068031999999999 0.8538344000000001 1.2824088
v -1.6422936000000001 -0.5315135999999999 1.2824088
v -1.5438960000000002 0.8538344000000001 1.2824088
v -1.6004856 -0.5112703999999999 1.1854520000000002
v -1.5017512000000002 0.8538344000000001 1.1854520000000002
v -1.4847136 0.8298536000000001 0.98296
v -1.5840008 -0.5084319999999999 1.0690792
v -1.4871216 0.8538344000000001 1.0313672
v 2.0396136 -0.3594632 2.2010772864563244e-17
v 1.9319936 -0.32027359999999994 1.1854520000000002
v 1.5592312000000002 -0.839608 0.0007472000000000516
v 1.667812 -0.608232 1.1854520000000002
v 1.5544320000000003 -0.7649816 0.9272256000000001
v 0.6391712 -1.0016095999999999 2.6616888000000003
v 0.7477824000000001 -0.5750015999999998 2.6621168
v 0.6027224000000001 -1.0166919999999997 1.7740432
v 0.685088 -0.5123072 0.00047280000000003144
v 0.6383984 -0.6796688 -0.0036655999999999586
v -1.1286008 -1.8572655999999998 0.8591336000000003
v -1.1164016 -1.7880816 0.8591336000000003
v -1.3711080000000002 -1.8807872 0.8591336000000003
v -1.3172928000000002 -1.9259432 0.8591336000000003
v -1.418176 -2.1477224 0.8591336000000003
v -1.3521616 -2.1236952 0.8591336000000003
v -1.2105376 -2.321952 0.8591336000000003
v -1.1983384 -2.2527688 0.8591336000000003
v -0.9558312000000001 -2.2292464 0.8591336000000003
v -1.0096464 -2.1840904 0.8591336000000003
v -0.9087632 -1.9623112 0.8591336000000003
v -0.9747776 -1.9863384000000002 0.8591336000000003
v -1.1164016 -1.7880816 0.8591336000000003
v -1.1162512 -1.7872304 0.7916400000000001
v -1.3717704 -1.8802320000000003 0.7916392000000001
v -1.3711080000000002 -1.8807872 0.8591336000000003
v -1.4189888000000002 -2.1480184 0.7916392000000001
v -1.418176 -2.1477224 0.8591336000000003
v -1.2106880000000002 -2.3228032 0.7916392000000002
v -1.2105376 -2.321952 0.8591336000000003
v -0.9551688 -2.2298016 0.7916392000000002
v -0.9558312000000001 -2.2292464 0.8591336000000003
v -0.9079504 -1.9620152000000002 0.7916392000000001
v -0.9087632 -1.9623112 0.8591336000000003
v -1.4843128 1.3022688000000002 1.8178391999999999
v -1.48388 1.3030176000000004 1.7503456000000002
v -1.7557976000000002 1.3030176000000004 1.7503448
v -1.7553656000000002 1.3022680000000002 1.8178391999999999
v -1.8917568 1.0675296 1.7503448
v -1.890892 1.0675304000000003 1.8178391999999999
v -1.7557976000000002 0.8320424000000002 1.7503448
v -1.7553656000000002 0.8327912000000002 1.8178391999999999
v -1.4838808 0.8320424000000002 1.7503448
v -1.4843128 0.8327912000000002 1.8178391999999999
v -1.3479216 1.0675296 1.7503448
v -1.3487864 1.0675296 1.8178391999999999
v -1.48388 1.3030176000000004 1.7503456000000002
v -1.4843128 1.3022688000000002 1.8178391999999999
v -0.6221720000000001 1.9139208 1.185452
v -1.0364368000000002 1.7164840000000003 1.185452
v -0.9926032 1.6787071999999998 1.2824087999999998
v -0.6265128 1.8587912 1.2824087999999998
v -0.9440192000000001 1.6356560000000002 1.2824087999999998
v -0.6316248 1.7963496 1.2824087999999998
v -0.9106960000000002 1.6038744000000003 1.185452
v -0.6353712 1.7501752000000002 1.185452
v -0.6291168 1.7329144 0.9194623999999998
v -0.9268336 1.6145056000000002 0.9195335999999998
v 0.9423560000000001 -1.3319999999999999 2.6624920000000003
v 1.3825288000000002 -1.2097471999999998 2.6621168
v 1.4954712000000001 -0.7793071999999999 2.6620016
v 1.1845048 -0.45577599999999985 2.6622296
v 0.6391712 -1.0016095999999999 2.6616888000000003
v 0.7477824000000001 -0.5750015999999998 2.6621168
v -1.2489848000000001 -1.3026592000000001 -0.0036655999999999204
v -1.2490112 -1.820808 0.0025016000000001115
v -1.1845944 -1.8896920000000001 0.7757712000000001
v -1.1655896000000001 -1.9109008 1.0582504000000001
v -1.1570464 -1.2602528 1.1834168
v -1.1011336 -0.7666767999999999 1.8647648000000001
v -1.1634192 -0.7300232 1.1390336
v -1.1484463999999999 -2.0343088000000003 1.2914360000000003
v -1.1011344 -2.0073208 1.8647016
v 0.11970400000000002 -2.0071584000000002 1.8646944000000003
v 0.2821984 -2.0950768 -0.0036935999999998716
v 0.2821984 -1.6606864000000003 -0.0036655999999998983
v 0.11777200000000002 -0.785336 1.8647648000000001
v 0.0786808 -1.9603752 2.1776504
v 0.0786808 -0.8149607999999999 2.1776504
v 1.5359152 -0.7632112 1.089628
v 1.6979128 -0.20824239999999994 1.08972
v 1.2084720000000002 -0.4225287999999999 1.0896096
v 1.4960232 -1.3220960000000002 1.0894928000000002
v 1.406036 -1.245948 1.0894831999999999
v 0.8965656 -1.4900296000000002 1.0894928000000002
v 0.9037112 -1.3741032000000002 1.0894831999999999
v 1.73874 -0.20824239999999994 1.1854520000000002
v 1.6979128 -0.20824239999999994 1.08972
v 1.6638928000000002 -0.3533599999999999 1.2817616
v 1.4960232 -1.3220952000000001 1.2934096000000002
v 1.4960232 -1.3220960000000002 1.0894928000000002
v 1.6638928000000002 -0.3533599999999999 1.2817616
v 1.7901160000000003 -0.23781039999999992 1.2824088
v 1.73874 -0.20824239999999994 1.1854520000000002
v 1.7022312 -0.45251679999999994 1.2824088
v 1.8651656 -0.2813183999999999 1.2824088
v 1.9319936 -0.32027359999999994 1.1854520000000002
v 1.667812 -0.608232 1.1854520000000002
v 1.5712656000000003 1.0204176 1.2824088
v 1.6372872000000003 1.0471056 1.1854520000000002
v 1.051948 1.7121344 1.185452
v 1.0078888 1.669336 1.2824087999999998
v 1.4972400000000001 0.9875352 1.2824088
v 0.957912 1.6198528 1.2824087999999998
v 1.4466736 0.9624344000000001 1.1854520000000002
v 0.9232592000000001 1.5847152 1.185452
v 0.9140112 1.5648824000000001 0.0029599999999999045
v 1.4246432000000002 0.9624344000000001 0.0029599999999999414
v 1.0078888 1.669336 1.2824087999999998
v 1.051948 1.7121344 1.185452
v 0.553076 1.9506992 1.185452
v 0.5591912 1.885796 1.2824087999999998
v 0.957912 1.6198528 1.2824087999999998
v 0.5662088 1.8113192000000002 1.2824087999999998
v 0.9232592000000001 1.5847152 1.185452
v 0.5711456 1.7589216 1.185452
v 0.5629031999999999 1.741244 0.0029599999999998937
v 0.9140112 1.5648824000000001 0.0029599999999999045
v 1.8651656 -0.2813183999999999 1.2824088
v 1.9319936 -0.32027359999999994 1.1854520000000002
v 1.6372872000000003 1.0471056 1.1854520000000002
v 1.5712656000000003 1.0204176 1.2824088
v 1.7901160000000003 -0.23781039999999992 1.2824088
v 1.4972400000000001 0.9875352 1.2824088
v 1.73874 -0.20824239999999994 1.1854520000000002
v 1.4466736 0.9624344000000001 1.1854520000000002
v 1.5676168000000001 0.3279784000000001 1.0898712
v 1.6979128 -0.20824239999999994 1.08972
v 1.4246432000000002 0.9624344000000001 0.0029599999999999414
v 1.5676168000000001 0.3279792 0.00295999999999998
v -1.0364368000000002 1.7164840000000003 1.185452
v -1.5106456000000001 1.2306056 1.1854520000000002
v -1.4729336000000002 1.1856624 1.2824088
v -0.9926032 1.6787071999999998 1.2824087999999998
v -0.9440192000000001 1.6356560000000002 1.2824087999999998
v -1.4304432 1.135024 1.2824088
v -0.9106960000000002 1.6038744000000003 1.185452
v -1.4010584000000001 1.1000056 1.1854520000000002
v -1.2037864000000003 1.4291264000000001 0.8745968
v -0.9268336 1.6145056000000002 0.9195335999999998
v -1.3987224 1.0972208 1.1059744
v -1.3921824000000003 1.0894272 0.0022639999999999336
v -1.1923384000000001 1.3763896000000002 -8.42795559009853e-17
v 0.325492 2.0679112 -0.0038704000000001266
v 0.325492 1.4431976000000002 -0.0038704000000000884
v 0.325492 1.4431976000000002 0.5891063999999999
v 0.325492 2.0679104 0.5891063999999999
v 0.23668 2.0679112 0.8610599999999998
v 0.23668 1.4431976000000002 0.86106
v 0.147868 1.4431968 1.022232
v 0.147868 2.0679104 1.0222319999999998
v -0.029756 2.0679104 1.1522767999999999
v -0.0297552 1.4431968 1.1526384
v -0.2073792 2.0679112 1.0222327999999998
v -0.2073792 1.4431976000000002 1.0222328
v -0.296192 1.4431968 0.86106
v -0.2961912 2.0679112 0.8610599999999998
v -0.38500320000000005 2.0679104 0.5891063999999999
v -0.38500320000000005 1.4431976000000002 0.5891063999999999
v -0.38500320000000005 1.4431976000000002 -0.0038704000000000884
v -0.38500320000000005 2.0679112 -0.0038704000000001266
v -0.7555432 -0.7258832 1.089312
v -1.1634192 -0.7300232 1.1390336
v -1.1011336 -0.7666767999999999 1.8647648000000001
v 0.11777200000000002 -0.785336 1.8647648000000001
v 0.6383984 -0.6796688 -0.0036655999999999586
v 0.6712472 -0.7666767999999999 1.8647648000000001
v -0.7969272000000001 -0.6796688 -0.0036655999999999586
v 0.685088 -0.5123072 0.00047280000000003144
v 0.7477824000000001 -0.5750015999999998 2.6621168
v 1.2204352 -0.3969648 0.0005568000000000243
v 1.2084720000000002 -0.4225287999999999 1.0896096
v 1.2152472 -0.4149455999999999 0.9400536000000002
v 1.1845048 -0.45577599999999985 2.6622296
v -1.3594864 1.0675296 1.7925304000000002
v -1.7500152 0.8420576000000003 1.7925304000000002
v -1.4896632 0.8420576000000003 1.7925304000000002
v -1.7500152 1.2930016000000002 1.7925312000000002
v -1.880192 1.0675296 1.7925304000000002
v -1.4896632 1.2930016000000002 1.7925312000000002
v 0.325492 1.4431976000000002 -0.0038704000000000884
v 0.5809984 1.4225464 -0.003870400000000088
v 0.5809984 1.4225464 1.4407240000000001
v 0.325492 1.4431976000000002 0.5891063999999999
v 0.23668 1.4431976000000002 0.86106
v 0.147868 1.4431968 1.022232
v -0.0297552 1.4431968 1.1526384
v -0.6405088000000001 1.4225464 1.4407240000000001
v -0.2073792 1.4431976000000002 1.0222328
v -0.296192 1.4431968 0.86106
v -0.38500320000000005 1.4431976000000002 0.5891063999999999
v -0.38500320000000005 1.4431976000000002 -0.0038704000000000884
v -0.6405088000000001 1.4225464 -0.003870400000000088
v 1.1025608 1.7528824 0.0591943999999999
v 1.0461152 1.8002320000000003 0.0591943999999999
v 1.0755144 1.8154768000000001 -0.003036800000000111
v 1.0293048 1.9323336000000002 0.04597999999999988
v 1.0421112000000001 1.9304616 -0.006834400000000119
v 1.1093568 1.7649192 0.006379999999999892
v 1.1025608 1.7528824 0.0591943999999999
v 1.0755144 1.8154768000000001 0.1439407999999999
v 1.1025608 1.7528824 0.0591943999999999
v 1.065428 1.9236696 0.15216879999999988
v 1.1366688 1.9238040000000003 0.23243119999999987
v 1.1025608 1.7528824 0.0591943999999999
v 1.1093568 1.7649192 0.1345247999999999
v 1.163716 1.8612112 0.2452743999999999
v 1.2088400000000001 1.9652560000000001 0.22301519999999986
v 1.2646856 1.8496320000000002 0.1919335999999999
v 1.1907632 1.7986168 0.1439407999999999
v 1.2789624000000002 1.8443528000000002 0.0591943999999999
v 1.1997784 1.777752 0.0591943999999999
v 1.1907632 1.7986168 -0.0030368000000001102
v 1.1093568 1.7649192 0.006379999999999892
v 1.2661584000000001 1.8462232 0.0063799999999998875
v 1.4282928000000001 -0.7950727999999998 2.6988424
v 1.527456 -0.7685015999999999 2.6988424
v 1.1890288 -0.43007359999999983 2.6988424
v 1.1624584 -0.5292375999999999 2.6988424
v 1.3309904000000001 -1.1582096 2.6988424
v 0.726728 -0.5539471999999999 2.6988424
v 1.4035832 -1.2308024 2.6988424
v 0.7993216000000001 -0.6265399999999999 2.6988424
v 0.9678536 -1.2555112 2.6988424
v 0.6028552 -1.0162471999999998 2.6988424
v 0.9412824000000001 -1.3546752 2.6988424
v 0.7020184 -0.9896767999999998 2.6988424
v -0.4903096 -1.9076744000000003 2.132544
v -0.2848328 -1.8639992 2.132544
v -0.39260000000000006 -1.8621800000000002 2.2572807999999998
v -0.6957872 -1.8639983999999998 2.132544
v -0.0833128 -1.6374696000000002 2.2572807999999998
v -0.11488480000000001 -1.740524 2.132544
v -0.0098504 -1.5586007999999998 2.132544
v -0.7665456 -1.7826952 2.2572807999999998
v -0.8657352 -1.740524 2.132544
v -0.9707688 -1.5586007999999998 2.132544
v -0.043351200000000006 -1.2572647999999997 2.2572807999999998
v 0.0121072 -1.3496839999999999 2.132544
v -0.0528072 -1.1498975999999999 2.132544
v -0.9472536 -1.55096 2.2572807999999998
v -0.9927264 -1.3496839999999999 2.132544
v -0.29916000000000004 -0.9731599999999999 2.2572807999999998
v -0.19336960000000003 -0.9937871999999999 2.132544
v -0.385276 -0.9083448 2.132544
v -0.9681368000000001 -1.3522679999999998 2.2572807999999998
v -0.927812 -1.1498975999999999 2.132544
v -0.8267816 -1.5118159999999998 2.4026440000000004
v -0.9063992000000001 -1.1622599999999998 2.2572807999999998
v -0.7872496 -0.9937871999999999 2.132544
v -0.5666592 -1.7616864 2.4026440000000004
v -0.6814592 -0.9731599999999999 2.2572807999999998
v -0.5953432000000001 -0.9083448 2.132544
v -0.2744624 -1.6995784 2.4026440000000004
v -0.5284848000000001 -1.582088 2.501304
v -0.1251 -1.4408751999999998 2.4026440000000004
v -0.3077048 -1.4216824 2.501304
v -0.21741120000000003 -1.1567711999999999 2.4026440000000004
v -0.4903096 -1.4024896 2.5362024000000005
v -0.4903096 -1.0352687999999999 2.4026440000000004
v -0.4903096 -1.2188792 2.501304
v -0.7632080000000001 -1.1567711999999999 2.4026440000000004
v -0.6828832 -1.3822495999999997 2.501304
vt 0.997271 0.284725
vt 0.998779 0.389430
vt 0.997127 0.389430
vt 0.997127 0.389430
vt 0.996271 0.284725
vt 0.997271 0.284725
vt 0.996271 0.284725
vt 0.997127 0.389430
vt 0.995253 0.389430
vt 0.995253 0.389430
vt 0.995212 0.284725
vt 0.996271 0.284725
vt 0.995212 0.284725
vt 0.995253 0.389430
vt 0.993724 0.389430
vt 0.993724 0.389430
vt 0.994214 0.284725
vt 0.995212 0.284725
vt 0.994214 0.284725
vt 0.993724 0.389430
vt 0.991973 0.389430
vt 0.991973 0.389430
vt 0.993156 0.284725
vt 0.994214 0.284725
vt 0.182724 0.165904
vt 0.182740 0.078577
vt 0.198614 0.078451
vt 0.125196 0.965619
vt 0.114080 0.965620
vt 0.114080 0.958372
vt 0.114080 0.958372
vt 0.127745 0.958371
vt 0.125196 0.965619
vt 0.127849 0.956963
vt 0.114185 0.956963
vt 0.114185 0.949643
vt 0.114185 0.949643
vt 0.125300 0.949642
vt 0.127849 0.956963
vt 0.804594 0.571266
vt 0.804594 0.574807
vt 0.789473 0.573037
vt 0.804594 0.594866
vt 0.804594 0.598440
vt 0.789474 0.596653
vt 0.830444 0.571154
vt 0.830444 0.574695
vt 0.815324 0.572924
vt 0.830444 0.594754
vt 0.830444 0.598327
vt 0.815324 0.596541
vt 0.830444 0.571154
vt 0.830444 0.574695
vt 0.815324 0.572924
vt 0.830444 0.594754
vt 0.830444 0.598327
vt 0.815324 0.596541
vt 0.804594 0.571266
vt 0.804594 0.574807
vt 0.789473 0.573037
vt 0.804594 0.594866
vt 0.804594 0.598440
vt 0.789474 0.596653
vt 0.811400 0.505932
vt 0.830488 0.505932
vt 0.830488 0.517265
vt 0.830488 0.517265
vt 0.815367 0.517265
vt 0.811400 0.505932
vt 0.830471 0.520081
vt 0.830471 0.523630
vt 0.815351 0.521855
vt 0.815368 0.526449
vt 0.830488 0.526448
vt 0.830488 0.535585
vt 0.830488 0.535585
vt 0.811400 0.535586
vt 0.815368 0.526449
vt 0.811400 0.538284
vt 0.830488 0.538284
vt 0.830488 0.544973
vt 0.830488 0.544973
vt 0.815368 0.544973
vt 0.811400 0.538284
vt 0.830488 0.548123
vt 0.830488 0.550837
vt 0.815368 0.549481
vt 0.815367 0.492857
vt 0.830488 0.492856
vt 0.830488 0.502952
vt 0.830488 0.502952
vt 0.811400 0.502953
vt 0.815367 0.492857
vt 0.811400 0.505932
vt 0.830488 0.505932
vt 0.830488 0.517265
vt 0.830488 0.517265
vt 0.815367 0.517265
vt 0.811400 0.505932
vt 0.830471 0.520081
vt 0.830471 0.523630
vt 0.815351 0.521855
vt 0.815368 0.526449
vt 0.830488 0.526448
vt 0.830488 0.535585
vt 0.830488 0.535585
vt 0.811400 0.535586
vt 0.815368 0.526449
vt 0.811400 0.538284
vt 0.830488 0.538284
vt 0.830488 0.544973
vt 0.830488 0.544973
vt 0.815368 0.544973
vt 0.811400 0.538284
vt 0.830488 0.548123
vt 0.830488 0.550837
vt 0.815368 0.549481
vt 0.815367 0.492857
vt 0.830488 0.492856
vt 0.830488 0.502952
vt 0.830488 0.502952
vt 0.811400 0.502953
vt 0.815367 0.492857
vt 0.785550 0.506045
vt 0.804637 0.506045
vt 0.804637 0.517378
vt 0.804637 0.517378
vt 0.789517 0.517378
vt 0.785550 0.506045
vt 0.804621 0.520193
vt 0.804621 0.523742
vt 0.789501 0.521968
vt 0.789517 0.526561
vt 0.804637 0.526561
vt 0.804637 0.535698
vt 0.804637 0.535698
vt 0.785550 0.535698
vt 0.789517 0.526561
vt 0.785550 0.538397
vt 0.804637 0.538396
vt 0.804637 0.545085
vt 0.804637 0.545085
vt 0.789517 0.545086
vt 0.785550 0.538397
vt 0.804637 0.548236
vt 0.804637 0.550950
vt 0.789517 0.549593
vt 0.789517 0.492969
vt 0.804637 0.492969
vt 0.804637 0.503065
vt 0.804637 0.503065
vt 0.785550 0.503065
vt 0.789517 0.492969
vt 0.785550 0.506045
vt 0.804637 0.506045
vt 0.804637 0.517378
vt 0.804637 0.517378
vt 0.789517 0.517378
vt 0.785550 0.506045
vt 0.804621 0.520193
vt 0.804621 0.523742
vt 0.789501 0.521968
vt 0.789517 0.526561
vt 0.804637 0.526561
vt 0.804637 0.535698
vt 0.804637 0.535698
vt 0.785550 0.535698
vt 0.789517 0.526561
vt 0.785550 0.538397
vt 0.804637 0.538396
vt 0.804637 0.545085
vt 0.804637 0.545085
vt 0.789517 0.545086
vt 0.785550 0.538397
vt 0.804637 0.548236
vt 0.804637 0.550950
vt 0.789517 0.549593
vt 0.789517 0.492969
vt 0.804637 0.492969
vt 0.804637 0.503065
vt 0.804637 0.503065
vt 0.785550 0.503065
vt 0.789517 0.492969
vt 0.789473 0.573037
vt 0.804594 0.571266
vt 0.804594 0.574807
vt 0.789474 0.596653
vt 0.804594 0.594866
vt 0.804594 0.598440
vt 0.815324 0.572924
vt 0.830444 0.571154
vt 0.830444 0.574695
vt 0.815324 0.596541
vt 0.830444 0.594754
vt 0.830444 0.598327
vt 0.804637 0.517378
vt 0.789517 0.517378
vt 0.785550 0.506045
vt 0.785550 0.506045
vt 0.804637 0.506045
vt 0.804637 0.517378
vt 0.789501 0.521968
vt 0.804621 0.520193
vt 0.804621 0.523742
vt 0.804637 0.535698
vt 0.785550 0.535698
vt 0.789517 0.526561
vt 0.789517 0.526561
vt 0.804637 0.526561
vt 0.804637 0.535698
vt 0.804637 0.545085
vt 0.789517 0.545086
vt 0.785550 0.538397
vt 0.785550 0.538397
vt 0.804637 0.538396
vt 0.804637 0.545085
vt 0.789517 0.549593
vt 0.804637 0.548236
vt 0.804637 0.550950
vt 0.804637 0.503065
vt 0.785550 0.503065
vt 0.789517 0.492969
vt 0.789517 0.492969
vt 0.804637 0.492969
vt 0.804637 0.503065
vt 0.830488 0.517265
vt 0.815367 0.517265
vt 0.811400 0.505932
vt 0.811400 0.505932
vt 0.830488 0.505932
vt 0.830488 0.517265
vt 0.815351 0.521855
vt 0.830471 0.520081
vt 0.830471 0.523630
vt 0.830488 0.535585
vt 0.811400 0.535586
vt 0.815368 0.526449
vt 0.815368 0.526449
vt 0.830488 0.526448
vt 0.830488 0.535585
vt 0.830488 0.544973
vt 0.815368 0.544973
vt 0.811400 0.538284
vt 0.811400 0.538284
vt 0.830488 0.538284
vt 0.830488 0.544973
vt 0.815368 0.549481
vt 0.830488 0.548123
vt 0.830488 0.550837
vt 0.830488 0.502952
vt 0.811400 0.502953
vt 0.815367 0.492857
vt 0.815367 0.492857
vt 0.830488 0.492856
vt 0.830488 0.502952
vt 0.127849 0.979852
vt 0.114185 0.979852
vt 0.114185 0.971861
vt 0.114185 0.971861
vt 0.125300 0.971861
vt 0.127849 0.979852
vt 0.114185 0.970026
vt 0.114185 0.967416
vt 0.125300 0.968721
vt 0.125196 0.965619
vt 0.114080 0.965620
vt 0.114080 0.958372
vt 0.114080 0.958372
vt 0.127745 0.958371
vt 0.125196 0.965619
vt 0.127849 0.956963
vt 0.114185 0.956963
vt 0.114185 0.949643
vt 0.114185 0.949643
vt 0.125300 0.949642
vt 0.127849 0.956963
vt 0.114185 0.948196
vt 0.114185 0.945634
vt 0.125300 0.946915
vt 0.125300 0.990394
vt 0.114185 0.990393
vt 0.114185 0.981166
vt 0.114185 0.981166
vt 0.127849 0.981166
vt 0.125300 0.990394
vt 0.144672 0.979677
vt 0.131007 0.979677
vt 0.131007 0.971686
vt 0.131007 0.971686
vt 0.142123 0.971686
vt 0.144672 0.979677
vt 0.131007 0.969851
vt 0.131007 0.967241
vt 0.142123 0.968546
vt 0.131007 0.948021
vt 0.131007 0.945459
vt 0.142123 0.946740
vt 0.142123 0.990219
vt 0.131007 0.990218
vt 0.131007 0.980990
vt 0.131007 0.980990
vt 0.144672 0.980991
vt 0.142123 0.990219
vt 0.144672 0.979677
vt 0.131007 0.979677
vt 0.131007 0.971686
vt 0.131007 0.971686
vt 0.142123 0.971686
vt 0.144672 0.979677
vt 0.131007 0.969851
vt 0.131007 0.967241
vt 0.142123 0.968546
vt 0.142034 0.965444
vt 0.130918 0.965445
vt 0.130918 0.958197
vt 0.130918 0.958197
vt 0.144583 0.958196
vt 0.142034 0.965444
vt 0.144687 0.956787
vt 0.131023 0.956788
vt 0.131023 0.949468
vt 0.131023 0.949468
vt 0.142138 0.949467
vt 0.144687 0.956787
vt 0.131007 0.948021
vt 0.131007 0.945459
vt 0.142123 0.946740
vt 0.142123 0.990219
vt 0.131007 0.990218
vt 0.131007 0.980990
vt 0.131007 0.980990
vt 0.144672 0.980991
vt 0.142123 0.990219
vt 0.144672 0.979677
vt 0.131007 0.979677
vt 0.131007 0.971686
vt 0.131007 0.971686
vt 0.142123 0.971686
vt 0.144672 0.979677
vt 0.131007 0.969851
vt 0.131007 0.967241
vt 0.142123 0.968546
vt 0.142034 0.965444
vt 0.130918 0.965445
vt 0.130918 0.958197
vt 0.130918 0.958197
vt 0.144583 0.958196
vt 0.142034 0.965444
vt 0.144687 0.956787
vt 0.131023 0.956788
vt 0.131023 0.949468
vt 0.131023 0.949468
vt 0.142138 0.949467
vt 0.144687 0.956787
vt 0.131007 0.948021
vt 0.131007 0.945459
vt 0.142123 0.946740
vt 0.142123 0.990219
vt 0.131007 0.990218
vt 0.131007 0.980990
vt 0.131007 0.980990
vt 0.144672 0.980991
vt 0.142123 0.990219
vt 0.127849 0.979852
vt 0.114185 0.979852
vt 0.114185 0.971861
vt 0.114185 0.971861
vt 0.125300 0.971861
vt 0.127849 0.979852
vt 0.114185 0.970026
vt 0.114185 0.967416
vt 0.125300 0.968721
vt 0.125196 0.965619
vt 0.114080 0.965620
vt 0.114080 0.958372
vt 0.114080 0.958372
vt 0.127745 0.958371
vt 0.125196 0.965619
vt 0.127849 0.956963
vt 0.114185 0.956963
vt 0.114185 0.949643
vt 0.114185 0.949643
vt 0.125300 0.949642
vt 0.127849 0.956963
vt 0.114185 0.948196
vt 0.114185 0.945634
vt 0.125300 0.946915
vt 0.125300 0.990394
vt 0.114185 0.990393
vt 0.114185 0.981166
vt 0.114185 0.981166
vt 0.127849 0.981166
vt 0.125300 0.990394
vt 0.144672 0.979677
vt 0.131007 0.979677
vt 0.131007 0.971686
vt 0.131007 0.971686
vt 0.142123 0.971686
vt 0.144672 0.979677
vt 0.131007 0.969851
vt 0.131007 0.967241
vt 0.142123 0.968546
vt 0.142034 0.965444
vt 0.130918 0.965445
vt 0.130918 0.958197
vt 0.130918 0.958197
vt 0.144583 0.958196
vt 0.142034 0.965444
vt 0.144687 0.956787
vt 0.131023 0.956788
vt 0.131023 0.949468
vt 0.131023 0.949468
vt 0.142138 0.949467
vt 0.144687 0.956787
vt 0.131007 0.948021
vt 0.131007 0.945459
vt 0.142123 0.946740
vt 0.142123 0.990219
vt 0.131007 0.990218
vt 0.131007 0.980990
vt 0.131007 0.980990
vt 0.144672 0.980991
vt 0.142123 0.990219
vt 0.499287 0.940117
vt 0.503805 0.964356
vt 0.496067 0.957780
vt 0.504687 0.939774
vt 0.506320 0.964340
vt 0.503805 0.964356
vt 0.511776 0.959664
vt 0.506320 0.964340
vt 0.508178 0.943357
vt 0.504244 0.905804
vt 0.498794 0.901200
vt 0.502337 0.884847
vt 0.505479 0.884220
vt 0.506714 0.905789
vt 0.504244 0.905804
vt 0.508785 0.885273
vt 0.514510 0.899298
vt 0.506714 0.905789
vt 0.500116 0.911278
vt 0.504645 0.935448
vt 0.496896 0.928941
vt 0.505536 0.910875
vt 0.507141 0.935448
vt 0.504645 0.935448
vt 0.512616 0.930764
vt 0.507141 0.935448
vt 0.509018 0.914458
vt 0.505383 0.876276
vt 0.499933 0.871672
vt 0.503477 0.855319
vt 0.506631 0.854692
vt 0.507879 0.876261
vt 0.505383 0.876276
vt 0.509913 0.855776
vt 0.515700 0.869702
vt 0.507879 0.876261
vt 0.498990 0.970544
vt 0.503741 0.994952
vt 0.495849 0.988261
vt 0.504705 0.970382
vt 0.506238 0.995021
vt 0.503741 0.994952
vt 0.511653 0.990534
vt 0.506238 0.995021
vt 0.508200 0.974106
vt 0.506972 0.846496
vt 0.501552 0.842015
vt 0.505023 0.825602
vt 0.508220 0.824920
vt 0.509467 0.846496
vt 0.506972 0.846496
vt 0.511577 0.825706
vt 0.517240 0.839829
vt 0.509467 0.846496
vt 0.483894 0.960693
vt 0.488340 0.984926
vt 0.480595 0.978299
vt 0.489264 0.960311
vt 0.490833 0.984926
vt 0.488340 0.984926
vt 0.496278 0.980332
vt 0.490833 0.984926
vt 0.492752 0.963964
vt 0.468755 0.984097
vt 0.463304 0.979493
vt 0.466848 0.963140
vt 0.470002 0.962513
vt 0.471250 0.984082
vt 0.468755 0.984097
vt 0.473349 0.963483
vt 0.479074 0.977508
vt 0.471250 0.984082
vt 0.973110 0.086308
vt 0.999026 0.086122
vt 0.994120 0.098816
vt 0.994120 0.098816
vt 0.973092 0.095631
vt 0.973110 0.086308
vt 0.984118 0.103540
vt 0.986137 0.144815
vt 0.973094 0.144816
vt 0.973094 0.144816
vt 0.975072 0.103476
vt 0.984118 0.103540
vt 0.962954 0.095632
vt 0.942104 0.098923
vt 0.937241 0.086164
vt 0.937241 0.086164
vt 0.962971 0.086308
vt 0.962954 0.095632
vt 0.617820 0.254011
vt 0.652168 0.254011
vt 0.652168 0.310823
vt 0.652168 0.310823
vt 0.617820 0.310823
vt 0.617820 0.254011
vt 0.005139 0.829520
vt 0.005138 0.856452
vt 0.001083 0.856452
vt 0.001083 0.856452
vt 0.001084 0.834544
vt 0.005139 0.829520
vt 0.023021 0.927660
vt 0.021697 0.927660
vt 0.022359 0.905752
vt 0.020785 0.905958
vt 0.020786 0.927866
vt 0.017108 0.927866
vt 0.017108 0.927866
vt 0.017107 0.900934
vt 0.020785 0.905958
vt 0.016393 0.900729
vt 0.016393 0.927660
vt 0.012679 0.927660
vt 0.012679 0.927660
vt 0.012679 0.905753
vt 0.016393 0.900729
vt 0.011945 0.927660
vt 0.010645 0.927660
vt 0.011295 0.905752
vt 0.010941 0.834544
vt 0.010941 0.856452
vt 0.006259 0.856452
vt 0.006259 0.856452
vt 0.006259 0.829520
vt 0.010941 0.834544
vt 0.016661 0.814581
vt 0.016661 0.841512
vt 0.012606 0.841512
vt 0.012606 0.841512
vt 0.012607 0.819605
vt 0.016661 0.814581
vt 0.023021 0.961243
vt 0.021697 0.961243
vt 0.022359 0.939336
vt 0.020785 0.939542
vt 0.020786 0.961450
vt 0.017108 0.961450
vt 0.017108 0.961450
vt 0.017108 0.934518
vt 0.020785 0.939542
vt 0.016393 0.934312
vt 0.016393 0.961243
vt 0.012679 0.961243
vt 0.012679 0.961243
vt 0.012679 0.939337
vt 0.016393 0.934312
vt 0.011945 0.961243
vt 0.010645 0.961243
vt 0.011295 0.939336
vt 0.022736 0.819605
vt 0.022736 0.841512
vt 0.018054 0.841512
vt 0.018054 0.841512
vt 0.018054 0.814581
vt 0.022736 0.819605
vt 0.016216 0.780670
vt 0.016216 0.807601
vt 0.012161 0.807601
vt 0.012161 0.807601
vt 0.012161 0.785694
vt 0.016216 0.780670
vt 0.023159 0.994267
vt 0.021835 0.994267
vt 0.022497 0.972360
vt 0.020923 0.972566
vt 0.020924 0.994474
vt 0.017246 0.994474
vt 0.017246 0.994474
vt 0.017246 0.967543
vt 0.020923 0.972566
vt 0.016531 0.967336
vt 0.016531 0.994268
vt 0.012817 0.994268
vt 0.012817 0.994268
vt 0.012817 0.972360
vt 0.016531 0.967336
vt 0.012083 0.994267
vt 0.010783 0.994267
vt 0.011433 0.972360
vt 0.022019 0.785694
vt 0.022018 0.807601
vt 0.017336 0.807601
vt 0.017336 0.807601
vt 0.017336 0.780670
vt 0.022019 0.785694
vt 0.016107 0.747008
vt 0.016107 0.773939
vt 0.012052 0.773939
vt 0.012052 0.773939
vt 0.012053 0.752032
vt 0.016107 0.747008
vt 0.023305 0.894075
vt 0.021981 0.894075
vt 0.022643 0.872168
vt 0.021069 0.872374
vt 0.021070 0.894281
vt 0.017392 0.894281
vt 0.017392 0.894281
vt 0.017392 0.867350
vt 0.021069 0.872374
vt 0.016677 0.867144
vt 0.016677 0.894075
vt 0.012963 0.894075
vt 0.012963 0.894075
vt 0.012963 0.872168
vt 0.016677 0.867144
vt 0.012229 0.894075
vt 0.010929 0.894075
vt 0.011579 0.872168
vt 0.022182 0.752032
vt 0.022182 0.773939
vt 0.017500 0.773939
vt 0.017500 0.773939
vt 0.017500 0.747007
vt 0.022182 0.752032
vt 0.844427 0.102886
vt 0.844427 0.115123
vt 0.836970 0.108464
vt 0.836970 0.108464
vt 0.840984 0.091967
vt 0.844427 0.102886
vt 0.895537 0.009908
vt 0.895702 0.081670
vt 0.880102 0.028692
vt 0.381480 0.169834
vt 0.380117 0.163047
vt 0.413048 0.163047
vt 0.413048 0.163047
vt 0.411928 0.169834
vt 0.381480 0.169834
vt 0.751269 0.546689
vt 0.752425 0.557013
vt 0.749980 0.557013
vt 0.762499 0.546547
vt 0.763703 0.556856
vt 0.761257 0.556838
vt 0.758683 0.546496
vt 0.760034 0.556891
vt 0.757589 0.556891
vt 0.755057 0.546634
vt 0.756292 0.556891
vt 0.753846 0.556891
vt 0.962915 0.943498
vt 0.967310 0.932468
vt 0.972439 0.924038
vt 0.967310 0.932468
vt 0.971590 0.931310
vt 0.972439 0.924038
vt 0.960728 0.942189
vt 0.966157 0.927314
vt 0.967310 0.932468
vt 0.967310 0.932468
vt 0.962915 0.943498
vt 0.960728 0.942189
vt 0.980127 0.841776
vt 0.980131 0.874389
vt 0.982125 0.852386
vt 0.966880 0.866313
vt 0.969687 0.871877
vt 0.968964 0.870387
vt 0.966880 0.866313
vt 0.965810 0.867010
vt 0.962538 0.869488
vt 0.970357 0.881619
vt 0.966984 0.887667
vt 0.967730 0.886278
vt 0.967730 0.886278
vt 0.969757 0.879524
vt 0.970357 0.881619
vt 0.986098 0.908340
vt 0.981455 0.896676
vt 0.979803 0.886055
vt 0.979803 0.886055
vt 0.985586 0.887194
vt 0.986098 0.908340
vt 0.937949 0.858297
vt 0.932584 0.858608
vt 0.941768 0.841217
vt 0.941768 0.841217
vt 0.939418 0.853894
vt 0.937949 0.858297
vt 0.931981 0.854983
vt 0.943837 0.841099
vt 0.941768 0.841217
vt 0.941768 0.841217
vt 0.932584 0.858608
vt 0.931981 0.854983
vt 0.951963 0.865847
vt 0.948738 0.858408
vt 0.942519 0.858150
vt 0.943837 0.841099
vt 0.952010 0.869839
vt 0.951963 0.865847
vt 0.985957 0.949358
vt 0.982853 0.936572
vt 0.981253 0.926278
vt 0.981253 0.926278
vt 0.987109 0.927578
vt 0.985957 0.949358
vt 0.974233 0.957527
vt 0.970357 0.959232
vt 0.969041 0.959853
vt 0.975309 0.967125
vt 0.972200 0.973702
vt 0.973001 0.967252
vt 0.972200 0.973702
vt 0.965123 0.968848
vt 0.969578 0.969478
vt 0.965123 0.968848
vt 0.968143 0.969492
vt 0.969578 0.969478
vt 0.972658 0.990559
vt 0.965355 0.990831
vt 0.960998 0.984694
vt 0.956893 0.877185
vt 0.953214 0.880131
vt 0.951969 0.881174
vt 0.951969 0.881174
vt 0.949928 0.876483
vt 0.956893 0.877185
vt 0.948861 0.891325
vt 0.951894 0.890972
vt 0.956496 0.887179
vt 0.987781 0.985544
vt 0.982139 0.977101
vt 0.980527 0.969673
vt 0.031981 0.053549
vt 0.027466 0.067359
vt 0.026383 0.030787
vt 0.508315 0.172503
vt 0.550704 0.154633
vt 0.545952 0.319346
vt 0.545952 0.319346
vt 0.508491 0.319346
vt 0.508315 0.172503
vt 0.007581 0.051535
vt 0.014199 0.029661
vt 0.011650 0.067711
vt 0.508315 0.172503
vt 0.508238 0.154633
vt 0.550704 0.154633
vt 0.853829 0.265544
vt 0.853829 0.277795
vt 0.845908 0.270901
vt 0.845908 0.270901
vt 0.849533 0.253573
vt 0.853829 0.265544
vt 0.483820 0.930031
vt 0.488065 0.942018
vt 0.482900 0.936166
vt 0.276135 0.887097
vt 0.269042 0.916064
vt 0.270261 0.892813
vt 0.263176 0.881243
vt 0.261950 0.916802
vt 0.254728 0.887959
vt 0.266444 0.918108
vt 0.264197 0.918108
vt 0.264197 0.880537
vt 0.264197 0.880537
vt 0.266444 0.894393
vt 0.266444 0.918108
vt 0.305853 0.884621
vt 0.298888 0.913709
vt 0.297425 0.883228
vt 0.284418 0.885871
vt 0.292898 0.879311
vt 0.290290 0.891594
vt 0.883792 0.934743
vt 0.882400 0.967117
vt 0.881639 0.941849
vt 0.874610 0.934461
vt 0.871868 0.967117
vt 0.870476 0.934743
vt 0.869004 0.934777
vt 0.867613 0.967151
vt 0.866851 0.941883
vt 0.859792 0.934404
vt 0.857050 0.967060
vt 0.855659 0.934686
vt 0.854260 0.934604
vt 0.852869 0.966977
vt 0.852108 0.941709
vt 0.845092 0.934362
vt 0.842351 0.967018
vt 0.840959 0.934644
vt 0.839578 0.934658
vt 0.838186 0.967032
vt 0.837425 0.941763
vt 0.830845 0.935076
vt 0.828102 0.967731
vt 0.826711 0.935358
vt 0.404657 0.031642
vt 0.390964 0.109646
vt 0.381156 0.097818
vt 0.676563 0.046369
vt 0.675019 0.040448
vt 0.745184 0.040447
vt 0.745184 0.040447
vt 0.752066 0.046368
vt 0.676563 0.046369
vt 0.621906 0.046370
vt 0.619842 0.040448
vt 0.671086 0.040448
vt 0.671086 0.040448
vt 0.669658 0.046369
vt 0.621906 0.046370
vt 0.000680 0.062864
vt 0.005992 0.062864
vt 0.005992 0.093221
vt 0.005992 0.093221
vt 0.000681 0.093222
vt 0.000680 0.062864
vt 0.000681 0.184293
vt 0.005993 0.184293
vt 0.005993 0.214649
vt 0.005993 0.214649
vt 0.000681 0.214649
vt 0.000681 0.184293
vt 0.146672 0.894627
vt 0.145437 0.880675
vt 0.147906 0.880675
vt 0.146672 0.912490
vt 0.147906 0.926442
vt 0.145437 0.926442
vt 0.146672 0.912490
vt 0.147906 0.926442
vt 0.145437 0.926442
vt 0.146672 0.894627
vt 0.145437 0.880675
vt 0.147906 0.880675
vt 0.097268 0.921619
vt 0.098514 0.932937
vt 0.096021 0.932937
vt 0.097268 0.907127
vt 0.096021 0.895809
vt 0.098514 0.895809
vt 0.142553 0.894627
vt 0.141304 0.880675
vt 0.143801 0.880675
vt 0.142553 0.912490
vt 0.143801 0.926442
vt 0.141304 0.926442
vt 0.101101 0.921619
vt 0.102347 0.932937
vt 0.099854 0.932937
vt 0.101101 0.907127
vt 0.099854 0.895809
vt 0.102347 0.895809
vt 0.142553 0.894627
vt 0.141304 0.880675
vt 0.143801 0.880675
vt 0.142553 0.912490
vt 0.143801 0.926442
vt 0.141304 0.926442
vt 0.101101 0.921619
vt 0.102347 0.932937
vt 0.099854 0.932937
vt 0.101101 0.907127
vt 0.099854 0.895809
vt 0.102347 0.895809
vt 0.142553 0.894627
vt 0.141304 0.880675
vt 0.143801 0.880675
vt 0.142553 0.912490
vt 0.143801 0.926442
vt 0.141304 0.926442
vt 0.142553 0.912490
vt 0.143801 0.926442
vt 0.141304 0.926442
vt 0.142553 0.894627
vt 0.141304 0.880675
vt 0.143801 0.880675
vt 0.101101 0.921619
vt 0.102347 0.932937
vt 0.099854 0.932937
vt 0.101101 0.907127
vt 0.099854 0.895809
vt 0.102347 0.895809
vt 0.142553 0.912490
vt 0.143801 0.926442
vt 0.141304 0.926442
vt 0.142553 0.894627
vt 0.141304 0.880675
vt 0.143801 0.880675
vt 0.097268 0.921619
vt 0.098514 0.932937
vt 0.096021 0.932937
vt 0.097268 0.907127
vt 0.096021 0.895809
vt 0.098514 0.895809
vt 0.146672 0.894627
vt 0.145437 0.880675
vt 0.147906 0.880675
vt 0.146672 0.912490
vt 0.147906 0.926442
vt 0.145437 0.926442
vt 0.097268 0.921619
vt 0.098514 0.932937
vt 0.096021 0.932937
vt 0.097268 0.907127
vt 0.096021 0.895809
vt 0.098514 0.895809
vt 0.959984 0.873282
vt 0.963024 0.867812
vt 0.962538 0.869488
vt 0.962538 0.869488
vt 0.966880 0.866313
vt 0.965810 0.867010
vt 0.965304 0.872064
vt 0.964416 0.873351
vt 0.965501 0.876658
vt 0.965753 0.872946
vt 0.962837 0.877845
vt 0.965993 0.876683
vt 0.960959 0.876230
vt 0.959984 0.873282
vt 0.963118 0.882810
vt 0.961340 0.883064
vt 0.960134 0.881678
vt 0.962028 0.886379
vt 0.960134 0.881678
vt 0.964547 0.883029
vt 0.963374 0.885229
vt 0.962028 0.886379
vt 0.967730 0.886278
vt 0.966984 0.887667
vt 0.968053 0.881371
vt 0.969757 0.879524
vt 0.967730 0.886278
vt 0.968053 0.881371
vt 0.969757 0.879524
vt 0.968964 0.870387
vt 0.965753 0.872946
vt 0.970357 0.881619
vt 0.969687 0.871877
vt 0.965753 0.872946
vt 0.965304 0.872064
vt 0.965304 0.872064
vt 0.965810 0.867010
vt 0.966880 0.866313
vt 0.973001 0.967252
vt 0.970752 0.962917
vt 0.975309 0.967125
vt 0.974233 0.957527
vt 0.970752 0.962917
vt 0.970752 0.962917
vt 0.970357 0.959232
vt 0.969041 0.959853
vt 0.967423 0.954559
vt 0.980127 0.841776
vt 0.982557 0.881140
vt 0.980131 0.874389
vt 0.979002 0.858764
vt 0.974449 0.852471
vt 0.970917 0.874413
vt 0.982125 0.852386
vt 0.980131 0.874389
vt 0.980131 0.874389
vt 0.970917 0.874413
vt 0.939418 0.853894
vt 0.941768 0.841217
vt 0.942519 0.858150
vt 0.951963 0.865847
vt 0.942519 0.858150
vt 0.951963 0.865847
vt 0.943837 0.841099
vt 0.973556 0.994726
vt 0.964337 0.996474
vt 0.965355 0.990831
vt 0.965355 0.990831
vt 0.972658 0.990559
vt 0.978153 0.987869
vt 0.972414 0.976136
vt 0.960998 0.984694
vt 0.972414 0.976136
vt 0.964337 0.996474
vt 0.960130 0.992098
vt 0.965355 0.990831
vt 0.951969 0.881174
vt 0.953214 0.880131
vt 0.956496 0.887179
vt 0.951894 0.890972
vt 0.951969 0.881174
vt 0.956249 0.893799
vt 0.948861 0.891325
vt 0.982139 0.977101
vt 0.987781 0.985544
vt 0.986478 0.994421
vt 0.986478 0.994421
vt 0.977828 0.983782
vt 0.980527 0.969673
vt 0.975208 0.975166
vt 0.992499 0.974986
vt 0.987781 0.985544
vt 0.992341 0.995745
vt 0.986478 0.994421
vt 0.966314 0.898680
vt 0.961506 0.900355
vt 0.963093 0.888118
vt 0.961506 0.900355
vt 0.958843 0.903031
vt 0.958843 0.903031
vt 0.959467 0.887787
vt 0.969644 0.895321
vt 0.966314 0.898680
vt 0.966314 0.898680
vt 0.971753 0.900560
vt 0.967130 0.909386
vt 0.971570 0.911165
vt 0.965837 0.914711
vt 0.967130 0.909386
vt 0.971159 0.918432
vt 0.969857 0.924767
vt 0.961506 0.900355
vt 0.963705 0.919050
vt 0.958843 0.903031
vt 0.997271 0.284725
vt 0.998779 0.389430
vt 0.997127 0.389430
vt 0.996271 0.284725
vt 0.996271 0.284725
vt 0.997127 0.389430
vt 0.995253 0.389430
vt 0.995212 0.284725
vt 0.995212 0.284725
vt 0.995253 0.389430
vt 0.993724 0.389430
vt 0.994214 0.284725
vt 0.994214 0.284725
vt 0.993724 0.389430
vt 0.991973 0.389430
vt 0.993156 0.284725
vt 0.997271 0.284725
vt 0.998779 0.389430
vt 0.997127 0.389430
vt 0.996271 0.284725
vt 0.996271 0.284725
vt 0.997127 0.389430
vt 0.995253 0.389430
vt 0.995212 0.284725
vt 0.995212 0.284725
vt 0.995253 0.389430
vt 0.993724 0.389430
vt 0.994214 0.284725
vt 0.994214 0.284725
vt 0.993724 0.389430
vt 0.991973 0.389430
vt 0.993156 0.284725
vt 0.997271 0.284725
vt 0.998779 0.389430
vt 0.997127 0.389430
vt 0.996271 0.284725
vt 0.996271 0.284725
vt 0.997127 0.389430
vt 0.995253 0.389430
vt 0.995212 0.284725
vt 0.995212 0.284725
vt 0.995253 0.389430
vt 0.993724 0.389430
vt 0.994214 0.284725
vt 0.994214 0.284725
vt 0.993724 0.389430
vt 0.991973 0.389430
vt 0.993156 0.284725
vt 0.997271 0.284725
vt 0.998779 0.389430
vt 0.997127 0.389430
vt 0.996271 0.284725
vt 0.996271 0.284725
vt 0.997127 0.389430
vt 0.995253 0.389430
vt 0.995212 0.284725
vt 0.995212 0.284725
vt 0.995253 0.389430
vt 0.993724 0.389430
vt 0.994214 0.284725
vt 0.994214 0.284725
vt 0.993724 0.389430
vt 0.991973 0.389430
vt 0.993156 0.284725
vt 0.997271 0.284725
vt 0.998779 0.389430
vt 0.997127 0.389430
vt 0.996271 0.284725
vt 0.996271 0.284725
vt 0.997127 0.389430
vt 0.995253 0.389430
vt 0.995212 0.284725
vt 0.995212 0.284725
vt 0.995253 0.389430
vt 0.993724 0.389430
vt 0.994214 0.284725
vt 0.994214 0.284725
vt 0.993724 0.389430
vt 0.991973 0.389430
vt 0.993156 0.284725
vt 0.997271 0.284725
vt 0.998779 0.389430
vt 0.997127 0.389430
vt 0.996271 0.284725
vt 0.996271 0.284725
vt 0.997127 0.389430
vt 0.995253 0.389430
vt 0.995212 0.284725
vt 0.995212 0.284725
vt 0.995253 0.389430
vt 0.993724 0.389430
vt 0.994214 0.284725
vt 0.994214 0.284725
vt 0.993724 0.389430
vt 0.991973 0.389430
vt 0.993156 0.284725
vt 0.997271 0.284725
vt 0.998779 0.389430
vt 0.997127 0.389430
vt 0.996271 0.284725
vt 0.996271 0.284725
vt 0.997127 0.389430
vt 0.995253 0.389430
vt 0.995212 0.284725
vt 0.995212 0.284725
vt 0.995253 0.389430
vt 0.993724 0.389430
vt 0.994214 0.284725
vt 0.994214 0.284725
vt 0.993724 0.389430
vt 0.991973 0.389430
vt 0.993156 0.284725
vt 1.930376 0.144241
vt 1.930376 0.180280
vt 1.911648 0.180280
vt 1.911648 0.144241
vt 1.909677 0.144241
vt 1.909677 0.180280
vt 1.860417 0.180280
vt 1.860417 0.144241
vt 1.930595 0.187880
vt 1.930595 0.223918
vt 1.911903 0.223918
vt 1.911903 0.187880
vt 1.909820 0.187880
vt 1.909820 0.223918
vt 1.860560 0.223918
vt 1.860560 0.187880
vt 1.860940 0.136641
vt 1.860940 0.100603
vt 1.910511 0.100603
vt 1.910511 0.136641
vt 1.930376 0.144241
vt 1.930376 0.180280
vt 1.911648 0.180280
vt 1.911648 0.144241
vt 1.909677 0.144241
vt 1.909677 0.180280
vt 1.860417 0.180280
vt 1.860417 0.144241
vt 1.930595 0.187880
vt 1.930595 0.223918
vt 1.911903 0.223918
vt 1.911903 0.187880
vt 1.909820 0.187880
vt 1.909820 0.223918
vt 1.860560 0.223918
vt 1.860560 0.187880
vt 1.860940 0.136641
vt 1.860940 0.100603
vt 1.910511 0.100603
vt 1.910511 0.136641
vt 1.930376 0.144241
vt 1.930376 0.180280
vt 1.911648 0.180280
vt 1.911648 0.144241
vt 1.909677 0.144241
vt 1.909677 0.180280
vt 1.860417 0.180280
vt 1.860417 0.144241
vt 1.930595 0.187880
vt 1.930595 0.223918
vt 1.911903 0.223918
vt 1.911903 0.187880
vt 1.909820 0.187880
vt 1.909820 0.223918
vt 1.860560 0.223918
vt 1.860560 0.187880
vt 1.860940 0.136641
vt 1.860940 0.100603
vt 1.910511 0.100603
vt 1.910511 0.136641
vt 1.930376 0.144241
vt 1.930376 0.180280
vt 1.911648 0.180280
vt 1.911648 0.144241
vt 1.909677 0.144241
vt 1.909677 0.180280
vt 1.860417 0.180280
vt 1.860417 0.144241
vt 1.930595 0.187880
vt 1.930595 0.223918
vt 1.911903 0.223918
vt 1.911903 0.187880
vt 1.909820 0.187880
vt 1.909820 0.223918
vt 1.860560 0.223918
vt 1.860560 0.187880
vt 1.860940 0.136641
vt 1.860940 0.100603
vt 1.910511 0.100603
vt 1.910511 0.136641
vt 1.930376 0.144241
vt 1.930376 0.180280
vt 1.911648 0.180280
vt 1.911648 0.144241
vt 1.909677 0.144241
vt 1.909677 0.180280
vt 1.860417 0.180280
vt 1.860417 0.144241
vt 1.930595 0.187880
vt 1.930595 0.223918
vt 1.911903 0.223918
vt 1.911903 0.187880
vt 1.909820 0.187880
vt 1.909820 0.223918
vt 1.860560 0.223918
vt 1.860560 0.187880
vt 1.860940 0.136641
vt 1.860940 0.100603
vt 1.910511 0.100603
vt 1.910511 0.136641
vt 0.930376 0.144241
vt 0.930376 0.180280
vt 0.911648 0.180280
vt 0.911648 0.144241
vt 0.909677 0.144241
vt 0.909677 0.180280
vt 0.860417 0.180280
vt 0.860417 0.144241
vt 0.930595 0.187880
vt 0.930595 0.223918
vt 0.911903 0.223918
vt 0.911903 0.187880
vt 0.909820 0.187880
vt 0.909820 0.223918
vt 0.860560 0.223918
vt 0.860560 0.187880
vt 0.860940 0.136641
vt 0.860940 0.100603
vt 0.910511 0.100603
vt 0.910511 0.136641
vt 0.997271 0.284725
vt 0.998779 0.389430
vt 0.997127 0.389430
vt 0.996271 0.284725
vt 0.996271 0.284725
vt 0.997127 0.389430
vt 0.995253 0.389430
vt 0.995212 0.284725
vt 0.995212 0.284725
vt 0.995253 0.389430
vt 0.993724 0.389430
vt 0.994214 0.284725
vt 0.994214 0.284725
vt 0.993724 0.389430
vt 0.991973 0.389430
vt 0.993156 0.284725
vt 0.997271 0.284725
vt 0.998779 0.389430
vt 0.997127 0.389430
vt 0.996271 0.284725
vt 0.996271 0.284725
vt 0.997127 0.389430
vt 0.995253 0.389430
vt 0.995212 0.284725
vt 0.995212 0.284725
vt 0.995253 0.389430
vt 0.993724 0.389430
vt 0.994214 0.284725
vt 0.994214 0.284725
vt 0.993724 0.389430
vt 0.991973 0.389430
vt 0.993156 0.284725
vt 0.997271 0.284725
vt 0.998779 0.389430
vt 0.997127 0.389430
vt 0.996271 0.284725
vt 0.996271 0.284725
vt 0.997127 0.389430
vt 0.995253 0.389430
vt 0.995212 0.284725
vt 0.995212 0.284725
vt 0.995253 0.389430
vt 0.993724 0.389430
vt 0.994214 0.284725
vt 0.994214 0.284725
vt 0.993724 0.389430
vt 0.991973 0.389430
vt 0.993156 0.284725
vt 0.997271 0.284725
vt 0.998779 0.389430
vt 0.997127 0.389430
vt 0.996271 0.284725
vt 0.996271 0.284725
vt 0.997127 0.389430
vt 0.995253 0.389430
vt 0.995212 0.284725
vt 0.995212 0.284725
vt 0.995253 0.389430
vt 0.993724 0.389430
vt 0.994214 0.284725
vt 0.994214 0.284725
vt 0.993724 0.389430
vt 0.991973 0.389430
vt 0.993156 0.284725
vt 0.997271 0.284725
vt 0.998779 0.389430
vt 0.997127 0.389430
vt 0.996271 0.284725
vt 0.996271 0.284725
vt 0.997127 0.389430
vt 0.995253 0.389430
vt 0.995212 0.284725
vt 0.995212 0.284725
vt 0.995253 0.389430
vt 0.993724 0.389430
vt 0.994214 0.284725
vt 0.994214 0.284725
vt 0.993724 0.389430
vt 0.991973 0.389430
vt 0.993156 0.284725
vt 0.997271 0.284725
vt 0.998779 0.389430
vt 0.997127 0.389430
vt 0.996271 0.284725
vt 0.996271 0.284725
vt 0.997127 0.389430
vt 0.995253 0.389430
vt 0.995212 0.284725
vt 0.995212 0.284725
vt 0.995253 0.389430
vt 0.993724 0.389430
vt 0.994214 0.284725
vt 0.994214 0.284725
vt 0.993724 0.389430
vt 0.991973 0.389430
vt 0.993156 0.284725
vt 0.214833 0.620407
vt 0.170603 0.620407
vt 0.170603 0.614841
vt 0.214833 0.614840
vt 0.214833 0.625973
vt 0.170603 0.625973
vt 0.170603 0.620407
vt 0.214833 0.620407
vt 0.214833 0.631540
vt 0.170603 0.631540
vt 0.170603 0.625973
vt 0.214833 0.625973
vt 0.214833 0.614840
vt 0.170603 0.614841
vt 0.170603 0.609274
vt 0.214833 0.609274
vt 0.172365 0.586144
vt 0.143032 0.586144
vt 0.143032 0.576709
vt 0.172365 0.576709
vt 0.172365 0.597241
vt 0.143032 0.597241
vt 0.143032 0.587810
vt 0.172365 0.587810
vt 0.140631 0.614996
vt 0.113680 0.614996
vt 0.113680 0.605663
vt 0.140631 0.605663
vt 0.140631 0.626127
vt 0.113680 0.626127
vt 0.113680 0.616783
vt 0.140631 0.616783
vt 0.111833 0.614953
vt 0.084882 0.614953
vt 0.084882 0.605526
vt 0.111833 0.605526
vt 0.111833 0.626161
vt 0.084882 0.626161
vt 0.084882 0.616748
vt 0.111833 0.616748
vt 0.108931 0.587126
vt 0.078410 0.587126
vt 0.078410 0.577793
vt 0.108931 0.577793
vt 0.141532 0.586769
vt 0.111011 0.586769
vt 0.111011 0.577340
vt 0.141532 0.577340
vt 0.198055 0.578795
vt 0.198055 0.601546
vt 0.195973 0.606470
vt 0.195973 0.576138
vt 0.192445 0.579413
vt 0.194464 0.577129
vt 0.194464 0.607340
vt 0.192445 0.602163
vt 0.170603 0.625973
vt 0.214833 0.625973
vt 0.214833 0.631540
vt 0.170603 0.631540
vt 0.170603 0.609274
vt 0.214833 0.609274
vt 0.214833 0.614840
vt 0.170603 0.614841
vt 0.170603 0.614841
vt 0.214833 0.614840
vt 0.214833 0.620407
vt 0.170603 0.620407
vt 0.170603 0.620407
vt 0.214833 0.620407
vt 0.214833 0.625973
vt 0.170603 0.625973
vt 0.170363 0.651428
vt 0.214592 0.651428
vt 0.214592 0.656994
vt 0.170363 0.656994
vt 0.170363 0.634729
vt 0.214592 0.634728
vt 0.214592 0.640295
vt 0.170363 0.640295
vt 0.170363 0.640295
vt 0.214592 0.640295
vt 0.214592 0.645861
vt 0.170363 0.645862
vt 0.170363 0.645862
vt 0.214592 0.645861
vt 0.214592 0.651428
vt 0.170363 0.651428
vt 0.297439 0.581642
vt 0.297872 0.648879
vt 0.294114 0.652935
vt 0.294114 0.580554
vt 0.219939 0.580554
vt 0.219939 0.652935
vt 0.216181 0.648879
vt 0.216614 0.581642
vt 0.294114 0.652935
vt 0.219939 0.652935
vt 0.219939 0.580554
vt 0.294114 0.580554
vt 0.334121 0.197868
vt 0.383466 0.210314
vt 0.383466 0.295727
vt 0.334055 0.340795
vt 0.319784 0.315800
vt 0.319747 0.185662
vt 0.334121 0.197868
vt 0.334055 0.315800
vt 0.649912 0.219286
vt 0.609695 0.311909
vt 0.620457 0.086675
vt 0.654722 0.086675
vt 0.204547 0.165999
vt 0.204547 0.030101
vt 0.253572 0.030101
vt 0.253572 0.165999
vt 0.202191 0.165904
vt 0.179060 0.165904
vt 0.179092 0.013627
vt 0.202191 0.030101
vt 0.275276 0.210439
vt 0.312109 0.210439
vt 0.312109 0.301824
vt 0.264820 0.316763
vt 0.292912 0.002990
vt 0.292907 0.165999
vt 0.256266 0.165999
vt 0.256118 0.030101
vt 0.715556 0.631610
vt 0.715502 0.617931
vt 0.769284 0.617931
vt 0.769338 0.631606
vt 0.769338 0.634296
vt 0.769626 0.640056
vt 0.715876 0.639933
vt 0.715556 0.634296
vt 0.804594 0.577624
vt 0.804594 0.591356
vt 0.789473 0.591356
vt 0.789473 0.577625
vt 0.789728 0.554657
vt 0.804849 0.554657
vt 0.804849 0.568510
vt 0.789729 0.568510
vt 0.830444 0.577512
vt 0.830444 0.591243
vt 0.815324 0.591243
vt 0.815324 0.577512
vt 0.815579 0.554544
vt 0.830699 0.554544
vt 0.830699 0.568397
vt 0.815579 0.568397
vt 0.830444 0.577512
vt 0.830444 0.591243
vt 0.815324 0.591243
vt 0.815324 0.577512
vt 0.815579 0.554544
vt 0.830699 0.554544
vt 0.830699 0.568397
vt 0.815579 0.568397
vt 0.804594 0.577624
vt 0.804594 0.591356
vt 0.789473 0.591356
vt 0.789473 0.577625
vt 0.789728 0.554657
vt 0.804849 0.554657
vt 0.804849 0.568510
vt 0.789729 0.568510
vt 0.789473 0.577625
vt 0.804594 0.577624
vt 0.804594 0.591356
vt 0.789473 0.591356
vt 0.789728 0.554657
vt 0.804849 0.554657
vt 0.804849 0.568510
vt 0.789729 0.568510
vt 0.815324 0.577512
vt 0.830444 0.577512
vt 0.830444 0.591243
vt 0.815324 0.591243
vt 0.815579 0.554544
vt 0.830699 0.554544
vt 0.830699 0.568397
vt 0.815579 0.568397
vt 0.986591 0.243297
vt 0.973548 0.243297
vt 0.973094 0.144816
vt 0.986137 0.144815
vt 0.962971 0.086308
vt 0.973110 0.086308
vt 0.973092 0.095631
vt 0.962954 0.095632
vt 0.937241 0.086164
vt 0.942104 0.098923
vt 0.941964 0.196300
vt 0.937376 0.199446
vt 0.994120 0.098816
vt 0.999026 0.086122
vt 0.998869 0.201051
vt 0.992814 0.196394
vt 0.943540 0.226554
vt 0.937376 0.199446
vt 0.941964 0.196300
vt 0.947753 0.221536
vt 0.805071 0.993760
vt 0.805071 0.975078
vt 0.820047 0.975078
vt 0.820047 0.993760
vt 0.904273 0.838838
vt 0.904273 0.678686
vt 0.986362 0.678686
vt 0.986362 0.838838
vt 0.639593 0.925194
vt 0.589042 0.925194
vt 0.589045 0.851418
vt 0.639292 0.850608
vt 0.025533 0.089923
vt 0.047134 0.089923
vt 0.046969 0.390328
vt 0.025068 0.390328
vt 0.411533 0.129586
vt 0.414025 0.134961
vt 0.380117 0.134849
vt 0.380348 0.129586
vt 0.617820 0.252649
vt 0.617820 0.309461
vt 0.652168 0.309460
vt 0.652168 0.252648
vt 0.069981 0.998021
vt 0.047629 0.998021
vt 0.047634 0.697616
vt 0.069915 0.697616
vt 0.859799 0.253714
vt 0.863393 0.271027
vt 0.855464 0.277795
vt 0.855464 0.265475
vt 0.412020 0.127032
vt 0.380821 0.127032
vt 0.380821 0.115468
vt 0.412020 0.115468
vt 0.909135 0.382878
vt 0.878650 0.382878
vt 0.878650 0.373545
vt 0.909135 0.373545
vt 0.909135 0.393667
vt 0.878650 0.393667
vt 0.878650 0.384301
vt 0.909135 0.384301
vt 0.909135 0.359095
vt 0.878650 0.359095
vt 0.878650 0.349684
vt 0.909135 0.349684
vt 0.909135 0.369948
vt 0.878650 0.369948
vt 0.878650 0.360518
vt 0.909135 0.360518
vt 0.752425 0.557013
vt 0.752425 0.595627
vt 0.749980 0.595627
vt 0.749980 0.557013
vt 0.763703 0.556856
vt 0.763716 0.595505
vt 0.761270 0.595505
vt 0.761257 0.556838
vt 0.760034 0.556891
vt 0.760034 0.595505
vt 0.757589 0.595505
vt 0.757589 0.556891
vt 0.756292 0.556891
vt 0.756292 0.595505
vt 0.753846 0.595505
vt 0.753846 0.556891
vt 0.439816 0.573749
vt 0.369555 0.573749
vt 0.366924 0.393807
vt 0.437137 0.393414
vt 0.440979 0.573749
vt 0.444883 0.393777
vt 0.556659 0.393782
vt 0.556665 0.573749
vt 0.219814 0.573749
vt 0.119750 0.573749
vt 0.120571 0.393259
vt 0.214730 0.393788
vt 0.766354 0.325183
vt 0.763305 0.086164
vt 0.797410 0.086164
vt 0.804666 0.325183
vt 0.799212 0.086164
vt 0.834170 0.086164
vt 0.846131 0.325183
vt 0.806468 0.325183
vt 0.314509 0.573749
vt 0.221063 0.573749
vt 0.221781 0.393727
vt 0.311494 0.393725
vt 0.660551 0.573749
vt 0.613287 0.573749
vt 0.615887 0.394860
vt 0.658881 0.394899
vt 0.068769 0.693259
vt 0.048989 0.693259
vt 0.048487 0.392854
vt 0.068454 0.392854
vt 0.891950 0.925968
vt 0.824834 0.925968
vt 0.836175 0.643195
vt 0.904415 0.643194
vt 0.266844 0.923661
vt 0.287472 0.923661
vt 0.287472 0.997803
vt 0.266844 0.997803
vt 0.376359 0.753727
vt 0.280738 0.753728
vt 0.280738 0.669628
vt 0.376359 0.669627
vt 0.930170 0.601134
vt 0.930170 0.631337
vt 0.914734 0.631337
vt 0.914734 0.601134
vt 0.930170 0.663489
vt 0.914734 0.663489
vt 0.914734 0.633286
vt 0.930170 0.633286
vt 0.971590 0.931310
vt 0.967310 0.932468
vt 0.966157 0.927314
vt 0.972439 0.924038
vt 0.968811 0.952015
vt 0.962915 0.943498
vt 0.968811 0.952015
vt 0.960532 0.953565
vt 0.960728 0.942189
vt 0.980131 0.874389
vt 0.982557 0.881140
vt 0.971842 0.886979
vt 0.970917 0.874413
vt 0.938487 0.997816
vt 0.885322 0.997816
vt 0.885322 0.928337
vt 0.938487 0.928337
vt 0.371305 0.177197
vt 0.371305 0.091929
vt 0.375854 0.091929
vt 0.375854 0.177197
vt 0.367871 0.177197
vt 0.304969 0.177197
vt 0.324990 0.091929
vt 0.367871 0.091929
vt 0.081965 0.024795
vt 0.138282 0.024795
vt 0.138282 0.166265
vt 0.081965 0.166265
vt 0.176517 0.166265
vt 0.140435 0.166265
vt 0.140435 0.024795
vt 0.176511 0.001246
vt 0.948861 0.891325
vt 0.949928 0.876483
vt 0.951969 0.881174
vt 0.951894 0.890972
vt 0.727480 0.086164
vt 0.761898 0.086164
vt 0.764947 0.325183
vt 0.728705 0.325183
vt 0.027466 0.067359
vt 0.011650 0.067711
vt 0.026383 0.030787
vt 0.014199 0.029661
vt 0.418751 0.319346
vt 0.418751 0.172503
vt 0.508315 0.172503
vt 0.508491 0.319346
vt 0.769672 0.631703
vt 0.769672 0.618024
vt 0.816122 0.618024
vt 0.816122 0.631703
vt 0.816122 0.634271
vt 0.818984 0.639912
vt 0.770930 0.639912
vt 0.769672 0.634271
vt 0.023433 0.215250
vt 0.012440 0.215250
vt 0.008916 0.089067
vt 0.023510 0.089067
vt 0.904970 0.618812
vt 0.904970 0.632491
vt 0.839296 0.632492
vt 0.839296 0.618813
vt 0.816879 0.642526
vt 0.823553 0.925876
vt 0.777622 0.925876
vt 0.768825 0.642526
vt 0.836259 0.640593
vt 0.839126 0.634962
vt 0.904800 0.635211
vt 0.904498 0.640852
vt 0.022695 0.223241
vt 0.022695 0.349424
vt 0.001683 0.349424
vt 0.001683 0.223241
vt 0.022620 0.354449
vt 0.022620 0.480633
vt 0.001593 0.480633
vt 0.001593 0.354449
vt 0.022974 0.485030
vt 0.022273 0.611214
vt 0.001603 0.611214
vt 0.001603 0.485030
vt 0.010066 0.615503
vt 0.022758 0.615503
vt 0.021774 0.741686
vt 0.010870 0.741686
vt 0.520364 0.590956
vt 0.523227 0.585314
vt 0.605363 0.585314
vt 0.608225 0.590955
vt 0.419594 0.592202
vt 0.422456 0.586560
vt 0.504084 0.586560
vt 0.506946 0.592202
vt 0.303541 0.590075
vt 0.306404 0.584433
vt 0.388539 0.584431
vt 0.391402 0.590073
vt 0.624197 0.591700
vt 0.627060 0.586058
vt 0.708687 0.586057
vt 0.711550 0.591698
vt 0.516594 0.641362
vt 0.520019 0.593647
vt 0.607877 0.593647
vt 0.611759 0.641362
vt 0.416222 0.642591
vt 0.419369 0.594753
vt 0.506721 0.594751
vt 0.509868 0.642591
vt 0.621027 0.642364
vt 0.624174 0.594490
vt 0.711526 0.594490
vt 0.714673 0.642351
vt 0.386356 0.319346
vt 0.386356 0.172503
vt 0.416831 0.172503
vt 0.416831 0.319346
vt 0.986119 0.081670
vt 0.895702 0.081670
vt 0.895537 0.009908
vt 0.999510 0.009908
vt 0.907774 0.279513
vt 0.902761 0.286824
vt 0.900864 0.270885
vt 0.910023 0.265878
vt 0.849739 0.092088
vt 0.853274 0.109005
vt 0.846044 0.115123
vt 0.846044 0.102886
vt 0.414020 0.163540
vt 0.506490 0.163617
vt 0.506487 0.169741
vt 0.416913 0.169602
vt 0.380117 0.160486
vt 0.380117 0.137111
vt 0.413048 0.137111
vt 0.413048 0.160486
vt 0.414020 0.160994
vt 0.414025 0.137619
vt 0.506495 0.137696
vt 0.506490 0.161071
vt 0.916045 0.281750
vt 0.910958 0.297572
vt 0.903721 0.289380
vt 0.908734 0.282069
vt 0.506495 0.127017
vt 0.416078 0.127020
vt 0.416078 0.115456
vt 0.506495 0.115454
vt 0.414025 0.134961
vt 0.416078 0.129413
vt 0.506495 0.129411
vt 0.506495 0.135039
vt 0.995746 0.395105
vt 0.996278 0.500502
vt 0.994640 0.500502
vt 0.994756 0.395105
vt 0.994756 0.395105
vt 0.994640 0.500502
vt 0.992885 0.500502
vt 0.993694 0.395105
vt 0.996808 0.395105
vt 0.998034 0.500502
vt 0.996278 0.500502
vt 0.995746 0.395105
vt 0.997271 0.284725
vt 0.998779 0.389430
vt 0.997127 0.389430
vt 0.996271 0.284725
vt 0.996271 0.284725
vt 0.997127 0.389430
vt 0.994488 0.389430
vt 0.994713 0.284725
vt 0.994713 0.284725
vt 0.994488 0.389430
vt 0.991973 0.389430
vt 0.993156 0.284725
vt 0.565952 0.134276
vt 0.611890 0.137159
vt 0.611890 0.143344
vt 0.565952 0.138016
vt 0.565952 0.122572
vt 0.611890 0.117801
vt 0.611890 0.124382
vt 0.565952 0.126551
vt 0.565952 0.126551
vt 0.611890 0.124382
vt 0.611890 0.130434
vt 0.565952 0.130434
vt 0.565952 0.130434
vt 0.611890 0.130434
vt 0.611890 0.137159
vt 0.565952 0.134276
vt 0.488065 0.942018
vt 0.488065 0.954394
vt 0.482900 0.936166
vt 0.480337 0.947472
vt 0.492494 0.933427
vt 0.495974 0.949834
vt 0.490548 0.954394
vt 0.490548 0.942018
vt 0.463326 0.949619
vt 0.466864 0.933261
vt 0.468774 0.941924
vt 0.468774 0.954206
vt 0.558958 0.393954
vt 0.612378 0.394703
vt 0.612036 0.573749
vt 0.558872 0.573749
vt 0.294062 0.879178
vt 0.296309 0.884212
vt 0.296309 0.916750
vt 0.294062 0.893035
vt 0.878242 0.967478
vt 0.875995 0.967478
vt 0.875995 0.933213
vt 0.878242 0.941848
vt 0.863342 0.967289
vt 0.861095 0.967289
vt 0.861095 0.933024
vt 0.863342 0.941659
vt 0.848787 0.967510
vt 0.846540 0.967510
vt 0.846540 0.933246
vt 0.848787 0.941881
vt 0.834238 0.968092
vt 0.831991 0.968092
vt 0.831991 0.933828
vt 0.834238 0.942463
vt 0.104378 0.939110
vt 0.112645 0.939110
vt 0.112645 0.953281
vt 0.104378 0.953281
vt 0.104378 0.939110
vt 0.112645 0.939110
vt 0.112645 0.953281
vt 0.104378 0.953281
vt 0.104216 0.914078
vt 0.110816 0.914078
vt 0.110816 0.925395
vt 0.104216 0.925395
vt 0.104378 0.939110
vt 0.112645 0.939110
vt 0.112645 0.953281
vt 0.104378 0.953281
vt 0.120291 0.914233
vt 0.126892 0.914233
vt 0.126892 0.925550
vt 0.120291 0.925550
vt 0.104378 0.958576
vt 0.112645 0.958576
vt 0.112645 0.972758
vt 0.104378 0.972758
vt 0.120291 0.914233
vt 0.126892 0.914233
vt 0.126892 0.925550
vt 0.120291 0.925550
vt 0.094623 0.958576
vt 0.102890 0.958576
vt 0.102890 0.972758
vt 0.094623 0.972758
vt 0.587614 0.925194
vt 0.574339 0.925146
vt 0.574339 0.841240
vt 0.587614 0.851062
vt 0.578156 0.759194
vt 0.631107 0.759194
vt 0.631107 0.793912
vt 0.578156 0.793912
vt 0.621906 0.050131
vt 0.669658 0.050130
vt 0.669775 0.080589
vt 0.622023 0.080589
vt 0.116868 0.393945
vt 0.118480 0.573749
vt 0.071689 0.573749
vt 0.073942 0.393941
vt 0.827590 0.048581
vt 0.827821 0.011334
vt 0.879065 0.011334
vt 0.879065 0.048581
vt 0.762526 0.048581
vt 0.753722 0.011334
vt 0.823888 0.011334
vt 0.823888 0.048581
vt 0.832809 0.079594
vt 0.827113 0.055568
vt 0.878588 0.055568
vt 0.871662 0.079594
vt 0.778603 0.079594
vt 0.762049 0.055568
vt 0.823411 0.055568
vt 0.817113 0.079594
vt 0.768500 0.470667
vt 0.729668 0.470667
vt 0.733666 0.330202
vt 0.767310 0.330202
vt 0.769942 0.470667
vt 0.768752 0.330202
vt 0.803085 0.330202
vt 0.808522 0.470667
vt 0.251833 0.913588
vt 0.265268 0.923517
vt 0.265268 0.997660
vt 0.251993 0.997612
vt 0.269263 0.844035
vt 0.290626 0.844035
vt 0.290626 0.878420
vt 0.269263 0.878420
vt 0.302126 0.997693
vt 0.288851 0.997741
vt 0.288851 0.923598
vt 0.302286 0.913669
vt 0.000681 0.093222
vt 0.005992 0.093221
vt 0.005992 0.123578
vt 0.000681 0.123579
vt 0.000681 0.123579
vt 0.005992 0.123578
vt 0.005993 0.153936
vt 0.000681 0.153936
vt 0.000681 0.153936
vt 0.005993 0.153936
vt 0.005993 0.184293
vt 0.000681 0.184293
vt 0.046125 0.393086
vt 0.046125 0.693491
vt 0.024895 0.693491
vt 0.024895 0.393086
vt 0.070212 0.088145
vt 0.070212 0.388549
vt 0.048756 0.388549
vt 0.048756 0.088145
vt 0.045701 0.697344
vt 0.046252 0.997748
vt 0.024504 0.997748
vt 0.024606 0.697344
vt 0.051719 0.070710
vt 0.049025 0.080868
vt 0.038629 0.041676
vt 0.044018 0.041676
vt 0.044018 0.041676
vt 0.038629 0.041676
vt 0.049025 0.002483
vt 0.051719 0.012641
vt 0.051719 0.012641
vt 0.049025 0.002483
vt 0.069816 0.002483
vt 0.067122 0.012641
vt 0.067122 0.012641
vt 0.069816 0.002483
vt 0.080212 0.041676
vt 0.074823 0.041676
vt 0.074823 0.041676
vt 0.080212 0.041676
vt 0.069816 0.080868
vt 0.067122 0.070710
vt 0.067122 0.070710
vt 0.069816 0.080868
vt 0.049025 0.080868
vt 0.051719 0.070710
vt 0.940060 0.918563
vt 0.948944 0.928375
vt 0.948944 0.997959
vt 0.940060 0.997959
vt 0.825717 0.971104
vt 0.881408 0.971104
vt 0.881408 0.997843
vt 0.825717 0.997843
vt 0.959203 0.997801
vt 0.950319 0.997801
vt 0.950319 0.928190
vt 0.959203 0.918379
vt 0.102890 0.939110
vt 0.102890 0.953281
vt 0.094623 0.953281
vt 0.094623 0.939110
vt 0.102890 0.939110
vt 0.102890 0.953281
vt 0.094623 0.953281
vt 0.094623 0.939110
vt 0.118577 0.914078
vt 0.118577 0.925395
vt 0.111977 0.925395
vt 0.111977 0.914078
vt 0.102890 0.939110
vt 0.102890 0.953281
vt 0.094623 0.953281
vt 0.094623 0.939110
vt 0.134653 0.914233
vt 0.134653 0.925550
vt 0.128052 0.925550
vt 0.128052 0.914233
vt 0.102890 0.958576
vt 0.102890 0.972758
vt 0.094623 0.972758
vt 0.094623 0.958576
vt 0.134653 0.914233
vt 0.134653 0.925550
vt 0.128052 0.925550
vt 0.128052 0.914233
vt 0.279419 0.753761
vt 0.274469 0.753761
vt 0.274469 0.669660
vt 0.279419 0.669660
vt 0.376346 0.657209
vt 0.376346 0.666965
vt 0.280725 0.666967
vt 0.280725 0.657211
vt 0.377612 0.669632
vt 0.382562 0.669632
vt 0.382562 0.753732
vt 0.377612 0.753732
vt 0.376359 0.756509
vt 0.376359 0.766265
vt 0.280738 0.766266
vt 0.280738 0.756510
vt 0.223412 0.769310
vt 0.227620 0.777181
vt 0.176532 0.777181
vt 0.180740 0.769310
vt 0.171289 0.768813
vt 0.175283 0.777106
vt 0.071675 0.777106
vt 0.075669 0.768813
vt 0.381002 0.769397
vt 0.385210 0.777268
vt 0.334122 0.777268
vt 0.338331 0.769397
vt 0.328604 0.768980
vt 0.332598 0.777274
vt 0.228990 0.777274
vt 0.232983 0.768980
vt 0.176477 0.779371
vt 0.227565 0.779371
vt 0.227565 0.997763
vt 0.176477 0.997763
vt 0.333733 0.779371
vt 0.384821 0.779371
vt 0.384821 0.997763
vt 0.333733 0.997763
vt 0.112645 0.958576
vt 0.112645 0.972758
vt 0.104378 0.972758
vt 0.104378 0.958576
vt 0.112645 0.958576
vt 0.112645 0.972758
vt 0.104378 0.972758
vt 0.104378 0.958576
vt 0.102890 0.958576
vt 0.102890 0.972758
vt 0.094623 0.972758
vt 0.094623 0.958576
vt 0.134653 0.914233
vt 0.134653 0.925550
vt 0.128052 0.925550
vt 0.128052 0.914233
vt 0.126892 0.914233
vt 0.126892 0.925550
vt 0.120291 0.925550
vt 0.120291 0.914233
vt 0.112645 0.939110
vt 0.112645 0.953281
vt 0.104378 0.953281
vt 0.104378 0.939110
vt 0.102890 0.939110
vt 0.102890 0.953281
vt 0.094623 0.953281
vt 0.094623 0.939110
vt 0.134653 0.914233
vt 0.134653 0.925550
vt 0.128052 0.925550
vt 0.128052 0.914233
vt 0.126892 0.914233
vt 0.126892 0.925550
vt 0.120291 0.925550
vt 0.120291 0.914233
vt 0.102890 0.939110
vt 0.102890 0.953281
vt 0.094623 0.953281
vt 0.094623 0.939110
vt 0.112645 0.939110
vt 0.112645 0.953281
vt 0.104378 0.953281
vt 0.104378 0.939110
vt 0.110816 0.914078
vt 0.110816 0.925395
vt 0.104216 0.925395
vt 0.104216 0.914078
vt 0.118577 0.914078
vt 0.118577 0.925395
vt 0.111977 0.925395
vt 0.111977 0.914078
vt 0.434403 0.101576
vt 0.397691 0.101577
vt 0.397690 0.086297
vt 0.434403 0.086296
vt 0.560309 0.112408
vt 0.531471 0.112409
vt 0.531471 0.104670
vt 0.560309 0.104670
vt 0.617965 0.101572
vt 0.581252 0.101573
vt 0.581252 0.086293
vt 0.617965 0.086292
vt 0.589146 0.112407
vt 0.560309 0.112408
vt 0.560309 0.104670
vt 0.589146 0.104669
vt 0.581252 0.101573
vt 0.544540 0.101574
vt 0.544540 0.086294
vt 0.581252 0.086293
vt 0.617984 0.112406
vt 0.589146 0.112407
vt 0.589146 0.104669
vt 0.617984 0.104668
vt 0.544540 0.101574
vt 0.507828 0.101575
vt 0.507828 0.086294
vt 0.544540 0.086294
vt 0.473796 0.112410
vt 0.444958 0.112410
vt 0.444958 0.104672
vt 0.473796 0.104671
vt 0.507828 0.101575
vt 0.471115 0.101575
vt 0.471115 0.086295
vt 0.507828 0.086294
vt 0.502634 0.112409
vt 0.473796 0.112410
vt 0.473796 0.104671
vt 0.502634 0.104671
vt 0.471115 0.101575
vt 0.434403 0.101576
vt 0.434403 0.086296
vt 0.471115 0.086295
vt 0.531471 0.112409
vt 0.502634 0.112409
vt 0.502634 0.104671
vt 0.531471 0.104670
vt 0.462010 0.052664
vt 0.452305 0.014701
vt 0.500818 0.048122
vt 0.500845 0.051505
vt 0.978811 0.902302
vt 0.977769 0.914970
vt 0.973330 0.917025
vt 0.973330 0.917025
vt 0.974490 0.896288
vt 0.979803 0.886055
vt 0.981455 0.896676
vt 0.986098 0.908340
vt 0.985566 0.918545
vt 0.977769 0.914970
vt 0.976211 0.928893
vt 0.973330 0.917025
vt 0.980508 0.942783
vt 0.979771 0.956305
vt 0.975297 0.958458
vt 0.975297 0.958458
vt 0.976052 0.937077
vt 0.981253 0.926278
vt 0.982853 0.936572
vt 0.985957 0.949358
vt 0.986813 0.958544
vt 0.979771 0.956305
vt 0.977829 0.969212
vt 0.975297 0.958458
vt 0.940180 0.906355
vt 0.947072 0.907027
vt 0.948420 0.915707
vt 0.948420 0.915707
vt 0.937546 0.915451
vt 0.931777 0.905838
vt 0.936899 0.902098
vt 0.943197 0.895256
vt 0.947801 0.893042
vt 0.947801 0.893042
vt 0.947072 0.907027
vt 0.953722 0.910107
vt 0.948420 0.915707
vt 0.931832 0.564454
vt 0.946330 0.502927
vt 0.999057 0.502926
vt 0.933299 0.662191
vt 0.999057 0.662191
vt 0.523791 0.813631
vt 0.503686 0.813631
vt 0.521474 0.770850
vt 0.506161 0.770198
vt 0.514289 0.732878
vt 0.973001 0.967252
vt 0.972200 0.973702
vt 0.969578 0.969478
vt 0.970752 0.962917
vt 0.968143 0.969492
vt 0.969041 0.959853
vt 0.970357 0.959232
vt 0.965123 0.968848
vt 0.967423 0.954559
vt 0.502021 0.807139
vt 0.496185 0.924253
vt 0.403916 0.924253
vt 0.503766 0.764292
vt 0.416222 0.642591
vt 0.513655 0.729022
vt 0.509868 0.642591
vt 0.332516 0.997763
vt 0.310905 0.997938
vt 0.310879 0.907532
vt 0.332516 0.779371
vt 0.303157 0.866555
vt 0.295513 0.842325
vt 0.280357 0.822936
vt 0.228908 0.779371
vt 0.265382 0.842864
vt 0.257961 0.867364
vt 0.250618 0.908611
vt 0.250644 0.997490
vt 0.228908 0.997763
vt 0.511013 0.131022
vt 0.510065 0.126527
vt 0.558381 0.131245
vt 0.510931 0.122032
vt 0.558342 0.121408
vt 0.471269 0.941906
vt 0.473387 0.933615
vt 0.471269 0.954206
vt 0.476635 0.936357
vt 0.478982 0.947842
vt 0.556659 0.389859
vt 0.444883 0.389854
vt 0.447386 0.374262
vt 0.556656 0.374251
vt 0.449960 0.365580
vt 0.556654 0.365518
vt 0.451510 0.350904
vt 0.556651 0.350843
vt 0.554808 0.322642
vt 0.451726 0.334585
vt 0.556648 0.329359
vt 0.315979 0.573749
vt 0.319763 0.393831
vt 0.368072 0.573749
vt 0.349733 0.394086
vt 0.364371 0.433395
vt 0.656122 0.086675
vt 0.689856 0.086675
vt 0.651313 0.219286
vt 0.684349 0.492724
vt 0.671020 0.492724
vt 0.006007 0.050620
vt 0.000990 0.050620
vt 0.010669 0.015132
vt 0.013177 0.024329
vt 0.030025 0.015131
vt 0.027517 0.024329
vt 0.039704 0.050619
vt 0.034687 0.050619
vt 0.030026 0.086107
vt 0.027517 0.076909
vt 0.010669 0.086107
vt 0.013177 0.076910
vt 0.002548 0.615990
vt 0.007724 0.615989
vt 0.007724 0.656924
vt 0.002548 0.657115
vt 0.007724 0.698029
vt 0.002548 0.698089
vt 0.007724 0.739137
vt 0.002548 0.739067
vt 0.007724 0.780242
vt 0.002548 0.780040
vt 0.007724 0.821170
vt 0.002548 0.821170
vt 0.073272 0.091952
vt 0.078447 0.091649
vt 0.078447 0.137040
vt 0.073272 0.137197
vt 0.078447 0.182438
vt 0.073272 0.182451
vt 0.078447 0.227837
vt 0.073272 0.227706
vt 0.078447 0.273230
vt 0.073272 0.272954
vt 0.078447 0.318608
vt 0.073272 0.318188
vt 0.078448 0.363964
vt 0.073272 0.363400
vt 0.658881 0.390928
vt 0.615887 0.390890
vt 0.618059 0.375074
vt 0.657124 0.375120
vt 0.620431 0.366815
vt 0.655117 0.366883
vt 0.622004 0.351570
vt 0.653641 0.351585
vt 0.653645 0.313005
vt 0.622002 0.313001
vt 0.824033 0.448857
vt 0.806843 0.388674
vt 0.824116 0.330647
vt 0.858532 0.329423
vt 0.858401 0.446068
vt 0.875700 0.388913
vt 0.571691 0.924228
vt 0.531943 0.923875
vt 0.525458 0.804197
vt 0.524441 0.764023
vt 0.574279 0.744440
vt 0.611759 0.641362
vt 0.614975 0.750634
vt 0.514845 0.728932
vt 0.516594 0.641362
vt 0.394892 0.640489
vt 0.401411 0.917683
vt 0.367771 0.918277
vt 0.299739 0.640478
vt 0.391303 0.592772
vt 0.303443 0.592772
vt 0.360925 0.023881
vt 0.405108 0.016371
vt 0.381607 0.082547
vt 0.318023 0.013456
vt 0.322624 0.029169
vt 0.296344 0.097310
vt 0.304579 0.098967
vt 0.764778 0.066780
vt 0.763277 0.080587
vt 0.752066 0.050129
vt 0.676563 0.050130
vt 0.676563 0.080589
vt 0.335659 0.355882
vt 0.322571 0.357799
vt 0.323317 0.341097
vt 0.339194 0.370015
vt 0.321066 0.370265
vt 0.319763 0.388386
vt 0.349733 0.388635
vt 0.212593 0.371082
vt 0.214730 0.388344
vt 0.120571 0.387828
vt 0.120499 0.370899
vt 0.210352 0.359938
vt 0.120464 0.360525
vt 0.208949 0.343611
vt 0.120469 0.344478
vt 0.120589 0.170012
vt 0.207299 0.170247
vt 0.115237 0.371859
vt 0.116868 0.388497
vt 0.073942 0.388493
vt 0.076514 0.371984
vt 0.113425 0.362087
vt 0.079474 0.362530
vt 0.112165 0.346223
vt 0.081524 0.346741
vt 0.080759 0.172287
vt 0.111406 0.171762
vt 0.308667 0.371029
vt 0.311494 0.388283
vt 0.221781 0.388285
vt 0.223990 0.370991
vt 0.305330 0.359958
vt 0.226512 0.360071
vt 0.303058 0.343773
vt 0.228437 0.343939
vt 0.261956 0.329402
vt 0.303065 0.328514
vt 0.227913 0.169482
vt 0.261424 0.169093
vt 0.612378 0.390740
vt 0.558958 0.390023
vt 0.558637 0.373636
vt 0.612778 0.374419
vt 0.613122 0.365048
vt 0.558239 0.364100
vt 0.613279 0.349519
vt 0.558007 0.348596
vt 0.589910 0.304100
vt 0.612863 0.310962
vt 0.558037 0.337083
vt 0.558705 0.177504
vt 0.590495 0.177704
vt 0.072234 0.754560
vt 0.072234 0.660119
vt 0.117717 0.660119
vt 0.117717 0.754560
vt 0.140139 0.754560
vt 0.139704 0.660119
vt 0.154180 0.660119
vt 0.154615 0.754560
vt 0.172873 0.754560
vt 0.180939 0.660119
vt 0.191131 0.754560
vt 0.190726 0.660119
vt 0.215035 0.660119
vt 0.205608 0.754560
vt 0.227812 0.754560
vt 0.227407 0.660119
vt 0.273093 0.660119
vt 0.273093 0.754560
vt 0.647549 0.759772
vt 0.616261 0.752246
vt 0.621027 0.642364
vt 0.714673 0.642351
vt 0.764954 0.925055
vt 0.767448 0.642331
vt 0.644388 0.925055
vt 0.685831 0.492213
vt 0.691338 0.086164
vt 0.727821 0.492213
vt 0.727273 0.325183
vt 0.727804 0.350476
vt 0.726048 0.086164
vt 0.142829 0.872580
vt 0.112872 0.838493
vt 0.132843 0.838493
vt 0.112872 0.906667
vt 0.102887 0.872580
vt 0.132843 0.906667
vt 0.093236 0.997648
vt 0.071719 0.997846
vt 0.071719 0.779453
vt 0.093236 0.908002
vt 0.100769 0.866888
vt 0.108302 0.842522
vt 0.122621 0.823519
vt 0.175326 0.779453
vt 0.138434 0.842522
vt 0.149733 0.884357
vt 0.153499 0.908002
vt 0.153499 0.997648
vt 0.175326 0.997846
vt 0.941103 0.880065
vt 0.945411 0.877051
vt 0.944486 0.882472
vt 0.951963 0.865847
vt 0.952010 0.869839
vt 0.938474 0.881716
vt 0.941103 0.880065
vt 0.945327 0.870742
vt 0.941103 0.880065
vt 0.948738 0.858408
vt 0.942519 0.858150
vt 0.941103 0.880065
vt 0.943270 0.874588
vt 0.941848 0.859540
vt 0.939418 0.853894
vt 0.937949 0.858297
vt 0.939202 0.868819
vt 0.932584 0.858608
vt 0.935511 0.872110
vt 0.932024 0.871023
vt 0.938474 0.881716
vt 0.931981 0.854983
vt 0.764130 0.600783
vt 0.768067 0.614224
vt 0.731355 0.614224
vt 0.735292 0.600783
vt 0.778548 0.551562
vt 0.712998 0.551563
vt 0.786423 0.551563
vt 0.720873 0.551563
vt 0.764130 0.502342
vt 0.731355 0.488901
vt 0.768067 0.488901
vt 0.735292 0.502342
vt 0.894886 0.426170
vt 0.913489 0.438484
vt 0.901129 0.450462
vt 0.875362 0.429877
vt 0.923046 0.490161
vt 0.927967 0.464710
vt 0.935810 0.500344
vt 0.871563 0.456074
vt 0.858278 0.448979
vt 0.846589 0.480203
vt 0.922802 0.548985
vt 0.935647 0.539225
vt 0.927503 0.574604
vt 0.855559 0.488316
vt 0.842333 0.518161
vt 0.900537 0.587948
vt 0.912793 0.600346
vt 0.894073 0.612014
vt 0.852192 0.518329
vt 0.846253 0.556264
vt 0.868309 0.499845
vt 0.855291 0.548463
vt 0.857662 0.587902
vt 0.887220 0.471360
vt 0.871012 0.581283
vt 0.874577 0.607613
vt 0.905903 0.483717
vt 0.888489 0.497745
vt 0.913775 0.519410
vt 0.900416 0.519247
vt 0.905618 0.554869
vt 0.889546 0.519031
vt 0.886812 0.566576
vt 0.888325 0.540263
vt 0.869817 0.546787
vt 0.878090 0.518814
vn 0.241114 0.969 -0.053877000000000064
vn 0.854708 0.517584 0.03976599999999997
vn 0.241114 0.969 -0.053877000000000064
vn 0.241114 0.969 -0.053877000000000064
vn -0.514507 0.849633 -0.11578500000000005
vn 0.241114 0.969 -0.053877000000000064
vn -0.967213 0.234303 -0.09798500000000002
vn -0.5145 0.849637 -0.11578400000000005
vn -0.967213 0.234303 -0.09798500000000002
vn -0.967213 0.234303 -0.09798500000000002
vn -0.855168 -0.517842 -0.02297299999999997
vn -0.967213 0.234303 -0.09798500000000002
vn -0.241813 -0.967437 0.07477900000000005
vn -0.855156 -0.517862 -0.022970999999999967
vn -0.241813 -0.967437 0.07477900000000005
vn -0.241813 -0.967437 0.07477900000000005
vn 0.513682 -0.848293 0.12856900000000004
vn -0.241813 -0.967437 0.07477900000000005
vn 0.965141 -0.233252 0.11872800000000001
vn 0.513698 -0.848283 0.12856900000000004
vn 0.965141 -0.233252 0.11872800000000001
vn 0.965141 -0.233252 0.11872800000000001
vn 0.854716 0.51757 0.039768999999999964
vn 0.965141 -0.233252 0.11872800000000001
vn 0.982833 0.184486 -0.0020910000000000113
vn 0.982833 0.184486 -0.0020910000000000113
vn 0.982833 0.184486 -0.0020910000000000113
vn 0.000549 -0.998295 0.05837000000000006
vn 0.000549 -0.998295 0.05837000000000006
vn 0.000549 -0.998295 0.05837000000000006
vn -0.02941 -0.998404 0.04821200000000006
vn -0.02941 -0.998404 0.04821200000000006
vn -0.02941 -0.998404 0.04821200000000006
vn -0.861249 -0.505745 0.04971200000000003
vn -0.861249 -0.505745 0.04971200000000003
vn -0.861249 -0.505745 0.04971200000000003
vn -0.846422 -0.529344 0.057997000000000035
vn -0.846422 -0.529344 0.057997000000000035
vn -0.846422 -0.529344 0.057997000000000035
vn -0.244197 -0.969726 1.0000000000593784E-06
vn -0.244197 -0.969726 1.0000000000593784E-06
vn -0.244197 -0.969726 1.0000000000593784E-06
vn 0.277251 0.960798 -5.883190976635894E-17
vn 0.277251 0.960798 -5.883190976635894E-17
vn 0.277251 0.960798 -5.883190976635894E-17
vn 0.71771 -0.696342 1.0000000000426385E-06
vn 0.71771 -0.696342 1.0000000000426385E-06
vn 0.71771 -0.696342 1.0000000000426385E-06
vn -0.69345 0.720505 -4.411820710098318E-17
vn -0.69345 0.720505 -4.411820710098318E-17
vn -0.69345 0.720505 -4.411820710098318E-17
vn -0.71771 0.696342 9.999999999573614E-07
vn -0.71771 0.696342 9.999999999573614E-07
vn -0.71771 0.696342 9.999999999573614E-07
vn 0.693449 -0.720505 4.411820710098318E-17
vn 0.693449 -0.720505 4.411820710098318E-17
vn 0.693449 -0.720505 4.411820710098318E-17
vn -0.961906 -0.27338 1.6739697097545172E-17
vn -0.961906 -0.27338 1.6739697097545172E-17
vn -0.961906 -0.27338 1.6739697097545172E-17
vn 0.9707 0.240295 -1.4713825130055662E-17
vn 0.9707 0.240295 -1.4713825130055662E-17
vn 0.9707 0.240295 -1.4713825130055662E-17
vn 0.258499 -0.964755 0.04924800000000006
vn 0.258499 -0.964755 0.04924800000000006
vn 0.258499 -0.964755 0.04924800000000006
vn 0.302352 -0.951167 0.06216300000000006
vn 0.302352 -0.951167 0.06216300000000006
vn 0.302352 -0.951167 0.06216300000000006
vn 0.956096 0.293053 9.999999999820556E-07
vn 0.956096 0.293053 9.999999999820556E-07
vn 0.956096 0.293053 9.999999999820556E-07
vn -0.258323 0.964059 0.06212699999999994
vn -0.258323 0.964059 0.06212699999999994
vn -0.258323 0.964059 0.06212699999999994
vn -0.222481 0.97364 0.05026699999999994
vn -0.222481 0.97364 0.05026699999999994
vn -0.222481 0.97364 0.05026699999999994
vn 0.706247 0.70625 0.04924899999999996
vn 0.706247 0.70625 0.04924899999999996
vn 0.706247 0.70625 0.04924899999999996
vn 0.672666 0.737347 0.06196399999999995
vn 0.672666 0.737347 0.06196399999999995
vn 0.672666 0.737347 0.06196399999999995
vn -0.682192 0.731173 -4.477143370364838E-17
vn -0.682192 0.731173 -4.477143370364838E-17
vn -0.682192 0.731173 -4.477143370364838E-17
vn -0.70574 -0.705741 0.06212700000000004
vn -0.70574 -0.705741 0.06212700000000004
vn -0.70574 -0.705741 0.06212700000000004
vn -0.730995 -0.680678 0.04820800000000004
vn -0.730995 -0.680678 0.04820800000000004
vn -0.730995 -0.680678 0.04820800000000004
vn -0.258501 0.964755 0.04924699999999994
vn -0.258501 0.964755 0.04924699999999994
vn -0.258501 0.964755 0.04924699999999994
vn -0.302352 0.951168 0.062160999999999945
vn -0.302352 0.951168 0.062160999999999945
vn -0.302352 0.951168 0.062160999999999945
vn -0.956096 -0.293053 1.7944320921526467E-17
vn -0.956096 -0.293053 1.7944320921526467E-17
vn -0.956096 -0.293053 1.7944320921526467E-17
vn 0.25832 -0.96406 0.062127000000000064
vn 0.25832 -0.96406 0.062127000000000064
vn 0.25832 -0.96406 0.062127000000000064
vn 0.222481 -0.97364 0.05026800000000006
vn 0.222481 -0.97364 0.05026800000000006
vn 0.222481 -0.97364 0.05026800000000006
vn -0.706246 -0.706251 0.049250000000000044
vn -0.706246 -0.706251 0.049250000000000044
vn -0.706246 -0.706251 0.049250000000000044
vn -0.672668 -0.737345 0.061963000000000046
vn -0.672668 -0.737345 0.061963000000000046
vn -0.672668 -0.737345 0.061963000000000046
vn 0.682193 -0.731172 1.0000000000447714E-06
vn 0.682193 -0.731172 1.0000000000447714E-06
vn 0.682193 -0.731172 1.0000000000447714E-06
vn 0.705741 0.705741 0.06212799999999996
vn 0.705741 0.705741 0.06212799999999996
vn 0.705741 0.705741 0.06212799999999996
vn 0.730996 0.680677 0.04820799999999996
vn 0.730996 0.680677 0.04820799999999996
vn 0.730996 0.680677 0.04820799999999996
vn -0.706253 -0.706245 0.04924700000000004
vn -0.706253 -0.706245 0.04924700000000004
vn -0.706253 -0.706245 0.04924700000000004
vn -0.672558 -0.737429 0.06216200000000005
vn -0.672558 -0.737429 0.06216200000000005
vn -0.672558 -0.737429 0.06216200000000005
vn 0.731837 -0.68148 1.0000000000417286E-06
vn 0.731837 -0.68148 1.0000000000417286E-06
vn 0.731837 -0.68148 1.0000000000417286E-06
vn 0.70574 0.705742 0.06212599999999996
vn 0.70574 0.705742 0.06212599999999996
vn 0.70574 0.705742 0.06212599999999996
vn 0.731956 0.679495 0.05026699999999996
vn 0.731956 0.679495 0.05026699999999996
vn 0.731956 0.679495 0.05026699999999996
vn 0.964755 -0.2585 0.049250000000000016
vn 0.964755 -0.2585 0.049250000000000016
vn 0.964755 -0.2585 0.049250000000000016
vn 0.974894 -0.213872 0.06196400000000001
vn 0.974894 -0.213872 0.06196400000000001
vn 0.974894 -0.213872 0.06196400000000001
vn 0.29212 0.956382 -5.85615077531072E-17
vn 0.29212 0.956382 -5.85615077531072E-17
vn 0.29212 0.956382 -5.85615077531072E-17
vn -0.964061 0.258316 0.06212699999999999
vn -0.964061 0.258316 0.06212699999999999
vn -0.964061 0.258316 0.06212699999999999
vn -0.954982 0.29272 0.04820699999999998
vn -0.954982 0.29272 0.04820699999999998
vn -0.954982 0.29272 0.04820699999999998
vn 0.706253 0.706244 0.04924699999999996
vn 0.706253 0.706244 0.04924699999999996
vn 0.706253 0.706244 0.04924699999999996
vn 0.67256 0.737428 0.06216199999999995
vn 0.67256 0.737428 0.06216199999999995
vn 0.67256 0.737428 0.06216199999999995
vn -0.731843 0.681474 -4.172824764010717E-17
vn -0.731843 0.681474 -4.172824764010717E-17
vn -0.731843 0.681474 -4.172824764010717E-17
vn -0.705741 -0.705741 0.06212600000000004
vn -0.705741 -0.705741 0.06212600000000004
vn -0.705741 -0.705741 0.06212600000000004
vn -0.731957 -0.679494 0.05026700000000004
vn -0.731957 -0.679494 0.05026700000000004
vn -0.731957 -0.679494 0.05026700000000004
vn -0.964753 0.258507 0.04924899999999999
vn -0.964753 0.258507 0.04924899999999999
vn -0.964753 0.258507 0.04924899999999999
vn -0.974894 0.213876 0.061963999999999984
vn -0.974894 0.213876 0.061963999999999984
vn -0.974894 0.213876 0.061963999999999984
vn -0.292115 -0.956383 5.856156898544716E-17
vn -0.292115 -0.956383 5.856156898544716E-17
vn -0.292115 -0.956383 5.856156898544716E-17
vn 0.964061 -0.258316 0.06212800000000002
vn 0.964061 -0.258316 0.06212800000000002
vn 0.964061 -0.258316 0.06212800000000002
vn 0.954981 -0.292723 0.04820700000000002
vn 0.954981 -0.292723 0.04820700000000002
vn 0.954981 -0.292723 0.04820700000000002
vn 0.244198 0.969725 9.999999999406215E-07
vn 0.244198 0.969725 9.999999999406215E-07
vn 0.244198 0.969725 9.999999999406215E-07
vn -0.277251 -0.960797 5.883184853401898E-17
vn -0.277251 -0.960797 5.883184853401898E-17
vn -0.277251 -0.960797 5.883184853401898E-17
vn 0.961906 0.273381 1.99999999998326E-06
vn 0.961906 0.273381 1.99999999998326E-06
vn 0.961906 0.273381 1.99999999998326E-06
vn -0.9707 -0.240296 1.471388636239562E-17
vn -0.9707 -0.240296 1.471388636239562E-17
vn -0.9707 -0.240296 1.471388636239562E-17
vn -0.974912 0.213737 0.06216299999999999
vn -0.974912 0.213737 0.06216299999999999
vn -0.974912 0.213737 0.06216299999999999
vn -0.964753 0.258509 0.049247999999999986
vn -0.964753 0.258509 0.049247999999999986
vn -0.964753 0.258509 0.049247999999999986
vn -0.224264 -0.974528 5.967262979397359E-17
vn -0.224264 -0.974528 5.967262979397359E-17
vn -0.224264 -0.974528 5.967262979397359E-17
vn 0.954439 -0.294143 0.05026700000000002
vn 0.954439 -0.294143 0.05026700000000002
vn 0.954439 -0.294143 0.05026700000000002
vn 0.964061 -0.258316 0.062126000000000015
vn 0.964061 -0.258316 0.062126000000000015
vn 0.964061 -0.258316 0.062126000000000015
vn 0.302229 -0.951219 0.061964000000000054
vn 0.302229 -0.951219 0.061964000000000054
vn 0.302229 -0.951219 0.061964000000000054
vn 0.258507 -0.964753 0.049249000000000064
vn 0.258507 -0.964753 0.049249000000000064
vn 0.258507 -0.964753 0.049249000000000064
vn 0.97431 0.22521 -1.00000000001379E-06
vn 0.97431 0.22521 -1.00000000001379E-06
vn 0.97431 0.22521 -1.00000000001379E-06
vn -0.223988 0.973399 0.04820799999999994
vn -0.223988 0.973399 0.04820799999999994
vn -0.223988 0.973399 0.04820799999999994
vn -0.258321 0.964059 0.06212699999999994
vn -0.258321 0.964059 0.06212699999999994
vn -0.258321 0.964059 0.06212699999999994
vn 0.974911 -0.213737 0.062162000000000016
vn 0.974911 -0.213737 0.062162000000000016
vn 0.974911 -0.213737 0.062162000000000016
vn 0.964753 -0.258509 0.04924700000000001
vn 0.964753 -0.258509 0.04924700000000001
vn 0.964753 -0.258509 0.04924700000000001
vn 0.224257 0.97453 -1.0000000000596728E-06
vn 0.224257 0.97453 -1.0000000000596728E-06
vn 0.224257 0.97453 -1.0000000000596728E-06
vn -0.954438 0.294144 0.05026699999999998
vn -0.954438 0.294144 0.05026699999999998
vn -0.954438 0.294144 0.05026699999999998
vn -0.96406 0.258318 0.06212599999999999
vn -0.96406 0.258318 0.06212599999999999
vn -0.96406 0.258318 0.06212599999999999
vn -0.302227 0.95122 0.06196399999999994
vn -0.302227 0.95122 0.06196399999999994
vn -0.302227 0.95122 0.06196399999999994
vn -0.258506 0.964754 0.04924999999999994
vn -0.258506 0.964754 0.04924999999999994
vn -0.258506 0.964754 0.04924999999999994
vn -0.974313 -0.225199 -9.999999999862105E-07
vn -0.974313 -0.225199 -9.999999999862105E-07
vn -0.974313 -0.225199 -9.999999999862105E-07
vn 0.223986 -0.973399 0.04820700000000006
vn 0.223986 -0.973399 0.04820700000000006
vn 0.223986 -0.973399 0.04820700000000006
vn 0.25832 -0.96406 0.062127000000000064
vn 0.25832 -0.96406 0.062127000000000064
vn 0.25832 -0.96406 0.062127000000000064
vn 1E-06 -0.998871 0.04749900000000006
vn 1E-06 -0.998871 0.04749900000000006
vn 1E-06 -0.998871 0.04749900000000006
vn 0.035809 -0.997632 0.058728000000000065
vn 0.035809 -0.997632 0.058728000000000065
vn 0.035809 -0.997632 0.058728000000000065
vn 0.981409 0.19193 4.299999999998825E-05
vn 0.981409 0.19193 4.299999999998825E-05
vn 0.981409 0.19193 4.299999999998825E-05
vn 0 0.998295 0.05836399999999994
vn 0 0.998295 0.05836399999999994
vn 0 0.998295 0.05836399999999994
vn 0.029458 0.998399 0.048287999999999935
vn 0.029458 0.998399 0.048287999999999935
vn 0.029458 0.998399 0.048287999999999935
vn 0.865048 0.499434 0.04751399999999997
vn 0.865048 0.499434 0.04751399999999997
vn 0.865048 0.499434 0.04751399999999997
vn 0.846418 0.529351 0.05799899999999997
vn 0.846418 0.529351 0.05799899999999997
vn 0.846418 0.529351 0.05799899999999997
vn -0.350039 0.936735 -1.4000000000057357E-05
vn -0.350039 0.936735 -1.4000000000057357E-05
vn -0.350039 0.936735 -1.4000000000057357E-05
vn -0.864551 -0.499148 0.058335000000000026
vn -0.864551 -0.499148 0.058335000000000026
vn -0.864551 -0.499148 0.058335000000000026
vn -0.878904 -0.474708 0.046686000000000026
vn -0.878904 -0.474708 0.046686000000000026
vn -0.878904 -0.474708 0.046686000000000026
vn 2E-06 0.998871 0.04749899999999994
vn 2E-06 0.998871 0.04749899999999994
vn 2E-06 0.998871 0.04749899999999994
vn -0.035811 0.997631 0.05872899999999994
vn -0.035811 0.997631 0.05872899999999994
vn -0.035811 0.997631 0.05872899999999994
vn -0.981411 -0.191919 4.300000000001175E-05
vn -0.981411 -0.191919 4.300000000001175E-05
vn -0.981411 -0.191919 4.300000000001175E-05
vn 0.350038 -0.936736 -1.1999999999942641E-05
vn 0.350038 -0.936736 -1.1999999999942641E-05
vn 0.350038 -0.936736 -1.1999999999942641E-05
vn 0.864552 0.499147 0.05833499999999997
vn 0.864552 0.499147 0.05833499999999997
vn 0.864552 0.499147 0.05833499999999997
vn 0.878907 0.474703 0.04668499999999997
vn 0.878907 0.474703 0.04668499999999997
vn 0.878907 0.474703 0.04668499999999997
vn -0.865048 -0.499436 0.04750000000000003
vn -0.865048 -0.499436 0.04750000000000003
vn -0.865048 -0.499436 0.04750000000000003
vn -0.846071 -0.529825 0.058727000000000036
vn -0.846071 -0.529825 0.058727000000000036
vn -0.846071 -0.529825 0.058727000000000036
vn 0.656927 -0.753954 4.4000000000046166E-05
vn 0.656927 -0.753954 4.4000000000046166E-05
vn 0.656927 -0.753954 4.4000000000046166E-05
vn 0.864549 0.499148 0.05836299999999997
vn 0.864549 0.499148 0.05836299999999997
vn 0.864549 0.499148 0.05836299999999997
vn 0.879369 0.473687 0.04828699999999997
vn 0.879369 0.473687 0.04828699999999997
vn 0.879369 0.473687 0.04828699999999997
vn 0.865045 -0.49944 0.04751300000000003
vn 0.865045 -0.49944 0.04751300000000003
vn 0.865045 -0.49944 0.04751300000000003
vn 0.881638 -0.468348 0.05799700000000003
vn 0.881638 -0.468348 0.05799700000000003
vn 0.881638 -0.468348 0.05799700000000003
vn 0.636222 0.771506 -1.300000000004724E-05
vn 0.636222 0.771506 -1.300000000004724E-05
vn 0.636222 0.771506 -1.300000000004724E-05
vn -0.864551 0.499148 0.05833699999999997
vn -0.864551 0.499148 0.05833699999999997
vn -0.864551 0.499148 0.05833699999999997
vn -0.85056 0.523802 0.046685999999999964
vn -0.85056 0.523802 0.046685999999999964
vn -0.85056 0.523802 0.046685999999999964
vn 0.865048 0.499435 0.04749999999999997
vn 0.865048 0.499435 0.04749999999999997
vn 0.865048 0.499435 0.04749999999999997
vn 0.84607 0.529827 0.05872799999999997
vn 0.84607 0.529827 0.05872799999999997
vn 0.84607 0.529827 0.05872799999999997
vn -0.656925 0.753956 4.2999999999953835E-05
vn -0.656925 0.753956 4.2999999999953835E-05
vn -0.656925 0.753956 4.2999999999953835E-05
vn -0.864549 -0.499149 0.05836400000000003
vn -0.864549 -0.499149 0.05836400000000003
vn -0.864549 -0.499149 0.05836400000000003
vn -0.879368 -0.473687 0.048287000000000024
vn -0.879368 -0.473687 0.048287000000000024
vn -0.879368 -0.473687 0.048287000000000024
vn -0.865047 0.499437 0.04751199999999997
vn -0.865047 0.499437 0.04751199999999997
vn -0.865047 0.499437 0.04751199999999997
vn -0.881641 0.468344 0.05799699999999997
vn -0.881641 0.468344 0.05799699999999997
vn -0.881641 0.468344 0.05799699999999997
vn -0.636225 -0.771504 -1.3999999999952759E-05
vn -0.636225 -0.771504 -1.3999999999952759E-05
vn -0.636225 -0.771504 -1.3999999999952759E-05
vn 0.864552 -0.499147 0.058335000000000026
vn 0.864552 -0.499147 0.058335000000000026
vn 0.864552 -0.499147 0.058335000000000026
vn 0.850562 -0.523798 0.04668500000000003
vn 0.850562 -0.523798 0.04668500000000003
vn 0.850562 -0.523798 0.04668500000000003
vn -0.86505 0.499432 0.04749999999999997
vn -0.86505 0.499432 0.04749999999999997
vn -0.86505 0.499432 0.04749999999999997
vn -0.881881 0.4678 0.058728999999999976
vn -0.881881 0.4678 0.058728999999999976
vn -0.881881 0.4678 0.058728999999999976
vn -0.324482 -0.945892 4.500000000005792E-05
vn -0.324482 -0.945892 4.500000000005792E-05
vn -0.324482 -0.945892 4.500000000005792E-05
vn 0.864546 -0.499153 0.05836100000000003
vn 0.864546 -0.499153 0.05836100000000003
vn 0.864546 -0.499153 0.05836100000000003
vn 0.849912 -0.524708 0.04828900000000003
vn 0.849912 -0.524708 0.04828900000000003
vn 0.849912 -0.524708 0.04828900000000003
vn 0 -0.998871 0.04751400000000006
vn 0 -0.998871 0.04751400000000006
vn 0 -0.998871 0.04751400000000006
vn 0.03522 -0.997695 0.05799700000000006
vn 0.03522 -0.997695 0.05799700000000006
vn 0.03522 -0.997695 0.05799700000000006
vn 0.986255 -0.16523 -1.3999999999989883E-05
vn 0.986255 -0.16523 -1.3999999999989883E-05
vn 0.986255 -0.16523 -1.3999999999989883E-05
vn -1E-06 0.998297 0.058334999999999936
vn -1E-06 0.998297 0.058334999999999936
vn -1E-06 0.998297 0.058334999999999936
vn 0.028344 0.998508 0.046684999999999935
vn 0.028344 0.998508 0.046684999999999935
vn 0.028344 0.998508 0.046684999999999935
vn 0.865049 -0.499433 0.04750100000000003
vn 0.865049 -0.499433 0.04750100000000003
vn 0.865049 -0.499433 0.04750100000000003
vn 0.881878 -0.467806 0.05872800000000003
vn 0.881878 -0.467806 0.05872800000000003
vn 0.881878 -0.467806 0.05872800000000003
vn 0.324494 0.945888 4.4999999999942086E-05
vn 0.324494 0.945888 4.4999999999942086E-05
vn 0.324494 0.945888 4.4999999999942086E-05
vn -0.864551 0.499145 0.05836399999999997
vn -0.864551 0.499145 0.05836399999999997
vn -0.864551 0.499145 0.05836399999999997
vn -0.849909 0.524712 0.04828699999999996
vn -0.849909 0.524712 0.04828699999999996
vn -0.849909 0.524712 0.04828699999999996
vn 1E-06 0.998871 0.04751399999999994
vn 1E-06 0.998871 0.04751399999999994
vn 1E-06 0.998871 0.04751399999999994
vn -0.035222 0.997695 0.05799899999999994
vn -0.035222 0.997695 0.05799899999999994
vn -0.035222 0.997695 0.05799899999999994
vn -0.986253 0.165241 -1.2000000000010119E-05
vn -0.986253 0.165241 -1.2000000000010119E-05
vn -0.986253 0.165241 -1.2000000000010119E-05
vn 2E-06 -0.998297 0.05833400000000006
vn 2E-06 -0.998297 0.05833400000000006
vn 2E-06 -0.998297 0.05833400000000006
vn -0.028343 -0.998508 0.046684000000000066
vn -0.028343 -0.998508 0.046684000000000066
vn -0.028343 -0.998508 0.046684000000000066
vn 7.8E-05 -0.994635 0.10345100000000006
vn 7.8E-05 -0.994635 0.10345100000000006
vn 7.8E-05 -0.994635 0.10345100000000006
vn -0.74762 0.34375100000000003 0.568242
vn -0.74762 0.34375100000000003 0.568242
vn -0.74762 0.34375100000000003 0.568242
vn 0.01113 0.991041 0.13309099999999993
vn 0.01113 0.991041 0.13309099999999993
vn 0.01113 0.991041 0.13309099999999993
vn -0.990994 -0.007263999999999992 0.133712
vn -0.990994 -0.007263999999999992 0.133712
vn -0.990994 -0.007263999999999992 0.133712
vn -0.377543 0.739149 0.557782
vn -0.377543 0.739149 0.557782
vn -0.377543 0.739149 0.557782
vn 0.994661 -0.0001249999999999937 0.103194
vn 0.994661 -0.0001249999999999937 0.103194
vn 0.994661 -0.0001249999999999937 0.103194
vn -7.5E-05 0.994634 0.10345199999999995
vn -7.5E-05 0.994634 0.10345199999999995
vn -7.5E-05 0.994634 0.10345199999999995
vn 0.55319 -0.552984 0.623048
vn 0.761001 -0.27873599999999993 0.585818
vn 0.761001 -0.27873599999999993 0.585818
vn 3.7E-05 -0.989438 0.14495600000000006
vn 3.7E-05 -0.989438 0.14495600000000006
vn -0.698159 -0.694431 0.17418400000000006
vn 0.989424 2.6000000000008882E-05 0.145054
vn 0.989424 2.6000000000008882E-05 0.145054
vn 0.989424 2.6000000000008882E-05 0.145054
vn 0.55319 -0.552984 0.623048
vn 0.279116 -0.760994 0.585647
vn 0.279116 -0.760994 0.585647
vn -0.698159 -0.694431 0.17418400000000006
vn -0.994661 0.00012400000000000632 0.103194
vn -0.994661 0.00012400000000000632 0.103194
vn 0.994635 7.600000000000633E-05 0.103452
vn 0.994635 7.600000000000633E-05 0.103452
vn 0.994635 7.600000000000633E-05 0.103452
vn -0.559379 -0.559581 0.611526
vn -0.303619 -0.756334 0.57946
vn -0.303619 -0.756334 0.57946
vn -0.989673 -3.799999999999123E-05 0.143344
vn -0.989673 -3.799999999999123E-05 0.143344
vn -0.694653 0.698215 0.17306699999999994
vn 2.6E-05 -0.989659 0.14344000000000007
vn 2.6E-05 -0.989659 0.14344000000000007
vn 2.6E-05 -0.989659 0.14344000000000007
vn -0.559379 -0.559581 0.611526
vn -0.756319 -0.30398699999999995 0.579288
vn -0.756319 -0.30398699999999995 0.579288
vn -0.694653 0.698215 0.17306699999999994
vn 0.000124 0.994661 0.10319299999999994
vn 0.000124 0.994661 0.10319299999999994
vn -0.994635 -7.499999999999366E-05 0.103452
vn -0.994635 -7.499999999999366E-05 0.103452
vn -0.994635 -7.499999999999366E-05 0.103452
vn 0.278746 0.760998 0.585817
vn 0.278746 0.760998 0.585817
vn 0.278746 0.760998 0.585817
vn 0.989438 4.2000000000008875E-05 0.144957
vn 0.989438 4.2000000000008875E-05 0.144957
vn 0.694432 -0.698157 0.17418600000000006
vn -2.5E-05 0.989424 0.14505299999999993
vn -2.5E-05 0.989424 0.14505299999999993
vn -2.5E-05 0.989424 0.14505299999999993
vn 0.760994 0.27911700000000006 0.585646
vn 0.760994 0.27911700000000006 0.585646
vn 0.760994 0.27911700000000006 0.585646
vn 0.694432 -0.698157 0.17418600000000006
vn -0.000126 -0.994661 0.10319300000000005
vn -0.000126 -0.994661 0.10319300000000005
vn 0.899551 -0.42668 0.09355300000000003
vn 0.899551 -0.42668 0.09355300000000003
vn 0.899551 -0.42668 0.09355300000000003
vn 0.903731 -0.41687 0.09741700000000003
vn 0.903731 -0.41687 0.09741700000000003
vn 0.903731 -0.41687 0.09741700000000003
vn 0.418663 0.897827 0.13648299999999994
vn 0.418663 0.897827 0.13648299999999994
vn 0.418663 0.897827 0.13648299999999994
vn 0.394632 0.906561 0.14970899999999995
vn 0.394632 0.906561 0.14970899999999995
vn 0.394632 0.906561 0.14970899999999995
vn -0.905174 0.414522 0.09397799999999998
vn -0.905174 0.414522 0.09397799999999998
vn -0.905174 0.414522 0.09397799999999998
vn -0.904061 0.417024 0.09362299999999997
vn -0.904061 0.417024 0.09362299999999997
vn -0.904061 0.417024 0.09362299999999997
vn -0.945965 -0.32427 1.9855810877975613E-17
vn -0.945965 -0.32427 1.9855810877975613E-17
vn -0.945965 -0.32427 1.9855810877975613E-17
vn -0.945965 -0.32427 1.9855810877975613E-17
vn -0.945965 -0.32427 1.9855810877975613E-17
vn -0.945965 -0.32427 1.9855810877975613E-17
vn 0.341634 -0.938632 0.04750100000000006
vn 0.341634 -0.938632 0.04750100000000006
vn 0.341634 -0.938632 0.04750100000000006
vn 0.374855 -0.925221 0.05872700000000006
vn 0.374855 -0.925221 0.05872700000000006
vn 0.374855 -0.925221 0.05872700000000006
vn 0.856578 0.516017 4.59999999999684E-05
vn 0.856578 0.516017 4.59999999999684E-05
vn 0.856578 0.516017 4.59999999999684E-05
vn -0.341435 0.938091 0.058364999999999945
vn -0.341435 0.938091 0.058364999999999945
vn -0.341435 0.938091 0.058364999999999945
vn -0.313786 0.948265 0.04828799999999994
vn -0.313786 0.948265 0.04828799999999994
vn -0.313786 0.948265 0.04828799999999994
vn 0.64206 0.76518 0.04751399999999995
vn 0.64206 0.76518 0.04751399999999995
vn 0.64206 0.76518 0.04751399999999995
vn 0.614329 0.786915 0.05799499999999995
vn 0.614329 0.786915 0.05799499999999995
vn 0.614329 0.786915 0.05799499999999995
vn -0.649291 0.76054 -1.400000000004657E-05
vn -0.649291 0.76054 -1.400000000004657E-05
vn -0.649291 0.76054 -1.400000000004657E-05
vn -0.641693 -0.76474 0.05833800000000005
vn -0.641693 -0.76474 0.05833800000000005
vn -0.641693 -0.76474 0.05833800000000005
vn -0.663543 -0.74668 0.04668700000000005
vn -0.663543 -0.74668 0.04668700000000005
vn -0.663543 -0.74668 0.04668700000000005
vn -0.64206 -0.765182 0.04749900000000005
vn -0.64206 -0.765182 0.04749900000000005
vn -0.64206 -0.765182 0.04749900000000005
vn -0.613832 -0.787249 0.05872800000000005
vn -0.613832 -0.787249 0.05872800000000005
vn -0.613832 -0.787249 0.05872800000000005
vn 0.875165 -0.483825 4.800000000002963E-05
vn 0.875165 -0.483825 4.800000000002963E-05
vn 0.875165 -0.483825 4.800000000002963E-05
vn 0.641695 0.764736 0.05836299999999995
vn 0.641695 0.764736 0.05836299999999995
vn 0.641695 0.764736 0.05836299999999995
vn 0.664324 0.745883 0.04828899999999995
vn 0.664324 0.745883 0.04828899999999995
vn 0.664324 0.745883 0.04828899999999995
vn 0.983696 -0.173449 0.047514000000000015
vn 0.983696 -0.173449 0.047514000000000015
vn 0.983696 -0.173449 0.047514000000000015
vn 0.988654 -0.138559 0.05799700000000001
vn 0.988654 -0.138559 0.05799700000000001
vn 0.988654 -0.138559 0.05799700000000001
vn 0.333993 0.942576 -1.4000000000057717E-05
vn 0.333993 0.942576 -1.4000000000057717E-05
vn 0.333993 0.942576 -1.4000000000057717E-05
vn -0.98313 0.173355 0.058334999999999984
vn -0.98313 0.173355 0.058334999999999984
vn -0.98313 0.173355 0.058334999999999984
vn -0.978417 0.201299 0.046686999999999985
vn -0.978417 0.201299 0.046686999999999985
vn -0.978417 0.201299 0.046686999999999985
vn -0.983696 0.173452 0.04749999999999999
vn -0.983696 0.173452 0.04749999999999999
vn -0.983696 0.173452 0.04749999999999999
vn -0.988693 0.137976 0.058726999999999994
vn -0.988693 0.137976 0.058726999999999994
vn -0.988693 0.137976 0.058726999999999994
vn 0.018594 -0.999827 4.700000000006122E-05
vn 0.018594 -0.999827 4.700000000006122E-05
vn 0.018594 -0.999827 4.700000000006122E-05
vn 0.983129 -0.173354 0.058365000000000014
vn 0.983129 -0.173354 0.058365000000000014
vn 0.983129 -0.173354 0.058365000000000014
vn 0.978115 -0.202386 0.04828800000000001
vn 0.978115 -0.202386 0.04828800000000001
vn 0.978115 -0.202386 0.04828800000000001
vn 0.341638 -0.93863 0.047513000000000055
vn 0.341638 -0.93863 0.047513000000000055
vn 0.341638 -0.93863 0.047513000000000055
vn 0.374328 -0.925481 0.05799500000000005
vn 0.374328 -0.925481 0.05799500000000005
vn 0.374328 -0.925481 0.05799500000000005
vn 0.983289 0.182054 -1.4000000000011147E-05
vn 0.983289 0.182054 -1.4000000000011147E-05
vn 0.983289 0.182054 -1.4000000000011147E-05
vn -0.341434 0.938094 0.05833599999999994
vn -0.341434 0.938094 0.05833599999999994
vn -0.341434 0.938094 0.05833599999999994
vn -0.314875 0.947984 0.046687999999999945
vn -0.314875 0.947984 0.046687999999999945
vn -0.314875 0.947984 0.046687999999999945
vn 0.983697 -0.17345 0.04749900000000001
vn 0.983697 -0.17345 0.04749900000000001
vn 0.983697 -0.17345 0.04749900000000001
vn 0.988693 -0.137972 0.05872700000000001
vn 0.988693 -0.137972 0.05872700000000001
vn 0.988693 -0.137972 0.05872700000000001
vn -0.018594 0.999827 4.3999999999938775E-05
vn -0.018594 0.999827 4.3999999999938775E-05
vn -0.018594 0.999827 4.3999999999938775E-05
vn -0.983128 0.173356 0.058363999999999985
vn -0.983128 0.173356 0.058363999999999985
vn -0.983128 0.173356 0.058363999999999985
vn -0.978115 0.202382 0.048288999999999985
vn -0.978115 0.202382 0.048288999999999985
vn -0.978115 0.202382 0.048288999999999985
vn -0.341632 0.938632 0.047512999999999944
vn -0.341632 0.938632 0.047512999999999944
vn -0.341632 0.938632 0.047512999999999944
vn -0.374329 0.925481 0.057997999999999945
vn -0.374329 0.925481 0.057997999999999945
vn -0.374329 0.925481 0.057997999999999945
vn -0.983291 -0.182042 -1.3999999999988853E-05
vn -0.983291 -0.182042 -1.3999999999988853E-05
vn -0.983291 -0.182042 -1.3999999999988853E-05
vn 0.341436 -0.938093 0.05833400000000005
vn 0.341436 -0.938093 0.05833400000000005
vn 0.341436 -0.938093 0.05833400000000005
vn 0.314876 -0.947984 0.046686000000000054
vn 0.314876 -0.947984 0.046686000000000054
vn 0.314876 -0.947984 0.046686000000000054
vn -0.518227 -0.855144 -0.013073999999999949
vn -0.518227 -0.855144 -0.013073999999999949
vn -0.518227 -0.855144 -0.013073999999999949
vn -0.504512 -0.863402 0.0021030000000000527
vn -0.504512 -0.863402 0.0021030000000000527
vn -0.504512 -0.863402 0.0021030000000000527
vn -0.001208 -0.002052999999999939 0.999997
vn -0.001208 -0.002052999999999939 0.999997
vn -0.001208 -0.002052999999999939 0.999997
vn 0.211184 0.38145899999999994 -0.899939
vn 0.211184 0.38145899999999994 -0.899939
vn 0.211184 0.38145899999999994 -0.899939
vn 0.158193 0.25966399999999995 -0.952654
vn 0.158193 0.25966399999999995 -0.952654
vn 0.158193 0.25966399999999995 -0.952654
vn 0.879061 0.409916 0.24335399999999996
vn 0.879061 0.409916 0.24335399999999996
vn 0.879061 0.409916 0.24335399999999996
vn -0.409918 0.879061 0.24335099999999996
vn -0.409918 0.879061 0.24335099999999996
vn -0.409918 0.879061 0.24335099999999996
vn -0.879064 -0.409912 0.24334900000000004
vn -0.879064 -0.409912 0.24334900000000004
vn -0.879064 -0.409912 0.24334900000000004
vn 0.409907 -0.879065 0.24335200000000007
vn 0.409907 -0.879065 0.24335200000000007
vn 0.409907 -0.879065 0.24335200000000007
vn -0.789924 -0.03521299999999997 0.612193
vn -0.616978 -0.762244 0.19576200000000005
vn 0.04818 -0.35967999999999994 0.931831
vn -0.616978 -0.762244 0.19576200000000005
vn 0.485943 -0.868777 -0.09531899999999995
vn 0.04818 -0.35967999999999994 0.931831
vn -0.889844 -0.456264 2.7938112358308396E-17
vn 0.236415 -0.956335 0.17184500000000005
vn -0.616978 -0.762244 0.19576200000000005
vn -0.616978 -0.762244 0.19576200000000005
vn -0.789924 -0.03521299999999997 0.612193
vn -0.889844 -0.456264 2.7938112358308396E-17
vn 0.694083 0.580138 0.42624899999999993
vn -0.201704 -0.506406 0.838372
vn 0.108299 0.657477 0.745651
vn -0.18268 -0.918619 -0.35038199999999997
vn 0.609936 -0.753078 -0.24668099999999996
vn 0.661563 -0.740136 -0.12055199999999996
vn -0.18268 -0.918619 -0.35038199999999997
vn -0.187659 -0.973221 -0.13276099999999993
vn -0.859692 -0.505552 -0.07311799999999997
vn 0.877529 -0.427788 -0.21665499999999996
vn 0.944237 0.257883 -0.20472600000000002
vn 0.910977 0.409101 -0.05250500000000003
vn 0.910977 0.409101 -0.05250500000000003
vn 0.90429 -0.422901 -0.05843399999999997
vn 0.877529 -0.427788 -0.21665499999999996
vn -0.928562 -0.010978999999999977 0.371015
vn -0.928562 -0.010978999999999977 0.371015
vn -0.928562 -0.010978999999999977 0.371015
vn -0.943345 -0.21179199999999998 0.25543
vn -0.943345 -0.21179199999999998 0.25543
vn -0.943345 -0.21179199999999998 0.25543
vn 0.843886 -0.24143499999999998 0.479131
vn 0.866593 -0.495683 -0.05757099999999997
vn 0.531114 0.845398 -0.05675000000000005
vn 0.531114 0.845398 -0.05675000000000005
vn 0.340986 0.568057 0.749026
vn 0.843886 -0.24143499999999998 0.479131
vn 0.971483 -0.020281000000000014 -0.236241
vn 0.236849 0.952315 -0.19234900000000005
vn 0.531114 0.845398 -0.05675000000000005
vn 0.531114 0.845398 -0.05675000000000005
vn 0.866593 -0.495683 -0.05757099999999997
vn 0.971483 -0.020281000000000014 -0.236241
vn -0.799776 0.600299 0.00012199999999996324
vn -0.809219 0.33034100000000005 0.485839
vn -0.518484 0.621238 0.587569
vn 0.236849 0.952315 -0.19234900000000005
vn -0.816864 0.534447 -0.21702300000000002
vn -0.799776 0.600299 0.00012199999999996324
vn -0.971752 0.013781000000000014 0.2356
vn -0.971752 0.013781000000000014 0.2356
vn -0.971752 0.013781000000000014 0.2356
vn -0.821721 0.351466 0.448604
vn -0.821721 0.351466 0.448604
vn -0.821721 0.351466 0.448604
vn 0.56679 0.823843 -0.00565800000000005
vn 0.554615 0.585412 0.591349
vn 0.630594 -0.60598 0.48491200000000007
vn 0.146876 0.989093 0.01108099999999994
vn -0.859605 0.508967 0.04506799999999997
vn -0.445388 0.834755 0.32374899999999995
vn -0.859605 0.508967 0.04506799999999997
vn -0.525828 -0.850264 -0.023574999999999947
vn -0.933117 -0.11722799999999998 0.339928
vn -0.525828 -0.850264 -0.023574999999999947
vn -0.460202 -0.695785 0.55145
vn -0.933117 -0.11722799999999998 0.339928
vn 0.171175 -0.792219 0.585737
vn 0.892547 -0.22868099999999997 0.388671
vn 0.729309 0.33402600000000005 0.597105
vn 0.491092 -0.871031 0.011551000000000054
vn 0.089028 -0.544091 0.83429
vn -0.402591 -0.712995 0.574072
vn -0.402591 -0.712995 0.574072
vn -0.252149 -0.967592 0.01363600000000006
vn 0.491092 -0.871031 0.011551000000000054
vn -0.957065 0.28478 0.05410999999999998
vn -0.772086 0.34804900000000005 0.531738
vn -0.41907 0.700002 0.578255
vn -0.770197 -0.27299299999999993 0.57643
vn -0.07999 -0.919389 0.38513100000000006
vn 0.437025 -0.68213 0.586266
vn 0.002516 -0.006912999999999938 0.999973
vn 0.002516 -0.006912999999999938 0.999973
vn 0.002516 -0.006912999999999938 0.999973
vn 0.732391 0.680883 0.0010589999999999584
vn 0.732391 0.680883 0.0010589999999999584
vn 0.732391 0.680883 0.0010589999999999584
vn 0.730897 0.682488 5.99999999995821E-06
vn 0.730897 0.682488 5.99999999995821E-06
vn 0.730897 0.682488 5.99999999995821E-06
vn -0.006767 0.0011930000000000612 0.999976
vn -0.006767 0.0011930000000000612 0.999976
vn -0.006767 0.0011930000000000612 0.999976
vn 0.732571 0.68069 -0.0001520000000000417
vn 0.732571 0.68069 -0.0001520000000000417
vn 0.732571 0.68069 -0.0001520000000000417
vn 0.997768 -0.066158 -0.009067999999999996
vn 0.997768 -0.066158 -0.009067999999999996
vn 0.997768 -0.066158 -0.009067999999999996
vn 0.994806 -0.093995 -0.039064999999999996
vn 0.994806 -0.093995 -0.039064999999999996
vn 0.994806 -0.093995 -0.039064999999999996
vn 0.012654 -0.990924 -0.13382399999999994
vn 0.012654 -0.990924 -0.13382399999999994
vn 0.012654 -0.990924 -0.13382399999999994
vn -0.00208 0.999997 -0.001006000000000061
vn -0.00208 0.999997 -0.001006000000000061
vn -0.00208 0.999997 -0.001006000000000061
vn 2E-06 -1 6.123233995736766E-17
vn 2E-06 -1 6.123233995736766E-17
vn 2E-06 -1 6.123233995736766E-17
vn -0.900135 5.999999999973327E-06 -0.435611
vn -0.900135 5.999999999973327E-06 -0.435611
vn -0.900135 5.999999999973327E-06 -0.435611
vn -0.900135 5.999999999973327E-06 -0.435611
vn -0.900135 5.999999999973327E-06 -0.435611
vn -0.900135 5.999999999973327E-06 -0.435611
vn -0.002077 0.999997 -0.0010050000000000612
vn -0.002077 0.999997 -0.0010050000000000612
vn -0.002077 0.999997 -0.0010050000000000612
vn 2E-06 -1 -9.999999999387675E-07
vn 2E-06 -1 -9.999999999387675E-07
vn 2E-06 -1 -9.999999999387675E-07
vn 0.999989 0.004578 -0.0009150000000000003
vn 0.999989 0.004578 -0.0009150000000000003
vn 0.999989 0.004578 -0.0009150000000000003
vn -1 -1E-06 -1E-06
vn -1 -1E-06 -1E-06
vn -1 -1E-06 -1E-06
vn 0.999989 0.00458 -0.0009150000000000003
vn 0.999989 0.00458 -0.0009150000000000003
vn 0.999989 0.00458 -0.0009150000000000003
vn -1 0 -0
vn -1 0 -0
vn -1 0 -0
vn 0.999989 0.004581 -0.0009160000000000004
vn 0.999989 0.004581 -0.0009160000000000004
vn 0.999989 0.004581 -0.0009160000000000004
vn -1 2E-06 -1.0000000000000002E-06
vn -1 2E-06 -1.0000000000000002E-06
vn -1 2E-06 -1.0000000000000002E-06
vn 0.999989 0.004577 -0.0009150000000000003
vn 0.999989 0.004577 -0.0009150000000000003
vn 0.999989 0.004577 -0.0009150000000000003
vn -1 -4E-06 -9.999999999999997E-07
vn -1 -4E-06 -9.999999999999997E-07
vn -1 -4E-06 -9.999999999999997E-07
vn -0.400909 0.915682 0.028267999999999946
vn -0.400909 0.915682 0.028267999999999946
vn -0.400909 0.915682 0.028267999999999946
vn -0.031506 0.02011300000000006 0.999301
vn -0.031506 0.02011300000000006 0.999301
vn -0.031506 0.02011300000000006 0.999301
vn 0.009819 0.010321000000000061 0.999899
vn 0.009819 0.010321000000000061 0.999899
vn 0.009819 0.010321000000000061 0.999899
vn -0.010878 0.03841400000000006 0.999203
vn -0.010878 0.03841400000000006 0.999203
vn -0.010878 0.03841400000000006 0.999203
vn -0.011357 0.04054100000000006 0.999113
vn -0.011357 0.04054100000000006 0.999113
vn -0.011357 0.04054100000000006 0.999113
vn 0.342019 -0.939693 5.753960123155869E-17
vn 0.342019 -0.939693 5.753960123155869E-17
vn 0.342019 -0.939693 5.753960123155869E-17
vn 0.333472 -0.942402 -0.02597299999999994
vn 0.333472 -0.942402 -0.02597299999999994
vn 0.333472 -0.942402 -0.02597299999999994
vn -0.984643 0.173618 -0.01829900000000001
vn -0.984643 0.173618 -0.01829900000000001
vn -0.984643 0.173618 -0.01829900000000001
vn -0.985864 0.167546 -3.0000000000102593E-06
vn -0.985864 0.167546 -3.0000000000102593E-06
vn -0.985864 0.167546 -3.0000000000102593E-06
vn -1 -0.000241 -9.999999999999851E-07
vn -1 -0.000241 -9.999999999999851E-07
vn -1 -0.000241 -9.999999999999851E-07
vn 1 0.000285 -1.0000000000000173E-06
vn 1 0.000285 -1.0000000000000173E-06
vn 1 0.000285 -1.0000000000000173E-06
vn -1 -0.000244 1.000000000000015E-06
vn -1 -0.000244 1.000000000000015E-06
vn -1 -0.000244 1.000000000000015E-06
vn 1 0.000288 -1.0000000000000175E-06
vn 1 0.000288 -1.0000000000000175E-06
vn 1 0.000288 -1.0000000000000175E-06
vn -1 -0.000217 1.0000000000000133E-06
vn -1 -0.000217 1.0000000000000133E-06
vn -1 -0.000217 1.0000000000000133E-06
vn 1 0.000258 9.99999999999984E-07
vn 1 0.000258 9.99999999999984E-07
vn 1 0.000258 9.99999999999984E-07
vn -1 -0.000242 1.0000000000000148E-06
vn -1 -0.000242 1.0000000000000148E-06
vn -1 -0.000242 1.0000000000000148E-06
vn 1 0.000293 -1.7941075607508725E-20
vn 1 0.000293 -1.7941075607508725E-20
vn 1 0.000293 -1.7941075607508725E-20
vn -1 -0.000216 1.3226185430791414E-20
vn -1 -0.000216 1.3226185430791414E-20
vn -1 -0.000216 1.3226185430791414E-20
vn 1 0.000256 -1.567547902908612E-20
vn 1 0.000256 -1.567547902908612E-20
vn 1 0.000256 -1.567547902908612E-20
vn -1 -0.000242 1.4818226269682973E-20
vn -1 -0.000242 1.4818226269682973E-20
vn -1 -0.000242 1.4818226269682973E-20
vn 1 0.000285 -1.7451216887849783E-20
vn 1 0.000285 -1.7451216887849783E-20
vn 1 0.000285 -1.7451216887849783E-20
vn -1 -0.00022 1.3471114790620885E-20
vn -1 -0.00022 1.3471114790620885E-20
vn -1 -0.00022 1.3471114790620885E-20
vn 1 0.000258 -1.5797943709000856E-20
vn 1 0.000258 -1.5797943709000856E-20
vn 1 0.000258 -1.5797943709000856E-20
vn -1 -0.000249 1.5246852649384547E-20
vn -1 -0.000249 1.5246852649384547E-20
vn -1 -0.000249 1.5246852649384547E-20
vn 1 0.000292 -1.0000000000000177E-06
vn 1 0.000292 -1.0000000000000177E-06
vn 1 0.000292 -1.0000000000000177E-06
vn -1 -0.000238 1.0000000000000146E-06
vn -1 -0.000238 1.0000000000000146E-06
vn -1 -0.000238 1.0000000000000146E-06
vn 1 0.000332 9.999999999999796E-07
vn 1 0.000332 9.999999999999796E-07
vn 1 0.000332 9.999999999999796E-07
vn -1 -0.000191 1.1695376931857224E-20
vn -1 -0.000191 1.1695376931857224E-20
vn -1 -0.000191 1.1695376931857224E-20
vn 1 0.000273 -1.0000000000000167E-06
vn 1 0.000273 -1.0000000000000167E-06
vn 1 0.000273 -1.0000000000000167E-06
vn -1 -0.000242 -9.999999999999851E-07
vn -1 -0.000242 -9.999999999999851E-07
vn -1 -0.000242 -9.999999999999851E-07
vn 1 0.000336 -1.0000000000000205E-06
vn 1 0.000336 -1.0000000000000205E-06
vn 1 0.000336 -1.0000000000000205E-06
vn -1 -0.000193 1.0000000000000118E-06
vn -1 -0.000193 1.0000000000000118E-06
vn -1 -0.000193 1.0000000000000118E-06
vn 1 0.000257 -1.0000000000000156E-06
vn 1 0.000257 -1.0000000000000156E-06
vn 1 0.000257 -1.0000000000000156E-06
vn -1 -0.000238 1.4573296909853503E-20
vn -1 -0.000238 1.4573296909853503E-20
vn -1 -0.000238 1.4573296909853503E-20
vn 1 0.000325 -1.9900510486144488E-20
vn 1 0.000325 -1.9900510486144488E-20
vn 1 0.000325 -1.9900510486144488E-20
vn -1 -0.000198 1.2124003311558796E-20
vn -1 -0.000198 1.2124003311558796E-20
vn -1 -0.000198 1.2124003311558796E-20
vn 1 0.00026 9.99999999999984E-07
vn 1 0.00026 9.99999999999984E-07
vn 1 0.00026 9.99999999999984E-07
vn -0.958809 0.12962799999999997 -0.252748
vn -0.825378 -0.515332 -0.23061799999999996
vn -0.859692 -0.505552 -0.07311799999999997
vn -0.859692 -0.505552 -0.07311799999999997
vn -0.18268 -0.918619 -0.35038199999999997
vn -0.187659 -0.973221 -0.13276099999999993
vn -0.24571 -0.851978 0.46234100000000006
vn -0.794154 -0.30124599999999996 0.527798
vn -0.316874 0.19012700000000005 0.929216
vn 0.338846 -0.593801 0.729784
vn -0.931317 0.18541100000000002 0.313484
vn 0.810927 0.07760300000000005 0.579978
vn -0.98984 0.135152 -0.04417700000000001
vn -0.958809 0.12962799999999997 -0.252748
vn -0.574038 0.670428 0.47011499999999995
vn -0.65339 0.755575 -0.04677800000000005
vn -0.609944 0.753084 -0.24664400000000006
vn 0.113186 0.930162 -0.34926700000000005
vn -0.609944 0.753084 -0.24664400000000006
vn 0.179163 0.855434 0.48593499999999995
vn 0.106841 0.992305 -0.06257700000000005
vn 0.113186 0.930162 -0.34926700000000005
vn 0.910977 0.409101 -0.05250500000000003
vn 0.944237 0.257883 -0.20472600000000002
vn 0.880468 0.21411400000000003 0.423003
vn 0.90429 -0.422901 -0.05843399999999997
vn 0.910977 0.409101 -0.05250500000000003
vn 0.880468 0.21411400000000003 0.423003
vn 0.90429 -0.422901 -0.05843399999999997
vn 0.661563 -0.740136 -0.12055199999999996
vn 0.338846 -0.593801 0.729784
vn 0.877529 -0.427788 -0.21665499999999996
vn 0.609936 -0.753078 -0.24668099999999996
vn 0.338846 -0.593801 0.729784
vn -0.24571 -0.851978 0.46234100000000006
vn -0.24571 -0.851978 0.46234100000000006
vn -0.187659 -0.973221 -0.13276099999999993
vn -0.18268 -0.918619 -0.35038199999999997
vn -0.445388 0.834755 0.32374899999999995
vn -0.347476 0.4911380000000001 0.798776
vn 0.146876 0.989093 0.01108099999999994
vn 0.56679 0.823843 -0.00565800000000005
vn -0.347476 0.4911380000000001 0.798776
vn -0.347476 0.4911380000000001 0.798776
vn 0.554615 0.585412 0.591349
vn 0.630594 -0.60598 0.48491200000000007
vn 0.820478 -0.571514 0.013699000000000034
vn 0.694083 0.580138 0.42624899999999993
vn -0.136784 -0.16730399999999995 0.976371
vn -0.201704 -0.506406 0.838372
vn 0.947363 -0.07334899999999998 0.311646
vn 0.971804 -0.235789 1.4437912206207763E-17
vn 0.456268 -0.889842 -9.999999999455129E-07
vn 0.108299 0.657477 0.745651
vn -0.201704 -0.506406 0.838372
vn -0.201704 -0.506406 0.838372
vn 0.456268 -0.889842 -9.999999999455129E-07
vn 0.340986 0.568057 0.749026
vn 0.531114 0.845398 -0.05675000000000005
vn -0.518484 0.621238 0.587569
vn -0.799776 0.600299 0.00012199999999996324
vn -0.518484 0.621238 0.587569
vn -0.799776 0.600299 0.00012199999999996324
vn 0.236849 0.952315 -0.19234900000000005
vn 0.532083 -0.846692 2.0000000000518447E-06
vn 0.974163 0.221856 0.04227599999999999
vn 0.892547 -0.22868099999999997 0.388671
vn 0.892547 -0.22868099999999997 0.388671
vn 0.171175 -0.792219 0.585737
vn -0.396218 -0.912104 0.10524900000000005
vn 0.21501 -0.725832 0.653406
vn 0.729309 0.33402600000000005 0.597105
vn 0.21501 -0.725832 0.653406
vn 0.974163 0.221856 0.04227599999999999
vn 0.835663 0.538686 0.10716699999999997
vn 0.892547 -0.22868099999999997 0.388671
vn -0.402591 -0.712995 0.574072
vn 0.089028 -0.544091 0.83429
vn -0.41907 0.700002 0.578255
vn -0.772086 0.34804900000000005 0.531738
vn -0.402591 -0.712995 0.574072
vn -0.444482 0.887747 0.11975899999999995
vn -0.957065 0.28478 0.05410999999999998
vn -0.07999 -0.919389 0.38513100000000006
vn -0.770197 -0.27299299999999993 0.57643
vn -0.741435 -0.671025 4.1088430919892635E-17
vn -0.741435 -0.671025 4.1088430919892635E-17
vn 0.366289 -0.930501 -9.999999999430232E-07
vn 0.437025 -0.68213 0.586266
vn 0.675834 -0.737054 4.513154109493766E-17
vn -0.724921 -0.28463199999999994 0.627275
vn -0.770197 -0.27299299999999993 0.57643
vn -0.963289 0.256001 0.08085599999999998
vn -0.741435 -0.671025 4.1088430919892635E-17
vn 0.33452 0.802609 0.49387699999999995
vn 0.421177 0.905339 0.054514999999999945
vn -0.544628 0.835562 -0.07221700000000006
vn 0.421177 0.905339 0.054514999999999945
vn -0.076385 0.994093 -0.07710300000000006
vn -0.076385 0.994093 -0.07710300000000006
vn -0.471543 0.876561 -0.09637200000000005
vn -0.258757 0.706493 0.65872
vn 0.33452 0.802609 0.49387699999999995
vn 0.33452 0.802609 0.49387699999999995
vn 0.465918 -0.16298999999999994 0.869686
vn 0.795534 -0.27725199999999994 0.538755
vn 0.491012 -0.799825 0.34523500000000007
vn 0.903149 -0.409275 0.12967900000000002
vn 0.795534 -0.27725199999999994 0.538755
vn 0.428424 -0.903578 1.0000000000553281E-06
vn 0.344805 -0.938634 0.008687000000000058
vn 0.421177 0.905339 0.054514999999999945
vn 0.970098 0.009801000000000016 0.242517
vn -0.076385 0.994093 -0.07710300000000006
vn -0.548267 0.836271 0.007359999999999949
vn -0.548284 0.83626 0.007362999999999949
vn -0.548267 0.836271 0.007359999999999949
vn -0.54825 0.836282 0.0073559999999999485
vn -0.825374 -0.541139 0.16101500000000002
vn -0.825372 -0.541143 0.16101500000000002
vn -0.825374 -0.541139 0.16101500000000002
vn -0.825377 -0.541136 0.16101500000000002
vn 0.548286 -0.836252 0.008046000000000051
vn 0.548285 -0.836253 0.008046000000000051
vn 0.548286 -0.836252 0.008046000000000051
vn 0.548287 -0.836252 0.008046000000000051
vn 0.827191 0.542342 -0.14704100000000003
vn 0.827187 0.542348 -0.14704000000000003
vn 0.827191 0.542342 -0.14704100000000003
vn 0.827194 0.542336 -0.14704100000000003
vn -0.547888 0.83564 0.03906299999999995
vn -0.547885 0.835641 0.03906299999999995
vn -0.547888 0.83564 0.03906299999999995
vn -0.54789 0.835638 0.03906299999999995
vn -0.830726 -0.544654 -0.11509299999999997
vn -0.830725 -0.544655 -0.11509299999999997
vn -0.830726 -0.544654 -0.11509299999999997
vn -0.830726 -0.544654 -0.11509299999999997
vn 0.548153 -0.836043 -0.023675999999999947
vn 0.548161 -0.836038 -0.02367499999999995
vn 0.548153 -0.836043 -0.023675999999999947
vn 0.548145 -0.836048 -0.02367799999999995
vn 0.829265 0.543702 0.12925599999999998
vn 0.829259 0.543712 0.12925699999999998
vn 0.829265 0.543702 0.12925599999999998
vn 0.829272 0.543692 0.12925599999999998
vn 0.855375 0.517956 0.007359999999999968
vn 0.855366 0.517972 0.007363999999999968
vn 0.855375 0.517956 0.007359999999999968
vn 0.855385 0.517941 0.007356999999999968
vn -0.511219 0.844233 0.16101499999999994
vn -0.511223 0.844231 0.16101499999999994
vn -0.511219 0.844233 0.16101499999999994
vn -0.511215 0.844235 0.16101499999999994
vn -0.855361 -0.51797 0.00804600000000003
vn -0.855361 -0.517971 0.00804600000000003
vn -0.855361 -0.51797 0.00804600000000003
vn -0.855362 -0.517969 0.008047000000000032
vn 0.512357 -0.84609 -0.14704099999999995
vn 0.512362 -0.846087 -0.14704099999999995
vn 0.512357 -0.84609 -0.14704099999999995
vn 0.512352 -0.846093 -0.14704099999999995
vn 0.98716 -0.122444 -0.10257799999999999
vn 0.987162 -0.122429 -0.10257499999999999
vn 0.98716 -0.122444 -0.10257799999999999
vn 0.987158 -0.122459 -0.10257999999999999
vn 0.122029 0.983912 0.13048499999999993
vn 0.122022 0.983913 0.13048599999999994
vn 0.122029 0.983912 0.13048499999999993
vn 0.122036 0.983911 0.13048399999999993
vn -0.9855 0.12221000000000001 0.11770399999999999
vn -0.9855 0.12221300000000002 0.11770499999999999
vn -0.9855 0.12221000000000001 0.11770399999999999
vn -0.985501 0.12220700000000001 0.11770399999999999
vn -0.122234 -0.98566 -0.11632899999999995
vn -0.122232 -0.985661 -0.11632899999999995
vn -0.122234 -0.98566 -0.11632899999999995
vn -0.122237 -0.98566 -0.11632899999999995
vn 0.990041 -0.122781 -0.06886799999999998
vn 0.990042 -0.122778 -0.06886799999999998
vn 0.990041 -0.122781 -0.06886799999999998
vn 0.990041 -0.122785 -0.06886799999999998
vn 0.123021 0.991897 -0.03171300000000006
vn 0.123021 0.991897 -0.03171300000000006
vn 0.123021 0.991897 -0.03171300000000006
vn 0.123021 0.991897 -0.03171300000000006
vn -0.988879 0.122631 0.08414199999999998
vn -0.98888 0.122622 0.08414299999999998
vn -0.988879 0.122631 0.08414199999999998
vn -0.988878 0.122641 0.08414199999999998
vn -0.122942 -0.99134 0.04616600000000006
vn -0.122932 -0.991341 0.04616500000000006
vn -0.122942 -0.99134 0.04616600000000006
vn -0.122952 -0.991338 0.04616600000000006
vn 0.54517 0.836262 -0.058778000000000045
vn 0.54516 0.836269 -0.05877700000000005
vn 0.54517 0.836262 -0.058778000000000045
vn 0.54518 0.836256 -0.058779000000000046
vn -0.836331 0.545214 0.057378999999999965
vn -0.836335 0.545207 0.057378999999999965
vn -0.836331 0.545214 0.057378999999999965
vn -0.836326 0.545221 0.057377999999999964
vn -0.544569 -0.835356 0.07499500000000006
vn -0.54457 -0.835356 0.07499500000000006
vn -0.544569 -0.835356 0.07499500000000006
vn -0.544568 -0.835357 0.07499500000000006
vn 0.836975 -0.545621 -0.042085999999999964
vn 0.836975 -0.545621 -0.042085999999999964
vn 0.836975 -0.545621 -0.042085999999999964
vn 0.836975 -0.545621 -0.042085999999999964
vn -0.837573 0.546025 -0.018144000000000035
vn -0.837579 0.546015 -0.018142000000000033
vn -0.837573 0.546025 -0.018144000000000035
vn -0.837566 0.546035 -0.018145000000000036
vn -0.544395 -0.835083 0.07919300000000006
vn -0.544384 -0.83509 0.07919400000000006
vn -0.544395 -0.835083 0.07919300000000006
vn -0.544406 -0.835076 0.07919300000000006
vn 0.837218 -0.545783 0.03445300000000003
vn 0.837218 -0.545783 0.03445300000000003
vn 0.837218 -0.545783 0.03445300000000003
vn 0.837219 -0.545782 0.03445300000000003
vn 0.544983 0.836004 -0.06396200000000006
vn 0.544979 0.836007 -0.06396200000000006
vn 0.544983 0.836004 -0.06396200000000006
vn 0.544986 0.836002 -0.06396200000000006
vn 0.013116 0.999914 -6.122707397613132E-17
vn 0.013115 0.999914 9.999999999387728E-07
vn 0.013116 0.999914 -6.122707397613132E-17
vn 0.013117 0.999914 -1.000000000061227E-06
vn -0.999891 0.014768 -9.042791964904056E-19
vn -0.999891 0.014768 -1.0000000000009042E-06
vn -0.999891 0.014768 -9.042791964904056E-19
vn -0.999891 0.014768 -9.042791964904056E-19
vn -0.01311 -0.999914 6.122707397613132E-17
vn -0.01311 -0.999914 1.000000000061227E-06
vn -0.01311 -0.999914 6.122707397613132E-17
vn -0.01311 -0.999914 6.122707397613132E-17
vn 0.999891 -0.014768 2.000000000000904E-06
vn 0.999891 -0.014769 9.043404288303629E-19
vn 0.999891 -0.014768 2.000000000000904E-06
vn 0.999891 -0.014768 4.0000000000009045E-06
vn -0 6.123233995736766E-17 1
vn -0 6.123233995736766E-17 1
vn -0 6.123233995736766E-17 1
vn -0 6.123233995736766E-17 1
vn -0.998187 -0.060192 3.6856970067138745E-18
vn -0.998187 -0.060193 1.0000000000036858E-06
vn -0.998187 -0.060192 3.6856970067138745E-18
vn -0.998187 -0.060191 -9.999999999963143E-07
vn 0.044855 -0.998994 -9.999999999388291E-07
vn 0.044855 -0.998994 -1.9999999999388293E-06
vn 0.044855 -0.998994 -9.999999999388291E-07
vn 0.044855 -0.998994 6.117074022337056E-17
vn 0.998186 0.060198 -3.686064400753619E-18
vn 0.998186 0.060199 9.999999999963139E-07
vn 0.998186 0.060198 -3.686064400753619E-18
vn 0.998186 0.060198 -3.686064400753619E-18
vn -0.044855 0.998994 1.9999999999388293E-06
vn -0.044855 0.998994 -6.117074022337056E-17
vn -0.044855 0.998994 1.9999999999388293E-06
vn -0.044856 0.998994 2.9999999999388295E-06
vn 0 6.123233995736766E-17 1
vn 0 6.123233995736766E-17 1
vn 0 6.123233995736766E-17 1
vn 0 6.123233995736766E-17 1
vn 0.641687 0.766967 -4.69631840800824E-17
vn 0.641686 0.766967 9.999999999530368E-07
vn 0.641687 0.766967 -4.69631840800824E-17
vn 0.641687 0.766966 -1.000000000046963E-06
vn -0.76625 0.642542 -3.934435018088693E-17
vn -0.76625 0.642542 -1.0000000000393442E-06
vn -0.76625 0.642542 -3.934435018088693E-17
vn -0.766251 0.642542 -3.934435018088693E-17
vn -0.641683 -0.76697 4.696336777710228E-17
vn -0.641682 -0.766971 1.0000000000469635E-06
vn -0.641683 -0.76697 4.696336777710228E-17
vn -0.641683 -0.76697 4.696336777710228E-17
vn 0.76625 -0.642542 2.000000000039344E-06
vn 0.76625 -0.642543 3.9344411413226886E-17
vn 0.76625 -0.642542 2.000000000039344E-06
vn 0.766251 -0.642542 4.0000000000393445E-06
vn 0 6.123233995736766E-17 1
vn 0 6.123233995736766E-17 1
vn 0 6.123233995736766E-17 1
vn 0 6.123233995736766E-17 1
vn -0.69466 0.719339 -4.404681019259289E-17
vn -0.69466 0.719338 -4.404674896025294E-17
vn -0.69466 0.719339 -4.404681019259289E-17
vn -0.694659 0.719339 -4.404681019259289E-17
vn -0.720693 -0.693255 4.2449625837144916E-17
vn -0.720693 -0.693255 4.2449625837144916E-17
vn -0.720693 -0.693255 4.2449625837144916E-17
vn -0.720693 -0.693255 4.2449625837144916E-17
vn 0.694664 -0.719334 4.404650403089311E-17
vn 0.694664 -0.719334 4.404650403089311E-17
vn 0.694664 -0.719334 4.404650403089311E-17
vn 0.694664 -0.719334 4.404650403089311E-17
vn 0.720692 0.693255 1.9999999999575504E-06
vn 0.720693 0.693255 -4.2449625837144916E-17
vn 0.720692 0.693255 1.9999999999575504E-06
vn 0.720692 0.693256 2.9999999999575506E-06
vn 0 6.123233995736766E-17 1
vn 0 6.123233995736766E-17 1
vn 0 6.123233995736766E-17 1
vn 0 6.123233995736766E-17 1
vn -0.714661 -0.699471 -9.999999999571697E-07
vn -0.714659 -0.699473 1.0000000000428304E-06
vn -0.714661 -0.699471 -9.999999999571697E-07
vn -0.714662 -0.69947 -3.99999999995717E-06
vn 0.698667 -0.715447 1.0000000000438085E-06
vn 0.698667 -0.715447 2.0000000000438085E-06
vn 0.698667 -0.715447 1.0000000000438085E-06
vn 0.698667 -0.715447 4.3808493925478827E-17
vn 0.714657 0.699475 -4.283049099167974E-17
vn 0.714657 0.699475 -4.283049099167974E-17
vn 0.714657 0.699475 -4.283049099167974E-17
vn 0.714657 0.699475 -4.283049099167974E-17
vn -0.698667 0.715447 1.9999999999561914E-06
vn -0.698666 0.715448 -4.380855515781878E-17
vn -0.698667 0.715447 1.9999999999561914E-06
vn -0.698667 0.715447 3.999999999956191E-06
vn 0 6.123233995736766E-17 1
vn 0 6.123233995736766E-17 1
vn 0 6.123233995736766E-17 1
vn 0 6.123233995736766E-17 1
vn -0.043216 -0.999066 6.117514895184748E-17
vn -0.043215 -0.999066 6.117514895184748E-17
vn -0.043216 -0.999066 6.117514895184748E-17
vn -0.043216 -0.999066 6.117514895184748E-17
vn 0.999017 -0.044339 2.7149807213697248E-18
vn 0.999017 -0.044339 2.7149807213697248E-18
vn 0.999017 -0.044339 2.7149807213697248E-18
vn 0.999017 -0.044339 2.7149807213697248E-18
vn 0.043209 0.999066 -6.117514895184748E-17
vn 0.043209 0.999066 -6.117514895184748E-17
vn 0.043209 0.999066 -6.117514895184748E-17
vn 0.04321 0.999066 -6.117514895184748E-17
vn -0.999017 0.044339 1.9999999999972847E-06
vn -0.999017 0.04434 -2.715041953709682E-18
vn -0.999017 0.044339 1.9999999999972847E-06
vn -0.999017 0.044338 3.999999999997285E-06
vn 0 6.123233995736766E-17 1
vn 0 6.123233995736766E-17 1
vn 0 6.123233995736766E-17 1
vn 0 6.123233995736766E-17 1
vn -0.545353 -0.836562 0.052479000000000046
vn -0.545355 -0.836561 0.052479000000000046
vn -0.545353 -0.836562 0.052479000000000046
vn -0.545351 -0.836563 0.052479000000000046
vn 0.837716 -0.546101 -0.0024199999999999664
vn 0.837716 -0.546101 -0.0024199999999999664
vn 0.837716 -0.546101 -0.0024199999999999664
vn 0.837715 -0.546102 -0.0024199999999999664
vn 0.545777 0.837212 -0.03469300000000005
vn 0.54578 0.83721 -0.03469300000000005
vn 0.545777 0.837212 -0.03469300000000005
vn 0.545775 0.837213 -0.03469300000000005
vn -0.837561 0.546006 0.019185999999999967
vn -0.837559 0.54601 0.019185999999999967
vn -0.837561 0.546006 0.019185999999999967
vn -0.837563 0.546003 0.019185999999999967
vn -0.546107 -0.837714 -0.0012799999999999487
vn -0.54611 -0.837712 -0.0012809999999999486
vn -0.546107 -0.837714 -0.0012799999999999487
vn -0.546104 -0.837716 -0.0012799999999999487
vn 0.836828 -0.545524 0.046077000000000035
vn 0.836829 -0.545522 0.046078000000000036
vn 0.836828 -0.545524 0.046077000000000035
vn 0.836827 -0.545524 0.046077000000000035
vn 0.546026 0.837584 0.017584999999999948
vn 0.546024 0.837585 0.017584999999999948
vn 0.546026 0.837584 0.017584999999999948
vn 0.546027 0.837583 0.017584999999999948
vn -0.837317 0.54585 -0.030782000000000035
vn -0.837321 0.545845 -0.030781000000000034
vn -0.837317 0.54585 -0.030782000000000035
vn -0.837314 0.545855 -0.030782000000000035
vn -0.54585 -0.83733 -0.030451999999999948
vn -0.545854 -0.837327 -0.03045299999999995
vn -0.54585 -0.83733 -0.030451999999999948
vn -0.545846 -0.837332 -0.030451999999999948
vn 0.835833 -0.544874 0.06705200000000003
vn 0.835833 -0.544873 0.06705200000000003
vn 0.835833 -0.544874 0.06705200000000003
vn 0.835832 -0.544875 0.06705200000000003
vn 0.545407 0.836642 0.05061899999999995
vn 0.545408 0.836641 0.05061899999999995
vn 0.545407 0.836642 0.05061899999999995
vn 0.545405 0.836643 0.05061899999999995
vn -0.836741 0.545478 -0.04814200000000003
vn -0.836742 0.545477 -0.04814200000000003
vn -0.836741 0.545478 -0.04814200000000003
vn -0.83674 0.54548 -0.04814200000000003
vn -0.541978 -0.831381 -0.12274299999999995
vn -0.54198 -0.83138 -0.12274299999999995
vn -0.541978 -0.831381 -0.12274299999999995
vn -0.541975 -0.831382 -0.12274299999999995
vn 0.835429 -0.54461 -0.07387699999999997
vn 0.83543 -0.544609 -0.07387699999999997
vn 0.835429 -0.54461 -0.07387699999999997
vn 0.835429 -0.544611 -0.07387699999999997
vn 0.540625 0.829312 0.14130199999999996
vn 0.540626 0.829311 0.14130199999999996
vn 0.540625 0.829312 0.14130199999999996
vn 0.540624 0.829312 0.14130199999999996
vn -0.834195 0.543808 0.09160699999999997
vn -0.834195 0.543808 0.09160699999999997
vn -0.834195 0.543808 0.09160699999999997
vn -0.834195 0.543808 0.09160699999999997
vn -0.546105 -0.837713 -0.002630999999999949
vn -0.546101 -0.837715 -0.002630999999999949
vn -0.546105 -0.837713 -0.002630999999999949
vn -0.546108 -0.83771 -0.0026319999999999486
vn 0.832645 -0.542803 0.10985100000000003
vn 0.832649 -0.542797 0.10985100000000003
vn 0.832645 -0.542803 0.10985100000000003
vn 0.832642 -0.542808 0.10985100000000003
vn 0.546014 0.837563 0.018885999999999948
vn 0.546014 0.837563 0.018885999999999948
vn 0.546014 0.837563 0.018885999999999948
vn 0.546014 0.837563 0.018885999999999948
vn -0.833938 0.543653 -0.09480700000000003
vn -0.833938 0.543654 -0.09480700000000003
vn -0.833938 0.543653 -0.09480700000000003
vn -0.833938 0.543653 -0.09480700000000003
vn -0.54482 -0.83574 -0.06863199999999994
vn -0.544822 -0.835738 -0.06863199999999994
vn -0.54482 -0.83574 -0.06863199999999994
vn -0.544819 -0.835741 -0.06863199999999994
vn 0.837711 -0.546114 -3.799999999996656E-05
vn 0.837711 -0.546114 -3.799999999996656E-05
vn 0.837711 -0.546114 -3.799999999996656E-05
vn 0.837711 -0.546114 -3.899999999996656E-05
vn 0.544138 0.834701 0.08478099999999994
vn 0.544137 0.834702 0.08478099999999994
vn 0.544138 0.834701 0.08478099999999994
vn 0.54414 0.8347 0.08478099999999994
vn -0.837616 0.546043 0.015351999999999966
vn -0.837621 0.546037 0.015351999999999966
vn -0.837616 0.546043 0.015351999999999966
vn -0.837612 0.54605 0.015352999999999967
vn -0.707107 0.707106 -4.3297754977894416E-17
vn -0.707108 0.707105 -4.329769374555446E-17
vn -0.707107 0.707106 -4.3297754977894416E-17
vn -0.707107 0.707107 -4.329781621023438E-17
vn -0.707107 -0.707107 4.329781621023438E-17
vn -0.707106 -0.707108 4.329787744257433E-17
vn -0.707107 -0.707107 4.329781621023438E-17
vn -0.707108 -0.707105 4.329769374555446E-17
vn 0.707107 -0.707106 4.3297754977894416E-17
vn 0.707108 -0.707105 4.329769374555446E-17
vn 0.707107 -0.707106 4.3297754977894416E-17
vn 0.707107 -0.707107 4.329781621023438E-17
vn 0.707106 0.707108 -4.329787744257433E-17
vn 0.707103 0.707111 -4.329806113959421E-17
vn 0.707106 0.707108 -4.329787744257433E-17
vn 0.707108 0.707105 -4.329769374555446E-17
vn -0.64992 0.759071 0.03761899999999995
vn -0.644424 0.760963 0.07518299999999996
vn -0.64992 0.759071 0.03761899999999995
vn -0.654476 0.756083 -4.629673129198641E-17
vn 0.649671 -0.759303 -0.03723799999999995
vn 0.653485 -0.753272 -0.07442399999999996
vn 0.649671 -0.759303 -0.03723799999999995
vn 0.644926 -0.764245 1.0000000000467964E-06
vn -0.688735 0.724115 0.03608799999999996
vn -0.679624 0.730007 0.07212399999999995
vn -0.688735 0.724115 0.03608799999999996
vn -0.69687 0.717197 -4.391565052040421E-17
vn 0.688573 -0.72429 -0.03565899999999996
vn 0.688862 -0.72138 -0.07127299999999996
vn 0.688573 -0.72429 -0.03565899999999996
vn 0.687405 -0.726275 1.0000000000444715E-06
vn -0.700411 0.712861 0.03541899999999996
vn -0.693976 0.716509 0.07079199999999995
vn -0.700411 0.712861 0.03541899999999996
vn -0.705931 0.708281 -4.3369702977344326E-17
vn 0.700202 -0.713086 -0.03499799999999996
vn 0.702712 -0.708027 -0.06995399999999996
vn 0.700202 -0.713086 -0.03499799999999996
vn 0.696815 -0.717251 1.0000000000439188E-06
vn -0.743619 -0.667578 0.03700600000000004
vn -0.748556 -0.658934 0.07395800000000004
vn -0.743619 -0.667578 0.03700600000000004
vn -0.737594 -0.675245 4.1346831394512723E-17
vn -0.733651 -0.67855 0.036415000000000045
vn -0.736623 -0.672376 0.07278100000000004
vn -0.733651 -0.67855 0.036415000000000045
vn -0.729674 -0.683795 4.1870367901148224E-17
vn -0.707107 -0.707107 1.0000000000432977E-06
vn -0.707108 -0.707106 2.0000000000432977E-06
vn -0.707107 -0.707107 1.0000000000432977E-06
vn -0.707105 -0.707108 4.329787744257433E-17
vn -0.707105 -0.707108 1.0000000000432977E-06
vn -0.707108 -0.707105 -9.999999999567022E-07
vn -0.707105 -0.707108 1.0000000000432977E-06
vn -0.707103 -0.707111 2.000000000043298E-06
vn -0.707107 0.707107 -4.329781621023438E-17
vn -0.707107 0.707107 -4.329781621023438E-17
vn -0.707107 0.707107 -4.329781621023438E-17
vn -0.707107 0.707107 -4.329781621023438E-17
vn -0.707106 -0.707108 4.329787744257433E-17
vn -0.707106 -0.707107 4.329781621023438E-17
vn -0.707106 -0.707108 4.329787744257433E-17
vn -0.707105 -0.707109 4.329793867491429E-17
vn 0.707107 -0.707107 4.329781621023438E-17
vn 0.707107 -0.707107 4.329781621023438E-17
vn 0.707107 -0.707107 4.329781621023438E-17
vn 0.707107 -0.707107 4.329781621023438E-17
vn 0.707106 0.707108 -4.329787744257433E-17
vn 0.707106 0.707107 -4.329781621023438E-17
vn 0.707106 0.707108 -4.329787744257433E-17
vn 0.707105 0.707109 -4.329793867491429E-17
vn -0.707107 0.707107 -4.329781621023438E-17
vn -0.707107 0.707107 -4.329781621023438E-17
vn -0.707107 0.707107 -4.329781621023438E-17
vn -0.707107 0.707107 -4.329781621023438E-17
vn -0.707107 -0.707107 4.329781621023438E-17
vn -0.707105 -0.707108 4.329787744257433E-17
vn -0.707107 -0.707107 4.329781621023438E-17
vn -0.707108 -0.707105 4.329769374555446E-17
vn 0.707107 -0.707107 4.329781621023438E-17
vn 0.707107 -0.707107 4.329781621023438E-17
vn 0.707107 -0.707107 4.329781621023438E-17
vn 0.707107 -0.707107 4.329781621023438E-17
vn 0.707107 0.707107 -4.329781621023438E-17
vn 0.707105 0.707108 -4.329787744257433E-17
vn 0.707107 0.707107 -4.329781621023438E-17
vn 0.707108 0.707105 -4.329769374555446E-17
vn -0.707106 0.707107 -4.329781621023438E-17
vn -0.707106 0.707107 -4.329781621023438E-17
vn -0.707106 0.707107 -4.329781621023438E-17
vn -0.707106 0.707107 -4.329781621023438E-17
vn 0.707106 -0.707107 4.329781621023438E-17
vn 0.707107 -0.707107 -1.999999999956702E-06
vn 0.707106 -0.707107 4.329781621023438E-17
vn 0.707106 -0.707107 4.329781621023438E-17
vn -0.120139 -0.11147199999999995 0.986479
vn -0.120139 -0.11147199999999995 0.986479
vn -0.120139 -0.11147199999999995 0.986479
vn -0.120139 -0.11147199999999995 0.986479
vn 0.281258 0.26433100000000004 0.922509
vn 0.285279 0.26407300000000006 0.921347
vn 0.281258 0.26433100000000004 0.922509
vn 0.277231 0.26458400000000004 0.923655
vn -0.56782 -0.534188 0.626278
vn -0.553806 -0.509673 0.658432
vn -0.56782 -0.534188 0.626278
vn -0.580795 -0.557724 0.592977
vn -0.73269 -0.679447 0.03895700000000004
vn -0.729154 -0.683392 0.03620500000000004
vn -0.73269 -0.679447 0.03895700000000004
vn -0.7362 -0.675478 0.04170700000000004
vn 0.352766 -0.935711 -0.0011979999999999428
vn 0.354457 -0.935072 5.725664658861569E-17
vn 0.352766 -0.935711 -0.0011979999999999428
vn 0.351073 -0.936345 -0.0023949999999999427
vn 0.987433 0.158031 -0.0013240000000000098
vn 0.986795 0.16195 -0.00264900000000001
vn 0.987433 0.158031 -0.0013240000000000098
vn 0.988054 0.15411 -9.43651591082993E-18
vn 0.093707 -0.30744099999999996 0.946942
vn 0.113916 -0.26921599999999996 0.956319
vn 0.093707 -0.30744099999999996 0.946942
vn 0.073316 -0.34506499999999996 0.935711
vn -0.893711 -0.448519 0.010605000000000028
vn -0.889206 -0.457229 0.01593100000000003
vn -0.893711 -0.448519 0.010605000000000028
vn -0.898104 -0.439752 0.0052770000000000265
vn 0.033992 -0.999422 6.119694766487231E-17
vn 0.033993 -0.999422 1.0000000000611968E-06
vn 0.033992 -0.999422 6.119694766487231E-17
vn 0.033992 -0.999422 -9.99999999938803E-07
vn -0.002729 0.00028300000000006125 0.999996
vn -0.00273 0.00024800000000006127 0.999996
vn -0.002729 0.00028300000000006125 0.999996
vn -0.002729 0.00028300000000006125 0.999996
vn 0.964089 -0.258325 0.06164400000000001
vn 0.96409 -0.258324 0.06164300000000002
vn 0.964089 -0.258325 0.06164400000000001
vn 0.964089 -0.258325 0.06164400000000001
vn -0.964089 0.258325 0.061643999999999984
vn -0.964089 0.258327 0.06164299999999999
vn -0.964089 0.258325 0.061643999999999984
vn -0.964089 0.258325 0.061643999999999984
vn 0.705761 0.705763 0.061643999999999956
vn 0.705761 0.705763 0.06164299999999996
vn 0.705761 0.705763 0.061643999999999956
vn 0.705761 0.705763 0.061643999999999956
vn -0.705762 -0.705763 0.061643000000000045
vn -0.705762 -0.705762 0.061643000000000045
vn -0.705762 -0.705763 0.061643000000000045
vn -0.705762 -0.705763 0.061643000000000045
vn -0.705762 -0.705763 0.061643000000000045
vn -0.705762 -0.705762 0.061643000000000045
vn -0.705762 -0.705763 0.061643000000000045
vn -0.705762 -0.705763 0.061643000000000045
vn 0.705762 0.705763 0.06164299999999996
vn 0.705761 0.705763 0.061643999999999956
vn 0.705762 0.705763 0.06164299999999996
vn 0.705762 0.705763 0.06164299999999996
vn 0.258327 -0.964089 0.061643000000000066
vn 0.258328 -0.964089 0.061643000000000066
vn 0.258327 -0.964089 0.061643000000000066
vn 0.258327 -0.964089 0.061643000000000066
vn -0.258327 0.964089 0.061643999999999935
vn -0.258327 0.964089 0.061643999999999935
vn -0.258327 0.964089 0.061643999999999935
vn -0.258327 0.964089 0.061643999999999935
vn -0.964088 0.258329 0.06164299999999999
vn -0.964089 0.258325 0.061644999999999985
vn -0.964088 0.258329 0.06164299999999999
vn -0.964088 0.258329 0.06164299999999999
vn 0.964088 -0.258329 0.06164300000000002
vn 0.964089 -0.258328 0.06164300000000002
vn 0.964088 -0.258329 0.06164300000000002
vn 0.964088 -0.258329 0.06164300000000002
vn -0.258327 0.964089 0.06164299999999994
vn -0.25833 0.964088 0.061643999999999935
vn -0.258327 0.964089 0.06164299999999994
vn -0.258327 0.964089 0.06164299999999994
vn 0.258327 -0.964089 0.06164400000000006
vn 0.258325 -0.964089 0.061643000000000066
vn 0.258327 -0.964089 0.06164400000000006
vn 0.258327 -0.964089 0.06164400000000006
vn -0 6.123233995736766E-17 1
vn 0 6.123233995736766E-17 1
vn -0 6.123233995736766E-17 1
vn -0 6.123233995736766E-17 1
vn -0 6.123233995736766E-17 1
vn -0 6.123233995736766E-17 1
vn -0 6.123233995736766E-17 1
vn -0 -9.999999999387675E-07 1
vn -0.90668 0.412001 0.09048299999999997
vn -0.90639 0.410596 0.09933499999999998
vn -0.90668 0.412001 0.09048299999999997
vn -0.906896 0.413373 0.08162399999999997
vn 0.907396 -0.412326 0.08136300000000003
vn 0.907467 -0.413633 0.07356600000000003
vn 0.907396 -0.412326 0.08136300000000003
vn 0.907268 -0.410994 0.08915500000000003
vn 0.394027 0.844992 0.36156799999999994
vn 0.394027 0.844992 0.36156799999999994
vn 0.394027 0.844992 0.36156799999999994
vn 0.394027 0.844992 0.36156799999999994
vn 1E-06 0.907258 0.42057399999999995
vn 1E-06 0.907258 0.42057399999999995
vn 1E-06 0.907258 0.42057399999999995
vn 0 0.907258 0.42057399999999995
vn -1E-06 6.123233995736766E-17 1
vn -1E-06 6.123233995736766E-17 1
vn -1E-06 6.123233995736766E-17 1
vn -1E-06 6.123233995736766E-17 1
vn -0 1 -6.123233995736766E-17
vn -0 1 -6.123233995736766E-17
vn -0 1 -6.123233995736766E-17
vn 0 1 -6.123233995736766E-17
vn 0 -0.999872 0.01599200000000006
vn -0 -0.999872 0.01599200000000006
vn 0 -0.999872 0.01599200000000006
vn 1E-06 -0.999872 0.01599200000000006
vn 0 6.123233995736766E-17 1
vn -0 6.123233995736766E-17 1
vn 0 6.123233995736766E-17 1
vn 0 6.123233995736766E-17 1
vn 0.945965 0.32427 -1.9855810877975613E-17
vn 0.945965 0.32427 -1.9855810877975613E-17
vn 0.945965 0.32427 -1.9855810877975613E-17
vn 0.945965 0.32427 -1.9855810877975613E-17
vn 0.865915 -0.499935 0.01599200000000003
vn 0.865915 -0.499935 0.01599200000000003
vn 0.865915 -0.499935 0.01599200000000003
vn 0.865915 -0.499935 0.01599200000000003
vn 0.531502 0.846974 -0.011817000000000051
vn 0.561634 0.826121 -0.045728000000000046
vn 0.531502 0.846974 -0.011817000000000051
vn 0.500046 0.865716 0.022122999999999948
vn -0.507256 -0.861795 1.0000000000527697E-06
vn -0.507256 -0.861796 5.276978564589962E-17
vn -0.507256 -0.861795 1.0000000000527697E-06
vn -0.507256 -0.861795 1.0000000000527697E-06
vn -0.402274 0.914813 0.03594399999999994
vn -0.3929 0.916771 0.07183999999999995
vn -0.402274 0.914813 0.03594399999999994
vn -0.411093 0.911593 -2.000000000055819E-06
vn 0.40208 -0.914914 -0.03556399999999994
vn 0.403097 -0.912392 -0.07108799999999994
vn 0.40208 -0.914914 -0.03556399999999994
vn 0.400552 -0.916274 5.000000000056106E-06
vn -0.415304 0.908996 0.03535299999999995
vn -0.408784 0.909892 0.07065999999999995
vn -0.415304 0.908996 0.03535299999999995
vn -0.421288 0.906927 -5.553326238051558E-17
vn 0.415061 -0.909121 -0.03497999999999994
vn 0.418573 -0.905487 -0.06992199999999994
vn 0.415061 -0.909121 -0.03497999999999994
vn 0.41103 -0.911622 5.0000000000558216E-06
vn 0.906308 0.422618 -2.5877889048102807E-17
vn 0.906309 0.422616 -2.587776658342289E-17
vn 0.906308 0.422618 -2.5877889048102807E-17
vn 0.906307 0.422621 9.999999999741218E-07
vn -0.42262 0.906307 9.999999999445047E-07
vn -0.422617 0.906308 -5.549535956208197E-17
vn -0.42262 0.906307 9.999999999445047E-07
vn -0.422623 0.906306 9.999999999445047E-07
vn -0.906309 -0.422616 2.587776658342289E-17
vn -0.906309 -0.422616 2.587776658342289E-17
vn -0.906309 -0.422616 2.587776658342289E-17
vn -0.906309 -0.422617 2.587782781576285E-17
vn 0.422614 -0.90631 5.549548202676188E-17
vn 0.422616 -0.906309 1.0000000000554954E-06
vn 0.422614 -0.90631 5.549548202676188E-17
vn 0.422612 -0.906311 5.549554325910184E-17
vn -0.731011 -0.676893 0.08625400000000004
vn -0.726444 -0.682478 0.08064300000000005
vn -0.731011 -0.676893 0.08625400000000004
vn -0.735517 -0.67125 0.09185700000000004
vn -0.994313 0.065664 0.083845
vn -0.994361 0.066896 0.082291
vn -0.994313 0.065664 0.083845
vn -0.994261 0.064432 0.085398
vn 0.74802 0.659734 0.07222999999999996
vn 0.747394 0.660531 0.07142399999999996
vn 0.74802 0.659734 0.07222999999999996
vn 0.748645 0.658936 0.07303699999999996
vn 0.966243 -0.256745 0.021344000000000016
vn 0.967019 -0.253728 0.022276000000000015
vn 0.966243 -0.256745 0.021344000000000016
vn 0.965458 -0.25976 0.020411000000000016
vn 0.257363 -0.96605 0.02260200000000006
vn 0.267574 -0.963346 0.019211000000000058
vn 0.257363 -0.96605 0.02260200000000006
vn 0.247122 -0.968636 0.02599100000000006
vn 0.974673 0.206565 0.08569599999999998
vn 0.975016 0.203136 0.08988099999999999
vn 0.974673 0.206565 0.08569599999999998
vn 0.974301 0.209988 0.08150899999999998
vn -0.424248 0.90296 0.06839399999999994
vn -0.419191 0.905145 0.07065099999999995
vn -0.424248 0.90296 0.06839399999999994
vn -0.42929 0.900742 0.06613399999999994
vn 0 0.999872 0.015991999999999937
vn -1E-06 0.999872 0.015991999999999937
vn 0 0.999872 0.015991999999999937
vn 1E-06 0.999872 0.015991999999999937
vn -0 -0.998918 0.046517000000000065
vn -0 -0.998918 0.046517000000000065
vn -0 -0.998918 0.046517000000000065
vn 0 -0.998918 0.046517000000000065
vn -1 -1E-06 6.123233995736766E-23
vn -1 -1E-06 -1E-06
vn -1 -1E-06 6.123233995736766E-23
vn -1 0 0
vn 0 6.123233995736766E-17 1
vn 0 6.123233995736766E-17 1
vn 0 6.123233995736766E-17 1
vn 0 6.123233995736766E-17 1
vn 0 0.622224 -0.782839
vn 1E-06 0.622224 -0.782839
vn 0 0.622224 -0.782839
vn 0 0.622224 -0.782839
vn 1E-06 -0.622224 0.782839
vn 1E-06 -0.622224 0.782839
vn 1E-06 -0.622224 0.782839
vn 2E-06 -0.622225 0.782839
vn 0.485943 -0.868777 -0.09531899999999995
vn -0.616978 -0.762244 0.19576200000000005
vn 0.236415 -0.956335 0.17184500000000005
vn 0.04818 -0.35967999999999994 0.931831
vn -0.692583 -0.23410699999999995 0.682292
vn -0.789924 -0.03521299999999997 0.612193
vn -0.692583 -0.23410699999999995 0.682292
vn -0.8741 0.474206 0.10524699999999997
vn -0.889844 -0.456264 2.7938112358308396E-17
vn -0.201704 -0.506406 0.838372
vn -0.136784 -0.16730399999999995 0.976371
vn -0.665614 -0.729495 0.15746400000000005
vn 0.456268 -0.889842 -9.999999999455129E-07
vn 1E-06 1 -6.123233995736766E-17
vn 1E-06 1 -6.123233995736766E-17
vn 1E-06 1 -6.123233995736766E-17
vn 1E-06 1 -6.123233995736766E-17
vn -0.000729 1 -0.0005170000000000612
vn -0.000729 1 -0.0005170000000000612
vn -0.000729 1 -0.0005170000000000612
vn -0.000729 1 -0.0005170000000000612
vn -0.335864 -0.044246999999999946 0.940871
vn -0.294472 -0.0022159999999999415 0.955658
vn -0.335864 -0.044246999999999946 0.940871
vn -0.376015 -0.08611499999999994 0.922603
vn -0.999324 0.036681 -0.002437000000000002
vn -0.999212 0.039703 -2.4311075933273684E-18
vn -0.999324 0.036681 -0.002437000000000002
vn -0.999421 0.033658 -0.004875000000000002
vn -0.001136 0.999999 -6.12322787250277E-17
vn -0.001135 0.999999 -6.12322787250277E-17
vn -0.001136 0.999999 -6.12322787250277E-17
vn -0.001136 0.999999 -6.12322787250277E-17
vn -0.957065 0.28478 0.05410999999999998
vn -0.252149 -0.967592 0.01363600000000006
vn -0.402591 -0.712995 0.574072
vn -0.772086 0.34804900000000005 0.531738
vn 0.720739 0.692732 0.02562999999999996
vn 0.720739 0.692732 0.02562999999999996
vn 0.720739 0.692732 0.02562999999999996
vn 0.720739 0.692732 0.02562999999999996
vn -0.002022 -0.002160999999999939 0.999996
vn -0.001819 -0.0021689999999999388 0.999996
vn -0.001819 -0.0021689999999999388 0.999996
vn -0.001819 -0.0021689999999999388 0.999996
vn 0.996197 -0.087126 5.334928851125614E-18
vn 0.996197 -0.087126 5.334928851125614E-18
vn 0.996197 -0.087126 5.334928851125614E-18
vn 0.996197 -0.087126 5.334928851125614E-18
vn -1 0 0
vn -1 0 0
vn -1 0 0
vn -1 0 0
vn 0 6.123233995736766E-17 1
vn 0 6.123233995736766E-17 1
vn 0 6.123233995736766E-17 1
vn 0 6.123233995736766E-17 1
vn -0.341882 0.939308 0.028603999999999942
vn -0.341882 0.939308 0.028603999999999942
vn -0.341882 0.939308 0.028603999999999942
vn -0.341881 0.939308 0.02860499999999994
vn -0 1 -1.0000000000612324E-06
vn -0 1 -2.0000000000612323E-06
vn -0 1 -1.0000000000612324E-06
vn -0 1 -6.123233995736766E-17
vn 0.996884 4.8302519051969905E-18 0.078884
vn 0.996884 4.8302519051969905E-18 0.078884
vn 0.996884 4.8302519051969905E-18 0.078884
vn 0.996884 4.8302519051969905E-18 0.078884
vn 0 6.123233995736766E-17 1
vn 0 6.123233995736766E-17 1
vn 0 6.123233995736766E-17 1
vn 0 6.123233995736766E-17 1
vn -0.984405 0.173578 0.02860399999999999
vn -0.984405 0.173578 0.02860399999999999
vn -0.984405 0.173578 0.02860399999999999
vn -0.984405 0.173578 0.02860399999999999
vn -0.642525 -0.765731 0.028605000000000047
vn -0.642524 -0.765731 0.028605000000000047
vn -0.642525 -0.765731 0.028605000000000047
vn -0.642525 -0.765731 0.02860400000000005
vn 0.341881 -0.939308 0.028605000000000057
vn 0.34188 -0.939308 0.02860400000000006
vn 0.341881 -0.939308 0.028605000000000057
vn 0.341881 -0.939308 0.028605000000000057
vn 0.987667 -0.153317 0.03175000000000001
vn 0.990323 -0.13594 0.027955000000000008
vn 0.987667 -0.153317 0.03175000000000001
vn 0.984692 -0.170645 0.03553600000000001
vn 0.430989 5.525343058691041E-17 0.902357
vn 0.430987 5.5253491819250366E-17 0.902358
vn 0.430989 5.525343058691041E-17 0.902357
vn 0.430989 5.525343058691041E-17 0.902357
vn -0 0.43099100000000007 0.902356
vn -1E-06 0.43098100000000006 0.902361
vn -0 0.43099100000000007 0.902356
vn -0 0.43099100000000007 0.902356
vn -0.430982 5.525367551627024E-17 0.902361
vn -0.430981 5.525367551627024E-17 0.902361
vn -0.430982 5.525367551627024E-17 0.902361
vn -0.430982 5.525367551627024E-17 0.902361
vn -0 -0.43097799999999997 0.902363
vn -1E-06 -0.43098899999999996 0.902357
vn -0 -0.43097799999999997 0.902363
vn -0 -0.43097799999999997 0.902363
vn -0.991516 -2.9999999999920405E-06 0.129988
vn -0.991517 7.958673385958861E-18 0.129975
vn -0.991516 -2.9999999999920405E-06 0.129988
vn -0.991514 -5.99999999999204E-06 0.13
vn 6.6E-05 -0.988974 0.14809000000000005
vn -0 -0.98901 0.14784600000000006
vn 6.6E-05 -0.988974 0.14809000000000005
vn 0.000133 -0.988937 0.14833500000000005
vn 0.007621 0.992206 0.12437899999999995
vn -0 0.988302 0.15251199999999995
vn 0.007621 0.992206 0.12437899999999995
vn 0.015235 0.995252 0.09613699999999994
vn 0.520274 0.853999 -5.229235709125202E-17
vn 0.520274 0.853999 -5.229235709125202E-17
vn 0.520274 0.853999 -5.229235709125202E-17
vn 0.520274 0.853999 -5.229235709125202E-17
vn 0.000602 0.0006630000000000612 1
vn -0.001191 0.00010400000000006122 0.999999
vn 0.000602 0.0006630000000000612 1
vn 0.002395 0.0012220000000000611 0.999996
vn -0.996194 0.087159 -3.0000000000053372E-06
vn -0.996195 0.087155 1.999999999994663E-06
vn -0.996194 0.087159 -3.0000000000053372E-06
vn -0.996194 0.087159 -3.0000000000053372E-06
vn -0.991825 0.126886 -0.013537000000000007
vn -0.992956 0.118322 -0.006145000000000007
vn -0.991825 0.126886 -0.013537000000000007
vn -0.990565 0.135434 -0.020927000000000008
vn 0.395653 -0.034525000000000056 -0.917751
vn 0.393504 -0.03425800000000005 -0.918685
vn 0.395653 -0.034525000000000056 -0.917751
vn 0.3978 -0.03479100000000006 -0.916812
vn 0.48435 0.874874 -5.3570582187862076E-17
vn 0.48435 0.874874 -5.3570582187862076E-17
vn 0.48435 0.874874 -5.3570582187862076E-17
vn 0.48435 0.874874 -1.0000000000535706E-06
vn 0.996232 -0.086727 -2.699999999999469E-05
vn 0.996232 -0.086723 5.310252218122796E-18
vn 0.996232 -0.086727 -2.699999999999469E-05
vn 0.996232 -0.08673 -5.499999999999469E-05
vn 0.996194 -0.08716 -9.99999999994663E-07
vn 0.996195 -0.087158 5.336888286004251E-18
vn 0.996194 -0.08716 -9.99999999994663E-07
vn 0.996194 -0.087161 -2.999999999994663E-06
vn -0.996195 0.087157 -5.336827053664293E-18
vn -0.996195 0.087157 -5.336827053664293E-18
vn -0.996195 0.087157 -5.336827053664293E-18
vn -0.996195 0.087157 -5.336827053664293E-18
vn -0 6.123233995736766E-17 1
vn -5E-06 6.123233995736766E-17 1
vn -0 6.123233995736766E-17 1
vn -0 6.123233995736766E-17 1
vn -0.998026 3.999999999996154E-06 -0.062797
vn -0.998026 8.999999999996155E-06 -0.062798
vn -0.998026 3.999999999996154E-06 -0.062797
vn -0.998026 -3.8452072523028176E-18 -0.062797
vn 0.42039 -0.894326 0.15314900000000006
vn 0.420375 -0.894332 0.15314900000000006
vn 0.42039 -0.894326 0.15314900000000006
vn 0.420404 -0.894319 0.15315000000000006
vn 0.423675 0.901343 -0.08989200000000006
vn 0.42368 0.90134 -0.08989100000000005
vn 0.423675 0.901343 -0.08989200000000006
vn 0.423669 0.901346 -0.08989200000000006
vn -0.997272 -4.520048870972966E-18 -0.073818
vn -0.997272 -4.520048870972966E-18 -0.073818
vn -0.997272 -4.520048870972966E-18 -0.073818
vn -0.997272 -4.520048870972966E-18 -0.073818
vn 0.425366 -0.904907 -0.014391999999999945
vn 0.425365 -0.904908 -0.014392999999999944
vn 0.425366 -0.904907 -0.014391999999999945
vn 0.425368 -0.904906 -0.014391999999999945
vn 0.423741 0.901478 0.08821299999999994
vn 0.423739 0.901479 0.08821299999999994
vn 0.423741 0.901478 0.08821299999999994
vn 0.423744 0.901476 0.08821299999999994
vn -0.999897 8.799087251873732E-19 0.01437
vn -0.999897 8.799087251873732E-19 0.01437
vn -0.999897 8.799087251873732E-19 0.01437
vn -0.999897 8.799087251873732E-19 0.01437
vn -2E-06 -0.999909 0.013509000000000061
vn -4E-06 -0.999909 0.013509000000000061
vn -2E-06 -0.999909 0.013509000000000061
vn 0 -0.999909 0.013509000000000061
vn 0.999897 8.79847492847416E-19 0.014369
vn 0.999897 8.79847492847416E-19 0.014369
vn 0.999897 8.79847492847416E-19 0.014369
vn 0.999897 8.79847492847416E-19 0.014369
vn -2E-06 0.999909 0.01350899999999994
vn -4E-06 0.999909 0.01350899999999994
vn -2E-06 0.999909 0.01350899999999994
vn -0 0.999909 0.01350899999999994
vn 0.000222 -1 -9.599999999993877E-05
vn 7.6E-05 -1 0.00010000000000006124
vn 7.6E-05 -1 0.00010000000000006124
vn 7.6E-05 -1 0.00010000000000006124
vn -8E-05 1 2.4999999999938767E-05
vn -3.9E-05 1 -2.0000000000612323E-06
vn -8E-05 1 2.4999999999938767E-05
vn -0.000121 1 5.1999999999938766E-05
vn -1 -2.6E-05 -1.0999999999999998E-05
vn -1 3.1E-05 -4.5E-05
vn -1 -2.6E-05 -1.0999999999999998E-05
vn -1 -2.6E-05 -1.0999999999999998E-05
vn -0.714697 0.695603 0.07310899999999995
vn -0.713691 0.696551 0.07390199999999995
vn -0.714697 0.695603 0.07310899999999995
vn -0.715701 0.694652 0.07231599999999996
vn -0.900135 6.999999999973327E-06 -0.43561
vn -0.900135 8.999999999973327E-06 -0.43561
vn -0.900135 6.999999999973327E-06 -0.43561
vn -0.900135 5.999999999973327E-06 -0.43561
vn 1E-05 0.980589 -0.19607500000000005
vn 1E-05 0.980589 -0.19607500000000005
vn 1E-05 0.980589 -0.19607500000000005
vn 1E-05 0.980589 -0.19607500000000005
vn 1.3E-05 0.980589 -0.19607500000000005
vn 1.3E-05 0.980589 -0.19607500000000005
vn 1.3E-05 0.980589 -0.19607500000000005
vn 1.3E-05 0.980589 -0.19607500000000005
vn 1.3E-05 0.980589 -0.19607500000000005
vn 1.3E-05 0.980589 -0.19607500000000005
vn 1.3E-05 0.980589 -0.19607500000000005
vn 1.3E-05 0.980589 -0.19607500000000005
vn 1.1E-05 0.980589 -0.19607400000000005
vn 1.3E-05 0.980589 -0.19607400000000005
vn 1.1E-05 0.980589 -0.19607400000000005
vn 1E-05 0.980589 -0.19607500000000005
vn 5E-06 -9.999999999387675E-07 1
vn -0 -9.999999999387675E-07 1
vn -1E-06 -0.985423 0.17012200000000005
vn 0 -0.985423 0.17012100000000005
vn -7E-06 -9.999999999387675E-07 1
vn 1E-06 6.123233995736766E-17 1
vn -4E-06 -0.985423 0.17012100000000005
vn -5E-06 -0.985423 0.17012100000000005
vn 8E-06 -9.999999999387675E-07 1
vn -1E-06 -9.999999999387675E-07 1
vn 1E-06 -0.977244 0.21212000000000006
vn 3E-06 -0.977244 0.21211800000000006
vn -5E-06 1.0000000000612324E-06 1
vn 0 6.123233995736766E-17 1
vn -2E-06 -0.985423 0.17012200000000005
vn -3E-06 -0.985423 0.17012300000000005
vn 2E-06 2.0000000000612323E-06 1
vn -0 1.0000000000612324E-06 1
vn 3E-06 -0.977243 0.21212400000000006
vn 3E-06 -0.977243 0.21212500000000006
vn 1E-06 6.123233995736766E-17 1
vn -1E-06 -9.999999999387675E-07 1
vn -2E-06 -0.985423 0.17012300000000005
vn -3E-06 -0.985423 0.17012400000000005
vn -3E-06 -9.999999999387675E-07 1
vn -1E-06 6.123233995736766E-17 1
vn 0 -0.977243 0.21212200000000006
vn 1E-06 -0.977243 0.21212100000000006
vn 0 6.123233995736766E-17 1
vn 0 -1.9999999999387675E-06 1
vn -2E-06 -0.985422 0.17012700000000006
vn -4E-06 -0.985422 0.17012900000000006
vn -1 7.1E-05 2.1999999999999996E-05
vn -1 -0 0
vn -1 7.1E-05 2.1999999999999996E-05
vn -1 0.000142 4.399999999999999E-05
vn 0 0.35111300000000006 0.936333
vn 0 0.35111300000000006 0.936333
vn 0 0.35111300000000006 0.936333
vn 0 0.35111300000000006 0.936333
vn -0.269756 0.962929 -1.0000000000589623E-06
vn -0.269757 0.962928 -3.0000000000589625E-06
vn -0.269756 0.962929 -1.0000000000589623E-06
vn -0.269756 0.962929 -1.0000000000589623E-06
vn 0.430959 0.89962 0.07041699999999994
vn 0.431582 0.899347 0.07008399999999994
vn 0.430959 0.89962 0.07041699999999994
vn 0.430336 0.899892 0.07074899999999995
vn 0.272262 -0.961792 0.02879000000000006
vn 0.272347 -0.961761 0.02902300000000006
vn 0.272262 -0.961792 0.02879000000000006
vn 0.272176 -0.961824 0.02855600000000006
vn 0.980395 -0.195236 0.02660500000000001
vn 0.980352 -0.195592 0.025569000000000012
vn 0.980395 -0.195236 0.02660500000000001
vn 0.980438 -0.19488 0.02764200000000001
vn 0.166197 -0.60305 -0.780198
vn 0.173561 -0.613334 -0.770518
vn 0.166197 -0.60305 -0.780198
vn 0.15879 -0.592613 -0.789681
vn 0.665963 -0.16050200000000006 -0.728513
vn 0.714099 -0.15427900000000005 -0.682833
vn 0.665963 -0.16050200000000006 -0.728513
vn 0.614869 -0.16601200000000005 -0.770958
vn 0.255403 -0.966451 0.02724600000000006
vn 0.258734 -0.965607 0.02568500000000006
vn 0.255403 -0.966451 0.02724600000000006
vn 0.252069 -0.96728 0.028806000000000057
vn 0.965863 -0.257599 0.027419000000000016
vn 0.96661 -0.254621 0.028850000000000015
vn 0.965863 -0.257599 0.027419000000000016
vn 0.965104 -0.260573 0.02598900000000002
vn -0.009114 -0.999954 -0.0028739999999999387
vn -0.018238 -0.999834 6.122217538893473E-17
vn -0.009114 -0.999954 -0.0028739999999999387
vn 1E-05 -0.999983 -0.005746999999999939
vn -0.351111 5.733392180164188E-17 0.936334
vn -0.351111 5.733392180164188E-17 0.936334
vn -0.351111 5.733392180164188E-17 0.936334
vn -0.351111 5.733392180164188E-17 0.936334
vn -0.008053 0.999964 -0.0028440000000000613
vn -1E-06 1 -6.123233995736766E-17
vn -0.008053 0.999964 -0.0028440000000000613
vn -0.016105 0.999854 -0.005687000000000062
vn 0.984472 -0.17359 -0.02610999999999999
vn 0.984472 -0.173589 -0.02610599999999999
vn 0.984472 -0.17359 -0.02610999999999999
vn 0.984472 -0.17359 -0.02610999999999999
vn 0.642568 0.765783 -0.02610600000000005
vn 0.642569 0.765783 -0.02610700000000005
vn 0.642568 0.765783 -0.02610600000000005
vn 0.642568 0.765783 -0.02610600000000005
vn -0.341903 0.939373 -0.026101000000000058
vn -0.341903 0.939373 -0.02610200000000006
vn -0.341903 0.939373 -0.026101000000000058
vn -0.341903 0.939373 -0.026101000000000058
vn -0.865914 0.499937 0.015991999999999968
vn -0.865914 0.499937 0.015991999999999968
vn -0.865914 0.499937 0.015991999999999968
vn -0.865914 0.499937 0.015991999999999968
vn -0.865914 -0.499936 0.01599200000000003
vn -0.865915 -0.499936 0.01599200000000003
vn -0.865914 -0.499936 0.01599200000000003
vn -0.865914 -0.499937 0.01599200000000003
vn 0.865914 0.499937 0.015991999999999968
vn 0.865914 0.499937 0.015991999999999968
vn 0.865914 0.499937 0.015991999999999968
vn 0.865914 0.499937 0.015991999999999968
vn 0 -0.34814199999999995 0.937442
vn 1E-06 -0.34813999999999995 0.937443
vn 0 -0.34814199999999995 0.937442
vn 0 -0.34814199999999995 0.937442
vn 0.301496 -0.17406899999999995 0.937443
vn 0.301498 -0.17407099999999995 0.937442
vn 0.301496 -0.17406899999999995 0.937443
vn 0.301496 -0.17406899999999995 0.937443
vn 0.301498 0.17407000000000006 0.937443
vn 0.301496 0.17407000000000006 0.937443
vn 0.301498 0.17407000000000006 0.937443
vn 0.301498 0.17407000000000006 0.937443
vn 0 0.34813800000000006 0.937443
vn 0 0.34813900000000003 0.937443
vn 0 0.34813800000000006 0.937443
vn 0 0.34813800000000006 0.937443
vn -0.301496 0.17406900000000006 0.937443
vn -0.301496 0.17406900000000006 0.937443
vn -0.301496 0.17406900000000006 0.937443
vn -0.301496 0.17406900000000006 0.937443
vn -0.3015 -0.17407099999999995 0.937442
vn -0.301497 -0.17406999999999995 0.937443
vn -0.3015 -0.17407099999999995 0.937442
vn -0.3015 -0.17407099999999995 0.937442
vn -1 -1E-06 6.123233995736766E-23
vn -1 -2E-06 1.2246467991473532E-22
vn -1 -1E-06 6.123233995736766E-23
vn -1 -1E-06 6.123233995736766E-23
vn 0 0.4888330000000001 0.872377
vn 0 0.48883200000000004 0.872378
vn 0 0.4888330000000001 0.872377
vn 0 0.48883400000000005 0.872377
vn 1 -1E-06 6.123233995736766E-23
vn 1 -1E-06 6.123233995736766E-23
vn 1 -1E-06 6.123233995736766E-23
vn 1 -1E-06 6.123233995736766E-23
vn 5E-06 -9.999999999387675E-07 1
vn 4E-06 0.985423 0.17012199999999994
vn 3E-06 0.985423 0.17012299999999994
vn -0 -9.999999999387675E-07 1
vn -7E-06 -9.999999999387675E-07 1
vn 0 0.985423 0.17012399999999994
vn 2E-06 0.985423 0.17012199999999994
vn 1E-06 6.123233995736766E-17 1
vn 8E-06 -9.999999999387675E-07 1
vn 5E-06 0.977243 0.21212099999999995
vn 3E-06 0.977243 0.21212299999999995
vn -1E-06 -9.999999999387675E-07 1
vn -5E-06 1.0000000000612324E-06 1
vn 0 0.985423 0.17012099999999994
vn 0 0.985423 0.17012099999999994
vn 0 6.123233995736766E-17 1
vn 2E-06 2.0000000000612323E-06 1
vn -1E-06 0.977244 0.21211999999999995
vn -2E-06 0.977243 0.21212099999999995
vn -0 1.0000000000612324E-06 1
vn 1E-06 6.123233995736766E-17 1
vn 4E-06 0.985423 0.17012099999999994
vn 2E-06 0.985423 0.17012299999999994
vn -1E-06 -9.999999999387675E-07 1
vn -3E-06 -9.999999999387675E-07 1
vn -3E-06 0.977243 0.21212399999999995
vn -2E-06 0.977243 0.21212299999999995
vn -1E-06 6.123233995736766E-17 1
vn 1 0 0
vn 1 -2.4492935982947065E-22 -4E-06
vn 1 0 0
vn 1 0 0
vn -1E-06 1 -6.123233995736766E-17
vn -1E-06 1 -1.0000000000612324E-06
vn -1E-06 1 -6.123233995736766E-17
vn -1E-06 1 -6.123233995736766E-17
vn -1 0 0
vn -1 0 -0
vn -1 0 0
vn -1 0 0
vn 0 -1 6.123233995736766E-17
vn 1E-06 -1 9.000000000061232E-06
vn 0 -1 6.123233995736766E-17
vn 0 -1 6.123233995736766E-17
vn 0 6.123233995736766E-17 1
vn 4E-06 6.123233995736766E-17 1
vn 0 6.123233995736766E-17 1
vn 0 6.123233995736766E-17 1
vn -0 -3.999999999938768E-06 1
vn 0 6.123233995736766E-17 1
vn -0 -3.999999999938768E-06 1
vn -0 -3.999999999938768E-06 1
vn -0 6.123233995736766E-17 1
vn 4E-06 6.123233995736766E-17 1
vn -0 6.123233995736766E-17 1
vn -0 6.123233995736766E-17 1
vn 0 -2.9999999999387676E-06 1
vn 0 6.123233995736766E-17 1
vn 0 -2.9999999999387676E-06 1
vn 0 -2.9999999999387676E-06 1
vn -1 -0 0
vn -1 0 0
vn -1 -0 0
vn -1 -0 0
vn 1 0 -0
vn 1 1E-06 -6.123233995736766E-23
vn 1 0 -0
vn 1 0 0
vn 0 6.123233995736766E-17 1
vn 4E-06 0.985422 0.17012499999999994
vn 2E-06 0.985422 0.17012699999999994
vn 0 -1.9999999999387675E-06 1
vn -3E-06 -0.887973 0.45989700000000006
vn -4E-06 -0.985423 0.17012100000000005
vn -2E-06 -0.985423 0.17012300000000005
vn 0 0.887973 0.45989599999999997
vn 0 0.887973 0.45989599999999997
vn 0 0.985423 0.17012099999999994
vn 0 0.985423 0.17012099999999994
vn -3E-06 -0.887973 0.45989700000000006
vn -4E-06 -0.837987 0.54569
vn -4E-06 -0.977242 0.21212700000000007
vn -7E-06 -0.977243 0.21212500000000006
vn 4E-06 0.837987 0.54569
vn 4E-06 0.837987 0.54569
vn 5E-06 0.977242 0.21212699999999995
vn 7E-06 0.977243 0.21212499999999995
vn -4E-06 -0.837987 0.54569
vn -5E-06 -0.887972 0.45989800000000003
vn -6E-06 -0.985423 0.17012100000000005
vn -4E-06 -0.985423 0.17012300000000005
vn 0 0.887971 0.4598999999999999
vn 0 0.887971 0.4598999999999999
vn 0 0.985423 0.17012499999999994
vn 1E-06 0.985423 0.17012399999999994
vn -5E-06 -0.887972 0.45989800000000003
vn 0 -0.837986 0.545691
vn 0 -0.977243 0.21212500000000006
vn 0 -0.977243 0.21212500000000006
vn 2E-06 0.837988 0.545689
vn 2E-06 0.837988 0.545689
vn 2E-06 0.977243 0.21212199999999995
vn 1E-06 0.977243 0.21212299999999995
vn 0 -0.837986 0.545691
vn 1E-06 -0.88797 0.45990200000000003
vn 2E-06 -0.985422 0.17012500000000005
vn 1E-06 -0.985423 0.17012400000000005
vn 3E-06 0.88797 0.45990099999999995
vn 3E-06 0.88797 0.45990099999999995
vn 4E-06 0.985423 0.17012299999999994
vn 2E-06 0.985422 0.17012499999999994
vn 1E-06 -0.88797 0.45990200000000003
vn -1E-06 -0.837986 0.545692
vn -2E-06 -0.977243 0.21212400000000006
vn -1E-06 -0.977242 0.21212600000000006
vn 1E-06 0.837986 0.545692
vn 1E-06 0.837986 0.545692
vn 0 0.977243 0.21212499999999995
vn 0 0.977243 0.21212499999999995
vn -1E-06 -0.837986 0.545692
vn 0.707107 0.707106 9.999999999567022E-07
vn 0.707107 0.707106 -4.3297754977894416E-17
vn 0.707107 0.707106 9.999999999567022E-07
vn 0.707107 0.707106 9.999999999567022E-07
vn -0.707107 -0.707107 1.0000000000432977E-06
vn -0.707107 -0.707107 4.329781621023438E-17
vn -0.707107 -0.707107 1.0000000000432977E-06
vn -0.707107 -0.707107 1.0000000000432977E-06
vn -0.258819 0.965926 -5.914590920566031E-17
vn -0.258819 0.965926 -5.914590920566031E-17
vn -0.258819 0.965926 -5.914590920566031E-17
vn -0.258819 0.965926 -5.914590920566031E-17
vn 0.258818 -0.965926 5.914590920566031E-17
vn 0.258818 -0.965926 1.000000000059146E-06
vn 0.258818 -0.965926 5.914590920566031E-17
vn 0.258818 -0.965926 5.914590920566031E-17
vn -0.965926 0.258819 -1.584809299542594E-17
vn -0.965926 0.258819 -1.584809299542594E-17
vn -0.965926 0.258819 -1.584809299542594E-17
vn -0.965926 0.258819 -1.584809299542594E-17
vn 0.965926 -0.25882 1.0000000000158482E-06
vn 0.965926 -0.25882 1.5848154227765898E-17
vn 0.965926 -0.25882 1.0000000000158482E-06
vn 0.965926 -0.25882 1.0000000000158482E-06
vn -0.707107 -0.707107 4.329781621023438E-17
vn -0.707107 -0.707107 4.329781621023438E-17
vn -0.707107 -0.707107 4.329781621023438E-17
vn -0.707107 -0.707107 4.329781621023438E-17
vn 0.707106 0.707107 -4.329781621023438E-17
vn 0.707107 0.707107 9.999999999567022E-07
vn 0.707106 0.707107 -4.329781621023438E-17
vn 0.707106 0.707107 -4.329781621023438E-17
vn 0.258819 -0.965926 5.914590920566031E-17
vn 0.258819 -0.965926 5.914590920566031E-17
vn 0.258819 -0.965926 5.914590920566031E-17
vn 0.258819 -0.965926 5.914590920566031E-17
vn -0.258818 0.965926 -2.0000000000591457E-06
vn -0.258818 0.965926 -5.914590920566031E-17
vn -0.258818 0.965926 -2.0000000000591457E-06
vn -0.258818 0.965926 -2.0000000000591457E-06
vn 0.965926 -0.258818 -1.999999999984152E-06
vn 0.965926 -0.258819 1.584809299542594E-17
vn 0.965926 -0.258818 -1.999999999984152E-06
vn 0.965926 -0.258818 -1.999999999984152E-06
vn -0.965926 0.258819 -1.584809299542594E-17
vn -0.965926 0.258819 -1.584809299542594E-17
vn -0.965926 0.258819 -1.584809299542594E-17
vn -0.965926 0.258819 -1.584809299542594E-17
vn -0.343472 0.938103 -0.04459600000000005
vn -0.3406 0.935889 -0.09002300000000006
vn -0.343472 0.938103 -0.04459600000000005
vn -0.345632 0.93837 0.0009239999999999426
vn 0.260086 0.828391 0.49610899999999997
vn 0.945114 -0.01188699999999998 0.326525
vn 0.923635 0.383273 -2.0000000000234687E-06
vn 0.923635 0.383273 -2.0000000000234687E-06
vn 0.319589 0.947556 -5.802107112064347E-17
vn -0.269606 0.950668 0.15343599999999993
vn -0.386933 0.733825 0.558376
vn 0.02243 0.48433200000000004 0.874597
vn 0.66922 0.03773000000000005 0.742106
vn 0.945114 -0.01188699999999998 0.326525
vn 0.828261 -0.551634 0.09840700000000002
vn 0.923635 0.383273 -2.0000000000234687E-06
vn 0.75598 0.496183 0.4269609999999999
vn 0.783011 -0.547261 0.29563400000000006
vn 0.975465 -0.220154 1.3480544570974319E-17
vn 0.975465 -0.220154 1.3480544570974319E-17
vn 0.805288 0.592884 -1.0000000000363036E-06
vn 0.324433 0.933381 0.15343599999999993
vn 0.104887 0.825182 0.555043
vn 0.519374 0.31162900000000004 0.7957
vn 0.706251 -0.4184979999999999 0.571024
vn 0.783011 -0.547261 0.29563400000000006
vn 0.350709 -0.932648 0.08467900000000006
vn 0.975465 -0.220154 1.3480544570974319E-17
vn -0.902792 -0.05171199999999997 0.426957
vn -0.400235 0.867924 0.29414299999999993
vn -0.733095 0.680126 -4.1645706445844635E-17
vn -0.733095 0.680126 -4.1645706445844635E-17
vn -0.993842 -0.110805 6.784849428976123E-18
vn -0.747664 -0.646109 0.15343500000000002
vn -0.503434 -0.66218 0.555042
vn -0.605614 -0.010181999999999952 0.795693
vn -0.400646 0.717522 0.569776
vn -0.400646 0.717522 0.569776
vn -0.400235 0.867924 0.29414299999999993
vn 0.171066 0.981936 0.08085499999999994
vn -0.733095 0.680126 -4.1645706445844635E-17
vn -0.000179 8.000000000006124E-05 1
vn 1E-06 0.00040600000000006126 1
vn -0.000119 5.400000000006123E-05 1
vn -0.000179 -0.00012199999999993877 1
vn 1E-06 6.123233995736766E-17 1
vn -0.662243 -0.749198 -0.011693999999999954
vn -0.360347 -0.932717 0.013739000000000057
vn -0.666987 -0.735094 -0.12151299999999995
vn -0.286448 -0.956929 -0.047269999999999944
vn -0.230476 -0.969622 -0.08194299999999995
vn -0.445388 0.834755 0.32374899999999995
vn -0.859605 0.508967 0.04506799999999997
vn -0.933117 -0.11722799999999998 0.339928
vn -0.347476 0.4911380000000001 0.798776
vn -0.460202 -0.695785 0.55145
vn 0.630594 -0.60598 0.48491200000000007
vn 0.554615 0.585412 0.591349
vn -0.525828 -0.850264 -0.023574999999999947
vn 0.820478 -0.571514 0.013699000000000034
vn -0.360347 -0.932717 0.013739000000000057
vn 0.002191 -0.998534 0.054080000000000066
vn -0.002146 -0.998951 0.04574500000000006
vn -0.286448 -0.956929 -0.047269999999999944
vn 0.000133 -0.998894 0.047015000000000064
vn -0.230476 -0.969622 -0.08194299999999995
vn 0.000133 -0.998894 0.047015000000000064
vn -0.08056 0.99675 -6.103333485250621E-17
vn -0.080559 0.99675 -6.103333485250621E-17
vn -0.066608 0.99777 -0.004210000000000061
vn -0.034194 0.999081 -0.025862000000000062
vn -0.03488 0.999281 -0.014880000000000062
vn -0.025819 0.999411 -0.022594000000000062
vn 1E-06 0.999096 -0.042521000000000066
vn 0.041934 0.998888 -0.02155300000000006
vn 0.025818 0.999411 -0.022594000000000062
vn 0.034878 0.999281 -0.01488100000000006
vn 0.059627 0.998201 -0.006316000000000061
vn 0.08056 0.99675 -6.103333485250621E-17
vn 0.080559 0.99675 -6.103333485250621E-17
vn -0.37148 0.925513 0.07368299999999994
vn -0.341779 0.937007 0.07215199999999994
vn -0.341551 0.937051 0.07264999999999995
vn -0.326452 0.942459 0.07210499999999995
vn -0.341094 0.93714 0.07364499999999995
vn 0.995144 0.090401 0.03894299999999999
vn 0.998451 -0.009777000000000003 -0.054774
vn 0.999313 -0.006542000000000003 -0.036469
vn 0.995721 -0.05518300000000001 -0.074128
vn 1 -0.000125 -0.000165
vn -0.86572 0.05900600000000003 0.497038
vn -0.870557 0.05856700000000003 0.48857
vn -0.654969 0.04464200000000005 0.754336
vn -0.324845 0.02243100000000006 0.945501
vn 0.360375 -0.025595999999999945 0.932456
vn 0.716819 -0.05137799999999996 0.695364
vn 0.964412 -0.06766599999999999 0.255601
vn 0.977406 -0.07700799999999998 0.196842
vn 0.991247 -0.075585 0.10824
vn 0.988277 -0.06441299999999998 0.138418
vn 0.991443 -0.090443 0.094134
vn 0.704305 -0.704517 0.08723000000000004
vn 0.72004 -0.689779 0.07581800000000004
vn 0.734742 -0.674809 0.06918400000000004
vn 0.749376 -0.659412 0.06010300000000004
vn 0.763071 -0.643899 0.05581900000000004
vn -0.968481 0.246533 0.035578999999999986
vn -0.96698 0.25281 0.032211999999999984
vn -0.965661 0.257833 0.03196099999999999
vn -0.964197 0.263469 0.030149999999999982
vn -0.962945 0.267859 0.031455999999999984
vn 1E-06 -9.999999999387675E-07 1
vn 1E-06 -9.999999999387675E-07 1
vn 2E-06 6.123233995736766E-17 1
vn 2E-06 6.123233995736766E-17 1
vn 1E-06 1.0000000000612324E-06 1
vn -2E-06 -9.999999999387675E-07 1
vn 1E-06 -9.999999999387675E-07 1
vn 1E-06 -9.999999999387675E-07 1
vn 2E-06 6.123233995736766E-17 1
vn -0 1.0000000000612324E-06 1
vn -0 1.0000000000612324E-06 1
vn -0 1.0000000000612324E-06 1
vn -0.341999 0.939635 0.011091999999999942
vn -0.341999 0.939635 0.011088999999999943
vn -0.630716 0.775912 0.012577999999999954
vn -0.873647 0.486397 0.01257899999999997
vn -0.987317 -0.15826 0.01258000000000001
vn -0.858056 -0.513402 0.012579000000000031
vn -0.356602 -0.934172 0.012577000000000057
vn 0.01559 -0.999799 0.012576000000000061
vn 0.630715 -0.775912 0.012578000000000047
vn 0.873647 -0.486397 0.01258100000000003
vn 0.984747 -0.173637 0.01109800000000001
vn 0.984747 -0.173637 0.01109900000000001
vn 0.3273 0.944837 0.012578999999999943
vn 0.654602 0.755869 0.012578999999999953
vn -0.327302 0.944836 0.012576999999999942
vn -0.654602 0.755869 0.012575999999999954
vn -0.981903 0.188968 0.012573999999999988
vn -0.981903 -0.188967 0.012574000000000012
vn -0.654602 -0.755869 0.012575000000000046
vn -0.327301 -0.944837 0.012575000000000057
vn 0.327301 -0.944837 0.012574000000000057
vn 0.654602 -0.755869 0.012576000000000047
vn 0.981903 -0.188968 0.012577000000000012
vn 0.981903 0.188967 0.012580999999999988
vn 0.654602 0.755869 0.012578999999999953
vn 0.3273 0.944837 0.012578999999999943
vn -0.387038 0.79914 0.45997599999999994
vn -0.377576 0.792235 0.47937399999999997
vn -0.295955 0.611077 0.734163
vn -0.152408 0.30982800000000005 0.938498
vn 0.161988 -0.31491199999999997 0.935196
vn 0.332811 -0.636441 0.69583
vn 0.431855 -0.878971 0.20226700000000006
vn 0.457373 -0.86073 0.22350400000000006
vn 0.420015 -0.907507 0.004369000000000055
vn 0.368901 -0.927564 -0.05947099999999995
vn -4.5E-05 0.00030500000000006124 1
vn 0.000841 4.600000000006123E-05 1
vn 0.000826 6.100000000006123E-05 1
vn -0.00032 -4.599999999993877E-05 1
vn -0.000885 -0.00010699999999993877 1
vn 1.6E-05 -0.001006999999999939 1
vn -0.997132 -0.007764999999999996 0.075278
vn -0.99654 0.001039000000000005 0.083108
vn -0.99718 -0.010759999999999995 0.074275
vn -0.997132 -0.006032999999999996 0.075442
vn -0.996612 -0.003228999999999995 0.082182
vn -0.996661 -0.001159999999999995 0.081641
vn -0.996346 -0.004837999999999995 0.085266
vn -0.996901 0.0016370000000000048 0.078648
vn -0.996612 -3.999999999994963E-06 0.082252
vn 0.994873 0.0010420000000000062 0.101127
vn 0.996239 -5.999999999994695E-06 0.086643
vn 0.996227 0.0007830000000000053 0.086788
vn 0.993529 0.001044000000000007 0.11357
vn 0.991921 0.0007800000000000078 0.126859
vn 0.992286 7.59115688153474E-18 0.123973
vn -4.3E-05 -0.00019999999999993878 1
vn 8.6E-05 -0.00018999999999993878 1
vn -0.000175 -0.00011399999999993878 1
vn 6E-06 -0.00012799999999993876 1
vn -0.000117 -8.999999999938768E-06 1
vn -2.6E-05 9.600000000006123E-05 1
vn -2.3E-05 9.000000000006124E-05 1
vn -0.741255 0.592119 0.31612499999999993
vn -0.940545 0.326461 0.09379999999999998
vn -0.90551 0.399931 0.14179899999999998
vn -0.984437 0.174234 -0.02295600000000001
vn -0.983968 0.178347 -1.0000000000109205E-06
vn -0.341103 0.36776700000000007 0.865099
vn -0.223637 0.24111900000000006 0.944377
vn -0.584704 0.635893 0.503747
vn 0.314509 -0.29514599999999996 0.902204
vn 0.318561 -0.3031829999999999 0.898109
vn 0.570501 -0.533209 0.624673
vn 0.568647 -0.521695 0.635984
vn 0.467554 0.40867700000000007 0.783821
vn 0.616974 0.543044 0.569602
vn 0.627716 0.54867 0.552208
vn 0.23886 0.20737300000000006 0.948653
vn -0.25098 -0.21407099999999996 0.944025
vn -0.512604 -0.43414499999999995 0.74078
vn -0.7392 -0.625041 0.25081300000000006
vn -0.742813 -0.624796 0.24054000000000003
vn -0.763973 -0.645062 0.01549500000000004
vn -0.762767 -0.646517 0.01421100000000004
vn 0.282128 0.587376 0.758547
vn 0.370871 0.775544 0.510868
vn 0.37374 0.778106 0.504846
vn 0.142387 0.29515100000000005 0.944781
vn -0.152363 -0.3117059999999999 0.937883
vn -0.308161 -0.626621 0.715809
vn -0.432234 -0.872647 0.22729200000000005
vn -0.432307 -0.8738 0.22267600000000007
vn -0.446082 -0.894821 0.017491000000000055
vn -0.448779 -0.893451 0.018495000000000057
vn 0.609079 0.13429400000000005 0.781657
vn 0.842257 0.18152900000000002 0.507593
vn 0.816949 0.18012600000000004 0.547859
vn 0.291368 0.06578400000000005 0.954347
vn -0.345309 -0.08253399999999994 0.934853
vn -0.664693 -0.16225999999999993 0.729284
vn -0.885773 -0.21722399999999997 0.410146
vn -0.931164 -0.21355999999999997 0.295509
vn -0.956991 -0.217313 0.192206
vn -0.89767 -0.21823199999999998 0.382835
vn -0.978742 -0.204891 0.009146000000000012
vn -0.975537 -0.219836 1.3461072686867877E-17
vn -0.61423 0.598934 0.513809
vn -0.613089 0.598365 0.51583
vn -0.353004 0.34421300000000005 0.870003
vn -0.353895 0.34476900000000005 0.869421
vn 0.249992 -0.24289699999999995 0.937286
vn 0.500672 -0.48685699999999993 0.71575
vn 0.672679 -0.727404 0.13559700000000005
vn 0.77628 -0.626685 0.06823200000000004
vn 0.779641 -0.624242 -0.04981299999999996
vn 0.562485 -0.824081 -0.06708199999999995
vn 0.869702 -0.492909 0.02566100000000003
vn 0.843259 -0.536832 0.02693300000000003
vn 0.819943 -0.570662 0.04514300000000004
vn -1 -0 0
vn -1 0 0
vn -0.987571 -9.624009335779391E-18 -0.157172
vn -0.987571 -1.000000000009624E-06 -0.157172
vn -0.917262 -2.438786128758022E-17 -0.398284
vn -0.917262 -2.438786128758022E-17 -0.398284
vn -0.751211 -0.00011900000000004042 -0.660062
vn -0.750992 -4.04323876295894E-17 -0.660311
vn -0.237564 -0.00037400000000005945 -0.971372
vn 0.237231 -0.0003750000000000595 -0.971453
vn 0.75121 -0.00011900000000004042 -0.660063
vn 0.751428 -4.0402016388970546E-17 -0.659815
vn 0.917262 -2.438786128758022E-17 -0.398284
vn 0.917262 -2.438786128758022E-17 -0.398284
vn 0.987571 -9.624009335779391E-18 -0.157172
vn 0.987571 -9.623948103439432E-18 -0.157171
vn 1 0 0
vn 1 0 0
vn 0.006406 0.998564 0.05319599999999994
vn -0.003947 0.998702 0.050778999999999935
vn 0.005666 0.998468 0.05505099999999994
vn -0.001362 0.998451 0.05562399999999994
vn -0.006457 0.998732 0.04992899999999994
vn -0.033655 0.998324 0.047080999999999935
vn 0 0.999107 0.042245999999999936
vn -0.210542 0.977185 0.02797699999999994
vn -0.242073 0.970021 0.02143799999999994
vn -0.369272 0.9291 0.020256999999999945
vn -0.386193 0.922275 0.016261999999999943
vn -0.621551 0.783289 0.011558999999999951
vn -0.263331 0.964567 0.016378999999999942
vn 0 6.123233995736766E-17 1
vn -0 6.123233995736766E-17 1
vn 0 6.123233995736766E-17 1
vn -0 -9.999999999387675E-07 1
vn -1E-06 6.123233995736766E-17 1
vn -0 -9.999999999387675E-07 1
vn -0.080562 -0.99675 6.103333485250621E-17
vn -0.080561 -0.99675 6.103333485250621E-17
vn -0.041941 -0.998887 -0.021563999999999937
vn -0.059629 -0.998201 -0.00631599999999994
vn -0.034881 -0.999281 -0.014881999999999939
vn -0.025834 -0.999411 -0.022579999999999937
vn -0 -0.999095 -0.04253099999999994
vn 0.041941 -0.998887 -0.021563999999999937
vn 0.025835 -0.999411 -0.022578999999999936
vn 0.034881 -0.999281 -0.01488099999999994
vn 0.059629 -0.998201 -0.00631599999999994
vn 0.080562 -0.99675 6.103333485250621E-17
vn 0.080562 -0.99675 6.103333485250621E-17
vn -0.244159 -0.968606 -0.04677899999999994
vn -0.874134 -0.481637 -0.06257599999999998
vn -0.826864 -0.440799 -0.349274
vn -0.799776 0.600299 0.00012199999999996324
vn -0.816864 0.534447 -0.21702300000000002
vn -0.267041 -0.931581 -0.24667199999999995
vn -0.244159 -0.968606 -0.04677899999999994
vn -0.803493 -0.3438939999999999 0.485939
vn -0.244159 -0.968606 -0.04677899999999994
vn -0.809219 0.33034100000000005 0.485839
vn -0.518484 0.621238 0.587569
vn -0.244159 -0.968606 -0.04677899999999994
vn -0.219929 -0.854759 0.4701270000000001
vn -0.063597 -0.42658699999999994 0.902208
vn 0.340986 0.568057 0.749026
vn 0.843886 -0.24143499999999998 0.479131
vn 0.382304 -0.869236 0.31348400000000004
vn 0.866593 -0.495683 -0.05757099999999997
vn 0.457051 -0.888343 -0.04417399999999994
vn 0.443767 -0.859767 -0.25272799999999995
vn -0.267041 -0.931581 -0.24667199999999995
vn 0.971483 -0.020281000000000014 -0.236241
vn 0 6.123233995736766E-17 1
vn 0 6.123233995736766E-17 1
vn 0 6.123233995736766E-17 1
vn 0 6.123233995736766E-17 1
vn 0 6.123233995736766E-17 1
vn 0 6.123233995736766E-17 1
vn 0 6.123233995736766E-17 1
vn 0 6.123233995736766E-17 1
vn 0 6.123233995736766E-17 1
vn 0 6.123233995736766E-17 1
vn 0 6.123233995736766E-17 1
vn 0 6.123233995736766E-17 1
vn 0.010108 -0.94194 0.33563000000000004
vn 0.426946 -0.820179 0.3808210000000001
vn 0.130447 -0.877433 0.46162100000000006
vn -0.32383 -0.866089 0.3808210000000001
vn 0.739346 -0.4901769999999999 0.46162100000000006
vn 0.706761 -0.622769 0.33562900000000007
vn 0.895194 -0.23152499999999998 0.380821
vn -0.545599 -0.697686 0.46428100000000005
vn -0.693234 -0.637793 0.33562900000000007
vn -0.870972 -0.397745 0.288455
vn 0.858991 0.22144900000000003 0.461621
vn 0.935723 0.10851200000000001 0.33563
vn 0.771058 0.510338 0.38082099999999997
vn -0.872237 -0.290763 0.393268
vn -0.980441 0.033334000000000016 0.193971
vn 0.410209 0.786533 0.46162099999999995
vn 0.545481 0.767987 0.33562999999999993
vn 0.136683 0.91449 0.38082199999999994
vn -0.894317 0.13152200000000003 0.427667
vn -0.88212 0.429233 0.19396999999999998
vn -0.592043 -0.16879299999999994 0.788032
vn -0.732069 0.47061600000000003 0.49253899999999995
vn -0.585226 0.767815 0.26071099999999997
vn -0.166738 -0.640438 0.749692
vn -0.275969 0.842422 0.46278099999999994
vn -0.205728 0.919254 0.33562999999999993
vn 0.369686 -0.508829 0.777448
vn -0.075478 -0.31725899999999996 0.945331
vn 0.672205 -0.07065199999999996 0.736986
vn 0.308129 -0.03238599999999994 0.950793
vn 0.467399 0.42084800000000006 0.777448
vn 0.004095 -0.00042999999999993873 0.999992
vn 0 0.675908 0.736986
vn 0.011025 0.31911000000000006 0.947654
vn -0.467834 0.41171100000000005 0.782064
vn -0.33331 0.037231000000000056 0.942082
g 01
f 1/1/1 2/2/2 3/3/3
f 4/4/4 5/5/5 6/6/6
f 7/7/7 8/8/8 9/9/9
f 10/10/10 11/11/11 12/12/12
f 13/13/13 14/14/14 15/15/15
f 16/16/16 17/17/17 18/18/18
f 19/19/19 20/20/20 21/21/21
f 22/22/22 23/23/23 24/24/24
f 25/25/25 26/26/26 27/27/27
f 28/28/28 29/29/29 30/30/30
f 31/31/31 32/32/32 33/33/33
f 34/34/34 35/35/35 36/36/36
f 37/37/37 38/38/38 39/39/39
f 40/40/40 41/41/41 42/42/42
f 43/43/43 44/44/44 45/45/45
f 46/46/46 47/47/47 48/48/48
f 49/49/49 50/50/50 51/51/51
f 52/52/52 53/53/53 54/54/54
f 55/55/55 56/56/56 57/57/57
f 58/58/58 59/59/59 60/60/60
f 61/61/61 62/62/62 63/63/63
f 64/64/64 65/65/65 66/66/66
f 67/67/67 68/68/68 69/69/69
f 70/70/70 71/71/71 72/72/72
f 73/73/73 74/74/74 75/75/75
f 76/76/76 77/77/77 78/78/78
f 79/79/79 80/80/80 81/81/81
f 82/82/82 83/83/83 84/84/84
f 85/85/85 86/86/86 87/87/87
f 88/88/88 89/89/89 90/90/90
f 91/91/91 92/92/92 93/93/93
f 94/94/94 95/95/95 96/96/96
f 97/97/97 98/98/98 99/99/99
f 100/100/100 101/101/101 102/102/102
f 103/103/103 104/104/104 105/105/105
f 106/106/106 107/107/107 108/108/108
f 109/109/109 110/110/110 111/111/111
f 112/112/112 113/113/113 114/114/114
f 115/115/115 116/116/116 117/117/117
f 118/118/118 119/119/119 120/120/120
f 121/121/121 122/122/122 123/123/123
f 124/124/124 125/125/125 126/126/126
f 127/127/127 128/128/128 129/129/129
f 130/130/130 131/131/131 132/132/132
f 133/133/133 134/134/134 135/135/135
f 136/136/136 137/137/137 138/138/138
f 139/139/139 140/140/140 141/141/141
f 142/142/142 143/143/143 144/144/144
f 145/145/145 146/146/146 147/147/147
f 148/148/148 149/149/149 150/150/150
f 151/151/151 152/152/152 153/153/153
f 154/154/154 155/155/155 156/156/156
f 157/157/157 158/158/158 159/159/159
f 160/160/160 161/161/161 162/162/162
f 163/163/163 164/164/164 165/165/165
f 166/166/166 167/167/167 168/168/168
f 169/169/169 170/170/170 171/171/171
f 172/172/172 173/173/173 174/174/174
f 175/175/175 176/176/176 177/177/177
f 178/178/178 179/179/179 180/180/180
f 181/181/181 182/182/182 183/183/183
f 184/184/184 185/185/185 186/186/186
f 187/187/187 188/188/188 189/189/189
f 190/190/190 191/191/191 192/192/192
f 193/193/193 194/194/194 195/195/195
f 196/196/196 197/197/197 198/198/198
f 199/199/199 200/200/200 201/201/201
f 202/202/202 203/203/203 204/204/204
f 205/205/205 206/206/206 207/207/207
f 208/208/208 209/209/209 210/210/210
f 211/211/211 212/212/212 213/213/213
f 214/214/214 215/215/215 216/216/216
f 217/217/217 218/218/218 219/219/219
f 220/220/220 221/221/221 222/222/222
f 223/223/223 224/224/224 225/225/225
f 226/226/226 227/227/227 228/228/228
f 229/229/229 230/230/230 231/231/231
f 232/232/232 233/233/233 234/234/234
f 235/235/235 236/236/236 237/237/237
f 238/238/238 239/239/239 240/240/240
f 241/241/241 242/242/242 243/243/243
f 244/244/244 245/245/245 246/246/246
f 247/247/247 248/248/248 249/249/249
f 250/250/250 251/251/251 252/252/252
f 253/253/253 254/254/254 255/255/255
f 256/256/256 257/257/257 258/258/258
f 259/259/259 260/260/260 261/261/261
f 262/262/262 263/263/263 264/264/264
f 265/265/265 266/266/266 267/267/267
f 268/268/268 269/269/269 270/270/270
f 271/271/271 272/272/272 273/273/273
f 274/274/274 275/275/275 276/276/276
f 277/277/277 278/278/278 279/279/279
f 280/280/280 281/281/281 282/282/282
f 283/283/283 284/284/284 285/285/285
f 286/286/286 287/287/287 288/288/288
f 289/289/289 290/290/290 291/291/291
f 292/292/292 293/293/293 294/294/294
f 295/295/295 296/296/296 297/297/297
f 298/298/298 299/299/299 300/300/300
f 301/301/301 302/302/302 303/303/303
f 304/304/304 305/305/305 306/306/306
f 307/307/307 308/308/308 309/309/309
f 310/310/310 311/311/311 312/312/312
f 313/313/313 314/314/314 315/315/315
f 316/316/316 317/317/317 318/318/318
f 319/319/319 320/320/320 321/321/321
f 322/322/322 323/323/323 324/324/324
f 325/325/325 326/326/326 327/327/327
f 328/328/328 329/329/329 330/330/330
f 331/331/331 332/332/332 333/333/333
f 334/334/334 335/335/335 336/336/336
f 337/337/337 338/338/338 339/339/339
f 340/340/340 341/341/341 342/342/342
f 343/343/343 344/344/344 345/345/345
f 346/346/346 347/347/347 348/348/348
f 349/349/349 350/350/350 351/351/351
f 352/352/352 353/353/353 354/354/354
f 355/355/355 356/356/356 357/357/357
f 358/358/358 359/359/359 360/360/360
f 361/361/361 362/362/362 363/363/363
f 364/364/364 365/365/365 366/366/366
f 367/367/367 368/368/368 369/369/369
f 370/370/370 371/371/371 372/372/372
f 373/373/373 374/374/374 375/375/375
f 376/376/376 377/377/377 378/378/378
f 379/379/379 380/380/380 381/381/381
f 382/382/382 383/383/383 384/384/384
f 385/385/385 386/386/386 387/387/387
f 388/388/388 389/389/389 390/390/390
f 391/391/391 392/392/392 393/393/393
f 394/394/394 395/395/395 396/396/396
f 397/397/397 398/398/398 399/399/399
f 400/400/400 401/401/401 402/402/402
f 403/403/403 404/404/404 405/405/405
f 406/406/406 407/407/407 408/408/408
f 409/409/409 410/410/410 411/411/411
f 412/412/412 413/413/413 414/414/414
f 415/415/415 416/416/416 417/417/417
f 418/418/418 419/419/419 420/420/420
f 421/421/421 422/422/422 423/423/423
f 424/424/424 425/425/425 426/426/426
f 427/427/427 428/428/428 429/429/429
f 430/430/430 431/431/431 432/432/432
f 433/433/433 434/434/434 435/435/435
f 436/436/436 437/437/437 438/438/438
f 439/439/439 440/440/440 441/441/441
f 442/442/442 443/443/443 444/444/444
f 445/445/445 446/446/446 447/447/447
f 448/448/448 449/449/449 450/450/450
f 451/451/451 452/452/452 453/453/453
f 454/454/454 455/455/455 456/456/456
f 457/457/457 458/458/458 459/459/459
f 460/460/460 461/461/461 462/462/462
f 463/463/463 464/464/464 465/465/465
f 466/466/466 467/467/467 468/468/468
f 469/469/469 470/470/470 471/471/471
f 472/472/472 473/473/473 474/474/474
f 475/475/475 476/476/476 477/477/477
f 478/478/478 479/479/479 480/480/480
f 481/481/481 482/482/482 483/483/483
f 484/484/484 485/485/485 486/486/486
f 487/487/487 488/488/488 489/489/489
f 490/490/490 491/491/491 492/492/492
f 493/493/493 494/494/494 495/495/495
f 496/496/496 497/497/497 498/498/498
f 499/499/499 500/500/500 501/501/501
f 502/502/502 503/503/503 504/504/504
f 505/505/505 506/506/506 507/507/507
f 508/508/508 509/509/509 510/510/510
f 511/511/511 512/512/512 513/513/513
f 514/514/514 515/515/515 516/516/516
f 517/517/517 518/518/518 519/519/519
f 520/520/520 521/521/521 522/522/522
f 523/523/523 524/524/524 525/525/525
f 526/526/526 527/527/527 528/528/528
f 529/529/529 530/530/530 531/531/531
f 532/532/532 533/533/533 534/534/534
f 535/535/535 536/536/536 537/537/537
f 538/538/538 539/539/539 540/540/540
f 541/541/541 542/542/542 543/543/543
f 544/544/544 545/545/545 546/546/546
f 547/547/547 548/548/548 549/549/549
f 550/550/550 551/551/551 552/552/552
f 553/553/553 554/554/554 555/555/555
f 556/556/556 557/557/557 558/558/558
f 559/559/559 560/560/560 561/561/561
f 562/562/562 563/563/563 564/564/564
f 565/565/565 566/566/566 567/567/567
f 568/568/568 569/569/569 570/570/570
f 571/571/571 572/572/572 573/573/573
f 574/574/574 575/575/575 576/576/576
f 577/577/577 578/578/578 579/579/579
f 580/580/580 581/581/581 582/582/582
f 583/583/583 584/584/584 585/585/585
f 586/586/586 587/587/587 588/588/588
f 589/589/589 590/590/590 591/591/591
f 592/592/592 593/593/593 594/594/594
f 595/595/595 596/596/596 597/597/597
f 598/598/598 599/599/599 600/600/600
f 601/601/601 602/602/602 603/603/603
f 604/604/604 605/605/605 606/606/606
f 607/607/607 608/608/608 609/609/609
f 610/610/610 611/611/611 612/612/612
f 613/613/613 614/614/614 615/615/615
f 616/616/616 617/617/617 618/618/618
f 619/619/619 620/620/620 621/621/621
f 622/622/622 623/623/623 624/624/624
f 625/625/625 626/626/626 627/627/627
f 628/628/628 629/629/629 630/630/630
f 631/631/631 632/632/632 633/633/633
f 634/634/634 635/635/635 636/636/636
f 637/637/637 638/638/638 639/639/639
f 640/640/640 641/641/641 642/642/642
f 643/643/643 644/644/644 645/645/645
f 646/646/646 647/647/647 648/648/648
f 649/649/649 650/650/650 651/651/651
f 652/652/652 653/653/653 654/654/654
f 655/655/655 656/656/656 657/657/657
f 658/658/658 659/659/659 660/660/660
f 661/661/661 662/662/662 663/663/663
f 664/664/664 665/665/665 666/666/666
f 667/667/667 668/668/668 669/669/669
f 670/670/670 671/671/671 672/672/672
f 673/673/673 674/674/674 675/675/675
f 676/676/676 677/677/677 678/678/678
f 679/679/679 680/680/680 681/681/681
f 682/682/682 683/683/683 684/684/684
f 685/685/685 686/686/686 687/687/687
f 688/688/688 689/689/689 690/690/690
f 691/691/691 692/692/692 693/693/693
f 694/694/694 695/695/695 696/696/696
f 697/697/697 698/698/698 699/699/699
f 700/700/700 701/701/701 702/702/702
f 703/703/703 704/704/704 705/705/705
f 706/706/706 707/707/707 708/708/708
f 709/709/709 710/710/710 711/711/711
f 712/712/712 713/713/713 714/714/714
f 715/715/715 716/716/716 717/717/717
f 718/718/718 719/719/719 720/720/720
f 721/721/721 722/722/722 723/723/723
f 724/724/724 725/725/725 726/726/726
f 727/727/727 728/728/728 729/729/729
f 730/730/730 731/731/731 732/732/732
f 733/733/733 734/734/734 735/735/735
f 736/736/736 737/737/737 738/738/738
f 739/739/739 740/740/740 741/741/741
f 742/742/742 743/743/743 744/744/744
f 745/745/745 746/746/746 747/747/747
f 748/748/748 749/749/749 750/750/750
f 751/751/751 752/752/752 753/753/753
f 754/754/754 755/755/755 756/756/756
f 757/757/757 758/758/758 759/759/759
f 760/760/760 761/761/761 762/762/762
f 763/763/763 764/764/764 765/765/765
f 766/766/766 767/767/767 768/768/768
f 769/769/769 770/770/770 771/771/771
f 772/772/772 773/773/773 774/774/774
f 775/775/775 776/776/776 777/777/777
f 778/778/778 779/779/779 780/780/780
f 781/781/781 782/782/782 783/783/783
f 784/784/784 785/785/785 786/786/786
f 787/787/787 788/788/788 789/789/789
f 790/790/790 791/791/791 792/792/792
f 793/793/793 794/794/794 795/795/795
f 796/796/796 797/797/797 798/798/798
f 799/799/799 800/800/800 801/801/801
f 802/802/802 803/803/803 804/804/804
f 805/805/805 806/806/806 807/807/807
f 808/808/808 809/809/809 810/810/810
f 811/811/811 812/812/812 813/813/813
f 814/814/814 815/815/815 816/816/816
f 817/817/817 818/818/818 819/819/819
f 820/820/820 821/821/821 822/822/822
f 823/823/823 824/824/824 825/825/825
f 826/826/826 827/827/827 828/828/828
f 829/829/829 830/830/830 831/831/831
f 832/832/832 833/833/833 834/834/834
f 835/835/835 836/836/836 837/837/837
f 838/838/838 839/839/839 840/840/840
f 841/841/841 842/842/842 843/843/843
f 844/844/844 845/845/845 846/846/846
f 847/847/847 848/848/848 849/849/849
f 850/850/850 851/851/851 852/852/852
f 853/853/853 854/854/854 855/855/855
f 856/856/856 857/857/857 858/858/858
f 859/859/859 860/860/860 861/861/861
f 862/862/862 863/863/863 864/864/864
f 865/865/865 866/866/866 867/867/867
f 868/868/868 869/869/869 870/870/870
f 871/871/871 872/872/872 873/873/873
f 874/874/874 875/875/875 876/876/876
f 877/877/877 878/878/878 879/879/879
f 880/880/880 881/881/881 882/882/882
f 883/883/883 884/884/884 885/885/885
f 886/886/886 887/887/887 888/888/888
f 889/889/889 890/890/890 891/891/891
f 892/892/892 893/893/893 894/894/894
f 895/895/895 896/896/896 897/897/897
f 898/898/898 899/899/899 900/900/900
f 901/901/901 902/902/902 903/903/903
f 904/904/904 905/905/905 906/906/906
f 907/907/907 908/908/908 909/909/909
f 910/910/910 911/911/911 912/912/912
f 913/913/913 914/914/914 915/915/915
f 916/916/916 917/917/917 918/918/918
f 919/919/919 920/920/920 921/921/921
f 922/922/922 923/923/923 924/924/924
f 925/925/925 926/926/926 927/927/927
f 928/928/928 929/929/929 930/930/930
f 931/931/931 929/929/929 932/932/932
f 931/931/931 933/933/933 934/934/934
f 934/934/934 935/935/935 931/931/931
f 935/935/935 934/934/934 936/936/936
f 936/936/936 934/934/934 937/937/937
f 931/931/931 935/935/935 938/938/938
f 936/936/936 938/938/938 935/935/935
f 937/937/937 939/939/939 936/936/936
f 938/938/938 940/940/940 931/931/931
f 931/931/931 940/940/940 941/941/941
f 942/942/942 938/938/938 936/936/936
f 941/941/941 940/940/940 943/943/943
f 943/943/943 940/940/940 938/938/938
f 943/943/943 944/944/944 941/941/941
f 938/938/938 942/942/942 943/943/943
f 945/945/945 946/946/946 943/943/943
f 936/936/936 947/947/947 942/942/942
f 943/943/943 942/942/942 947/947/947
f 947/947/947 936/936/936 939/939/939
f 947/947/947 948/948/948 943/943/943
f 943/943/943 948/948/948 949/949/949
f 949/949/949 948/948/948 950/950/950
f 950/950/950 948/948/948 947/947/947
f 950/950/950 951/951/951 949/949/949
f 947/947/947 952/952/952 950/950/950
f 939/939/939 952/952/952 947/947/947
f 953/953/953 954/954/954 952/952/952
f 955/955/955 939/939/939 956/956/956
f 957/957/957 956/956/956 939/939/939
f 939/939/939 958/958/958 957/957/957
f 959/959/959 956/956/956 957/957/957
f 957/957/957 960/960/960 959/959/959
f 957/957/957 961/961/961 962/962/962
f 963/963/963 964/964/964 957/957/957
f 957/957/957 964/964/964 965/965/965
f 966/966/966 967/967/967 968/968/968
f 969/969/969 968/968/968 970/970/970
f 971/971/971 972/972/972 969/969/969
f 973/973/973 974/974/974 969/969/969
f 975/975/975 976/976/976 977/977/977
f 978/978/978 979/979/979 975/975/975
f 980/980/980 979/979/979 978/978/978
f 975/975/975 981/981/981 978/978/978
f 982/982/982 978/978/978 981/981/981
f 978/978/978 983/983/983 984/984/984
f 985/985/985 986/986/986 987/987/987
f 986/986/986 988/988/988 989/989/989
f 990/990/990 986/986/986 991/991/991
f 992/992/992 993/993/993 994/994/994
f 995/995/995 996/996/996 992/992/992
f 997/997/997 992/992/992 996/996/996
f 996/996/996 998/998/998 997/997/997
f 999/999/999 1000/1000/1000 996/996/996
f 1001/1001/1001 1002/1002/1002 999/999/999
f 999/999/999 1003/1003/1003 1001/1001/1001
f 1004/1004/1004 1005/1005/1005 1006/1006/1006
f 1006/1006/1006 1007/1007/1007 1008/1008/1008
f 1006/1006/1006 1009/1009/1009 1010/1010/1010
f 1011/1011/1011 1012/1012/1012 1013/1013/1013
f 1014/1014/1014 1015/1015/1015 1011/1011/1011
f 1016/1016/1016 1011/1011/1011 1015/1015/1015
f 1015/1015/1015 1017/1017/1017 1016/1016/1016
f 1016/1016/1016 1018/1018/1018 1019/1019/1019
f 1019/1019/1019 1018/1018/1018 1020/1020/1020
f 1020/1020/1020 1021/1021/1021 1019/1019/1019
f 1022/1022/1022 1023/1023/1023 1024/1024/1024
f 1024/1024/1024 1025/1025/1025 1026/1026/1026
f 1027/1027/1027 1028/1028/1028 1024/1024/1024
f 1024/1024/1024 1029/1029/1029 1030/1030/1030
f 1031/1031/1031 1029/1029/1029 1032/1032/1032
f 1031/1031/1031 1032/1032/1032 1033/1033/1033
f 1032/1032/1032 1034/1034/1034 1033/1033/1033
f 1035/1035/1035 1033/1033/1033 1034/1034/1034
f 1031/1031/1031 1036/1036/1036 1035/1035/1035
f 1034/1034/1034 1037/1037/1037 1035/1035/1035
f 1035/1035/1035 1037/1037/1037 1038/1038/1038
f 1035/1035/1035 1039/1039/1039 1031/1031/1031
f 1038/1038/1038 1040/1040/1040 1035/1035/1035
f 1039/1039/1039 1035/1035/1035 1040/1040/1040
f 1040/1040/1040 1041/1041/1041 1039/1039/1039
f 1042/1042/1042 1043/1043/1043 1044/1044/1044
f 1044/1044/1044 1045/1045/1045 1042/1042/1042
f 1046/1046/1046 1047/1047/1047 1048/1048/1048
f 1048/1048/1048 1049/1049/1049 1046/1046/1046
f 1050/1050/1050 1051/1051/1051 1052/1052/1052
f 1052/1052/1052 1053/1053/1053 1050/1050/1050
f 1054/1054/1054 1055/1055/1055 1056/1056/1056
f 1056/1056/1056 1057/1057/1057 1054/1054/1054
f 1058/1058/1058 1059/1059/1059 1060/1060/1060
f 1060/1060/1060 1061/1061/1061 1058/1058/1058
f 1062/1062/1062 1063/1063/1063 1064/1064/1064
f 1064/1064/1064 1065/1065/1065 1062/1062/1062
f 1066/1066/1066 1067/1067/1067 1068/1068/1068
f 1068/1068/1068 1069/1069/1069 1066/1066/1066
f 1070/1070/1070 1071/1071/1071 1072/1072/1072
f 1072/1072/1072 1073/1073/1073 1070/1070/1070
f 1074/1074/1074 1075/1075/1075 1076/1076/1076
f 1076/1076/1076 1077/1077/1077 1074/1074/1074
f 1078/1078/1078 1079/1079/1079 1080/1080/1080
f 1080/1080/1080 1081/1081/1081 1078/1078/1078
f 1082/1082/1082 1083/1083/1083 1084/1084/1084
f 1084/1084/1084 1085/1085/1085 1082/1082/1082
f 1086/1086/1086 1087/1087/1087 1088/1088/1088
f 1088/1088/1088 1089/1089/1089 1086/1086/1086
f 1090/1090/1090 1091/1091/1091 1092/1092/1092
f 1092/1092/1092 1093/1093/1093 1090/1090/1090
f 1094/1094/1094 1095/1095/1095 1096/1096/1096
f 1096/1096/1096 1097/1097/1097 1094/1094/1094
f 1098/1098/1098 1099/1099/1099 1100/1100/1100
f 1100/1100/1100 1101/1101/1101 1098/1098/1098
f 1102/1102/1102 1103/1103/1103 1104/1104/1104
f 1104/1104/1104 1105/1105/1105 1102/1102/1102
f 1106/1106/1106 1107/1107/1107 1108/1108/1108
f 1108/1108/1108 1109/1109/1109 1106/1106/1106
f 1110/1110/1110 1111/1111/1111 1112/1112/1112
f 1112/1112/1112 1113/1113/1113 1110/1110/1110
f 1114/1114/1114 1115/1115/1115 1116/1116/1116
f 1116/1116/1116 1117/1117/1117 1114/1114/1114
f 1118/1118/1118 1119/1119/1119 1120/1120/1120
f 1120/1120/1120 1121/1121/1121 1118/1118/1118
f 1122/1122/1122 1123/1123/1123 1124/1124/1124
f 1124/1124/1124 1125/1125/1125 1122/1122/1122
f 1126/1126/1126 1127/1127/1127 1128/1128/1128
f 1128/1128/1128 1129/1129/1129 1126/1126/1126
f 1130/1130/1130 1131/1131/1131 1132/1132/1132
f 1132/1132/1132 1133/1133/1133 1130/1130/1130
f 1134/1134/1134 1135/1135/1135 1136/1136/1136
f 1136/1136/1136 1137/1137/1137 1134/1134/1134
f 1138/1138/1138 1139/1139/1139 1140/1140/1140
f 1140/1140/1140 1141/1141/1141 1138/1138/1138
f 1142/1142/1142 1143/1143/1143 1144/1144/1144
f 1144/1144/1144 1145/1145/1145 1142/1142/1142
f 1146/1146/1146 1147/1147/1147 1148/1148/1148
f 1148/1148/1148 1149/1149/1149 1146/1146/1146
f 1150/1150/1150 1151/1151/1151 1152/1152/1152
f 1152/1152/1152 1153/1153/1153 1150/1150/1150
f 1154/1154/1154 1155/1155/1155 1156/1156/1156
f 1156/1156/1156 1157/1157/1157 1154/1154/1154
f 1158/1158/1158 1159/1159/1159 1160/1160/1160
f 1160/1160/1160 1161/1161/1161 1158/1158/1158
f 1162/1162/1162 1163/1163/1163 1164/1164/1164
f 1164/1164/1164 1165/1165/1165 1162/1162/1162
f 1166/1166/1166 1167/1167/1167 1168/1168/1168
f 1168/1168/1168 1169/1169/1169 1166/1166/1166
f 1170/1170/1170 1171/1171/1171 1172/1172/1172
f 1172/1172/1172 1173/1173/1173 1170/1170/1170
f 1174/1174/1174 1175/1175/1175 1176/1176/1176
f 1176/1176/1176 1177/1177/1177 1174/1174/1174
f 1178/1178/1178 1179/1179/1179 1180/1180/1180
f 1180/1180/1180 1181/1181/1181 1178/1178/1178
f 1182/1182/1182 1183/1183/1183 1184/1184/1184
f 1184/1184/1184 1185/1185/1185 1182/1182/1182
f 1186/1186/1186 1187/1187/1187 1188/1188/1188
f 1188/1188/1188 1189/1189/1189 1186/1186/1186
f 1190/1190/1190 1191/1191/1191 1192/1192/1192
f 1192/1192/1192 1193/1193/1193 1190/1190/1190
f 1194/1194/1194 1195/1195/1195 1196/1196/1196
f 1196/1196/1196 1197/1197/1197 1194/1194/1194
f 1198/1198/1198 1199/1199/1199 1200/1200/1200
f 1200/1200/1200 1201/1201/1201 1198/1198/1198
f 1202/1202/1202 1203/1203/1203 1204/1204/1204
f 1204/1204/1204 1205/1205/1205 1202/1202/1202
f 1206/1206/1206 1207/1207/1207 1208/1208/1208
f 1208/1208/1208 1209/1209/1209 1206/1206/1206
f 1210/1210/1210 1211/1211/1211 1212/1212/1212
f 1212/1212/1212 1213/1213/1213 1210/1210/1210
f 1214/1214/1214 1215/1215/1215 1216/1216/1216
f 1216/1216/1216 1217/1217/1217 1214/1214/1214
f 1218/1218/1218 1219/1219/1219 1220/1220/1220
f 1220/1220/1220 1221/1221/1221 1218/1218/1218
f 1222/1222/1222 1223/1223/1223 1224/1224/1224
f 1224/1224/1224 1225/1225/1225 1222/1222/1222
f 1226/1226/1226 1227/1227/1227 1228/1228/1228
f 1228/1228/1228 1229/1229/1229 1226/1226/1226
f 1230/1230/1230 1231/1231/1231 1232/1232/1232
f 1232/1232/1232 1233/1233/1233 1230/1230/1230
f 1234/1234/1234 1235/1235/1235 1236/1236/1236
f 1236/1236/1236 1237/1237/1237 1234/1234/1234
f 1238/1238/1238 1239/1239/1239 1240/1240/1240
f 1240/1240/1240 1241/1241/1241 1238/1238/1238
f 1242/1242/1242 1243/1243/1243 1244/1244/1244
f 1244/1244/1244 1245/1245/1245 1242/1242/1242
f 1246/1246/1246 1247/1247/1247 1248/1248/1248
f 1248/1248/1248 1249/1249/1249 1246/1246/1246
f 1250/1250/1250 1251/1251/1251 1252/1252/1252
f 1252/1252/1252 1253/1253/1253 1250/1250/1250
f 1254/1254/1254 1255/1255/1255 1256/1256/1256
f 1256/1256/1256 1257/1257/1257 1254/1254/1254
f 1258/1258/1258 1259/1259/1259 1260/1260/1260
f 1260/1260/1260 1261/1261/1261 1258/1258/1258
f 1262/1262/1262 1263/1263/1263 1264/1264/1264
f 1264/1264/1264 1265/1265/1265 1262/1262/1262
f 1266/1266/1266 1267/1267/1267 1268/1268/1268
f 1268/1268/1268 1269/1269/1269 1266/1266/1266
f 1270/1270/1270 1271/1271/1271 1272/1272/1272
f 1272/1272/1272 1273/1273/1273 1270/1270/1270
f 1274/1274/1274 1275/1275/1275 1276/1276/1276
f 1276/1276/1276 1277/1277/1277 1274/1274/1274
f 1278/1278/1278 1279/1279/1279 1280/1280/1280
f 1280/1280/1280 1281/1281/1281 1278/1278/1278
f 1282/1282/1282 1283/1283/1283 1284/1284/1284
f 1284/1284/1284 1285/1285/1285 1282/1282/1282
f 1286/1286/1286 1287/1287/1287 1288/1288/1288
f 1288/1288/1288 1289/1289/1289 1286/1286/1286
f 1290/1290/1290 1291/1291/1291 1292/1292/1292
f 1292/1292/1292 1293/1293/1293 1290/1290/1290
f 1294/1294/1294 1295/1295/1295 1296/1296/1296
f 1296/1296/1296 1297/1297/1297 1294/1294/1294
f 1298/1298/1298 1299/1299/1299 1300/1300/1300
f 1300/1300/1300 1301/1301/1301 1298/1298/1298
f 1302/1302/1302 1303/1303/1303 1304/1304/1304
f 1304/1304/1304 1305/1305/1305 1302/1302/1302
f 1306/1306/1306 1307/1307/1307 1308/1308/1308
f 1308/1308/1308 1309/1309/1309 1306/1306/1306
f 1310/1310/1310 1311/1311/1311 1312/1312/1312
f 1312/1312/1312 1313/1313/1313 1310/1310/1310
f 1314/1314/1314 1315/1315/1315 1316/1316/1316
f 1316/1316/1316 1317/1317/1317 1314/1314/1314
f 1318/1318/1318 1319/1319/1319 1320/1320/1320
f 1320/1320/1320 1321/1321/1321 1318/1318/1318
f 1322/1322/1322 1323/1323/1323 1324/1324/1324
f 1324/1324/1324 1325/1325/1325 1322/1322/1322
f 1326/1326/1326 1327/1327/1327 1328/1328/1328
f 1328/1328/1328 1329/1329/1329 1326/1326/1326
f 1330/1330/1330 1331/1331/1331 1332/1332/1332
f 1332/1332/1332 1333/1333/1333 1330/1330/1330
f 1334/1334/1334 1335/1335/1335 1336/1336/1336
f 1336/1336/1336 1337/1337/1337 1334/1334/1334
f 1338/1338/1338 1339/1339/1339 1340/1340/1340
f 1340/1340/1340 1341/1341/1341 1338/1338/1338
f 1342/1342/1342 1343/1343/1343 1344/1344/1344
f 1344/1344/1344 1345/1345/1345 1342/1342/1342
f 1346/1346/1346 1347/1347/1347 1348/1348/1348
f 1348/1348/1348 1349/1349/1349 1346/1346/1346
f 1350/1350/1350 1351/1351/1351 1352/1352/1352
f 1352/1352/1352 1353/1353/1353 1350/1350/1350
f 1354/1354/1354 1355/1355/1355 1356/1356/1356
f 1356/1356/1356 1357/1357/1357 1354/1354/1354
f 1358/1358/1358 1359/1359/1359 1360/1360/1360
f 1360/1360/1360 1361/1361/1361 1358/1358/1358
f 1362/1362/1362 1363/1363/1363 1364/1364/1364
f 1364/1364/1364 1365/1365/1365 1362/1362/1362
f 1366/1366/1366 1367/1367/1367 1368/1368/1368
f 1368/1368/1368 1369/1369/1369 1366/1366/1366
f 1370/1370/1370 1371/1371/1371 1372/1372/1372
f 1372/1372/1372 1373/1373/1373 1370/1370/1370
f 1374/1374/1374 1375/1375/1375 1376/1376/1376
f 1376/1376/1376 1377/1377/1377 1374/1374/1374
f 1378/1378/1378 1379/1379/1379 1380/1380/1380
f 1380/1380/1380 1381/1381/1381 1378/1378/1378
f 1382/1382/1382 1383/1383/1383 1384/1384/1384
f 1384/1384/1384 1385/1385/1385 1382/1382/1382
f 1386/1386/1386 1387/1387/1387 1388/1388/1388
f 1388/1388/1388 1389/1389/1389 1386/1386/1386
f 1390/1390/1390 1391/1391/1391 1392/1392/1392
f 1392/1392/1392 1393/1393/1393 1390/1390/1390
f 1394/1394/1394 1395/1395/1395 1396/1396/1396
f 1396/1396/1396 1397/1397/1397 1394/1394/1394
f 1398/1398/1398 1399/1399/1399 1400/1400/1400
f 1400/1400/1400 1401/1401/1401 1398/1398/1398
f 1402/1402/1402 1403/1403/1403 1404/1404/1404
f 1404/1404/1404 1405/1405/1405 1402/1402/1402
f 1406/1406/1406 1407/1407/1407 1408/1408/1408
f 1408/1408/1408 1409/1409/1409 1406/1406/1406
f 1410/1410/1410 1411/1411/1411 1412/1412/1412
f 1412/1412/1412 1413/1413/1413 1410/1410/1410
f 1414/1414/1414 1415/1415/1415 1416/1416/1416
f 1416/1416/1416 1417/1417/1417 1414/1414/1414
f 1418/1418/1418 1419/1419/1419 1420/1420/1420
f 1420/1420/1420 1421/1421/1421 1418/1418/1418
f 1422/1422/1422 1423/1423/1423 1424/1424/1424
f 1424/1424/1424 1425/1425/1425 1422/1422/1422
f 1426/1426/1426 1427/1427/1427 1428/1428/1428
f 1428/1428/1428 1429/1429/1429 1426/1426/1426
f 1430/1430/1430 1431/1431/1431 1432/1432/1432
f 1432/1432/1432 1433/1433/1433 1430/1430/1430
f 1434/1434/1434 1435/1435/1435 1436/1436/1436
f 1436/1436/1436 1437/1437/1437 1434/1434/1434
f 1438/1438/1438 1439/1439/1439 1440/1440/1440
f 1440/1440/1440 1441/1441/1441 1438/1438/1438
f 1442/1442/1442 1443/1443/1443 1444/1444/1444
f 1444/1444/1444 1445/1445/1445 1442/1442/1442
f 1446/1446/1446 1447/1447/1447 1448/1448/1448
f 1448/1448/1448 1449/1449/1449 1446/1446/1446
f 1450/1450/1450 1451/1451/1451 1452/1452/1452
f 1452/1452/1452 1453/1453/1453 1450/1450/1450
f 1454/1454/1454 1455/1455/1455 1456/1456/1456
f 1456/1456/1456 1457/1457/1457 1454/1454/1454
f 1458/1458/1458 1459/1459/1459 1460/1460/1460
f 1460/1460/1460 1461/1461/1461 1458/1458/1458
f 1462/1462/1462 1463/1463/1463 1464/1464/1464
f 1464/1464/1464 1465/1465/1465 1462/1462/1462
f 1466/1466/1466 1467/1467/1467 1468/1468/1468
f 1468/1468/1468 1469/1469/1469 1466/1466/1466
f 1470/1470/1470 1471/1471/1471 1472/1472/1472
f 1472/1472/1472 1473/1473/1473 1470/1470/1470
f 1474/1474/1474 1475/1475/1475 1476/1476/1476
f 1476/1476/1476 1477/1477/1477 1474/1474/1474
f 1478/1478/1478 1479/1479/1479 1480/1480/1480
f 1480/1480/1480 1481/1481/1481 1478/1478/1478
f 1482/1482/1482 1483/1483/1483 1484/1484/1484
f 1484/1484/1484 1485/1485/1485 1482/1482/1482
f 1486/1486/1486 1487/1487/1487 1488/1488/1488
f 1488/1488/1488 1489/1489/1489 1486/1486/1486
f 1490/1490/1490 1491/1491/1491 1492/1492/1492
f 1492/1492/1492 1493/1493/1493 1490/1490/1490
f 1494/1494/1494 1495/1495/1495 1496/1496/1496
f 1496/1496/1496 1497/1497/1497 1494/1494/1494
f 1498/1498/1498 1499/1499/1499 1500/1500/1500
f 1500/1500/1500 1501/1501/1501 1498/1498/1498
f 1502/1502/1502 1503/1503/1503 1504/1504/1504
f 1504/1504/1504 1505/1505/1505 1502/1502/1502
f 1506/1506/1506 1507/1507/1507 1508/1508/1508
f 1508/1508/1508 1509/1509/1509 1506/1506/1506
f 1510/1510/1510 1511/1511/1511 1512/1512/1512
f 1512/1512/1512 1513/1513/1513 1510/1510/1510
f 1514/1514/1514 1515/1515/1515 1516/1516/1516
f 1516/1516/1516 1517/1517/1517 1514/1514/1514
f 1518/1518/1518 1519/1519/1519 1520/1520/1520
f 1520/1520/1520 1521/1521/1521 1518/1518/1518
f 1522/1522/1522 1523/1523/1523 1524/1524/1524
f 1524/1524/1524 1525/1525/1525 1522/1522/1522
f 1526/1526/1526 1527/1527/1527 1528/1528/1528
f 1528/1528/1528 1529/1529/1529 1526/1526/1526
f 1530/1530/1530 1531/1531/1531 1532/1532/1532
f 1532/1532/1532 1533/1533/1533 1530/1530/1530
f 1534/1534/1534 1535/1535/1535 1536/1536/1536
f 1536/1536/1536 1537/1537/1537 1534/1534/1534
f 1538/1538/1538 1539/1539/1539 1540/1540/1540
f 1540/1540/1540 1541/1541/1541 1538/1538/1538
f 1542/1542/1542 1543/1543/1543 1544/1544/1544
f 1544/1544/1544 1545/1545/1545 1542/1542/1542
f 1546/1546/1546 1547/1547/1547 1548/1548/1548
f 1548/1548/1548 1549/1549/1549 1546/1546/1546
f 1550/1550/1550 1551/1551/1551 1552/1552/1552
f 1552/1552/1552 1553/1553/1553 1550/1550/1550
f 1554/1554/1554 1555/1555/1555 1556/1556/1556
f 1556/1556/1556 1557/1557/1557 1554/1554/1554
f 1558/1558/1558 1559/1559/1559 1560/1560/1560
f 1560/1560/1560 1561/1561/1561 1558/1558/1558
f 1562/1562/1562 1563/1563/1563 1564/1564/1564
f 1564/1564/1564 1565/1565/1565 1562/1562/1562
f 1566/1566/1566 1567/1567/1567 1568/1568/1568
f 1568/1568/1568 1569/1569/1569 1566/1566/1566
f 1570/1570/1570 1571/1571/1571 1572/1572/1572
f 1572/1572/1572 1573/1573/1573 1570/1570/1570
f 1574/1574/1574 1575/1575/1575 1576/1576/1576
f 1576/1576/1576 1577/1577/1577 1574/1574/1574
f 1578/1578/1578 1579/1579/1579 1580/1580/1580
f 1580/1580/1580 1581/1581/1581 1578/1578/1578
f 1582/1582/1582 1583/1583/1583 1584/1584/1584
f 1584/1584/1584 1585/1585/1585 1582/1582/1582
f 1586/1586/1586 1587/1587/1587 1588/1588/1588
f 1588/1588/1588 1589/1589/1589 1586/1586/1586
f 1590/1590/1590 1591/1591/1591 1592/1592/1592
f 1592/1592/1592 1593/1593/1593 1590/1590/1590
f 1594/1594/1594 1595/1595/1595 1596/1596/1596
f 1596/1596/1596 1597/1597/1597 1594/1594/1594
f 1598/1598/1598 1599/1599/1599 1600/1600/1600
f 1600/1600/1600 1601/1601/1601 1598/1598/1598
f 1602/1602/1602 1603/1603/1603 1604/1604/1604
f 1604/1604/1604 1605/1605/1605 1602/1602/1602
f 1606/1606/1606 1607/1607/1607 1608/1608/1608
f 1608/1608/1608 1609/1609/1609 1606/1606/1606
f 1610/1610/1610 1611/1611/1611 1612/1612/1612
f 1612/1612/1612 1613/1613/1613 1610/1610/1610
f 1614/1614/1614 1615/1615/1615 1616/1616/1616
f 1616/1616/1616 1617/1617/1617 1614/1614/1614
f 1618/1618/1618 1619/1619/1619 1620/1620/1620
f 1620/1620/1620 1621/1621/1621 1618/1618/1618
f 1622/1622/1622 1623/1623/1623 1624/1624/1624
f 1624/1624/1624 1625/1625/1625 1622/1622/1622
f 1626/1626/1626 1627/1627/1627 1628/1628/1628
f 1628/1628/1628 1629/1629/1629 1626/1626/1626
f 1630/1630/1630 1631/1631/1631 1632/1632/1632
f 1632/1632/1632 1633/1633/1633 1630/1630/1630
f 1634/1634/1634 1635/1635/1635 1636/1636/1636
f 1636/1636/1636 1637/1637/1637 1634/1634/1634
f 1638/1638/1638 1639/1639/1639 1640/1640/1640
f 1640/1640/1640 1641/1641/1641 1638/1638/1638
f 1642/1642/1642 1643/1643/1643 1644/1644/1644
f 1644/1644/1644 1645/1645/1645 1642/1642/1642
f 1646/1646/1646 1647/1647/1647 1648/1648/1648
f 1648/1648/1648 1649/1649/1649 1646/1646/1646
f 1650/1650/1650 1651/1651/1651 1652/1652/1652
f 1652/1652/1652 1653/1653/1653 1650/1650/1650
f 1654/1654/1654 1655/1655/1655 1656/1656/1656
f 1656/1656/1656 1657/1657/1657 1654/1654/1654
f 1658/1658/1658 1659/1659/1659 1660/1660/1660
f 1660/1660/1660 1661/1661/1661 1658/1658/1658
f 1662/1662/1662 1663/1663/1663 1664/1664/1664
f 1664/1664/1664 1665/1665/1665 1662/1662/1662
f 1666/1666/1666 1667/1667/1667 1668/1668/1668
f 1668/1668/1668 1669/1669/1669 1666/1666/1666
f 1670/1670/1670 1671/1671/1671 1672/1672/1672
f 1672/1672/1672 1673/1673/1673 1670/1670/1670
f 1674/1674/1674 1675/1675/1675 1676/1676/1676
f 1676/1676/1676 1677/1677/1677 1674/1674/1674
f 1678/1678/1678 1679/1679/1679 1680/1680/1680
f 1680/1680/1680 1681/1681/1681 1678/1678/1678
f 1682/1682/1682 1683/1683/1683 1684/1684/1684
f 1684/1684/1684 1685/1685/1685 1682/1682/1682
f 1686/1686/1686 1687/1687/1687 1688/1688/1688
f 1688/1688/1688 1689/1689/1689 1686/1686/1686
f 1690/1690/1690 1691/1691/1691 1692/1692/1692
f 1692/1692/1692 1693/1693/1693 1690/1690/1690
f 1694/1694/1694 1695/1695/1695 1696/1696/1696
f 1696/1696/1696 1697/1697/1697 1694/1694/1694
f 1698/1698/1698 1699/1699/1699 1697/1697/1697
f 1699/1699/1699 1700/1700/1700 1701/1701/1701
f 1701/1701/1701 1702/1702/1702 1699/1699/1699
f 1703/1703/1703 1704/1704/1704 1705/1705/1705
f 1705/1705/1705 1706/1706/1706 1703/1703/1703
f 1707/1707/1707 1708/1708/1708 1709/1709/1709
f 1709/1709/1709 1710/1710/1710 1707/1707/1707
f 1711/1711/1711 1712/1712/1712 1713/1713/1713
f 1713/1713/1713 1714/1714/1714 1711/1711/1711
f 1715/1715/1715 1716/1716/1716 1717/1717/1717
f 1717/1717/1717 1718/1718/1718 1715/1715/1715
f 1719/1719/1719 1720/1720/1720 1721/1721/1721
f 1721/1721/1721 1722/1722/1722 1719/1719/1719
f 1723/1723/1723 1724/1724/1724 1725/1725/1725
f 1725/1725/1725 1726/1726/1726 1723/1723/1723
f 1727/1727/1727 1728/1728/1728 1729/1729/1729
f 1729/1729/1729 1730/1730/1730 1727/1727/1727
f 1731/1731/1731 1732/1732/1732 1733/1733/1733
f 1733/1733/1733 1734/1734/1734 1731/1731/1731
f 1735/1735/1735 1736/1736/1736 1737/1737/1737
f 1736/1736/1736 1738/1738/1738 1737/1737/1737
f 1739/1739/1739 1740/1740/1740 1741/1741/1741
f 1741/1741/1741 1742/1742/1742 1739/1739/1739
f 1743/1743/1743 1744/1744/1744 1745/1745/1745
f 1745/1745/1745 1746/1746/1746 1743/1743/1743
f 1747/1747/1747 1748/1748/1748 1749/1749/1749
f 1749/1749/1749 1750/1750/1750 1747/1747/1747
f 1751/1751/1751 1752/1752/1752 1753/1753/1753
f 1753/1753/1753 1754/1754/1754 1751/1751/1751
f 1755/1755/1755 1756/1756/1756 1757/1757/1757
f 1757/1757/1757 1758/1758/1758 1755/1755/1755
f 1759/1759/1759 1760/1760/1760 1761/1761/1761
f 1761/1761/1761 1762/1762/1762 1759/1759/1759
f 1763/1763/1763 1764/1764/1764 1765/1765/1765
f 1765/1765/1765 1766/1766/1766 1763/1763/1763
f 1767/1767/1767 1768/1768/1768 1769/1769/1769
f 1769/1769/1769 1770/1770/1770 1767/1767/1767
f 1771/1771/1771 1772/1772/1772 1773/1773/1773
f 1773/1773/1773 1774/1774/1774 1771/1771/1771
f 1775/1775/1775 1776/1776/1776 1777/1777/1777
f 1777/1777/1777 1778/1778/1778 1775/1775/1775
f 1779/1779/1779 1780/1780/1780 1781/1781/1781
f 1781/1781/1781 1782/1782/1782 1779/1779/1779
f 1783/1783/1783 1784/1784/1784 1785/1785/1785
f 1785/1785/1785 1786/1786/1786 1783/1783/1783
f 1787/1787/1787 1788/1788/1788 1789/1789/1789
f 1789/1789/1789 1790/1790/1790 1787/1787/1787
f 1791/1791/1791 1792/1792/1792 1793/1793/1793
f 1793/1793/1793 1794/1794/1794 1791/1791/1791
f 1795/1795/1795 1796/1796/1796 1797/1797/1797
f 1797/1797/1797 1798/1798/1798 1795/1795/1795
f 1799/1799/1799 1800/1800/1800 1801/1801/1801
f 1801/1801/1801 1802/1802/1802 1799/1799/1799
f 1803/1803/1803 1804/1804/1804 1805/1805/1805
f 1805/1805/1805 1806/1806/1806 1803/1803/1803
f 1807/1807/1807 1808/1808/1808 1809/1809/1809
f 1809/1809/1809 1810/1810/1810 1807/1807/1807
f 1811/1811/1811 1812/1812/1812 1813/1813/1813
f 1813/1813/1813 1814/1814/1814 1811/1811/1811
f 1815/1815/1815 1816/1816/1816 1817/1817/1817
f 1817/1817/1817 1818/1818/1818 1815/1815/1815
f 1819/1819/1819 1820/1820/1820 1821/1821/1821
f 1821/1821/1821 1822/1822/1822 1819/1819/1819
f 1823/1823/1823 1824/1824/1824 1825/1825/1825
f 1825/1825/1825 1826/1826/1826 1823/1823/1823
f 1827/1827/1827 1828/1828/1828 1829/1829/1829
f 1829/1829/1829 1830/1830/1830 1827/1827/1827
f 1831/1831/1831 1832/1832/1832 1833/1833/1833
f 1833/1833/1833 1834/1834/1834 1831/1831/1831
f 1835/1835/1835 1836/1836/1836 1837/1837/1837
f 1837/1837/1837 1838/1838/1838 1835/1835/1835
f 1839/1839/1839 1840/1840/1840 1841/1841/1841
f 1841/1841/1841 1842/1842/1842 1839/1839/1839
f 1843/1843/1843 1844/1844/1844 1845/1845/1845
f 1845/1845/1845 1846/1846/1846 1843/1843/1843
f 1847/1847/1847 1848/1848/1848 1849/1849/1849
f 1849/1849/1849 1850/1850/1850 1847/1847/1847
f 1851/1851/1851 1852/1852/1852 1853/1853/1853
f 1853/1853/1853 1854/1854/1854 1851/1851/1851
f 1855/1855/1855 1856/1856/1856 1857/1857/1857
f 1857/1857/1857 1858/1858/1858 1855/1855/1855
f 1859/1859/1859 1860/1860/1860 1861/1861/1861
f 1861/1861/1861 1862/1862/1862 1859/1859/1859
f 1863/1863/1863 1864/1864/1864 1865/1865/1865
f 1865/1865/1865 1866/1866/1866 1863/1863/1863
f 1867/1867/1867 1868/1868/1868 1869/1869/1869
f 1869/1869/1869 1870/1870/1870 1867/1867/1867
f 1871/1871/1871 1872/1872/1872 1873/1873/1873
f 1873/1873/1873 1874/1874/1874 1871/1871/1871
f 1875/1875/1875 1876/1876/1876 1877/1877/1877
f 1877/1877/1877 1878/1878/1878 1875/1875/1875
f 1879/1879/1879 1880/1880/1880 1881/1881/1881
f 1881/1881/1881 1882/1882/1882 1879/1879/1879
f 1883/1883/1883 1884/1884/1884 1885/1885/1885
f 1885/1885/1885 1886/1886/1886 1883/1883/1883
f 1887/1887/1887 1888/1888/1888 1889/1889/1889
f 1889/1889/1889 1890/1890/1890 1887/1887/1887
f 1891/1891/1891 1892/1892/1892 1893/1893/1893
f 1892/1892/1892 1894/1894/1894 1893/1893/1893
f 1895/1895/1895 1896/1896/1896 1897/1897/1897
f 1897/1897/1897 1898/1898/1898 1895/1895/1895
f 1899/1899/1899 1900/1900/1900 1901/1901/1901
f 1901/1901/1901 1902/1902/1902 1899/1899/1899
f 1903/1903/1903 1904/1904/1904 1905/1905/1905
f 1905/1905/1905 1906/1906/1906 1903/1903/1903
f 1907/1907/1907 1908/1908/1908 1909/1909/1909
f 1909/1909/1909 1910/1910/1910 1907/1907/1907
f 1911/1911/1911 1912/1912/1912 1913/1913/1913
f 1913/1913/1913 1914/1914/1914 1911/1911/1911
f 1915/1915/1915 1916/1916/1916 1917/1917/1917
f 1917/1917/1917 1918/1918/1918 1915/1915/1915
f 1919/1919/1919 1920/1920/1920 1921/1921/1921
f 1921/1921/1921 1922/1922/1922 1919/1919/1919
f 1923/1923/1923 1924/1924/1924 1925/1925/1925
f 1925/1925/1925 1926/1926/1926 1923/1923/1923
f 1927/1927/1927 1928/1928/1928 1929/1929/1929
f 1929/1929/1929 1930/1930/1930 1927/1927/1927
f 1931/1931/1931 1932/1932/1932 1933/1933/1933
f 1933/1933/1933 1934/1934/1934 1931/1931/1931
f 1935/1935/1935 1936/1936/1936 1937/1937/1937
f 1937/1937/1937 1938/1938/1938 1935/1935/1935
f 1939/1939/1939 1940/1940/1940 1941/1941/1941
f 1941/1941/1941 1942/1942/1942 1939/1939/1939
f 1943/1943/1943 1944/1944/1944 1945/1945/1945
f 1945/1945/1945 1946/1946/1946 1943/1943/1943
f 1947/1947/1947 1948/1948/1948 1949/1949/1949
f 1949/1949/1949 1950/1950/1950 1947/1947/1947
f 1951/1951/1951 1952/1952/1952 1953/1953/1953
f 1953/1953/1953 1954/1954/1954 1951/1951/1951
f 1955/1955/1955 1956/1956/1956 1957/1957/1957
f 1957/1957/1957 1958/1958/1958 1955/1955/1955
f 1959/1959/1959 1960/1960/1960 1961/1961/1961
f 1961/1961/1961 1962/1962/1962 1959/1959/1959
f 1963/1963/1963 1964/1964/1964 1965/1965/1965
f 1965/1965/1965 1966/1966/1966 1963/1963/1963
f 1967/1967/1967 1968/1968/1968 1969/1969/1969
f 1969/1969/1969 1970/1970/1970 1967/1967/1967
f 1971/1971/1971 1972/1972/1972 1973/1973/1973
f 1973/1973/1973 1974/1974/1974 1971/1971/1971
f 1975/1975/1975 1976/1976/1976 1977/1977/1977
f 1977/1977/1977 1978/1978/1978 1975/1975/1975
f 1979/1979/1979 1980/1980/1980 1981/1981/1981
f 1981/1981/1981 1982/1982/1982 1979/1979/1979
f 1983/1983/1983 1984/1984/1984 1985/1985/1985
f 1985/1985/1985 1986/1986/1986 1983/1983/1983
f 1987/1987/1987 1988/1988/1988 1989/1989/1989
f 1989/1989/1989 1990/1990/1990 1987/1987/1987
f 1991/1991/1991 1992/1992/1992 1993/1993/1993
f 1993/1993/1993 1994/1994/1994 1991/1991/1991
f 1995/1995/1995 1996/1996/1996 1997/1997/1997
f 1997/1997/1997 1998/1998/1998 1995/1995/1995
f 1999/1999/1999 2000/2000/2000 2001/2001/2001
f 2001/2001/2001 2002/2002/2002 1999/1999/1999
f 2003/2003/2003 2004/2004/2004 2005/2005/2005
f 2005/2005/2005 2006/2006/2006 2003/2003/2003
f 2007/2007/2007 2008/2008/2008 2009/2009/2009
f 2009/2009/2009 2010/2010/2010 2007/2007/2007
f 2011/2011/2011 2012/2012/2012 2013/2013/2013
f 2013/2013/2013 2014/2014/2014 2011/2011/2011
f 2015/2015/2015 2016/2016/2016 2017/2017/2017
f 2017/2017/2017 2018/2018/2018 2015/2015/2015
f 2019/2019/2019 2020/2020/2020 2021/2021/2021
f 2021/2021/2021 2022/2022/2022 2019/2019/2019
f 2023/2023/2023 2024/2024/2024 2025/2025/2025
f 2025/2025/2025 2026/2026/2026 2023/2023/2023
f 2027/2027/2027 2028/2028/2028 2029/2029/2029
f 2029/2029/2029 2030/2030/2030 2027/2027/2027
f 2031/2031/2031 2032/2032/2032 2033/2033/2033
f 2033/2033/2033 2034/2034/2034 2031/2031/2031
f 2035/2035/2035 2036/2036/2036 2037/2037/2037
f 2037/2037/2037 2038/2038/2038 2035/2035/2035
f 2039/2039/2039 2040/2040/2040 2041/2041/2041
f 2041/2041/2041 2042/2042/2042 2039/2039/2039
f 2043/2043/2043 2044/2044/2044 2045/2045/2045
f 2045/2045/2045 2046/2046/2046 2043/2043/2043
f 2047/2047/2047 2048/2048/2048 2049/2049/2049
f 2049/2049/2049 2050/2050/2050 2047/2047/2047
f 2051/2051/2051 2052/2052/2052 2053/2053/2053
f 2053/2053/2053 2054/2054/2054 2051/2051/2051
f 2055/2055/2055 2056/2056/2056 2057/2057/2057
f 2057/2057/2057 2058/2058/2058 2055/2055/2055
f 2059/2059/2059 2060/2060/2060 2061/2061/2061
f 2061/2061/2061 2062/2062/2062 2059/2059/2059
f 2063/2063/2063 2064/2064/2064 2065/2065/2065
f 2065/2065/2065 2066/2066/2066 2063/2063/2063
f 2067/2067/2067 2068/2068/2068 2069/2069/2069
f 2069/2069/2069 2070/2070/2070 2067/2067/2067
f 2071/2071/2071 2072/2072/2072 2073/2073/2073
f 2073/2073/2073 2074/2074/2074 2071/2071/2071
f 2075/2075/2075 2076/2076/2076 2077/2077/2077
f 2077/2077/2077 2078/2078/2078 2075/2075/2075
f 2079/2079/2079 2080/2080/2080 2081/2081/2081
f 2081/2081/2081 2082/2082/2082 2079/2079/2079
f 2083/2083/2083 2084/2084/2084 2085/2085/2085
f 2085/2085/2085 2086/2086/2086 2083/2083/2083
f 2087/2087/2087 2088/2088/2088 2089/2089/2089
f 2089/2089/2089 2090/2090/2090 2087/2087/2087
f 2091/2091/2091 2092/2092/2092 2093/2093/2093
f 2093/2093/2093 2094/2094/2094 2091/2091/2091
f 2095/2095/2095 2096/2096/2096 2097/2097/2097
f 2097/2097/2097 2098/2098/2098 2095/2095/2095
f 2099/2099/2099 2100/2100/2100 2101/2101/2101
f 2101/2101/2101 2102/2102/2102 2099/2099/2099
f 2103/2103/2103 2104/2104/2104 2105/2105/2105
f 2105/2105/2105 2106/2106/2106 2103/2103/2103
f 2107/2107/2107 2108/2108/2108 2109/2109/2109
f 2109/2109/2109 2110/2110/2110 2107/2107/2107
f 2111/2111/2111 2112/2112/2112 2113/2113/2113
f 2113/2113/2113 2114/2114/2114 2111/2111/2111
f 2115/2115/2115 2116/2116/2116 2117/2117/2117
f 2117/2117/2117 2118/2118/2118 2115/2115/2115
f 2119/2119/2119 2120/2120/2120 2121/2121/2121
f 2121/2121/2121 2122/2122/2122 2119/2119/2119
f 2123/2123/2123 2124/2124/2124 2125/2125/2125
f 2125/2125/2125 2126/2126/2126 2123/2123/2123
f 2127/2127/2127 2128/2128/2128 2129/2129/2129
f 2129/2129/2129 2130/2130/2130 2127/2127/2127
f 2131/2131/2131 2132/2132/2132 2133/2133/2133
f 2133/2133/2133 2134/2134/2134 2131/2131/2131
f 2135/2135/2135 2136/2136/2136 2137/2137/2137
f 2137/2137/2137 2138/2138/2138 2135/2135/2135
f 2139/2139/2139 2140/2140/2140 2141/2141/2141
f 2141/2141/2141 2142/2142/2142 2139/2139/2139
f 2143/2143/2143 2144/2144/2144 2145/2145/2145
f 2145/2145/2145 2146/2146/2146 2143/2143/2143
f 2147/2147/2147 2148/2148/2148 2149/2149/2149
f 2149/2149/2149 2150/2150/2150 2147/2147/2147
f 2151/2151/2151 2152/2152/2152 2153/2153/2153
f 2153/2153/2153 2154/2154/2154 2151/2151/2151
f 2155/2155/2155 2156/2156/2156 2157/2157/2157
f 2157/2157/2157 2158/2158/2158 2155/2155/2155
f 2159/2159/2159 2160/2160/2160 2161/2161/2161
f 2161/2161/2161 2162/2162/2162 2159/2159/2159
f 2163/2163/2163 2164/2164/2164 2165/2165/2165
f 2165/2165/2165 2166/2166/2166 2163/2163/2163
f 2167/2167/2167 2168/2168/2168 2169/2169/2169
f 2169/2169/2169 2170/2170/2170 2167/2167/2167
f 2171/2171/2171 2172/2172/2172 2173/2173/2173
f 2173/2173/2173 2174/2174/2174 2171/2171/2171
f 2175/2175/2175 2176/2176/2176 2177/2177/2177
f 2177/2177/2177 2178/2178/2178 2175/2175/2175
f 2179/2179/2179 2180/2180/2180 2181/2181/2181
f 2181/2181/2181 2182/2182/2182 2179/2179/2179
f 2183/2183/2183 2184/2184/2184 2185/2185/2185
f 2185/2185/2185 2186/2186/2186 2183/2183/2183
f 2187/2187/2187 2188/2188/2188 2189/2189/2189
f 2189/2189/2189 2190/2190/2190 2187/2187/2187
f 2191/2191/2191 2192/2192/2192 2193/2193/2193
f 2193/2193/2193 2194/2194/2194 2191/2191/2191
f 2195/2195/2195 2196/2196/2196 2197/2197/2197
f 2197/2197/2197 2198/2198/2198 2195/2195/2195
f 2199/2199/2199 2200/2200/2200 2201/2201/2201
f 2201/2201/2201 2202/2202/2202 2199/2199/2199
f 2203/2203/2203 2204/2204/2204 2205/2205/2205
f 2205/2205/2205 2206/2206/2206 2203/2203/2203
f 2207/2207/2207 2208/2208/2208 2209/2209/2209
f 2209/2209/2209 2210/2210/2210 2207/2207/2207
f 2211/2211/2211 2212/2212/2212 2213/2213/2213
f 2213/2213/2213 2214/2214/2214 2211/2211/2211
f 2215/2215/2215 2216/2216/2216 2217/2217/2217
f 2217/2217/2217 2218/2218/2218 2215/2215/2215
f 2219/2219/2219 2220/2220/2220 2221/2221/2221
f 2221/2221/2221 2222/2222/2222 2219/2219/2219
f 2223/2223/2223 2224/2224/2224 2225/2225/2225
f 2225/2225/2225 2226/2226/2226 2223/2223/2223
f 2227/2227/2227 2228/2228/2228 2229/2229/2229
f 2229/2229/2229 2230/2230/2230 2227/2227/2227
f 2231/2231/2231 2232/2232/2232 2233/2233/2233
f 2233/2233/2233 2234/2234/2234 2231/2231/2231
f 2235/2235/2235 2236/2236/2236 2237/2237/2237
f 2237/2237/2237 2238/2238/2238 2235/2235/2235
f 2239/2239/2239 2240/2240/2240 2241/2241/2241
f 2241/2241/2241 2242/2242/2242 2239/2239/2239
f 2243/2243/2243 2244/2244/2244 2245/2245/2245
f 2246/2246/2246 2247/2247/2247 2243/2243/2243
f 2243/2243/2243 2247/2247/2247 2248/2248/2248
f 2248/2248/2248 2249/2249/2249 2243/2243/2243
f 2249/2249/2249 2250/2250/2250 2243/2243/2243
f 2250/2250/2250 2251/2251/2251 2243/2243/2243
f 2251/2251/2251 2252/2252/2252 2243/2243/2243
f 2252/2252/2252 2251/2251/2251 2253/2253/2253
f 2253/2253/2253 2254/2254/2254 2252/2252/2252
f 2255/2255/2255 2256/2256/2256 2257/2257/2257
f 2258/2258/2258 2259/2259/2259 2255/2255/2255
f 2255/2255/2255 2259/2259/2259 2260/2260/2260
f 2260/2260/2260 2261/2261/2261 2255/2255/2255
f 2261/2261/2261 2262/2262/2262 2255/2255/2255
f 2262/2262/2262 2263/2263/2263 2255/2255/2255
f 2263/2263/2263 2264/2264/2264 2255/2255/2255
f 2264/2264/2264 2263/2263/2263 2265/2265/2265
f 2265/2265/2265 2266/2266/2266 2264/2264/2264
f 2267/2267/2267 2268/2268/2268 2269/2269/2269
f 2270/2270/2270 2271/2271/2271 2267/2267/2267
f 2267/2267/2267 2271/2271/2271 2272/2272/2272
f 2272/2272/2272 2273/2273/2273 2267/2267/2267
f 2273/2273/2273 2274/2274/2274 2267/2267/2267
f 2274/2274/2274 2275/2275/2275 2267/2267/2267
f 2276/2276/2276 2277/2277/2277 2267/2267/2267
f 2277/2277/2277 2275/2275/2275 2278/2278/2278
f 2278/2278/2278 2279/2279/2279 2277/2277/2277
f 2280/2280/2280 2281/2281/2281 2282/2282/2282
f 2283/2283/2283 2280/2280/2280 2282/2282/2282
f 2282/2282/2282 2284/2284/2284 2283/2283/2283
f 2285/2285/2285 2286/2286/2286 2287/2287/2287
f 2286/2286/2286 2288/2288/2288 2287/2287/2287
f 2288/2288/2288 2289/2289/2289 2287/2287/2287
f 2290/2290/2290 2291/2291/2291 2292/2292/2292
f 2290/2290/2290 2292/2292/2292 2293/2293/2293
f 2292/2292/2292 2294/2294/2294 2293/2293/2293
f 2294/2294/2294 2295/2295/2295 2293/2293/2293
f 2295/2295/2295 2296/2296/2296 2293/2293/2293
f 2295/2295/2295 2294/2294/2294 2297/2297/2297
f 2297/2297/2297 2298/2298/2298 2295/2295/2295
f 2299/2299/2299 2300/2300/2300 2301/2301/2301
f 2299/2299/2299 2301/2301/2301 2302/2302/2302
f 2301/2301/2301 2303/2303/2303 2302/2302/2302
f 2304/2304/2304 2302/2302/2302 2303/2303/2303
f 2303/2303/2303 2305/2305/2305 2304/2304/2304
f 2306/2306/2306 2307/2307/2307 2308/2308/2308
f 2309/2309/2309 2306/2306/2306 2308/2308/2308
f 2310/2310/2310 2309/2309/2309 2308/2308/2308
f 2310/2310/2310 2311/2311/2311 2309/2309/2309
f 2311/2311/2311 2312/2312/2312 2309/2309/2309
f 2312/2312/2312 2313/2313/2313 2309/2309/2309
f 2312/2312/2312 2314/2314/2314 2313/2313/2313
f 2314/2314/2314 2315/2315/2315 2313/2313/2313
f 2315/2315/2315 2316/2316/2316 2313/2313/2313
f 2316/2316/2316 2317/2317/2317 2313/2313/2313
f 2317/2317/2317 2318/2318/2318 2313/2313/2313
f 2319/2319/2319 2320/2320/2320 2321/2321/2321
f 2320/2320/2320 2322/2322/2322 2321/2321/2321
f 2322/2322/2322 2323/2323/2323 2321/2321/2321
f 2324/2324/2324 2325/2325/2325 2326/2326/2326
f 2325/2325/2325 2327/2327/2327 2326/2326/2326
f 2327/2327/2327 2328/2328/2328 2326/2326/2326
f 2329/2329/2329 2330/2330/2330 2331/2331/2331
f 2331/2331/2331 2332/2332/2332 2329/2329/2329
f 2332/2332/2332 2331/2331/2331 2333/2333/2333
f 2333/2333/2333 2334/2334/2334 2332/2332/2332
f 2334/2334/2334 2333/2333/2333 2335/2335/2335
f 2335/2335/2335 2336/2336/2336 2334/2334/2334
f 2336/2336/2336 2335/2335/2335 2337/2337/2337
f 2335/2335/2335 2338/2338/2338 2337/2337/2337
f 2339/2339/2339 2336/2336/2336 2337/2337/2337
f 2340/2340/2340 2341/2341/2341 2342/2342/2342
f 2341/2341/2341 2343/2343/2343 2342/2342/2342
f 2343/2343/2343 2344/2344/2344 2342/2342/2342
f 2345/2345/2345 2346/2346/2346 2347/2347/2347
f 2346/2346/2346 2348/2348/2348 2347/2347/2347
f 2348/2348/2348 2349/2349/2349 2347/2347/2347
f 2350/2350/2350 2351/2351/2351 2352/2352/2352
f 2352/2352/2352 2353/2353/2353 2350/2350/2350
f 2353/2353/2353 2352/2352/2352 2354/2354/2354
f 2354/2354/2354 2355/2355/2355 2353/2353/2353
f 2355/2355/2355 2354/2354/2354 2356/2356/2356
f 2356/2356/2356 2357/2357/2357 2355/2355/2355
f 2357/2357/2357 2356/2356/2356 2358/2358/2358
f 2358/2358/2358 2359/2359/2359 2357/2357/2357
f 2359/2359/2359 2358/2358/2358 2360/2360/2360
f 2360/2360/2360 2361/2361/2361 2359/2359/2359
f 2362/2362/2362 2363/2363/2363 2364/2364/2364
f 2364/2364/2364 2365/2365/2365 2362/2362/2362
f 2365/2365/2365 2364/2364/2364 2366/2366/2366
f 2366/2366/2366 2367/2367/2367 2365/2365/2365
f 2367/2367/2367 2366/2366/2366 2368/2368/2368
f 2368/2368/2368 2369/2369/2369 2367/2367/2367
f 2369/2369/2369 2368/2368/2368 2370/2370/2370
f 2370/2370/2370 2371/2371/2371 2369/2369/2369
f 2371/2371/2371 2370/2370/2370 2372/2372/2372
f 2372/2372/2372 2373/2373/2373 2371/2371/2371
f 2374/2374/2374 2375/2375/2375 2376/2376/2376
f 2376/2376/2376 2377/2377/2377 2374/2374/2374
f 2377/2377/2377 2376/2376/2376 2378/2378/2378
f 2378/2378/2378 2379/2379/2379 2377/2377/2377
f 2379/2379/2379 2378/2378/2378 2380/2380/2380
f 2380/2380/2380 2381/2381/2381 2379/2379/2379
f 2381/2381/2381 2380/2380/2380 2382/2382/2382
f 2382/2382/2382 2383/2383/2383 2381/2381/2381
f 2383/2383/2383 2382/2382/2382 2384/2384/2384
f 2384/2384/2384 2385/2385/2385 2383/2383/2383
f 2385/2385/2385 2384/2384/2384 2386/2386/2386
f 2386/2386/2386 2387/2387/2387 2385/2385/2385
f 2388/2388/2388 2389/2389/2389 2390/2390/2390
f 2390/2390/2390 2391/2391/2391 2388/2388/2388
f 2391/2391/2391 2390/2390/2390 2392/2392/2392
f 2392/2392/2392 2393/2393/2393 2391/2391/2391
f 2393/2393/2393 2392/2392/2392 2394/2394/2394
f 2394/2394/2394 2395/2395/2395 2393/2393/2393
f 2396/2396/2396 2395/2395/2395 2394/2394/2394
f 2394/2394/2394 2397/2397/2397 2396/2396/2396
f 2398/2398/2398 2399/2399/2399 2400/2400/2400
f 2398/2398/2398 2400/2400/2400 2401/2401/2401
f 2398/2398/2398 2401/2401/2401 2402/2402/2402
f 2401/2401/2401 2403/2403/2403 2402/2402/2402
f 2404/2404/2404 2405/2405/2405 2406/2406/2406
f 2404/2404/2404 2406/2406/2406 2407/2407/2407
f 2407/2407/2407 2408/2408/2408 2404/2404/2404
f 2408/2408/2408 2407/2407/2407 2409/2409/2409
f 2409/2409/2409 2410/2410/2410 2408/2408/2408
f 2409/2409/2409 2407/2407/2407 2411/2411/2411
f 2411/2411/2411 2412/2412/2412 2409/2409/2409
f 2413/2413/2413 2414/2414/2414 2415/2415/2415
f 2413/2413/2413 2415/2415/2415 2416/2416/2416
f 2413/2413/2413 2416/2416/2416 2417/2417/2417
f 2416/2416/2416 2418/2418/2418 2417/2417/2417
f 2419/2419/2419 2420/2420/2420 2421/2421/2421
f 2422/2422/2422 2420/2420/2420 2419/2419/2419
f 2419/2419/2419 2423/2423/2423 2422/2422/2422
f 2424/2424/2424 2422/2422/2422 2423/2423/2423
f 2423/2423/2423 2425/2425/2425 2424/2424/2424
f 2426/2426/2426 2427/2427/2427 2428/2428/2428
f 2429/2429/2429 2428/2428/2428 2427/2427/2427
f 2427/2427/2427 2430/2430/2430 2429/2429/2429
f 2431/2431/2431 2432/2432/2432 2433/2433/2433
f 2432/2432/2432 2431/2431/2431 2434/2434/2434
f 2434/2434/2434 2435/2435/2435 2432/2432/2432
f 2436/2436/2436 2435/2435/2435 2434/2434/2434
f 2434/2434/2434 2437/2437/2437 2436/2436/2436
f 2438/2438/2438 2439/2439/2439 2440/2440/2440
f 2440/2440/2440 2441/2441/2441 2438/2438/2438
f 2442/2442/2442 2438/2438/2438 2441/2441/2441
f 2441/2441/2441 2443/2443/2443 2442/2442/2442
f 2444/2444/2444 2442/2442/2442 2443/2443/2443
f 2443/2443/2443 2445/2445/2445 2444/2444/2444
f 2444/2444/2444 2445/2445/2445 2446/2446/2446
f 2446/2446/2446 2447/2447/2447 2444/2444/2444
f 2448/2448/2448 2449/2449/2449 2450/2450/2450
f 2450/2450/2450 2451/2451/2451 2448/2448/2448
f 2452/2452/2452 2448/2448/2448 2451/2451/2451
f 2451/2451/2451 2453/2453/2453 2452/2452/2452
f 2454/2454/2454 2452/2452/2452 2453/2453/2453
f 2453/2453/2453 2455/2455/2455 2454/2454/2454
f 2454/2454/2454 2455/2455/2455 2456/2456/2456
f 2456/2456/2456 2457/2457/2457 2454/2454/2454
f 2458/2458/2458 2459/2459/2459 2460/2460/2460
f 2460/2460/2460 2461/2461/2461 2458/2458/2458
f 2462/2462/2462 2458/2458/2458 2461/2461/2461
f 2461/2461/2461 2463/2463/2463 2462/2462/2462
f 2464/2464/2464 2462/2462/2462 2463/2463/2463
f 2465/2465/2465 2464/2464/2464 2463/2463/2463
f 2465/2465/2465 2466/2466/2466 2464/2464/2464
f 2466/2466/2466 2467/2467/2467 2464/2464/2464
f 2466/2466/2466 2465/2465/2465 2468/2468/2468
f 2468/2468/2468 2469/2469/2469 2466/2466/2466
f 2470/2470/2470 2471/2471/2471 2472/2472/2472
f 2472/2472/2472 2473/2473/2473 2470/2470/2470
f 2474/2474/2474 2473/2473/2473 2472/2472/2472
f 2472/2472/2472 2475/2475/2475 2474/2474/2474
f 2476/2476/2476 2474/2474/2474 2475/2475/2475
f 2475/2475/2475 2477/2477/2477 2476/2476/2476
f 2476/2476/2476 2477/2477/2477 2478/2478/2478
f 2479/2479/2479 2476/2476/2476 2478/2478/2478
f 2477/2477/2477 2480/2480/2480 2478/2478/2478
f 2478/2478/2478 2480/2480/2480 2481/2481/2481
f 2481/2481/2481 2482/2482/2482 2478/2478/2478
f 2483/2483/2483 2484/2484/2484 2485/2485/2485
f 2485/2485/2485 2486/2486/2486 2483/2483/2483
f 2487/2487/2487 2486/2486/2486 2485/2485/2485
f 2485/2485/2485 2488/2488/2488 2487/2487/2487
f 2487/2487/2487 2488/2488/2488 2489/2489/2489
f 2489/2489/2489 2490/2490/2490 2487/2487/2487
f 2491/2491/2491 2490/2490/2490 2489/2489/2489
f 2489/2489/2489 2492/2492/2492 2491/2491/2491
f 2493/2493/2493 2491/2491/2491 2492/2492/2492
f 2492/2492/2492 2494/2494/2494 2493/2493/2493
f 2493/2493/2493 2494/2494/2494 2495/2495/2495
f 2495/2495/2495 2496/2496/2496 2493/2493/2493
f 2497/2497/2497 2496/2496/2496 2495/2495/2495
f 2495/2495/2495 2498/2498/2498 2497/2497/2497
f 2497/2497/2497 2498/2498/2498 2499/2499/2499
f 2499/2499/2499 2500/2500/2500 2497/2497/2497
f 2501/2501/2501 2502/2502/2502 2503/2503/2503
f 2501/2501/2501 2503/2503/2503 2504/2504/2504
f 2505/2505/2505 2501/2501/2501 2504/2504/2504
f 2506/2506/2506 2505/2505/2505 2504/2504/2504
f 2505/2505/2505 2507/2507/2507 2501/2501/2501
f 2508/2508/2508 2509/2509/2509 2510/2510/2510
f 2509/2509/2509 2511/2511/2511 2510/2510/2510
f 2511/2511/2511 2512/2512/2512 2510/2510/2510
f 2509/2509/2509 2513/2513/2513 2511/2511/2511
f 2514/2514/2514 2515/2515/2515 2516/2516/2516
f 2514/2514/2514 2517/2517/2517 2515/2515/2515
f 2517/2517/2517 2518/2518/2518 2515/2515/2515
f 2514/2514/2514 2519/2519/2519 2517/2517/2517
f 2520/2520/2520 2521/2521/2521 2522/2522/2522
f 2523/2523/2523 2520/2520/2520 2522/2522/2522
f 2524/2524/2524 2523/2523/2523 2522/2522/2522
f 2525/2525/2525 2524/2524/2524 2522/2522/2522
f 2526/2526/2526 2525/2525/2525 2522/2522/2522
f 2526/2526/2526 2522/2522/2522 2527/2527/2527
f 2528/2528/2528 2526/2526/2526 2527/2527/2527
f 2529/2529/2529 2528/2528/2528 2527/2527/2527
f 2530/2530/2530 2529/2529/2529 2527/2527/2527
f 2530/2530/2530 2527/2527/2527 2531/2531/2531
f 2527/2527/2527 2532/2532/2532 2531/2531/2531
f 2533/2533/2533 2534/2534/2534 2535/2535/2535
f 2536/2536/2536 2537/2537/2537 2535/2535/2535
f 2535/2535/2535 2534/2534/2534 2536/2536/2536
f 2535/2535/2535 2538/2538/2538 2539/2539/2539
f 2536/2536/2536 2534/2534/2534 2540/2540/2540
f 2540/2540/2540 2534/2534/2534 2541/2541/2541
f 2540/2540/2540 2542/2542/2542 2536/2536/2536
f 2543/2543/2543 2542/2542/2542 2540/2540/2540
f 2544/2544/2544 2545/2545/2545 2540/2540/2540
f 2540/2540/2540 2546/2546/2546 2543/2543/2543
f 2546/2546/2546 2540/2540/2540 2545/2545/2545
f 2547/2547/2547 2543/2543/2543 2546/2546/2546
f 2547/2547/2547 2546/2546/2546 2548/2548/2548
f 2545/2545/2545 2549/2549/2549 2546/2546/2546
f 2546/2546/2546 2549/2549/2549 2548/2548/2548
f 2549/2549/2549 2545/2545/2545 2539/2539/2539
f 2550/2550/2550 2548/2548/2548 2549/2549/2549
f 2539/2539/2539 2551/2551/2551 2549/2549/2549
f 2549/2549/2549 2551/2551/2551 2550/2550/2550
f 2552/2552/2552 2551/2551/2551 2539/2539/2539
f 2550/2550/2550 2551/2551/2551 2552/2552/2552
f 2539/2539/2539 2553/2553/2553 2552/2552/2552
f 2552/2552/2552 2554/2554/2554 2550/2550/2550
f 2555/2555/2555 2556/2556/2556 2557/2557/2557
f 2557/2557/2557 2558/2558/2558 2555/2555/2555
f 2556/2556/2556 2555/2555/2555 2559/2559/2559
f 2558/2558/2558 2557/2557/2557 2560/2560/2560
f 2559/2559/2559 2561/2561/2561 2556/2556/2556
f 2560/2560/2560 2562/2562/2562 2558/2558/2558
f 2561/2561/2561 2559/2559/2559 2563/2563/2563
f 2562/2562/2562 2560/2560/2560 2564/2564/2564
f 2563/2563/2563 2565/2565/2565 2561/2561/2561
f 2564/2564/2564 2566/2566/2566 2562/2562/2562
f 2565/2565/2565 2563/2563/2563 2566/2566/2566
f 2566/2566/2566 2564/2564/2564 2565/2565/2565
f 2567/2567/2567 2568/2568/2568 2569/2569/2569
f 2570/2570/2570 2567/2567/2567 2569/2569/2569
f 2571/2571/2571 2569/2569/2569 2568/2568/2568
f 2568/2568/2568 2572/2572/2572 2571/2571/2571
f 2572/2572/2572 2573/2573/2573 2571/2571/2571
f 2569/2569/2569 2574/2574/2574 2570/2570/2570
f 2575/2575/2575 2570/2570/2570 2574/2574/2574
f 2576/2576/2576 2575/2575/2575 2574/2574/2574
f 2577/2577/2577 2571/2571/2571 2573/2573/2573
f 2573/2573/2573 2578/2578/2578 2577/2577/2577
f 2578/2578/2578 2579/2579/2579 2577/2577/2577
f 2574/2574/2574 2580/2580/2580 2576/2576/2576
f 2581/2581/2581 2576/2576/2576 2580/2580/2580
f 2582/2582/2582 2577/2577/2577 2579/2579/2579
f 2579/2579/2579 2583/2583/2583 2582/2582/2582
f 2583/2583/2583 2584/2584/2584 2582/2582/2582
f 2580/2580/2580 2585/2585/2585 2581/2581/2581
f 2586/2586/2586 2581/2581/2581 2585/2585/2585
f 2585/2585/2585 2580/2580/2580 2587/2587/2587
f 2580/2580/2580 2574/2574/2574 2587/2587/2587
f 2585/2585/2585 2588/2588/2588 2586/2586/2586
f 2588/2588/2588 2585/2585/2585 2587/2587/2587
f 2589/2589/2589 2586/2586/2586 2588/2588/2588
f 2587/2587/2587 2574/2574/2574 2590/2590/2590
f 2574/2574/2574 2569/2569/2569 2590/2590/2590
f 2588/2588/2588 2591/2591/2591 2589/2589/2589
f 2592/2592/2592 2589/2589/2589 2591/2591/2591
f 2584/2584/2584 2592/2592/2592 2591/2591/2591
f 2591/2591/2591 2582/2582/2582 2584/2584/2584
f 2590/2590/2590 2569/2569/2569 2593/2593/2593
f 2569/2569/2569 2571/2571/2571 2593/2593/2593
f 2590/2590/2590 2593/2593/2593 2594/2594/2594
f 2587/2587/2587 2590/2590/2590 2594/2594/2594
f 2593/2593/2593 2571/2571/2571 2595/2595/2595
f 2571/2571/2571 2577/2577/2577 2595/2595/2595
f 2594/2594/2594 2593/2593/2593 2596/2596/2596
f 2593/2593/2593 2595/2595/2595 2596/2596/2596
f 2595/2595/2595 2577/2577/2577 2597/2597/2597
f 2595/2595/2595 2597/2597/2597 2596/2596/2596
f 2577/2577/2577 2582/2582/2582 2597/2597/2597
f 2594/2594/2594 2596/2596/2596 2598/2598/2598
f 2597/2597/2597 2582/2582/2582 2599/2599/2599
f 2582/2582/2582 2591/2591/2591 2599/2599/2599
f 2596/2596/2596 2597/2597/2597 2600/2600/2600
f 2597/2597/2597 2599/2599/2599 2600/2600/2600
f 2596/2596/2596 2600/2600/2600 2598/2598/2598
f 2599/2599/2599 2591/2591/2591 2601/2601/2601
f 2599/2599/2599 2601/2601/2601 2600/2600/2600
f 2591/2591/2591 2588/2588/2588 2601/2601/2601
f 2587/2587/2587 2601/2601/2601 2588/2588/2588
f 2600/2600/2600 2602/2602/2602 2598/2598/2598
f 2600/2600/2600 2601/2601/2601 2602/2602/2602
f 2601/2601/2601 2587/2587/2587 2602/2602/2602
f 2602/2602/2602 2594/2594/2594 2598/2598/2598
f 2602/2602/2602 2587/2587/2587 2594/2594/2594
