v -2.392858 -2.30001 8.400000000014083E-05
v -2.400603 -2.19152 6.80000000001342E-05
v -2.392862 -2.199055 0.5411130000000001
v -2.392862 -2.199055 0.5411130000000001
v -2.392858 -2.300023 0.5411150000000001
v -2.392858 -2.30001 8.400000000014083E-05
v -2.392862 -2.199055 0.5411130000000001
v -2.400603 -2.19152 6.80000000001342E-05
v -2.403757 -2.147347 6.1000000000131485E-05
v -2.403757 -2.147347 6.1000000000131485E-05
v -2.403748 -2.147347 0.5410870000000001
v -2.392862 -2.199055 0.5411130000000001
v -2.403748 -2.169323 0.6718370000000001
v -2.414838 -2.199049 0.6718640000000001
v -2.369882 -2.199051 0.5963330000000001
v -2.369882 -2.199051 0.5963330000000001
v -2.403745 -2.124367 0.5963060000000001
v -2.403748 -2.169323 0.6718370000000001
v -2.403748 -2.147347 0.5410870000000001
v -2.403745 -2.124367 0.5963060000000001
v -2.369882 -2.199051 0.5963330000000001
v -2.369882 -2.199051 0.5963330000000001
v -2.392862 -2.199055 0.5411130000000001
v -2.403748 -2.147347 0.5410870000000001
v -2.367185 1.315785 0.5411149999999999
v -2.344205 1.315785 0.5963339999999999
v -2.403734 1.260716 0.5963329999999999
v -2.403734 1.260716 0.5963329999999999
v -2.403733 1.283695 0.5411139999999999
v -2.367185 1.315785 0.5411149999999999
v -0.712983 1.5953350000000002 2.900433
v -0.696307 1.5953350000000002 2.900434
v -0.704478 1.6098410000000003 3.500577
v -0.696307 1.5953350000000002 2.900434
v -0.687926 1.6098460000000003 2.900433
v -0.704478 1.6098410000000003 3.500577
v -0.687926 1.6098460000000003 2.900433
v -0.696307 1.6243670000000001 2.900433
v -0.704478 1.6098410000000003 3.500577
v -0.696307 1.6243670000000001 2.900433
v -0.712983 1.6243670000000001 2.900433
v -0.704478 1.6098410000000003 3.500577
v -1.988024 -1.803994 1.722265
v -1.971348 -1.803994 1.722265
v -1.979519 -1.7894859999999997 2.322409
v -1.971348 -1.803994 1.722265
v -1.962967 -1.789482 1.722265
v -1.979519 -1.7894859999999997 2.322409
v -1.962967 -1.789482 1.722265
v -1.971348 -1.774961 1.722265
v -1.979519 -1.7894859999999997 2.322409
v -1.971348 -1.774961 1.722265
v -1.988024 -1.774961 1.722265
v -1.979519 -1.7894859999999997 2.322409
v -1.988022 0.8993950000000001 1.722265
v -1.971346 0.8993950000000001 1.722265
v -1.979518 0.9139020000000001 2.322409
v -1.971346 0.8993950000000001 1.722265
v -1.962965 0.9139060000000001 1.722265
v -1.979518 0.9139020000000001 2.322409
v -1.962965 0.9139060000000001 1.722265
v -1.971346 0.9284270000000001 1.722265
v -1.979518 0.9139020000000001 2.322409
v -1.971346 0.9284270000000001 1.722265
v -1.988022 0.9284280000000001 1.722265
v -1.979518 0.9139020000000001 2.322409
v 0.701253 1.5953350000000002 2.900434
v 0.717928 1.5953350000000002 2.900434
v 0.709757 1.6098420000000002 3.500578
v 0.717928 1.5953350000000002 2.900434
v 0.726309 1.6098460000000003 2.900434
v 0.709757 1.6098420000000002 3.500578
v 0.726309 1.6098460000000003 2.900434
v 0.717928 1.6243670000000001 2.900434
v 0.709757 1.6098420000000002 3.500578
v 0.717928 1.6243670000000001 2.900434
v 0.701253 1.6243670000000001 2.900434
v 0.709757 1.6098420000000002 3.500578
v 1.9766 0.9003380000000001 1.722265
v 1.993276 0.9003380000000001 1.722265
v 1.985105 0.9148450000000001 2.322409
v 1.993276 0.9003380000000001 1.722265
v 2.001657 0.9148490000000001 1.722265
v 1.985105 0.9148450000000001 2.322409
v 2.001657 0.9148490000000001 1.722265
v 1.993276 0.9293710000000001 1.722265
v 1.985105 0.9148450000000001 2.322409
v 1.993276 0.9293710000000001 1.722265
v 1.9766 0.9293710000000001 1.722265
v 1.985105 0.9148450000000001 2.322409
v 0.575555 -1.974395 0.8830920000000001
v 0.575555 -2.300809 0.8830920000000001
v 0.577481 -2.296311 7.80000000001406E-05
v 0.577481 -2.296311 7.80000000001406E-05
v 0.575555 -1.974404 -0.0001859999999998791
v 0.575555 -1.974395 0.8830920000000001
v 2.001646 -1.974395 0.8830920000000001
v 2.001646 -1.974404 -0.0001859999999998791
v 2.003572 -2.296311 7.700000000014061E-05
v 2.003572 -2.296311 7.700000000014061E-05
v 2.001646 -2.300809 0.8830920000000001
v 2.001646 -1.974395 0.8830920000000001
v 2.816362 -1.757069 8.900000000010759E-05
v 2.514515 -1.758064 0.00035200000000010765
v 2.509974 -1.757119 1.295053
v 2.509974 -1.757119 1.295053
v 2.81636 -1.757119 1.295053
v 2.816362 -1.757069 8.900000000010759E-05
v -0.886546 1.410883 8.59999999999136E-05
v -0.889102 1.094791 -0.00017800000000006702
v -0.889093 1.094791 0.8831009999999999
v -0.889093 1.094791 0.8831009999999999
v -0.889093 1.415228 0.8831009999999999
v -0.886546 1.410883 8.59999999999136E-05
v 0.891776 1.415183 0.00035099999999991334
v 0.894323 1.419528 0.8833669999999999
v 0.894323 1.09255 0.8833669999999999
v 0.894323 1.09255 0.8833669999999999
v 0.894332 1.09255 8.79999999999331E-05
v 0.891776 1.415183 0.00035099999999991334
v -0.704644 1.6098490000000003 3.093905
v -0.729121 1.6098450000000002 3.063849
v -0.716852 1.5886000000000002 3.06385
v -0.704644 1.6098490000000003 3.093905
v -0.692436 1.5886000000000002 3.063849
v -0.680167 1.6098450000000002 3.063849
v -0.704644 1.6098490000000003 3.093905
v -0.680167 1.6098450000000002 3.063849
v -0.692434 1.6311030000000002 3.063849
v -0.556556 1.3505720000000003 2.330484
v -0.850148 1.7847110000000002 2.328386
v -0.850069 1.0900330000000003 2.327873
v -0.850148 1.7847110000000002 2.328386
v -0.556556 1.3505720000000003 2.330484
v -0.560382 1.7847100000000002 2.328386
v -2.629789 -1.0304719999999998 1.886513
v -1.704619 -1.0307999999999997 1.886523
v -2.629825 -0.44066699999999986 1.887439
v -2.629789 -1.0304719999999998 1.886513
v -2.629789 -1.0304719999999998 1.886513
v -1.704619 -1.0307999999999997 1.886523
v -1.704619 0.14799000000000012 1.886523
v -2.62979 0.14915300000000012 1.886513
v -2.629825 -0.44066699999999986 1.887439
v -1.979682 -1.7894789999999998 1.915735
v -2.004159 -1.7894839999999999 1.88568
v -1.99189 -1.8107279999999997 1.88568
v -1.979682 -1.7894789999999998 1.915735
v -1.967475 -1.8107279999999997 1.88568
v -1.955205 -1.7894829999999997 1.88568
v -1.979682 -1.7894789999999998 1.915735
v -1.955205 -1.7894829999999997 1.88568
v -1.967473 -1.7682249999999997 1.88568
v -1.979682 0.9139100000000001 1.915735
v -2.004159 0.9139050000000001 1.88568
v -1.99189 0.8926600000000001 1.88568
v -1.979682 0.9139100000000001 1.915735
v -1.967475 0.8926600000000001 1.88568
v -1.955205 0.9139060000000001 1.88568
v -1.979682 0.9139100000000001 1.915735
v -1.955205 0.9139060000000001 1.88568
v -1.967473 0.9351640000000001 1.88568
v -2.5047 -1.006461 1.295039
v -1.704619 -1.0058 1.295053
v -1.704619 -1.0057999999999998 1.886523
v -1.704619 -1.0057999999999998 1.886523
v -2.604789 -1.0048229999999998 1.886513
v -2.5047 -1.006461 1.295039
v -2.504713 -1.007569 7.300000000006169E-05
v -2.5047 -1.006461 1.295039
v -2.604789 -1.0048229999999998 1.886513
v -2.604789 -1.0048229999999998 1.886513
v -2.604802 -1.004795 0.0010150000000000616
v -2.504713 -1.007569 7.300000000006169E-05
v -2.50479 0.12415300000000008 1.295053
v -2.504813 0.122987 8.999999999999247E-05
v -2.604802 0.124118 0.0010149999999999925
v -2.604802 0.124118 0.0010149999999999925
v -2.60479 0.12415300000000011 1.886513
v -2.50479 0.12415300000000008 1.295053
v 0.577574 -2.299833 1.2950530000000002
v 0.577574 -2.90078 1.2950530000000002
v 0.577906 -2.900957 8.400000000017763E-05
v 0.577906 -2.900957 8.400000000017763E-05
v 0.576142 -2.304518 0.0003470000000001411
v 0.577574 -2.299833 1.2950530000000002
v 0.709591 1.6098490000000003 3.093905
v 0.685115 1.6098450000000002 3.063849
v 0.697384 1.5886000000000002 3.06385
v 0.709591 1.6098490000000003 3.093905
v 0.721799 1.5886000000000002 3.063849
v 0.734068 1.6098450000000002 3.063849
v 0.709591 1.6098490000000003 3.093905
v 0.734068 1.6098450000000002 3.063849
v 0.721801 1.6311030000000002 3.063849
v 0.572394 1.3281930000000002 2.330484
v 0.855101 1.7853220000000003 2.328386
v 0.565308 1.7853220000000003 2.328386
v 0.855101 1.7853220000000003 2.328386
v 0.572394 1.3281930000000002 2.330484
v 0.854966 1.0906440000000002 2.327873
v 2.635032 0.1491390000000001 1.885588
v 1.742544 0.030076000000000113 1.886374
v 1.742905 -0.9118599999999999 1.886374
v 2.635032 0.1491390000000001 1.885588
v 1.70985 0.14799000000000012 1.886539
v 1.742544 0.030076000000000113 1.886374
v 1.70985 -1.0307999999999997 1.886539
v 2.63503 -1.0304859999999998 1.885587
v 2.635067 -0.4430099999999999 1.886514
v 1.984939 0.9148530000000001 1.915735
v 1.960462 0.9148480000000001 1.88568
v 1.972731 0.8936030000000001 1.88568
v 1.984939 0.9148530000000001 1.915735
v 1.997147 0.8936030000000001 1.88568
v 2.009416 0.9148480000000001 1.88568
v 1.984939 0.9148530000000001 1.915735
v 2.009416 0.9148480000000001 1.88568
v 1.997149 0.9361070000000001 1.88568
v 0.835761 1.416753 1.295053
v 0.835979 1.414511 8.399999999991338E-05
v 0.836015 1.7665630000000003 2.314619
v 0.835979 1.414511 8.399999999991338E-05
v 0.835986 1.664989 1.541088
v 0.836015 1.7665630000000003 2.314619
v 2.610044 0.124108 8.99999999999924E-05
v 2.510043 0.124377 8.999999999999239E-05
v 2.51002 0.12415300000000008 1.295053
v 2.51002 0.12415300000000008 1.295053
v 2.610032 0.12413900000000011 1.885588
v 2.610044 0.124108 8.99999999999924E-05
v -0.571939 -2.90078 1.2950530000000002
v -0.571939 -2.299833 1.2950530000000002
v -0.569767 -2.304463 0.0003470000000001411
v -0.569767 -2.304463 0.0003470000000001411
v -0.571815 -2.900957 8.400000000017763E-05
v -0.571939 -2.90078 1.2950530000000002
v -0.572328 1.3724470000000002 2.316716
v 0.009014 1.4541500000000003 2.316716
v -0.575696 1.6223750000000001 2.314619
v 1.70985 -1.0057999999999998 1.886539
v 1.709849 -1.005799 1.197197
v 2.316842 -1.004347 1.197196
v 2.316842 -1.004347 1.197196
v 2.610029 -1.0054859999999999 1.885587
v 1.70985 -1.0057999999999998 1.886539
v -1.630711 -1.255536 1.295054
v -1.704619 -1.0058 1.295053
v -1.276412 -1.743187 1.295054
v 0.009014 1.4541500000000003 2.316716
v 0.58715 1.3522090000000002 2.316716
v 0.580913 1.6223750000000001 2.314619
v 0.580913 1.6223750000000001 2.314619
v -0.575696 1.6223750000000001 2.314619
v 0.009014 1.4541500000000003 2.316716
v 0.572294 -1.974428 0.8833510000000001
v 0.572294 -2.199032 0.8833510000000001
v 2.001646 -2.198998 0.8830920000000001
v 2.001646 -2.198998 0.8830920000000001
v 2.001646 -1.974395 0.8830920000000001
v 0.572294 -1.974428 0.8833510000000001
v 2.738097 -2.3732789999999997 4.851231
v 2.738098 -1.9815449999999997 4.851231
v 2.331735 -2.1763249999999994 4.848873
v 2.586749 -2.2764399999999996 5.514147
v 2.686791 -2.3407419999999997 5.662526
v 2.41677 -2.4969439999999996 5.662526
v 2.41677 -2.4969439999999996 5.662526
v 2.41677 -2.3727499999999995 5.514148
v 2.586749 -2.2764399999999996 5.514147
v 2.416769 -1.9800959999999996 5.514147
v 2.416769 -1.8559049999999995 5.662526
v 2.686792 -2.0137899999999997 5.662526
v 2.686792 -2.0137899999999997 5.662526
v 2.586749 -2.0769349999999998 5.514147
v 2.416769 -1.9800959999999996 5.514147
v 2.246701 -2.0764049999999994 5.514147
v 2.14666 -2.0109959999999996 5.662526
v 2.416769 -1.8559049999999995 5.662526
v 2.416769 -1.8559049999999995 5.662526
v 2.416769 -1.9800959999999996 5.514147
v 2.246701 -2.0764049999999994 5.514147
v 2.41677 -2.3727499999999995 5.514148
v 2.41677 -2.4969439999999996 5.662526
v 2.146659 -2.3401889999999996 5.662526
v 2.146659 -2.3401889999999996 5.662526
v 2.246701 -2.2760499999999997 5.514147
v 2.41677 -2.3727499999999995 5.514148
v 2.510017 -1.005486 1.295053
v 2.610029 -1.0054859999999999 1.885587
v 2.48453 -1.003085 1.295053
v 2.510017 -1.005486 1.295053
v 2.514549 -1.00457 0.00035300000000006154
v 2.610029 -1.0054859999999999 1.885587
v 2.514549 -1.00457 0.00035300000000006154
v 2.610042 -1.005462 9.000000000006157E-05
v 2.610029 -1.0054859999999999 1.885587
v 2.610029 -1.0054859999999999 1.885587
v 2.316842 -1.004347 1.197196
v 2.48453 -1.003085 1.295053
v 2.316842 -1.004347 1.197196
v 2.484529 -1.003084 1.197196
v 2.48453 -1.003085 1.295053
v -0.721362 1.6098460000000003 2.900433
v -0.712983 1.5953350000000002 2.900433
v -0.704478 1.6098410000000003 3.500577
v -0.712983 1.6243670000000001 2.900433
v -0.721362 1.6098460000000003 2.900433
v -1.996403 -1.789482 1.722265
v -1.988024 -1.803994 1.722265
v -1.979519 -1.7894859999999997 2.322409
v -1.988024 -1.774961 1.722265
v -1.996403 -1.789482 1.722265
v -1.996401 0.9139060000000001 1.722265
v -1.988022 0.8993950000000001 1.722265
v -1.979518 0.9139020000000001 2.322409
v -1.988022 0.9284280000000001 1.722265
v -1.996401 0.9139060000000001 1.722265
v 0.692873 1.6098460000000003 2.900434
v 0.701253 1.5953350000000002 2.900434
v 0.709757 1.6098420000000002 3.500578
v 0.701253 1.6243670000000001 2.900434
v 0.692873 1.6098460000000003 2.900434
v 1.968221 0.9148490000000001 1.722265
v 1.9766 0.9003380000000001 1.722265
v 1.985105 0.9148450000000001 2.322409
v 1.9766 0.9293710000000001 1.722265
v 1.968221 0.9148490000000001 1.722265
v -0.704644 1.6098490000000003 3.093905
v -0.692434 1.6311030000000002 3.063849
v -0.716852 1.6311030000000002 3.063849
v -0.716852 1.6311030000000002 3.063849
v -0.729121 1.6098450000000002 3.063849
v -0.704644 1.6098490000000003 3.017468
v -0.692434 1.6311030000000002 3.063849
v -0.680167 1.6098450000000002 3.063849
v -0.704644 1.6098490000000003 3.017468
v -0.692436 1.5886000000000002 3.063849
v -0.704644 1.6098490000000003 3.017468
v -0.716852 1.5886000000000002 3.06385
v -0.704644 1.6098490000000003 3.093905
v -1.979682 -1.7894789999999998 1.915735
v -1.967473 -1.7682249999999997 1.88568
v -1.99189 -1.7682249999999997 1.88568
v -1.99189 -1.7682249999999997 1.88568
v -2.004159 -1.7894839999999999 1.88568
v -1.979682 -1.7894779999999997 1.839298
v -1.967473 -1.7682249999999997 1.88568
v -1.955205 -1.7894829999999997 1.88568
v -1.979682 -1.7894779999999997 1.839298
v -1.967475 -1.8107279999999997 1.88568
v -1.979682 -1.7894779999999997 1.839298
v -1.99189 -1.8107279999999997 1.88568
v -1.979682 -1.7894789999999998 1.915735
v -1.979682 0.9139100000000001 1.915735
v -1.967473 0.9351640000000001 1.88568
v -1.99189 0.9351640000000001 1.88568
v -1.99189 0.9351640000000001 1.88568
v -2.004159 0.9139050000000001 1.88568
v -1.979682 0.9139100000000001 1.839298
v -1.967473 0.9351640000000001 1.88568
v -1.955205 0.9139060000000001 1.88568
v -1.979682 0.9139100000000001 1.839298
v -1.967475 0.8926600000000001 1.88568
v -1.979682 0.9139100000000001 1.839298
v -1.99189 0.8926600000000001 1.88568
v -1.979682 0.9139100000000001 1.915735
v 0.709591 1.6098490000000003 3.093905
v 0.721801 1.6311030000000002 3.063849
v 0.697384 1.6311040000000003 3.063849
v 0.697384 1.6311040000000003 3.063849
v 0.685115 1.6098450000000002 3.063849
v 0.721801 1.6311030000000002 3.063849
v 0.734068 1.6098450000000002 3.063849
v 0.709591 1.6098500000000002 3.017468
v 0.721799 1.5886000000000002 3.063849
v 0.709591 1.6098500000000002 3.017468
v 0.697384 1.5886000000000002 3.06385
v 0.709591 1.6098500000000002 3.017468
v 0.709591 1.6098490000000003 3.093905
v 1.984939 0.9148530000000001 1.915735
v 1.997149 0.9361070000000001 1.88568
v 1.972731 0.9361070000000001 1.88568
v 1.972731 0.9361070000000001 1.88568
v 1.960462 0.9148480000000001 1.88568
v 1.997149 0.9361070000000001 1.88568
v 2.009416 0.9148480000000001 1.88568
v 1.984939 0.9148530000000001 1.839298
v 1.997147 0.8936030000000001 1.88568
v 1.984939 0.9148530000000001 1.839298
v 1.972731 0.8936030000000001 1.88568
v 1.984939 0.9148530000000001 1.839298
v 1.984939 0.9148530000000001 1.915735
v 0.835979 1.414511 8.399999999991338E-05
v 0.835979 1.664511 8.399999999989807E-05
v 0.835986 1.664989 1.541088
v 0.836007 1.766084 1.775794
v 0.836015 1.7665630000000003 2.314619
v 0.835761 1.416753 1.295053
v 0.835896 1.1430970000000003 2.314106
v 0.83577 1.158653 1.295053
v 2.331735 -2.1763249999999994 4.848873
v 2.331735 -2.1763249999999994 4.848873
v 2.738097 -2.3732789999999997 4.851231
v 2.738097 -2.3732789999999997 4.851231
v 2.331735 -2.1763249999999994 4.848873
v 2.41677 -2.5578319999999994 4.851231
v 2.331735 -2.1763249999999994 4.848873
v 2.095352 -2.3712979999999995 4.851231
v 2.41677 -1.7950119999999998 4.851232
v 2.095352 -1.9795669999999999 4.851231
v -1.797196 -0.02168699999999987 2.166201
v -1.737494 -0.4408919999999999 1.886374
v -1.8224 0.09253000000000011 1.886374
v -1.996235 0.06154800000000013 2.134881
v -1.797196 -0.02168699999999987 2.166201
v -1.812532 -0.08664999999999987 2.241786
v -2.16976 0.09422100000000011 1.886374
v -1.997244 -0.14567399999999986 2.361631
v -1.841975 -0.2596399999999998 2.361631
v -2.277819 -0.05299799999999987 2.179011
v -2.451771 -0.10858499999999989 1.886374
v -1.998681 -0.44115499999999985 2.445572
v -1.858466 -0.39634899999999984 2.403756
v -1.832814 -0.6810179999999999 2.361631
v -2.279257 -0.3484789999999998 2.361631
v -2.476024 -0.2834849999999999 2.134881
v -2.560719 -0.43841999999999987 1.886374
v -2.173524 -0.6793599999999999 2.361631
v -2.454098 -0.5866839999999999 2.179011
v -2.454988 -0.7692989999999998 1.886374
v -2.296141 -0.8464119999999999 2.134881
v -2.174962 -0.9748399999999999 1.886374
v -2.001007 -0.9192529999999999 2.179011
v -1.828893 -0.7244439999999999 2.316716
v -1.827603 -0.9765299999999999 1.886374
v -1.794522 -0.8704179999999999 2.148209
v -1.737494 -0.4408919999999999 1.886374
v 1.799752 -0.8704179999999999 2.148209
v 1.742905 -0.9118599999999999 1.886374
v 1.832832 -0.9765299999999999 1.886374
v 1.832832 -0.9765299999999999 1.886374
v 2.006237 -0.9192529999999999 2.179012
v 1.834123 -0.7244439999999999 2.316716
v 2.180192 -0.9748399999999999 1.886374
v 1.834719 -0.6810339999999999 2.361631
v 2.301371 -0.8464119999999999 2.134881
v 2.460217 -0.7692989999999998 1.886374
v 2.178755 -0.6793599999999999 2.361631
v 2.459328 -0.5866839999999999 2.179012
v 2.56595 -0.43841999999999987 1.886374
v 2.003911 -0.44115499999999985 2.445572
v 1.863695 -0.39634899999999984 2.403756
v 1.847206 -0.2596399999999998 2.361631
v 2.481254 -0.2834849999999999 2.134881
v 2.457002 -0.10858499999999989 1.886374
v 2.284487 -0.3484789999999998 2.361631
v 2.283049 -0.05299799999999987 2.179012
v 2.17499 0.09422100000000011 1.886374
v 2.002473 -0.14567399999999986 2.361631
v 1.817761 -0.08664999999999987 2.241786
v 2.001465 0.06154800000000013 2.134881
v 1.827631 0.09253000000000011 1.886374
v 1.802426 -0.02168699999999987 2.166201
v 1.742544 0.030076000000000113 1.886374
v 0.597167 -2.138936 1.1971950000000002
v 0.835772 -2.060081 1.1971970000000003
v 0.597168 -2.138937 1.2950520000000003
v 0.552832 -2.15359 1.2950520000000003
v 0.272158 -2.246348 1.8865580000000002
v 0.272158 -2.246348 1.7600840000000002
v -0.006608 -2.239511 1.8865540000000003
v 0.835772 -2.060081 1.1971970000000003
v 0.835772 -2.060082 1.8865580000000002
v 1.288443 -1.7213099999999997 1.88655
v 1.288443 -1.721309 1.197196
v 1.617204 -1.2688099999999998 1.88655
v 1.617203 -1.268809 1.197196
v 1.709849 -1.005799 1.197197
v 1.70985 -1.0057999999999998 1.886539
v 2.41811 -2.1751849999999995 8.244669
v 2.462653 -2.1689409999999993 8.210211
v 2.445032 -2.1390399999999996 8.210211
v 2.462653 -2.1689409999999993 8.210211
v 2.41811 -2.1751849999999995 8.120212
v 2.41811 -2.1751849999999995 8.244669
v 2.411614 -2.1305809999999994 8.210211
v 2.41811 -2.1751849999999995 8.120212
v 2.382004 -2.1482289999999997 8.210211
v 2.41811 -2.1751849999999995 8.120212
v 2.41811 -2.1751849999999995 8.244669
v 2.41811 -2.1751849999999995 8.244669
v 2.373544 -2.1816459999999998 8.210211
v 2.41811 -2.1751849999999995 8.120212
v 2.391194 -2.2112569999999994 8.210211
v 2.41811 -2.1751849999999995 8.120212
v 2.41811 -2.1751849999999995 8.244669
v 2.41811 -2.1751849999999995 8.244669
v 2.424611 -2.2197159999999996 8.210211
v 2.41811 -2.1751849999999995 8.120212
v 2.454221 -2.2020679999999997 8.210211
v 2.41811 -2.1751849999999995 8.120212
v 2.41811 -2.1751849999999995 8.244669
v 2.41811 -2.1751849999999995 8.244669
v 2.462653 -2.1689409999999993 8.210211
v 2.462653 -2.1689409999999993 8.210211
v 2.41811 -2.1751849999999995 8.120212
v 0.002772 -0.4415539999999997 4.672938
v 0.034181 -0.4092319999999997 4.706818
v 0.047749 -0.4411769999999997 4.706818
v 0.002772 -0.4415539999999997 4.797395
v 0.047749 -0.4411769999999997 4.706818
v 0.002772 -0.4415539999999997 4.672938
v 0.002154 -0.3964839999999997 4.706818
v 0.002772 -0.4415539999999997 4.797395
v 0.002772 -0.4415539999999997 4.797395
v -0.029506 -0.4101159999999997 4.706817
v 0.002772 -0.4415539999999997 4.672938
v 0.002772 -0.4415539999999997 4.672938
v -0.042256 -0.44214299999999973 4.706818
v 0.002772 -0.4415539999999997 4.797395
v 0.002772 -0.4415539999999997 4.797395
v -0.028622 -0.4738049999999997 4.706818
v 0.002772 -0.4415539999999997 4.672938
v 0.002772 -0.4415539999999997 4.672938
v 0.003405 -0.48655299999999974 4.706818
v 0.002772 -0.4415539999999997 4.797395
v 0.002772 -0.4415539999999997 4.797395
v 0.035065 -0.47291999999999973 4.706818
v 0.002772 -0.4415539999999997 4.672938
v 0.002772 -0.4415539999999997 4.672938
v 0.047749 -0.4411769999999997 4.706818
v 0.002772 -0.4415539999999997 4.797395
v 0.047749 -0.4411769999999997 4.706818
v 2.331735 -2.1763249999999994 4.848873
v 2.41677 -2.5578319999999994 4.851231
v 2.738097 -2.3732789999999997 4.851231
v 2.095352 -2.3712979999999995 4.851231
v 2.095352 -1.9795669999999999 4.851231
v 2.331735 -2.1763249999999994 4.848873
v 2.738098 -1.9815449999999997 4.851231
v 2.41677 -1.7950119999999998 4.851232
v -2.504716 -2.169314 0.6718390000000001
v -2.403748 -2.169323 0.6718370000000001
v -2.403745 -2.124367 0.5963060000000001
v -2.504712 -2.124358 0.5963070000000001
v -2.504715 -2.169275 0.7473700000000001
v -2.403748 -2.169284 0.7473690000000001
v -2.403748 -2.169323 0.6718370000000001
v -2.504716 -2.169314 0.6718390000000001
v -2.504709 -2.10566 0.8407820000000001
v -2.403741 -2.105669 0.8407810000000001
v -2.403748 -2.169284 0.7473690000000001
v -2.504715 -2.169275 0.7473700000000001
v -2.504702 -2.028708 0.8768850000000001
v -2.403734 -2.028718 0.8768840000000001
v -2.403741 -2.105669 0.8407810000000001
v -2.504709 -2.10566 0.8407820000000001
v -2.504715 -2.147338 0.5410880000000001
v -2.403748 -2.147347 0.5410870000000001
v -2.403757 -2.147347 6.1000000000131485E-05
v -2.504724 -2.147338 6.200000000013149E-05
v -2.504712 -2.124358 0.5963070000000001
v -2.403745 -2.124367 0.5963060000000001
v -2.403748 -2.147347 0.5410870000000001
v -2.504715 -2.147338 0.5410880000000001
v -2.351181 -2.300003 0.8408090000000001
v -2.351184 -2.199036 0.8408080000000001
v -2.274232 -2.199029 0.8769110000000001
v -2.274229 -2.299997 0.8769120000000001
v -2.414795 -2.300012 0.7473970000000001
v -2.414799 -2.199044 0.7473960000000001
v -2.351184 -2.199036 0.8408080000000001
v -2.351181 -2.300003 0.8408090000000001
v -2.414834 -2.300016 0.6718660000000001
v -2.414838 -2.199049 0.6718640000000001
v -2.414799 -2.199044 0.7473960000000001
v -2.414795 -2.300012 0.7473970000000001
v -2.369878 -2.300018 0.5963340000000001
v -2.369882 -2.199051 0.5963330000000001
v -2.414838 -2.199049 0.6718640000000001
v -2.414834 -2.300016 0.6718660000000001
v -2.392858 -2.300023 0.5411150000000001
v -2.392862 -2.199055 0.5411130000000001
v -2.369882 -2.199051 0.5963330000000001
v -2.369878 -2.300018 0.5963340000000001
v -2.367185 1.416753 0.5411149999999999
v -2.367185 1.315785 0.5411149999999999
v -2.367185 1.315785 8.399999999991943E-05
v -2.367185 1.416753 8.399999999991325E-05
v -2.344205 1.416753 0.5963339999999999
v -2.344205 1.315785 0.5963339999999999
v -2.367185 1.315785 0.5411149999999999
v -2.367185 1.416753 0.5411149999999999
v -2.389161 1.416753 0.6718659999999999
v -2.389161 1.315785 0.6718659999999999
v -2.344205 1.315785 0.5963339999999999
v -2.344205 1.416753 0.5963339999999999
v -2.389122 1.416753 0.7473969999999999
v -2.389122 1.315785 0.7473969999999999
v -2.389161 1.315785 0.6718659999999999
v -2.389161 1.416753 0.6718659999999999
v -2.325508 1.416753 0.8408089999999999
v -2.325508 1.315785 0.8408089999999999
v -2.389122 1.315785 0.7473969999999999
v -2.389122 1.416753 0.7473969999999999
v -2.248555 1.416753 0.8769119999999999
v -2.248555 1.315785 0.8769119999999999
v -2.325508 1.315785 0.8408089999999999
v -2.325508 1.416753 0.8408089999999999
v -2.5047 1.283704 8.49999999999214E-05
v -2.403733 1.283695 8.399999999992139E-05
v -2.403733 1.283695 0.5411139999999999
v -2.5047 1.283704 0.5411149999999999
v -2.504701 1.242027 0.8408089999999999
v -2.403734 1.242018 0.8408089999999999
v -2.40374 1.165066 0.8769119999999999
v -2.504708 1.165075 0.8769119999999999
v -2.504696 1.305642 0.7473969999999999
v -2.403729 1.305633 0.7473969999999999
v -2.403734 1.242018 0.8408089999999999
v -2.504701 1.242027 0.8408089999999999
v -2.504697 1.305681 0.6718659999999999
v -2.403729 1.305672 0.6718649999999999
v -2.403729 1.305633 0.7473969999999999
v -2.504696 1.305642 0.7473969999999999
v -2.504702 1.260725 0.5963339999999999
v -2.403734 1.260716 0.5963329999999999
v -2.403729 1.305672 0.6718649999999999
v -2.504697 1.305681 0.6718659999999999
v -2.5047 1.283704 0.5411149999999999
v -2.403733 1.283695 0.5411139999999999
v -2.403734 1.260716 0.5963329999999999
v -2.504702 1.260725 0.5963339999999999
v 2.330738 1.416753 0.8408089999999999
v 2.330738 1.315785 0.8408089999999999
v 2.253786 1.315785 0.8769119999999999
v 2.253786 1.416753 0.8769119999999999
v 2.394353 1.416753 0.7473969999999999
v 2.394353 1.315785 0.7473969999999999
v 2.330738 1.315785 0.8408089999999999
v 2.330738 1.416753 0.8408089999999999
v 2.394392 1.416753 0.6718659999999999
v 2.394392 1.315785 0.6718659999999999
v 2.394353 1.315785 0.7473969999999999
v 2.394353 1.416753 0.7473969999999999
v 2.349436 1.416753 0.5963339999999999
v 2.349436 1.315785 0.5963339999999999
v 2.394392 1.315785 0.6718659999999999
v 2.394392 1.416753 0.6718659999999999
v 2.372415 1.416753 0.5411149999999999
v 2.372415 1.315785 0.5411149999999999
v 2.349436 1.315785 0.5963339999999999
v 2.349436 1.416753 0.5963339999999999
v 2.372415 1.416753 8.399999999991325E-05
v 2.372415 1.315785 8.399999999991943E-05
v 2.372415 1.315785 0.5411149999999999
v 2.372415 1.416753 0.5411149999999999
v 2.509931 1.283704 0.5411149999999999
v 2.408963 1.283695 0.5411139999999999
v 2.408963 1.283695 8.399999999992139E-05
v 2.509931 1.283704 8.49999999999214E-05
v 2.509932 1.260725 0.5963339999999999
v 2.408965 1.260716 0.5963329999999999
v 2.408963 1.283695 0.5411139999999999
v 2.509931 1.283704 0.5411149999999999
v 2.509928 1.305681 0.6718659999999999
v 2.40896 1.305672 0.6718649999999999
v 2.408965 1.260716 0.5963329999999999
v 2.509932 1.260725 0.5963339999999999
v 2.509927 1.305642 0.7473969999999999
v 2.408959 1.305633 0.7473969999999999
v 2.40896 1.305672 0.6718649999999999
v 2.509928 1.305681 0.6718659999999999
v 2.509932 1.242027 0.8408089999999999
v 2.408964 1.242018 0.8408089999999999
v 2.408959 1.305633 0.7473969999999999
v 2.509927 1.305642 0.7473969999999999
v 2.509938 1.165075 0.8769119999999999
v 2.408971 1.165066 0.8769119999999999
v 2.408964 1.242018 0.8408089999999999
v 2.509932 1.242027 0.8408089999999999
v -2.604802 -1.004795 0.0010150000000000616
v -2.604789 -1.0048229999999998 1.886513
v -2.604825 -0.4400099999999999 1.887439
v -2.604814 -0.44001 0.0038540000000000267
v 2.41677 -2.3727499999999995 5.514148
v 2.41677 -2.3727499999999995 4.653969
v 2.586749 -2.2764399999999996 4.653969
v 2.586749 -2.2764399999999996 5.514147
v 2.586749 -2.2764399999999996 5.514147
v 2.586749 -2.2764399999999996 4.653969
v 2.586749 -2.0769349999999998 4.653969
v 2.586749 -2.0769349999999998 5.514147
v 2.586749 -2.0769349999999998 5.514147
v 2.586749 -2.0769349999999998 4.653969
v 2.41677 -1.9800959999999999 4.653969
v 2.416769 -1.9800959999999996 5.514147
v 2.416769 -1.9800959999999996 5.514147
v 2.41677 -1.9800959999999999 4.653969
v 2.246701 -2.0764039999999997 4.653969
v 2.246701 -2.0764049999999994 5.514147
v 2.246701 -2.0764049999999994 5.514147
v 2.246701 -2.0764039999999997 4.653969
v 2.246701 -2.2760499999999997 4.653969
v 2.246701 -2.2760499999999997 5.514147
v 2.246701 -2.2760499999999997 5.514147
v 2.246701 -2.2760499999999997 4.653969
v 2.41677 -2.3727499999999995 4.653969
v 2.41677 -2.3727499999999995 5.514148
v -0.562172 -2.312055 -0.00018799999999985842
v -0.562163 -2.312055 0.8830900000000002
v -0.574378 -1.956609 0.8830900000000002
v -0.574386 -1.956609 -0.00018799999999988018
v -2.179055 -1.956202 5.700000000011979E-05
v -0.574386 -1.956609 -0.00018799999999988018
v -0.574378 -1.956609 0.8830900000000002
v -2.179046 -1.956202 0.8833360000000001
v -2.179055 -0.98731 5.700000000006046E-05
v -2.179055 -1.956202 5.700000000011979E-05
v -2.179046 -1.956202 0.8833360000000001
v -2.179046 -0.98731 0.8833360000000001
v -2.513107 -1.005271 5.700000000006156E-05
v -2.179055 -0.98731 5.700000000006046E-05
v -2.179046 -0.98731 0.8833360000000001
v -2.513098 -1.005271 0.8833360000000001
v 2.514515 -1.758064 0.00035200000000010765
v 2.514549 -1.00457 0.00035300000000006154
v 2.510017 -1.005486 1.295053
v 2.509974 -1.757119 1.295053
v 2.816362 -1.757069 8.900000000010759E-05
v 2.81636 -1.757119 1.295053
v 2.816487 -2.601022 1.2950530000000002
v 2.816487 -2.601021 8.400000000015926E-05
v 0.572294 -1.974438 7.20000000001209E-05
v 2.001646 -1.974404 -0.0001859999999998791
v 2.001646 -1.974395 0.8830920000000001
v 0.572294 -1.974428 0.8833510000000001
v 2.184439 -1.844328 8.600000000011294E-05
v 2.184468 -0.918148 -0.00017799999999994377
v 2.184459 -0.918148 0.8831010000000001
v 2.18443 -1.844328 0.8833650000000001
v 2.531401 -1.765644 8.600000000010811E-05
v 2.184439 -1.784467 8.600000000010926E-05
v 2.18443 -1.784467 0.8833650000000001
v 2.531393 -1.765644 0.8833640000000001
v 2.007034 -2.602788 1.2950530000000002
v 2.007072 -2.299938 1.2950530000000002
v 2.006788 -2.299974 8.400000000014083E-05
v 2.006768 -2.602823 8.500000000015938E-05
v -0.889093 1.094791 0.8831009999999999
v -0.889102 1.094791 -0.00017800000000006702
v -2.179227 1.094791 -0.00017800000000006702
v -2.179218 1.094791 0.8831009999999999
v -2.179218 1.094791 0.8831009999999999
v -2.179227 1.094791 -0.00017800000000006702
v -2.179227 0.1259 -0.0001780000000000077
v -2.179218 0.12590000000000007 0.883101
v -2.179218 0.12590000000000007 0.883101
v -2.179227 0.1259 -0.0001780000000000077
v -2.505629 0.1259 -0.0001780000000000077
v -2.50562 0.12590000000000007 0.883101
v 0.894323 1.09255 0.8833669999999999
v 2.184448 1.09255 0.8833669999999999
v 2.184458 1.09255 8.79999999999331E-05
v 0.894332 1.09255 8.79999999999331E-05
v 2.184448 1.09255 0.8833669999999999
v 2.184448 0.12365800000000006 0.883367
v 2.184457 0.123658 8.799999999999242E-05
v 2.184458 1.09255 8.79999999999331E-05
v 2.184448 0.12365800000000006 0.883367
v 2.513237 0.12365800000000006 0.883367
v 2.513246 0.123658 8.799999999999242E-05
v 2.184457 0.123658 8.799999999999242E-05
v -0.850148 1.7847110000000002 2.292724
v -0.850069 1.0900330000000003 2.292211
v -0.850069 1.0900330000000003 2.327873
v -0.850148 1.7847110000000002 2.328386
v -0.560382 1.7847100000000002 2.328386
v -0.560382 1.7847100000000002 2.292724
v -0.850148 1.7847110000000002 2.292724
v -0.850148 1.7847110000000002 2.328386
v -0.560382 1.7847100000000002 2.328386
v -0.556556 1.3505720000000003 2.330484
v -0.556556 1.3505720000000003 2.294821
v -0.560382 1.7847100000000002 2.292724
v -0.830752 1.416752 1.295053
v -0.830748 1.416753 8.399999999991325E-05
v -2.504688 1.416753 8.399999999991325E-05
v -2.504688 1.416753 1.295053
v -2.504688 1.416753 1.295053
v -2.504688 1.416753 8.399999999991325E-05
v -2.504813 0.122987 8.999999999999247E-05
v -2.50479 0.12415300000000008 1.295053
v -1.704619 0.14799000000000012 1.831698
v -2.62979 0.14915300000000012 1.831687
v -2.62979 0.14915300000000012 1.886513
v -1.704619 0.14799000000000012 1.886523
v -2.629789 -1.0304719999999998 1.831687
v -1.704619 -1.0307999999999997 1.831698
v -1.704619 -1.0307999999999997 1.886523
v -2.629789 -1.0304719999999998 1.886513
v -1.704619 -1.0307999999999997 1.886523
v -1.737494 -0.4408919999999999 1.886374
v -2.629825 -0.44066699999999986 1.887439
v -1.704619 0.14799000000000012 1.886523
v 0.001971 -0.44204199999999966 5.775676
v -0.335565 -0.44204199999999966 5.438139
v 0.001557 -0.44204199999999966 5.101017
v 0.339089 -0.44204199999999966 5.43855
v 2.440128 -2.1720909999999995 8.069334
v 2.431414 -2.1573059999999997 8.069334
v 2.418103 -2.1751789999999995 8.950747
v 2.414892 -2.1531239999999996 8.069337
v 2.418103 -2.1751789999999995 8.950747
v 2.400249 -2.1618499999999994 8.069332
v 2.418103 -2.1751789999999995 8.950747
v 2.396066 -2.1783739999999994 8.069337
v 2.418103 -2.1751789999999995 8.950747
v 2.404794 -2.1930149999999995 8.069334
v 2.418103 -2.1751789999999995 8.950747
v 2.421315 -2.1971969999999996 8.069334
v 2.418103 -2.1751789999999995 8.950747
v 2.435959 -2.1884709999999994 8.069337
v 2.421315 -2.1971969999999996 8.069334
v -2.604802 0.124118 0.0010149999999999925
v -2.604814 -0.44001 0.0038540000000000267
v -2.604825 -0.4400099999999999 1.887439
v -2.60479 0.12415300000000011 1.886513
v 2.610067 -0.920336 0.0020040000000000565
v 2.584825 -0.920336 0.0020040000000000565
v 2.584825 -0.920342 0.8773450000000002
v 2.610067 -0.920342 0.8773450000000002
v 2.610067 -0.920342 0.8773450000000002
v 2.584825 -0.920342 0.8773450000000002
v 2.584825 -0.9203469999999999 1.367248
v 2.610067 -0.9203479999999999 1.367248
v 2.610067 -0.9203529999999999 1.446676
v 2.584825 -0.9203529999999999 1.446676
v 2.584825 -0.9203579999999999 1.798115
v 2.610067 -0.9203579999999999 1.798115
v -1.704619 0.12299000000000009 1.295053
v -2.50479 0.12415300000000008 1.295053
v -2.60479 0.12415300000000011 1.886513
v -1.704619 0.12299000000000011 1.886523
v 0.572394 1.3281930000000002 2.294821
v 0.572394 1.3281930000000002 2.330484
v 0.565308 1.7853220000000003 2.328386
v 0.565308 1.7853220000000003 2.292724
v 0.855101 1.7853220000000003 2.292724
v 0.565308 1.7853220000000003 2.292724
v 0.565308 1.7853220000000003 2.328386
v 0.855101 1.7853220000000003 2.328386
v 0.855101 1.7853220000000003 2.328386
v 0.854966 1.0906440000000002 2.327873
v 0.854966 1.0906440000000002 2.292211
v 0.855101 1.7853220000000003 2.292724
v 2.635032 0.1491390000000001 1.885588
v 1.70985 -1.0307999999999997 1.886539
v 2.635067 -0.4430099999999999 1.886514
v 1.742905 -0.9118599999999999 1.886374
v 2.509918 1.416753 8.399999999991325E-05
v 0.835979 1.414511 8.399999999991338E-05
v 0.835761 1.416753 1.295053
v 2.509918 1.416753 1.295053
v 2.51002 0.12415300000000008 1.295053
v 2.510043 0.124377 8.999999999999239E-05
v 2.509918 1.416753 8.399999999991325E-05
v 2.509918 1.416753 1.295053
v 2.63503 -1.0304859999999998 1.885587
v 1.70985 -1.0307999999999997 1.886539
v 1.709849 -1.0307999999999997 1.831713
v 2.635029 -1.0304859999999998 1.830762
v 1.70985 0.14799000000000012 1.886539
v 2.635032 0.1491390000000001 1.885588
v 2.635032 0.1491390000000001 1.830762
v 1.70985 0.14799000000000012 1.831713
v 0.001557 -0.44204199999999966 5.101017
v -0.335565 -0.44204199999999966 5.438139
v 0.001971 -0.44204199999999966 5.775676
v 0.339089 -0.44204199999999966 5.43855
v 2.584824 0.034297 0.002003999999999998
v 2.610067 0.034297 0.002003999999999998
v 2.610067 0.034301000000000054 0.877345
v 2.584824 0.034301000000000054 0.877345
v 2.584824 0.034301000000000054 0.877345
v 2.610067 0.034301000000000054 0.877345
v 2.610067 0.034305000000000085 1.367248
v 2.584824 0.034305000000000085 1.367248
v 2.584824 0.03431000000000009 1.446676
v 2.610067 0.03431000000000009 1.446676
v 2.610067 0.03431400000000011 1.798115
v 2.584824 0.03431400000000011 1.798115
v 2.610032 0.12413900000000011 1.885588
v 2.51002 0.12415300000000008 1.295053
v 1.709849 0.12299000000000009 1.295053
v 1.70985 0.12299000000000011 1.886539
v 2.260432 -1.99903 1.7859300000000002
v 2.22001 -2.022364 1.7453350000000003
v 2.194771 -1.978642 1.7453350000000003
v 2.235193 -1.955308 1.7859300000000002
v 2.275616 -1.931973 1.8028180000000003
v 2.316039 -1.908639 1.7859300000000002
v 2.341278 -1.952361 1.7859300000000002
v 2.300855 -1.975695 1.8028180000000003
v 2.316039 -1.908639 1.7859300000000002
v 2.356462 -1.885305 1.7453350000000003
v 2.381701 -1.929027 1.7453350000000003
v 2.341278 -1.952361 1.7859300000000002
v 2.235193 -1.955308 1.7859300000000002
v 2.275616 -1.931973 1.8028180000000003
v 2.300855 -1.975695 1.8028180000000003
v 2.260432 -1.99903 1.7859300000000002
v 2.22001 -2.022364 1.1971600000000002
v 2.194771 -1.978642 1.1971600000000002
v 2.194771 -1.978642 1.7453350000000003
v 2.22001 -2.022364 1.7453350000000003
v 2.381701 -1.929027 1.7453350000000003
v 2.356462 -1.885305 1.7453350000000003
v 2.356462 -1.885305 1.1971600000000002
v 2.381701 -1.929027 1.1971600000000002
v 2.381701 -1.929027 1.1971600000000002
v 2.356462 -1.885305 1.1971600000000002
v 2.194771 -1.978642 1.1971600000000002
v 2.22001 -2.022364 1.1971600000000002
v 0.597167 -2.138936 1.1971950000000002
v 0.597168 -2.138937 1.2950520000000003
v 0.601032 -2.27457 1.2950520000000003
v 0.601032 -2.274569 1.1971960000000001
v 0.601032 -2.274569 1.1971960000000001
v 0.601032 -2.27457 1.2950520000000003
v 2.032562 -2.274458 1.2950400000000002
v 2.032562 -2.274458 1.1971840000000002
v 2.032562 -2.274458 1.1971840000000002
v 2.032562 -2.274458 1.2950400000000002
v 2.032523 -2.5772 1.2950260000000002
v 2.032523 -2.5772 1.1971690000000001
v 2.032523 -2.5772 1.1971690000000001
v 2.032523 -2.5772 1.2950260000000002
v 2.790996 -2.575642 1.2950250000000003
v 2.790996 -2.575641 1.1971690000000001
v 2.790996 -2.575641 1.1971690000000001
v 2.790996 -2.575642 1.2950250000000003
v 2.790884 -1.782603 1.295032
v 2.790883 -1.782602 1.197175
v 2.790883 -1.782602 1.197175
v 2.790884 -1.782603 1.295032
v 2.484487 -1.782602 1.295045
v 2.484487 -1.782602 1.197188
v 2.484487 -1.782602 1.197188
v 2.484487 -1.782602 1.295045
v 2.48453 -1.003085 1.295053
v 2.484529 -1.003084 1.197196
v 2.416773 -2.502352 1.1971600000000002
v 2.416774 -2.5023519999999997 4.393829
v 2.134459 -2.3393859999999997 4.393829
v 2.134458 -2.339388 1.1971600000000002
v -2.504713 -1.007569 7.300000000006169E-05
v -2.504736 -2.300045 7.300000000014084E-05
v -2.504716 -2.300035 1.2950260000000002
v -2.5047 -1.006461 1.295039
v 1.288444 0.8385000000000001 1.295053
v 1.288444 0.8385000000000001 1.88655
v 1.617204 0.3860010000000001 1.88655
v 1.617204 0.38600100000000004 1.295053
v -2.504736 -2.300045 7.300000000014084E-05
v -0.569767 -2.304463 0.0003470000000001411
v -0.571939 -2.299833 1.2950530000000002
v -2.504716 -2.300035 1.2950260000000002
v 0.576142 -2.304518 0.0003470000000001411
v 2.006788 -2.299974 8.400000000014083E-05
v 2.007072 -2.299938 1.2950530000000002
v 0.577574 -2.299833 1.2950530000000002
v 1.70985 0.12299000000000011 1.886539
v 1.709849 0.12299000000000009 1.295053
v 1.617204 0.38600100000000004 1.295053
v 1.617204 0.3860010000000001 1.88655
v -2.529688 1.441753 1.295052
v -0.830752 1.441752 1.295052
v -0.830752 1.441752 1.240227
v -2.529688 1.441753 1.240227
v -2.529688 1.441753 1.240227
v -2.52979 0.12415300000000007 1.240227
v -2.52979 0.12415300000000008 1.295053
v -2.529688 1.441753 1.295052
v -2.529716 -2.325034 1.2950260000000002
v -2.529787 -1.005486 1.295053
v -2.529787 -1.005486 1.240227
v -2.529716 -2.325034 1.2402000000000002
v -0.596939 -2.324833 1.2950520000000003
v -2.529716 -2.325034 1.2950260000000002
v -2.529716 -2.325034 1.2402000000000002
v -0.596939 -2.324833 1.2402270000000002
v -0.596939 -2.92578 1.2950520000000003
v -0.596939 -2.324833 1.2950520000000003
v -0.596939 -2.324833 1.2402270000000002
v -0.596939 -2.92578 1.2402270000000002
v 2.534918 1.441753 1.295052
v 2.53502 0.12415300000000008 1.295053
v 2.53502 0.12415300000000007 1.240227
v 2.534917 1.441753 1.240227
v 0.835761 1.441752 1.295052
v 2.534918 1.441753 1.295052
v 2.534917 1.441753 1.240227
v 0.835761 1.441752 1.240227
v 0.602574 -2.92578 1.2402270000000002
v 0.602574 -2.324833 1.2402270000000002
v 0.602574 -2.324833 1.2950520000000003
v 0.602574 -2.92578 1.2950520000000003
v 0.602574 -2.324833 1.2402270000000002
v 1.982072 -2.324938 1.2402270000000002
v 1.982072 -2.324938 1.2950520000000003
v 0.602574 -2.324833 1.2950520000000003
v 1.982072 -2.324938 1.2402270000000002
v 1.982033 -2.627788 1.2402270000000002
v 1.982033 -2.627788 1.2950520000000003
v 1.982072 -2.324938 1.2950520000000003
v 1.982033 -2.627788 1.2402270000000002
v 2.841487 -2.626022 1.2402270000000002
v 2.841487 -2.626022 1.2950520000000003
v 1.982033 -2.627788 1.2950520000000003
v 2.841487 -2.626022 1.2402270000000002
v 2.84136 -1.732119 1.240227
v 2.84136 -1.732119 1.295053
v 2.841487 -2.626022 1.2950520000000003
v 2.534974 -1.732119 1.295053
v 2.84136 -1.732119 1.295053
v 2.84136 -1.732119 1.240227
v 2.534974 -1.732119 1.240227
v 2.535017 -1.005486 1.295053
v 2.534974 -1.732119 1.295053
v 2.534974 -1.732119 1.240227
v 2.535017 -1.005486 1.240227
v 2.499948 -0.918148 -0.00017799999999994377
v 2.499939 -0.918148 0.8831010000000001
v 2.184459 -0.918148 0.8831010000000001
v 2.184468 -0.918148 -0.00017799999999994377
v 1.288444 0.8385000000000001 1.88655
v 1.288444 0.8385000000000001 1.295053
v 0.83577 1.158653 1.295053
v 0.83577 1.1586530000000002 1.886554
v -0.575696 1.6223750000000001 2.314619
v 0.580913 1.6223750000000001 2.314619
v 0.580888 1.620133 8.399999999990079E-05
v -0.575678 1.620133 8.399999999990079E-05
v 2.698987 -2.007072 1.1971600000000002
v 2.698987 -2.0070729999999997 4.393829
v 2.698987 -2.3471609999999994 4.393829
v 2.698986 -2.34716 1.1971600000000002
v 2.419491 -2.6357149999999994 4.653969
v 2.419491 -2.6357149999999994 4.61355
v 2.806165 -2.4136119999999996 4.613551
v 2.806165 -2.4136119999999996 4.653969
v 2.806165 -2.4136119999999996 4.653969
v 2.806165 -2.4136119999999996 4.613551
v 2.806197 -1.9437519999999997 4.61355
v 2.806197 -1.9437519999999997 4.653969
v 2.806197 -1.9437519999999997 4.653969
v 2.806197 -1.9437519999999997 4.61355
v 2.419614 -1.7193549999999997 4.613551
v 2.419614 -1.7193549999999997 4.65397
v 2.419614 -1.7193549999999997 4.65397
v 2.419614 -1.7193549999999997 4.613551
v 2.032834 -1.9414579999999997 4.61355
v 2.032834 -1.9414579999999997 4.653969
v 2.032834 -1.9414579999999997 4.653969
v 2.032834 -1.9414579999999997 4.61355
v 2.032803 -2.4113199999999995 4.61355
v 2.032803 -2.4113199999999995 4.653969
v 2.032803 -2.4113199999999995 4.653969
v 2.032803 -2.4113199999999995 4.61355
v 2.419491 -2.6357149999999994 4.61355
v 2.419491 -2.6357149999999994 4.653969
v 2.416774 -2.5023519999999997 4.393829
v 2.698987 -2.3471609999999994 4.393829
v 2.772982 -2.3946479999999997 4.61355
v 2.416774 -2.5992359999999994 4.61355
v 2.698987 -2.0070729999999997 4.393829
v 2.772982 -1.9603909999999998 4.61355
v 2.772982 -2.3946479999999997 4.61355
v 2.698987 -2.3471609999999994 4.393829
v 2.416774 -1.8504899999999997 4.393829
v 2.416774 -1.7536079999999998 4.613551
v 2.772982 -1.9603909999999998 4.61355
v 2.698987 -2.0070729999999997 4.393829
v 2.13446 -2.0134579999999995 4.393829
v 2.060465 -1.9581959999999998 4.61355
v 2.416774 -1.7536079999999998 4.613551
v 2.416774 -1.8504899999999997 4.393829
v 2.13446 -2.0134579999999995 4.393829
v 2.134459 -2.3393859999999997 4.393829
v 2.060464 -2.3924539999999994 4.61355
v 2.060465 -1.9581959999999998 4.61355
v 2.134459 -2.3393859999999997 4.393829
v 2.416774 -2.5023519999999997 4.393829
v 2.416774 -2.5992359999999994 4.61355
v 2.060464 -2.3924539999999994 4.61355
v 2.698986 -2.34716 1.1971600000000002
v 2.698987 -2.3471609999999994 4.393829
v 2.416774 -2.5023519999999997 4.393829
v 2.416773 -2.502352 1.1971600000000002
v 2.416773 -1.85049 1.1971600000000002
v 2.416774 -1.8504899999999997 4.393829
v 2.698987 -2.0070729999999997 4.393829
v 2.698987 -2.007072 1.1971600000000002
v 2.134458 -2.339388 1.1971600000000002
v 2.134459 -2.3393859999999997 4.393829
v 2.13446 -2.0134579999999995 4.393829
v 2.134459 -2.013457 1.1971600000000002
v 2.623496 -2.2968079999999995 5.662526
v 2.622192 -2.2960599999999998 6.375043
v 2.418063 -2.4117189999999997 6.375043
v 2.418026 -2.4132259999999994 5.662526
v 2.623496 -2.0556469999999996 5.662526
v 2.622192 -2.0564729999999996 6.375043
v 2.622192 -2.2960599999999998 6.375043
v 2.623496 -2.2968079999999995 5.662526
v 2.418026 -1.9385899999999996 5.662526
v 2.418062 -1.9401779999999995 6.375043
v 2.622192 -2.0564729999999996 6.375043
v 2.623496 -2.0556469999999996 5.662526
v 2.212448 -2.0550069999999994 5.662526
v 2.213825 -2.0558349999999996 6.375043
v 2.418062 -1.9401779999999995 6.375043
v 2.418026 -1.9385899999999996 5.662526
v 2.212448 -2.2963359999999997 5.662526
v 2.213825 -2.2955909999999995 6.375043
v 2.213825 -2.0558349999999996 6.375043
v 2.212448 -2.0550069999999994 5.662526
v 2.212448 -2.2963359999999997 5.662526
v 2.418026 -2.4132259999999994 5.662526
v 2.418063 -2.4117189999999997 6.375043
v 2.213825 -2.2955909999999995 6.375043
v 2.586749 -2.0769349999999998 5.514147
v 2.686792 -2.0137899999999997 5.662526
v 2.686791 -2.3407419999999997 5.662526
v 2.586749 -2.2764399999999996 5.514147
v 2.246701 -2.2760499999999997 5.514147
v 2.146659 -2.3401889999999996 5.662526
v 2.14666 -2.0109959999999996 5.662526
v 2.246701 -2.0764049999999994 5.514147
v 2.416774 -2.5992359999999994 4.851231
v 2.416774 -2.5992359999999994 4.61355
v 2.772982 -2.3946479999999997 4.61355
v 2.772982 -2.3946479999999997 4.851231
v 2.772982 -2.3946479999999997 4.851231
v 2.772982 -2.3946479999999997 4.61355
v 2.772982 -1.9603909999999998 4.61355
v 2.772982 -1.9603909999999998 4.851231
v 2.772982 -1.9603909999999998 4.851231
v 2.772982 -1.9603909999999998 4.61355
v 2.416774 -1.7536079999999998 4.613551
v 2.416774 -1.7536079999999998 4.851232
v 2.416774 -1.7536079999999998 4.851232
v 2.416774 -1.7536079999999998 4.613551
v 2.060465 -1.9581959999999998 4.61355
v 2.060465 -1.9581959999999998 4.851231
v 2.060465 -1.9581959999999998 4.851231
v 2.060465 -1.9581959999999998 4.61355
v 2.060464 -2.3924539999999994 4.61355
v 2.060464 -2.3924539999999994 4.851231
v 2.060464 -2.3924539999999994 4.851231
v 2.060464 -2.3924539999999994 4.61355
v 2.416774 -2.5992359999999994 4.61355
v 2.416774 -2.5992359999999994 4.851231
v -1.480653 2.390772 0.2874669999999998
v -1.45244 2.402458 0.2874669999999998
v -1.626748 2.576766 0.2874669999999998
v -1.638434 2.548553 0.2874669999999998
v -1.638434 2.548553 0.2874669999999998
v -1.626748 2.576766 0.2874669999999998
v -1.873257 2.576766 0.2874669999999998
v -1.861571 2.548553 0.2874669999999998
v -1.861571 2.548553 0.2874669999999998
v -1.873257 2.576766 0.2874669999999998
v -2.047565 2.402458 0.2874669999999998
v -2.019353 2.390772 0.2874669999999998
v -2.019353 2.390772 0.2874669999999998
v -2.047565 2.402458 0.2874669999999998
v -2.047565 2.155949 0.28746699999999986
v -2.019353 2.167635 0.28746699999999986
v -2.019353 2.167635 0.28746699999999986
v -2.047565 2.155949 0.28746699999999986
v -1.873257 1.981642 0.28746699999999986
v -1.861571 2.009854 0.28746699999999986
v -1.861571 2.009854 0.28746699999999986
v -1.873257 1.981642 0.28746699999999986
v -1.626748 1.981642 0.28746699999999986
v -1.638434 2.009854 0.28746699999999986
v -1.638434 2.009854 0.28746699999999986
v -1.626748 1.981642 0.28746699999999986
v -1.45244 2.155949 0.28746699999999986
v -1.480653 2.167635 0.28746699999999986
v -1.480653 2.167635 0.28746699999999986
v -1.45244 2.155949 0.28746699999999986
v -1.45244 2.402458 0.2874669999999998
v -1.480653 2.390772 0.2874669999999998
v -1.594027 2.655761 0.09014399999999984
v -1.626748 2.576766 0.2874669999999998
v -1.45244 2.402458 0.2874669999999998
v -1.373445 2.435179 0.09014399999999985
v -1.905978 2.655761 0.09014399999999984
v -1.873257 2.576766 0.2874669999999998
v -1.626748 2.576766 0.2874669999999998
v -1.594027 2.655761 0.09014399999999984
v -2.12656 2.435179 0.09014399999999985
v -2.047565 2.402458 0.2874669999999998
v -1.873257 2.576766 0.2874669999999998
v -1.905978 2.655761 0.09014399999999984
v -2.12656 2.123228 0.09014399999999988
v -2.047565 2.155949 0.28746699999999986
v -2.047565 2.402458 0.2874669999999998
v -2.12656 2.435179 0.09014399999999985
v -1.905978 1.902646 0.09014399999999989
v -1.873257 1.981642 0.28746699999999986
v -2.047565 2.155949 0.28746699999999986
v -2.12656 2.123228 0.09014399999999988
v -1.594027 1.902646 0.09014399999999989
v -1.626748 1.981642 0.28746699999999986
v -1.873257 1.981642 0.28746699999999986
v -1.905978 1.902646 0.09014399999999989
v -1.373445 2.123229 0.09014399999999988
v -1.45244 2.155949 0.28746699999999986
v -1.626748 1.981642 0.28746699999999986
v -1.594027 1.902646 0.09014399999999989
v -1.373445 2.435179 0.09014399999999985
v -1.45244 2.402458 0.2874669999999998
v -1.45244 2.155949 0.28746699999999986
v -1.373445 2.123229 0.09014399999999988
v -1.204169 2.505296 0.09014399999999985
v -1.204169 2.505296 0.045970999999999845
v -1.523911 2.825037 0.045970999999999825
v -1.523911 2.825037 0.09014399999999984
v -1.523911 2.825037 0.09014399999999984
v -1.523911 2.825037 0.045970999999999825
v -1.976094 2.825037 0.045970999999999825
v -1.976094 2.825037 0.09014399999999984
v -1.976094 2.825037 0.09014399999999984
v -1.976094 2.825037 0.045970999999999825
v -2.295836 2.505296 0.045970999999999845
v -2.295836 2.505296 0.09014399999999985
v -2.295836 2.505296 0.09014399999999985
v -2.295836 2.505296 0.045970999999999845
v -2.295836 2.053112 0.04597099999999987
v -2.295836 2.053112 0.09014399999999988
v -2.295836 2.053112 0.09014399999999988
v -2.295836 2.053112 0.04597099999999987
v -1.976094 1.73337 0.045970999999999894
v -1.976094 1.73337 0.09014399999999989
v -1.976094 1.73337 0.09014399999999989
v -1.976094 1.73337 0.045970999999999894
v -1.523911 1.733371 0.045970999999999894
v -1.523911 1.733371 0.09014399999999989
v -1.523911 1.733371 0.09014399999999989
v -1.523911 1.733371 0.045970999999999894
v -1.204169 2.053112 0.04597099999999987
v -1.204169 2.053112 0.09014399999999988
v -1.204169 2.053112 0.09014399999999988
v -1.204169 2.053112 0.04597099999999987
v -1.204169 2.505296 0.045970999999999845
v -1.204169 2.505296 0.09014399999999985
v -1.976094 1.73337 0.045970999999999894
v -2.011153 1.648732 0.045970999999999894
v -1.488853 1.648733 0.045970999999999894
v -1.523911 1.733371 0.045970999999999894
v -2.011153 1.648732 0.045970999999999894
v -2.011153 1.648732 9.099999999989905E-05
v -1.488853 1.648732 9.099999999989905E-05
v -1.488853 1.648733 0.045970999999999894
v 2.007034 -2.602788 1.2950530000000002
v 2.007072 -2.299938 1.2950530000000002
v 2.006788 -2.299974 8.400000000014083E-05
v 2.006768 -2.602823 8.500000000015938E-05
v 2.816487 -2.601021 8.400000000015926E-05
v 2.816487 -2.601022 1.2950530000000002
v 2.007034 -2.602788 1.2950530000000002
v 2.006768 -2.602823 8.500000000015938E-05
v 2.610044 0.124108 8.99999999999924E-05
v 2.610031 0.12413600000000011 1.885587
v 2.610067 -0.4406769999999999 1.886514
v 2.610056 -0.440677 0.002929000000000027
v 2.610044 -1.004805 9.000000000006153E-05
v 2.610056 -0.440677 0.002929000000000027
v 2.610067 -0.4406769999999999 1.886514
v 2.610032 -1.0048399999999997 1.885587
v -0.735606 1.7060910000000002 2.693913
v -0.735606 1.7060900000000003 2.325215
v -0.674517 1.7013740000000002 2.32503
v -0.674517 1.7013740000000002 2.693728
v -0.622323 1.6692820000000002 2.325215
v -0.622323 1.6692820000000002 2.693913
v -0.607931 1.6097260000000002 2.32503
v -0.607931 1.6097260000000002 2.693728
v -0.622323 1.5501690000000001 2.325215
v -0.622323 1.5501690000000001 2.693913
v -0.674517 1.5180780000000003 2.32503
v -0.674517 1.5180780000000003 2.693728
v -0.735606 1.5133610000000002 2.325215
v -0.735606 1.5133610000000002 2.693913
v -0.782256 1.5530840000000001 2.32503
v -0.782256 1.5530840000000001 2.693728
v -0.805619 1.6097260000000002 2.325215
v -0.805619 1.6097260000000002 2.693913
v -0.782256 1.6663680000000003 2.32503
v -0.782256 1.6663680000000003 2.693728
v -0.735606 1.7060900000000003 2.325215
v -0.735606 1.7060910000000002 2.693913
v -0.803356 1.6816980000000001 2.693728
v -0.74408 1.7321720000000003 2.693913
v -0.74408 1.7321720000000003 2.325215
v -0.833042 1.6097260000000002 2.693913
v -0.833042 1.6097260000000002 2.325215
v -0.803356 1.5377540000000003 2.693728
v -0.74408 1.4872810000000003 2.693913
v -0.74408 1.4872810000000003 2.325215
v -0.666458 1.4932730000000003 2.693728
v -0.600137 1.5340510000000003 2.693913
v -0.600137 1.5340510000000003 2.325215
v -0.58185 1.6097260000000002 2.693728
v -0.600137 1.6854010000000001 2.693913
v -0.600137 1.6854010000000001 2.325215
v -0.666458 1.7261790000000001 2.693728
v -0.74408 1.7321720000000003 2.693913
v -0.74408 1.7321720000000003 2.325215
v -0.575678 1.620133 8.399999999990079E-05
v -0.575678 1.66451 8.399999999989807E-05
v -0.575682 1.664989 1.541088
v -0.575696 1.6223750000000001 2.314619
v -0.575692 1.766084 1.775794
v -0.575696 1.7665630000000003 2.314619
v 0.678629 1.7060910000000002 2.693913
v 0.678629 1.7060900000000003 2.325215
v 0.739718 1.7013740000000002 2.32503
v 0.739718 1.7013740000000002 2.693728
v 0.791912 1.6692820000000002 2.325215
v 0.791912 1.6692820000000002 2.693913
v 0.806305 1.6097260000000002 2.32503
v 0.806305 1.6097260000000002 2.693728
v 0.791912 1.5501690000000001 2.325215
v 0.791913 1.5501690000000001 2.693913
v 0.739718 1.5180780000000003 2.32503
v 0.739718 1.5180780000000003 2.693728
v 0.678629 1.5133610000000002 2.325215
v 0.678629 1.5133610000000002 2.693913
v 0.631979 1.5530840000000001 2.32503
v 0.631979 1.5530840000000001 2.693728
v 0.608616 1.6097260000000002 2.325215
v 0.608616 1.6097260000000002 2.693913
v 0.631979 1.6663680000000003 2.32503
v 0.631979 1.6663680000000003 2.693728
v 0.678629 1.7060900000000003 2.325215
v 0.678629 1.7060910000000002 2.693913
v 0.697384 1.5886000000000002 3.06385
v 0.685115 1.6098450000000002 3.063849
v 0.709591 1.6098500000000002 3.017468
v 0.697384 1.6311040000000003 3.063849
v 0.721801 1.6311030000000002 3.063849
v 1.972731 0.8936030000000001 1.88568
v 1.960462 0.9148480000000001 1.88568
v 1.984939 0.9148530000000001 1.839298
v 1.972731 0.9361070000000001 1.88568
v 1.997149 0.9361070000000001 1.88568
v 0.003078 -0.46379699999999974 4.622059
v 0.003078 -0.46379699999999974 4.870152
v -0.012757 -0.4574929999999997 4.870152
v -0.012757 -0.4574929999999997 4.622059
v -0.019499 -0.44183799999999973 4.870153
v -0.019499 -0.44183799999999973 4.622061
v -0.013195 -0.4260019999999997 4.870151
v -0.013195 -0.4260019999999997 4.622057
v 0.00246 -0.4192609999999997 4.870153
v 0.002462 -0.41926199999999975 4.622061
v 0.018296 -0.42556499999999975 4.870152
v 0.018296 -0.42556499999999975 4.622059
v 0.025007 -0.4413609999999997 4.870152
v 0.025007 -0.4413609999999997 4.622059
v 0.018735 -0.45705599999999974 4.870153
v 0.018735 -0.45705599999999974 4.622061
v 0.003078 -0.46379699999999974 4.870152
v 0.003078 -0.46379699999999974 4.622059
v 2.194771 -1.978642 1.1971600000000002
v 2.134459 -2.013457 1.1971600000000002
v 2.194771 -1.978642 1.7453350000000003
v 2.13446 -2.0134579999999995 4.393829
v 2.235193 -1.955308 1.7859300000000002
v 2.275616 -1.931973 1.8028180000000003
v 2.316039 -1.908639 1.7859300000000002
v 2.356462 -1.885305 1.7453350000000003
v 2.416773 -1.85049 1.1971600000000002
v 2.416774 -1.8504899999999997 4.393829
v 2.356462 -1.885305 1.1971600000000002
v 0.601032 -2.27457 1.2950520000000003
v 0.602574 -2.324833 1.2950520000000003
v 1.982072 -2.324938 1.2950520000000003
v 2.032562 -2.274458 1.2950400000000002
v 1.982033 -2.627788 1.2950520000000003
v 2.032523 -2.5772 1.2950260000000002
v 2.841487 -2.626022 1.2950520000000003
v 2.790996 -2.575642 1.2950250000000003
v 2.84136 -1.732119 1.295053
v 2.790884 -1.782603 1.295032
v 2.534974 -1.732119 1.295053
v 2.484487 -1.782602 1.295045
v 2.535017 -1.005486 1.295053
v 2.48453 -1.003085 1.295053
v -1.704619 -1.0058 1.295053
v -2.529787 -1.005486 1.295053
v -2.529716 -2.325034 1.2950260000000002
v -1.276412 -1.743187 1.295054
v -0.596939 -2.324833 1.2950520000000003
v -0.830956 -2.059835 1.2950530000000002
v -0.54753 -2.149624 1.2950490000000001
v -0.596939 -2.92578 1.2950520000000003
v 0.002596 -2.925957 1.2950520000000003
v 0.602574 -2.92578 1.2950520000000003
v 0.601032 -2.27457 1.2950520000000003
v 0.602574 -2.324833 1.2950520000000003
v 0.552832 -2.15359 1.2950520000000003
v 0.597168 -2.138937 1.2950520000000003
v 0.835761 1.441752 1.295052
v 0.83577 1.158653 1.295053
v 1.288444 0.8385000000000001 1.295053
v 2.534918 1.441753 1.295052
v 1.617204 0.38600100000000004 1.295053
v 1.709849 0.12299000000000009 1.295053
v 2.53502 0.12415300000000008 1.295053
v 2.316842 -1.004347 1.197196
v 1.709849 -1.005799 1.197197
v 1.617203 -1.268809 1.197196
v 2.484529 -1.003084 1.197196
v 1.288443 -1.721309 1.197196
v 0.835772 -2.060081 1.1971970000000003
v 2.416773 -1.85049 1.1971600000000002
v 2.484487 -1.782602 1.197188
v 2.356462 -1.885305 1.1971600000000002
v 2.698987 -2.007072 1.1971600000000002
v 2.194771 -1.978642 1.1971600000000002
v 2.790883 -1.782602 1.197175
v 2.134459 -2.013457 1.1971600000000002
v 2.698986 -2.34716 1.1971600000000002
v 0.597167 -2.138936 1.1971950000000002
v 2.790996 -2.575641 1.1971690000000001
v 2.416773 -2.502352 1.1971600000000002
v 2.032523 -2.5772 1.1971690000000001
v 2.134458 -2.339388 1.1971600000000002
v 2.032562 -2.274458 1.1971840000000002
v 0.601032 -2.274569 1.1971960000000001
v -1.789994 -0.1617439999999999 1.88655
v -1.87377 -0.44140399999999985 2.316716
v -1.781934 0.13842300000000013 2.316716
v -1.630711 0.3727270000000001 1.886558
v -1.515417 0.6614930000000001 2.316716
v -1.276412 0.8603780000000001 1.886558
v -1.100306 1.0766040000000001 2.316716
v -0.830983 1.1586530000000002 1.886554
v -0.572328 1.3724470000000002 2.316716
v 2.418066 -1.9166769999999995 6.375043
v 2.193474 -2.0438609999999997 6.375043
v 2.249183 -2.0768629999999995 6.469058
v 2.418092 -1.9810479999999995 6.469058
v 2.418095 -2.1752229999999995 8.211335
v -2.011153 1.648732 0.045970999999999894
v -1.976094 1.73337 0.045970999999999894
v -2.295836 2.053112 0.04597099999999987
v -2.380474 2.018054 0.04597099999999987
v -2.295836 2.505296 0.045970999999999845
v -2.380474 2.540354 0.045970999999999845
v -1.976094 2.825037 0.045970999999999825
v -2.011153 2.909675 0.04597099999999982
v -1.523911 2.825037 0.045970999999999825
v -1.488853 2.909675 0.04597099999999982
v -1.204169 2.505296 0.045970999999999845
v -1.119531 2.540354 0.045970999999999845
v -1.204169 2.053112 0.04597099999999987
v -1.119531 2.018054 0.04597099999999987
v -1.523911 1.733371 0.045970999999999894
v -1.488853 1.648733 0.045970999999999894
v -2.011153 2.909675 9.099999999982184E-05
v -2.011153 2.909675 0.04597099999999982
v -1.488853 2.909675 0.04597099999999982
v -1.488853 2.909675 9.099999999982184E-05
v -1.119531 2.540354 0.045970999999999845
v -1.119531 2.540354 9.099999999984445E-05
v -1.119531 2.018054 0.04597099999999987
v -1.119531 2.018054 9.099999999987643E-05
v -1.488853 1.648733 0.045970999999999894
v -1.488853 1.648732 9.099999999989905E-05
v -2.011153 2.909675 0.04597099999999982
v -2.011153 2.909675 9.099999999982184E-05
v -2.380474 2.540354 9.099999999984445E-05
v -2.380474 2.540354 0.045970999999999845
v -2.380474 2.018054 9.099999999987643E-05
v -2.380474 2.018054 0.04597099999999987
v -2.011153 1.648732 9.099999999989905E-05
v -2.011153 1.648732 0.045970999999999894
v -0.575682 1.664989 1.541088
v -0.575678 1.66451 8.399999999989807E-05
v -0.830748 1.664511 8.399999999989807E-05
v -0.830754 1.664989 1.541088
v -0.575692 1.766084 1.775794
v -0.830769 1.766084 1.775794
v -0.575696 1.7665630000000003 2.314619
v -0.830774 1.7665630000000003 2.314619
v -0.704644 1.6098490000000003 3.017468
v -0.716852 1.5886000000000002 3.06385
v -0.729121 1.6098450000000002 3.063849
v -0.716852 1.6311030000000002 3.063849
v -0.692434 1.6311030000000002 3.063849
v -2.629825 -0.44066699999999986 1.832614
v -2.629789 -1.0304719999999998 1.831687
v -2.629789 -1.0304719999999998 1.886513
v -2.629825 -0.44066699999999986 1.887439
v -2.62979 0.14915300000000012 1.831687
v -2.62979 0.14915300000000012 1.886513
v -1.979682 -1.7894779999999997 1.839298
v -1.99189 -1.8107279999999997 1.88568
v -2.004159 -1.7894839999999999 1.88568
v -1.99189 -1.7682249999999997 1.88568
v -1.967473 -1.7682249999999997 1.88568
v -1.979682 0.9139100000000001 1.839298
v -1.99189 0.8926600000000001 1.88568
v -2.004159 0.9139050000000001 1.88568
v -1.99189 0.9351640000000001 1.88568
v -1.967473 0.9351640000000001 1.88568
v 0.814098 1.6854010000000001 2.325215
v 0.670155 1.7321720000000003 2.325215
v 0.670155 1.7321720000000003 2.693913
v 0.814098 1.6854020000000003 2.693913
v 0.814098 1.5340510000000003 2.325215
v 0.814098 1.5340510000000003 2.693913
v 0.670155 1.4872810000000003 2.325215
v 0.670155 1.4872800000000002 2.693913
v 0.581193 1.6097260000000002 2.325215
v 0.581193 1.6097260000000002 2.693913
v 0.670155 1.7321720000000003 2.325215
v 0.670155 1.7321720000000003 2.693913
v 2.635067 -0.4430099999999999 1.886514
v 2.63503 -1.0304859999999998 1.885587
v 2.635029 -1.0304859999999998 1.830762
v 2.635067 -0.4430099999999999 1.831689
v 2.635032 0.1491390000000001 1.885588
v 2.635032 0.1491390000000001 1.830762
v -0.285375 -2.232675 1.8865500000000002
v -0.285375 -2.232675 1.7600840000000002
v -0.006608 -2.239511 1.8865540000000003
v -0.54753 -2.149624 1.2950490000000001
v -0.830956 -2.059835 1.8865500000000002
v -0.830956 -2.059835 1.2950530000000002
v -1.276412 -1.743187 1.295054
v -1.276412 -1.7431869999999998 1.886558
v -1.630711 -1.255536 1.295054
v -1.630711 -1.2555359999999998 1.886558
v -1.704619 -1.0057999999999998 1.886523
v -1.704619 -1.0058 1.295053
v 0.002596 -2.900957 8.400000000017763E-05
v 0.577906 -2.900957 8.400000000017763E-05
v 0.577574 -2.90078 1.2950530000000002
v 0.002596 -2.900957 1.2950530000000002
v -0.571815 -2.900957 8.400000000017763E-05
v -0.571939 -2.90078 1.2950530000000002
v -1.276412 0.8603780000000001 1.886558
v -0.830983 1.1586530000000002 1.886554
v -0.830835 1.158653 1.295053
v -1.276412 0.8603780000000001 1.295054
v -1.630711 0.3727270000000001 1.886558
v -1.63071 0.37272700000000003 1.295054
v -1.667665 0.2478590000000001 1.810815
v -1.704619 0.12299000000000011 1.886523
v -1.704619 0.12299000000000009 1.295053
v 0.002596 -2.925957 1.2950520000000003
v -0.596939 -2.92578 1.2950520000000003
v -0.596939 -2.92578 1.2402270000000002
v 0.002596 -2.925957 1.2402270000000002
v 0.602574 -2.92578 1.2950520000000003
v 0.602574 -2.92578 1.2402270000000002
v 1.31072 0.8697810000000001 1.88655
v 0.848942 1.1963730000000001 1.886554
v 0.83577 1.1586530000000002 1.886554
v 1.288444 0.8385000000000001 1.88655
v 1.646092 0.4081810000000001 1.88655
v 1.617204 0.3860010000000001 1.88655
v 1.83511 -0.1284189999999999 1.886558
v 1.802495 -0.1400199999999999 1.886558
v -1.789994 -0.7210649999999998 1.88655
v -1.781934 -1.0212319999999997 2.316716
v -1.87377 -0.44140399999999985 2.316716
v -1.630711 -1.2555359999999998 1.886558
v -1.515417 -1.5443019999999998 2.316716
v -1.276412 -1.7431869999999998 1.886558
v -1.100306 -1.9594119999999997 2.316716
v -0.830956 -2.059835 1.8865500000000002
v -0.577236 -2.22593 2.316716
v -0.285375 -2.232675 1.8865500000000002
v 0.002591 -2.317766 2.316716
v -0.006608 -2.239511 1.8865540000000003
v 0.272158 -2.246348 1.8865580000000002
v 0.582419 -2.22593 2.316716
v 0.835772 -2.060082 1.8865580000000002
v 1.105489 -1.9594129999999998 2.316716
v 1.288443 -1.7213099999999997 1.88655
v 1.520599 -1.5443019999999998 2.316716
v 1.617204 -1.2688099999999998 1.88655
v 1.787117 -1.0212319999999997 2.316716
v 1.70985 -1.0057999999999998 1.886539
v 1.802495 -0.7427899999999998 1.886558
v 1.878952 -0.4414049999999998 2.316716
v 0.58715 1.3522090000000002 2.316716
v 1.105489 1.0766030000000002 2.316716
v 0.83577 1.1586530000000002 1.886554
v 1.288444 0.8385000000000001 1.88655
v 1.520599 0.6614920000000001 2.316716
v 1.617204 0.3860010000000001 1.88655
v 1.787117 0.13842200000000013 2.316716
v 1.70985 0.12299000000000011 1.886539
v 1.802495 -0.1400199999999999 1.886558
v 1.878952 -0.4414049999999998 2.316716
v 2.586911 -2.2751169999999994 6.469058
v 2.58691 -2.0773439999999996 6.469058
v 2.418095 -2.1752229999999995 8.211335
v 2.64254 -2.0445629999999997 6.375043
v 2.64254 -2.3080279999999997 6.375043
v 2.58691 -2.0773439999999996 6.469058
v 2.418092 -1.9810479999999995 6.469058
v 2.418095 -2.1752229999999995 8.211335
v 2.418066 -1.9166769999999995 6.375043
v 2.64254 -2.0445629999999997 6.375043
v 2.249183 -2.0768629999999995 6.469058
v 2.249183 -2.2747639999999993 6.469058
v 2.418095 -2.1752229999999995 8.211335
v 2.193474 -2.3075119999999996 6.375043
v 2.193474 -2.0438609999999997 6.375043
v 2.249183 -2.2747639999999993 6.469058
v 2.418092 -2.3709339999999997 6.469058
v 2.418095 -2.1752229999999995 8.211335
v 2.418066 -2.4352149999999995 6.375043
v 2.193474 -2.3075119999999996 6.375043
v 2.64254 -2.3080279999999997 6.375043
v 2.586911 -2.2751169999999994 6.469058
v 2.418092 -2.3709339999999997 6.469058
v 2.418095 -2.1752229999999995 8.211335
v 0.835986 1.664989 1.541088
v 0.835979 1.664511 8.399999999989807E-05
v 0.580888 1.66451 8.399999999989807E-05
v 0.580893 1.664989 1.541088
v 0.580908 1.766084 1.775794
v 0.836007 1.766084 1.775794
v 0.836015 1.7665630000000003 2.314619
v 0.580913 1.7665630000000003 2.314619
v 0.580913 1.7665630000000003 2.314619
v 0.580908 1.766084 1.775794
v 0.580913 1.6223750000000001 2.314619
v 0.580893 1.664989 1.541088
v 0.580888 1.66451 8.399999999989807E-05
v 0.580888 1.620133 8.399999999990079E-05
v -2.52979 0.12415300000000008 1.295053
v -1.704619 0.12299000000000009 1.295053
v -1.63071 0.37272700000000003 1.295054
v -1.276412 0.8603780000000001 1.295054
v -0.830752 1.441752 1.295052
v -0.830835 1.158653 1.295053
v -2.529688 1.441753 1.295052
v 0.00337 -0.4844619999999997 4.923112
v 0.003078 -0.46379699999999974 4.870152
v 0.018735 -0.45705599999999974 4.870153
v 0.033566 -0.47146099999999974 4.923115
v 0.002766 -0.4415469999999997 5.2283
v 0.025007 -0.4413609999999997 4.870152
v 0.045661 -0.4411869999999997 4.923112
v 0.018296 -0.42556499999999975 4.870152
v -0.027174 -0.4723039999999997 4.923112
v 0.00337 -0.4844619999999997 4.923112
v 0.003078 -0.46379699999999974 4.870152
v -0.012757 -0.4574929999999997 4.870152
v 0.032722 -0.4107209999999997 4.923112
v 0.002766 -0.4415469999999997 5.2283
v 0.00246 -0.4192609999999997 4.870153
v -0.040177 -0.4421089999999997 4.923115
v 0.002766 -0.4415469999999997 5.2283
v -0.019499 -0.44183799999999973 4.870153
v 0.002178 -0.3985629999999997 4.923115
v 0.002766 -0.4415469999999997 5.2283
v -0.013195 -0.4260019999999997 4.870151
v -0.028017 -0.41156499999999974 4.92311
v 0.002766 -0.4415469999999997 5.2283
v 0.002766 -0.4415469999999997 5.2283
v 2.146659 -2.3401889999999996 5.662526
v 2.41677 -2.4969439999999996 5.662526
v 2.14666 -2.0109959999999996 5.662526
v 2.686792 -2.0137899999999997 5.662526
v 2.416769 -1.8559049999999995 5.662526
v 2.686791 -2.3407419999999997 5.662526
v 2.22001 -2.022364 1.1971600000000002
v 2.22001 -2.022364 1.7453350000000003
v 2.381701 -1.929027 1.1971600000000002
v 2.260432 -1.99903 1.7859300000000002
v 2.300855 -1.975695 1.8028180000000003
v 2.341278 -1.952361 1.7859300000000002
v 2.381701 -1.929027 1.7453350000000003
v -0.830752 1.416752 1.295053
v -0.830835 1.158653 1.295053
v -0.830705 1.1430970000000003 2.314106
v -0.830774 1.7665630000000003 2.314619
v -0.830769 1.766084 1.775794
v -0.830754 1.664989 1.541088
v -0.830748 1.664511 8.399999999989807E-05
v -0.830748 1.416753 8.399999999991325E-05
v -2.019353 2.167635 0.28746699999999986
v -1.861571 2.009854 0.28746699999999986
v -2.019353 2.390772 0.2874669999999998
v -1.638434 2.548553 0.2874669999999998
v -1.861571 2.548553 0.2874669999999998
v -1.480653 2.167635 0.28746699999999986
v -1.480653 2.390772 0.2874669999999998
v -1.638434 2.009854 0.28746699999999986
v -0.803356 1.5377540000000003 2.693728
v -0.74408 1.4872810000000003 2.693913
v -0.788903 1.4932730000000003 2.763845
v -0.841193 1.5652450000000002 2.763845
v -0.833042 1.6097260000000002 2.693913
v -0.841193 1.6542070000000002 2.763845
v -0.803356 1.6816980000000001 2.693728
v -0.808454 1.5340500000000001 2.828218
v -0.788903 1.7261790000000001 2.763845
v -0.74408 1.7321720000000003 2.693913
v -0.826741 1.6097260000000002 2.83952
v -0.808454 1.6854020000000003 2.828218
v -0.704295 1.7536700000000003 2.763845
v -0.666458 1.7261790000000001 2.693728
v -0.742133 1.7261790000000001 2.83952
v -0.765518 1.6542080000000001 2.886291
v -0.619687 1.7261790000000001 2.763845
v -0.600137 1.6854010000000001 2.693913
v -0.66451 1.7321720000000003 2.828218
v -0.68091 1.6816980000000001 2.886291
v -0.605235 1.6816980000000001 2.83952
v -0.567397 1.6542070000000002 2.763845
v -0.58185 1.6097260000000002 2.693728
v -0.62862 1.6097260000000002 2.886291
v -0.567397 1.5652450000000002 2.763845
v -0.600137 1.5340510000000003 2.693913
v -0.575548 1.6097260000000002 2.828218
v -0.619688 1.4932730000000003 2.763845
v -0.605235 1.5377550000000002 2.83952
v -0.704295 1.6097260000000002 2.907789
v -0.68091 1.5377550000000002 2.886291
v -0.765518 1.5652450000000002 2.886291
v -0.66451 1.4872810000000003 2.828218
v -0.742133 1.4932730000000003 2.83952
v -0.704295 1.4657830000000003 2.763845
v -0.74408 1.4872810000000003 2.693913
v -0.666458 1.4932730000000003 2.693728
v -0.600137 1.5340510000000003 2.693913
v 0.610879 1.6816980000000001 2.693728
v 0.581193 1.6097260000000002 2.693913
v 0.573042 1.6542070000000002 2.763845
v 0.625332 1.7261790000000001 2.763845
v 0.670155 1.7321720000000003 2.693913
v 0.70994 1.7536700000000003 2.763845
v 0.747778 1.7261790000000001 2.693728
v 0.605782 1.6854020000000003 2.828218
v 0.794548 1.7261790000000001 2.763845
v 0.814098 1.6854020000000003 2.693913
v 0.672102 1.7261790000000001 2.83952
v 0.749725 1.7321720000000003 2.828218
v 0.846838 1.6542070000000002 2.763845
v 0.832386 1.6097260000000002 2.693728
v 0.809 1.6816980000000001 2.83952
v 0.733325 1.6816980000000001 2.886291
v 0.846838 1.5652450000000002 2.763845
v 0.814098 1.5340510000000003 2.693913
v 0.838687 1.6097260000000002 2.828218
v 0.785616 1.6097260000000002 2.886291
v 0.809 1.5377550000000002 2.83952
v 0.794548 1.4932730000000003 2.763845
v 0.747778 1.4932730000000003 2.693728
v 0.733325 1.5377550000000002 2.886291
v 0.70994 1.4657830000000003 2.763845
v 0.670155 1.4872800000000002 2.693913
v 0.749725 1.4872800000000002 2.828218
v 0.625332 1.4932730000000003 2.763845
v 0.672102 1.4932730000000003 2.83952
v 0.70994 1.6097260000000002 2.907789
v 0.648717 1.5652450000000002 2.886291
v 0.648717 1.6542070000000002 2.886291
v 0.605782 1.5340510000000003 2.828218
v 0.587494 1.6097260000000002 2.83952
v 0.573042 1.5652450000000002 2.763845
v 0.581193 1.6097260000000002 2.693913
v 0.610879 1.5377550000000002 2.693728
v 0.670155 1.4872800000000002 2.693913
v 0.002083 -2.299039 1.8756190000000001
v -0.006608 -2.239511 1.8865540000000003
v -0.254076 -2.233442 1.7893110000000003
v 0.24788 -2.245753 1.7893110000000003
v -0.006608 -2.239511 1.8865540000000003
v -0.301736 -2.299039 1.7893110000000003
v -0.32765 -2.219282 1.7374810000000003
v 0.24788 -2.477621 1.7893110000000003
v -0.514804 -2.299039 1.5561650000000002
v -0.464079 -2.176061 1.5754770000000002
v -0.54753 -2.149624 1.2950490000000001
v -0.54753 -2.47762 1.2950490000000001
v -0.395621 -2.587989 1.6015400000000002
v -0.337596 -2.766569 1.2950490000000001
v -0.091801 -2.58799 1.7893110000000003
v -0.157643 -2.790629 1.5561650000000002
v 0.002084 -2.876937 1.2950490000000001
v 0.153994 -2.766569 1.6015400000000002
v 0.341765 -2.766569 1.2950490000000001
v 0.420256 -2.602859 1.5561650000000002
v 0.551698 -2.477619 1.2950490000000001
v 0.493673 -2.29904 1.6015400000000002
v 0.552832 -2.15359 1.2950520000000003
v 0.465499 -2.182452 1.5841280000000002
v 2.032803 -2.4113199999999995 4.653969
v 2.063241 -2.3935679999999997 4.653969
v 2.063241 -1.9593089999999997 4.653969
v 2.032834 -1.9414579999999997 4.653969
v 2.419491 -2.6357149999999994 4.653969
v 2.419551 -1.7547209999999998 4.65397
v 2.419551 -2.6003489999999996 4.653969
v 2.419614 -1.7193549999999997 4.65397
v 2.806165 -2.4136119999999996 4.653969
v 2.775759 -1.9615049999999998 4.653969
v 2.775759 -2.3957609999999994 4.653969
v 2.806197 -1.9437519999999997 4.653969
v 2.738097 -2.3732789999999997 4.851231
v 2.772982 -2.3946479999999997 4.851231
v 2.772982 -1.9603909999999998 4.851231
v 2.738098 -1.9815449999999997 4.851231
v 2.41677 -2.5578319999999994 4.851231
v 2.416774 -1.7536079999999998 4.851232
v 2.416774 -2.5992359999999994 4.851231
v 2.41677 -1.7950119999999998 4.851232
v 2.095352 -2.3712979999999995 4.851231
v 2.060465 -1.9581959999999998 4.851231
v 2.060464 -2.3924539999999994 4.851231
v 2.095352 -1.9795669999999999 4.851231
v -1.373445 2.435179 0.09014399999999985
v -1.204169 2.505296 0.09014399999999985
v -1.523911 2.825037 0.09014399999999984
v -1.594027 2.655761 0.09014399999999984
v -1.373445 2.123229 0.09014399999999988
v -1.976094 2.825037 0.09014399999999984
v -1.204169 2.053112 0.09014399999999988
v -1.905978 2.655761 0.09014399999999984
v -1.594027 1.902646 0.09014399999999989
v -2.295836 2.505296 0.09014399999999985
v -1.523911 1.733371 0.09014399999999989
v -2.12656 2.435179 0.09014399999999985
v -1.905978 1.902646 0.09014399999999989
v -2.295836 2.053112 0.09014399999999988
v -1.976094 1.73337 0.09014399999999989
v -2.12656 2.123228 0.09014399999999988
v -2.120405 1.360189 1.294995
v -2.355836 1.192258 1.294995
v -2.222734 1.254651 1.49128
v -1.976227 1.311948 1.528019
v -1.831229 1.357665 1.294995
v -2.357163 1.040229 1.528019
v -2.447596 0.9180150000000001 1.294995
v -1.730757 1.250358 1.49128
v -1.598766 1.18565 1.294995
v -2.122552 1.114201 1.680053
v -1.833376 1.111678 1.680053
v -1.600092 1.033623 1.528019
v -1.511804 0.9098490000000001 1.294995
v -1.979702 0.9139310000000002 1.749936
v -1.582814 0.7811350000000001 1.49128
v -1.603565 0.6356060000000001 1.294995
v -1.746416 0.8358760000000001 1.680054
v -1.748563 0.5898880000000001 1.528019
v -1.838997 0.46767300000000006 1.294995
v -1.981848 0.6679440000000001 1.680054
v -1.983353 0.4954320000000001 1.49128
v -2.128172 0.47019900000000003 1.294995
v -2.214312 0.8399600000000002 1.680054
v -2.216459 0.5939720000000002 1.528019
v -2.360638 0.6422130000000001 1.294995
v -2.378845 0.7880820000000001 1.49128
v -2.443612 -1.850627 1.2949950000000001
v -2.319115 -2.111642 1.2949950000000001
v -2.357446 -1.969728 1.4912800000000002
v -2.371068 -1.717016 1.528019
v -2.390912 -1.566282 1.294995
v -2.169626 -2.139349 1.5280190000000002
v -2.064972 -2.24963 1.2949950000000001
v -2.267788 -1.48597 1.49128
v -2.181143 -1.36722 1.294995
v -2.201735 -1.895456 1.6800530000000002
v -2.149036 -1.611112 1.680053
v -2.031656 -1.394926 1.528019
v -1.894431 -1.329472 1.294995
v -1.979701 -1.789554 1.749936
v -1.780004 -1.421754 1.49128
v -1.640289 -1.467461 1.294995
v -1.862322 -1.573366 1.680054
v -1.620444 -1.618196 1.528019
v -1.51579 -1.728477 1.294995
v -1.737824 -1.834381 1.6800540000000002
v -1.568194 -1.865821 1.4912800000000002
v -1.568492 -2.012821 1.2949950000000001
v -1.947593 -2.033444 1.6800540000000002
v -1.705715 -2.078274 1.5280190000000002
v -1.77826 -2.211885 1.2949950000000001
v -1.925074 -2.204486 1.4912800000000002
v 2.125636 1.360191 1.294995
v 1.83646 1.357665 1.294995
v 1.981279 1.332432 1.49128
v 1.748173 1.233892 1.528019
v 1.603994 1.185651 1.294995
v 2.216069 1.237976 1.528019
v 2.361067 1.192259 1.294995
v 1.585787 1.039782 1.49128
v 1.517036 0.9098490000000001 1.294995
v 1.982785 1.15992 1.680054
v 1.75032 0.9879040000000001 1.680054
v 1.607469 0.7876350000000001 1.528019
v 1.608796 0.6356060000000001 1.294995
v 1.984931 0.9139330000000001 1.749936
v 1.741899 0.5732130000000001 1.49128
v 1.844227 0.46767500000000006 1.294995
v 1.842081 0.7136620000000001 1.680054
v 1.988406 0.5159160000000002 1.528019
v 2.133404 0.47019800000000006 1.294995
v 2.131257 0.7161850000000001 1.680054
v 2.233875 0.5775060000000001 1.49128
v 2.365868 0.6422140000000001 1.294995
v 2.218217 0.9919880000000001 1.680054
v 2.364541 0.7942410000000001 1.528019
v 2.452829 0.9180150000000001 1.294995
v 2.381819 1.046729 1.49128
v -0.572328 1.3724470000000002 2.316716
v -1.100306 1.0766040000000001 2.316716
v -0.838771 1.1586530000000002 2.774906
v -1.276412 0.8603780000000002 2.752885
v -1.515417 0.6614930000000001 2.316716
v -0.285375 1.3498650000000003 2.775053
v 0.009014 1.4541500000000003 2.316716
v -1.630711 0.37272700000000014 2.752885
v -1.781934 0.13842300000000013 2.316716
v 0.272158 1.3635390000000003 2.774738
v 0.58715 1.3522090000000002 2.316716
v -1.789994 -0.16174399999999983 2.795421
v -1.87377 -0.44140399999999985 2.316716
v 0.843954 1.1586530000000002 2.774906
v 1.105489 1.0766030000000002 2.316716
v -1.789994 -0.7210649999999997 2.795421
v -1.781934 -1.0212319999999997 2.316716
v 1.288444 0.8385000000000002 2.795421
v 1.520599 0.6614920000000001 2.316716
v -1.630711 -1.2555359999999998 2.752885
v -1.515417 -1.5443019999999998 2.316716
v 1.617204 0.38600100000000015 2.79542
v 1.787117 0.13842200000000013 2.316716
v -1.276412 -1.7431869999999998 2.752885
v -1.100306 -1.9594119999999997 2.316716
v 1.802496 -0.14001999999999984 2.752885
v 1.878952 -0.4414049999999998 2.316716
v -0.817321 -2.059835 2.795421
v -0.577236 -2.22593 2.316716
v 1.802496 -0.7427899999999997 2.752884
v 1.787117 -1.0212319999999997 2.316716
v -0.285375 -2.232675 2.795421
v 0.002591 -2.317766 2.316716
v 1.617204 -1.2688099999999998 2.79542
v 1.520599 -1.5443019999999998 2.316716
v 0.272158 -2.246348 2.752884
v 0.582419 -2.22593 2.316716
v 1.288443 -1.7213099999999997 2.795421
v 1.105489 -1.9594129999999998 2.316716
v 0.845427 -2.060082 2.752884
v 1.293886 -1.3795849999999998 3.305748
v 0.943352 -1.7586979999999999 3.267303
v 0.521205 -2.037533 3.156008
v 0.015785 -2.060082 3.267303
v 0.430606 -1.7586969999999997 3.598399
v -0.490639 -1.9594129999999998 3.305748
v -0.111476 -1.6974669999999998 3.731843
v 0.833169 -1.3905339999999997 3.731843
v 0.307425 -1.3795849999999998 3.962297
v -0.959517 -1.7431869999999998 3.267303
v -0.643421 -1.5246269999999997 3.731843
v -1.355156 -1.4278659999999999 3.156008
v -1.117965 -1.2555359999999998 3.598399
v -1.532786 -0.9541509999999997 3.267303
v -0.795473 -1.0212319999999997 3.962297
v -1.593537 -0.44140499999999977 3.305748
v -1.227244 -0.7210649999999997 3.731843
v -1.532785 0.0713420000000002 3.267303
v -1.227244 -0.16174399999999978 3.731843
v -1.355156 0.5450570000000002 3.156008
v -1.117965 0.3727270000000002 3.598399
v -0.959517 0.8603780000000002 3.267303
v -0.795473 0.13842300000000024 3.962297
v -0.490639 1.0766040000000001 3.305748
v -0.643421 0.6418180000000002 3.731843
v 0.015785 1.1772730000000002 3.267303
v -0.111475 0.8146580000000002 3.731843
v 0.521205 1.1547230000000002 3.156008
v 0.430606 0.8758880000000002 3.598399
v 0.943353 0.8758880000000002 3.267303
v 0.307425 0.4967760000000002 3.962297
v 1.293886 0.4967760000000002 3.305748
v 0.833169 0.5077240000000002 3.731843
v 1.546122 0.046246000000000204 3.267303
v 1.161929 0.05522400000000023 3.731843
v 1.68086 -0.4414049999999998 3.156008
v 1.387675 -0.44140499999999977 3.598399
v 1.546122 -0.9290559999999998 3.267303
v 1.161929 -0.9380339999999998 3.731843
v 0.989053 -0.44140499999999977 3.962297
v 0.681465 -0.9346349999999998 4.068944
v 0.681465 0.05182600000000025 4.068944
v 0.515338 -0.4414049999999997 4.32238
v 0.161039 -0.9290559999999998 4.32238
v 0.161039 0.046246000000000266 4.32238
v -0.256715 -1.2394689999999997 4.068944
v 0.194111 -0.4414049999999997 4.485097
v -0.412229 -0.7427899999999997 4.32238
v 0.061774 -0.6235509999999997 4.485097
v 0.002591 -0.4414049999999997 4.647815
v -0.836543 -0.44140499999999977 4.068945
v -0.152351 -0.5539769999999998 4.485097
v -0.412229 -0.14001999999999973 4.322379
v -0.152351 -0.32883199999999974 4.485097
v 0.061774 -0.2592579999999997 4.485097
v -0.256715 0.3566590000000002 4.068944
vt 0.007829 0.994717
vt 0.002986 0.994717
vt 0.002986 0.929904
vt 0.002986 0.929904
vt 0.007829 0.929904
vt 0.007829 0.994717
vt 0.049991 0.930162
vt 0.049991 0.994975
vt 0.047122 0.994975
vt 0.047122 0.994975
vt 0.047122 0.930162
vt 0.049991 0.930162
vt 0.048013 0.913516
vt 0.049051 0.913386
vt 0.050887 0.923233
vt 0.050887 0.923233
vt 0.046103 0.923304
vt 0.048013 0.913516
vt 0.047122 0.930162
vt 0.046103 0.923304
vt 0.050887 0.923233
vt 0.050887 0.923233
vt 0.049991 0.930162
vt 0.047122 0.930162
vt 0.047122 0.930162
vt 0.046103 0.923304
vt 0.050887 0.923233
vt 0.050887 0.923233
vt 0.049991 0.930162
vt 0.047122 0.930162
vt 0.053927 0.972728
vt 0.053605 0.983424
vt 0.142911 0.993249
vt 0.053605 0.983424
vt 0.053927 0.972728
vt 0.142911 0.993249
vt 0.053605 0.983424
vt 0.053340 0.992233
vt 0.142911 0.993249
vt 0.053340 0.992233
vt 0.053605 0.983424
vt 0.142911 0.993249
vt 0.053927 0.972728
vt 0.053605 0.983424
vt 0.142911 0.993249
vt 0.053605 0.983424
vt 0.053927 0.972728
vt 0.142911 0.993249
vt 0.053605 0.983424
vt 0.053340 0.992233
vt 0.142911 0.993249
vt 0.053340 0.992233
vt 0.053605 0.983424
vt 0.142911 0.993249
vt 0.053927 0.972728
vt 0.053605 0.983424
vt 0.142911 0.993249
vt 0.053605 0.983424
vt 0.053927 0.972728
vt 0.142911 0.993249
vt 0.053605 0.983424
vt 0.053340 0.992233
vt 0.142911 0.993249
vt 0.053340 0.992233
vt 0.053605 0.983424
vt 0.142911 0.993249
vt 0.053927 0.972728
vt 0.053605 0.983424
vt 0.142911 0.993249
vt 0.053605 0.983424
vt 0.053927 0.972728
vt 0.142911 0.993249
vt 0.053605 0.983424
vt 0.053340 0.992233
vt 0.142911 0.993249
vt 0.053340 0.992233
vt 0.053605 0.983424
vt 0.142911 0.993249
vt 0.053927 0.972728
vt 0.053605 0.983424
vt 0.142911 0.993249
vt 0.053605 0.983424
vt 0.053927 0.972728
vt 0.142911 0.993249
vt 0.053605 0.983424
vt 0.053340 0.992233
vt 0.142911 0.993249
vt 0.053340 0.992233
vt 0.053605 0.983424
vt 0.142911 0.993249
vt 0.550035 0.588489
vt 0.538734 0.588489
vt 0.538961 0.678700
vt 0.538961 0.678700
vt 0.550035 0.678727
vt 0.550035 0.588489
vt 0.550035 0.588489
vt 0.550035 0.678727
vt 0.538961 0.678700
vt 0.538961 0.678700
vt 0.538734 0.588489
vt 0.550035 0.588489
vt 0.670662 0.587190
vt 0.652826 0.587174
vt 0.652691 0.432059
vt 0.652691 0.432059
vt 0.670666 0.432059
vt 0.670662 0.587190
vt 0.533960 0.501952
vt 0.533960 0.525764
vt 0.489522 0.525764
vt 0.489522 0.525764
vt 0.489522 0.501953
vt 0.533960 0.501952
vt 0.533960 0.501952
vt 0.489522 0.501953
vt 0.489522 0.525764
vt 0.489522 0.525764
vt 0.533960 0.525764
vt 0.533960 0.501952
vt 0.077115 0.948483
vt 0.070810 0.954383
vt 0.065567 0.949107
vt 0.077115 0.948483
vt 0.070810 0.942584
vt 0.070810 0.936685
vt 0.077115 0.948483
vt 0.070810 0.936685
vt 0.072386 0.929308
vt 0.755241 0.339224
vt 0.792016 0.386444
vt 0.735738 0.386438
vt 0.792016 0.386444
vt 0.755241 0.339224
vt 0.792034 0.339046
vt 0.730806 0.017131
vt 0.730820 0.169185
vt 0.683084 0.016970
vt 0.730806 0.017131
vt 0.730806 0.017131
vt 0.730820 0.169185
vt 0.635503 0.168358
vt 0.635487 0.016973
vt 0.683084 0.016970
vt 0.077115 0.948483
vt 0.070810 0.954383
vt 0.065567 0.949107
vt 0.077115 0.948483
vt 0.070810 0.942584
vt 0.070810 0.936685
vt 0.077115 0.948483
vt 0.070810 0.936685
vt 0.072386 0.929308
vt 0.077115 0.948483
vt 0.070810 0.954383
vt 0.065567 0.949107
vt 0.077115 0.948483
vt 0.070810 0.942584
vt 0.070810 0.936685
vt 0.077115 0.948483
vt 0.070810 0.936685
vt 0.072386 0.929308
vt 0.705991 0.202910
vt 0.753194 0.202908
vt 0.753195 0.273759
vt 0.753195 0.273759
vt 0.700090 0.273760
vt 0.705991 0.202910
vt 0.705989 0.048037
vt 0.705991 0.202910
vt 0.700090 0.273760
vt 0.700090 0.273760
vt 0.700087 0.048037
vt 0.705989 0.048037
vt 0.705991 0.202910
vt 0.705989 0.048037
vt 0.700087 0.048037
vt 0.700087 0.048037
vt 0.700090 0.273760
vt 0.705991 0.202910
vt 0.747651 0.011874
vt 0.783104 0.011874
vt 0.783109 0.167006
vt 0.783109 0.167006
vt 0.747920 0.166974
vt 0.747651 0.011874
vt 0.077115 0.948483
vt 0.070810 0.954383
vt 0.065567 0.949107
vt 0.077115 0.948483
vt 0.070810 0.942584
vt 0.070810 0.936685
vt 0.077115 0.948483
vt 0.070810 0.936685
vt 0.072386 0.929308
vt 0.755241 0.339224
vt 0.792016 0.386444
vt 0.792034 0.339046
vt 0.792016 0.386444
vt 0.755241 0.339224
vt 0.735738 0.386438
vt 0.730806 0.017131
vt 0.721225 0.163120
vt 0.645094 0.163122
vt 0.730806 0.017131
vt 0.730820 0.169185
vt 0.721225 0.163120
vt 0.635503 0.168358
vt 0.635487 0.016973
vt 0.683084 0.016970
vt 0.077115 0.948483
vt 0.070810 0.954383
vt 0.065567 0.949107
vt 0.077115 0.948483
vt 0.070810 0.942584
vt 0.070810 0.936685
vt 0.077115 0.948483
vt 0.070810 0.936685
vt 0.072386 0.929308
vt 0.872083 0.131537
vt 0.872017 0.286668
vt 0.892720 0.009398
vt 0.872017 0.286668
vt 0.886728 0.102063
vt 0.892720 0.009398
vt 0.700087 0.048037
vt 0.705989 0.048037
vt 0.705991 0.202910
vt 0.705991 0.202910
vt 0.700090 0.273760
vt 0.700087 0.048037
vt 0.783104 0.011874
vt 0.747651 0.011874
vt 0.747920 0.166974
vt 0.747920 0.166974
vt 0.783109 0.167006
vt 0.783104 0.011874
vt 0.247712 0.281392
vt 0.189314 0.264557
vt 0.248068 0.230118
vt 0.610566 0.273666
vt 0.610565 0.191086
vt 0.646306 0.191036
vt 0.646306 0.191036
vt 0.663672 0.273549
vt 0.610566 0.273666
vt 0.400932 0.629382
vt 0.380747 0.617252
vt 0.440345 0.687529
vt 0.189314 0.264557
vt 0.130569 0.285395
vt 0.131217 0.229970
vt 0.131217 0.229970
vt 0.248068 0.230118
vt 0.189314 0.264557
vt 0.621948 0.588462
vt 0.633249 0.588462
vt 0.538734 0.588489
vt 0.538734 0.588489
vt 0.550035 0.588489
vt 0.621948 0.588462
vt 0.428309 0.520441
vt 0.460201 0.520441
vt 0.425817 0.531650
vt 0.826648 0.398638
vt 0.815352 0.405213
vt 0.815352 0.367842
vt 0.815352 0.367842
vt 0.826648 0.375234
vt 0.826648 0.398638
vt 0.826648 0.480300
vt 0.815353 0.487738
vt 0.815353 0.450267
vt 0.815353 0.450267
vt 0.826648 0.456865
vt 0.826648 0.480300
vt 0.826649 0.521026
vt 0.815353 0.527555
vt 0.815353 0.490243
vt 0.815353 0.490243
vt 0.826648 0.497613
vt 0.826649 0.521026
vt 0.826649 0.601724
vt 0.815353 0.609136
vt 0.815353 0.571722
vt 0.815353 0.571722
vt 0.826649 0.578287
vt 0.826649 0.601724
vt 0.657772 0.202806
vt 0.663672 0.273549
vt 0.656267 0.202806
vt 0.657772 0.202806
vt 0.658037 0.047707
vt 0.663672 0.273549
vt 0.658037 0.047707
vt 0.663671 0.047676
vt 0.663672 0.273549
vt 0.663672 0.273549
vt 0.646306 0.191036
vt 0.656267 0.202806
vt 0.646306 0.191036
vt 0.656267 0.191083
vt 0.656267 0.202806
vt 0.053927 0.972728
vt 0.053605 0.983424
vt 0.142911 0.993249
vt 0.053927 0.972728
vt 0.053605 0.983424
vt 0.053927 0.972728
vt 0.053605 0.983424
vt 0.142911 0.993249
vt 0.053927 0.972728
vt 0.053605 0.983424
vt 0.053927 0.972728
vt 0.053605 0.983424
vt 0.142911 0.993249
vt 0.053927 0.972728
vt 0.053605 0.983424
vt 0.053927 0.972728
vt 0.053605 0.983424
vt 0.142911 0.993249
vt 0.053927 0.972728
vt 0.053605 0.983424
vt 0.053927 0.972728
vt 0.053605 0.983424
vt 0.142911 0.993249
vt 0.053927 0.972728
vt 0.053605 0.983424
vt 0.077115 0.948483
vt 0.072387 0.966182
vt 0.070810 0.960283
vt 0.070810 0.960283
vt 0.070810 0.954383
vt 0.057687 0.947630
vt 0.072386 0.929308
vt 0.070810 0.936685
vt 0.057687 0.947630
vt 0.070810 0.942584
vt 0.057687 0.947630
vt 0.065567 0.949107
vt 0.077115 0.948483
vt 0.077115 0.948483
vt 0.072387 0.966182
vt 0.070810 0.960283
vt 0.070810 0.960283
vt 0.070810 0.954383
vt 0.057687 0.947630
vt 0.072386 0.929308
vt 0.070810 0.936685
vt 0.057687 0.947630
vt 0.070810 0.942584
vt 0.057687 0.947630
vt 0.065567 0.949107
vt 0.077115 0.948483
vt 0.077115 0.948483
vt 0.072387 0.966182
vt 0.070810 0.960283
vt 0.070810 0.960283
vt 0.070810 0.954383
vt 0.057687 0.947630
vt 0.072386 0.929308
vt 0.070810 0.936685
vt 0.057687 0.947630
vt 0.070810 0.942584
vt 0.057687 0.947630
vt 0.065567 0.949107
vt 0.077115 0.948483
vt 0.077115 0.948483
vt 0.072387 0.966182
vt 0.070810 0.960283
vt 0.070810 0.960283
vt 0.070810 0.954383
vt 0.072386 0.929308
vt 0.070810 0.936685
vt 0.057687 0.947630
vt 0.070810 0.942584
vt 0.057687 0.947630
vt 0.065567 0.949107
vt 0.057687 0.947630
vt 0.077115 0.948483
vt 0.077115 0.948483
vt 0.072387 0.966182
vt 0.070810 0.960283
vt 0.070810 0.960283
vt 0.070810 0.954383
vt 0.072386 0.929308
vt 0.070810 0.936685
vt 0.057687 0.947630
vt 0.070810 0.942584
vt 0.057687 0.947630
vt 0.065567 0.949107
vt 0.057687 0.947630
vt 0.077115 0.948483
vt 0.872017 0.286668
vt 0.886699 0.286668
vt 0.886728 0.102063
vt 0.892692 0.073946
vt 0.892720 0.009398
vt 0.872083 0.131537
vt 0.855939 0.009459
vt 0.856856 0.131537
vt 0.425817 0.531650
vt 0.433383 0.545525
vt 0.428309 0.520441
vt 0.428309 0.520441
vt 0.439099 0.573627
vt 0.413284 0.573562
vt 0.439099 0.573627
vt 0.428471 0.626698
vt 0.475389 0.573562
vt 0.460363 0.626698
vt 0.309917 0.223145
vt 0.312046 0.241367
vt 0.323078 0.230334
vt 0.318066 0.182076
vt 0.309917 0.223145
vt 0.304029 0.212830
vt 0.341941 0.157621
vt 0.296838 0.170930
vt 0.287734 0.187752
vt 0.317344 0.127349
vt 0.336154 0.076281
vt 0.273027 0.148369
vt 0.274492 0.169356
vt 0.243601 0.143988
vt 0.291089 0.113201
vt 0.308502 0.075356
vt 0.307926 0.017383
vt 0.264489 0.102527
vt 0.283450 0.056953
vt 0.268041 0.003424
vt 0.256867 0.055785
vt 0.231733 0.039736
vt 0.237952 0.094810
vt 0.238992 0.139718
vt 0.212870 0.112450
vt 0.222057 0.130984
vt 0.214715 0.138387
vt 0.222057 0.130984
vt 0.214715 0.138387
vt 0.212870 0.112450
vt 0.212870 0.112450
vt 0.237952 0.094810
vt 0.238992 0.139718
vt 0.231733 0.039736
vt 0.243601 0.143988
vt 0.256867 0.055785
vt 0.268041 0.003424
vt 0.264489 0.102527
vt 0.283450 0.056953
vt 0.307926 0.017383
vt 0.273027 0.148369
vt 0.274492 0.169356
vt 0.287734 0.187752
vt 0.308502 0.075356
vt 0.336154 0.076281
vt 0.291089 0.113201
vt 0.317344 0.127349
vt 0.341941 0.157621
vt 0.296838 0.170930
vt 0.304029 0.212830
vt 0.318066 0.182076
vt 0.323078 0.230334
vt 0.309917 0.223145
vt 0.312046 0.241367
vt 0.969449 0.795497
vt 0.969449 0.825625
vt 0.963675 0.795497
vt 0.963675 0.789903
vt 0.928824 0.754464
vt 0.936298 0.754464
vt 0.928824 0.720935
vt 0.969449 0.825625
vt 0.928824 0.825625
vt 0.928825 0.893325
vt 0.969449 0.893325
vt 0.928825 0.960366
vt 0.969449 0.960366
vt 0.969449 0.993863
vt 0.928825 0.993864
vt 0.029680 0.320869
vt 0.031773 0.332523
vt 0.028185 0.332523
vt 0.031773 0.332523
vt 0.029680 0.356446
vt 0.026093 0.320869
vt 0.024299 0.332523
vt 0.026093 0.356446
vt 0.020413 0.332523
vt 0.022207 0.356446
vt 0.022207 0.320869
vt 0.018620 0.320869
vt 0.016527 0.332523
vt 0.018620 0.356446
vt 0.012641 0.332523
vt 0.014734 0.356446
vt 0.014734 0.320869
vt 0.010847 0.320869
vt 0.009053 0.332523
vt 0.010847 0.356446
vt 0.005168 0.332523
vt 0.006961 0.356446
vt 0.006961 0.320869
vt 0.003673 0.320869
vt 0.001281 0.332523
vt 0.001281 0.332523
vt 0.003673 0.356446
vt 0.029680 0.356446
vt 0.028185 0.345405
vt 0.031773 0.345405
vt 0.029680 0.320869
vt 0.031773 0.345405
vt 0.026093 0.356446
vt 0.024299 0.345405
vt 0.026093 0.320869
vt 0.022207 0.320869
vt 0.020413 0.345405
vt 0.022207 0.356446
vt 0.018620 0.356446
vt 0.016527 0.345405
vt 0.018620 0.320869
vt 0.014734 0.320869
vt 0.012641 0.345405
vt 0.014734 0.356446
vt 0.010847 0.356446
vt 0.009053 0.345405
vt 0.010847 0.320869
vt 0.006961 0.320869
vt 0.005168 0.345405
vt 0.006961 0.356446
vt 0.003673 0.356446
vt 0.001281 0.345405
vt 0.003673 0.320869
vt 0.001281 0.345405
vt 0.439099 0.573627
vt 0.413284 0.573562
vt 0.428309 0.520441
vt 0.428471 0.626698
vt 0.460363 0.626698
vt 0.425817 0.531650
vt 0.460201 0.520441
vt 0.475389 0.573562
vt 0.007829 0.912232
vt 0.002986 0.912232
vt 0.002986 0.922743
vt 0.007829 0.922743
vt 0.007829 0.903183
vt 0.002986 0.903183
vt 0.002986 0.912232
vt 0.007829 0.912232
vt 0.007829 0.889669
vt 0.002986 0.889669
vt 0.002986 0.903183
vt 0.007829 0.903183
vt 0.007829 0.879534
vt 0.002986 0.879534
vt 0.002986 0.889669
vt 0.007829 0.889669
vt 0.007829 0.929904
vt 0.002986 0.929904
vt 0.002986 0.994717
vt 0.007829 0.994717
vt 0.007829 0.922743
vt 0.002986 0.922743
vt 0.002986 0.929904
vt 0.007829 0.929904
vt 0.007829 0.889669
vt 0.002986 0.889669
vt 0.002986 0.879534
vt 0.007397 0.879534
vt 0.007829 0.903183
vt 0.002986 0.903183
vt 0.002986 0.889669
vt 0.007829 0.889669
vt 0.007829 0.912232
vt 0.002986 0.912232
vt 0.002986 0.903183
vt 0.007829 0.903183
vt 0.007829 0.922743
vt 0.002986 0.922743
vt 0.002986 0.912232
vt 0.007829 0.912232
vt 0.007829 0.929904
vt 0.002986 0.929904
vt 0.002986 0.922743
vt 0.007829 0.922743
vt 0.007829 0.829163
vt 0.002986 0.829163
vt 0.002986 0.764350
vt 0.007829 0.764350
vt 0.007829 0.836322
vt 0.002986 0.836322
vt 0.002986 0.829163
vt 0.007829 0.829163
vt 0.007829 0.846836
vt 0.002986 0.846836
vt 0.002986 0.836322
vt 0.007829 0.836322
vt 0.007829 0.855884
vt 0.002986 0.855884
vt 0.002986 0.846836
vt 0.007829 0.846836
vt 0.007829 0.869399
vt 0.002986 0.869399
vt 0.002986 0.855884
vt 0.007829 0.855884
vt 0.007829 0.879534
vt 0.002986 0.879534
vt 0.002986 0.869399
vt 0.007829 0.869399
vt 0.007829 0.994717
vt 0.002986 0.994717
vt 0.002986 0.929904
vt 0.007829 0.929904
vt 0.007829 0.889669
vt 0.002986 0.889669
vt 0.002986 0.879534
vt 0.007829 0.879534
vt 0.007829 0.903183
vt 0.002986 0.903183
vt 0.002986 0.889669
vt 0.007829 0.889669
vt 0.007829 0.912232
vt 0.002986 0.912232
vt 0.002986 0.903183
vt 0.007829 0.903183
vt 0.007829 0.922743
vt 0.002986 0.922743
vt 0.002986 0.912232
vt 0.007829 0.912232
vt 0.007829 0.929904
vt 0.002986 0.929904
vt 0.002986 0.922743
vt 0.007829 0.922743
vt 0.007829 0.889669
vt 0.002986 0.889669
vt 0.002986 0.879534
vt 0.007829 0.879534
vt 0.007829 0.903183
vt 0.002986 0.903183
vt 0.002986 0.889669
vt 0.007829 0.889669
vt 0.007829 0.912232
vt 0.002986 0.912232
vt 0.002986 0.903183
vt 0.007829 0.903183
vt 0.007829 0.922743
vt 0.002986 0.922743
vt 0.002986 0.912232
vt 0.007829 0.912232
vt 0.007829 0.929904
vt 0.002986 0.929904
vt 0.002986 0.922743
vt 0.007829 0.922743
vt 0.007829 0.994717
vt 0.002986 0.994717
vt 0.002986 0.929904
vt 0.007829 0.929904
vt 0.007829 0.829163
vt 0.002986 0.829163
vt 0.002986 0.764350
vt 0.007829 0.764350
vt 0.007829 0.836322
vt 0.002986 0.836322
vt 0.002986 0.829163
vt 0.007829 0.829163
vt 0.007829 0.846836
vt 0.002986 0.846836
vt 0.002986 0.836322
vt 0.007829 0.836322
vt 0.007829 0.855884
vt 0.002986 0.855884
vt 0.002986 0.846836
vt 0.007829 0.846836
vt 0.007829 0.869399
vt 0.002986 0.869399
vt 0.002986 0.855884
vt 0.007829 0.855884
vt 0.007829 0.879534
vt 0.002986 0.879534
vt 0.002986 0.869399
vt 0.007829 0.869399
vt 0.699044 0.048101
vt 0.699046 0.273879
vt 0.664812 0.273917
vt 0.664871 0.048055
vt 0.827616 0.169258
vt 0.827616 0.272304
vt 0.816090 0.272304
vt 0.816090 0.169258
vt 0.814784 0.169258
vt 0.814784 0.272304
vt 0.803014 0.272304
vt 0.803014 0.169258
vt 0.801970 0.169258
vt 0.801970 0.272304
vt 0.790430 0.272304
vt 0.790430 0.169258
vt 0.789124 0.169258
vt 0.789124 0.272304
vt 0.777594 0.272304
vt 0.777594 0.169258
vt 0.853547 0.169258
vt 0.853547 0.272304
vt 0.841768 0.272304
vt 0.841768 0.169258
vt 0.840463 0.169258
vt 0.840463 0.272304
vt 0.828921 0.272304
vt 0.828921 0.169258
vt 0.533960 0.501952
vt 0.489522 0.501953
vt 0.489522 0.525764
vt 0.533960 0.525764
vt 0.533960 0.673633
vt 0.533960 0.525764
vt 0.489522 0.525764
vt 0.489522 0.673633
vt 0.533960 0.772618
vt 0.533960 0.673633
vt 0.489522 0.673633
vt 0.489522 0.772619
vt 0.533960 0.795566
vt 0.533960 0.772618
vt 0.489522 0.772619
vt 0.489522 0.795563
vt 0.777254 0.996720
vt 0.732849 0.996712
vt 0.732918 0.841613
vt 0.777196 0.841621
vt 0.672082 0.586969
vt 0.672083 0.431839
vt 0.721869 0.431839
vt 0.721869 0.586970
vt 0.621948 0.678701
vt 0.550035 0.678727
vt 0.550035 0.588489
vt 0.621948 0.588462
vt 0.693584 0.679531
vt 0.646985 0.679558
vt 0.646987 0.589320
vt 0.693584 0.589293
vt 0.704885 0.679531
vt 0.693584 0.679531
vt 0.693584 0.589293
vt 0.704885 0.589293
vt 0.670666 0.432059
vt 0.652691 0.432059
vt 0.652826 0.587174
vt 0.670662 0.587190
vt 0.489522 0.525764
vt 0.533960 0.525764
vt 0.533960 0.673633
vt 0.489522 0.673633
vt 0.489522 0.673633
vt 0.533960 0.673633
vt 0.533960 0.772618
vt 0.489522 0.772619
vt 0.489522 0.772619
vt 0.533960 0.772618
vt 0.533960 0.796903
vt 0.489522 0.796900
vt 0.489522 0.525764
vt 0.489522 0.673633
vt 0.533960 0.673633
vt 0.533960 0.525764
vt 0.489522 0.673633
vt 0.489522 0.772619
vt 0.533960 0.772618
vt 0.533960 0.673633
vt 0.489522 0.772619
vt 0.489522 0.796900
vt 0.533960 0.796903
vt 0.533960 0.772618
vt 0.791990 0.395983
vt 0.735582 0.395517
vt 0.735583 0.389651
vt 0.791997 0.390231
vt 0.793920 0.339046
vt 0.796793 0.339046
vt 0.796793 0.386444
vt 0.793902 0.386444
vt 0.791974 0.334950
vt 0.755552 0.334870
vt 0.755525 0.329018
vt 0.791960 0.329097
vt 0.715603 0.682758
vt 0.715597 0.837889
vt 0.616843 0.837891
vt 0.616843 0.682760
vt 0.615095 0.682566
vt 0.615095 0.837698
vt 0.538810 0.837697
vt 0.538838 0.682566
vt 0.629509 0.168792
vt 0.629508 0.016952
vt 0.633940 0.016952
vt 0.633941 0.168792
vt 0.737158 0.016093
vt 0.737158 0.167933
vt 0.732708 0.167933
vt 0.732746 0.016093
vt 0.730820 0.169185
vt 0.721225 0.163120
vt 0.683084 0.016970
vt 0.635503 0.168358
vt 0.389933 0.829347
vt 0.413412 0.875995
vt 0.389933 0.923067
vt 0.366244 0.875995
vt 0.006071 0.359000
vt 0.007492 0.359000
vt 0.008633 0.496466
vt 0.009197 0.359000
vt 0.008633 0.496466
vt 0.010903 0.359000
vt 0.008633 0.496466
vt 0.012323 0.359000
vt 0.008633 0.496466
vt 0.013745 0.359000
vt 0.008633 0.496466
vt 0.015165 0.359000
vt 0.008633 0.496466
vt 0.004366 0.359000
vt 0.003229 0.359000
vt 0.699044 0.048101
vt 0.664871 0.048055
vt 0.664812 0.273917
vt 0.699046 0.273879
vt 0.435272 0.693371
vt 0.435272 0.696394
vt 0.383630 0.696394
vt 0.383630 0.693371
vt 0.412664 0.671754
vt 0.412664 0.674778
vt 0.383762 0.674779
vt 0.383762 0.671754
vt 0.404567 0.689248
vt 0.404567 0.686225
vt 0.383834 0.686225
vt 0.383834 0.689248
vt 0.753194 0.202908
vt 0.705991 0.202910
vt 0.700090 0.273760
vt 0.753195 0.273759
vt 0.755525 0.329018
vt 0.755552 0.334870
vt 0.791974 0.334950
vt 0.791960 0.329097
vt 0.796793 0.386444
vt 0.796793 0.339046
vt 0.793920 0.339046
vt 0.793902 0.386444
vt 0.791997 0.390231
vt 0.735583 0.389651
vt 0.735582 0.395517
vt 0.791990 0.395983
vt 0.730806 0.017131
vt 0.635503 0.168358
vt 0.683084 0.016970
vt 0.645094 0.163122
vt 0.616843 0.837891
vt 0.715597 0.837889
vt 0.715603 0.682758
vt 0.616843 0.682760
vt 0.538838 0.682566
vt 0.538810 0.837697
vt 0.615095 0.837698
vt 0.615095 0.682566
vt 0.633940 0.016952
vt 0.633941 0.168792
vt 0.629509 0.168792
vt 0.629508 0.016952
vt 0.732727 0.167933
vt 0.732727 0.016093
vt 0.737177 0.016093
vt 0.737139 0.167933
vt 0.389829 0.923589
vt 0.366505 0.876210
vt 0.389829 0.829253
vt 0.413365 0.876210
vt 0.435272 0.693371
vt 0.435272 0.696394
vt 0.383630 0.696394
vt 0.383630 0.693371
vt 0.412664 0.671754
vt 0.412664 0.674778
vt 0.383762 0.674779
vt 0.383762 0.671754
vt 0.404567 0.686225
vt 0.404567 0.689248
vt 0.383834 0.689248
vt 0.383834 0.686225
vt 0.700090 0.273760
vt 0.705991 0.202910
vt 0.753194 0.202908
vt 0.753195 0.273759
vt 0.868494 0.222897
vt 0.868494 0.230307
vt 0.865516 0.230308
vt 0.865515 0.222898
vt 0.865515 0.216951
vt 0.865515 0.211005
vt 0.868494 0.211005
vt 0.868494 0.216951
vt 0.865515 0.211005
vt 0.865515 0.203595
vt 0.868493 0.203595
vt 0.868494 0.211005
vt 0.865515 0.222898
vt 0.865515 0.216951
vt 0.868494 0.216951
vt 0.868494 0.222897
vt 0.868497 0.295976
vt 0.865518 0.295977
vt 0.865516 0.230308
vt 0.868494 0.230307
vt 0.868493 0.203595
vt 0.865515 0.203595
vt 0.865513 0.137926
vt 0.868491 0.137926
vt 0.868497 0.318342
vt 0.865519 0.318342
vt 0.865518 0.295977
vt 0.868497 0.295976
vt 0.984157 0.995362
vt 0.978384 0.995361
vt 0.978384 0.979106
vt 0.984157 0.979106
vt 0.984157 0.979106
vt 0.978384 0.979106
vt 0.978385 0.807615
vt 0.984158 0.807615
vt 0.984158 0.807615
vt 0.978385 0.807615
vt 0.978385 0.771349
vt 0.984159 0.771349
vt 0.984159 0.771349
vt 0.978385 0.771349
vt 0.978385 0.680487
vt 0.984158 0.680487
vt 0.984158 0.680487
vt 0.978385 0.680487
vt 0.978385 0.585485
vt 0.984158 0.585485
vt 0.984158 0.585485
vt 0.978385 0.585485
vt 0.978384 0.548780
vt 0.984157 0.548779
vt 0.984157 0.548779
vt 0.978384 0.548780
vt 0.978383 0.455398
vt 0.984156 0.455398
vt 0.845127 0.995993
vt 0.845127 0.613047
vt 0.864358 0.613047
vt 0.864358 0.995993
vt 0.614261 0.996288
vt 0.538011 0.996288
vt 0.538012 0.841159
vt 0.614327 0.841157
vt 0.963700 0.410211
vt 0.928805 0.410211
vt 0.928805 0.343207
vt 0.963700 0.343207
vt 0.730264 0.996325
vt 0.616091 0.996293
vt 0.616240 0.841192
vt 0.730262 0.841196
vt 0.802229 0.838560
vt 0.717808 0.838591
vt 0.717790 0.683460
vt 0.802121 0.683460
vt 0.928803 0.307517
vt 0.963698 0.307517
vt 0.963698 0.340922
vt 0.928803 0.340922
vt 0.464465 0.231095
vt 0.327150 0.231095
vt 0.327150 0.222097
vt 0.464465 0.222097
vt 0.470939 0.237224
vt 0.470939 0.453468
vt 0.466507 0.453468
vt 0.466507 0.237224
vt 0.966657 0.267781
vt 0.966655 0.109706
vt 0.969890 0.109706
vt 0.969892 0.267781
vt 0.966656 0.499320
vt 0.966657 0.267781
vt 0.969892 0.267781
vt 0.969890 0.499320
vt 0.966656 0.571310
vt 0.966656 0.499320
vt 0.969890 0.499320
vt 0.969891 0.571310
vt 0.435330 0.983249
vt 0.435330 0.767005
vt 0.439762 0.767005
vt 0.439762 0.983249
vt 0.296169 0.988180
vt 0.433438 0.988180
vt 0.433438 0.997178
vt 0.296169 0.997178
vt 0.969891 0.715006
vt 0.969891 0.786997
vt 0.966657 0.786997
vt 0.966656 0.715006
vt 0.991319 0.461751
vt 0.991319 0.627008
vt 0.988085 0.627008
vt 0.988084 0.461751
vt 0.991319 0.627008
vt 0.991319 0.663288
vt 0.988085 0.663288
vt 0.988085 0.627008
vt 0.991319 0.663288
vt 0.991319 0.766247
vt 0.988085 0.766247
vt 0.988085 0.663288
vt 0.991319 0.766247
vt 0.991320 0.873333
vt 0.988085 0.873333
vt 0.988085 0.766247
vt 0.988085 0.910036
vt 0.988085 0.873333
vt 0.991320 0.873333
vt 0.991320 0.910036
vt 0.988085 0.997083
vt 0.988085 0.910036
vt 0.991320 0.910036
vt 0.991320 0.997083
vt 0.635685 0.679558
vt 0.635686 0.589320
vt 0.646987 0.589320
vt 0.646985 0.679558
vt 0.928691 0.412363
vt 0.963587 0.412363
vt 0.963587 0.478782
vt 0.928691 0.478782
vt 0.730271 0.400320
vt 0.798506 0.400320
vt 0.798504 0.677605
vt 0.730272 0.677605
vt 0.804101 0.996415
vt 0.804101 0.613469
vt 0.824164 0.613469
vt 0.824164 0.996415
vt 0.810513 0.392945
vt 0.812898 0.392945
vt 0.812898 0.446365
vt 0.810514 0.446365
vt 0.810514 0.446365
vt 0.812898 0.446365
vt 0.812898 0.502651
vt 0.810514 0.502651
vt 0.810514 0.502651
vt 0.812898 0.502651
vt 0.812898 0.556198
vt 0.810514 0.556198
vt 0.810514 0.556198
vt 0.812898 0.556198
vt 0.812898 0.609629
vt 0.810514 0.609629
vt 0.810513 0.283100
vt 0.812898 0.283100
vt 0.812898 0.339386
vt 0.810513 0.339386
vt 0.810513 0.339386
vt 0.812898 0.339386
vt 0.812898 0.392945
vt 0.810513 0.392945
vt 0.532310 0.073223
vt 0.509889 0.073223
vt 0.506967 0.036870
vt 0.535562 0.036870
vt 0.478793 0.073143
vt 0.475074 0.036870
vt 0.505774 0.036870
vt 0.502468 0.073143
vt 0.449207 0.073248
vt 0.445933 0.036870
vt 0.475074 0.036870
vt 0.471674 0.073248
vt 0.601557 0.074134
vt 0.599019 0.036870
vt 0.627621 0.036870
vt 0.624249 0.074133
vt 0.593331 0.074237
vt 0.570641 0.074237
vt 0.566947 0.036870
vt 0.597178 0.036870
vt 0.562929 0.074549
vt 0.540236 0.074549
vt 0.536864 0.036870
vt 0.565542 0.036870
vt 0.825207 0.996559
vt 0.825207 0.613613
vt 0.844207 0.613613
vt 0.844207 0.996559
vt 0.907255 0.995759
vt 0.907255 0.612813
vt 0.926296 0.612813
vt 0.926296 0.995759
vt 0.865795 0.995705
vt 0.865795 0.612759
vt 0.885023 0.612759
vt 0.885024 0.995705
vt 0.897325 0.608926
vt 0.896634 0.525058
vt 0.912027 0.525058
vt 0.911089 0.608926
vt 0.880636 0.608926
vt 0.880032 0.525058
vt 0.895475 0.525058
vt 0.894863 0.608926
vt 0.863774 0.608926
vt 0.863221 0.525058
vt 0.878364 0.525058
vt 0.877893 0.608926
vt 0.847146 0.608926
vt 0.846595 0.525058
vt 0.861724 0.525058
vt 0.861083 0.608926
vt 0.829302 0.608926
vt 0.828692 0.525058
vt 0.844147 0.525058
vt 0.843539 0.608926
vt 0.926816 0.608926
vt 0.912865 0.608926
vt 0.912027 0.525058
vt 0.927441 0.525058
vt 0.826648 0.439318
vt 0.815353 0.446882
vt 0.815352 0.407715
vt 0.826648 0.415418
vt 0.826649 0.561401
vt 0.815353 0.569086
vt 0.815353 0.529649
vt 0.826649 0.537485
vt 0.535421 0.003272
vt 0.535562 0.036870
vt 0.506967 0.036870
vt 0.506300 0.003272
vt 0.506300 0.003272
vt 0.505774 0.036870
vt 0.475074 0.036870
vt 0.475147 0.003272
vt 0.475147 0.003272
vt 0.475074 0.036870
vt 0.445933 0.036870
vt 0.446080 0.003272
vt 0.627639 0.003272
vt 0.627621 0.036870
vt 0.599019 0.036870
vt 0.599037 0.003272
vt 0.597178 0.003272
vt 0.597178 0.036870
vt 0.566947 0.036870
vt 0.566947 0.003272
vt 0.565561 0.003272
vt 0.565542 0.036870
vt 0.536864 0.036870
vt 0.536882 0.003272
vt 0.671315 0.278993
vt 0.672260 0.283623
vt 0.652336 0.283623
vt 0.653280 0.278993
vt 0.644814 0.279511
vt 0.645758 0.284141
vt 0.625834 0.284141
vt 0.626779 0.279511
vt 0.617230 0.279285
vt 0.618175 0.283915
vt 0.598251 0.283915
vt 0.599195 0.279285
vt 0.589972 0.279285
vt 0.590916 0.283915
vt 0.570993 0.283915
vt 0.571937 0.279285
vt 0.778940 0.280509
vt 0.779884 0.285139
vt 0.759961 0.285139
vt 0.760905 0.280509
vt 0.752318 0.279355
vt 0.753263 0.283985
vt 0.733339 0.283985
vt 0.734284 0.279355
vt 0.725398 0.279482
vt 0.726343 0.284112
vt 0.706419 0.284112
vt 0.707364 0.279482
vt 0.698435 0.279088
vt 0.699380 0.283718
vt 0.679456 0.283718
vt 0.680401 0.279088
vt 0.649692 0.321087
vt 0.652336 0.283623
vt 0.672260 0.283623
vt 0.674904 0.321087
vt 0.623190 0.321605
vt 0.625834 0.284141
vt 0.645758 0.284141
vt 0.648403 0.321605
vt 0.595606 0.321379
vt 0.598251 0.283915
vt 0.618175 0.283915
vt 0.620819 0.321379
vt 0.568348 0.321379
vt 0.570993 0.283915
vt 0.590916 0.283915
vt 0.593561 0.321379
vt 0.757316 0.322603
vt 0.759961 0.285139
vt 0.779884 0.285139
vt 0.782529 0.322603
vt 0.730694 0.321449
vt 0.733339 0.283985
vt 0.753263 0.283985
vt 0.755907 0.321449
vt 0.703774 0.321576
vt 0.706419 0.284112
vt 0.726343 0.284112
vt 0.728987 0.321576
vt 0.676811 0.321181
vt 0.679456 0.283718
vt 0.699380 0.283718
vt 0.702024 0.321181
vt 0.972807 0.328972
vt 0.975413 0.328972
vt 0.975413 0.383142
vt 0.972807 0.383142
vt 0.972807 0.383142
vt 0.975413 0.383142
vt 0.975413 0.437311
vt 0.972807 0.437311
vt 0.972807 0.437311
vt 0.975413 0.437311
vt 0.975413 0.491480
vt 0.972807 0.491480
vt 0.972806 0.058124
vt 0.975412 0.058124
vt 0.975412 0.112295
vt 0.972806 0.112295
vt 0.972806 0.112295
vt 0.975412 0.112295
vt 0.975412 0.166464
vt 0.972806 0.166464
vt 0.972806 0.166464
vt 0.975412 0.166464
vt 0.975412 0.220633
vt 0.972806 0.220633
vt 0.972806 0.220633
vt 0.975412 0.220633
vt 0.975413 0.274803
vt 0.972807 0.274803
vt 0.972807 0.274803
vt 0.975413 0.274803
vt 0.975413 0.328972
vt 0.972807 0.328972
vt 0.573142 0.368212
vt 0.569977 0.352699
vt 0.617121 0.352699
vt 0.613957 0.368212
vt 0.972599 0.682825
vt 0.975306 0.682825
vt 0.975306 0.745394
vt 0.972599 0.745394
vt 0.670666 0.432059
vt 0.652691 0.432059
vt 0.652826 0.587174
vt 0.670662 0.587190
vt 0.729083 0.426711
vt 0.652686 0.426712
vt 0.652686 0.329724
vt 0.729083 0.329710
vt 0.699044 0.048101
vt 0.699046 0.273879
vt 0.664812 0.273917
vt 0.664871 0.048055
vt 0.699044 0.048101
vt 0.664871 0.048055
vt 0.664812 0.273917
vt 0.699046 0.273879
vt 0.502368 0.940278
vt 0.521809 0.940278
vt 0.521818 0.931942
vt 0.502378 0.931942
vt 0.521809 0.923606
vt 0.502368 0.923606
vt 0.521818 0.915270
vt 0.502378 0.915271
vt 0.521809 0.906935
vt 0.502368 0.906935
vt 0.521818 0.898600
vt 0.502378 0.898600
vt 0.521809 0.890264
vt 0.502368 0.890264
vt 0.521818 0.881929
vt 0.502378 0.881929
vt 0.521809 0.873593
vt 0.502368 0.873594
vt 0.521818 0.865257
vt 0.502378 0.865257
vt 0.521809 0.856921
vt 0.502368 0.856921
vt 0.468707 0.847028
vt 0.468692 0.833691
vt 0.499796 0.833691
vt 0.468692 0.860366
vt 0.499797 0.860366
vt 0.468708 0.873703
vt 0.468692 0.887040
vt 0.499797 0.887039
vt 0.468708 0.900376
vt 0.468692 0.913713
vt 0.499797 0.913713
vt 0.468708 0.927050
vt 0.468692 0.940386
vt 0.499797 0.940386
vt 0.468708 0.953725
vt 0.468692 0.967061
vt 0.499797 0.967061
vt 0.903112 0.287156
vt 0.900494 0.287156
vt 0.900466 0.102551
vt 0.902980 0.009886
vt 0.894502 0.074435
vt 0.894474 0.009886
vt 0.502368 0.940278
vt 0.521809 0.940278
vt 0.521818 0.931942
vt 0.502378 0.931942
vt 0.521809 0.923606
vt 0.502368 0.923606
vt 0.521818 0.915270
vt 0.502378 0.915271
vt 0.521809 0.906935
vt 0.502368 0.906935
vt 0.521818 0.898600
vt 0.502378 0.898600
vt 0.521809 0.890264
vt 0.502368 0.890264
vt 0.521818 0.881929
vt 0.502378 0.881929
vt 0.521809 0.873593
vt 0.502368 0.873594
vt 0.521818 0.865257
vt 0.502378 0.865257
vt 0.521809 0.856921
vt 0.502368 0.856921
vt 0.065567 0.949107
vt 0.070810 0.954383
vt 0.057687 0.947630
vt 0.070810 0.960283
vt 0.072387 0.966182
vt 0.065567 0.949107
vt 0.070810 0.954383
vt 0.057687 0.947630
vt 0.070810 0.960283
vt 0.072387 0.966182
vt 0.015165 0.359000
vt 0.015182 0.397652
vt 0.013757 0.397652
vt 0.013745 0.359000
vt 0.012333 0.397652
vt 0.012323 0.359000
vt 0.010908 0.397652
vt 0.010903 0.359000
vt 0.009199 0.397652
vt 0.009197 0.359000
vt 0.007489 0.397652
vt 0.007492 0.359000
vt 0.006065 0.397652
vt 0.006071 0.359000
vt 0.004355 0.397652
vt 0.004366 0.359000
vt 0.003215 0.397652
vt 0.003229 0.359000
vt 0.890933 0.995581
vt 0.886735 0.995548
vt 0.890933 0.929912
vt 0.886735 0.612602
vt 0.893687 0.925049
vt 0.896440 0.923026
vt 0.899194 0.925049
vt 0.901947 0.929912
vt 0.905966 0.995548
vt 0.905966 0.612602
vt 0.901947 0.995581
vt 0.483509 0.445874
vt 0.478965 0.445874
vt 0.478964 0.218218
vt 0.483507 0.210746
vt 0.455427 0.218218
vt 0.459533 0.210747
vt 0.455426 0.077654
vt 0.459532 0.086477
vt 0.527958 0.077653
vt 0.523778 0.086475
vt 0.527958 0.129224
vt 0.523778 0.137387
vt 0.586622 0.129223
vt 0.586622 0.137386
vt 0.380747 0.617252
vt 0.380721 0.481826
vt 0.487372 0.481838
vt 0.440345 0.687529
vt 0.487357 0.799044
vt 0.465938 0.760637
vt 0.473195 0.807153
vt 0.535927 0.799044
vt 0.535941 0.897439
vt 0.535927 0.995908
vt 0.483294 0.995655
vt 0.487357 0.995908
vt 0.473516 0.987744
vt 0.472332 0.995021
vt 0.296169 0.985091
vt 0.296169 0.938628
vt 0.332771 0.885857
vt 0.433438 0.984230
vt 0.359228 0.811426
vt 0.366651 0.768215
vt 0.433438 0.767987
vt 0.586622 0.164818
vt 0.586623 0.264439
vt 0.565246 0.279643
vt 0.586622 0.137386
vt 0.528673 0.333600
vt 0.501293 0.407894
vt 0.518231 0.148419
vt 0.523778 0.137387
vt 0.515418 0.158318
vt 0.505575 0.102103
vt 0.507874 0.184855
vt 0.523778 0.086475
vt 0.505060 0.194753
vt 0.478088 0.102103
vt 0.494920 0.445873
vt 0.459532 0.086477
vt 0.465546 0.148420
vt 0.459533 0.210747
vt 0.478717 0.194754
vt 0.483507 0.210746
vt 0.483509 0.445874
vt 0.377404 0.542653
vt 0.357105 0.632105
vt 0.345164 0.525944
vt 0.358708 0.454987
vt 0.323212 0.437945
vt 0.329909 0.365964
vt 0.292297 0.363534
vt 0.299218 0.299195
vt 0.250753 0.300600
vt 0.861724 0.515288
vt 0.846595 0.515293
vt 0.848445 0.502262
vt 0.859902 0.502264
vt 0.854249 0.292567
vt 0.569977 0.352699
vt 0.573142 0.368212
vt 0.544280 0.426816
vt 0.536640 0.420390
vt 0.544280 0.509696
vt 0.536640 0.516121
vt 0.573142 0.568300
vt 0.569977 0.583813
vt 0.613957 0.568300
vt 0.617121 0.583813
vt 0.642818 0.509696
vt 0.650457 0.516121
vt 0.642818 0.426816
vt 0.650457 0.420390
vt 0.613957 0.368212
vt 0.617121 0.352699
vt 0.975307 0.995670
vt 0.972600 0.995670
vt 0.972600 0.933101
vt 0.975307 0.933101
vt 0.972600 0.870532
vt 0.975306 0.870532
vt 0.972600 0.807963
vt 0.975306 0.807963
vt 0.972599 0.745394
vt 0.975306 0.745394
vt 0.972599 0.495118
vt 0.975306 0.495118
vt 0.975306 0.557687
vt 0.972599 0.557687
vt 0.975306 0.620256
vt 0.972599 0.620256
vt 0.975306 0.682825
vt 0.972599 0.682825
vt 0.919610 0.103625
vt 0.919610 0.288231
vt 0.904561 0.288231
vt 0.904561 0.103625
vt 0.919610 0.072672
vt 0.904561 0.072672
vt 0.919610 0.008123
vt 0.904561 0.008123
vt 0.057687 0.947630
vt 0.065567 0.949107
vt 0.070810 0.954383
vt 0.070810 0.960283
vt 0.072387 0.966182
vt 0.683084 0.002831
vt 0.730822 0.002831
vt 0.730822 0.011829
vt 0.683084 0.011829
vt 0.635480 0.002831
vt 0.635480 0.011829
vt 0.057687 0.947630
vt 0.065567 0.949107
vt 0.070810 0.954383
vt 0.070810 0.960283
vt 0.072387 0.966182
vt 0.057687 0.947630
vt 0.065567 0.949107
vt 0.070810 0.954383
vt 0.070810 0.960283
vt 0.072387 0.966182
vt 0.499797 0.940386
vt 0.499797 0.967061
vt 0.468692 0.967061
vt 0.468692 0.940386
vt 0.499797 0.913713
vt 0.468692 0.913713
vt 0.499797 0.887039
vt 0.468692 0.887040
vt 0.499797 0.860366
vt 0.468692 0.860366
vt 0.499796 0.833691
vt 0.468692 0.833691
vt 0.683084 0.011829
vt 0.635480 0.011829
vt 0.635480 0.002831
vt 0.683084 0.002831
vt 0.730822 0.011829
vt 0.730822 0.002831
vt 0.928824 0.720935
vt 0.936341 0.720935
vt 0.928824 0.754464
vt 0.963749 0.687896
vt 0.928824 0.652314
vt 0.963749 0.652314
vt 0.963748 0.586864
vt 0.928824 0.586864
vt 0.963748 0.514536
vt 0.928824 0.514536
vt 0.928824 0.483229
vt 0.963748 0.483228
vt 0.819439 0.165692
vt 0.785499 0.165692
vt 0.785519 0.010561
vt 0.819439 0.010561
vt 0.853327 0.165692
vt 0.853334 0.010561
vt 0.928822 0.202219
vt 0.928817 0.137973
vt 0.963713 0.137957
vt 0.963718 0.202219
vt 0.928825 0.274419
vt 0.963721 0.274419
vt 0.933292 0.289984
vt 0.928826 0.305584
vt 0.963720 0.305584
vt 0.966656 0.643131
vt 0.966656 0.571310
vt 0.969891 0.571310
vt 0.969891 0.643131
vt 0.966656 0.715006
vt 0.969891 0.715006
vt 0.332316 0.321054
vt 0.352956 0.419563
vt 0.349260 0.420489
vt 0.329027 0.323922
vt 0.296882 0.240519
vt 0.294291 0.244974
vt 0.251727 0.184052
vt 0.250027 0.189620
vt 0.374240 0.726488
vt 0.341660 0.736953
vt 0.357105 0.632105
vt 0.351544 0.813077
vt 0.316006 0.822211
vt 0.316017 0.900751
vt 0.280787 0.889665
vt 0.271430 0.962893
vt 0.237174 0.933044
vt 0.217588 0.997139
vt 0.189086 0.947733
vt 0.189808 0.997184
vt 0.162027 0.997228
vt 0.141212 0.932504
vt 0.106949 0.962856
vt 0.097562 0.890059
vt 0.061080 0.899769
vt 0.061841 0.823210
vt 0.026954 0.815974
vt 0.036438 0.737461
vt 0.014578 0.771152
vt 0.004646 0.728505
vt 0.021403 0.632922
vt 0.126125 0.302476
vt 0.085425 0.363729
vt 0.078409 0.299542
vt 0.046742 0.368342
vt 0.054140 0.438136
vt 0.019243 0.453490
vt 0.032621 0.526935
vt 0.009098 0.498676
vt 0.001135 0.542196
vt 0.021403 0.632922
vt 0.893584 0.501662
vt 0.881916 0.501662
vt 0.887691 0.291968
vt 0.880032 0.514661
vt 0.895475 0.514661
vt 0.876520 0.501490
vt 0.865054 0.501491
vt 0.870730 0.291799
vt 0.863221 0.514507
vt 0.878364 0.514510
vt 0.842250 0.502662
vt 0.830575 0.502662
vt 0.836447 0.292967
vt 0.828692 0.515666
vt 0.844147 0.515666
vt 0.925589 0.501840
vt 0.914122 0.501842
vt 0.919835 0.292133
vt 0.912027 0.514816
vt 0.927441 0.514860
vt 0.896634 0.514781
vt 0.898482 0.501756
vt 0.909934 0.501758
vt 0.904235 0.292045
vt 0.919610 0.103625
vt 0.919610 0.288231
vt 0.904561 0.288231
vt 0.904561 0.103625
vt 0.904561 0.072672
vt 0.919610 0.072672
vt 0.919610 0.008123
vt 0.904561 0.008123
vt 0.894474 0.009886
vt 0.894502 0.074435
vt 0.902980 0.009886
vt 0.900466 0.102551
vt 0.900494 0.287156
vt 0.903112 0.287156
vt 0.464303 0.452684
vt 0.397610 0.452691
vt 0.391663 0.411688
vt 0.363081 0.331576
vt 0.327125 0.236062
vt 0.327101 0.282524
vt 0.464440 0.236441
vt 0.000949 0.406410
vt 0.003215 0.397652
vt 0.004355 0.397652
vt 0.003221 0.406402
vt 0.008633 0.496466
vt 0.006065 0.397652
vt 0.005208 0.406395
vt 0.007489 0.397652
vt 0.014863 0.406363
vt 0.016851 0.406357
vt 0.015182 0.397652
vt 0.013757 0.397652
vt 0.006912 0.406390
vt 0.008633 0.496466
vt 0.009199 0.397652
vt 0.012591 0.406371
vt 0.008633 0.496466
vt 0.012333 0.397652
vt 0.008900 0.406383
vt 0.008633 0.496466
vt 0.010908 0.397652
vt 0.010888 0.406377
vt 0.008633 0.496466
vt 0.008633 0.496466
vt 0.405729 0.369271
vt 0.392192 0.321907
vt 0.434155 0.369270
vt 0.433914 0.274561
vt 0.447547 0.321907
vt 0.405681 0.274562
vt 0.890933 0.995581
vt 0.890933 0.929912
vt 0.901947 0.995581
vt 0.893687 0.925049
vt 0.896440 0.923026
vt 0.899194 0.925049
vt 0.901947 0.929912
vt 0.872083 0.131537
vt 0.856856 0.131537
vt 0.855939 0.009459
vt 0.892720 0.009398
vt 0.892692 0.073946
vt 0.886728 0.102063
vt 0.886699 0.286668
vt 0.872017 0.286668
vt 0.562916 0.440704
vt 0.580860 0.404266
vt 0.562916 0.492236
vt 0.606238 0.528674
vt 0.580860 0.528674
vt 0.624183 0.440704
vt 0.624183 0.492236
vt 0.606238 0.404266
vt 0.025735 0.064087
vt 0.015972 0.068234
vt 0.019980 0.059271
vt 0.026336 0.051966
vt 0.032322 0.048881
vt 0.029352 0.038363
vt 0.033394 0.028745
vt 0.021932 0.049982
vt 0.027889 0.023835
vt 0.028306 0.011333
vt 0.024642 0.041571
vt 0.025602 0.031734
vt 0.022453 0.013813
vt 0.019210 0.003038
vt 0.022499 0.023898
vt 0.021592 0.033617
vt 0.015199 0.012136
vt 0.009482 0.007476
vt 0.018187 0.019000
vt 0.017831 0.027328
vt 0.013560 0.022570
vt 0.008824 0.019538
vt 0.002785 0.022479
vt 0.013721 0.032646
vt 0.005796 0.033031
vt 0.001857 0.042640
vt 0.009934 0.029382
vt 0.007292 0.047632
vt 0.010174 0.039422
vt 0.017579 0.035730
vt 0.014943 0.042225
vt 0.019809 0.042824
vt 0.012246 0.048534
vt 0.017024 0.051168
vt 0.012677 0.057652
vt 0.015972 0.068234
vt 0.006815 0.060211
vt 0.001857 0.042640
vt 0.025735 0.064087
vt 0.015972 0.068234
vt 0.019980 0.059271
vt 0.026336 0.051966
vt 0.032322 0.048881
vt 0.029352 0.038363
vt 0.033394 0.028745
vt 0.021932 0.049982
vt 0.027889 0.023835
vt 0.028306 0.011333
vt 0.024642 0.041571
vt 0.025602 0.031734
vt 0.022453 0.013813
vt 0.019210 0.003038
vt 0.022499 0.023898
vt 0.021592 0.033617
vt 0.015199 0.012136
vt 0.009482 0.007476
vt 0.018187 0.019000
vt 0.017831 0.027328
vt 0.013560 0.022570
vt 0.008824 0.019538
vt 0.002785 0.022479
vt 0.013721 0.032646
vt 0.005796 0.033031
vt 0.001857 0.042640
vt 0.009934 0.029382
vt 0.007292 0.047632
vt 0.010174 0.039422
vt 0.017579 0.035730
vt 0.014943 0.042225
vt 0.019809 0.042824
vt 0.012246 0.048534
vt 0.017024 0.051168
vt 0.012677 0.057652
vt 0.015972 0.068234
vt 0.006815 0.060211
vt 0.001857 0.042640
vt 0.094683 0.175783
vt 0.094778 0.188765
vt 0.065715 0.191848
vt 0.124194 0.160395
vt 0.098376 0.186407
vt 0.061578 0.178484
vt 0.054713 0.191980
vt 0.112705 0.122550
vt 0.031161 0.160387
vt 0.031446 0.186787
vt 0.002133 0.169027
vt 0.013921 0.104050
vt 0.047867 0.111857
vt 0.038489 0.041782
vt 0.080060 0.121376
vt 0.066798 0.066577
vt 0.074323 0.004871
vt 0.095553 0.061868
vt 0.114577 0.003261
vt 0.124235 0.065150
vt 0.150394 0.034163
vt 0.145919 0.108132
vt 0.176054 0.077847
vt 0.154397 0.123775
vt 0.402942 0.378621
vt 0.404230 0.374135
vt 0.435742 0.374135
vt 0.437037 0.378615
vt 0.386659 0.321642
vt 0.450587 0.321633
vt 0.389225 0.321634
vt 0.453154 0.321624
vt 0.402775 0.264667
vt 0.435582 0.269146
vt 0.404071 0.269146
vt 0.436870 0.264662
vt 0.428309 0.520441
vt 0.426570 0.514674
vt 0.461924 0.514674
vt 0.460201 0.520441
vt 0.413284 0.573562
vt 0.478759 0.573562
vt 0.409913 0.573562
vt 0.475389 0.573562
vt 0.428471 0.626698
vt 0.462103 0.632466
vt 0.426748 0.632466
vt 0.460363 0.626698
vt 0.627538 0.496844
vt 0.642818 0.509696
vt 0.613957 0.568300
vt 0.607628 0.537274
vt 0.627538 0.439668
vt 0.573142 0.568300
vt 0.642818 0.426816
vt 0.579471 0.537274
vt 0.607628 0.399238
vt 0.544280 0.509696
vt 0.613957 0.368212
vt 0.559560 0.496844
vt 0.579471 0.399238
vt 0.544280 0.426816
vt 0.573142 0.368212
vt 0.559560 0.439668
vt 0.414565 0.001947
vt 0.442754 0.043055
vt 0.420342 0.046018
vt 0.397303 0.037156
vt 0.379860 0.002337
vt 0.431841 0.087513
vt 0.453661 0.109957
vt 0.374325 0.046541
vt 0.351896 0.044074
vt 0.408867 0.078460
vt 0.385985 0.078738
vt 0.363055 0.088277
vt 0.341354 0.111216
vt 0.397512 0.110628
vt 0.360344 0.135568
vt 0.352261 0.178118
vt 0.379018 0.123007
vt 0.376412 0.170232
vt 0.380450 0.219225
vt 0.397616 0.150152
vt 0.397723 0.190084
vt 0.415155 0.218835
vt 0.416067 0.122589
vt 0.418925 0.169756
vt 0.443120 0.177099
vt 0.434807 0.134735
vt 0.414565 0.001947
vt 0.442754 0.043055
vt 0.420342 0.046018
vt 0.397303 0.037156
vt 0.379860 0.002337
vt 0.431841 0.087513
vt 0.453661 0.109957
vt 0.374325 0.046541
vt 0.351896 0.044074
vt 0.408867 0.078460
vt 0.385985 0.078738
vt 0.363055 0.088277
vt 0.341354 0.111216
vt 0.397512 0.110628
vt 0.360344 0.135568
vt 0.352261 0.178118
vt 0.379018 0.123007
vt 0.376412 0.170232
vt 0.380450 0.219225
vt 0.397616 0.150152
vt 0.397723 0.190084
vt 0.415155 0.218835
vt 0.416067 0.122589
vt 0.418925 0.169756
vt 0.443120 0.177099
vt 0.434807 0.134735
vt 0.453661 0.109957
vt 0.443120 0.177099
vt 0.434807 0.134735
vt 0.418925 0.169756
vt 0.415155 0.218835
vt 0.431841 0.087513
vt 0.442754 0.043055
vt 0.397723 0.190084
vt 0.380450 0.219225
vt 0.416067 0.122589
vt 0.397616 0.150152
vt 0.376412 0.170232
vt 0.352261 0.178118
vt 0.397512 0.110628
vt 0.360344 0.135568
vt 0.341354 0.111216
vt 0.379018 0.123007
vt 0.363055 0.088277
vt 0.351896 0.044074
vt 0.385985 0.078738
vt 0.374325 0.046541
vt 0.379860 0.002337
vt 0.408867 0.078460
vt 0.397303 0.037156
vt 0.414565 0.001947
vt 0.420342 0.046018
vt 0.250753 0.300600
vt 0.292297 0.363534
vt 0.256390 0.374403
vt 0.288495 0.427370
vt 0.323212 0.437945
vt 0.212998 0.337562
vt 0.188325 0.275747
vt 0.313678 0.502994
vt 0.345164 0.525944
vt 0.165739 0.337621
vt 0.126125 0.302476
vt 0.325179 0.585875
vt 0.357105 0.632105
vt 0.121683 0.375247
vt 0.085425 0.363729
vt 0.324133 0.670601
vt 0.341660 0.736953
vt 0.090207 0.432450
vt 0.054140 0.438136
vt 0.310367 0.751649
vt 0.316006 0.822211
vt 0.066570 0.503534
vt 0.032621 0.526935
vt 0.282922 0.821608
vt 0.280787 0.889665
vt 0.050728 0.583886
vt 0.021403 0.632922
vt 0.248274 0.864687
vt 0.237174 0.933044
vt 0.052098 0.674466
vt 0.036438 0.737461
vt 0.209727 0.889371
vt 0.189086 0.947733
vt 0.070264 0.751632
vt 0.061841 0.823210
vt 0.169370 0.894236
vt 0.141212 0.932504
vt 0.095911 0.817115
vt 0.097562 0.890059
vt 0.128034 0.868023
vt 0.105480 0.746838
vt 0.128269 0.796383
vt 0.155126 0.837528
vt 0.188494 0.834769
vt 0.163476 0.781833
vt 0.220641 0.820409
vt 0.195899 0.769765
vt 0.140095 0.734021
vt 0.171620 0.728460
vt 0.251073 0.794393
vt 0.227055 0.749581
vt 0.279483 0.757641
vt 0.257149 0.721315
vt 0.290548 0.691970
vt 0.235256 0.687048
vt 0.294824 0.624436
vt 0.262662 0.654556
vt 0.291694 0.556311
vt 0.263037 0.587500
vt 0.282220 0.488822
vt 0.258444 0.519771
vt 0.254024 0.445387
vt 0.235731 0.550319
vt 0.222424 0.413145
vt 0.228026 0.486196
vt 0.187857 0.395878
vt 0.195915 0.463168
vt 0.152029 0.396426
vt 0.162165 0.452301
vt 0.125174 0.443401
vt 0.171094 0.506219
vt 0.102939 0.498552
vt 0.138765 0.504096
vt 0.085632 0.559868
vt 0.119208 0.561021
vt 0.074414 0.626112
vt 0.103720 0.622704
vt 0.087184 0.689618
vt 0.120098 0.680990
vt 0.131599 0.619869
vt 0.150938 0.675057
vt 0.150478 0.561946
vt 0.161508 0.617986
vt 0.180614 0.670765
vt 0.180480 0.564149
vt 0.203623 0.709017
vt 0.178122 0.617599
vt 0.211319 0.650553
vt 0.185701 0.638681
vt 0.189057 0.617518
vt 0.236538 0.618857
vt 0.197912 0.630600
vt 0.211370 0.584722
vt 0.197899 0.604461
vt 0.185653 0.596373
vt 0.203750 0.525419
vn 0.997373 0.071203 -0.013279000000000004
vn 0.997373 0.071203 -0.013279000000000004
vn 0.997373 0.071203 -0.013279000000000004
vn 1 3.8E-05 -2.326828918379971E-21
vn 1 3.8E-05 -2.326828918379971E-21
vn 1 3.8E-05 -2.326828918379971E-21
vn 0.997373 0.071204 -0.013279000000000004
vn 0.997373 0.071204 -0.013279000000000004
vn 0.997373 0.071204 -0.013279000000000004
vn 0.978549 0.206012 -1.7000000000012614E-05
vn 0.978549 0.206012 -1.7000000000012614E-05
vn 0.978549 0.206012 -1.7000000000012614E-05
vn 0.818395 -0.3048779999999999 0.487112
vn 0.818395 -0.3048779999999999 0.487112
vn 0.818395 -0.3048779999999999 0.487112
vn 0.88438 0.401081 0.23876199999999997
vn 0.88438 0.401081 0.23876199999999997
vn 0.88438 0.401081 0.23876199999999997
vn 0.897614 0.406935 -0.16939100000000004
vn 0.897614 0.406935 -0.16939100000000004
vn 0.897614 0.406935 -0.16939100000000004
vn 0.906313 0.19060899999999997 -0.377181
vn 0.906313 0.19060899999999997 -0.377181
vn 0.906313 0.19060899999999997 -0.377181
vn 0.653486 -0.706401 -0.27194499999999994
vn 0.653486 -0.706401 -0.27194499999999994
vn 0.653486 -0.706401 -0.27194499999999994
vn 0.629724 -0.717202 -0.29844499999999996
vn 0.629724 -0.717202 -0.29844499999999996
vn 0.629724 -0.717202 -0.29844499999999996
vn -0.499777 -0.865701 0.028008000000000054
vn 0.499735 -0.865734 0.02773100000000005
vn -0.000561 -0.003652999999999939 0.999993
vn 0.499735 -0.865734 0.02773100000000005
vn 0.99962 -0.00015099999999999833 0.02757
vn -0.000561 -0.003652999999999939 0.999993
vn 0.99962 -0.00015099999999999833 0.02757
vn 0.499872 0.865654 0.02775799999999995
vn -0.000561 -0.003652999999999939 0.999993
vn 0.499872 0.865654 0.02775799999999995
vn -0.499904 0.865627 0.028035999999999946
vn -0.000561 -0.003652999999999939 0.999993
vn -0.499781 -0.865699 0.02800900000000005
vn 0.499744 -0.865729 0.02773100000000005
vn -0.000402 -0.003522999999999939 0.999994
vn 0.499744 -0.865729 0.02773100000000005
vn 0.99962 -0.00014299999999999833 0.02757
vn -0.000402 -0.003522999999999939 0.999994
vn 0.99962 -0.00014299999999999833 0.02757
vn 0.499881 0.865649 0.02775699999999995
vn -0.000402 -0.003522999999999939 0.999994
vn 0.499881 0.865649 0.02775699999999995
vn -0.499898 0.865631 0.02803499999999995
vn -0.000402 -0.003522999999999939 0.999994
vn -0.499778 -0.865701 0.028008000000000054
vn 0.499741 -0.865731 0.02773100000000005
vn -0.000439 -0.003630999999999939 0.999993
vn 0.499741 -0.865731 0.02773100000000005
vn 0.99962 -0.0001489999999999983 0.02757
vn -0.000439 -0.003630999999999939 0.999993
vn 0.99962 -0.0001489999999999983 0.02757
vn 0.499879 0.86565 0.02775799999999995
vn -0.000439 -0.003630999999999939 0.999993
vn 0.499879 0.86565 0.02775799999999995
vn -0.499901 0.865629 0.02803499999999995
vn -0.000439 -0.003630999999999939 0.999993
vn -0.499774 -0.865703 0.028008000000000054
vn 0.499734 -0.865735 0.02773100000000005
vn -0.00054 -0.003737999999999939 0.999993
vn 0.499734 -0.865735 0.02773100000000005
vn 0.99962 -0.00015399999999999832 0.02757
vn -0.00054 -0.003737999999999939 0.999993
vn 0.99962 -0.00015399999999999832 0.02757
vn 0.499873 0.865654 0.02775699999999995
vn -0.00054 -0.003737999999999939 0.999993
vn 0.499873 0.865654 0.02775699999999995
vn -0.499904 0.865627 0.02803499999999995
vn -0.00054 -0.003737999999999939 0.999993
vn -0.49978 -0.865699 0.028008000000000054
vn 0.499741 -0.865731 0.02773100000000005
vn -0.000556 -0.003629999999999939 0.999993
vn 0.499741 -0.865731 0.02773100000000005
vn 0.99962 -0.00015099999999999833 0.02757
vn -0.000556 -0.003629999999999939 0.999993
vn 0.99962 -0.00015099999999999833 0.02757
vn 0.499874 0.865653 0.02775799999999995
vn -0.000556 -0.003629999999999939 0.999993
vn 0.499874 0.865653 0.02775799999999995
vn -0.499908 0.865624 0.02803499999999995
vn -0.000556 -0.003629999999999939 0.999993
vn 0.999998 1.3354773344701887E-19 0.002181
vn 0.999998 1.3354773344701887E-19 0.002181
vn 0.999998 1.3354773344701887E-19 0.002181
vn 0.999982 0.005981 -3.66230625285016E-19
vn 0.999982 0.005981 -3.66230625285016E-19
vn 0.999982 0.005981 -3.66230625285016E-19
vn -0.999982 -0.005981 3.66230625285016E-19
vn -0.999982 -0.005981 3.66230625285016E-19
vn -0.999982 -0.005981 3.66230625285016E-19
vn -0.999998 -1.3354773344701887E-19 -0.002181
vn -0.999998 -1.3354773344701887E-19 -0.002181
vn -0.999998 -1.3354773344701887E-19 -0.002181
vn -0.003297 0.999994 -0.0007420000000000613
vn -0.003297 0.999994 -0.0007420000000000613
vn -0.003297 0.999994 -0.0007420000000000613
vn 1E-06 1 3.799999999993877E-05
vn 1E-06 1 3.799999999993877E-05
vn 1E-06 1 3.799999999993877E-05
vn -0.999967 0.008086 9.999999999999506E-06
vn -0.999967 0.008086 9.999999999999506E-06
vn -0.999967 0.008086 9.999999999999506E-06
vn -0.999996 -1.7659406843704832E-19 -0.002884
vn -0.999996 -1.7659406843704832E-19 -0.002884
vn -0.999996 -1.7659406843704832E-19 -0.002884
vn 0.999996 9.999999999998233E-07 -0.002884
vn 0.999996 9.999999999998233E-07 -0.002884
vn 0.999996 9.999999999998233E-07 -0.002884
vn 0.999969 0.007923 9.999999999999516E-06
vn 0.999969 0.007923 9.999999999999516E-06
vn 0.999969 0.007923 9.999999999999516E-06
vn 8E-06 -0.00013599999999993877 1
vn -0.994276 -0.00013999999999999346 0.106839
vn -0.497229 -0.861008 0.10690400000000005
vn 8E-06 -0.00013599999999993877 1
vn 0.497234 -0.861005 0.10690100000000005
vn 0.994277 -0.00016299999999999347 0.106835
vn 8E-06 -0.00013599999999993877 1
vn 0.994277 -0.00016299999999999347 0.106835
vn 0.497388 0.860915 0.10691399999999994
vn -0.008236 -0.0007389999999999387 0.999966
vn -0.008236 -0.0007389999999999387 0.999966
vn -0.008236 -0.0007389999999999387 0.999966
vn 0 0.004831000000000062 0.999988
vn 0 0.004831000000000062 0.999988
vn 0 0.004831000000000062 0.999988
vn -1.2E-05 -0.0015709999999999388 0.999999
vn -1.2E-05 -0.0015709999999999388 0.999999
vn -1.2E-05 -0.0015709999999999388 0.999999
vn 1 0 0
vn 1 0 0
vn 1 0 0
vn -9E-06 0.001571000000000061 0.999999
vn -9E-06 0.001571000000000061 0.999999
vn -9E-06 0.001571000000000061 0.999999
vn 8E-06 -0.00014099999999993878 1
vn -0.994276 -0.00013799999999999346 0.106839
vn -0.497227 -0.86101 0.10689900000000005
vn 8E-06 -0.00014099999999993878 1
vn 0.497231 -0.861008 0.10689800000000006
vn 0.994277 -0.00016899999999999346 0.106837
vn 8E-06 -0.00014099999999993878 1
vn 0.994277 -0.00016899999999999346 0.106837
vn 0.497391 0.860913 0.10691999999999995
vn 9E-06 -0.00013999999999993876 1
vn -0.994276 -0.00013799999999999346 0.106839
vn -0.497227 -0.86101 0.10690000000000005
vn 9E-06 -0.00013999999999993876 1
vn 0.497231 -0.861007 0.10689900000000005
vn 0.994277 -0.00016799999999999346 0.106837
vn 9E-06 -0.00013999999999993876 1
vn 0.994277 -0.00016799999999999346 0.106837
vn 0.497392 0.860912 0.10691899999999994
vn 0.000826 -1 6.123233995736766E-17
vn 0.000826 -1 6.123233995736766E-17
vn 0.000826 -1 6.123233995736766E-17
vn -0.001085 -0.999996 0.002585000000000061
vn -0.001085 -0.999996 0.002585000000000061
vn -0.001085 -0.999996 0.002585000000000061
vn -0.011301 -0.999936 0.0008560000000000612
vn -0.011301 -0.999936 0.0008560000000000612
vn -0.011301 -0.999936 0.0008560000000000612
vn -0.027709 -0.999616 -1.4999999999938792E-05
vn -0.027709 -0.999616 -1.4999999999938792E-05
vn -0.027709 -0.999616 -1.4999999999938792E-05
vn 0.011301 0.999936 -0.0009010000000000613
vn 0.011301 0.999936 -0.0009010000000000613
vn 0.011301 0.999936 -0.0009010000000000613
vn -0.000112 1 -1.8000000000061234E-05
vn -0.000112 1 -1.8000000000061234E-05
vn -0.000112 1 -1.8000000000061234E-05
vn 1 1.573671136904349E-20 0.000257
vn 1 1.573671136904349E-20 0.000257
vn 1 1.573671136904349E-20 0.000257
vn 0.999995 0.002959 -0.0011170000000000002
vn 0.999995 0.002959 -0.0011170000000000002
vn 0.999995 0.002959 -0.0011170000000000002
vn 8E-06 -0.00013699999999993877 1
vn -0.994276 -0.00013999999999999346 0.106839
vn -0.49723 -0.861008 0.10690200000000005
vn 8E-06 -0.00013699999999993877 1
vn 0.497232 -0.861007 0.10689900000000005
vn 0.994277 -0.00016499999999999347 0.106836
vn 8E-06 -0.00013699999999993877 1
vn 0.994277 -0.00016499999999999347 0.106836
vn 0.497392 0.860913 0.10691599999999994
vn -0 0.004588000000000062 0.99999
vn -0 0.004588000000000062 0.99999
vn -0 0.004588000000000062 0.99999
vn 0.008615 -0.0007399999999999387 0.999963
vn 0.008615 -0.0007399999999999387 0.999963
vn 0.008615 -0.0007399999999999387 0.999963
vn 0.000881 6.123233995736766E-17 1
vn 0.000881 6.123233995736766E-17 1
vn 0.000881 6.123233995736766E-17 1
vn 0.001029 -0.001109999999999939 0.999999
vn 0.001029 -0.001109999999999939 0.999999
vn 0.001029 -0.001109999999999939 0.999999
vn 0.001029 -0.0015779999999999388 0.999998
vn 0.001029 -0.0015779999999999388 0.999998
vn 0.001029 -0.0015779999999999388 0.999998
vn 1.2E-05 -0.00014199999999993878 1
vn -0.994276 -0.00014199999999999348 0.10684
vn -0.497226 -0.86101 0.10690000000000005
vn 1.2E-05 -0.00014199999999993878 1
vn 0.497232 -0.861007 0.10689900000000005
vn 0.994277 -0.00016899999999999346 0.106836
vn 1.2E-05 -0.00014199999999993878 1
vn 0.994277 -0.00016899999999999346 0.106836
vn 0.497397 0.860909 0.10691799999999994
vn 0.999999 -0.00122 0.0001700000000000001
vn 0.999999 -0.00122 0.0001700000000000001
vn 0.999999 -0.00122 0.0001700000000000001
vn 1 0.001019 -0.00017100000000000006
vn 1 0.001019 -0.00017100000000000006
vn 1 0.001019 -0.00017100000000000006
vn 0.002696 0.999996 0.00017299999999993877
vn 0.002696 0.999996 0.00017299999999993877
vn 0.002696 0.999996 0.00017299999999993877
vn 0.000236 1 -1.7000000000061234E-05
vn 0.000236 1 -1.7000000000061234E-05
vn 0.000236 1 -1.7000000000061234E-05
vn -0.999999 -1.0274786644846294E-19 -0.001678
vn -0.999999 -1.0274786644846294E-19 -0.001678
vn -0.999999 -1.0274786644846294E-19 -0.001678
vn -0.999994 0.003434 -9.700000000000022E-05
vn -0.999994 0.003434 -9.700000000000022E-05
vn -0.999994 0.003434 -9.700000000000022E-05
vn -0.001177 0.008375000000000061 0.999964
vn -0.001177 0.008375000000000061 0.999964
vn -0.001177 0.008375000000000061 0.999964
vn 0.002392 -0.999997 -9.999999999387677E-07
vn 0.002392 -0.999997 -9.999999999387677E-07
vn 0.002392 -0.999997 -9.999999999387677E-07
vn 0.000346 -0.999998 -0.0018029999999999388
vn 0.000346 -0.999998 -0.0018029999999999388
vn 0.000346 -0.999998 -0.0018029999999999388
vn -4E-06 -3.0000000000612325E-06 -1
vn -4E-06 -3.0000000000612325E-06 -1
vn -4E-06 -3.0000000000612325E-06 -1
vn 0.001374 0.007794000000000061 0.999969
vn 0.001374 0.007794000000000061 0.999969
vn 0.001374 0.007794000000000061 0.999969
vn 0 0.012465000000000061 0.999922
vn 0 0.012465000000000061 0.999922
vn 0 0.012465000000000061 0.999922
vn 0.000181 6.123233995736766E-17 1
vn 0.000181 6.123233995736766E-17 1
vn 0.000181 6.123233995736766E-17 1
vn 0.000181 6.123233995736766E-17 1
vn 0.000181 6.123233995736766E-17 1
vn 0.000181 6.123233995736766E-17 1
vn -0.005801 6.123129900758838E-17 0.999983
vn -0.005801 6.123129900758838E-17 0.999983
vn -0.005801 6.123129900758838E-17 0.999983
vn 0.407765 -0.704887 -0.580398
vn 0.407765 -0.704887 -0.580398
vn 0.407765 -0.704887 -0.580398
vn 0.398498 -0.703317 -0.588681
vn 0.398498 -0.703317 -0.588681
vn 0.398498 -0.703317 -0.588681
vn 0.409134 0.699723 -0.58566
vn 0.409134 0.699723 -0.58566
vn 0.409134 0.699723 -0.58566
vn 0.404858 0.710637 -0.5754
vn 0.404858 0.710637 -0.5754
vn 0.404858 0.710637 -0.5754
vn -0.404473 0.704439 -0.583238
vn -0.404473 0.704439 -0.583238
vn -0.404473 0.704439 -0.583238
vn -0.398319 0.703383 -0.588723
vn -0.398319 0.703383 -0.588723
vn -0.398319 0.703383 -0.588723
vn -0.406578 -0.700592 -0.5864
vn -0.406578 -0.700592 -0.5864
vn -0.406578 -0.700592 -0.5864
vn -0.403211 -0.70914 -0.578395
vn -0.403211 -0.70914 -0.578395
vn -0.403211 -0.70914 -0.578395
vn -0.093792 -0.995465 0.01588400000000006
vn -0.093792 -0.995465 0.01588400000000006
vn -0.093792 -0.995465 0.01588400000000006
vn 0.004091 -0.999991 -0.0006929999999999388
vn 0.004091 -0.999991 -0.0006929999999999388
vn 0.004091 -0.999991 -0.0006929999999999388
vn -0.009338 -0.999956 -1.2999999999938769E-05
vn -0.009338 -0.999956 -1.2999999999938769E-05
vn -0.009338 -0.999956 -1.2999999999938769E-05
vn 0.011301 -0.999915 -0.006467999999999938
vn 0.011301 -0.999915 -0.006467999999999938
vn 0.011301 -0.999915 -0.006467999999999938
vn 0.007531 -0.999972 -7.99999999993877E-06
vn 0.007531 -0.999972 -7.99999999993877E-06
vn 0.007531 -0.999972 -7.99999999993877E-06
vn -0.999605 -0.00015399999999999827 0.028122
vn -0.499777 -0.865701 0.028008000000000054
vn -0.000561 -0.003652999999999939 0.999993
vn -0.499904 0.865627 0.028035999999999946
vn -0.999605 -0.00015399999999999827 0.028122
vn -0.999605 -0.00015099999999999828 0.028121
vn -0.499781 -0.865699 0.02800900000000005
vn -0.000402 -0.003522999999999939 0.999994
vn -0.499898 0.865631 0.02803499999999995
vn -0.999605 -0.00015099999999999828 0.028121
vn -0.999605 -0.00015399999999999827 0.028121
vn -0.499778 -0.865701 0.028008000000000054
vn -0.000439 -0.003630999999999939 0.999993
vn -0.499901 0.865629 0.02803499999999995
vn -0.999605 -0.00015399999999999827 0.028121
vn -0.999605 -0.00015799999999999826 0.028122
vn -0.499774 -0.865703 0.028008000000000054
vn -0.00054 -0.003737999999999939 0.999993
vn -0.499904 0.865627 0.02803499999999995
vn -0.999605 -0.00015799999999999826 0.028122
vn -0.999605 -0.00015199999999999827 0.028121
vn -0.49978 -0.865699 0.028008000000000054
vn -0.000556 -0.003629999999999939 0.999993
vn -0.499908 0.865624 0.02803499999999995
vn -0.999605 -0.00015199999999999827 0.028121
vn 8E-06 -0.00013599999999993877 1
vn 0.497388 0.860915 0.10691399999999994
vn -0.497372 0.860925 0.10691199999999994
vn -0.497372 0.860925 0.10691199999999994
vn -0.994276 -0.00013999999999999346 0.106839
vn 5E-06 -0.00021300000000006123 -1
vn 0.497388 0.860915 0.10691399999999994
vn 0.994277 -0.00016299999999999347 0.106835
vn 5E-06 -0.00021300000000006123 -1
vn 0.497234 -0.861005 0.10690100000000005
vn 5E-06 -0.00021300000000006123 -1
vn -0.497229 -0.861008 0.10690400000000005
vn 8E-06 -0.00013599999999993877 1
vn 8E-06 -0.00014099999999993878 1
vn 0.497391 0.860913 0.10691999999999995
vn -0.497368 0.860926 0.10691699999999994
vn -0.497368 0.860926 0.10691699999999994
vn -0.994276 -0.00013799999999999346 0.106839
vn 8E-06 -0.00021100000000006124 -1
vn 0.497391 0.860913 0.10691999999999995
vn 0.994277 -0.00016899999999999346 0.106837
vn 8E-06 -0.00021100000000006124 -1
vn 0.497231 -0.861008 0.10689800000000006
vn 8E-06 -0.00021100000000006124 -1
vn -0.497227 -0.86101 0.10689900000000005
vn 8E-06 -0.00014099999999993878 1
vn 9E-06 -0.00013999999999993876 1
vn 0.497392 0.860912 0.10691899999999994
vn -0.497365 0.860928 0.10691599999999994
vn -0.497365 0.860928 0.10691599999999994
vn -0.994276 -0.00013799999999999346 0.106839
vn 1E-05 -0.00021100000000006124 -1
vn 0.497392 0.860912 0.10691899999999994
vn 0.994277 -0.00016799999999999346 0.106837
vn 1E-05 -0.00021100000000006124 -1
vn 0.497231 -0.861007 0.10689900000000005
vn 1E-05 -0.00021100000000006124 -1
vn -0.497227 -0.86101 0.10690000000000005
vn 9E-06 -0.00013999999999993876 1
vn 8E-06 -0.00013699999999993877 1
vn 0.497392 0.860913 0.10691599999999994
vn -0.497369 0.860926 0.10691399999999994
vn -0.497369 0.860926 0.10691399999999994
vn -0.994276 -0.00013999999999999346 0.106839
vn 0.497392 0.860913 0.10691599999999994
vn 0.994277 -0.00016499999999999347 0.106836
vn 6E-06 -0.00021300000000006123 -1
vn 0.497232 -0.861007 0.10689900000000005
vn 6E-06 -0.00021300000000006123 -1
vn -0.49723 -0.861008 0.10690200000000005
vn 6E-06 -0.00021300000000006123 -1
vn 8E-06 -0.00013699999999993877 1
vn 1.2E-05 -0.00014199999999993878 1
vn 0.497397 0.860909 0.10691799999999994
vn -0.497363 0.860929 0.10691699999999994
vn -0.497363 0.860929 0.10691699999999994
vn -0.994276 -0.00014199999999999348 0.10684
vn 0.497397 0.860909 0.10691799999999994
vn 0.994277 -0.00016899999999999346 0.106836
vn 1.4E-05 -0.00021400000000006123 -1
vn 0.497232 -0.861007 0.10689900000000005
vn 1.4E-05 -0.00021400000000006123 -1
vn -0.497226 -0.86101 0.10690000000000005
vn 1.4E-05 -0.00021400000000006123 -1
vn 1.2E-05 -0.00014199999999993878 1
vn 1 -3.061616997868383E-22 -5E-06
vn 1 -3.061616997868383E-22 -5E-06
vn 1 -0.000171 -1.399999999999999E-05
vn 1 -0.000171 -1.399999999999999E-05
vn 1 -0.000171 -1.399999999999999E-05
vn 1 -0.00019 -0.000183
vn 1 -0.00019 -0.000183
vn 1 3.499999999999999E-05 -0.000123
vn -0.005801 6.123129900758838E-17 0.999983
vn 1 0 0
vn -0.005801 6.123129900758838E-17 0.999983
vn -0.003146 0.005477000000000062 0.99998
vn 0.001216 1.0000000000612322E-06 0.999999
vn 0.004118 0.0070960000000000615 0.999966
vn 0.004094 3.000000000061232E-06 0.999992
vn 0.004118 0.0070960000000000615 0.999966
vn 0.00407 -0.007089999999999938 0.999967
vn 0.00407 -0.007089999999999938 0.999967
vn 0.597915 0.702634 0.38574899999999995
vn 0.987264 0.157145 -0.02478400000000001
vn 0.532671 0.827588 0.17708499999999994
vn 0.038567 0.870933 0.48988599999999993
vn 0.597915 0.702634 0.38574899999999995
vn 0.254704 0.652343 0.713845
vn -0.303555 0.925968 0.22458399999999995
vn 0.002558 0.525725 0.85065
vn 0.253208 0.3449690000000001 0.903815
vn -0.496201 0.689996 0.526962
vn -0.781214 0.582467 0.22458199999999998
vn 0.034901 0.04588000000000006 0.998337
vn 0.261419 0.07967500000000005 0.961932
vn 0.141776 -0.4541819999999999 0.879556
vn -0.499205 0.16489000000000006 0.85065
vn -0.848608 0.280301 0.44866
vn -0.974451 -0.002557999999999986 0.224584
vn -0.311084 -0.4238179999999999 0.85065
vn -0.809561 -0.25869499999999995 0.526962
vn -0.795368 -0.562984 0.22458400000000003
vn -0.528818 -0.720455 0.44866000000000006
vn -0.29869 -0.927549 0.22458400000000006
vn 0.031451 -0.831398 0.554786
vn 0.247811 -0.695604 0.674333
vn 0.508681 -0.839629 0.19043800000000005
vn 0.602321 -0.705544 0.3733850000000001
vn 0.984525 -0.165622 -0.05726699999999999
vn -0.37598 -0.822402 0.42695900000000003
vn -0.565703 -0.786645 0.24732700000000005
vn -0.284195 -0.921306 0.26538500000000004
vn -0.284195 -0.921306 0.26538500000000004
vn -0.03385 -0.832408 0.553129
vn -0.255668 -0.698407 0.668477
vn 0.29869 -0.927549 0.22458300000000006
vn -0.145905 -0.45553799999999994 0.878178
vn 0.528818 -0.720456 0.44865900000000003
vn 0.795369 -0.562984 0.22458300000000003
vn 0.311084 -0.4238179999999999 0.85065
vn 0.809561 -0.2586939999999999 0.526961
vn 0.974451 -0.002557999999999986 0.224584
vn -0.034736 0.04649100000000006 0.998315
vn -0.260859 0.08143200000000006 0.961936
vn -0.253208 0.3449690000000001 0.903815
vn 0.848608 0.280301 0.44866
vn 0.781214 0.582467 0.22458299999999998
vn 0.499205 0.16489100000000007 0.85065
vn 0.496201 0.689996 0.526963
vn 0.303556 0.925967 0.22458499999999995
vn -0.002558 0.525726 0.85065
vn -0.254704 0.652342 0.713845
vn -0.038567 0.870933 0.48988599999999993
vn -0.308721 0.917472 0.25087099999999996
vn -0.373532 0.820242 0.43321699999999996
vn -0.570425 0.777144 0.26582599999999995
vn 0.313793 -0.949491 -1.099999999994186E-05
vn 0.313793 -0.949491 -1.099999999994186E-05
vn 0.313797 -0.94949 2.0000000000581394E-06
vn 0.313794 -0.949491 5.813955569846097E-17
vn 0.248469 -0.96864 5.93120937763046E-17
vn 0.146801 -0.989166 6.056894878626954E-17
vn -0.015039 -0.589201 0.807847
vn 0.462513 -0.886613 5.4289388626621614E-17
vn 0.462511 -0.886613 -9.999999999457106E-07
vn 0.675862 -0.737028 -9.9999999995487E-07
vn 0.746516 -0.665368 -9.999999999592579E-07
vn 0.885374 -0.46488 -9.999999999715344E-07
vn 0.885374 -0.464879 -9.999999999715344E-07
vn 0.943194 -0.332241 -9.999999999796561E-07
vn 0.943194 -0.332242 -1.999999999979656E-06
vn 0.000294 -0.0007149999999999388 1
vn 0.961465 0.13724400000000003 0.238219
vn 0.582485 0.777023 0.23863299999999996
vn 0.961465 0.13724400000000003 0.238219
vn 0.000651 -0.0016060000000000612 -0.999999
vn 0.000294 -0.0007149999999999388 1
vn -0.140125 0.960988 0.23846799999999996
vn 0.000651 -0.0016060000000000612 -0.999999
vn -0.778614 0.580435 0.23844499999999996
vn 0.000651 -0.0016060000000000612 -0.999999
vn 0.000294 -0.0007149999999999388 1
vn 0.000294 -0.0007149999999999388 1
vn -0.960995 -0.14016099999999998 0.238417
vn 0.000651 -0.0016060000000000612 -0.999999
vn -0.580424 -0.778642 0.23838100000000007
vn 0.000651 -0.0016060000000000612 -0.999999
vn 0.000294 -0.0007149999999999388 1
vn 0.000294 -0.0007149999999999388 1
vn 0.140106 -0.961014 0.23837700000000006
vn 0.000651 -0.0016060000000000612 -0.999999
vn 0.778192 -0.581039 0.23835100000000004
vn 0.000651 -0.0016060000000000612 -0.999999
vn 0.000294 -0.0007149999999999388 1
vn 0.000294 -0.0007149999999999388 1
vn 0.961465 0.13724400000000003 0.238219
vn 0.961465 0.13724400000000003 0.238219
vn 0.000651 -0.0016060000000000612 -0.999999
vn 0.000198 -0.0007410000000000613 -1
vn 0.677953 0.693349 -0.24422600000000005
vn 0.969767 0.010553999999999984 -0.243805
vn 0.000436 -0.0016889999999999388 0.999999
vn 0.969767 0.010553999999999984 -0.243805
vn 0.000198 -0.0007410000000000613 -1
vn -0.013469 0.969667 -0.24405900000000005
vn 0.000436 -0.0016889999999999388 0.999999
vn 0.000436 -0.0016889999999999388 0.999999
vn -0.695199 0.676124 -0.24403900000000003
vn 0.000198 -0.0007410000000000613 -1
vn 0.000198 -0.0007410000000000613 -1
vn -0.969679 -0.013514000000000016 -0.244007
vn 0.000436 -0.0016889999999999388 0.999999
vn 0.000436 -0.0016889999999999388 0.999999
vn -0.676124 -0.695223 -0.24396899999999994
vn 0.000198 -0.0007410000000000613 -1
vn 0.000198 -0.0007410000000000613 -1
vn 0.013454 -0.969691 -0.24396599999999993
vn 0.000436 -0.0016889999999999388 0.999999
vn 0.000436 -0.0016889999999999388 0.999999
vn 0.694699 -0.676674 -0.24393699999999996
vn 0.000198 -0.0007410000000000613 -1
vn 0.000198 -0.0007410000000000613 -1
vn 0.969767 0.010553999999999984 -0.243805
vn 0.000436 -0.0016889999999999388 0.999999
vn 0.969767 0.010553999999999984 -0.243805
vn 0.001216 1.0000000000612322E-06 0.999999
vn -0.003146 0.005477000000000062 0.99998
vn -0.003146 0.005477000000000062 0.99998
vn 0.009971 6.122927834036979E-17 0.99995
vn 0.009971 6.122927834036979E-17 0.99995
vn 1 0 0
vn -0.003177 -0.005474999999999938 0.99998
vn -0.003177 -0.005474999999999938 0.99998
vn 8.2E-05 0.859309 0.511456
vn 8.4E-05 0.859308 0.511459
vn 8.2E-05 0.859309 0.511456
vn 8.2E-05 0.859309 0.511456
vn 9.1E-05 1 -0.0005160000000000612
vn 9.1E-05 1 -0.0005160000000000612
vn 9.1E-05 1 -0.0005160000000000612
vn 9.1E-05 1 -0.0005160000000000612
vn 6.8E-05 0.826537 -0.562882
vn 6.8E-05 0.826537 -0.562883
vn 6.8E-05 0.826537 -0.562882
vn 6.8E-05 0.826537 -0.562882
vn 2.7E-05 0.4247429999999999 -0.905314
vn 2.7E-05 0.4247429999999999 -0.905314
vn 2.7E-05 0.4247429999999999 -0.905314
vn 2.7E-05 0.4247429999999999 -0.905314
vn 8.8E-05 1 -6.123233995736766E-17
vn 8.8E-05 1 -6.123233995736766E-17
vn 8.8E-05 1 -6.123233995736766E-17
vn 8.8E-05 1 -6.123233995736766E-17
vn 7.7E-05 0.923244 -0.3842130000000001
vn 7.7E-05 0.923244 -0.3842130000000001
vn 7.7E-05 0.923244 -0.3842130000000001
vn 7.7E-05 0.923244 -0.3842130000000001
vn 0.424741 2.9999999999445656E-06 -0.905315
vn 0.424741 2.9999999999445656E-06 -0.905315
vn 0.424741 2.9999999999445656E-06 -0.905315
vn 0.424741 2.9999999999445656E-06 -0.905315
vn 0.826537 2.1999999999965532E-05 -0.562882
vn 0.826537 2.1999999999965532E-05 -0.562882
vn 0.826537 2.1999999999965532E-05 -0.562882
vn 0.826537 2.1999999999965532E-05 -0.562882
vn 1 3.599999999999997E-05 -0.000513
vn 1 3.599999999999997E-05 -0.000513
vn 1 3.599999999999997E-05 -0.000513
vn 1 3.599999999999997E-05 -0.000513
vn 0.85931 3.700000000003132E-05 0.511456
vn 0.85931 3.800000000003132E-05 0.511456
vn 0.85931 3.700000000003132E-05 0.511456
vn 0.85931 3.700000000003132E-05 0.511456
vn 0.923247 2.7999999999976472E-05 -0.384208
vn 0.923245 2.9999999999976474E-05 -0.384211
vn 0.923247 2.7999999999976472E-05 -0.384208
vn 0.923247 2.7999999999976472E-05 -0.384208
vn 1 0 0
vn 1 0 0
vn 1 0 0
vn 1 0 0
vn 0.923247 -2.3525893638000358E-17 -0.384207
vn 0.923247 -2.3525893638000358E-17 -0.384207
vn 0.923247 -2.3525893638000358E-17 -0.384207
vn 0.923247 -2.3525893638000358E-17 -0.384207
vn 0.859311 3.1317525200555515E-17 0.511454
vn 0.859311 3.1317525200555515E-17 0.511454
vn 0.859311 3.1317525200555515E-17 0.511454
vn 0.859311 3.1317525200555515E-17 0.511454
vn 1 -3.141219039812961E-20 -0.000513
vn 1 -3.141219039812961E-20 -0.000513
vn 1 -3.141219039812961E-20 -0.000513
vn 1 -3.141219039812961E-20 -0.000513
vn 0.826538 -3.4466459515203113E-17 -0.56288
vn 0.826538 -3.4466459515203113E-17 -0.56288
vn 0.826538 -3.4466459515203113E-17 -0.56288
vn 0.826538 -3.4466459515203113E-17 -0.56288
vn 0.424739 -5.5434617080844264E-17 -0.905316
vn 0.424739 -5.5434617080844264E-17 -0.905316
vn 0.424739 -5.5434617080844264E-17 -0.905316
vn 0.424739 -5.5434617080844264E-17 -0.905316
vn -9.1E-05 -1 6.123233995736766E-17
vn -9.1E-05 -1 6.123233995736766E-17
vn -9.1E-05 -1 6.123233995736766E-17
vn -9.1E-05 -1 6.123233995736766E-17
vn -4.2E-05 -0.42473900000000003 -0.905316
vn -4.3E-05 -0.42474100000000004 -0.905315
vn -4.2E-05 -0.42473900000000003 -0.905316
vn -4.2E-05 -0.42473900000000003 -0.905316
vn -7.8E-05 -0.826537 -0.562882
vn -7.8E-05 -0.826537 -0.562882
vn -7.8E-05 -0.826537 -0.562882
vn -7.8E-05 -0.826537 -0.562882
vn -9.1E-05 -1 -0.0005119999999999387
vn -8.8E-05 -1 -0.0005149999999999388
vn -9.1E-05 -1 -0.0005119999999999387
vn -9.1E-05 -1 -0.0005119999999999387
vn -7.3E-05 -0.859312 0.511452
vn -7.5E-05 -0.859311 0.511453
vn -7.3E-05 -0.859312 0.511452
vn -7.3E-05 -0.859312 0.511452
vn -8.4E-05 -0.923247 -0.38420799999999994
vn -8.6E-05 -0.923247 -0.38420599999999994
vn -8.4E-05 -0.923247 -0.38420799999999994
vn -8.4E-05 -0.923247 -0.38420799999999994
vn -0.424739 -5.5434617080844264E-17 -0.905316
vn -0.424739 -5.5434617080844264E-17 -0.905316
vn -0.424739 -5.5434617080844264E-17 -0.905316
vn -0.424739 -5.5434617080844264E-17 -0.905316
vn -0.826539 -3.4466459515203113E-17 -0.56288
vn -0.826539 -3.4466459515203113E-17 -0.56288
vn -0.826539 -3.4466459515203113E-17 -0.56288
vn -0.826539 -3.4466459515203113E-17 -0.56288
vn -1 -3.141219039812961E-20 -0.000513
vn -1 -3.141219039812961E-20 -0.000513
vn -1 -3.141219039812961E-20 -0.000513
vn -1 -3.141219039812961E-20 -0.000513
vn -0.859309 3.1317647665235435E-17 0.511456
vn -0.85931 3.1317647665235435E-17 0.511456
vn -0.859309 3.1317647665235435E-17 0.511456
vn -0.859309 3.1317647665235435E-17 0.511456
vn -0.923246 -2.352607733502023E-17 -0.38421
vn -0.923246 -2.352607733502023E-17 -0.38421
vn -0.923246 -2.352607733502023E-17 -0.38421
vn -0.923246 -2.352607733502023E-17 -0.38421
vn -1 0 0
vn -1 0 0
vn -1 0 0
vn -1 0 0
vn 9.2E-05 -1 6.123233995736766E-17
vn 9.2E-05 -1 6.123233995736766E-17
vn 9.2E-05 -1 6.123233995736766E-17
vn 9.2E-05 -1 6.123233995736766E-17
vn 8.6E-05 -0.923247 -0.38420799999999994
vn 8.5E-05 -0.923247 -0.38420599999999994
vn 8.6E-05 -0.923247 -0.38420799999999994
vn 8.6E-05 -0.923247 -0.38420799999999994
vn 7.5E-05 -0.859312 0.511452
vn 7.4E-05 -0.859311 0.511453
vn 7.5E-05 -0.859312 0.511452
vn 7.5E-05 -0.859312 0.511452
vn 8.9E-05 -1 -0.0005119999999999387
vn 9.2E-05 -1 -0.0005149999999999388
vn 8.9E-05 -1 -0.0005119999999999387
vn 8.9E-05 -1 -0.0005119999999999387
vn 7.8E-05 -0.826537 -0.562882
vn 7.9E-05 -0.826537 -0.562882
vn 7.8E-05 -0.826537 -0.562882
vn 7.8E-05 -0.826537 -0.562882
vn 4.4E-05 -0.42473900000000003 -0.905316
vn 4.2E-05 -0.42474100000000004 -0.905315
vn 4.4E-05 -0.42473900000000003 -0.905316
vn 4.4E-05 -0.42473900000000003 -0.905316
vn -1 -2.2E-05 -5.9999999999999985E-06
vn -1 -6.3E-05 7.000000000000004E-06
vn -1 6.2E-05 5.999999999999997E-06
vn -1 2.2E-05 -6.000000000000002E-06
vn 0.492969 -0.870047 5.327501368288786E-17
vn 0.492968 -0.870047 5.327501368288786E-17
vn 0.492969 -0.870047 5.327501368288786E-17
vn 0.492969 -0.870047 5.327501368288786E-17
vn 1 1E-06 -6.123233995736766E-23
vn 1 0 0
vn 1 1E-06 -6.123233995736766E-23
vn 1 1E-06 -6.123233995736766E-23
vn 0.495013 0.868885 9.999999999467961E-07
vn 0.495014 0.868885 -5.32038617038574E-17
vn 0.495013 0.868885 9.999999999467961E-07
vn 0.495013 0.868885 9.999999999467961E-07
vn -0.492765 0.870163 -5.3282116634322915E-17
vn -0.492763 0.870164 -5.328217786666288E-17
vn -0.492765 0.870163 -5.3282116634322915E-17
vn -0.492765 0.870163 -5.3282116634322915E-17
vn -1 0 0
vn -1 0 0
vn -1 0 0
vn -1 0 0
vn -0.494281 -0.869302 5.322939558961962E-17
vn -0.494281 -0.869302 5.322939558961962E-17
vn -0.494281 -0.869302 5.322939558961962E-17
vn -0.494281 -0.869302 5.322939558961962E-17
vn -0.99941 -0.034342 1.0000000000002103E-05
vn -0.99941 -0.034343 1.0000000000002103E-05
vn -0.99941 -0.034342 1.0000000000002103E-05
vn -0.99941 -0.034342 1.0000000000002103E-05
vn -0.000254 -1 6.123233995736766E-17
vn -0.000254 -1 6.123233995736766E-17
vn -0.000254 -1 6.123233995736766E-17
vn -0.000254 -1 6.123233995736766E-17
vn -1 6.123233995736766E-22 1E-05
vn -1 6.123233995736766E-22 1E-05
vn -1 6.123233995736766E-22 1E-05
vn -1 6.123233995736766E-22 1E-05
vn 0.053689 -0.998558 -9.999999999388558E-07
vn 0.053689 -0.998558 -9.999999999388558E-07
vn 0.053689 -0.998558 -9.999999999388558E-07
vn 0.053689 -0.998558 -9.999999999388558E-07
vn 0.999994 -5.099999999999978E-05 0.003504
vn 0.999994 -4.599999999999978E-05 0.0035
vn 0.999994 -5.099999999999978E-05 0.003504
vn 0.999994 -5.6999999999999786E-05 0.003507
vn 1 0.000149 -9.12361865364778E-21
vn 1 0.00015 9.999999999999908E-07
vn 1 0.000149 -9.12361865364778E-21
vn 1 0.000148 -9.062386313690413E-21
vn 2.4E-05 -1 1.0000000000061233E-05
vn 2.4E-05 -1 1.0000000000061233E-05
vn 2.4E-05 -1 1.0000000000061233E-05
vn 2.4E-05 -1 1.0000000000061233E-05
vn 1 -3.1E-05 1.1000000000000001E-05
vn 1 -3.1E-05 1.0000000000000003E-05
vn 1 -3.1E-05 1.1000000000000001E-05
vn 1 -3.1E-05 1.1000000000000001E-05
vn -0.054168 0.998532 -1.0000000000611424E-06
vn -0.054168 0.998532 -1.0000000000611424E-06
vn -0.054168 0.998532 -1.0000000000611424E-06
vn -0.054168 0.998532 -1.0000000000611424E-06
vn -1 6.400000000000001E-05 0.000205
vn -1 0.000127 0.00022
vn -1 6.400000000000001E-05 0.000205
vn -1 6.400000000000001E-05 0.000205
vn -0 1 -6.123233995736766E-17
vn -0 1 -6.123233995736766E-17
vn -0 1 -6.123233995736766E-17
vn -0 1 -6.123233995736766E-17
vn -1 6.735557395310442E-22 1.1E-05
vn -1 6.123233995736766E-22 1E-05
vn -1 6.735557395310442E-22 1.1E-05
vn -1 6.735557395310442E-22 1.1E-05
vn -0 1 -6.123233995736766E-17
vn -0 1 -6.123233995736766E-17
vn -0 1 -6.123233995736766E-17
vn -0 1 -6.123233995736766E-17
vn -0 1 -6.123233995736766E-17
vn -0 1 -6.123233995736766E-17
vn -0 1 -6.123233995736766E-17
vn -0 1 -6.123233995736766E-17
vn 1 6.735557395310442E-22 1.1E-05
vn 1 6.123233995736766E-22 1E-05
vn 1 6.735557395310442E-22 1.1E-05
vn 1 6.735557395310442E-22 1.1E-05
vn -0 1 -6.123233995736766E-17
vn -0 1 -6.123233995736766E-17
vn -0 1 -6.123233995736766E-17
vn -0 1 -6.123233995736766E-17
vn -1 -0.000114 6.980486755139913E-21
vn -1 -0.000114 6.980486755139913E-21
vn -1 -0.000114 6.980486755139913E-21
vn -1 -0.000114 6.980486755139913E-21
vn 2E-06 1 -6.123233995736766E-17
vn 2E-06 1 -6.123233995736766E-17
vn 2E-06 1 -6.123233995736766E-17
vn 2E-06 1 -6.123233995736766E-17
vn 0.999961 0.008813 -5.396406120442812E-19
vn 0.999961 0.008813 -5.396406120442812E-19
vn 0.999961 0.008813 -5.396406120442812E-19
vn 0.999961 0.008813 -5.396406120442812E-19
vn 0 1 -6.123233995736766E-17
vn 0 1 -6.123233995736766E-17
vn 0 1 -6.123233995736766E-17
vn 0 1 -6.123233995736766E-17
vn -1 8.8E-05 8.999999999999995E-06
vn -1 9.7E-05 -5.939536975864663E-21
vn -1 8.8E-05 8.999999999999995E-06
vn -1 7.9E-05 1.7999999999999997E-05
vn 0.001256 0.999999 -2.0000000000612323E-06
vn 0.001257 0.999999 -6.12322787250277E-17
vn 0.001256 0.999999 -2.0000000000612323E-06
vn 0.001256 0.999999 -2.0000000000612323E-06
vn -0.000354 -1 6.123233995736766E-17
vn -0.000354 -1 6.123233995736766E-17
vn -0.000354 -1 6.123233995736766E-17
vn -0.000354 -1 6.123233995736766E-17
vn 0.001194 0.0003200000000000613 0.999999
vn 0.001194 -0.00031999999999993877 0.999999
vn 0.001194 -0.00031999999999993877 0.999999
vn 0.001194 -0.00031999999999993877 0.999999
vn -0 -1 6.123233995736766E-17
vn -0 -1 6.123233995736766E-17
vn -0 -1 6.123233995736766E-17
vn -0 -1 6.123233995736766E-17
vn 0.989663 0.141178 0.02522599999999999
vn 0.599457 0.800008 0.02527499999999995
vn 0.011607 -0.02934299999999994 0.999502
vn -0.144199 0.989226 0.02527799999999994
vn 0.011607 -0.02934299999999994 0.999502
vn -0.801444 0.597536 0.02526899999999996
vn 0.011607 -0.02934299999999994 0.999502
vn -0.989221 -0.144235 0.02525500000000001
vn 0.011607 -0.02934299999999994 0.999502
vn -0.597481 -0.801485 0.025240000000000047
vn 0.011607 -0.02934299999999994 0.999502
vn 0.144178 -0.98923 0.02523800000000006
vn 0.011607 -0.02934299999999994 0.999502
vn 0.801055 -0.598058 0.025248000000000038
vn 0.144178 -0.98923 0.02523800000000006
vn -1 6.2E-05 5.999999999999997E-06
vn -1 2.2E-05 -6.000000000000002E-06
vn -1 6.2E-05 5.999999999999997E-06
vn -1 6.2E-05 5.999999999999997E-06
vn 0 1 6.999999999938768E-06
vn 0 1 6.999999999938768E-06
vn 0 1 6.999999999938768E-06
vn 0 1 6.999999999938768E-06
vn 2E-05 1 1.1999999999938768E-05
vn 0 1 1.0999999999938768E-05
vn 2E-05 1 1.1999999999938768E-05
vn 2E-05 1 1.1999999999938768E-05
vn 0 1 1.4999999999938768E-05
vn 0 1 1.4999999999938768E-05
vn 0 1 1.4999999999938768E-05
vn 0 1 1.4999999999938768E-05
vn 0.001291 0.999999 -6.12322787250277E-17
vn 0.001453 0.999999 0.00024599999999993876
vn 0.001291 0.999999 -6.12322787250277E-17
vn 0.001291 0.999999 -6.12322787250277E-17
vn -0.99988 -0.015499 9.490400369992415E-19
vn -0.99988 -0.015499 9.490400369992415E-19
vn -0.99988 -0.015499 9.490400369992415E-19
vn -0.99988 -0.015499 9.490400369992415E-19
vn -2E-06 1 -6.123233995736766E-17
vn -2E-06 1 -6.123233995736766E-17
vn -2E-06 1 -6.123233995736766E-17
vn -2E-06 1 -6.123233995736766E-17
vn 1 -0.000194 1.1879073951729326E-20
vn 1 -0.000194 1.1879073951729326E-20
vn 1 -0.000194 1.1879073951729326E-20
vn 1 -0.000194 1.1879073951729326E-20
vn -0.001141 0.001700000000000061 0.999998
vn -0.001141 0.001700000000000061 0.999998
vn -0.000968 0.0015650000000000611 0.999998
vn -0.001141 0.001700000000000061 0.999998
vn -0.00067 0.999999 -0.0008660000000000613
vn -0.001339 0.999998 -0.001731000000000061
vn -0.00067 0.999999 -0.0008660000000000613
vn -0 1 -6.123233995736766E-17
vn 1 8.8E-05 8.999999999999995E-06
vn 1 9.7E-05 1.7999999999999994E-05
vn 1 8.8E-05 8.999999999999995E-06
vn 1 7.9E-05 -4.837354856632045E-21
vn 0.000339 -1 -9.999999999387675E-07
vn 0.000339 -1 6.123233995736766E-17
vn 0.000339 -1 -9.999999999387675E-07
vn 0.000339 -1 -9.999999999387675E-07
vn -0.001242 0.999999 -6.12322787250277E-17
vn -0.001242 0.999999 -6.12322787250277E-17
vn -0.001242 0.999999 -6.12322787250277E-17
vn -0.001242 0.999999 -6.12322787250277E-17
vn 0 1 -6.123233995736766E-17
vn 0 1 -6.123233995736766E-17
vn 0 1 -6.123233995736766E-17
vn 0 1 -6.123233995736766E-17
vn -0 -1 4.000000000061232E-06
vn -0 -1 4.000000000061232E-06
vn -0 -1 4.000000000061232E-06
vn -0 -1 4.000000000061232E-06
vn -0 -1 9.000000000061232E-06
vn -0 -1 9.000000000061232E-06
vn -0 -1 9.000000000061232E-06
vn -0 -1 9.000000000061232E-06
vn -0 -1 1.1000000000061232E-05
vn -0 -1 1.1000000000061232E-05
vn -0 -1 1.1000000000061232E-05
vn -0 -1 1.1000000000061232E-05
vn -0.001276 0.999999 -6.12322787250277E-17
vn -0.001453 0.999999 0.0002689999999999387
vn -0.001276 0.999999 -6.12322787250277E-17
vn -0.001276 0.999999 -6.12322787250277E-17
vn 0.568356 0.32808599999999993 -0.75454
vn 0.568356 0.32808499999999996 -0.754541
vn 0.568356 0.32808599999999993 -0.75454
vn 0.568356 0.32808599999999993 -0.75454
vn -0.294669 -0.17009700000000005 -0.940339
vn -0.294669 -0.17010000000000006 -0.940338
vn -0.294669 -0.17009700000000005 -0.940339
vn -0.294669 -0.17009700000000005 -0.940339
vn -0.568356 -0.3280870000000001 -0.75454
vn -0.568356 -0.3280870000000001 -0.75454
vn -0.568356 -0.3280870000000001 -0.75454
vn -0.568356 -0.3280870000000001 -0.75454
vn 0.294668 0.17009799999999994 -0.940339
vn 0.294668 0.17009599999999994 -0.940339
vn 0.294668 0.17009799999999994 -0.940339
vn 0.294668 0.17009799999999994 -0.940339
vn 0.866062 0.499936 -3.061225110892656E-17
vn 0.866063 0.499935 -3.06121898765866E-17
vn 0.866062 0.499936 -3.061225110892656E-17
vn 0.866062 0.499936 -3.061225110892656E-17
vn -0.86606 -0.499941 3.061255727062635E-17
vn -0.866061 -0.499939 3.0612434805946435E-17
vn -0.86606 -0.499941 3.061255727062635E-17
vn -0.86606 -0.499941 3.061255727062635E-17
vn 0 6.123233995736766E-17 1
vn 0 6.123233995736766E-17 1
vn 0 6.123233995736766E-17 1
vn 0 6.123233995736766E-17 1
vn 0.999594 0.028478 -5.0000000000017444E-06
vn 0.999594 0.028478 -6.000000000001744E-06
vn 0.999594 0.028478 -5.0000000000017444E-06
vn 0.999594 0.028478 -5.0000000000017444E-06
vn -7.8E-05 1 6.999999999938768E-06
vn -7.8E-05 1 8.999999999938768E-06
vn -7.8E-05 1 6.999999999938768E-06
vn -7.8E-05 1 6.999999999938768E-06
vn 1 -0.000128 -6.999999999999992E-06
vn 1 -0.000129 -8.999999999999992E-06
vn 1 -0.000128 -6.999999999999992E-06
vn 1 -0.000128 -6.999999999999992E-06
vn -0.002055 0.999998 6.999999999938768E-06
vn -0.002055 0.999998 6.999999999938768E-06
vn -0.002055 0.999998 6.999999999938768E-06
vn -0.002055 0.999998 6.999999999938768E-06
vn -1 -0.000142 1.000000000000001E-05
vn -1 -0.000141 7.000000000000008E-06
vn -1 -0.000142 1.000000000000001E-05
vn -1 -0.000142 1.000000000000001E-05
vn -1E-06 -1 -6.999999999938768E-06
vn -1E-06 -1 -8.999999999938768E-06
vn -1E-06 -1 -6.999999999938768E-06
vn -1E-06 -1 -6.999999999938768E-06
vn -1 5.5E-05 6.9999999999999965E-06
vn -1 5.5E-05 4.999999999999997E-06
vn -1 5.5E-05 6.9999999999999965E-06
vn -1 5.5E-05 6.9999999999999965E-06
vn -0.49993 -0.866066 1.0000000000530312E-06
vn -0.499935 -0.866063 5.303106404049771E-17
vn -0.49993 -0.866066 1.0000000000530312E-06
vn -0.49993 -0.866066 1.0000000000530312E-06
vn -1 1.5E-05 1.2999999999999998E-05
vn -1 1.8E-05 1.4999999999999999E-05
vn -1 1.5E-05 1.2999999999999998E-05
vn -1 1.2E-05 1E-05
vn 0.740588 0.671959 -4.1145621925412816E-17
vn 0.662467 0.749091 -4.5868594771004496E-17
vn 0.861757 0.507322 -3.106451317185168E-17
vn 0.906902 0.421341 -2.5799695349977248E-17
vn -0.00109 -0.999998 0.001790000000000061
vn -0.002284 -0.999991 0.0035720000000000612
vn -0.00109 -0.999998 0.001790000000000061
vn 0.000104 -1 8.000000000061232E-06
vn 0.001551 -0.999997 0.0018220000000000612
vn 0.003176 -0.999995 2.7000000000061233E-05
vn 0.001551 -0.999997 0.0018220000000000612
vn -7.3E-05 -0.999993 0.0036180000000000613
vn 0.943195 0.332241 -2.034389385977579E-17
vn 0.943195 0.332241 -2.034389385977579E-17
vn 0.906902 0.421341 -2.5799695349977248E-17
vn 0.861757 0.507322 -3.106451317185168E-17
vn 0 1 -6.123233995736766E-17
vn 0 1 -6.123233995736766E-17
vn 0 1 -6.123233995736766E-17
vn 0 1 -6.123233995736766E-17
vn -1 7.7E-05 -4.71489017671731E-21
vn -1 7.7E-05 -4.000000000000005E-06
vn -1 7.7E-05 -4.71489017671731E-21
vn -1 7.7E-05 -4.71489017671731E-21
vn -1 -5.4E-05 3.3065463576978536E-21
vn -1 -5.4E-05 3.3065463576978536E-21
vn -1 -5.4E-05 3.3065463576978536E-21
vn -1 -5.4E-05 3.3065463576978536E-21
vn 0.000104 -1 -1.9999999999387675E-06
vn 0.000104 -1 6.123233995736766E-17
vn 0.000104 -1 -1.9999999999387675E-06
vn 0.000104 -1 -1.9999999999387675E-06
vn -1 0 0
vn -1 -0 0
vn -1 0 0
vn -1 0 0
vn 1 7.8E-05 -4.000000000000005E-06
vn 1 7.8E-05 -4.7761225166746775E-21
vn 1 7.8E-05 -4.000000000000005E-06
vn 1 7.8E-05 -4.000000000000005E-06
vn -0 1 -6.123233995736766E-17
vn -0 1 -6.123233995736766E-17
vn -0 1 -6.123233995736766E-17
vn -0 1 -6.123233995736766E-17
vn 1 0 0
vn 1 0 0
vn 1 0 0
vn 1 0 0
vn -7.6E-05 -1 -1.9999999999387675E-06
vn -7.6E-05 -1 -1.9999999999387675E-06
vn -7.6E-05 -1 -1.9999999999387675E-06
vn -7.6E-05 -1 -1.9999999999387675E-06
vn -1 0.000128 -7.83773951454306E-21
vn -1 0.000128 -7.83773951454306E-21
vn -1 0.000128 -7.83773951454306E-21
vn -1 0.000128 -7.83773951454306E-21
vn 0.002055 -0.999998 6.123221749268775E-17
vn 0.002055 -0.999998 6.123221749268775E-17
vn 0.002055 -0.999998 6.123221749268775E-17
vn 0.002055 -0.999998 6.123221749268775E-17
vn 1 0.000141 -8.63375993398884E-21
vn 1 0.000141 -8.63375993398884E-21
vn 1 0.000141 -8.63375993398884E-21
vn 1 0.000141 -8.63375993398884E-21
vn 1E-06 1 -6.123233995736766E-17
vn 1E-06 1 -6.123233995736766E-17
vn 1E-06 1 -6.123233995736766E-17
vn 1E-06 1 -6.123233995736766E-17
vn 1 -5.9E-05 3.612708057484692E-21
vn 1 -5.9E-05 3.612708057484692E-21
vn 1 -5.9E-05 3.612708057484692E-21
vn 1 -5.9E-05 3.612708057484692E-21
vn 0 -1 6.123233995736766E-17
vn 0 -1 6.123233995736766E-17
vn 0 -1 6.123233995736766E-17
vn 0 -1 6.123233995736766E-17
vn 0.662467 0.749091 -4.5868594771004496E-17
vn 0.740588 0.671959 -4.1145621925412816E-17
vn 0.577427 0.816442 -4.999265409947317E-17
vn 0.577428 0.816442 -4.999265409947317E-17
vn 0 1 -0.0009690000000000613
vn 0 1 -0.0009690000000000613
vn 0 1 -0.0009690000000000613
vn 0 1 -0.0009690000000000613
vn 1 -3E-06 1.8369701987210298E-22
vn 1 -2E-06 1.2246467991473532E-22
vn 1 -3E-06 1.8369701987210298E-22
vn 1 -3E-06 1.8369701987210298E-22
vn 0.498076 -0.867133 5.309658264425209E-17
vn 0.498076 -0.867133 5.309658264425209E-17
vn 0.498076 -0.867133 5.309658264425209E-17
vn 0.498076 -0.867133 5.309658264425209E-17
vn 1 -6.8E-05 4.163799117101001E-21
vn 1 -6.8E-05 4.163799117101001E-21
vn 1 -6.8E-05 4.163799117101001E-21
vn 1 -6.8E-05 4.163799117101001E-21
vn 0.502018 0.864857 -5.2957217838509123E-17
vn 0.502018 0.864857 -5.2957217838509123E-17
vn 0.502018 0.864857 -5.2957217838509123E-17
vn 0.502018 0.864857 -5.2957217838509123E-17
vn -0.497973 0.867192 -5.3100195352309574E-17
vn -0.497973 0.867192 -5.3100195352309574E-17
vn -0.497973 0.867192 -5.3100195352309574E-17
vn -0.497973 0.867192 -5.3100195352309574E-17
vn -1 6.6E-05 -4.041334437186266E-21
vn -1 6.6E-05 -4.041334437186266E-21
vn -1 6.6E-05 -4.041334437186266E-21
vn -1 6.6E-05 -4.041334437186266E-21
vn -0.501911 -0.864919 5.2961014243586476E-17
vn -0.501911 -0.864919 5.2961014243586476E-17
vn -0.501911 -0.864919 5.2961014243586476E-17
vn -0.501911 -0.864919 5.2961014243586476E-17
vn 0.459946 -0.818401 -0.34448399999999996
vn 0.454572 -0.826628 -0.3317379999999999
vn 0.459946 -0.818401 -0.34448399999999996
vn 0.465202 -0.809962 -0.35714099999999993
vn 0.947703 -1.0000000000195425E-06 -0.319155
vn 0.947703 -1.9542484994413763E-17 -0.319153
vn 0.947703 -1.0000000000195425E-06 -0.319155
vn 0.947702 -2.0000000000195427E-06 -0.319157
vn 0.463638 0.816929 -0.34302600000000005
vn 0.4691 0.808078 -0.35630900000000004
vn 0.463638 0.816929 -0.34302600000000005
vn 0.458044 0.825548 -0.3296470000000001
vn -0.465806 0.809082 -0.3583450000000001
vn -0.464566 0.809086 -0.35994200000000004
vn -0.465806 0.809082 -0.3583450000000001
vn -0.467043 0.809075 -0.35674600000000006
vn -0.947703 1.999999999980457E-06 -0.319155
vn -0.947703 2.9999999999804578E-06 -0.319153
vn -0.947703 1.999999999980457E-06 -0.319155
vn -0.947702 9.999999999804572E-07 -0.319156
vn -0.468284 -0.809065 -0.3551389999999999
vn -0.46704 -0.809076 -0.35674999999999996
vn -0.468284 -0.809065 -0.3551389999999999
vn -0.469526 -0.809052 -0.35352599999999995
vn 0.481859 -0.876249 5.365477665530345E-17
vn 0.481859 -0.876249 5.365477665530345E-17
vn 0.481859 -0.876249 5.365477665530345E-17
vn 0.481859 -0.876249 5.365477665530345E-17
vn 0.485163 0.874424 -5.3543027634881256E-17
vn 0.485163 0.874424 -5.3543027634881256E-17
vn 0.485163 0.874424 -5.3543027634881256E-17
vn 0.485163 0.874424 -5.3543027634881256E-17
vn -1 3E-06 -1.8369701987210298E-22
vn -1 3E-06 -1.8369701987210298E-22
vn -1 3E-06 -1.8369701987210298E-22
vn -1 3E-06 -1.8369701987210298E-22
vn 0.492965 -0.870047 0.0018150000000000533
vn 0.492966 -0.870047 0.0018150000000000533
vn 0.492965 -0.870047 0.0018150000000000533
vn 0.492965 -0.870047 0.0018150000000000533
vn 0.999998 1.1199394978202545E-19 0.001829
vn 0.999998 1.000000000000112E-06 0.001829
vn 0.999998 1.1199394978202545E-19 0.001829
vn 0.999998 1.1199394978202545E-19 0.001829
vn 0.495006 0.868887 0.0019129999999999469
vn 0.495012 0.868884 0.0019109999999999468
vn 0.495006 0.868887 0.0019129999999999469
vn 0.495006 0.868887 0.0019129999999999469
vn -0.492763 0.870161 0.0019639999999999467
vn -0.492761 0.870162 0.0019629999999999466
vn -0.492763 0.870161 0.0019639999999999467
vn -0.492763 0.870161 0.0019639999999999467
vn -0.999998 1.1836211313759168E-19 0.001933
vn -0.999998 1.1836211313759168E-19 0.001933
vn -0.999998 1.1836211313759168E-19 0.001933
vn -0.999998 1.1836211313759168E-19 0.001933
vn -0.494281 -0.8693 0.001865000000000053
vn -0.494279 -0.869301 0.0018640000000000531
vn -0.494281 -0.8693 0.001865000000000053
vn -0.494281 -0.8693 0.001865000000000053
vn 0.829143 9.999999999657688E-07 -0.559036
vn 0.82914 -3.0000000000342316E-06 -0.559041
vn 0.829143 9.999999999657688E-07 -0.559036
vn 0.829143 9.999999999657688E-07 -0.559036
vn -0.829147 -3.4230776238707197E-17 -0.559031
vn -0.829145 2.999999999965769E-06 -0.559034
vn -0.829147 -3.4230776238707197E-17 -0.559031
vn -0.829147 -3.4230776238707197E-17 -0.559031
vn 0.498047 -0.86715 5.3097623594031363E-17
vn 0.498048 -0.86715 1.0000000000530975E-06
vn 0.498047 -0.86715 5.3097623594031363E-17
vn 0.498047 -0.86715 5.3097623594031363E-17
vn 1 0 0
vn 1 0 0
vn 1 0 0
vn 1 0 0
vn 0.50205 0.864838 9.999999999470439E-07
vn 0.502051 0.864838 -5.295605442404993E-17
vn 0.50205 0.864838 9.999999999470439E-07
vn 0.50205 0.864838 9.999999999470439E-07
vn -0.497942 0.86721 -5.310129753442881E-17
vn -0.497941 0.867211 -1.0000000000531013E-06
vn -0.497942 0.86721 -5.310129753442881E-17
vn -0.497942 0.86721 -5.310129753442881E-17
vn -1 1E-06 -6.123233995736766E-23
vn -1 1E-06 -6.123233995736766E-23
vn -1 1E-06 -6.123233995736766E-23
vn -1 1E-06 -6.123233995736766E-23
vn -0.50194 -0.864903 -9.999999999470399E-07
vn -0.501939 -0.864903 5.296003452614716E-17
vn -0.50194 -0.864903 -9.999999999470399E-07
vn -0.50194 -0.864903 -9.999999999470399E-07
vn 0 6.123233995736766E-17 1
vn 0 6.123233995736766E-17 1
vn 0 6.123233995736766E-17 1
vn 0 6.123233995736766E-17 1
vn 0 6.123233995736766E-17 1
vn 0 6.123233995736766E-17 1
vn 0 6.123233995736766E-17 1
vn 0 6.123233995736766E-17 1
vn 0 6.123233995736766E-17 1
vn 0 6.123233995736766E-17 1
vn 0 6.123233995736766E-17 1
vn 0 6.123233995736766E-17 1
vn 0 6.123233995736766E-17 1
vn 0 6.123233995736766E-17 1
vn 0 6.123233995736766E-17 1
vn 0 6.123233995736766E-17 1
vn 0 6.123233995736766E-17 1
vn 0 6.123233995736766E-17 1
vn 0 6.123233995736766E-17 1
vn 0 6.123233995736766E-17 1
vn 0 6.123233995736766E-17 1
vn 0 6.123233995736766E-17 1
vn 0 6.123233995736766E-17 1
vn 0 6.123233995736766E-17 1
vn 0 6.123233995736766E-17 1
vn 0 6.123233995736766E-17 1
vn 0 6.123233995736766E-17 1
vn 0 6.123233995736766E-17 1
vn 0 6.123233995736766E-17 1
vn 0 6.123233995736766E-17 1
vn 0 6.123233995736766E-17 1
vn 0 6.123233995736766E-17 1
vn 0.464468 0.792895 0.39444399999999996
vn 0.232234 0.88909 0.39444399999999996
vn 0.792896 0.464467 0.39444399999999996
vn 0.88909 0.23223400000000002 0.394443
vn -0.232233 0.88909 0.39444399999999996
vn -0.464468 0.792896 0.39444299999999993
vn 0.232234 0.88909 0.39444399999999996
vn 0.464468 0.792895 0.39444399999999996
vn -0.792896 0.464468 0.39444299999999993
vn -0.889091 0.23223400000000002 0.394443
vn -0.464468 0.792896 0.39444299999999993
vn -0.232233 0.88909 0.39444399999999996
vn -0.889091 -0.23223399999999997 0.394443
vn -0.792896 -0.464468 0.3944440000000001
vn -0.889091 0.23223400000000002 0.394443
vn -0.792896 0.464468 0.39444299999999993
vn -0.464467 -0.792896 0.39444500000000005
vn -0.232233 -0.88909 0.3944460000000001
vn -0.792896 -0.464468 0.3944440000000001
vn -0.889091 -0.23223399999999997 0.394443
vn 0.232234 -0.889089 0.3944460000000001
vn 0.464467 -0.792896 0.39444500000000005
vn -0.232233 -0.88909 0.3944460000000001
vn -0.464467 -0.792896 0.39444500000000005
vn 0.792896 -0.464468 0.3944440000000001
vn 0.88909 -0.23223399999999997 0.394443
vn 0.464467 -0.792896 0.39444500000000005
vn 0.232234 -0.889089 0.3944460000000001
vn 0.88909 0.23223400000000002 0.394443
vn 0.792896 0.464467 0.39444399999999996
vn 0.88909 -0.23223399999999997 0.394443
vn 0.792896 -0.464468 0.3944440000000001
vn 0.707107 0.707107 -4.329781621023438E-17
vn 0.707107 0.707107 -2.0000000000432977E-06
vn 0.707107 0.707107 -4.329781621023438E-17
vn 0.707107 0.707107 -4.329781621023438E-17
vn 0 1 -6.123233995736766E-17
vn 0 1 -6.123233995736766E-17
vn 0 1 -6.123233995736766E-17
vn 0 1 -6.123233995736766E-17
vn -0.707106 0.707108 -4.329787744257433E-17
vn -0.707106 0.707108 -4.329787744257433E-17
vn -0.707106 0.707108 -4.329787744257433E-17
vn -0.707106 0.707108 -4.329787744257433E-17
vn -1 0 0
vn -1 0 0
vn -1 0 0
vn -1 0 0
vn -0.707106 -0.707107 4.329781621023438E-17
vn -0.707106 -0.707107 4.329781621023438E-17
vn -0.707106 -0.707107 4.329781621023438E-17
vn -0.707106 -0.707107 4.329781621023438E-17
vn 0 -1 6.123233995736766E-17
vn 0 -1 6.123233995736766E-17
vn 0 -1 6.123233995736766E-17
vn 0 -1 6.123233995736766E-17
vn 0.707107 -0.707107 2.0000000000432977E-06
vn 0.707107 -0.707107 4.329781621023438E-17
vn 0.707107 -0.707107 2.0000000000432977E-06
vn 0.707107 -0.707107 2.0000000000432977E-06
vn 1 -1.8369701987210298E-22 -3E-06
vn 1 1.8369701987210298E-22 3E-06
vn 1 -1.8369701987210298E-22 -3E-06
vn 1 -1.8369701987210298E-22 -3E-06
vn 0 6.123233995736766E-17 1
vn 0 6.123233995736766E-17 1
vn 0 6.123233995736766E-17 1
vn 0 6.123233995736766E-17 1
vn 0 -1 5.000000000061232E-06
vn 0 -1 5.000000000061232E-06
vn 0 -1 5.000000000061232E-06
vn 0 -1 5.000000000061232E-06
vn -1 6.400000000000001E-05 0.000205
vn -1 0.000127 0.00022
vn -1 6.400000000000001E-05 0.000205
vn -1 6.400000000000001E-05 0.000205
vn 0.002204 -0.999998 1.3000000000061231E-05
vn 0.002182 -0.999998 -9.999999999387677E-07
vn 0.002204 -0.999998 1.3000000000061231E-05
vn 0.002226 -0.999998 2.7000000000061233E-05
vn 1 2.2E-05 -6.000000000000002E-06
vn 1 6.3E-05 6.999999999999996E-06
vn 1 -6.2E-05 6.0000000000000035E-06
vn 1 -2.2E-05 -5.9999999999999985E-06
vn 1 -6.2E-05 6.0000000000000035E-06
vn 1 -2.2E-05 -5.9999999999999985E-06
vn 1 -6.2E-05 6.0000000000000035E-06
vn 1 -6.2E-05 6.0000000000000035E-06
vn 0.176593 -0.984284 1.00000000006027E-06
vn 0.435679 -0.900102 1.0000000000551153E-06
vn -0.231659 -0.972797 1.0000000000595665E-06
vn -0.38438 -0.923175 1.0000000000565282E-06
vn -0.721415 -0.692503 1.0000000000424035E-06
vn -0.881539 -0.472111 1.0000000000289083E-06
vn -0.996772 -0.08029 4.9163445751770495E-18
vn -0.996771 0.080291 -4.916405807517007E-18
vn -0.881539 0.472112 -2.890852248195276E-17
vn -0.721415 0.692503 -4.240357911749698E-17
vn -0.384381 0.923175 -5.652816544014288E-17
vn -0.231659 0.972797 -5.956663661350739E-17
vn 0.176593 0.984284 -6.027001250259767E-17
vn 0.43568 0.900102 -5.5115351660306545E-17
vn 0.759211 0.650844 -1.0000000000398526E-06
vn 0.853599 0.520931 -1.0000000000318977E-06
vn 0.99068 0.136211 -8.340518257933006E-18
vn 0.99068 -0.136207 8.340273328573176E-18
vn 0.853599 -0.52093 3.189776285399153E-17
vn 0.759212 -0.650844 1.0000000000398526E-06
vn 0.435679 -0.900102 1.0000000000551153E-06
vn 0.176593 -0.984284 1.00000000006027E-06
vn -0.807766 0.587424 -0.04947200000000004
vn -0.096681 0.994688 -0.03533000000000006
vn -0.610835 0.791249 -0.028369000000000047
vn -0.975881 0.215425 -0.03532800000000001
vn -0.941281 -0.33643 -0.02836799999999998
vn -0.808288 -0.586706 -0.049470999999999966
vn -0.506446 -0.861548 -0.03532799999999994
vn 0.029091 -0.999174 -0.028368999999999936
vn 0.308215 -0.95003 -0.04947199999999995
vn 0.66288 -0.747892 -0.03532799999999995
vn 0.959261 -0.281095 -0.028367999999999984
vn 0.998775 -0.000445000000000003 -0.049472
vn 0.916129 0.399324 -0.03532900000000003
vn 0.563767 0.825446 -0.02836900000000005
vn 0.309065 0.949753 -0.04947300000000006
vn -0.096681 0.994688 -0.03533000000000006
vn -0.610835 0.791249 -0.028369000000000047
vn 1 1.2246467991473532E-22 2E-06
vn 1 1.2246467991473532E-22 2E-06
vn 1 5.3E-05 2.1999999999999996E-05
vn 1 -9.999999999999995E-07 7E-06
vn 1 -9.999999999999995E-07 7E-06
vn 1 -9.999999999999995E-07 7E-06
vn 0.176592 -0.984284 1.00000000006027E-06
vn 0.435679 -0.900102 1.0000000000551153E-06
vn -0.231661 -0.972797 1.0000000000595665E-06
vn -0.384382 -0.923174 1.000000000056528E-06
vn -0.721415 -0.692503 1.0000000000424035E-06
vn -0.881539 -0.472112 2.890852248195276E-17
vn -0.996772 -0.080291 4.916405807517007E-18
vn -0.996771 0.080291 -4.916405807517007E-18
vn -0.881538 0.472112 -2.890852248195276E-17
vn -0.721416 0.692502 -4.2403517885157014E-17
vn -0.384381 0.923174 9.99999999943472E-07
vn -0.231659 0.972797 -5.956663661350739E-17
vn 0.176593 0.984284 -6.027001250259767E-17
vn 0.435679 0.900102 -5.5115351660306545E-17
vn 0.759211 0.650845 -3.985276229955296E-17
vn 0.853599 0.520931 -1.0000000000318977E-06
vn 0.99068 0.13621 -8.340457025593049E-18
vn 0.99068 -0.136208 8.340334560913135E-18
vn 0.853599 -0.52093 3.189776285399153E-17
vn 0.759212 -0.650844 3.9852701067212994E-17
vn 0.435679 -0.900102 1.0000000000551153E-06
vn 0.176592 -0.984284 1.00000000006027E-06
vn -0.49723 -0.861008 0.10690200000000005
vn -0.994276 -0.00013999999999999346 0.106839
vn 6E-06 -0.00021300000000006123 -1
vn -0.497369 0.860926 0.10691399999999994
vn 0.497392 0.860913 0.10691599999999994
vn -0.497226 -0.86101 0.10690000000000005
vn -0.994276 -0.00014199999999999348 0.10684
vn 1.4E-05 -0.00021400000000006123 -1
vn -0.497363 0.860929 0.10691699999999994
vn 0.497397 0.860909 0.10691799999999994
vn -0.123053 -0.9924 6.076697417369166E-17
vn 0.150453 -0.988617 6.053533223163294E-17
vn -0.592622 -0.805481 4.932148642120046E-17
vn -0.788693 -0.614787 3.764484658537019E-17
vn -0.988602 -0.150553 9.218712477601573E-18
vn -0.992406 0.123003 -7.531761511776094E-18
vn -0.805474 0.592632 -3.6288244093614716E-17
vn -0.614744 0.788727 -2.0000000000482956E-06
vn -0.150501 0.98861 -1.0000000000605349E-06
vn 0.123035 0.992402 -1.0000000000607672E-06
vn 0.593834 0.804588 9.999999999507331E-07
vn 0.790775 0.612106 -3.748068268194449E-17
vn 0.989167 0.146797 -8.9887238087217E-18
vn 0.992106 -0.125404 7.678780360013733E-18
vn 0.804921 -0.593383 3.633422958092269E-17
vn 0.614392 -0.789001 4.831237745870304E-17
vn 0.150453 -0.988617 6.053533223163294E-17
vn -0.123053 -0.9924 6.076697417369166E-17
vn -0.499938 0.866061 9.99999999946969E-07
vn -0.499936 0.866062 -5.303100280815775E-17
vn -0.499936 0.866062 -5.303100280815775E-17
vn -0.499936 0.866062 -5.303100280815775E-17
vn -0.49994 0.86606 -5.303088034347784E-17
vn -0.499941 0.866059 -5.303081911113788E-17
vn -0.499935 0.866063 9.99999999946969E-07
vn -0.499939 0.866061 -5.303094157581779E-17
vn -0.499927 0.866068 1.9999999999469684E-06
vn -0.499939 0.866061 -5.303094157581779E-17
vn -0.499936 0.866062 -5.303100280815775E-17
vn 8E-06 0.00022900000000006124 1
vn 0 4.000000000061232E-06 1
vn 0.000237 6.123233995736766E-17 1
vn 0.000568 -4.699999999993877E-05 1
vn -1E-06 0.0005210000000000612 1
vn -0 0.0005390000000000612 1
vn -0.000538 6.123233995736766E-17 1
vn -0.000398 -8.999999999938768E-06 1
vn -0 -0.00040699999999993877 1
vn 4.3E-05 -0.00018899999999993878 1
vn -0.000147 6.123233995736766E-17 1
vn 7E-06 -9.999999999938769E-06 1
vn 7E-06 -9.999999999938769E-06 1
vn 7E-06 -9.999999999938769E-06 1
vn -1E-06 -1.9999999999938768E-05 1
vn -1E-06 -1.9999999999938768E-05 1
vn -1E-06 -1.9999999999938768E-05 1
vn -3E-06 -5.999999999938768E-06 1
vn 1.7E-05 1.2000000000061232E-05 1
vn 1.7E-05 1.2000000000061232E-05 1
vn 1.7E-05 1.2000000000061232E-05 1
vn 6E-05 6.123233995736766E-17 1
vn -0 0.0003400000000000613 1
vn -0.000117 6.123233995736766E-17 1
vn -2E-06 4.000000000061232E-06 1
vn -0.000117 6.123233995736766E-17 1
vn -2E-06 4.000000000061232E-06 1
vn -7E-06 2.0000000000612323E-06 1
vn 3E-06 4.000000000061232E-06 1
vn 3E-06 4.000000000061232E-06 1
vn 3E-06 4.000000000061232E-06 1
vn 1E-06 6.123233995736766E-17 1
vn -0 1.0000000000612324E-06 1
vn 1E-06 6.123233995736766E-17 1
vn 1E-06 6.123233995736766E-17 1
vn 0 -9.999999999387675E-07 1
vn 0 -9.999999999387675E-07 1
vn 0 6.123233995736766E-17 1
vn -0.000409 -9.999999999938769E-06 1
vn -4E-06 7.000000000061232E-06 1
vn 3E-05 -5.299999999993877E-05 1
vn 3E-05 -5.299999999993877E-05 1
vn -0.000409 -9.999999999938769E-06 1
vn 3E-05 -5.299999999993877E-05 1
vn -0.000167 6.123233995736766E-17 1
vn 3E-05 -5.299999999993877E-05 1
vn -0.000114 -8.999999999938768E-06 1
vn 3E-05 -5.299999999993877E-05 1
vn -1.7E-05 3.100000000006123E-05 1
vn 3.3E-05 -0.00012099999999993877 1
vn 1E-06 0.00012100000000006123 1
vn 1.8E-05 3.100000000006123E-05 1
vn 0.000202 -4.799999999993877E-05 1
vn 0.000202 -4.799999999993877E-05 1
vn 0.000202 -4.799999999993877E-05 1
vn 8E-06 2.0000000000612323E-06 1
vn -0.966349 0.2191 -0.13478
vn -0.983655 0.155796 -0.09028200000000002
vn -0.947458 0.29942 -0.11256300000000001
vn -0.885666 0.442314 -0.14125700000000002
vn -0.804699 0.584648 -0.10318400000000004
vn -0.690924 0.708416 -0.14412100000000005
vn -0.583336 0.801557 -0.13124500000000006
vn -0.515933 0.841056 -0.16260000000000005
vn -0.484127 0.863997 -0.13831100000000005
vn 0.001163 0.824837 0.56537
vn -0.711777 0.41431400000000007 0.567202
vn -0.780051 0.454108 0.43047199999999997
vn 0.001178 0.935697 0.3528009999999999
vn 0.001557 -0.00024099999999993877 0.999999
vn 0 6.123233995736766E-17 1
vn 0 6.123233995736766E-17 1
vn 0 6.123233995736766E-17 1
vn 0 6.123233995736766E-17 1
vn 0 6.123233995736766E-17 1
vn 0 6.123233995736766E-17 1
vn 0 6.123233995736766E-17 1
vn 0 6.123233995736766E-17 1
vn 0 6.123233995736766E-17 1
vn 0 6.123233995736766E-17 1
vn 0 6.123233995736766E-17 1
vn 0 6.123233995736766E-17 1
vn 0 6.123233995736766E-17 1
vn 0 6.123233995736766E-17 1
vn 0 6.123233995736766E-17 1
vn 0 6.123233995736766E-17 1
vn -0.252725 0.967538 1.9999999999407555E-06
vn -0.50545 0.862856 -3.0000000000528346E-06
vn 0.252725 0.967538 2.9999999999407556E-06
vn 0.505449 0.862856 9.999999999471652E-07
vn 0.862856 0.50545 -1.00000000003095E-06
vn 0.967538 0.252725 -3.000000000015475E-06
vn 0.967538 -0.252725 1.547494311572574E-17
vn 0.862856 -0.50545 2.0000000000309496E-06
vn 0.707106 -0.707107 3.000000000043298E-06
vn 0.707107 -0.707107 6.000000000043298E-06
vn -0.50545 0.862856 -3.0000000000528346E-06
vn -0.252725 0.967538 1.9999999999407555E-06
vn -0.862856 0.505449 -5.00000000003095E-06
vn -0.967538 0.252725 -5.000000000015476E-06
vn -0.967538 -0.252725 -1.999999999984525E-06
vn -0.862856 -0.505449 1.0000000000309497E-06
vn -0.707107 -0.707107 2.0000000000432977E-06
vn -0.707107 -0.707107 4.000000000043298E-06
vn 1E-06 0.99091 -0.13452900000000007
vn 2E-06 1 -0.0003110000000000613
vn 2E-06 1 -0.00031000000000006126
vn 1E-06 0.963212 -0.26874200000000004
vn 2E-06 0.963161 -0.26892400000000005
vn 2E-06 0.990857 -0.13491500000000006
vn 2E-06 1 -0.0008890000000000613
vn 1E-06 1 -0.0008890000000000613
vn 5E-06 -0.00021300000000006123 -1
vn -0.497229 -0.861008 0.10690400000000005
vn -0.994276 -0.00013999999999999346 0.106839
vn -0.497372 0.860925 0.10691199999999994
vn 0.497388 0.860915 0.10691399999999994
vn -1 6.1E-05 -3.7351727373994276E-21
vn -1 -6.1E-05 3.7351727373994276E-21
vn -1 -6.1E-05 3.7351727373994276E-21
vn -1 6.1E-05 -3.7351727373994276E-21
vn -1 6.1E-05 -3.7351727373994276E-21
vn -1 6.1E-05 -3.7351727373994276E-21
vn 8E-06 -0.00021100000000006124 -1
vn -0.497227 -0.86101 0.10689900000000005
vn -0.994276 -0.00013799999999999346 0.106839
vn -0.497368 0.860926 0.10691699999999994
vn 0.497391 0.860913 0.10691999999999995
vn 1E-05 -0.00021100000000006124 -1
vn -0.497227 -0.86101 0.10690000000000005
vn -0.994276 -0.00013799999999999346 0.106839
vn -0.497365 0.860928 0.10691599999999994
vn 0.497392 0.860912 0.10691899999999994
vn 0.647937 0.761694 -1.0000000000466403E-06
vn -0.524192 0.8516 -1.0000000000521454E-06
vn -0.076478 0.997071 -1.000000000061053E-06
vn 0.924638 0.380847 -1.00000000002332E-06
vn 0.924638 -0.380847 2.33201529757436E-17
vn 0.647936 -0.761695 -9.999999999533596E-07
vn -0.076478 -0.997071 6.105299043363253E-17
vn -0.524191 -0.851601 5.214552194003426E-17
vn -0.971904 -0.235378 1.4412745714485286E-17
vn -0.971905 0.235376 -1.441262324980537E-17
vn -0.524192 0.8516 -1.0000000000521454E-06
vn -0.076478 0.997071 -1.000000000061053E-06
vn 1 6E-05 -4.000000000000003E-06
vn 1 -6.4E-05 -3.999999999999996E-06
vn 1 -6.4E-05 -3.999999999999996E-06
vn 1 5.9E-05 -3.612708057484692E-21
vn 1 5.9E-05 -3.612708057484692E-21
vn 1 5.9E-05 -3.612708057484692E-21
vn -0.211378 -0.977404 5.984873400369098E-17
vn -0.164903 -0.98631 6.03940692233513E-17
vn -0.024519 -0.999699 6.12139090230405E-17
vn -0.302007 -0.953306 5.837315707539833E-17
vn -0.44608 -0.894993 5.480251563546436E-17
vn -0.44608 -0.894993 5.480251563546436E-17
vn -0.663667 -0.748028 4.580350479362982E-17
vn -0.741117 -0.671376 4.110992347121767E-17
vn -0.896927 -0.442179 2.7075654850008875E-17
vn -0.896927 -0.442178 2.7075593617668918E-17
vn -0.958889 -0.28378 1.7376513433101793E-17
vn -0.958889 -0.28378 1.7376513433101793E-17
vn 0.000103 -1 4.500000000006123E-05
vn 0 -1 0.00013600000000006123
vn 0.000154 -1 6.800000000006123E-05
vn -0 -1 4.600000000006123E-05
vn -0.000154 -1 6.800000000006123E-05
vn -0.000308 -1 0.00013700000000006123
vn -0.649504 0.760358 -4.700000000004656E-05
vn -0.556407 0.83091 -0.00013900000000005087
vn -0.556343 0.830953 -7.000000000005087E-05
vn -0.734887 0.67819 -4.152716063568717E-17
vn -0.896927 0.442178 -1.0000000000270756E-06
vn -0.931508 0.36372 -2.2271426689293766E-17
vn -0.95889 0.28378 -1.0000000000173764E-06
vn -0.958889 0.28378 -1.0000000000173764E-06
vn -0.958889 0.28378 -1.7376513433101793E-17
vn 0.000295 -1 6.123233995736766E-17
vn -0.000295 -1 6.123233995736766E-17
vn -0.000295 -1 6.123233995736766E-17
vn 0.000295 -1 6.123233995736766E-17
vn 0.000295 -1 6.123233995736766E-17
vn 0.000295 -1 6.123233995736766E-17
vn 0 6.123233995736766E-17 1
vn 6E-06 -1.9999999999387675E-06 1
vn 5E-06 -3.999999999938768E-06 1
vn 0 6.123233995736766E-17 1
vn -9E-06 1.1000000000061232E-05 1
vn -5E-06 1.3000000000061231E-05 1
vn -5E-06 1.3000000000061231E-05 1
vn -5E-06 1.3000000000061231E-05 1
vn -0.966349 -0.219099 -0.13478
vn -0.947458 -0.29942 -0.11256399999999998
vn -0.983655 -0.155796 -0.09028299999999999
vn -0.885666 -0.442314 -0.14125699999999997
vn -0.804699 -0.584648 -0.10318499999999996
vn -0.697879 -0.702737 -0.13829299999999994
vn -0.581792 -0.806542 -0.10491999999999994
vn -0.444129 -0.884064 -0.14553699999999994
vn -0.304574 -0.945056 -0.11875999999999995
vn -0.160061 -0.975191 -0.15291199999999994
vn -0.012076 -0.991545 -0.12920299999999996
vn -0.024122 -0.983657 -0.17842899999999995
vn 0.148547 -0.978594 -0.14243099999999995
vn 0.308766 -0.945019 -0.10771199999999995
vn 0.45451 -0.878379 -0.14788699999999994
vn 0.587392 -0.800626 -0.11819399999999994
vn 0.701575 -0.695128 -0.15681399999999995
vn 0.802665 -0.58317 -0.12506699999999998
vn 0.876695 -0.455562 -0.15449599999999997
vn 0.939284 -0.317889 -0.12919999999999998
vn 0.928061 -0.326908 -0.17842299999999997
vn 0.962253 -0.242871 -0.12280999999999999
vn 0.985548 -0.156095 -0.06580699999999999
vn 0.465792 0.876026 -0.12496500000000006
vn 0.583395 0.799982 -0.14028100000000004
vn 0.51706 0.840098 -0.16396300000000005
vn 0.694819 0.70052 -0.16278200000000007
vn 0.802665 0.58317 -0.12506700000000004
vn 0.876695 0.455562 -0.15449600000000002
vn 0.939284 0.317889 -0.12920000000000004
vn 0.928061 0.326908 -0.17842300000000003
vn 0.962253 0.242871 -0.12281000000000002
vn 0.985548 0.156094 -0.06580700000000002
vn 0.780268 -0.454129 0.43005600000000005
vn 0.738564 0.544097 0.39809799999999995
vn 0.001557 -0.00024099999999993877 0.999999
vn 0.783445 0.27243600000000007 0.558563
vn 0.712214 -0.41449699999999995 0.566519
vn 0.738564 0.544097 0.39809799999999995
vn 0.001178 0.935697 0.3528009999999999
vn 0.001557 -0.00024099999999993877 0.999999
vn 0.001163 0.824837 0.56537
vn 0.783445 0.27243600000000007 0.558563
vn -0.780051 0.454108 0.43047199999999997
vn -0.738152 -0.544434 0.39840000000000003
vn 0.001557 -0.00024099999999993877 0.999999
vn -0.783085 -0.27261699999999994 0.558979
vn -0.711777 0.41431400000000007 0.567202
vn -0.738152 -0.544434 0.39840000000000003
vn -0.000644 -0.935672 0.3528720000000001
vn 0.001557 -0.00024099999999993877 0.999999
vn -0.00063 -0.825195 0.564847
vn -0.783085 -0.27261699999999994 0.558979
vn 0.712214 -0.41449699999999995 0.566519
vn 0.780268 -0.454129 0.43005600000000005
vn -0.000644 -0.935672 0.3528720000000001
vn 0.001557 -0.00024099999999993877 0.999999
vn -2E-06 0.979363 -0.20211100000000007
vn -2E-06 1 -0.00031000000000006126
vn -2E-06 1 -0.00031000000000006126
vn -2E-06 0.979363 -0.20211100000000007
vn -2E-06 0.979304 -0.20239400000000005
vn -2E-06 0.979304 -0.20239400000000005
vn -2E-06 1 -0.0008890000000000613
vn -2E-06 1 -0.0008890000000000613
vn -1 -9.999999999999993E-07 1E-05
vn -1 7.3E-05 2.8999999999999997E-05
vn -1 6.735557395310442E-22 1.1E-05
vn -1 -0.000398 3.0000000000000246E-06
vn -1 6.735557395310442E-22 1.1E-05
vn -1 6.735557395310442E-22 1.1E-05
vn -1E-06 -9.999999999387675E-07 1
vn -1E-06 -9.999999999387675E-07 1
vn -1E-06 -9.999999999387675E-07 1
vn -2E-06 4.000000000061232E-06 1
vn -2E-06 4.000000000061232E-06 1
vn -2E-06 4.000000000061232E-06 1
vn -0 6.123233995736766E-17 1
vn 0.093279 -0.981336 -0.16816099999999995
vn -0.114767 -0.925644 -0.3605709999999999
vn 0.573051 -0.7359 -0.36064299999999994
vn 0.759353 -0.628553 -0.16823799999999997
vn 0.001442 -0.005570999999999939 0.999983
vn 0.925391 -0.11693100000000002 -0.360526
vn 0.981683 0.08987399999999998 -0.167992
vn 0.737541 0.570799 -0.36086300000000004
vn -0.627926 -0.75989 -0.16815299999999994
vn 0.093279 -0.981336 -0.16816099999999995
vn -0.114767 -0.925644 -0.3605709999999999
vn -0.735632 -0.57341 -0.36061799999999994
vn 0.629379 0.758617 -0.16847100000000007
vn 0.001442 -0.005570999999999939 0.999983
vn 0.114703 0.925457 -0.36107100000000003
vn -0.981322 -0.09332100000000002 -0.168222
vn 0.001442 -0.005570999999999939 0.999983
vn -0.925568 0.11469199999999997 -0.360791
vn -0.093287 0.981298 -0.16837900000000006
vn 0.001442 -0.005570999999999939 0.999983
vn -0.573302 0.735543 -0.3609740000000001
vn -0.759853 0.627929 -0.16831000000000002
vn 0.001442 -0.005570999999999939 0.999983
vn 0.001442 -0.005570999999999939 0.999983
vn 0 6.123233995736766E-17 1
vn 0 6.123233995736766E-17 1
vn 0 6.123233995736766E-17 1
vn 0 6.123233995736766E-17 1
vn 0 6.123233995736766E-17 1
vn 0 6.123233995736766E-17 1
vn -0.499938 0.866061 -5.303094157581779E-17
vn -0.499941 0.86606 -1.0000000000530308E-06
vn -0.499939 0.866061 9.99999999946969E-07
vn -0.499943 0.866058 -1.0000000000530308E-06
vn -0.499927 0.866068 1.9999999999469684E-06
vn -0.499939 0.866061 9.99999999946969E-07
vn -0.499939 0.866061 9.99999999946969E-07
vn -1 9.999999999999997E-07 -3E-06
vn -1 0.000323 0.00013299999999999998
vn -1 -0.000112 1.6000000000000006E-05
vn -1 -3.3E-05 -1.0999999999999998E-05
vn -1 9.6E-05 -0.000104
vn -1 -4E-06 -4E-06
vn -1 9.999999999999997E-07 -3E-06
vn -1 9.999999999999997E-07 -3E-06
vn 0 6.123233995736766E-17 1
vn 0 6.123233995736766E-17 1
vn 0 6.123233995736766E-17 1
vn 0 6.123233995736766E-17 1
vn 0 6.123233995736766E-17 1
vn 0 6.123233995736766E-17 1
vn 0 6.123233995736766E-17 1
vn 0 6.123233995736766E-17 1
vn -0.773515 -0.561992 -0.29298499999999994
vn -0.29731 -0.915024 -0.2726489999999999
vn -0.59435 -0.804206 -0.0007579999999999508
vn -0.94851 -0.316748 -0.0007579999999999806
vn -0.962114 -1.000000000016695E-06 -0.272649
vn -0.94851 0.316746 -0.0007580000000000194
vn -0.773516 0.56199 -0.29298500000000005
vn -0.723606 -0.525732 0.44721400000000006
vn -0.59435 0.804206 -0.0007570000000000492
vn -0.297309 0.915025 -0.27264700000000003
vn -0.850651 -9.999999999678083E-07 0.525731
vn -0.723607 0.525731 0.44721399999999994
vn 0.008138 0.999967 -0.0007580000000000613
vn 0.295457 0.909321 -0.2929840000000001
vn -0.262866 0.809017 0.525731
vn -0.425326 0.30901700000000004 0.850651
vn 0.581182 0.813774 -0.0007590000000000499
vn 0.778366 0.565515 -0.27265100000000003
vn 0.276393 0.850651 0.44721299999999997
vn 0.16246 0.5 0.850651
vn 0.688191 0.4999990000000001 0.525732
vn 0.95354 0.301266 -0.0007580000000000184
vn 0.956117 -1.7940157122409365E-17 -0.292985
vn 0.525732 5.208735121707476E-17 0.850651
vn 0.95354 -0.301267 -0.0007569999999999815
vn 0.778366 -0.565516 -0.2726489999999999
vn 0.894427 2.738395968169422E-17 0.447214
vn 0.581181 -0.813774 -0.0007579999999999501
vn 0.688191 -0.49999999999999994 0.525731
vn -0 6.123233995736766E-17 1
vn 0.16246 -0.49999999999999994 0.850651
vn -0.425325 -0.30901699999999993 0.850651
vn 0.276393 -0.850651 0.44721400000000006
vn -0.262865 -0.809017 0.525731
vn 0.008138 -0.999967 -0.0007579999999999387
vn -0.29731 -0.915024 -0.2726489999999999
vn 0.295456 -0.909322 -0.29298399999999997
vn 0.778366 -0.565516 -0.2726489999999999
vn -0.773515 0.561992 -0.2929840000000001
vn -0.962113 -1.000000000016695E-06 -0.27265
vn -0.94851 0.316747 -0.0007570000000000194
vn -0.594349 0.804207 -0.0007560000000000493
vn -0.297309 0.915025 -0.27264800000000006
vn 0.008139 0.999967 -0.0007580000000000613
vn 0.295458 0.909321 -0.29298500000000005
vn -0.723606 0.525732 0.44721399999999994
vn 0.581183 0.813773 -0.0007580000000000499
vn 0.778367 0.565516 -0.27264900000000003
vn -0.262866 0.809017 0.525731
vn 0.276393 0.850651 0.44721399999999994
vn 0.95354 0.301267 -0.0007580000000000184
vn 0.956118 9.9999999998206E-07 -0.292983
vn 0.688191 0.5 0.525731
vn 0.16246 0.5 0.850651
vn 0.95354 -0.301266 -0.0007569999999999815
vn 0.778366 -0.565516 -0.27264799999999995
vn 0.894427 2.7383898449354267E-17 0.447213
vn 0.525732 -9.999999999479127E-07 0.85065
vn 0.688191 -0.49999999999999994 0.525731
vn 0.581182 -0.813773 -0.0007569999999999501
vn 0.295456 -0.909322 -0.29298499999999994
vn 0.16246 -0.49999999999999994 0.850651
vn 0.008138 -0.999967 -0.0007579999999999387
vn -0.29731 -0.915024 -0.2726489999999999
vn 0.276394 -0.85065 0.44721500000000003
vn -0.59435 -0.804206 -0.0007569999999999507
vn -0.262866 -0.809017 0.525732
vn -0 -9.999999999387675E-07 1
vn -0.425326 -0.30901799999999996 0.85065
vn -0.425326 0.30901800000000007 0.85065
vn -0.723606 -0.525732 0.44721400000000006
vn -0.85065 3.2191800550466815E-17 0.525732
vn -0.94851 -0.316747 -0.0007569999999999806
vn -0.962113 -1.000000000016695E-06 -0.27265
vn -0.773515 -0.561991 -0.29298499999999994
vn -0.29731 -0.915024 -0.2726489999999999
vn -0.019834 -0.11570999999999994 0.993085
vn -0.015039 -0.589201 0.807847
vn -0.387602 0.11493900000000006 0.914633
vn 0.489087 0.036162000000000055 0.871485
vn -0.015039 -0.589201 0.807847
vn -0.525732 1.0000000000520872E-06 0.85065
vn -0.653575 0.25152700000000006 0.713845
vn 0.425326 -0.30901699999999993 0.85065
vn -0.874854 0.03578200000000003 0.483063
vn -0.829885 0.26522200000000007 0.490865
vn -0.962613 0.164825 0.214964
vn -0.925256 -0.308708 0.22045700000000001
vn -0.688743 -0.500401 0.524625
vn -0.579518 -0.784574 0.22045800000000004
vn -0.16246 -0.500001 0.85065
vn -0.276593 -0.851268 0.44591400000000003
vn 0.007679 -0.975366 0.22045800000000004
vn 0.263076 -0.809667 0.524624
vn 0.567094 -0.793601 0.22045700000000004
vn 0.724133 -0.526111 0.44591400000000003
vn 0.929522 -0.295176 0.22104200000000002
vn 0.843415 -0.002225999999999967 0.537258
vn 0.959509 0.13297800000000004 0.248313
vn 0.796084 0.27303700000000003 0.540093
vn 0 6.123233995736766E-17 1
vn 0 6.123233995736766E-17 1
vn 6E-06 -1.5999999999938766E-05 1
vn 3E-06 -7.999999999938768E-06 1
vn 0 6.123233995736766E-17 1
vn 3E-06 6.123233995736766E-17 1
vn 0 6.123233995736766E-17 1
vn 2E-06 -9.999999999387675E-07 1
vn -5E-06 7.000000000061232E-06 1
vn 0 6.123233995736766E-17 1
vn -8E-06 1.4000000000061232E-05 1
vn -8E-06 1.0000000000612324E-06 1
vn 0 6.123233995736766E-17 1
vn 0 6.123233995736766E-17 1
vn 1E-06 -9.999999999387675E-07 1
vn 1E-06 6.123233995736766E-17 1
vn 0 6.123233995736766E-17 1
vn -1E-06 6.123233995736766E-17 1
vn 0 6.123233995736766E-17 1
vn -1E-06 -9.999999999387675E-07 1
vn 0 6.123233995736766E-17 1
vn 0 6.123233995736766E-17 1
vn 0 6.123233995736766E-17 1
vn 0 6.123233995736766E-17 1
vn 0 6.123233995736766E-17 1
vn 0 6.123233995736766E-17 1
vn 0 6.123233995736766E-17 1
vn 0 6.123233995736766E-17 1
vn 0 6.123233995736766E-17 1
vn 0 6.123233995736766E-17 1
vn 0 6.123233995736766E-17 1
vn 0 6.123233995736766E-17 1
vn 0 6.123233995736766E-17 1
vn 0 6.123233995736766E-17 1
vn 0 6.123233995736766E-17 1
vn 0 6.123233995736766E-17 1
vn 0 6.123233995736766E-17 1
vn 0 6.123233995736766E-17 1
vn 0 6.123233995736766E-17 1
vn 0 6.123233995736766E-17 1
vn -0.286232 0.928935 0.23484099999999994
vn -0.785138 0.57307 0.23484099999999997
vn -0.516971 0.724767 0.45547099999999996
vn 0.007384 0.846239 0.532752
vn 0.302401 0.923799 0.23483799999999994
vn -0.802539 0.26852600000000004 0.532752
vn -0.97192 0.014836000000000014 0.234841
vn 0.529544 0.715634 0.45546899999999996
vn 0.795021 0.55928 0.23483699999999996
vn -0.305294 0.42800600000000005 0.850651
vn 0.312716 0.42261200000000004 0.850651
vn 0.807103 0.25447800000000004 0.532752
vn 0.97203 -0.0021299999999999856 0.234845
vn -2E-06 -9.999999999387675E-07 1
vn 0.844245 -0.2824809999999999 0.455473
vn 0.77758 -0.583282 0.23484300000000002
vn 0.498563 -0.16681699999999994 0.850651
vn 0.491433 -0.688962 0.532753
vn 0.298347 -0.925116 0.23484200000000005
vn -0.004589 -0.525711 0.850651
vn -0.007772 -0.890217 0.45547100000000007
vn -0.31445 -0.919767 0.23483800000000005
vn -0.5014 -0.15808999999999995 0.85065
vn -0.503382 -0.68028 0.532753
vn -0.787642 -0.569621 0.23484500000000003
vn -0.849047 -0.26770099999999997 0.455473
vn -0.964526 -0.12057599999999999 0.234842
vn -0.700701 -0.673697 0.23484100000000002
vn -0.803527 -0.38326199999999994 0.455471
vn -0.832101 0.15422000000000002 0.532752
vn -0.857253 0.458223 0.23483899999999996
vn -0.403806 -0.743718 0.532752
vn -0.183382 -0.954579 0.23484100000000005
vn -0.612808 0.645767 0.45546899999999996
vn -0.412729 0.88006 0.23483699999999993
vn -0.474517 -0.22633399999999995 0.850651
vn -0.361889 0.38135100000000005 0.850651
vn -0.11046 0.839031 0.532752
vn 0.170889 0.956893 0.23484499999999994
vn 0 -1.9999999999387675E-06 1
vn 0.424791 0.782366 0.45547299999999996
vn 0.709445 0.664481 0.23484399999999997
vn 0.250857 0.46202200000000004 0.850651
vn 0.763831 0.36433000000000004 0.532753
vn 0.962868 0.13316900000000004 0.234842
vn 0.516928 -0.09580699999999995 0.850651
vn 0.875343 -0.16223799999999997 0.455471
vn 0.85119 -0.469389 0.23483800000000002
vn 0.068621 -0.521234 0.85065
vn 0.582534 -0.613864 0.532753
vn 0.424195 -0.87459 0.23484400000000005
vn 0.116199 -0.882634 0.45547200000000004
vn 0.298347 0.925115 0.23484199999999994
vn -0.31445 0.919767 0.23483899999999994
vn -0.007771 0.890217 0.45547099999999996
vn -0.503382 0.68028 0.532753
vn -0.787642 0.569621 0.23484399999999997
vn 0.491433 0.688962 0.532753
vn 0.77758 0.583281 0.23484399999999997
vn -0.849047 0.26770200000000005 0.455472
vn -0.971921 -0.014834999999999985 0.234841
vn -0.004589 0.525711 0.850651
vn -0.501399 0.15809000000000006 0.850651
vn -0.802539 -0.26852599999999993 0.532752
vn -0.785137 -0.57307 0.23484100000000002
vn -1E-06 1.0000000000612324E-06 1
vn -0.516971 -0.724767 0.45547100000000007
vn -0.286232 -0.928935 0.23484200000000005
vn -0.305294 -0.42800599999999994 0.850651
vn 0.007384 -0.846239 0.532752
vn 0.302401 -0.923799 0.23483900000000005
vn 0.312716 -0.42261199999999993 0.850651
vn 0.529543 -0.715634 0.45546900000000007
vn 0.795021 -0.559279 0.23483800000000002
vn 0.498564 0.16681800000000005 0.85065
vn 0.807104 -0.2544779999999999 0.532752
vn 0.972031 0.0021310000000000144 0.234845
vn 0.844245 0.28248200000000007 0.455472
vn -0.31734 0.93316 0.16884399999999994
vn -0.588131 0.799589 0.12149099999999995
vn -0.442075 0.854963 0.27130899999999997
vn -0.680028 0.692172 0.24178499999999994
vn -0.804815 0.584733 0.10178499999999996
vn -0.161445 0.9456 0.28244699999999995
vn 0.003733 0.989148 0.14687899999999995
vn -0.866267 0.437137 0.24185299999999998
vn -0.94687 0.303716 0.10580199999999998
vn 0.154192 0.952889 0.26120399999999994
vn 0.326268 0.935251 0.13731099999999993
vn -0.953659 0.14911500000000003 0.261343
vn -0.993639 6.8954350349391296E-18 0.112611
vn 0.449345 0.857313 0.2512019999999999
vn 0.585011 0.801346 0.12492699999999994
vn -0.953659 -0.14911499999999997 0.261343
vn -0.94687 -0.303716 0.10580200000000001
vn 0.679461 0.685182 0.26240899999999995
vn 0.803871 0.584046 0.11260999999999996
vn -0.866267 -0.437137 0.24185300000000004
vn -0.804815 -0.584733 0.10178500000000004
vn 0.859174 0.43991 0.261343
vn 0.944554 0.310844 0.10580099999999999
vn -0.683434 -0.688786 0.24185200000000007
vn -0.58145 -0.806673 0.10580100000000006
vn 0.957768 0.15552700000000003 0.241852
vn 0.994807 6.23247249022071E-18 0.101784
vn -0.436513 -0.860904 0.2613420000000001
vn -0.307051 -0.945007 0.11261000000000006
vn 0.957768 -0.15552699999999997 0.241852
vn 0.944554 -0.310845 0.10580100000000002
vn -0.15288 -0.953062 0.26134300000000005
vn -0.003748 -0.99438 0.10580200000000005
vn 0.859173 -0.43991 0.261343
vn 0.803871 -0.584046 0.11261000000000004
vn 0.148051 -0.958952 0.24185200000000007
vn 0.307412 -0.946117 0.10178400000000005
vn 0.683879 -0.681183 0.2613420000000001
vn 0.587514 -0.802268 0.10580100000000006
vn 0.443882 -0.862831 0.24185200000000007
vn 0.694195 -0.504362 0.513529
vn 0.4981 -0.712645 0.4939970000000001
vn 0.277366 -0.853647 0.44085700000000005
vn 0.01591 -0.869318 0.4939970000000001
vn 0.236051 -0.72649 0.645363
vn -0.265159 -0.816075 0.513529
vn -0.06314 -0.70689 0.704499
vn 0.466581 -0.534774 0.704499
vn 0.1912 -0.588453 0.785599
vn -0.523844 -0.693941 0.4939970000000001
vn -0.364419 -0.608999 0.704499
vn -0.726155 -0.527583 0.44085700000000005
vn -0.617989 -0.4489949999999999 0.645362
vn -0.821854 -0.28376599999999996 0.493997
vn -0.500568 -0.36368399999999995 0.785599
vn -0.858072 3.144458230596706E-17 0.513529
vn -0.691804 -0.15839199999999995 0.704499
vn -0.821854 0.2837660000000001 0.493997
vn -0.691804 0.15839200000000006 0.704499
vn -0.726155 0.527583 0.44085699999999994
vn -0.617989 0.44899500000000003 0.645363
vn -0.522627 0.698401 0.48897599999999997
vn -0.500568 0.36368400000000006 0.785599
vn -0.269618 0.820325 0.504354
vn -0.364419 0.608999 0.704499
vn 0.011705 0.868999 0.49467599999999995
vn -0.06314 0.70689 0.704499
vn 0.284867 0.851438 0.44034599999999996
vn 0.236051 0.72649 0.645362
vn 0.497738 0.71522 0.49062999999999996
vn 0.1912 0.588453 0.785599
vn 0.694195 0.504362 0.513529
vn 0.466581 0.534773 0.704499
vn 0.831687 0.25350200000000006 0.493997
vn 0.652781 0.27849100000000004 0.704499
vn 0.897577 2.6994705696585234E-17 0.440857
vn 0.763876 3.951702537956671E-17 0.645362
vn 0.831687 -0.25350199999999995 0.493997
vn 0.652781 -0.27849099999999993 0.704499
vn 0.618736 4.810406503816808E-17 0.785599
vn 0.475981 -0.34581999999999996 0.80861
vn 0.475981 0.34582000000000007 0.80861
vn 0.500447 5.301293926787033E-17 0.865767
vn 0.196665 -0.45458599999999993 0.86872
vn 0.150958 0.46460200000000007 0.872557
vn -0.181809 -0.559549 0.80861
vn 0.518109 5.2372938850635924E-17 0.855315
vn -0.371564 -0.32751399999999997 0.86872
vn 0.099883 -0.52496 0.845246
vn 0 6.123233995736766E-17 1
vn -0.588345 4.951308241292707E-17 0.80861
vn -0.468401 -0.25721499999999997 0.845246
vn -0.426304 0.25217100000000003 0.86872
vn -0.389371 0.36599200000000004 0.845246
vn 0.170301 0.524132 0.834436
vn -0.181809 0.559549 0.80861
g 01
f 1/1/1 2/2/2 3/3/3
f 4/4/4 5/5/5 6/6/6
f 7/7/7 8/8/8 9/9/9
f 10/10/10 11/11/11 12/12/12
f 13/13/13 14/14/14 15/15/15
f 16/16/16 17/17/17 18/18/18
f 19/19/19 20/20/20 21/21/21
f 22/22/22 23/23/23 24/24/24
f 25/25/25 26/26/26 27/27/27
f 28/28/28 29/29/29 30/30/30
f 31/31/31 32/32/32 33/33/33
f 34/34/34 35/35/35 36/36/36
f 37/37/37 38/38/38 39/39/39
f 40/40/40 41/41/41 42/42/42
f 43/43/43 44/44/44 45/45/45
f 46/46/46 47/47/47 48/48/48
f 49/49/49 50/50/50 51/51/51
f 52/52/52 53/53/53 54/54/54
f 55/55/55 56/56/56 57/57/57
f 58/58/58 59/59/59 60/60/60
f 61/61/61 62/62/62 63/63/63
f 64/64/64 65/65/65 66/66/66
f 67/67/67 68/68/68 69/69/69
f 70/70/70 71/71/71 72/72/72
f 73/73/73 74/74/74 75/75/75
f 76/76/76 77/77/77 78/78/78
f 79/79/79 80/80/80 81/81/81
f 82/82/82 83/83/83 84/84/84
f 85/85/85 86/86/86 87/87/87
f 88/88/88 89/89/89 90/90/90
f 91/91/91 92/92/92 93/93/93
f 94/94/94 95/95/95 96/96/96
f 97/97/97 98/98/98 99/99/99
f 100/100/100 101/101/101 102/102/102
f 103/103/103 104/104/104 105/105/105
f 106/106/106 107/107/107 108/108/108
f 109/109/109 110/110/110 111/111/111
f 112/112/112 113/113/113 114/114/114
f 115/115/115 116/116/116 117/117/117
f 118/118/118 119/119/119 120/120/120
f 121/121/121 122/122/122 123/123/123
f 124/124/124 125/125/125 126/126/126
f 127/127/127 128/128/128 129/129/129
f 130/130/130 131/131/131 132/132/132
f 133/133/133 134/134/134 135/135/135
f 136/136/136 137/137/137 138/138/138
f 139/139/139 140/140/140 141/141/141
f 142/142/142 143/143/143 144/144/144
f 145/145/145 146/146/146 147/147/147
f 148/148/148 149/149/149 150/150/150
f 151/151/151 152/152/152 153/153/153
f 154/154/154 155/155/155 156/156/156
f 157/157/157 158/158/158 159/159/159
f 160/160/160 161/161/161 162/162/162
f 163/163/163 164/164/164 165/165/165
f 166/166/166 167/167/167 168/168/168
f 169/169/169 170/170/170 171/171/171
f 172/172/172 173/173/173 174/174/174
f 175/175/175 176/176/176 177/177/177
f 178/178/178 179/179/179 180/180/180
f 181/181/181 182/182/182 183/183/183
f 184/184/184 185/185/185 186/186/186
f 187/187/187 188/188/188 189/189/189
f 190/190/190 191/191/191 192/192/192
f 193/193/193 194/194/194 195/195/195
f 196/196/196 197/197/197 198/198/198
f 199/199/199 200/200/200 201/201/201
f 202/202/202 203/203/203 204/204/204
f 205/205/205 206/206/206 207/207/207
f 208/208/208 209/209/209 210/210/210
f 211/211/211 212/212/212 213/213/213
f 214/214/214 215/215/215 216/216/216
f 217/217/217 218/218/218 219/219/219
f 220/220/220 221/221/221 222/222/222
f 223/223/223 224/224/224 225/225/225
f 226/226/226 227/227/227 228/228/228
f 229/229/229 230/230/230 231/231/231
f 232/232/232 233/233/233 234/234/234
f 235/235/235 236/236/236 237/237/237
f 238/238/238 239/239/239 240/240/240
f 241/241/241 242/242/242 243/243/243
f 244/244/244 245/245/245 246/246/246
f 247/247/247 248/248/248 249/249/249
f 250/250/250 251/251/251 252/252/252
f 253/253/253 254/254/254 255/255/255
f 256/256/256 257/257/257 258/258/258
f 259/259/259 260/260/260 261/261/261
f 262/262/262 263/263/263 264/264/264
f 265/265/265 266/266/266 267/267/267
f 268/268/268 269/269/269 270/270/270
f 271/271/271 272/272/272 273/273/273
f 274/274/274 275/275/275 276/276/276
f 277/277/277 278/278/278 279/279/279
f 280/280/280 281/281/281 282/282/282
f 283/283/283 284/284/284 285/285/285
f 286/286/286 287/287/287 288/288/288
f 289/289/289 290/290/290 291/291/291
f 292/292/292 293/293/293 294/294/294
f 295/295/295 296/296/296 297/297/297
f 298/298/298 299/299/299 300/300/300
f 301/301/301 302/302/302 303/303/303
f 304/304/304 305/305/305 306/306/306
f 307/307/307 308/308/308 306/306/306
f 309/309/309 310/310/310 311/311/311
f 312/312/312 313/313/313 311/311/311
f 314/314/314 315/315/315 316/316/316
f 317/317/317 318/318/318 316/316/316
f 319/319/319 320/320/320 321/321/321
f 322/322/322 323/323/323 321/321/321
f 324/324/324 325/325/325 326/326/326
f 327/327/327 328/328/328 326/326/326
f 329/329/329 330/330/330 331/331/331
f 329/329/329 332/332/332 333/333/333
f 334/334/334 335/335/335 336/336/336
f 337/337/337 336/336/336 338/338/338
f 339/339/339 338/338/338 340/340/340
f 341/341/341 340/340/340 338/338/338
f 342/342/342 343/343/343 344/344/344
f 342/342/342 345/345/345 346/346/346
f 347/347/347 348/348/348 349/349/349
f 350/350/350 349/349/349 351/351/351
f 352/352/352 351/351/351 353/353/353
f 354/354/354 353/353/353 351/351/351
f 355/355/355 356/356/356 357/357/357
f 355/355/355 358/358/358 359/359/359
f 360/360/360 361/361/361 362/362/362
f 363/363/363 362/362/362 364/364/364
f 365/365/365 364/364/364 366/366/366
f 367/367/367 366/366/366 364/364/364
f 368/368/368 369/369/369 370/370/370
f 368/368/368 371/371/371 372/372/372
f 373/373/373 374/374/374 375/375/375
f 374/374/374 376/376/376 377/377/377
f 376/376/376 378/378/378 379/379/379
f 380/380/380 378/378/378 376/376/376
f 381/381/381 382/382/382 383/383/383
f 381/381/381 384/384/384 385/385/385
f 386/386/386 387/387/387 388/388/388
f 387/387/387 389/389/389 390/390/390
f 389/389/389 391/391/391 392/392/392
f 393/393/393 391/391/391 389/389/389
f 394/394/394 395/395/395 396/396/396
f 396/396/396 397/397/397 398/398/398
f 399/399/399 398/398/398 400/400/400
f 400/400/400 401/401/401 399/399/399
f 402/402/402 403/403/403 404/404/404
f 405/405/405 403/403/403 406/406/406
f 407/407/407 408/408/408 409/409/409
f 408/408/408 410/410/410 411/411/411
f 412/412/412 413/413/413 414/414/414
f 414/414/414 415/415/415 416/416/416
f 417/417/417 416/416/416 415/415/415
f 414/414/414 418/418/418 415/415/415
f 415/415/415 419/419/419 417/417/417
f 420/420/420 417/417/417 419/419/419
f 418/418/418 421/421/421 415/415/415
f 415/415/415 421/421/421 419/419/419
f 422/422/422 421/421/421 418/418/418
f 420/420/420 419/419/419 423/423/423
f 423/423/423 424/424/424 420/420/420
f 425/425/425 424/424/424 423/423/423
f 419/419/419 421/421/421 426/426/426
f 419/419/419 426/426/426 423/423/423
f 422/422/422 427/427/427 421/421/421
f 421/421/421 427/427/427 426/426/426
f 422/422/422 428/428/428 427/427/427
f 426/426/426 429/429/429 423/423/423
f 429/429/429 425/425/425 423/423/423
f 427/427/427 430/430/430 426/426/426
f 428/428/428 430/430/430 427/427/427
f 426/426/426 430/430/430 429/429/429
f 431/431/431 430/430/430 428/428/428
f 431/431/431 432/432/432 430/430/430
f 430/430/430 432/432/432 429/429/429
f 431/431/431 433/433/433 432/432/432
f 432/432/432 434/434/434 429/429/429
f 433/433/433 434/434/434 432/432/432
f 434/434/434 425/425/425 429/429/429
f 434/434/434 435/435/435 425/425/425
f 436/436/436 434/434/434 433/433/433
f 434/434/434 437/437/437 435/435/435
f 437/437/437 434/434/434 436/436/436
f 436/436/436 438/438/438 437/437/437
f 439/439/439 440/440/440 441/441/441
f 442/442/442 443/443/443 439/439/439
f 444/444/444 439/439/439 443/443/443
f 443/443/443 442/442/442 445/445/445
f 443/443/443 446/446/446 444/444/444
f 443/443/443 445/445/445 447/447/447
f 445/445/445 448/448/448 447/447/447
f 446/446/446 443/443/443 449/449/449
f 443/443/443 447/447/447 449/449/449
f 447/447/447 448/448/448 450/450/450
f 447/447/447 450/450/450 449/449/449
f 450/450/450 448/448/448 451/451/451
f 446/446/446 449/449/449 452/452/452
f 453/453/453 446/446/446 452/452/452
f 454/454/454 453/453/453 452/452/452
f 450/450/450 451/451/451 455/455/455
f 451/451/451 456/456/456 455/455/455
f 450/450/450 457/457/457 449/449/449
f 450/450/450 455/455/455 457/457/457
f 449/449/449 457/457/457 452/452/452
f 455/455/455 456/456/456 458/458/458
f 455/455/455 458/458/458 457/457/457
f 458/458/458 456/456/456 459/459/459
f 457/457/457 460/460/460 452/452/452
f 458/458/458 460/460/460 457/457/457
f 452/452/452 460/460/460 454/454/454
f 461/461/461 454/454/454 460/460/460
f 458/458/458 459/459/459 462/462/462
f 458/458/458 462/462/462 460/460/460
f 461/461/461 460/460/460 462/462/462
f 459/459/459 463/463/463 462/462/462
f 462/462/462 464/464/464 461/461/461
f 464/464/464 462/462/462 463/463/463
f 463/463/463 465/465/465 464/464/464
f 466/466/466 467/467/467 468/468/468
f 469/469/469 468/468/468 470/470/470
f 471/471/471 469/469/469 470/470/470
f 472/472/472 471/471/471 470/470/470
f 468/468/468 473/473/473 470/470/470
f 473/473/473 474/474/474 470/470/470
f 475/475/475 474/474/474 473/473/473
f 473/473/473 476/476/476 475/475/475
f 477/477/477 475/475/475 476/476/476
f 476/476/476 478/478/478 477/477/477
f 477/477/477 478/478/478 479/479/479
f 479/479/479 480/480/480 477/477/477
f 481/481/481 482/482/482 483/483/483
f 483/483/483 484/484/484 485/485/485
f 486/486/486 483/483/483 487/487/487
f 487/487/487 483/483/483 488/488/488
f 489/489/489 487/487/487 490/490/490
f 491/491/491 487/487/487 489/489/489
f 492/492/492 489/489/489 493/493/493
f 493/493/493 489/489/489 494/494/494
f 495/495/495 493/493/493 496/496/496
f 497/497/497 493/493/493 495/495/495
f 498/498/498 495/495/495 499/499/499
f 499/499/499 495/495/495 500/500/500
f 501/501/501 499/499/499 502/502/502
f 503/503/503 499/499/499 501/501/501
f 504/504/504 501/501/501 505/505/505
f 506/506/506 501/501/501 507/507/507
f 508/508/508 509/509/509 510/510/510
f 511/511/511 512/512/512 509/509/509
f 513/513/513 514/514/514 509/509/509
f 515/515/515 509/509/509 514/514/514
f 516/516/516 514/514/514 517/517/517
f 518/518/518 517/517/517 514/514/514
f 519/519/519 520/520/520 517/517/517
f 521/521/521 517/517/517 520/520/520
f 522/522/522 520/520/520 523/523/523
f 524/524/524 523/523/523 520/520/520
f 525/525/525 526/526/526 523/523/523
f 527/527/527 523/523/523 526/526/526
f 528/528/528 526/526/526 529/529/529
f 530/530/530 529/529/529 526/526/526
f 531/531/531 532/532/532 529/529/529
f 533/533/533 529/529/529 534/534/534
f 535/535/535 536/536/536 537/537/537
f 538/538/538 535/535/535 539/539/539
f 535/535/535 540/540/540 541/541/541
f 541/541/541 542/542/542 535/535/535
f 543/543/543 544/544/544 545/545/545
f 545/545/545 546/546/546 543/543/543
f 547/547/547 548/548/548 549/549/549
f 549/549/549 550/550/550 547/547/547
f 551/551/551 552/552/552 553/553/553
f 553/553/553 554/554/554 551/551/551
f 555/555/555 556/556/556 557/557/557
f 557/557/557 558/558/558 555/555/555
f 559/559/559 560/560/560 561/561/561
f 561/561/561 562/562/562 559/559/559
f 563/563/563 564/564/564 565/565/565
f 565/565/565 566/566/566 563/563/563
f 567/567/567 568/568/568 569/569/569
f 569/569/569 570/570/570 567/567/567
f 571/571/571 572/572/572 573/573/573
f 573/573/573 574/574/574 571/571/571
f 575/575/575 576/576/576 577/577/577
f 577/577/577 578/578/578 575/575/575
f 579/579/579 580/580/580 581/581/581
f 581/581/581 582/582/582 579/579/579
f 583/583/583 584/584/584 585/585/585
f 585/585/585 586/586/586 583/583/583
f 587/587/587 588/588/588 589/589/589
f 589/589/589 590/590/590 587/587/587
f 591/591/591 592/592/592 593/593/593
f 593/593/593 594/594/594 591/591/591
f 595/595/595 596/596/596 597/597/597
f 597/597/597 598/598/598 595/595/595
f 599/599/599 600/600/600 601/601/601
f 601/601/601 602/602/602 599/599/599
f 603/603/603 604/604/604 605/605/605
f 605/605/605 606/606/606 603/603/603
f 607/607/607 608/608/608 609/609/609
f 609/609/609 610/610/610 607/607/607
f 611/611/611 612/612/612 613/613/613
f 613/613/613 614/614/614 611/611/611
f 615/615/615 616/616/616 617/617/617
f 617/617/617 618/618/618 615/615/615
f 619/619/619 620/620/620 621/621/621
f 621/621/621 622/622/622 619/619/619
f 623/623/623 624/624/624 625/625/625
f 625/625/625 626/626/626 623/623/623
f 627/627/627 628/628/628 629/629/629
f 629/629/629 630/630/630 627/627/627
f 631/631/631 632/632/632 633/633/633
f 633/633/633 634/634/634 631/631/631
f 635/635/635 636/636/636 637/637/637
f 637/637/637 638/638/638 635/635/635
f 639/639/639 640/640/640 641/641/641
f 641/641/641 642/642/642 639/639/639
f 643/643/643 644/644/644 645/645/645
f 645/645/645 646/646/646 643/643/643
f 647/647/647 648/648/648 649/649/649
f 649/649/649 650/650/650 647/647/647
f 651/651/651 652/652/652 653/653/653
f 653/653/653 654/654/654 651/651/651
f 655/655/655 656/656/656 657/657/657
f 657/657/657 658/658/658 655/655/655
f 659/659/659 660/660/660 661/661/661
f 661/661/661 662/662/662 659/659/659
f 663/663/663 664/664/664 665/665/665
f 665/665/665 666/666/666 663/663/663
f 667/667/667 668/668/668 669/669/669
f 669/669/669 670/670/670 667/667/667
f 671/671/671 672/672/672 673/673/673
f 673/673/673 674/674/674 671/671/671
f 675/675/675 676/676/676 677/677/677
f 677/677/677 678/678/678 675/675/675
f 679/679/679 680/680/680 681/681/681
f 681/681/681 682/682/682 679/679/679
f 683/683/683 684/684/684 685/685/685
f 685/685/685 686/686/686 683/683/683
f 687/687/687 688/688/688 689/689/689
f 689/689/689 690/690/690 687/687/687
f 691/691/691 692/692/692 693/693/693
f 693/693/693 694/694/694 691/691/691
f 695/695/695 696/696/696 697/697/697
f 697/697/697 698/698/698 695/695/695
f 699/699/699 700/700/700 701/701/701
f 701/701/701 702/702/702 699/699/699
f 703/703/703 704/704/704 705/705/705
f 705/705/705 706/706/706 703/703/703
f 707/707/707 708/708/708 709/709/709
f 709/709/709 710/710/710 707/707/707
f 711/711/711 712/712/712 713/713/713
f 713/713/713 714/714/714 711/711/711
f 715/715/715 716/716/716 717/717/717
f 717/717/717 718/718/718 715/715/715
f 719/719/719 720/720/720 721/721/721
f 721/721/721 722/722/722 719/719/719
f 723/723/723 724/724/724 725/725/725
f 725/725/725 726/726/726 723/723/723
f 727/727/727 728/728/728 729/729/729
f 729/729/729 730/730/730 727/727/727
f 731/731/731 732/732/732 733/733/733
f 733/733/733 734/734/734 731/731/731
f 735/735/735 736/736/736 737/737/737
f 737/737/737 738/738/738 735/735/735
f 739/739/739 740/740/740 741/741/741
f 741/741/741 742/742/742 739/739/739
f 743/743/743 744/744/744 745/745/745
f 745/745/745 746/746/746 743/743/743
f 747/747/747 748/748/748 749/749/749
f 749/749/749 750/750/750 747/747/747
f 751/751/751 752/752/752 753/753/753
f 753/753/753 754/754/754 751/751/751
f 755/755/755 756/756/756 757/757/757
f 757/757/757 758/758/758 755/755/755
f 759/759/759 760/760/760 761/761/761
f 761/761/761 762/762/762 759/759/759
f 763/763/763 764/764/764 765/765/765
f 765/765/765 766/766/766 763/763/763
f 767/767/767 768/768/768 769/769/769
f 769/769/769 770/770/770 767/767/767
f 771/771/771 772/772/772 773/773/773
f 773/773/773 774/774/774 771/771/771
f 775/775/775 776/776/776 777/777/777
f 777/777/777 778/778/778 775/775/775
f 779/779/779 780/780/780 781/781/781
f 781/781/781 782/782/782 779/779/779
f 783/783/783 784/784/784 785/785/785
f 785/785/785 786/786/786 783/783/783
f 787/787/787 788/788/788 789/789/789
f 789/789/789 790/790/790 787/787/787
f 791/791/791 792/792/792 793/793/793
f 793/793/793 794/794/794 791/791/791
f 795/795/795 796/796/796 797/797/797
f 797/797/797 798/798/798 795/795/795
f 799/799/799 800/800/800 801/801/801
f 801/801/801 802/802/802 799/799/799
f 803/803/803 804/804/804 805/805/805
f 804/804/804 806/806/806 805/805/805
f 807/807/807 808/808/808 809/809/809
f 809/809/809 810/810/810 807/807/807
f 811/811/811 812/812/812 813/813/813
f 812/812/812 814/814/814 815/815/815
f 814/814/814 816/816/816 817/817/817
f 816/816/816 818/818/818 819/819/819
f 818/818/818 820/820/820 821/821/821
f 820/820/820 822/822/822 823/823/823
f 824/824/824 811/811/811 823/823/823
f 825/825/825 824/824/824 823/823/823
f 826/826/826 827/827/827 828/828/828
f 828/828/828 829/829/829 826/826/826
f 830/830/830 831/831/831 832/832/832
f 832/832/832 833/833/833 830/830/830
f 834/834/834 835/835/835 836/836/836
f 836/836/836 837/837/837 834/834/834
f 838/838/838 839/839/839 840/840/840
f 840/840/840 841/841/841 838/838/838
f 842/842/842 843/843/843 844/844/844
f 844/844/844 845/845/845 842/842/842
f 846/846/846 847/847/847 848/848/848
f 848/848/848 849/849/849 846/846/846
f 850/850/850 851/851/851 852/852/852
f 852/852/852 853/853/853 850/850/850
f 854/854/854 855/855/855 856/856/856
f 856/856/856 857/857/857 854/854/854
f 858/858/858 859/859/859 860/860/860
f 858/858/858 861/861/861 859/859/859
f 862/862/862 863/863/863 864/864/864
f 864/864/864 865/865/865 862/862/862
f 866/866/866 867/867/867 868/868/868
f 868/868/868 869/869/869 866/866/866
f 870/870/870 871/871/871 872/872/872
f 872/872/872 873/873/873 870/870/870
f 874/874/874 875/875/875 876/876/876
f 876/876/876 877/877/877 874/874/874
f 878/878/878 879/879/879 880/880/880
f 880/880/880 881/881/881 878/878/878
f 882/882/882 883/883/883 884/884/884
f 884/884/884 885/885/885 882/882/882
f 886/886/886 887/887/887 888/888/888
f 888/888/888 889/889/889 886/886/886
f 890/890/890 891/891/891 892/892/892
f 892/892/892 893/893/893 890/890/890
f 894/894/894 895/895/895 896/896/896
f 896/896/896 897/897/897 894/894/894
f 898/898/898 899/899/899 900/900/900
f 900/900/900 901/901/901 898/898/898
f 902/902/902 903/903/903 904/904/904
f 904/904/904 905/905/905 902/902/902
f 906/906/906 907/907/907 908/908/908
f 908/908/908 909/909/909 906/906/906
f 910/910/910 911/911/911 912/912/912
f 912/912/912 913/913/913 910/910/910
f 914/914/914 915/915/915 916/916/916
f 916/916/916 917/917/917 914/914/914
f 918/918/918 919/919/919 920/920/920
f 920/920/920 921/921/921 918/918/918
f 922/922/922 923/923/923 924/924/924
f 924/924/924 925/925/925 922/922/922
f 926/926/926 927/927/927 928/928/928
f 928/928/928 929/929/929 926/926/926
f 930/930/930 931/931/931 932/932/932
f 932/932/932 933/933/933 930/930/930
f 934/934/934 935/935/935 936/936/936
f 936/936/936 937/937/937 934/934/934
f 938/938/938 939/939/939 940/940/940
f 940/940/940 941/941/941 938/938/938
f 942/942/942 943/943/943 944/944/944
f 944/944/944 945/945/945 942/942/942
f 946/946/946 947/947/947 948/948/948
f 948/948/948 949/949/949 946/946/946
f 950/950/950 951/951/951 952/952/952
f 952/952/952 953/953/953 950/950/950
f 954/954/954 955/955/955 956/956/956
f 956/956/956 957/957/957 954/954/954
f 958/958/958 959/959/959 960/960/960
f 960/960/960 961/961/961 958/958/958
f 962/962/962 963/963/963 964/964/964
f 964/964/964 965/965/965 962/962/962
f 966/966/966 967/967/967 968/968/968
f 968/968/968 969/969/969 966/966/966
f 970/970/970 971/971/971 972/972/972
f 972/972/972 973/973/973 970/970/970
f 974/974/974 975/975/975 976/976/976
f 976/976/976 977/977/977 974/974/974
f 978/978/978 979/979/979 980/980/980
f 980/980/980 981/981/981 978/978/978
f 982/982/982 983/983/983 984/984/984
f 984/984/984 985/985/985 982/982/982
f 986/986/986 987/987/987 988/988/988
f 988/988/988 989/989/989 986/986/986
f 990/990/990 991/991/991 992/992/992
f 992/992/992 993/993/993 990/990/990
f 994/994/994 995/995/995 996/996/996
f 996/996/996 997/997/997 994/994/994
f 998/998/998 999/999/999 1000/1000/1000
f 1000/1000/1000 1001/1001/1001 998/998/998
f 1002/1002/1002 1003/1003/1003 1004/1004/1004
f 1004/1004/1004 1005/1005/1005 1002/1002/1002
f 1006/1006/1006 1007/1007/1007 1008/1008/1008
f 1008/1008/1008 1009/1009/1009 1006/1006/1006
f 1010/1010/1010 1011/1011/1011 1012/1012/1012
f 1012/1012/1012 1013/1013/1013 1010/1010/1010
f 1014/1014/1014 1015/1015/1015 1016/1016/1016
f 1016/1016/1016 1017/1017/1017 1014/1014/1014
f 1018/1018/1018 1019/1019/1019 1020/1020/1020
f 1020/1020/1020 1021/1021/1021 1018/1018/1018
f 1022/1022/1022 1023/1023/1023 1024/1024/1024
f 1024/1024/1024 1025/1025/1025 1022/1022/1022
f 1026/1026/1026 1027/1027/1027 1028/1028/1028
f 1028/1028/1028 1029/1029/1029 1026/1026/1026
f 1030/1030/1030 1031/1031/1031 1032/1032/1032
f 1032/1032/1032 1033/1033/1033 1030/1030/1030
f 1034/1034/1034 1035/1035/1035 1036/1036/1036
f 1036/1036/1036 1037/1037/1037 1034/1034/1034
f 1038/1038/1038 1039/1039/1039 1040/1040/1040
f 1040/1040/1040 1041/1041/1041 1038/1038/1038
f 1042/1042/1042 1043/1043/1043 1044/1044/1044
f 1044/1044/1044 1045/1045/1045 1042/1042/1042
f 1046/1046/1046 1047/1047/1047 1048/1048/1048
f 1048/1048/1048 1049/1049/1049 1046/1046/1046
f 1050/1050/1050 1051/1051/1051 1052/1052/1052
f 1052/1052/1052 1053/1053/1053 1050/1050/1050
f 1054/1054/1054 1055/1055/1055 1056/1056/1056
f 1056/1056/1056 1057/1057/1057 1054/1054/1054
f 1058/1058/1058 1059/1059/1059 1060/1060/1060
f 1060/1060/1060 1061/1061/1061 1058/1058/1058
f 1062/1062/1062 1063/1063/1063 1064/1064/1064
f 1064/1064/1064 1065/1065/1065 1062/1062/1062
f 1066/1066/1066 1067/1067/1067 1068/1068/1068
f 1068/1068/1068 1069/1069/1069 1066/1066/1066
f 1070/1070/1070 1071/1071/1071 1072/1072/1072
f 1072/1072/1072 1073/1073/1073 1070/1070/1070
f 1074/1074/1074 1075/1075/1075 1076/1076/1076
f 1076/1076/1076 1077/1077/1077 1074/1074/1074
f 1078/1078/1078 1079/1079/1079 1080/1080/1080
f 1080/1080/1080 1081/1081/1081 1078/1078/1078
f 1082/1082/1082 1083/1083/1083 1084/1084/1084
f 1084/1084/1084 1085/1085/1085 1082/1082/1082
f 1086/1086/1086 1087/1087/1087 1088/1088/1088
f 1088/1088/1088 1089/1089/1089 1086/1086/1086
f 1090/1090/1090 1091/1091/1091 1092/1092/1092
f 1092/1092/1092 1093/1093/1093 1090/1090/1090
f 1094/1094/1094 1095/1095/1095 1096/1096/1096
f 1096/1096/1096 1097/1097/1097 1094/1094/1094
f 1098/1098/1098 1099/1099/1099 1100/1100/1100
f 1100/1100/1100 1101/1101/1101 1098/1098/1098
f 1102/1102/1102 1103/1103/1103 1104/1104/1104
f 1104/1104/1104 1105/1105/1105 1102/1102/1102
f 1106/1106/1106 1107/1107/1107 1108/1108/1108
f 1108/1108/1108 1109/1109/1109 1106/1106/1106
f 1110/1110/1110 1111/1111/1111 1112/1112/1112
f 1112/1112/1112 1113/1113/1113 1110/1110/1110
f 1114/1114/1114 1115/1115/1115 1116/1116/1116
f 1116/1116/1116 1117/1117/1117 1114/1114/1114
f 1118/1118/1118 1119/1119/1119 1120/1120/1120
f 1120/1120/1120 1121/1121/1121 1118/1118/1118
f 1122/1122/1122 1123/1123/1123 1124/1124/1124
f 1124/1124/1124 1125/1125/1125 1122/1122/1122
f 1126/1126/1126 1127/1127/1127 1128/1128/1128
f 1128/1128/1128 1129/1129/1129 1126/1126/1126
f 1130/1130/1130 1131/1131/1131 1132/1132/1132
f 1132/1132/1132 1133/1133/1133 1130/1130/1130
f 1134/1134/1134 1135/1135/1135 1136/1136/1136
f 1136/1136/1136 1137/1137/1137 1134/1134/1134
f 1138/1138/1138 1139/1139/1139 1140/1140/1140
f 1140/1140/1140 1141/1141/1141 1138/1138/1138
f 1142/1142/1142 1143/1143/1143 1144/1144/1144
f 1144/1144/1144 1145/1145/1145 1142/1142/1142
f 1146/1146/1146 1147/1147/1147 1148/1148/1148
f 1148/1148/1148 1149/1149/1149 1146/1146/1146
f 1150/1150/1150 1151/1151/1151 1152/1152/1152
f 1152/1152/1152 1153/1153/1153 1150/1150/1150
f 1154/1154/1154 1155/1155/1155 1156/1156/1156
f 1156/1156/1156 1157/1157/1157 1154/1154/1154
f 1158/1158/1158 1159/1159/1159 1160/1160/1160
f 1160/1160/1160 1161/1161/1161 1158/1158/1158
f 1162/1162/1162 1163/1163/1163 1164/1164/1164
f 1164/1164/1164 1165/1165/1165 1162/1162/1162
f 1166/1166/1166 1167/1167/1167 1168/1168/1168
f 1168/1168/1168 1169/1169/1169 1166/1166/1166
f 1170/1170/1170 1171/1171/1171 1172/1172/1172
f 1172/1172/1172 1173/1173/1173 1170/1170/1170
f 1174/1174/1174 1175/1175/1175 1176/1176/1176
f 1176/1176/1176 1177/1177/1177 1174/1174/1174
f 1178/1178/1178 1179/1179/1179 1180/1180/1180
f 1180/1180/1180 1181/1181/1181 1178/1178/1178
f 1182/1182/1182 1183/1183/1183 1184/1184/1184
f 1184/1184/1184 1185/1185/1185 1182/1182/1182
f 1186/1186/1186 1187/1187/1187 1188/1188/1188
f 1188/1188/1188 1189/1189/1189 1186/1186/1186
f 1190/1190/1190 1191/1191/1191 1192/1192/1192
f 1192/1192/1192 1193/1193/1193 1190/1190/1190
f 1194/1194/1194 1195/1195/1195 1196/1196/1196
f 1196/1196/1196 1197/1197/1197 1194/1194/1194
f 1198/1198/1198 1199/1199/1199 1200/1200/1200
f 1200/1200/1200 1201/1201/1201 1198/1198/1198
f 1202/1202/1202 1203/1203/1203 1204/1204/1204
f 1204/1204/1204 1205/1205/1205 1202/1202/1202
f 1206/1206/1206 1207/1207/1207 1208/1208/1208
f 1208/1208/1208 1209/1209/1209 1206/1206/1206
f 1210/1210/1210 1211/1211/1211 1212/1212/1212
f 1212/1212/1212 1213/1213/1213 1210/1210/1210
f 1214/1214/1214 1215/1215/1215 1216/1216/1216
f 1216/1216/1216 1217/1217/1217 1214/1214/1214
f 1218/1218/1218 1219/1219/1219 1220/1220/1220
f 1220/1220/1220 1221/1221/1221 1218/1218/1218
f 1222/1222/1222 1223/1223/1223 1224/1224/1224
f 1224/1224/1224 1225/1225/1225 1222/1222/1222
f 1226/1226/1226 1227/1227/1227 1228/1228/1228
f 1228/1228/1228 1229/1229/1229 1226/1226/1226
f 1230/1230/1230 1231/1231/1231 1232/1232/1232
f 1232/1232/1232 1233/1233/1233 1230/1230/1230
f 1234/1234/1234 1235/1235/1235 1236/1236/1236
f 1236/1236/1236 1237/1237/1237 1234/1234/1234
f 1238/1238/1238 1239/1239/1239 1240/1240/1240
f 1240/1240/1240 1241/1241/1241 1238/1238/1238
f 1242/1242/1242 1243/1243/1243 1244/1244/1244
f 1244/1244/1244 1245/1245/1245 1242/1242/1242
f 1246/1246/1246 1247/1247/1247 1248/1248/1248
f 1248/1248/1248 1249/1249/1249 1246/1246/1246
f 1250/1250/1250 1251/1251/1251 1252/1252/1252
f 1252/1252/1252 1253/1253/1253 1250/1250/1250
f 1254/1254/1254 1255/1255/1255 1256/1256/1256
f 1256/1256/1256 1257/1257/1257 1254/1254/1254
f 1258/1258/1258 1259/1259/1259 1260/1260/1260
f 1260/1260/1260 1261/1261/1261 1258/1258/1258
f 1262/1262/1262 1263/1263/1263 1264/1264/1264
f 1264/1264/1264 1265/1265/1265 1262/1262/1262
f 1266/1266/1266 1267/1267/1267 1268/1268/1268
f 1268/1268/1268 1269/1269/1269 1266/1266/1266
f 1270/1270/1270 1271/1271/1271 1272/1272/1272
f 1272/1272/1272 1273/1273/1273 1270/1270/1270
f 1274/1274/1274 1275/1275/1275 1276/1276/1276
f 1276/1276/1276 1277/1277/1277 1274/1274/1274
f 1278/1278/1278 1279/1279/1279 1280/1280/1280
f 1280/1280/1280 1281/1281/1281 1278/1278/1278
f 1282/1282/1282 1283/1283/1283 1284/1284/1284
f 1284/1284/1284 1285/1285/1285 1282/1282/1282
f 1286/1286/1286 1287/1287/1287 1288/1288/1288
f 1288/1288/1288 1289/1289/1289 1286/1286/1286
f 1289/1289/1289 1288/1288/1288 1290/1290/1290
f 1290/1290/1290 1291/1291/1291 1289/1289/1289
f 1291/1291/1291 1290/1290/1290 1292/1292/1292
f 1292/1292/1292 1293/1293/1293 1291/1291/1291
f 1293/1293/1293 1292/1292/1292 1294/1294/1294
f 1294/1294/1294 1295/1295/1295 1293/1293/1293
f 1295/1295/1295 1294/1294/1294 1296/1296/1296
f 1296/1296/1296 1297/1297/1297 1295/1295/1295
f 1297/1297/1297 1296/1296/1296 1298/1298/1298
f 1298/1298/1298 1299/1299/1299 1297/1297/1297
f 1299/1299/1299 1298/1298/1298 1300/1300/1300
f 1300/1300/1300 1301/1301/1301 1299/1299/1299
f 1301/1301/1301 1300/1300/1300 1302/1302/1302
f 1302/1302/1302 1303/1303/1303 1301/1301/1301
f 1303/1303/1303 1302/1302/1302 1304/1304/1304
f 1304/1304/1304 1305/1305/1305 1303/1303/1303
f 1305/1305/1305 1304/1304/1304 1306/1306/1306
f 1306/1306/1306 1307/1307/1307 1305/1305/1305
f 1308/1308/1308 1309/1309/1309 1310/1310/1310
f 1311/1311/1311 1308/1308/1308 1310/1310/1310
f 1312/1312/1312 1311/1311/1311 1310/1310/1310
f 1313/1313/1313 1311/1311/1311 1312/1312/1312
f 1314/1314/1314 1313/1313/1313 1312/1312/1312
f 1315/1315/1315 1314/1314/1314 1312/1312/1312
f 1316/1316/1316 1314/1314/1314 1315/1315/1315
f 1317/1317/1317 1316/1316/1316 1315/1315/1315
f 1318/1318/1318 1317/1317/1317 1315/1315/1315
f 1319/1319/1319 1317/1317/1317 1318/1318/1318
f 1320/1320/1320 1319/1319/1319 1318/1318/1318
f 1321/1321/1321 1320/1320/1320 1318/1318/1318
f 1322/1322/1322 1320/1320/1320 1321/1321/1321
f 1323/1323/1323 1322/1322/1322 1321/1321/1321
f 1324/1324/1324 1323/1323/1323 1321/1321/1321
f 1325/1325/1325 1326/1326/1326 1327/1327/1327
f 1325/1325/1325 1327/1327/1327 1328/1328/1328
f 1327/1327/1327 1329/1329/1329 1328/1328/1328
f 1329/1329/1329 1330/1330/1330 1328/1328/1328
f 1331/1331/1331 1332/1332/1332 1333/1333/1333
f 1333/1333/1333 1334/1334/1334 1331/1331/1331
f 1334/1334/1334 1333/1333/1333 1335/1335/1335
f 1335/1335/1335 1336/1336/1336 1334/1334/1334
f 1336/1336/1336 1335/1335/1335 1337/1337/1337
f 1337/1337/1337 1338/1338/1338 1336/1336/1336
f 1338/1338/1338 1337/1337/1337 1339/1339/1339
f 1339/1339/1339 1340/1340/1340 1338/1338/1338
f 1340/1340/1340 1339/1339/1339 1341/1341/1341
f 1341/1341/1341 1342/1342/1342 1340/1340/1340
f 1342/1342/1342 1341/1341/1341 1343/1343/1343
f 1343/1343/1343 1344/1344/1344 1342/1342/1342
f 1344/1344/1344 1343/1343/1343 1345/1345/1345
f 1345/1345/1345 1346/1346/1346 1344/1344/1344
f 1346/1346/1346 1345/1345/1345 1347/1347/1347
f 1347/1347/1347 1348/1348/1348 1346/1346/1346
f 1348/1348/1348 1347/1347/1347 1349/1349/1349
f 1349/1349/1349 1350/1350/1350 1348/1348/1348
f 1350/1350/1350 1349/1349/1349 1351/1351/1351
f 1351/1351/1351 1352/1352/1352 1350/1350/1350
f 1353/1353/1353 1354/1354/1354 1355/1355/1355
f 1354/1354/1354 1356/1356/1356 1355/1355/1355
f 1356/1356/1356 1357/1357/1357 1355/1355/1355
f 1358/1358/1358 1359/1359/1359 1360/1360/1360
f 1359/1359/1359 1361/1361/1361 1360/1360/1360
f 1361/1361/1361 1362/1362/1362 1360/1360/1360
f 1363/1363/1363 1364/1364/1364 1365/1365/1365
f 1365/1365/1365 1366/1366/1366 1363/1363/1363
f 1366/1366/1366 1365/1365/1365 1367/1367/1367
f 1367/1367/1367 1368/1368/1368 1366/1366/1366
f 1368/1368/1368 1367/1367/1367 1369/1369/1369
f 1369/1369/1369 1370/1370/1370 1368/1368/1368
f 1370/1370/1370 1369/1369/1369 1371/1371/1371
f 1371/1371/1371 1372/1372/1372 1370/1370/1370
f 1372/1372/1372 1371/1371/1371 1373/1373/1373
f 1373/1373/1373 1374/1374/1374 1372/1372/1372
f 1374/1374/1374 1373/1373/1373 1375/1375/1375
f 1375/1375/1375 1376/1376/1376 1374/1374/1374
f 1376/1376/1376 1375/1375/1375 1377/1377/1377
f 1377/1377/1377 1378/1378/1378 1376/1376/1376
f 1378/1378/1378 1377/1377/1377 1379/1379/1379
f 1379/1379/1379 1380/1380/1380 1378/1378/1378
f 1381/1381/1381 1382/1382/1382 1383/1383/1383
f 1383/1383/1383 1382/1382/1382 1384/1384/1384
f 1385/1385/1385 1383/1383/1383 1384/1384/1384
f 1386/1386/1386 1385/1385/1385 1384/1384/1384
f 1387/1387/1387 1386/1386/1386 1384/1384/1384
f 1388/1388/1388 1387/1387/1387 1384/1384/1384
f 1389/1389/1389 1388/1388/1388 1384/1384/1384
f 1390/1390/1390 1389/1389/1389 1384/1384/1384
f 1388/1388/1388 1389/1389/1389 1391/1391/1391
f 1392/1392/1392 1393/1393/1393 1394/1394/1394
f 1394/1394/1394 1395/1395/1395 1392/1392/1392
f 1395/1395/1395 1394/1394/1394 1396/1396/1396
f 1396/1396/1396 1397/1397/1397 1395/1395/1395
f 1397/1397/1397 1396/1396/1396 1398/1398/1398
f 1398/1398/1398 1399/1399/1399 1397/1397/1397
f 1399/1399/1399 1398/1398/1398 1400/1400/1400
f 1400/1400/1400 1401/1401/1401 1399/1399/1399
f 1401/1401/1401 1400/1400/1400 1402/1402/1402
f 1402/1402/1402 1403/1403/1403 1401/1401/1401
f 1403/1403/1403 1402/1402/1402 1404/1404/1404
f 1404/1404/1404 1405/1405/1405 1403/1403/1403
f 1406/1406/1406 1407/1407/1407 1408/1408/1408
f 1406/1406/1406 1408/1408/1408 1409/1409/1409
f 1408/1408/1408 1410/1410/1410 1409/1409/1409
f 1410/1410/1410 1411/1411/1411 1409/1409/1409
f 1410/1410/1410 1412/1412/1412 1411/1411/1411
f 1412/1412/1412 1410/1410/1410 1413/1413/1413
f 1414/1414/1414 1415/1415/1415 1413/1413/1413
f 1416/1416/1416 1412/1412/1412 1413/1413/1413
f 1415/1415/1415 1416/1416/1416 1413/1413/1413
f 1415/1415/1415 1417/1417/1417 1416/1416/1416
f 1416/1416/1416 1418/1418/1418 1412/1412/1412
f 1416/1416/1416 1419/1419/1419 1418/1418/1418
f 1420/1420/1420 1421/1421/1421 1422/1422/1422
f 1423/1423/1423 1420/1420/1420 1422/1422/1422
f 1424/1424/1424 1423/1423/1423 1422/1422/1422
f 1423/1423/1423 1424/1424/1424 1425/1425/1425
f 1425/1425/1425 1426/1426/1426 1423/1423/1423
f 1427/1427/1427 1428/1428/1428 1429/1429/1429
f 1429/1429/1429 1430/1430/1430 1427/1427/1427
f 1430/1430/1430 1429/1429/1429 1431/1431/1431
f 1431/1431/1431 1432/1432/1432 1430/1430/1430
f 1432/1432/1432 1433/1433/1433 1430/1430/1430
f 1433/1433/1433 1434/1434/1434 1430/1430/1430
f 1435/1435/1435 1433/1433/1433 1432/1432/1432
f 1434/1434/1434 1433/1433/1433 1436/1436/1436
f 1437/1437/1437 1435/1435/1435 1432/1432/1432
f 1436/1436/1436 1438/1438/1438 1434/1434/1434
f 1439/1439/1439 1437/1437/1437 1432/1432/1432
f 1438/1438/1438 1436/1436/1436 1440/1440/1440
f 1441/1441/1441 1439/1439/1439 1432/1432/1432
f 1440/1440/1440 1442/1442/1442 1438/1438/1438
f 1442/1442/1442 1440/1440/1440 1443/1443/1443
f 1444/1444/1444 1442/1442/1442 1443/1443/1443
f 1444/1444/1444 1443/1443/1443 1445/1445/1445
f 1446/1446/1446 1444/1444/1444 1445/1445/1445
f 1446/1446/1446 1445/1445/1445 1439/1439/1439
f 1439/1439/1439 1441/1441/1441 1446/1446/1446
f 1441/1441/1441 1447/1447/1447 1446/1446/1446
f 1448/1448/1448 1449/1449/1449 1450/1450/1450
f 1448/1448/1448 1450/1450/1450 1451/1451/1451
f 1451/1451/1451 1450/1450/1450 1452/1452/1452
f 1453/1453/1453 1451/1451/1451 1452/1452/1452
f 1453/1453/1453 1452/1452/1452 1454/1454/1454
f 1455/1455/1455 1453/1453/1453 1454/1454/1454
f 1455/1455/1455 1454/1454/1454 1456/1456/1456
f 1457/1457/1457 1458/1458/1458 1459/1459/1459
f 1459/1459/1459 1460/1460/1460 1457/1457/1457
f 1460/1460/1460 1459/1459/1459 1461/1461/1461
f 1462/1462/1462 1463/1463/1463 1464/1464/1464
f 1464/1464/1464 1465/1465/1465 1462/1462/1462
f 1465/1465/1465 1464/1464/1464 1466/1466/1466
f 1466/1466/1466 1467/1467/1467 1465/1465/1465
f 1467/1467/1467 1466/1466/1466 1468/1468/1468
f 1468/1468/1468 1469/1469/1469 1467/1467/1467
f 1469/1469/1469 1468/1468/1468 1470/1470/1470
f 1470/1470/1470 1471/1471/1471 1469/1469/1469
f 1471/1471/1471 1470/1470/1470 1472/1472/1472
f 1472/1472/1472 1473/1473/1473 1471/1471/1471
f 1473/1473/1473 1472/1472/1472 1474/1474/1474
f 1474/1474/1474 1475/1475/1475 1473/1473/1473
f 1475/1475/1475 1474/1474/1474 1476/1476/1476
f 1476/1476/1476 1477/1477/1477 1475/1475/1475
f 1478/1478/1478 1479/1479/1479 1480/1480/1480
f 1480/1480/1480 1481/1481/1481 1478/1478/1478
f 1481/1481/1481 1480/1480/1480 1482/1482/1482
f 1482/1482/1482 1483/1483/1483 1481/1481/1481
f 1483/1483/1483 1482/1482/1482 1484/1484/1484
f 1484/1484/1484 1485/1485/1485 1483/1483/1483
f 1485/1485/1485 1484/1484/1484 1486/1486/1486
f 1486/1486/1486 1487/1487/1487 1485/1485/1485
f 1488/1488/1488 1489/1489/1489 1490/1490/1490
f 1490/1490/1490 1491/1491/1491 1488/1488/1488
f 1491/1491/1491 1490/1490/1490 1492/1492/1492
f 1492/1492/1492 1493/1493/1493 1491/1491/1491
f 1493/1493/1493 1492/1492/1492 1494/1494/1494
f 1494/1494/1494 1495/1495/1495 1493/1493/1493
f 1496/1496/1496 1497/1497/1497 1498/1498/1498
f 1498/1498/1498 1499/1499/1499 1496/1496/1496
f 1500/1500/1500 1496/1496/1496 1499/1499/1499
f 1499/1499/1499 1501/1501/1501 1500/1500/1500
f 1502/1502/1502 1500/1500/1500 1501/1501/1501
f 1501/1501/1501 1503/1503/1503 1502/1502/1502
f 1504/1504/1504 1505/1505/1505 1506/1506/1506
f 1504/1504/1504 1506/1506/1506 1507/1507/1507
f 1504/1504/1504 1507/1507/1507 1508/1508/1508
f 1509/1509/1509 1510/1510/1510 1511/1511/1511
f 1511/1511/1511 1512/1512/1512 1509/1509/1509
f 1513/1513/1513 1509/1509/1509 1512/1512/1512
f 1512/1512/1512 1514/1514/1514 1513/1513/1513
f 1515/1515/1515 1516/1516/1516 1517/1517/1517
f 1515/1515/1515 1517/1517/1517 1518/1518/1518
f 1515/1515/1515 1518/1518/1518 1519/1519/1519
f 1520/1520/1520 1521/1521/1521 1522/1522/1522
f 1520/1520/1520 1522/1522/1522 1523/1523/1523
f 1520/1520/1520 1523/1523/1523 1524/1524/1524
f 1525/1525/1525 1526/1526/1526 1527/1527/1527
f 1527/1527/1527 1528/1528/1528 1525/1525/1525
f 1529/1529/1529 1525/1525/1525 1528/1528/1528
f 1528/1528/1528 1530/1530/1530 1529/1529/1529
f 1531/1531/1531 1529/1529/1529 1530/1530/1530
f 1530/1530/1530 1532/1532/1532 1531/1531/1531
f 1533/1533/1533 1531/1531/1531 1532/1532/1532
f 1532/1532/1532 1534/1534/1534 1533/1533/1533
f 1535/1535/1535 1533/1533/1533 1534/1534/1534
f 1534/1534/1534 1536/1536/1536 1535/1535/1535
f 1537/1537/1537 1538/1538/1538 1539/1539/1539
f 1539/1539/1539 1540/1540/1540 1537/1537/1537
f 1541/1541/1541 1537/1537/1537 1540/1540/1540
f 1540/1540/1540 1542/1542/1542 1541/1541/1541
f 1543/1543/1543 1544/1544/1544 1545/1545/1545
f 1544/1544/1544 1543/1543/1543 1546/1546/1546
f 1543/1543/1543 1547/1547/1547 1546/1546/1546
f 1547/1547/1547 1548/1548/1548 1546/1546/1546
f 1549/1549/1549 1548/1548/1548 1547/1547/1547
f 1547/1547/1547 1550/1550/1550 1549/1549/1549
f 1551/1551/1551 1549/1549/1549 1550/1550/1550
f 1550/1550/1550 1552/1552/1552 1551/1551/1551
f 1551/1551/1551 1552/1552/1552 1553/1553/1553
f 1553/1553/1553 1554/1554/1554 1551/1551/1551
f 1555/1555/1555 1556/1556/1556 1557/1557/1557
f 1557/1557/1557 1558/1558/1558 1555/1555/1555
f 1559/1559/1559 1555/1555/1555 1558/1558/1558
f 1558/1558/1558 1560/1560/1560 1559/1559/1559
f 1561/1561/1561 1562/1562/1562 1563/1563/1563
f 1563/1563/1563 1564/1564/1564 1561/1561/1561
f 1565/1565/1565 1561/1561/1561 1564/1564/1564
f 1564/1564/1564 1566/1566/1566 1565/1565/1565
f 1567/1567/1567 1565/1565/1565 1566/1566/1566
f 1568/1568/1568 1565/1565/1565 1567/1567/1567
f 1568/1568/1568 1567/1567/1567 1566/1566/1566
f 1566/1566/1566 1569/1569/1569 1568/1568/1568
f 1570/1570/1570 1571/1571/1571 1572/1572/1572
f 1572/1572/1572 1573/1573/1573 1570/1570/1570
f 1574/1574/1574 1570/1570/1570 1573/1573/1573
f 1573/1573/1573 1575/1575/1575 1574/1574/1574
f 1576/1576/1576 1577/1577/1577 1578/1578/1578
f 1578/1578/1578 1579/1579/1579 1576/1576/1576
f 1580/1580/1580 1576/1576/1576 1579/1579/1579
f 1579/1579/1579 1581/1581/1581 1580/1580/1580
f 1582/1582/1582 1580/1580/1580 1581/1581/1581
f 1581/1581/1581 1583/1583/1583 1582/1582/1582
f 1584/1584/1584 1585/1585/1585 1586/1586/1586
f 1587/1587/1587 1585/1585/1585 1584/1584/1584
f 1587/1587/1587 1588/1588/1588 1585/1585/1585
f 1587/1587/1587 1589/1589/1589 1588/1588/1588
f 1589/1589/1589 1590/1590/1590 1588/1588/1588
f 1589/1589/1589 1591/1591/1591 1590/1590/1590
f 1591/1591/1591 1592/1592/1592 1590/1590/1590
f 1593/1593/1593 1592/1592/1592 1591/1591/1591
f 1593/1593/1593 1594/1594/1594 1592/1592/1592
f 1594/1594/1594 1593/1593/1593 1595/1595/1595
f 1595/1595/1595 1596/1596/1596 1594/1594/1594
f 1596/1596/1596 1597/1597/1597 1594/1594/1594
f 1596/1596/1596 1598/1598/1598 1597/1597/1597
f 1598/1598/1598 1599/1599/1599 1597/1597/1597
f 1598/1598/1598 1600/1600/1600 1599/1599/1599
f 1600/1600/1600 1601/1601/1601 1599/1599/1599
f 1600/1600/1600 1602/1602/1602 1601/1601/1601
f 1602/1602/1602 1603/1603/1603 1601/1601/1601
f 1603/1603/1603 1602/1602/1602 1604/1604/1604
f 1604/1604/1604 1605/1605/1605 1603/1603/1603
f 1605/1605/1605 1606/1606/1606 1603/1603/1603
f 1607/1607/1607 1608/1608/1608 1609/1609/1609
f 1609/1609/1609 1608/1608/1608 1610/1610/1610
f 1610/1610/1610 1608/1608/1608 1611/1611/1611
f 1612/1612/1612 1610/1610/1610 1611/1611/1611
f 1612/1612/1612 1611/1611/1611 1613/1613/1613
f 1614/1614/1614 1612/1612/1612 1613/1613/1613
f 1613/1613/1613 1615/1615/1615 1614/1614/1614
f 1615/1615/1615 1613/1613/1613 1616/1616/1616
f 1617/1617/1617 1618/1618/1618 1619/1619/1619
f 1620/1620/1620 1618/1618/1618 1617/1617/1617
f 1617/1617/1617 1621/1621/1621 1620/1620/1620
f 1622/1622/1622 1623/1623/1623 1624/1624/1624
f 1625/1625/1625 1623/1623/1623 1622/1622/1622
f 1622/1622/1622 1626/1626/1626 1625/1625/1625
f 1627/1627/1627 1628/1628/1628 1629/1629/1629
f 1630/1630/1630 1628/1628/1628 1627/1627/1627
f 1627/1627/1627 1631/1631/1631 1630/1630/1630
f 1632/1632/1632 1633/1633/1633 1634/1634/1634
f 1635/1635/1635 1633/1633/1633 1632/1632/1632
f 1632/1632/1632 1636/1636/1636 1635/1635/1635
f 1635/1635/1635 1637/1637/1637 1638/1638/1638
f 1638/1638/1638 1639/1639/1639 1635/1635/1635
f 1639/1639/1639 1638/1638/1638 1640/1640/1640
f 1641/1641/1641 1642/1642/1642 1643/1643/1643
f 1643/1643/1643 1644/1644/1644 1641/1641/1641
f 1641/1641/1641 1644/1644/1644 1645/1645/1645
f 1645/1645/1645 1646/1646/1646 1641/1641/1641
f 1647/1647/1647 1646/1646/1646 1645/1645/1645
f 1645/1645/1645 1648/1648/1648 1647/1647/1647
f 1649/1649/1649 1650/1650/1650 1651/1651/1651
f 1650/1650/1650 1652/1652/1652 1651/1651/1651
f 1652/1652/1652 1653/1653/1653 1651/1651/1651
f 1653/1653/1653 1654/1654/1654 1651/1651/1651
f 1655/1655/1655 1656/1656/1656 1657/1657/1657
f 1655/1655/1655 1657/1657/1657 1658/1658/1658
f 1655/1655/1655 1658/1658/1658 1659/1659/1659
f 1658/1658/1658 1660/1660/1660 1659/1659/1659
f 1661/1661/1661 1655/1655/1655 1659/1659/1659
f 1662/1662/1662 1663/1663/1663 1664/1664/1664
f 1664/1664/1664 1665/1665/1665 1662/1662/1662
f 1666/1666/1666 1662/1662/1662 1665/1665/1665
f 1665/1665/1665 1664/1664/1664 1667/1667/1667
f 1666/1666/1666 1665/1665/1665 1668/1668/1668
f 1667/1667/1667 1668/1668/1668 1665/1665/1665
f 1668/1668/1668 1667/1667/1667 1669/1669/1669
f 1666/1666/1666 1670/1670/1670 1671/1671/1671
f 1672/1672/1672 1671/1671/1671 1670/1670/1670
f 1670/1670/1670 1673/1673/1673 1672/1672/1672
f 1669/1669/1669 1674/1674/1674 1668/1668/1668
f 1675/1675/1675 1668/1668/1668 1674/1674/1674
f 1674/1674/1674 1669/1669/1669 1676/1676/1676
f 1673/1673/1673 1670/1670/1670 1677/1677/1677
f 1678/1678/1678 1677/1677/1677 1670/1670/1670
f 1677/1677/1677 1679/1679/1679 1673/1673/1673
f 1676/1676/1676 1680/1680/1680 1674/1674/1674
f 1681/1681/1681 1674/1674/1674 1680/1680/1680
f 1680/1680/1680 1676/1676/1676 1682/1682/1682
f 1679/1679/1679 1677/1677/1677 1683/1683/1683
f 1683/1683/1683 1682/1682/1682 1679/1679/1679
f 1682/1682/1682 1683/1683/1683 1680/1680/1680
f 1684/1684/1684 1683/1683/1683 1677/1677/1677
f 1685/1685/1685 1680/1680/1680 1683/1683/1683
f 1686/1686/1686 1687/1687/1687 1688/1688/1688
f 1687/1687/1687 1689/1689/1689 1688/1688/1688
f 1689/1689/1689 1690/1690/1690 1688/1688/1688
f 1687/1687/1687 1691/1691/1691 1689/1689/1689
f 1692/1692/1692 1693/1693/1693 1694/1694/1694
f 1693/1693/1693 1695/1695/1695 1694/1694/1694
f 1695/1695/1695 1696/1696/1696 1694/1694/1694
f 1696/1696/1696 1697/1697/1697 1694/1694/1694
f 1697/1697/1697 1698/1698/1698 1694/1694/1694
f 1699/1699/1699 1700/1700/1700 1701/1701/1701
f 1701/1701/1701 1702/1702/1702 1699/1699/1699
f 1702/1702/1702 1703/1703/1703 1699/1699/1699
f 1703/1703/1703 1704/1704/1704 1699/1699/1699
f 1704/1704/1704 1705/1705/1705 1699/1699/1699
f 1705/1705/1705 1706/1706/1706 1699/1699/1699
f 1707/1707/1707 1708/1708/1708 1709/1709/1709
f 1710/1710/1710 1711/1711/1711 1709/1709/1709
f 1708/1708/1708 1710/1710/1710 1709/1709/1709
f 1708/1708/1708 1712/1712/1712 1710/1710/1710
f 1712/1712/1712 1713/1713/1713 1710/1710/1710
f 1708/1708/1708 1714/1714/1714 1712/1712/1712
f 1715/1715/1715 1716/1716/1716 1717/1717/1717
f 1718/1718/1718 1715/1715/1715 1717/1717/1717
f 1719/1719/1719 1715/1715/1715 1718/1718/1718
f 1719/1719/1719 1718/1718/1718 1720/1720/1720
f 1721/1721/1721 1719/1719/1719 1720/1720/1720
f 1718/1718/1718 1717/1717/1717 1722/1722/1722
f 1723/1723/1723 1721/1721/1721 1720/1720/1720
f 1724/1724/1724 1721/1721/1721 1723/1723/1723
f 1718/1718/1718 1725/1725/1725 1720/1720/1720
f 1722/1722/1722 1725/1725/1725 1718/1718/1718
f 1723/1723/1723 1720/1720/1720 1726/1726/1726
f 1725/1725/1725 1726/1726/1726 1720/1720/1720
f 1724/1724/1724 1723/1723/1723 1727/1727/1727
f 1728/1728/1728 1724/1724/1724 1727/1727/1727
f 1726/1726/1726 1729/1729/1729 1723/1723/1723
f 1723/1723/1723 1729/1729/1729 1727/1727/1727
f 1726/1726/1726 1725/1725/1725 1730/1730/1730
f 1729/1729/1729 1726/1726/1726 1730/1730/1730
f 1731/1731/1731 1728/1728/1728 1727/1727/1727
f 1732/1732/1732 1728/1728/1728 1731/1731/1731
f 1729/1729/1729 1733/1733/1733 1727/1727/1727
f 1731/1731/1731 1727/1727/1727 1733/1733/1733
f 1733/1733/1733 1729/1729/1729 1734/1734/1734
f 1734/1734/1734 1729/1729/1729 1730/1730/1730
f 1733/1733/1733 1735/1735/1735 1731/1731/1731
f 1735/1735/1735 1733/1733/1733 1734/1734/1734
f 1732/1732/1732 1731/1731/1731 1736/1736/1736
f 1731/1731/1731 1735/1735/1735 1736/1736/1736
f 1737/1737/1737 1732/1732/1732 1736/1736/1736
f 1738/1738/1738 1735/1735/1735 1734/1734/1734
f 1739/1739/1739 1737/1737/1737 1736/1736/1736
f 1740/1740/1740 1737/1737/1737 1739/1739/1739
f 1735/1735/1735 1741/1741/1741 1736/1736/1736
f 1739/1739/1739 1736/1736/1736 1741/1741/1741
f 1741/1741/1741 1735/1735/1735 1738/1738/1738
f 1740/1740/1740 1739/1739/1739 1742/1742/1742
f 1741/1741/1741 1743/1743/1743 1739/1739/1739
f 1743/1743/1743 1741/1741/1741 1738/1738/1738
f 1739/1739/1739 1743/1743/1743 1742/1742/1742
f 1738/1738/1738 1734/1734/1734 1744/1744/1744
f 1734/1734/1734 1730/1730/1730 1744/1744/1744
f 1745/1745/1745 1743/1743/1743 1738/1738/1738
f 1745/1745/1745 1738/1738/1738 1744/1744/1744
f 1730/1730/1730 1746/1746/1746 1744/1744/1744
f 1746/1746/1746 1745/1745/1745 1744/1744/1744
f 1730/1730/1730 1725/1725/1725 1746/1746/1746
f 1725/1725/1725 1722/1722/1722 1746/1746/1746
f 1747/1747/1747 1743/1743/1743 1745/1745/1745
f 1743/1743/1743 1747/1747/1747 1742/1742/1742
f 1746/1746/1746 1748/1748/1748 1745/1745/1745
f 1722/1722/1722 1748/1748/1748 1746/1746/1746
f 1748/1748/1748 1747/1747/1747 1745/1745/1745
f 1748/1748/1748 1722/1722/1722 1717/1717/1717
f 1747/1747/1747 1748/1748/1748 1749/1749/1749
f 1749/1749/1749 1748/1748/1748 1717/1717/1717
f 1749/1749/1749 1742/1742/1742 1747/1747/1747
f 1750/1750/1750 1749/1749/1749 1717/1717/1717
f 1750/1750/1750 1751/1751/1751 1749/1749/1749
f 1749/1749/1749 1751/1751/1751 1742/1742/1742
f 1751/1751/1751 1752/1752/1752 1742/1742/1742
f 1753/1753/1753 1754/1754/1754 1755/1755/1755
f 1756/1756/1756 1753/1753/1753 1755/1755/1755
f 1757/1757/1757 1753/1753/1753 1756/1756/1756
f 1757/1757/1757 1756/1756/1756 1758/1758/1758
f 1759/1759/1759 1757/1757/1757 1758/1758/1758
f 1756/1756/1756 1755/1755/1755 1760/1760/1760
f 1761/1761/1761 1759/1759/1759 1758/1758/1758
f 1762/1762/1762 1759/1759/1759 1761/1761/1761
f 1756/1756/1756 1763/1763/1763 1758/1758/1758
f 1760/1760/1760 1763/1763/1763 1756/1756/1756
f 1761/1761/1761 1758/1758/1758 1764/1764/1764
f 1763/1763/1763 1764/1764/1764 1758/1758/1758
f 1762/1762/1762 1761/1761/1761 1765/1765/1765
f 1766/1766/1766 1762/1762/1762 1765/1765/1765
f 1764/1764/1764 1767/1767/1767 1761/1761/1761
f 1761/1761/1761 1767/1767/1767 1765/1765/1765
f 1764/1764/1764 1763/1763/1763 1768/1768/1768
f 1767/1767/1767 1764/1764/1764 1768/1768/1768
f 1769/1769/1769 1766/1766/1766 1765/1765/1765
f 1770/1770/1770 1766/1766/1766 1769/1769/1769
f 1767/1767/1767 1771/1771/1771 1765/1765/1765
f 1769/1769/1769 1765/1765/1765 1771/1771/1771
f 1771/1771/1771 1767/1767/1767 1772/1772/1772
f 1772/1772/1772 1767/1767/1767 1768/1768/1768
f 1771/1771/1771 1773/1773/1773 1769/1769/1769
f 1773/1773/1773 1771/1771/1771 1772/1772/1772
f 1770/1770/1770 1769/1769/1769 1774/1774/1774
f 1769/1769/1769 1773/1773/1773 1774/1774/1774
f 1775/1775/1775 1770/1770/1770 1774/1774/1774
f 1776/1776/1776 1773/1773/1773 1772/1772/1772
f 1777/1777/1777 1775/1775/1775 1774/1774/1774
f 1778/1778/1778 1775/1775/1775 1777/1777/1777
f 1773/1773/1773 1779/1779/1779 1774/1774/1774
f 1777/1777/1777 1774/1774/1774 1779/1779/1779
f 1779/1779/1779 1773/1773/1773 1776/1776/1776
f 1778/1778/1778 1777/1777/1777 1780/1780/1780
f 1779/1779/1779 1781/1781/1781 1777/1777/1777
f 1781/1781/1781 1779/1779/1779 1776/1776/1776
f 1777/1777/1777 1781/1781/1781 1780/1780/1780
f 1776/1776/1776 1772/1772/1772 1782/1782/1782
f 1772/1772/1772 1768/1768/1768 1782/1782/1782
f 1783/1783/1783 1781/1781/1781 1776/1776/1776
f 1783/1783/1783 1776/1776/1776 1782/1782/1782
f 1768/1768/1768 1784/1784/1784 1782/1782/1782
f 1784/1784/1784 1783/1783/1783 1782/1782/1782
f 1768/1768/1768 1763/1763/1763 1784/1784/1784
f 1763/1763/1763 1760/1760/1760 1784/1784/1784
f 1785/1785/1785 1781/1781/1781 1783/1783/1783
f 1781/1781/1781 1785/1785/1785 1780/1780/1780
f 1784/1784/1784 1786/1786/1786 1783/1783/1783
f 1760/1760/1760 1786/1786/1786 1784/1784/1784
f 1786/1786/1786 1785/1785/1785 1783/1783/1783
f 1786/1786/1786 1760/1760/1760 1755/1755/1755
f 1785/1785/1785 1786/1786/1786 1787/1787/1787
f 1787/1787/1787 1786/1786/1786 1755/1755/1755
f 1787/1787/1787 1780/1780/1780 1785/1785/1785
f 1788/1788/1788 1787/1787/1787 1755/1755/1755
f 1788/1788/1788 1789/1789/1789 1787/1787/1787
f 1787/1787/1787 1789/1789/1789 1780/1780/1780
f 1789/1789/1789 1790/1790/1790 1780/1780/1780
f 1791/1791/1791 1792/1792/1792 1793/1793/1793
f 1794/1794/1794 1795/1795/1795 1791/1791/1791
f 1793/1793/1793 1796/1796/1796 1791/1791/1791
f 1797/1797/1797 1796/1796/1796 1793/1793/1793
f 1791/1791/1791 1798/1798/1798 1794/1794/1794
f 1799/1799/1799 1796/1796/1796 1797/1797/1797
f 1797/1797/1797 1800/1800/1800 1799/1799/1799
f 1801/1801/1801 1799/1799/1799 1800/1800/1800
f 1801/1801/1801 1802/1802/1802 1799/1799/1799
f 1799/1799/1799 1802/1802/1802 1803/1803/1803
f 1799/1799/1799 1803/1803/1803 1796/1796/1796
f 1803/1803/1803 1802/1802/1802 1804/1804/1804
f 1796/1796/1796 1805/1805/1805 1791/1791/1791
f 1803/1803/1803 1805/1805/1805 1796/1796/1796
f 1805/1805/1805 1798/1798/1798 1791/1791/1791
f 1803/1803/1803 1804/1804/1804 1806/1806/1806
f 1803/1803/1803 1806/1806/1806 1805/1805/1805
f 1804/1804/1804 1807/1807/1807 1806/1806/1806
f 1806/1806/1806 1808/1808/1808 1805/1805/1805
f 1806/1806/1806 1807/1807/1807 1808/1808/1808
f 1808/1808/1808 1798/1798/1798 1805/1805/1805
f 1808/1808/1808 1807/1807/1807 1809/1809/1809
f 1808/1808/1808 1809/1809/1809 1810/1810/1810
f 1808/1808/1808 1810/1810/1810 1798/1798/1798
f 1809/1809/1809 1811/1811/1811 1810/1810/1810
f 1810/1810/1810 1812/1812/1812 1798/1798/1798
f 1810/1810/1810 1811/1811/1811 1812/1812/1812
f 1794/1794/1794 1798/1798/1798 1812/1812/1812
f 1813/1813/1813 1812/1812/1812 1811/1811/1811
f 1812/1812/1812 1814/1814/1814 1794/1794/1794
f 1814/1814/1814 1812/1812/1812 1813/1813/1813
f 1815/1815/1815 1816/1816/1816 1817/1817/1817
f 1817/1817/1817 1818/1818/1818 1815/1815/1815
f 1816/1816/1816 1815/1815/1815 1819/1819/1819
f 1818/1818/1818 1817/1817/1817 1820/1820/1820
f 1819/1819/1819 1821/1821/1821 1816/1816/1816
f 1820/1820/1820 1822/1822/1822 1818/1818/1818
f 1821/1821/1821 1819/1819/1819 1823/1823/1823
f 1822/1822/1822 1820/1820/1820 1824/1824/1824
f 1823/1823/1823 1825/1825/1825 1821/1821/1821
f 1824/1824/1824 1826/1826/1826 1822/1822/1822
f 1825/1825/1825 1823/1823/1823 1826/1826/1826
f 1826/1826/1826 1824/1824/1824 1825/1825/1825
f 1827/1827/1827 1828/1828/1828 1829/1829/1829
f 1829/1829/1829 1830/1830/1830 1827/1827/1827
f 1828/1828/1828 1827/1827/1827 1831/1831/1831
f 1830/1830/1830 1829/1829/1829 1832/1832/1832
f 1831/1831/1831 1833/1833/1833 1828/1828/1828
f 1832/1832/1832 1834/1834/1834 1830/1830/1830
f 1833/1833/1833 1831/1831/1831 1835/1835/1835
f 1834/1834/1834 1832/1832/1832 1836/1836/1836
f 1835/1835/1835 1837/1837/1837 1833/1833/1833
f 1836/1836/1836 1838/1838/1838 1834/1834/1834
f 1837/1837/1837 1835/1835/1835 1838/1838/1838
f 1838/1838/1838 1836/1836/1836 1837/1837/1837
f 1839/1839/1839 1840/1840/1840 1841/1841/1841
f 1841/1841/1841 1842/1842/1842 1839/1839/1839
f 1840/1840/1840 1839/1839/1839 1843/1843/1843
f 1842/1842/1842 1841/1841/1841 1844/1844/1844
f 1843/1843/1843 1845/1845/1845 1840/1840/1840
f 1844/1844/1844 1846/1846/1846 1842/1842/1842
f 1845/1845/1845 1843/1843/1843 1847/1847/1847
f 1846/1846/1846 1844/1844/1844 1848/1848/1848
f 1847/1847/1847 1849/1849/1849 1845/1845/1845
f 1848/1848/1848 1850/1850/1850 1846/1846/1846
f 1849/1849/1849 1847/1847/1847 1851/1851/1851
f 1850/1850/1850 1848/1848/1848 1852/1852/1852
f 1851/1851/1851 1853/1853/1853 1849/1849/1849
f 1852/1852/1852 1854/1854/1854 1850/1850/1850
f 1853/1853/1853 1851/1851/1851 1854/1854/1854
f 1854/1854/1854 1852/1852/1852 1853/1853/1853
f 1855/1855/1855 1856/1856/1856 1857/1857/1857
f 1855/1855/1855 1857/1857/1857 1858/1858/1858
f 1855/1855/1855 1858/1858/1858 1859/1859/1859
f 1856/1856/1856 1860/1860/1860 1857/1857/1857
f 1861/1861/1861 1860/1860/1860 1856/1856/1856
f 1859/1859/1859 1858/1858/1858 1862/1862/1862
f 1863/1863/1863 1859/1859/1859 1862/1862/1862
f 1858/1858/1858 1857/1857/1857 1864/1864/1864
f 1857/1857/1857 1860/1860/1860 1864/1864/1864
f 1862/1862/1862 1858/1858/1858 1865/1865/1865
f 1865/1865/1865 1858/1858/1858 1864/1864/1864
f 1863/1863/1863 1862/1862/1862 1866/1866/1866
f 1866/1866/1866 1862/1862/1862 1865/1865/1865
f 1863/1863/1863 1866/1866/1866 1867/1867/1867
f 1865/1865/1865 1864/1864/1864 1868/1868/1868
f 1867/1867/1867 1866/1866/1866 1869/1869/1869
f 1870/1870/1870 1867/1867/1867 1869/1869/1869
f 1871/1871/1871 1866/1866/1866 1865/1865/1865
f 1869/1869/1869 1866/1866/1866 1871/1871/1871
f 1871/1871/1871 1865/1865/1865 1868/1868/1868
f 1870/1870/1870 1869/1869/1869 1872/1872/1872
f 1872/1872/1872 1869/1869/1869 1871/1871/1871
f 1870/1870/1870 1872/1872/1872 1873/1873/1873
f 1874/1874/1874 1871/1871/1871 1868/1868/1868
f 1874/1874/1874 1872/1872/1872 1871/1871/1871
f 1873/1873/1873 1872/1872/1872 1875/1875/1875
f 1875/1875/1875 1872/1872/1872 1874/1874/1874
f 1876/1876/1876 1873/1873/1873 1875/1875/1875
f 1877/1877/1877 1874/1874/1874 1868/1868/1868
f 1864/1864/1864 1877/1877/1877 1868/1868/1868
f 1864/1864/1864 1860/1860/1860 1877/1877/1877
f 1878/1878/1878 1875/1875/1875 1874/1874/1874
f 1876/1876/1876 1875/1875/1875 1878/1878/1878
f 1877/1877/1877 1878/1878/1878 1874/1874/1874
f 1876/1876/1876 1878/1878/1878 1879/1879/1879
f 1860/1860/1860 1880/1880/1880 1877/1877/1877
f 1880/1880/1880 1878/1878/1878 1877/1877/1877
f 1879/1879/1879 1878/1878/1878 1880/1880/1880
f 1861/1861/1861 1880/1880/1880 1860/1860/1860
f 1861/1861/1861 1879/1879/1879 1880/1880/1880
f 1881/1881/1881 1882/1882/1882 1883/1883/1883
f 1881/1881/1881 1883/1883/1883 1884/1884/1884
f 1881/1881/1881 1884/1884/1884 1885/1885/1885
f 1882/1882/1882 1886/1886/1886 1883/1883/1883
f 1887/1887/1887 1886/1886/1886 1882/1882/1882
f 1885/1885/1885 1884/1884/1884 1888/1888/1888
f 1889/1889/1889 1885/1885/1885 1888/1888/1888
f 1884/1884/1884 1883/1883/1883 1890/1890/1890
f 1883/1883/1883 1886/1886/1886 1890/1890/1890
f 1888/1888/1888 1884/1884/1884 1891/1891/1891
f 1891/1891/1891 1884/1884/1884 1890/1890/1890
f 1889/1889/1889 1888/1888/1888 1892/1892/1892
f 1892/1892/1892 1888/1888/1888 1891/1891/1891
f 1889/1889/1889 1892/1892/1892 1893/1893/1893
f 1891/1891/1891 1890/1890/1890 1894/1894/1894
f 1893/1893/1893 1892/1892/1892 1895/1895/1895
f 1896/1896/1896 1893/1893/1893 1895/1895/1895
f 1897/1897/1897 1892/1892/1892 1891/1891/1891
f 1895/1895/1895 1892/1892/1892 1897/1897/1897
f 1897/1897/1897 1891/1891/1891 1894/1894/1894
f 1896/1896/1896 1895/1895/1895 1898/1898/1898
f 1898/1898/1898 1895/1895/1895 1897/1897/1897
f 1896/1896/1896 1898/1898/1898 1899/1899/1899
f 1900/1900/1900 1897/1897/1897 1894/1894/1894
f 1900/1900/1900 1898/1898/1898 1897/1897/1897
f 1899/1899/1899 1898/1898/1898 1901/1901/1901
f 1901/1901/1901 1898/1898/1898 1900/1900/1900
f 1902/1902/1902 1899/1899/1899 1901/1901/1901
f 1903/1903/1903 1900/1900/1900 1894/1894/1894
f 1890/1890/1890 1903/1903/1903 1894/1894/1894
f 1890/1890/1890 1886/1886/1886 1903/1903/1903
f 1904/1904/1904 1901/1901/1901 1900/1900/1900
f 1902/1902/1902 1901/1901/1901 1904/1904/1904
f 1903/1903/1903 1904/1904/1904 1900/1900/1900
f 1902/1902/1902 1904/1904/1904 1905/1905/1905
f 1886/1886/1886 1906/1906/1906 1903/1903/1903
f 1906/1906/1906 1904/1904/1904 1903/1903/1903
f 1905/1905/1905 1904/1904/1904 1906/1906/1906
f 1887/1887/1887 1906/1906/1906 1886/1886/1886
f 1887/1887/1887 1905/1905/1905 1906/1906/1906
f 1907/1907/1907 1908/1908/1908 1909/1909/1909
f 1909/1909/1909 1908/1908/1908 1910/1910/1910
f 1910/1910/1910 1908/1908/1908 1911/1911/1911
f 1912/1912/1912 1907/1907/1907 1909/1909/1909
f 1912/1912/1912 1913/1913/1913 1907/1907/1907
f 1910/1910/1910 1911/1911/1911 1914/1914/1914
f 1911/1911/1911 1915/1915/1915 1914/1914/1914
f 1909/1909/1909 1910/1910/1910 1916/1916/1916
f 1912/1912/1912 1909/1909/1909 1916/1916/1916
f 1910/1910/1910 1914/1914/1914 1917/1917/1917
f 1910/1910/1910 1917/1917/1917 1916/1916/1916
f 1914/1914/1914 1915/1915/1915 1918/1918/1918
f 1914/1914/1914 1918/1918/1918 1917/1917/1917
f 1918/1918/1918 1915/1915/1915 1919/1919/1919
f 1916/1916/1916 1917/1917/1917 1920/1920/1920
f 1918/1918/1918 1919/1919/1919 1921/1921/1921
f 1919/1919/1919 1922/1922/1922 1921/1921/1921
f 1918/1918/1918 1923/1923/1923 1917/1917/1917
f 1918/1918/1918 1921/1921/1921 1923/1923/1923
f 1917/1917/1917 1923/1923/1923 1920/1920/1920
f 1921/1921/1921 1922/1922/1922 1924/1924/1924
f 1921/1921/1921 1924/1924/1924 1923/1923/1923
f 1924/1924/1924 1922/1922/1922 1925/1925/1925
f 1923/1923/1923 1926/1926/1926 1920/1920/1920
f 1924/1924/1924 1926/1926/1926 1923/1923/1923
f 1924/1924/1924 1925/1925/1925 1927/1927/1927
f 1924/1924/1924 1927/1927/1927 1926/1926/1926
f 1925/1925/1925 1928/1928/1928 1927/1927/1927
f 1926/1926/1926 1929/1929/1929 1920/1920/1920
f 1929/1929/1929 1916/1916/1916 1920/1920/1920
f 1912/1912/1912 1916/1916/1916 1929/1929/1929
f 1927/1927/1927 1930/1930/1930 1926/1926/1926
f 1927/1927/1927 1928/1928/1928 1930/1930/1930
f 1930/1930/1930 1929/1929/1929 1926/1926/1926
f 1930/1930/1930 1928/1928/1928 1931/1931/1931
f 1932/1932/1932 1912/1912/1912 1929/1929/1929
f 1930/1930/1930 1932/1932/1932 1929/1929/1929
f 1930/1930/1930 1931/1931/1931 1932/1932/1932
f 1932/1932/1932 1913/1913/1913 1912/1912/1912
f 1931/1931/1931 1913/1913/1913 1932/1932/1932
f 1933/1933/1933 1934/1934/1934 1935/1935/1935
f 1934/1934/1934 1936/1936/1936 1935/1935/1935
f 1934/1934/1934 1937/1937/1937 1936/1936/1936
f 1933/1933/1933 1935/1935/1935 1938/1938/1938
f 1933/1933/1933 1938/1938/1938 1939/1939/1939
f 1936/1936/1936 1937/1937/1937 1940/1940/1940
f 1937/1937/1937 1941/1941/1941 1940/1940/1940
f 1939/1939/1939 1938/1938/1938 1942/1942/1942
f 1943/1943/1943 1939/1939/1939 1942/1942/1942
f 1941/1941/1941 1944/1944/1944 1940/1940/1940
f 1945/1945/1945 1944/1944/1944 1941/1941/1941
f 1946/1946/1946 1943/1943/1943 1942/1942/1942
f 1947/1947/1947 1943/1943/1943 1946/1946/1946
f 1945/1945/1945 1948/1948/1948 1944/1944/1944
f 1949/1949/1949 1948/1948/1948 1945/1945/1945
f 1947/1947/1947 1946/1946/1946 1950/1950/1950
f 1947/1947/1947 1950/1950/1950 1951/1951/1951
f 1949/1949/1949 1952/1952/1952 1948/1948/1948
f 1949/1949/1949 1953/1953/1953 1952/1952/1952
f 1951/1951/1951 1950/1950/1950 1954/1954/1954
f 1951/1951/1951 1954/1954/1954 1955/1955/1955
f 1952/1952/1952 1953/1953/1953 1956/1956/1956
f 1953/1953/1953 1957/1957/1957 1956/1956/1956
f 1955/1955/1955 1954/1954/1954 1958/1958/1958
f 1959/1959/1959 1955/1955/1955 1958/1958/1958
f 1957/1957/1957 1960/1960/1960 1956/1956/1956
f 1961/1961/1961 1960/1960/1960 1957/1957/1957
f 1962/1962/1962 1959/1959/1959 1958/1958/1958
f 1963/1963/1963 1959/1959/1959 1962/1962/1962
f 1961/1961/1961 1964/1964/1964 1960/1960/1960
f 1965/1965/1965 1964/1964/1964 1961/1961/1961
f 1963/1963/1963 1962/1962/1962 1966/1966/1966
f 1963/1963/1963 1966/1966/1966 1967/1967/1967
f 1965/1965/1965 1968/1968/1968 1964/1964/1964
f 1965/1965/1965 1969/1969/1969 1968/1968/1968
f 1967/1967/1967 1966/1966/1966 1970/1970/1970
f 1967/1967/1967 1970/1970/1970 1971/1971/1971
f 1969/1969/1969 1971/1971/1971 1972/1972/1972
f 1971/1971/1971 1970/1970/1970 1972/1972/1972
f 1968/1968/1968 1969/1969/1969 1972/1972/1972
f 1966/1966/1966 1973/1973/1973 1970/1970/1970
f 1970/1970/1970 1974/1974/1974 1972/1972/1972
f 1973/1973/1973 1974/1974/1974 1970/1970/1970
f 1968/1968/1968 1972/1972/1972 1975/1975/1975
f 1974/1974/1974 1975/1975/1975 1972/1972/1972
f 1975/1975/1975 1976/1976/1976 1968/1968/1968
f 1968/1968/1968 1976/1976/1976 1964/1964/1964
f 1975/1975/1975 1974/1974/1974 1977/1977/1977
f 1976/1976/1976 1975/1975/1975 1977/1977/1977
f 1976/1976/1976 1978/1978/1978 1964/1964/1964
f 1964/1964/1964 1978/1978/1978 1960/1960/1960
f 1979/1979/1979 1976/1976/1976 1977/1977/1977
f 1978/1978/1978 1976/1976/1976 1979/1979/1979
f 1977/1977/1977 1974/1974/1974 1980/1980/1980
f 1974/1974/1974 1973/1973/1973 1980/1980/1980
f 1979/1979/1979 1977/1977/1977 1981/1981/1981
f 1977/1977/1977 1980/1980/1980 1981/1981/1981
f 1978/1978/1978 1982/1982/1982 1960/1960/1960
f 1960/1960/1960 1982/1982/1982 1956/1956/1956
f 1983/1983/1983 1978/1978/1978 1979/1979/1979
f 1982/1982/1982 1978/1978/1978 1983/1983/1983
f 1982/1982/1982 1984/1984/1984 1956/1956/1956
f 1952/1952/1952 1956/1956/1956 1984/1984/1984
f 1985/1985/1985 1982/1982/1982 1983/1983/1983
f 1984/1984/1984 1982/1982/1982 1985/1985/1985
f 1984/1984/1984 1986/1986/1986 1952/1952/1952
f 1986/1986/1986 1984/1984/1984 1985/1985/1985
f 1952/1952/1952 1986/1986/1986 1948/1948/1948
f 1985/1985/1985 1983/1983/1983 1987/1987/1987
f 1986/1986/1986 1988/1988/1988 1948/1948/1948
f 1948/1948/1948 1988/1988/1988 1944/1944/1944
f 1989/1989/1989 1986/1986/1986 1985/1985/1985
f 1988/1988/1988 1986/1986/1986 1989/1989/1989
f 1989/1989/1989 1985/1985/1985 1987/1987/1987
f 1988/1988/1988 1990/1990/1990 1944/1944/1944
f 1944/1944/1944 1990/1990/1990 1940/1940/1940
f 1991/1991/1991 1988/1988/1988 1989/1989/1989
f 1990/1990/1990 1988/1988/1988 1991/1991/1991
f 1990/1990/1990 1992/1992/1992 1940/1940/1940
f 1936/1936/1936 1940/1940/1940 1992/1992/1992
f 1993/1993/1993 1990/1990/1990 1991/1991/1991
f 1992/1992/1992 1990/1990/1990 1993/1993/1993
f 1992/1992/1992 1994/1994/1994 1936/1936/1936
f 1994/1994/1994 1992/1992/1992 1993/1993/1993
f 1936/1936/1936 1994/1994/1994 1935/1935/1935
f 1993/1993/1993 1991/1991/1991 1995/1995/1995
f 1994/1994/1994 1996/1996/1996 1935/1935/1935
f 1935/1935/1935 1996/1996/1996 1938/1938/1938
f 1997/1997/1997 1994/1994/1994 1993/1993/1993
f 1996/1996/1996 1994/1994/1994 1997/1997/1997
f 1997/1997/1997 1993/1993/1993 1995/1995/1995
f 1996/1996/1996 1998/1998/1998 1938/1938/1938
f 1938/1938/1938 1998/1998/1998 1942/1942/1942
f 1999/1999/1999 1996/1996/1996 1997/1997/1997
f 1998/1998/1998 1996/1996/1996 1999/1999/1999
f 1998/1998/1998 2000/2000/2000 1942/1942/1942
f 1946/1946/1946 1942/1942/1942 2000/2000/2000
f 2001/2001/2001 1998/1998/1998 1999/1999/1999
f 2000/2000/2000 1998/1998/1998 2001/2001/2001
f 2000/2000/2000 2002/2002/2002 1946/1946/1946
f 2002/2002/2002 2000/2000/2000 2001/2001/2001
f 1946/1946/1946 2002/2002/2002 1950/1950/1950
f 2001/2001/2001 1999/1999/1999 2003/2003/2003
f 2002/2002/2002 2004/2004/2004 1950/1950/1950
f 1950/1950/1950 2004/2004/2004 1954/1954/1954
f 2005/2005/2005 2002/2002/2002 2001/2001/2001
f 2004/2004/2004 2002/2002/2002 2005/2005/2005
f 2005/2005/2005 2001/2001/2001 2003/2003/2003
f 2004/2004/2004 2006/2006/2006 1954/1954/1954
f 1954/1954/1954 2006/2006/2006 1958/1958/1958
f 2007/2007/2007 2004/2004/2004 2005/2005/2005
f 2006/2006/2006 2004/2004/2004 2007/2007/2007
f 2006/2006/2006 2008/2008/2008 1958/1958/1958
f 1962/1962/1962 1958/1958/1958 2008/2008/2008
f 2009/2009/2009 2006/2006/2006 2007/2007/2007
f 2008/2008/2008 2006/2006/2006 2009/2009/2009
f 2008/2008/2008 2010/2010/2010 1962/1962/1962
f 2010/2010/2010 2008/2008/2008 2009/2009/2009
f 1962/1962/1962 2010/2010/2010 1966/1966/1966
f 2010/2010/2010 1973/1973/1973 1966/1966/1966
f 1973/1973/1973 2010/2010/2010 2011/2011/2011
f 2011/2011/2011 2010/2010/2010 2009/2009/2009
f 1980/1980/1980 1973/1973/1973 2011/2011/2011
f 2011/2011/2011 2009/2009/2009 2012/2012/2012
f 2009/2009/2009 2007/2007/2007 2012/2012/2012
f 1980/1980/1980 2011/2011/2011 2013/2013/2013
f 2013/2013/2013 2011/2011/2011 2012/2012/2012
f 1981/1981/1981 1980/1980/1980 2013/2013/2013
f 2012/2012/2012 2007/2007/2007 2014/2014/2014
f 2007/2007/2007 2005/2005/2005 2014/2014/2014
f 2014/2014/2014 2005/2005/2005 2003/2003/2003
f 2013/2013/2013 2012/2012/2012 2015/2015/2015
f 2012/2012/2012 2014/2014/2014 2015/2015/2015
f 1981/1981/1981 2013/2013/2013 2016/2016/2016
f 2016/2016/2016 2013/2013/2013 2015/2015/2015
f 2014/2014/2014 2003/2003/2003 2017/2017/2017
f 2015/2015/2015 2014/2014/2014 2017/2017/2017
f 2018/2018/2018 1981/1981/1981 2016/2016/2016
f 2018/2018/2018 1979/1979/1979 1981/1981/1981
f 1983/1983/1983 1979/1979/1979 2018/2018/2018
f 1987/1987/1987 1983/1983/1983 2018/2018/2018
f 2016/2016/2016 2015/2015/2015 2019/2019/2019
f 2019/2019/2019 2015/2015/2015 2017/2017/2017
f 2020/2020/2020 2018/2018/2018 2016/2016/2016
f 1987/1987/1987 2018/2018/2018 2020/2020/2020
f 2019/2019/2019 2021/2021/2021 2016/2016/2016
f 2020/2020/2020 2016/2016/2016 2021/2021/2021
f 2021/2021/2021 2019/2019/2019 2022/2022/2022
f 2023/2023/2023 1987/1987/1987 2020/2020/2020
f 2023/2023/2023 1989/1989/1989 1987/1987/1987
f 1991/1991/1991 1989/1989/1989 2023/2023/2023
f 1995/1995/1995 1991/1991/1991 2023/2023/2023
f 2021/2021/2021 2024/2024/2024 2020/2020/2020
f 2024/2024/2024 2021/2021/2021 2022/2022/2022
f 2025/2025/2025 2023/2023/2023 2020/2020/2020
f 2025/2025/2025 2020/2020/2020 2024/2024/2024
f 1995/1995/1995 2023/2023/2023 2025/2025/2025
f 2026/2026/2026 2024/2024/2024 2022/2022/2022
f 2024/2024/2024 2026/2026/2026 2025/2025/2025
f 2019/2019/2019 2027/2027/2027 2022/2022/2022
f 2027/2027/2027 2026/2026/2026 2022/2022/2022
f 2017/2017/2017 2027/2027/2027 2019/2019/2019
f 2026/2026/2026 2027/2027/2027 2017/2017/2017
f 2017/2017/2017 2025/2025/2025 2026/2026/2026
f 2028/2028/2028 1995/1995/1995 2025/2025/2025
f 2017/2017/2017 2028/2028/2028 2025/2025/2025
f 2028/2028/2028 1997/1997/1997 1995/1995/1995
f 2003/2003/2003 2028/2028/2028 2017/2017/2017
f 1999/1999/1999 1997/1997/1997 2028/2028/2028
f 2003/2003/2003 1999/1999/1999 2028/2028/2028
