v -3.687669 0.021077000000000012 0.235279
v -3.651135 -0.022705999999999987 0.234605
v -3.60683 0.014837000000000013 0.235252
v -3.60683 0.014837000000000013 0.235252
v -3.643484 0.058644000000000016 0.235856
v -3.687669 0.021077000000000012 0.235279
v -3.456282 3.101786 1.0068619999999997
v -3.500064 3.065252 1.0061879999999999
v -3.462522 3.020946 1.0068349999999997
v -3.462522 3.020946 1.0068349999999997
v -3.418715 3.0576 1.0074399999999997
v -3.456282 3.101786 1.0068619999999997
v -3.443301 2.902598 1.0068619999999997
v -3.494915 2.926839 1.0061879999999999
v -3.519204 2.87409 1.0068349999999997
v -3.519204 2.87409 1.0068349999999997
v -3.46747 2.849878 1.0074399999999997
v -3.443301 2.902598 1.0068619999999997
v -4.533105 3.103573 1.0068619999999997
v -4.496572 3.05979 1.0061879999999999
v -4.452265 3.097333 1.0068349999999997
v -4.452265 3.097333 1.0068349999999997
v -4.488919 3.14114 1.0074399999999997
v -4.533105 3.103573 1.0068619999999997
v -3.823636 0.14308000000000004 0.235279
v -3.880659 0.14323700000000003 0.234605
v -3.880379 0.08516400000000002 0.235252
v -3.880379 0.08516400000000002 0.235252
v -3.823259 0.08508400000000002 0.235856
v -3.823636 0.14308000000000004 0.235279
v -4.659348 -3.62686 0.2352790000000002
v -4.669404 -3.682989 0.23460500000000023
v -4.612165 -3.692798 0.2352520000000002
v -4.612165 -3.692798 0.2352520000000002
v -4.602168 -3.63656 0.23585600000000023
v -4.659348 -3.62686 0.2352790000000002
v -4.623918 -3.45001 0.2352790000000002
v -4.656753 -3.49663 0.23460500000000023
v -4.609024 -3.52971 0.2352520000000002
v -4.609024 -3.52971 0.2352520000000002
v -4.576195 -3.482966 0.23585600000000023
v -4.623918 -3.45001 0.2352790000000002
v -2.601649 -2.08119 2.514499
v -2.655286 -2.100547 2.513825
v -2.635161 -2.155021 2.514472
v -2.635161 -2.155021 2.514472
v -2.581459 -2.13556 2.515076
v -2.601649 -2.08119 2.514499
v -2.396461 -2.085342 2.514499
v -2.450099 -2.104699 2.513825
v -2.429974 -2.159173 2.514472
v -2.429974 -2.159173 2.514472
v -2.376271 -2.139712 2.515076
v -2.396461 -2.085342 2.514499
v -2.233518 0.5177700000000001 1.761159
v -2.196744 0.5613520000000001 1.76055
v -2.241411 0.5984660000000002 1.761089
v -2.241411 0.5984660000000002 1.761089
v -2.278189 0.5547610000000001 1.761629
v -2.233518 0.5177700000000001 1.761159
v 0.601226 0.688235 0.47490299999999996
v 0.547589 0.668878 0.47422899999999996
v 0.567714 0.614404 0.47487599999999996
v 0.567714 0.614404 0.47487599999999996
v 0.621416 0.633865 0.47548099999999993
v 0.601226 0.688235 0.47490299999999996
v 3.497159 2.904425 1.1456039999999998
v 3.511767 2.849305 1.1449309999999997
v 3.567788 2.864606 1.1455769999999998
v 3.567788 2.864606 1.1455769999999998
v 3.553082 2.9198 1.1461819999999998
v 3.497159 2.904425 1.1456039999999998
v 3.420115 3.009643 1.1455769999999998
v 3.473817 3.029104 1.1461819999999998
v 3.453627 3.083473 1.1456039999999998
v 3.453627 3.083473 1.1456039999999998
v 3.39999 3.064117 1.1449299999999998
v 3.420115 3.009643 1.1455769999999998
v 3.512471 3.71967 1.1455769999999998
v 3.566173 3.739131 1.1461819999999998
v 3.545983 3.7935 1.1456039999999998
v 3.545983 3.7935 1.1456039999999998
v 3.492346 3.774144 1.1449299999999998
v 3.512471 3.71967 1.1455769999999998
v -2.970023 -1.7582079999999998 2.41096
v -2.970023 -1.7582079999999998 2.644463
v -2.950941 -1.7390499999999998 2.644463
v -2.950941 -1.7390499999999998 2.644463
v -2.950941 -1.7390499999999998 2.41096
v -2.970023 -1.7582079999999998 2.41096
v -0.530241 -0.07136799999999989 1.766145
v -0.510913 -0.10400299999999989 1.766145
v -0.484163 -0.06611899999999989 1.70134
v -0.530241 -0.07136799999999989 1.766145
v -0.605743 -0.1381249999999999 1.793096
v -0.510913 -0.10400299999999989 1.766145
v -0.464549 -0.11098399999999989 1.766145
v -0.444286 -0.0835549999999999 1.753767
v -0.484853 -0.07121599999999989 1.70134
v -0.464549 -0.11098399999999989 1.766145
v -0.380525 -0.1666349999999999 1.793096
v -0.444286 -0.0835549999999999 1.753767
v -0.457001 -0.014971999999999892 1.766145
v -0.49482 -0.012085999999999892 1.766145
v -0.478649 -0.056594999999999895 1.70134
v -0.457001 -0.014971999999999892 1.766145
v -0.468379 0.08516600000000012 1.793096
v -0.49482 -0.012085999999999892 1.766145
v -3.561816 1.0990910000000003 3.871786
v -3.564624 1.0669940000000002 3.656864
v -3.527433 1.0748780000000002 3.656865
v -3.527433 1.0748780000000002 3.656865
v -3.527433 1.0748780000000002 3.81224
v -3.561816 1.0990910000000003 3.871786
v -3.564624 1.0669940000000002 3.656864
v -3.561816 1.0990910000000003 3.871786
v -3.59778 1.0825500000000001 3.81224
v -3.59778 1.0825500000000001 3.81224
v -3.59778 1.0825500000000001 3.656865
v -3.564624 1.0669940000000002 3.656864
v -3.798028 0.9221220000000002 3.224216
v -3.852235 0.9640020000000002 3.39619
v -3.561858 1.0986120000000001 3.39619
v -3.561858 1.0986120000000001 3.39619
v -3.568437 1.0234130000000001 3.224216
v -3.798028 0.9221220000000002 3.224216
v -3.612703 0.5174530000000003 3.224217
v -3.619282 0.4422560000000002 3.396191
v -3.881724 0.6269440000000002 3.396191
v -3.881724 0.6269440000000002 3.396191
v -3.821122 0.6581560000000002 3.224216
v -3.612703 0.5174530000000003 3.224217
v -3.382516 0.6247710000000002 3.224216
v -3.328836 0.5768560000000003 3.396191
v -3.619282 0.4422560000000002 3.396191
v -3.619282 0.4422560000000002 3.396191
v -3.612703 0.5174530000000003 3.224217
v -3.382516 0.6247710000000002 3.224216
v -3.568437 1.0234130000000001 3.224216
v -3.561858 1.0986120000000001 3.39619
v -3.299347 0.9139170000000002 3.39619
v -3.299347 0.9139170000000002 3.39619
v -3.360384 0.8777510000000002 3.224216
v -3.568437 1.0234130000000001 3.224216
v -0.469246 3.32529 0.8771869999999998
v -0.469246 3.32529 1.1106899999999997
v -0.455533 3.295551 1.1108919999999998
v -0.455533 3.295551 1.1108919999999998
v -0.455533 3.295551 0.8773889999999998
v -0.469246 3.32529 0.8771869999999998
v 3.59233 -2.322116 0.8150620000000001
v 3.37709 -2.226199 -0.019612999999999863
v 3.367766 -2.239356 -0.019687999999999862
v 3.367766 -2.239356 -0.019687999999999862
v 3.585837 -2.336566 0.8150120000000001
v 3.59233 -2.322116 0.8150620000000001
v 2.407223 -1.895911 0.8878070000000001
v 2.747826 -1.757602 -0.022309999999999892
v 2.747292 -1.769744 -0.019466999999999894
v 2.747292 -1.769744 -0.019466999999999894
v 2.401515 -1.909904 0.8830470000000001
v 2.407223 -1.895911 0.8878070000000001
v 2.270579 -1.450031 0.6948980000000001
v 2.40063 -1.559707 -0.020187999999999904
v 2.390072 -1.558825 -0.020291999999999904
v 2.390072 -1.558825 -0.020291999999999904
v 2.255872 -1.447597 0.6895380000000001
v 2.270579 -1.450031 0.6948980000000001
v 2.827485 -1.774539 1.052349
v 2.788258 -1.75125 -0.019745999999999892
v 2.781589 -1.765624 -0.019823999999999894
v 2.781589 -1.765624 -0.019823999999999894
v 2.820783 -1.788894 1.052325
v 2.827485 -1.774539 1.052349
v 3.467714 -1.981978 0.8197920000000001
v 3.259842 -1.88695 -0.019612999999999884
v 3.250515 -1.900111 -0.019687999999999883
v 3.250515 -1.900111 -0.019687999999999883
v 3.461221 -1.996428 0.8197410000000002
v 3.467714 -1.981978 0.8197920000000001
v -3.572149 -3.65662 0.7650740000000003
v -1.916264 -3.650092 0.7616090000000002
v -1.91688 -3.65369 2.6884600000000005
v -1.91688 -3.65369 2.6884600000000005
v -3.57215 -3.653182 2.6884600000000005
v -3.572149 -3.65662 0.7650740000000003
v -1.001506 -3.671176 2.5235740000000004
v -0.132785 -3.438308 2.523574
v -1.052138 -3.482242 2.536123
v -0.132785 -3.438308 2.523574
v -0.365483 -2.569461 2.523574
v -1.052138 -3.482242 2.536123
v -0.365483 -2.569461 2.523574
v -0.554197 -2.620013 2.536123
v -1.052138 -3.482242 2.536123
v -3.629156 -1.257328 0.7654900000000001
v -3.55668 -1.526199 0.7684890000000001
v -2.691591 -1.294304 0.7698590000000001
v -2.691591 -1.294304 0.7698590000000001
v -2.763638 -1.025417 0.7654670000000001
v -3.629156 -1.257328 0.7654900000000001
v -1.274511 -1.428566 1.543449
v -0.821573 -1.69057 1.536276
v -0.921416 -1.333955 1.536276
v -0.491475 1.723724 0.9612519999999999
v -0.535917 1.723724 0.9611609999999999
v -0.491475 0.8945750000000001 1.658193
v -0.535917 1.723724 0.9611609999999999
v -0.535917 0.8947490000000001 1.659614
v -0.491475 0.8945750000000001 1.658193
v -0.535917 0.8947490000000001 1.659614
v -0.535917 0.8947490000000001 1.659614
v -0.491475 0.8945750000000001 1.658193
v -0.632275 -0.2742269999999999 1.586958
v -0.632275 -0.2742269999999999 1.552177
v -0.632275 -0.06227099999999991 1.527746
v 2.124262 1.404677 1.294434
v 2.124261 1.446192 1.294434
v 1.709161 1.446192 0.9422139999999999
v 1.709161 1.446192 0.9422139999999999
v 1.709162 1.404677 0.9421239999999999
v 2.124262 1.404677 1.294434
v 1.709161 1.446192 0.9422139999999999
v 1.708286 1.446192 0.7674109999999998
v 1.709161 1.404677 0.8271329999999999
v 1.709161 1.404677 0.8271329999999999
v 1.709162 1.404677 0.9421239999999999
v 1.709161 1.446192 0.9422139999999999
v 2.452786 1.446192 1.294434
v 2.452785 1.448765 1.299209
v 1.709161 1.446192 0.9422139999999999
v 1.709161 1.446192 0.9422139999999999
v 2.124261 1.446192 1.294434
v 2.452786 1.446192 1.294434
v -4.515003 0.055359 -0.021507000000000002
v -4.713629 -0.14247099999999993 0.958556
v -4.700541 -0.15568899999999994 0.958615
v -4.700541 -0.15568899999999994 0.958615
v -4.504527 0.039585 -0.021419000000000004
v -4.515003 0.055359 -0.021507000000000002
v -4.141217 0.15435900000000005 0.961887
v -4.115256 0.15385900000000005 0.96652
v -4.008472 0.348786 -0.019068000000000022
v -4.008472 0.348786 -0.019068000000000022
v -4.029348 0.354302 -0.01926500000000002
v -4.141217 0.15435900000000005 0.961887
v -0.203903 2.766226 0.7637649999999998
v -0.204298 2.805041 1.6739239999999997
v -0.198362 2.817703 1.6743749999999997
v -0.198362 2.817703 1.6743749999999997
v -0.198283 2.778912 0.7637649999999998
v -0.203903 2.766226 0.7637649999999998
v -0.230387 2.237703 0.7637649999999999
v -0.246166 2.171028 1.6752049999999998
v -0.249812 2.184526 1.6747489999999998
v -0.249812 2.184526 1.6747489999999998
v -0.233732 2.251176 0.7637649999999999
v -0.230387 2.237703 0.7637649999999999
v -3.379019 3.3549730000000006 7.660218
v -3.365292 3.3453600000000003 7.660217
v -3.363821 3.3621780000000006 8.447079
v -3.377565 3.3715880000000005 7.660218
v -3.379019 3.3549730000000006 7.660218
v -3.363821 3.3621780000000006 8.447079
v -3.362378 3.3786680000000002 7.660217
v -3.377565 3.3715880000000005 7.660218
v -3.363821 3.3621780000000006 8.447079
v -3.348642 3.3690550000000004 7.660218
v -3.362378 3.3786680000000002 7.660217
v -3.363821 3.3621780000000006 8.447079
v -3.388552 3.0794920000000006 6.117081
v -3.614172 3.2377550000000004 6.117082
v -3.521178 3.2866440000000003 6.001887
v -3.521178 3.2866440000000003 6.001887
v -3.37899 3.1887940000000006 6.001887
v -3.388552 3.0794920000000006 6.117081
v -3.589 3.5255010000000007 6.117082
v -3.339194 3.6436630000000005 6.117081
v -3.348756 3.5343640000000005 6.001886
v -3.348756 3.5343640000000005 6.001886
v -3.505812 3.4622250000000006 6.001887
v -3.589 3.5255010000000007 6.117082
v -3.339194 3.6436630000000005 6.117081
v -3.11342 3.4863720000000002 6.117082
v -3.2065 3.4365080000000003 6.001887
v -3.2065 3.4365080000000003 6.001887
v -3.348756 3.5343640000000005 6.001886
v -3.339194 3.6436630000000005 6.117081
v -3.138768 3.1966530000000004 6.117082
v -3.388552 3.0794920000000006 6.117081
v -3.37899 3.1887940000000006 6.001887
v -3.37899 3.1887940000000006 6.001887
v -3.221876 3.2608030000000006 6.001887
v -3.138768 3.1966530000000004 6.117082
v -3.375871 3.2244370000000004 7.167567
v -3.488649 3.3029200000000003 7.167407
v -3.488501 3.3037760000000005 6.417644
v -3.488501 3.3037760000000005 6.417644
v -3.375834 3.2248640000000006 6.417644
v -3.375871 3.2244370000000004 7.167567
v -3.476624 3.4408530000000006 7.167453
v -3.351875 3.4987120000000003 7.167565
v -3.351913 3.4982830000000003 6.417644
v -3.351913 3.4982830000000003 6.417644
v -3.476571 3.4401400000000004 6.417644
v -3.476624 3.4408530000000006 7.167453
v -3.351875 3.4987120000000003 7.167565
v -3.239038 3.4202250000000003 7.167401
v -3.239181 3.4193710000000004 6.417644
v -3.239181 3.4193710000000004 6.417644
v -3.351913 3.4982830000000003 6.417644
v -3.351875 3.4987120000000003 7.167565
v -3.251076 3.2822560000000003 7.167436
v -3.375871 3.2244370000000004 7.167567
v -3.375834 3.2248640000000006 6.417644
v -3.375834 3.2248640000000006 6.417644
v -3.251111 3.2830090000000003 6.417644
v -3.251076 3.2822560000000003 7.167436
v -3.392585 3.033399 3.396188
v -3.655176 3.216389 3.396189
v -3.594519 3.248219 3.224215
v -3.594519 3.248219 3.224215
v -3.386006 3.108598 3.224214
v -3.392585 3.033399 3.396188
v -3.625686 3.553446 3.396189
v -3.335161 3.689756 3.3961879999999995
v -3.34174 3.614558 3.224214
v -3.34174 3.614558 3.224214
v -3.571425 3.512184 3.224214
v -3.625686 3.553446 3.396189
v -3.335161 3.689756 3.3961879999999995
v -3.072501 3.506765 3.396189
v -3.133686 3.468899 3.224214
v -3.133686 3.468899 3.224214
v -3.34174 3.614558 3.224214
v -3.335161 3.689756 3.3961879999999995
v -3.10199 3.169704 3.396189
v -3.392585 3.033399 3.396188
v -3.386006 3.108598 3.224214
v -3.386006 3.108598 3.224214
v -3.155818 3.215919 3.224214
v -3.10199 3.169704 3.396189
v -3.569631 1.0097610000000001 5.221103
v -3.575469 0.9430310000000003 5.105909
v -3.733291 0.8714260000000004 5.105909
v -3.733291 0.8714260000000004 5.105909
v -3.782433 0.9107570000000004 5.221103
v -3.569631 1.0097610000000001 5.221103
v -3.803813 0.6664320000000004 5.221103
v -3.748652 0.6958430000000003 5.105909
v -3.605702 0.5974590000000003 5.105908
v -3.605702 0.5974590000000003 5.105908
v -3.611541 0.5307220000000004 5.221103
v -3.803813 0.6664320000000004 5.221103
v -3.611541 0.5307220000000004 5.221103
v -3.605702 0.5974590000000003 5.105908
v -3.449421 0.6691940000000003 5.105909
v -3.449421 0.6691940000000003 5.105909
v -3.400363 0.6290290000000003 5.221103
v -3.611541 0.5307220000000004 5.221103
v -3.378841 0.8750370000000003 5.221103
v -3.434053 0.8448980000000004 5.105909
v -3.575469 0.9430310000000003 5.105909
v -3.575469 0.9430310000000003 5.105909
v -3.569631 1.0097610000000001 5.221103
v -3.378841 0.8750370000000003 5.221103
v -3.578587 0.9073840000000003 6.271589
v -3.578625 0.9069550000000003 5.815639
v -3.704085 0.8488770000000003 5.81564
v -3.704085 0.8488770000000003 5.81564
v -3.704084 0.8497470000000004 6.271428
v -3.578587 0.9073840000000003 6.271589
v -3.716194 0.7118200000000003 6.271475
v -3.716016 0.7125130000000003 5.81564
v -3.602545 0.6335350000000003 5.815639
v -3.602545 0.6335350000000003 5.815639
v -3.602583 0.6331070000000003 6.271589
v -3.716194 0.7118200000000003 6.271475
v -3.602583 0.6331070000000003 6.271589
v -3.602545 0.6335350000000003 5.815639
v -3.478626 0.6917460000000003 5.81564
v -3.478626 0.6917460000000003 5.81564
v -3.478635 0.6908790000000004 6.271422
v -3.602583 0.6331070000000003 6.271589
v -3.466535 0.8288410000000004 6.271459
v -3.4667 0.8281060000000003 5.81564
v -3.578625 0.9069550000000003 5.815639
v -3.578625 0.9069550000000003 5.815639
v -3.578587 0.9073840000000003 6.271589
v -3.466535 0.8288410000000004 6.271459
v -4.189156 -3.509101 0.7687290000000002
v -4.215932 -3.815162 0.7682040000000002
v -4.077414 -2.231887 0.7688330000000001
v -3.233712 -1.43971 0.7688930000000002
v -4.373285 -1.744915 -0.0026089999999998935
v -4.373285 -1.744915 0.7689380000000001
v 2.124263 1.137684 1.179443
v 2.123385 1.137684 1.119787
v 1.708287 1.137694 0.7673799999999998
v 2.452785 1.446192 1.534564
v 3.398883 1.446192 1.534564
v 2.452785 1.448765 1.299209
v 3.398883 1.446192 1.534564
v 3.398886 1.446192 -0.009838000000000088
v 2.452785 1.448765 1.299209
v 3.398886 1.446192 -0.009838000000000088
v 1.708286 1.446192 0.7674109999999998
v 2.452785 1.448765 1.299209
v 1.708286 1.446192 0.7674109999999998
v 1.709161 1.446192 0.9422139999999999
v 2.452785 1.448765 1.299209
v 1.235743 1.136772 1.179443
v 2.124263 1.137684 1.179443
v 1.708287 1.137694 0.7673799999999998
v 1.708287 1.137694 0.7673799999999998
v 1.235743 1.136772 0.7680599999999999
v 1.235743 1.136772 1.179443
v 2.627374 2.169352 0.7684059999999999
v 2.742168 2.149111 0.9103679999999998
v 2.434314 2.511929 0.9103679999999998
v 2.434314 2.511929 0.9103679999999998
v 2.349252 2.526926 0.7684059999999999
v 2.627374 2.169352 0.7684059999999999
v 2.624457 2.172588 1.4619629999999997
v 2.756861 2.153822 1.4619629999999997
v 2.764678 2.145142 0.9103679999999998
v 2.764678 2.145142 0.9103679999999998
v 2.627374 2.169352 0.7684049999999999
v 2.624457 2.172588 1.4619629999999997
v 2.627374 2.169352 0.7684049999999999
v 2.606344 2.050086 0.7688699999999999
v 2.60387 2.05283 1.4619629999999997
v 2.60387 2.05283 1.4619629999999997
v 2.624457 2.172588 1.4619629999999997
v 2.627374 2.169352 0.7684049999999999
v 2.35589 2.515583 1.4619629999999997
v 2.275879 2.10376 1.4619629999999997
v 2.276738 2.108179 0.7675399999999999
v 2.276738 2.108179 0.7675399999999999
v 2.35644 2.515505 0.7684049999999999
v 2.35589 2.515583 1.4619629999999997
v 2.743648 2.025874 0.5615249999999999
v 2.764678 2.145142 0.5169719999999999
v 2.764678 2.145142 0.9103679999999998
v 2.276738 2.108179 0.7675399999999999
v 2.275459 2.108428 0.7684049999999999
v 2.743648 2.025874 0.5615249999999999
v 2.743648 2.025874 0.5615249999999999
v 2.606344 2.050086 0.7688699999999999
v 2.276738 2.108179 0.7675399999999999
v 3.629326 2.292828 -0.00431100000000014
v 3.619265 2.302388 -0.004311000000000141
v 3.623764 2.212222 0.7543249999999999
v 3.623764 2.212222 0.7543249999999999
v 3.633701 2.202389 0.7547819999999998
v 3.629326 2.292828 -0.00431100000000014
v 3.076496 2.041131 0.2530089999999999
v 3.066432 2.050692 0.2530089999999999
v 3.086228 1.987179 1.0116449999999997
v 3.086228 1.987179 1.0116449999999997
v 3.096169 1.977345 1.0121009999999997
v 3.076496 2.041131 0.2530089999999999
v 0.672115 0.705448 0.707964
v 0.672113 0.705555 -8.30000000000432E-05
v 0.672135 -0.055484 -0.005336999999999996
v 3.39975 1.443762 0.22332699999999991
v 3.400759 1.443762 -0.012964000000000088
v 3.64759 1.560914 -0.012106000000000096
v 0.672115 0.705448 0.707964
v 0.672515 0.705101 0.768099
v 0.223482 0.888121 0.768099
v 0.469875 2.188305 0.8445999999999999
v 0.441779 2.160208 0.8445999999999999
v 0.441779 2.160208 1.2038489999999997
v 0.441779 2.160208 1.2038489999999997
v 0.469875 2.188305 1.2038489999999997
v 0.469875 2.188305 0.8445999999999999
v -0.491475 0.16174300000000008 1.527746
v -0.951897 0.8949200000000002 1.530589
v -3.231454 0.7430450000000001 1.526046
v -0.491475 0.16174300000000008 1.527746
v -0.491475 0.6815500000000001 1.527746
v -0.951897 0.8949200000000002 1.530589
v -0.491475 0.6815500000000001 1.527746
v -0.535917 0.8947490000000001 1.529168
v -0.951897 0.8949200000000002 1.530589
v -0.535917 0.8947490000000001 1.529168
v -0.535917 0.8947490000000001 1.529168
v -0.951897 0.8949200000000002 1.530589
v -3.231454 0.7430450000000001 1.526046
v -3.232792 -0.06227099999999991 1.527746
v -0.632275 -0.06227099999999991 1.527746
v -0.632275 -0.06227099999999991 1.527746
v -0.632275 -0.23354699999999992 1.547981
v -0.299346 -0.23346699999999992 1.527746
v -0.632275 -0.2742269999999999 1.586958
v -0.632275 -0.2742269999999999 1.586958
v -0.632275 -0.2742269999999999 1.773265
v -3.232792 -0.062271 -0.010192999999999997
v -3.232792 -0.0622709999999999 1.640074
v -3.231454 0.7430450000000001 1.638374
v -3.231454 0.7430450000000001 1.638374
v -3.232469 0.743134 -0.010192000000000045
v -3.232792 -0.062271 -0.010192999999999997
v 2.601141 -2.398295 1.1459000000000001
v 2.718942 -2.329856 1.9049920000000002
v 2.705169 -2.327453 1.9045360000000002
v 2.705169 -2.327453 1.9045360000000002
v 2.58752 -2.395633 1.1459000000000001
v 2.601141 -2.398295 1.1459000000000001
v 3.052486 -1.354122 -0.019687999999999917
v 3.196266 -1.199286 0.8197370000000002
v 3.202987 -1.185467 0.8159000000000001
v 3.202987 -1.185467 0.8159000000000001
v 3.060527 -1.337429 -0.01963699999999992
v 3.052486 -1.354122 -0.019687999999999917
v 1.750171 -1.711803 -7.899999999989518E-05
v 1.750525 -1.711734 1.536276
v 1.754031 -1.967266 1.5362760000000002
v 1.754031 -1.967266 1.5362760000000002
v 1.754031 -1.967266 -7.799999999987954E-05
v 1.750171 -1.711803 -7.899999999989518E-05
v -1.647232 -3.802116 1.6939140000000001
v -1.683731 -3.6659 1.7560600000000002
v -1.683499 -3.665839 1.1055280000000003
v -1.683499 -3.665839 1.1055280000000003
v -1.647232 -3.802116 1.1055280000000003
v -1.647232 -3.802116 1.6939140000000001
v -1.194299 -3.534759 1.1055280000000003
v -1.194531 -3.53482 1.7560600000000002
v -1.158033 -3.671035 1.6939130000000002
v -1.158033 -3.671035 1.6939130000000002
v -1.158033 -3.671035 1.1055280000000003
v -1.194299 -3.534759 1.1055280000000003
v -0.769984 -1.8291089999999999 2.048187
v -0.769922 -1.8293379999999997 2.698719
v -0.632204 -1.7924379999999998 2.636573
v -0.632204 -1.7924379999999998 2.636573
v -0.632208 -1.7924379999999998 2.048187
v -0.769984 -1.8291089999999999 2.048187
v -0.550116 -2.098804 2.636573
v -0.687831 -2.135704 2.698719
v -0.687832 -2.135703 2.048187
v -0.687832 -2.135703 2.048187
v -0.550081 -2.098598 2.048187
v -0.550116 -2.098804 2.636573
v -2.464894 -1.3838849999999998 3.04821
v -2.481803 -1.3884169999999998 3.04821
v -2.412233 -1.4987879999999998 2.289948
v -2.412233 -1.4987879999999998 2.289948
v -2.395322 -1.4942559999999998 2.289948
v -2.464894 -1.3838849999999998 3.04821
v -1.84154 3.984837 1.3895049999999998
v -1.853974 3.842712 1.4516509999999998
v -1.854214 3.842733 0.8011179999999998
v -1.854214 3.842733 0.8011179999999998
v -1.84154 3.984837 0.8011179999999998
v -1.84154 3.984837 1.3895049999999998
v -2.358747 3.886871 0.8011179999999998
v -2.358507 3.88685 1.4516509999999998
v -2.346073 4.028978 1.3895039999999999
v -2.346073 4.028978 1.3895039999999999
v -2.346073 4.028978 0.8011179999999998
v -2.358747 3.886871 0.8011179999999998
v -2.099381 -3.6520959999999993 4.37978
v -2.14657 -3.7800099999999994 4.380048
v -2.186565 -3.7864299999999997 4.415284
v -2.186565 -3.7864299999999997 4.415284
v -2.126074 -3.6202309999999995 4.415284
v -2.099381 -3.6520959999999993 4.37978
v -2.14657 -3.7800099999999994 4.380048
v -2.057031 -3.8873179999999996 4.380363
v -2.070562 -3.9245059999999996 4.415284
v -2.070562 -3.9245059999999996 4.415284
v -2.186565 -3.7864299999999997 4.415284
v -2.14657 -3.7800099999999994 4.380048
v -2.057031 -3.8873179999999996 4.380363
v -1.920839 -3.8646819999999997 4.379763
v -1.894226 -3.8965569999999996 4.415284
v -1.894226 -3.8965569999999996 4.415284
v -2.070562 -3.9245059999999996 4.415284
v -2.057031 -3.8873179999999996 4.380363
v -1.920839 -3.8646819999999997 4.379763
v -1.873728 -3.7365499999999994 4.380041
v -1.833669 -3.7301789999999997 4.415284
v -1.833669 -3.7301789999999997 4.415284
v -1.894226 -3.8965569999999996 4.415284
v -1.920839 -3.8646819999999997 4.379763
v -1.873728 -3.7365499999999994 4.380041
v -1.96314 -3.6293559999999996 4.380373
v -1.949587 -3.5921359999999996 4.415284
v -1.949587 -3.5921359999999996 4.415284
v -1.833669 -3.7301789999999997 4.415284
v -1.873728 -3.7365499999999994 4.380041
v -1.96314 -3.6293559999999996 4.380373
v -2.099381 -3.6520959999999993 4.37978
v -2.126074 -3.6202309999999995 4.415284
v -2.126074 -3.6202309999999995 4.415284
v -1.949587 -3.5921359999999996 4.415284
v -1.96314 -3.6293559999999996 4.380373
v -1.951164 -3.597229 1.2353900000000002
v -1.964103 -3.632011 1.2932940000000002
v -1.87606 -3.736812 1.2932940000000002
v -1.87606 -3.736812 1.2932940000000002
v -1.839517 -3.730354 1.2353900000000002
v -1.951164 -3.597229 1.2353900000000002
v -1.839517 -3.730354 1.2353900000000002
v -1.87606 -3.736812 1.2932940000000002
v -1.922065 -3.863205 1.2932940000000002
v -1.922065 -3.863205 1.2932940000000002
v -1.898439 -3.891822 1.2353900000000002
v -1.839517 -3.730354 1.2353900000000002
v -1.898439 -3.891822 1.2353900000000002
v -1.922065 -3.863205 1.2932940000000002
v -2.056047 -3.884628 1.2932940000000002
v -2.056047 -3.884628 1.2932940000000002
v -2.068994 -3.919406 1.2353900000000002
v -1.898439 -3.891822 1.2353900000000002
v -2.068994 -3.919406 1.2353900000000002
v -2.056047 -3.884628 1.2932940000000002
v -2.14429 -3.779762 1.2932940000000002
v -2.14429 -3.779762 1.2932940000000002
v -2.180837 -3.786197 1.2353900000000002
v -2.068994 -3.919406 1.2353900000000002
v -2.180837 -3.786197 1.2353900000000002
v -2.14429 -3.779762 1.2932940000000002
v -2.098122 -3.653621 1.2932940000000002
v -2.098122 -3.653621 1.2932940000000002
v -2.12174 -3.624996 1.2353900000000002
v -2.180837 -3.786197 1.2353900000000002
v -2.12174 -3.624996 1.2353900000000002
v -2.098122 -3.653621 1.2932940000000002
v -1.964103 -3.632011 1.2932940000000002
v -1.964103 -3.632011 1.2932940000000002
v -1.951164 -3.597229 1.2353900000000002
v -2.12174 -3.624996 1.2353900000000002
v 4.00916 3.325735 1.5500819999999997
v 3.972032 2.828569 1.4841569999999997
v 4.300372 2.921316 1.4841569999999997
v 4.00916 3.325735 1.5500819999999997
v 3.660883 2.968562 1.4841569999999997
v 4.00916 3.325735 1.5500819999999997
v 3.512527 3.275808 1.4841569999999997
v 4.00916 3.325735 1.5500819999999997
v 3.596374 3.606539 1.4841569999999997
v 3.873188 3.806 1.4841569999999997
v 4.00916 3.325735 1.5500819999999997
v 4.00916 3.325735 1.5500819999999997
v 4.213458 3.780859 1.4841579999999999
v 4.00916 3.325735 1.5500819999999997
v 4.457947 3.54288 1.4841569999999997
v 4.00916 3.325735 1.5500819999999997
v 4.492276 3.203416 1.4841569999999997
v 4.00916 3.325735 1.5500819999999997
v 4.300372 2.921316 1.4841569999999997
v 4.064475 -3.154066 0.3490420000000002
v 4.199627 -3.633948 0.28311700000000023
v 4.476444 -3.434496 0.28311700000000023
v 4.064475 -3.154066 0.3490420000000002
v 3.859363 -3.608817 0.28311700000000023
v 4.064475 -3.154066 0.3490420000000002
v 3.61487 -3.370841 0.28311700000000023
v 4.064475 -3.154066 0.3490420000000002
v 3.580543 -3.031378 0.2831170000000002
v 3.772443 -2.74927 0.2831170000000002
v 4.064475 -3.154066 0.3490420000000002
v 4.064475 -3.154066 0.3490420000000002
v 4.100792 -2.656516 0.2831170000000002
v 4.064475 -3.154066 0.3490420000000002
v 4.411929 -2.796523 0.2831170000000002
v 4.064475 -3.154066 0.3490420000000002
v 4.560292 -3.103774 0.2831170000000002
v 4.064475 -3.154066 0.3490420000000002
v 4.476444 -3.434496 0.28311700000000023
v -3.687669 0.021077000000000012 0.235279
v -3.750736 0.025428 -0.0032140000000000016
v -3.658815 -0.084163 -0.003335999999999995
v -3.658815 -0.084163 -0.003335999999999995
v -3.651135 -0.022705999999999987 0.234605
v -3.60683 0.014837000000000013 0.235252
v -3.549129 0.007943 -0.0032190000000000005
v -3.641073 0.117535 -0.0031100000000000073
v -3.641073 0.117535 -0.0031100000000000073
v -3.643484 0.058644000000000016 0.235856
v -3.456282 3.101786 1.0068619999999997
v -3.45193 3.164852 0.7683689999999997
v -3.56152 3.072932 0.7682479999999998
v -3.56152 3.072932 0.7682479999999998
v -3.500064 3.065252 1.0061879999999999
v -3.462522 3.020946 1.0068349999999997
v -3.469415 2.963246 0.7683649999999997
v -3.359824 3.05519 0.7684739999999998
v -3.359824 3.05519 0.7684739999999998
v -3.418715 3.0576 1.0074399999999997
v -3.443301 2.902598 1.0068619999999997
v -3.384303 2.925307 0.7683689999999997
v -3.513926 2.985782 0.7682479999999998
v -3.513926 2.985782 0.7682479999999998
v -3.494915 2.926839 1.0061879999999999
v -3.519204 2.87409 1.0068349999999997
v -3.574409 2.855952 0.7683649999999997
v -3.444765 2.795485 0.7684739999999998
v -3.444765 2.795485 0.7684739999999998
v -3.46747 2.849878 1.0074399999999997
v -4.533105 3.103573 1.0068619999999997
v -4.596172 3.107925 0.7683689999999997
v -4.504251 2.998334 0.7682479999999998
v -4.504251 2.998334 0.7682479999999998
v -4.496572 3.05979 1.0061879999999999
v -4.452265 3.097333 1.0068349999999997
v -4.394567 3.09044 0.7683649999999997
v -4.48651 3.200031 0.7684739999999998
v -4.48651 3.200031 0.7684739999999998
v -4.488919 3.14114 1.0074399999999997
v -3.823636 0.14308000000000004 0.235279
v -3.779764 0.188595 -0.0032140000000000116
v -3.922801 0.188623 -0.0033360000000000117
v -3.922801 0.188623 -0.0033360000000000117
v -3.880659 0.14323700000000003 0.234605
v -3.880379 0.08516400000000002 0.235252
v -3.92275 0.045395 -0.0032190000000000027
v -3.779696 0.045384 -0.0031090000000000024
v -3.779696 0.045384 -0.0031090000000000024
v -3.823259 0.08508400000000002 0.235856
v -4.659348 -3.62686 0.2352790000000002
v -4.696553 -3.575751 -0.003213999999999781
v -4.721417 -3.716611 -0.0033359999999997723
v -4.721417 -3.716611 -0.0033359999999997723
v -4.669404 -3.682989 0.23460500000000023
v -4.612165 -3.692798 0.2352520000000002
v -4.580357 -3.741431 -0.003218999999999771
v -4.555506 -3.600554 -0.0031099999999997796
v -4.555506 -3.600554 -0.0031099999999997796
v -4.602168 -3.63656 0.23585600000000023
v -4.623918 -3.45001 0.2352790000000002
v -4.636038 -3.387964 -0.0032139999999997925
v -4.718103 -3.505118 -0.0033359999999997853
v -4.718103 -3.505118 -0.0033359999999997853
v -4.656753 -3.49663 0.23460500000000023
v -4.609024 -3.52971 0.2352520000000002
v -4.600748 -3.587228 -0.0032189999999997806
v -4.518689 -3.470053 -0.0031099999999997874
v -4.518689 -3.470053 -0.0031099999999997874
v -4.576195 -3.482966 0.23585600000000023
v -2.601649 -2.08119 2.514499
v -2.575989 -2.023415 2.276006
v -2.71041 -2.072311 2.275884
v -2.71041 -2.072311 2.275884
v -2.655286 -2.100547 2.513825
v -2.635161 -2.155021 2.514472
v -2.661374 -2.206883 2.276001
v -2.526944 -2.157967 2.276111
v -2.526944 -2.157967 2.276111
v -2.581459 -2.13556 2.515076
v -2.396461 -2.085342 2.514499
v -2.370802 -2.027566 2.276006
v -2.505222 -2.076463 2.275884
v -2.505222 -2.076463 2.275884
v -2.450099 -2.104699 2.513825
v -2.429974 -2.159173 2.514472
v -2.456187 -2.211035 2.276001
v -2.321758 -2.162119 2.276111
v -2.321758 -2.162119 2.276111
v -2.376271 -2.139712 2.515076
v -2.233518 0.5177700000000001 1.761159
v -2.226344 0.4548270000000001 1.522702
v -2.134381 0.5643830000000001 1.52274
v -2.134381 0.5643830000000001 1.52274
v -2.196744 0.5613520000000001 1.76055
v -2.241411 0.5984660000000002 1.761089
v -2.244133 0.6564070000000001 1.522593
v -2.336095 0.5468300000000001 1.522542
v -2.336095 0.5468300000000001 1.522542
v -2.278189 0.5547610000000001 1.761629
v 0.601226 0.688235 0.47490299999999996
v 0.626885 0.746011 0.23640999999999995
v 0.492466 0.697114 0.23628899999999994
v 0.492466 0.697114 0.23628899999999994
v 0.547589 0.668878 0.47422899999999996
v 0.567714 0.614404 0.47487599999999996
v 0.541502 0.562543 0.23640499999999998
v 0.675931 0.611458 0.23651499999999998
v 0.675931 0.611458 0.23651499999999998
v 0.621416 0.633865 0.47548099999999993
v 3.497159 2.904425 1.1456039999999998
v 3.44184 2.935023 0.9071119999999998
v 3.478835 2.796853 0.9069899999999997
v 3.478835 2.796853 0.9069899999999997
v 3.511767 2.849305 1.1449309999999997
v 3.567788 2.864606 1.1455769999999998
v 3.617168 2.833973 0.9071069999999998
v 3.580154 2.972154 0.9072159999999998
v 3.580154 2.972154 0.9072159999999998
v 3.553082 2.9198 1.1461819999999998
v 3.453627 3.083473 1.1456039999999998
v 3.479287 3.141249 0.9071109999999998
v 3.344868 3.092352 0.9069889999999998
v 3.344868 3.092352 0.9069889999999998
v 3.39999 3.064117 1.1449299999999998
v 3.420115 3.009643 1.1455769999999998
v 3.393903 2.957781 0.9071069999999998
v 3.528333 3.006697 0.9072159999999998
v 3.528333 3.006697 0.9072159999999998
v 3.473817 3.029104 1.1461819999999998
v 3.545983 3.7935 1.1456039999999998
v 3.571643 3.851278 0.9071119999999998
v 3.437224 3.802381 0.9069899999999997
v 3.437224 3.802381 0.9069899999999997
v 3.492346 3.774144 1.1449299999999998
v 3.512471 3.71967 1.1455769999999998
v 3.486259 3.66781 0.9071069999999998
v 3.620689 3.716725 0.9072159999999998
v 3.620689 3.716725 0.9072159999999998
v 3.566173 3.739131 1.1461819999999998
v -3.020884 -1.5268129999999998 2.402818
v -3.02241 -1.5492439999999998 2.402818
v -3.02241 -1.5492439999999998 2.538121
v -3.020884 -1.5268129999999998 2.538121
v -3.020884 -1.5268129999999998 2.402818
v -3.000834 -1.5366189999999997 2.538121
v -3.02241 -1.5492439999999998 2.538121
v -3.02241 -1.5492439999999998 2.402818
v -3.000834 -1.5366189999999997 2.402818
v -3.000834 -1.5366189999999997 2.538121
v 4.420216 3.666546 -0.8825100000000002
v 4.475732 3.724034 -0.8825100000000002
v 4.475732 3.724034 1.1984319999999997
v 4.475732 3.724034 1.1984319999999997
v 4.420216 3.666546 1.1984319999999997
v 4.43034 3.67703 1.3928919999999998
v 4.388249 3.63344 1.4143589999999997
v 4.475732 3.724034 1.1984319999999997
v 4.43034 3.67703 1.3928919999999998
v 4.475732 3.724034 -0.8825100000000002
v 4.395736 3.801284 -0.8825100000000002
v 4.395736 3.801284 1.1984319999999997
v 4.395736 3.801284 1.1984319999999997
v 4.475732 3.724034 1.1984319999999997
v 4.43034 3.67703 1.3928919999999998
v 4.395736 3.801284 1.1984319999999997
v 4.395736 3.801284 1.1984319999999997
v 4.350343 3.754285 1.3928919999999998
v 3.744854 3.790789 -0.8825100000000002
v 3.697877 3.855444 -0.8825100000000002
v 3.697877 3.855444 1.1984319999999997
v 3.697877 3.855444 1.1984319999999997
v 3.744854 3.790789 1.1984319999999997
v 3.736287 3.802579 1.3928919999999998
v 3.771905 3.75356 1.4143589999999997
v 3.697877 3.855444 1.1984319999999997
v 3.736287 3.802579 1.3928919999999998
v 3.697877 3.855444 -0.8825100000000002
v 3.60791 3.790078 -0.8825100000000002
v 3.60791 3.790078 1.1984319999999997
v 3.60791 3.790078 1.1984319999999997
v 3.697877 3.855444 1.1984319999999997
v 3.736287 3.802579 1.3928919999999998
v 3.60791 3.790078 1.1984319999999997
v 3.60791 3.790078 1.1984319999999997
v 3.646314 3.737213 1.3928919999999998
v 3.738209 2.865701 -0.8825100000000002
v 3.705704 2.792691 -0.8825100000000002
v 3.705704 2.792691 1.1984319999999997
v 3.705704 2.792691 1.1984319999999997
v 3.738209 2.865701 1.1984319999999997
v 3.732281 2.852386 1.3928919999999998
v 3.756925 2.907743 1.4143589999999997
v 3.705704 2.792691 1.1984319999999997
v 3.732281 2.852386 1.3928919999999998
v 3.705704 2.792691 -0.8825100000000002
v 3.807296 2.74746 -0.8825100000000002
v 3.807296 2.74746 1.1984319999999997
v 3.807296 2.74746 1.1984319999999997
v 3.705704 2.792691 1.1984319999999997
v 3.732281 2.852386 1.3928919999999998
v 3.807296 2.74746 1.1984319999999997
v 3.807296 2.74746 1.1984319999999997
v 3.833877 2.807151 1.3928919999999998
v 4.415383 2.979725 -0.8825100000000002
v 4.481639 2.935036 -0.8825100000000002
v 4.481639 2.935036 1.1984319999999997
v 4.481639 2.935036 1.1984319999999997
v 4.415383 2.979725 1.1984319999999997
v 4.427465 2.971575 1.3928919999999998
v 4.37723 3.005457 1.4143589999999997
v 4.481639 2.935036 1.1984319999999997
v 4.427465 2.971575 1.3928919999999998
v 4.481639 2.935036 -0.8825100000000002
v 4.543825 3.02723 -0.8825100000000002
v 4.543825 3.02723 1.1984319999999997
v 4.543825 3.02723 1.1984319999999997
v 4.481639 2.935036 1.1984319999999997
v 4.427465 2.971575 1.3928919999999998
v 4.543825 3.02723 1.1984319999999997
v 4.543825 3.02723 1.1984319999999997
v 4.489656 3.063772 1.3928919999999998
v 4.334178 -2.69322 -2.08355
v 4.366683 -2.62021 -2.08355
v 4.366683 -2.62021 -0.0026079999999998396
v 4.366683 -2.62021 -0.0026079999999998396
v 4.334178 -2.69322 -0.0026079999999998353
v 4.340105 -2.679906 0.19185200000000016
v 4.315462 -2.735262 0.21331900000000018
v 4.366683 -2.62021 -0.0026079999999998396
v 4.340105 -2.679906 0.19185200000000016
v 4.366683 -2.62021 -2.08355
v 4.26509 -2.574979 -2.08355
v 4.26509 -2.574979 -0.002607999999999842
v 4.26509 -2.574979 -0.002607999999999842
v 4.366683 -2.62021 -0.0026079999999998396
v 4.340105 -2.679906 0.19185200000000016
v 4.26509 -2.574979 -0.002607999999999842
v 4.26509 -2.574979 -0.002607999999999842
v 4.23851 -2.63467 0.19185200000000016
v 3.657051 -2.807457 -2.08355
v 3.590795 -2.762768 -2.08355
v 3.590795 -2.762768 -0.002607999999999831
v 3.590795 -2.762768 -0.002607999999999831
v 3.657051 -2.807457 -0.0026079999999998283
v 3.644968 -2.799308 0.19185200000000016
v 3.695204 -2.833189 0.21331900000000018
v 3.590795 -2.762768 -0.002607999999999831
v 3.644968 -2.799308 0.19185200000000016
v 3.590795 -2.762768 -2.08355
v 3.528609 -2.854963 -2.08355
v 3.528609 -2.854963 -0.0026079999999998253
v 3.528609 -2.854963 -0.0026079999999998253
v 3.590795 -2.762768 -0.002607999999999831
v 3.644968 -2.799308 0.19185200000000016
v 3.528609 -2.854963 -0.0026079999999998253
v 3.528609 -2.854963 -0.0026079999999998253
v 3.582778 -2.891504 0.19185200000000016
v 3.967206 -3.679028 -2.0835499999999993
v 3.961632 -3.758752 -2.0835499999999993
v 3.961632 -3.758752 -0.00260799999999977
v 3.961632 -3.758752 -0.00260799999999977
v 3.967206 -3.679028 -0.002607999999999775
v 3.96619 -3.693567 0.19185200000000022
v 3.970414 -3.63312 0.21331900000000023
v 3.961632 -3.758752 -0.00260799999999977
v 3.96619 -3.693567 0.19185200000000022
v 3.961632 -3.758752 -2.0835499999999993
v 4.072567 -3.766509 -2.0835499999999993
v 4.072567 -3.766509 -0.0026079999999997694
v 4.072567 -3.766509 -0.0026079999999997694
v 3.961632 -3.758752 -0.00260799999999977
v 3.96619 -3.693567 0.19185200000000022
v 4.072567 -3.766509 -0.0026079999999997694
v 4.072567 -3.766509 -0.0026079999999997694
v 4.077129 -3.701327 0.19185200000000022
v -1.467019 3.605734 -0.0038590000000002208
v -1.463094 3.497557 0.8377089999999998
v -1.46566 3.539124 0.7810569999999998
v -1.46566 3.539124 0.7810569999999998
v -1.473609 3.705519 -0.003860000000000227
v -1.355944 3.61232 -0.0038600000000002213
v -1.361864 3.712143 -0.0038600000000002274
v -1.354485 3.545717 0.7810559999999998
v -1.354485 3.545717 0.7810559999999998
v -1.352019 3.504143 0.8377079999999998
v -0.569025 3.644436 -0.0038590000000002234
v -0.566133 3.536206 0.8377089999999998
v -0.56805 3.577809 0.7810569999999998
v -0.56805 3.577809 0.7810569999999998
v -0.574056 3.744313 -0.0038600000000002296
v -0.45786 3.649288 -0.0038600000000002235
v -0.462221 3.749192 -0.0038600000000002296
v -0.456785 3.582665 0.7810559999999998
v -0.456785 3.582665 0.7810559999999998
v -0.454969 3.541058 0.8377079999999998
v 0.354686 3.390513 -0.0038590000000002078
v 0.306037 3.289223 0.8377089999999998
v 0.323547 3.327011 0.7810569999999998
v 0.323547 3.327011 0.7810569999999998
v 0.39634 3.481429 -0.0038600000000002135
v 0.455531 3.343489 -0.003860000000000205
v 0.497792 3.434119 -0.0038600000000002105
v 0.424483 3.279944 0.7810559999999998
v 0.424483 3.279944 0.7810559999999998
v 0.406882 3.242199 0.8377079999999998
v 0.834444 3.241158 -0.0038590000000001986
v 0.834444 3.139154 0.8377089999999998
v 0.834343 3.180802 0.7810569999999998
v 0.834343 3.180802 0.7810569999999998
v 0.833773 3.341158 -0.003860000000000205
v 0.945715 3.241158 -0.0038600000000001988
v 0.945714 3.341156 -0.003860000000000205
v 0.945715 3.180802 0.7810559999999998
v 0.945715 3.180802 0.7810559999999998
v 0.945715 3.139154 0.8377079999999998
v 1.223536 3.241158 -0.0038590000000001986
v 1.223536 3.139155 0.8377089999999998
v 1.223435 3.180802 0.7810569999999998
v 1.223435 3.180802 0.7810569999999998
v 1.222865 3.341158 -0.003860000000000205
v 1.334806 3.241158 -0.0038600000000001988
v 1.334806 3.341156 -0.003860000000000205
v 1.334806 3.180802 0.7810559999999998
v 1.334806 3.180802 0.7810559999999998
v 1.334806 3.139155 0.8377079999999998
v 3.585837 -2.336566 0.8150120000000001
v 3.367766 -2.239356 -0.019687999999999862
v 3.379105 -2.244475 -0.01978099999999986
v 3.379105 -2.244475 -0.01978099999999986
v 3.599885 -2.342899 0.8111170000000001
v 2.414923 -1.917014 0.8877630000000001
v 2.765474 -1.775119 -0.019503999999999893
v 2.766005 -1.762927 -0.023077999999999894
v 2.766005 -1.762927 -0.023077999999999894
v 2.420598 -1.902953 0.8925180000000001
v 2.255872 -1.447597 0.6895380000000001
v 2.390072 -1.558825 -0.020291999999999904
v 2.390991 -1.575809 -0.020354999999999904
v 2.390991 -1.575809 -0.020354999999999904
v 2.252926 -1.463184 0.6904470000000001
v 2.835165 -1.795646 1.052302
v 2.795948 -1.772384 -0.019895999999999893
v 2.802617 -1.757968 -0.01981799999999989
v 2.802617 -1.757968 -0.01981799999999989
v 2.841834 -1.781226 1.052327
v 3.461221 -1.996428 0.8197410000000002
v 3.250515 -1.900111 -0.019687999999999883
v 3.261856 -1.90523 -0.019780999999999882
v 3.261856 -1.90523 -0.019780999999999882
v 3.475269 -2.002761 0.8158460000000001
v -1.566871 -0.7478359999999998 1.863442
v -1.566871 -0.7478359999999998 1.629939
v -1.579691 -0.7208059999999998 1.629939
v -1.579691 -0.7208059999999998 1.629939
v -1.579691 -0.7208059999999998 1.863442
v -1.579691 -0.7208059999999998 1.629939
v -1.60083 -0.7416429999999999 1.629939
v -1.60083 -0.7416429999999999 1.863442
v -1.60083 -0.7416429999999999 1.863442
v -1.579691 -0.7208059999999998 1.863442
v -4.234429 -2.129414 0.9997330000000001
v -4.274638 -2.109998 0.9349280000000001
v -4.281254 -2.116763 0.9349280000000001
v -4.26095 -2.15653 0.9997330000000001
v -4.234429 -2.129414 0.9997330000000001
v -4.176925 -2.212181 1.0266830000000002
v 3.526403 0.509 0.23947499999999997
v 3.544253 0.494437 0.23947499999999997
v 3.544253 0.494437 0.10417199999999997
v 3.544253 0.494437 0.10417199999999997
v 3.526403 0.509 0.10417199999999997
v 3.526403 0.509 0.10417199999999997
v 3.522207 0.484358 0.10417199999999997
v 3.522207 0.484358 0.23947499999999997
v 3.522207 0.484358 0.23947499999999997
v 3.526403 0.509 0.23947499999999997
v -3.172359 0.02389900000000009 1.463894
v -3.221511 -0.03257699999999985 2.445046
v -3.202095 -0.02646999999999985 2.449649
v -3.156722 0.02627200000000009 1.464047
v -3.172359 0.02389900000000009 1.463894
v -3.161831 0.00809900000000009 1.463983
v -3.208336 -0.04577999999999985 2.445123
v -3.221511 -0.03257699999999985 2.445046
v -3.172359 0.02389900000000009 1.463894
v -3.161831 0.00809900000000009 1.463983
v -0.152999 -3.444022 3.13834
v -0.152999 -3.444022 2.818614
v -0.133685 -3.438846 2.818614
v -0.133685 -3.438846 2.818614
v -0.133685 -3.438846 3.13834
v 1.708287 1.137694 0.7673799999999998
v 1.708287 1.137694 0.7673799999999998
v 1.709162 1.13769 0.8270419999999999
v 1.708286 1.446192 0.7674109999999998
v 1.709162 1.13769 0.8270419999999999
v 1.709161 1.404677 0.8271329999999999
v 2.124262 1.404677 1.179443
v 2.124263 1.137684 1.179443
v 2.124263 1.137684 1.179443
v -4.088195 0.11878600000000006 0.814711
v -4.706512 -0.13309199999999993 0.782489
v -4.722209 -0.14693099999999998 0.640121
v -4.087631 0.14149900000000004 0.679532
v -4.088195 0.11878600000000006 0.814711
v -3.350096 3.3524440000000006 7.660218
v -3.348642 3.3690550000000004 7.660218
v -3.363821 3.3621780000000006 8.447079
v -3.365292 3.3453600000000003 7.660217
v -3.350096 3.3524440000000006 7.660218
v -3.36382 3.3621820000000002 7.704566
v -3.360546 3.3996100000000005 7.627208
v -3.394828 3.3836210000000007 7.627209
v -3.36382 3.3621820000000002 7.704566
v -3.398109 3.3461230000000004 7.627209
v -3.36382 3.3621820000000002 7.704566
v -3.367124 3.3244200000000004 7.627208
v -3.36382 3.3621820000000002 7.704566
v -3.332829 3.3404120000000006 7.627209
v -3.329549 3.3779090000000003 7.627209
v -3.360546 3.3996100000000005 7.627208
v -3.625705 0.7539830000000004 6.678027
v -3.593913 0.7322140000000005 6.678025
v -3.590638 0.7696400000000004 6.755384
v -3.622424 0.7914810000000004 6.678027
v -3.590638 0.7696400000000004 6.755384
v -3.587334 0.8074010000000005 6.678025
v -3.590638 0.7696400000000004 6.755384
v -3.55714 0.7857670000000004 6.678027
v -3.590638 0.7696400000000004 6.755384
v -3.560421 0.7482720000000005 6.678027
v -3.593913 0.7322140000000005 6.678025
v 4.564544 -3.340274 -2.08355
v 4.642089 -3.359607 -2.08355
v 4.642089 -3.359607 -0.0026079999999997945
v 4.642089 -3.359607 -0.0026079999999997945
v 4.564544 -3.340274 -0.0026079999999997954
v 4.642089 -3.359607 -0.0026079999999997945
v 4.578685 -3.343799 0.1918520000000002
v 4.578685 -3.343799 0.1918520000000002
v 4.519891 -3.329143 0.2133190000000002
v 4.642089 -3.359607 -2.08355
v 4.668992 -3.251704 -2.08355
v 4.668992 -3.251704 -0.002607999999999801
v 4.668992 -3.251704 -0.002607999999999801
v 4.642089 -3.359607 -0.0026079999999997945
v 4.578685 -3.343799 0.1918520000000002
v 4.668992 -3.251704 -0.002607999999999801
v 4.668992 -3.251704 -0.002607999999999801
v 4.605592 -3.235893 0.1918520000000002
v -1.050252 3.565773 0.7810569999999998
v -1.056259 3.732277 -0.0038600000000002287
v -1.051227 3.6324 -0.0038590000000002225
v -1.048336 3.52417 0.8377089999999998
v -1.050252 3.565773 0.7810569999999998
v -0.938987 3.570629 0.7810559999999998
v -0.937171 3.529022 0.8377069999999998
v -0.940063 3.637253 -0.003860000000000223
v -0.944424 3.737156 -0.003860000000000229
v -0.938987 3.570629 0.7810559999999998
v -0.021567 3.495213 0.7810569999999998
v 0.051226 3.64963 -0.0038600000000002235
v 0.009573 3.558714 -0.0038590000000002177
v -0.039076 3.457424 0.8377089999999998
v -0.021567 3.495213 0.7810569999999998
v 0.07937 3.448145 0.7810559999999998
v 0.061769 3.4104 0.8377069999999998
v 0.110418 3.51169 -0.0038600000000002153
v 0.152679 3.60232 -0.003860000000000221
v 0.07937 3.448145 0.7810559999999998
v 0.497971 2.160208 0.8445999999999999
v 0.469875 2.188305 0.8445999999999999
v 0.469875 2.188305 1.2038489999999997
v 0.497971 2.160208 1.2038489999999997
v 0.497971 2.160208 0.8445999999999999
v 3.073516 -1.347023 -0.019705999999999918
v 3.217231 -1.192379 0.8159070000000002
v 3.210547 -1.206264 0.8197550000000001
v 3.065477 -1.363761 -0.019757999999999918
v 3.073516 -1.347023 -0.019705999999999918
v 3.339769 -2.456534 0.5711940000000001
v 3.059886 -2.546161 0.5765860000000002
v 3.130699 -2.517928 0.42345000000000016
v 3.348612 -2.418281 0.45738300000000015
v 3.339769 -2.456534 0.5711940000000001
v 3.605322 -2.345885 0.5438070000000002
v 3.589517 -2.337654 0.6650590000000001
v 3.589517 -2.337654 0.6650590000000001
v 3.339769 -2.456534 0.5711940000000001
v 3.478143 -1.952174 0.6955160000000001
v 3.589517 -2.337654 0.6650590000000001
v 3.605322 -2.345885 0.5438070000000002
v 3.476168 -1.995406 0.5773720000000001
v 3.478143 -1.952174 0.6955160000000001
v -1.328274 -2.7077519999999997 4.544661
v -1.36099 -2.7060379999999995 5.319521
v -1.352511 -2.7376819999999995 4.544661
v -1.36099 -2.7060379999999995 5.319521
v -1.388466 -2.7238799999999994 4.544661
v -1.38645 -2.6854199999999997 4.544661
v -1.36099 -2.7060379999999995 5.319521
v -1.349251 -2.6754529999999996 4.544661
v -1.36099 -2.7060379999999995 5.319521
v -1.328274 -2.7077519999999997 4.544661
v -1.899946 -1.3505589999999998 2.289223
v -1.854313 -1.2166139999999999 3.047403
v -1.875832 -1.2124289999999998 3.048315
v -1.910733 -1.3441229999999997 2.289223
v -1.899946 -1.3505589999999998 2.289223
v -1.859288 -1.1980469999999999 3.049242
v -1.854313 -1.2166139999999999 3.047403
v -1.899946 -1.3505589999999998 2.289223
v -1.904613 -1.3331409999999997 2.289223
v -1.859288 -1.1980469999999999 3.049242
v -2.178755 1.9483030000000001 5.27239
v -2.136262 1.9104750000000001 5.176491
v -2.140884 1.9907420000000002 5.176491
v -2.178755 1.9483030000000001 5.081481
v -2.140884 1.9907420000000002 5.176491
v -2.178755 1.9483030000000001 5.27239
v -2.140884 1.9907420000000002 5.176491
v -2.221156 1.9861200000000003 5.176491
v -2.178755 1.9483030000000001 5.081481
v -2.221156 1.9861200000000003 5.176491
v -2.178755 1.9483030000000001 5.27239
v -2.221156 1.9861200000000003 5.176491
v -2.216534 1.9058500000000003 5.176493
v -2.221156 1.9861200000000003 5.176491
v -2.178755 1.9483030000000001 5.081481
v -2.136262 1.9104750000000001 5.176491
v -2.178755 1.9483030000000001 5.27239
v -2.216534 1.9058500000000003 5.176493
v -2.216534 1.9058500000000003 5.176493
v -2.178755 1.9483030000000001 5.081481
v -2.17875 1.9483110000000003 5.982715
v -2.190326 1.9586350000000003 5.545205
v -2.189065 1.9367180000000004 5.545207
v -2.17875 1.9483110000000003 5.982715
v -2.168408 1.9599000000000004 5.545204
v -2.17875 1.9483110000000003 5.982715
v -2.167144 1.9379790000000003 5.545205
v -2.167144 1.9379790000000003 5.545205
v -2.189065 1.9367180000000004 5.545207
v -2.167144 1.9379790000000003 5.545205
v -2.144454 1.9177780000000002 5.362726
v -2.148182 1.9825610000000002 5.362723
v -2.148182 1.9825610000000002 5.362723
v -2.168408 1.9599000000000004 5.545204
v -2.168408 1.9599000000000004 5.545204
v -2.148182 1.9825610000000002 5.362723
v -2.21297 1.9788320000000001 5.362726
v -2.21297 1.9788320000000001 5.362726
v -2.190326 1.9586350000000003 5.545205
v -2.21297 1.9788320000000001 5.362726
v -2.196489 1.9641340000000003 5.306149
v -2.194556 1.9305480000000002 5.30615
v -2.194556 1.9305480000000002 5.30615
v -2.209238 1.9140450000000002 5.362728
v -2.160969 1.9324800000000002 5.041114
v -2.162902 1.9660660000000003 5.041112
v -2.162902 1.9660660000000003 5.306147
v -2.162902 1.9660660000000003 5.306147
v -2.160969 1.9324800000000002 5.306149
v -2.162902 1.9660660000000003 5.041112
v -2.196489 1.9641340000000003 5.041114
v -2.196489 1.9641340000000003 5.306149
v -2.196489 1.9641340000000003 5.306149
v -2.162902 1.9660660000000003 5.306147
v -2.196489 1.9641340000000003 5.041114
v -2.194556 1.9305480000000002 5.041116
v -2.194556 1.9305480000000002 5.30615
v -2.194556 1.9305480000000002 5.30615
v -2.196489 1.9641340000000003 5.306149
v -2.038467 -3.7244679999999994 4.962754
v -2.053594 -3.7660129999999996 4.962754
v -2.010347 -3.7583839999999995 5.053171
v -1.995139 -3.7168299999999994 4.962754
v -2.010347 -3.7583839999999995 5.053171
v -1.966718 -3.7506939999999998 4.962754
v -2.010347 -3.7583839999999995 5.053171
v -1.981839 -3.7922589999999996 4.962754
v -2.010347 -3.7583839999999995 5.053171
v -2.025166 -3.7998959999999995 4.962754
v -2.053594 -3.7660129999999996 4.962754
v 3.162407 2.910346 1.6353339999999998
v 3.215242 3.20999 1.7355979999999998
v 2.960364 3.254933 1.7355979999999998
v 2.960364 3.254933 1.7355979999999998
v 2.907528 2.955288 1.6180649999999999
v 3.098659 2.548821 1.6164639999999997
v 2.843782 2.593764 1.6164639999999997
v 3.045944 2.249853 1.7354049999999999
v 2.791066 2.294792 1.7354049999999999
v 3.045944 2.249853 1.7354049999999999
v -2.455513 -1.2310479999999997 2.303882
v -3.233709 -1.4397159999999998 2.304452
v -2.874551 -2.209933 2.304453
v -2.302399 -2.214912 2.304453
v -1.669879 -1.9049329999999998 2.304452
v -1.669879 -1.9049329999999998 2.304452
v -2.455513 -1.2310479999999997 2.303882
v -2.38262 0.7550550000000001 2.304211
v -2.987651 0.7549210000000001 2.304211
v -2.196489 1.9641340000000003 5.306149
v -2.21297 1.9788320000000001 5.362726
v -2.148182 1.9825610000000002 5.362723
v -2.162902 1.9660660000000003 5.306147
v -2.196489 1.9641340000000003 5.306149
v -2.144454 1.9177780000000002 5.362726
v -2.160969 1.9324800000000002 5.306149
v -2.212508 3.520451 2.240372
v -2.51562 3.546968 2.340636
v -2.538034 3.290773 2.340636
v -2.538034 3.290773 2.340636
v -2.234922 3.264254 2.240372
v -1.846801 3.488455 2.238771
v -1.869219 3.232259 2.238771
v -1.544379 3.461996 2.340443
v -1.56679 3.2058 2.340443
v -1.544379 3.461996 2.340443
v -0.411039 -3.523144 1.5947520000000002
v -0.695011 -3.599235 1.5947520000000002
v -0.695011 -3.599235 2.819154
v -0.411039 -3.523144 2.819154
v -0.411039 -3.523144 1.5947520000000002
v -0.411039 -3.523144 2.819154
v -0.695011 -3.599235 2.819154
v -0.695011 -3.599235 1.5947520000000002
v 1.042314 0.7002070000000001 1.920364
v 1.21152 0.5713850000000001 1.920364
v 1.865836 0.5713810000000001 1.920364
v 2.020502 0.7002030000000001 1.920364
v 1.042313 -1.7116609999999999 1.920364
v 1.21152 -1.5828399999999998 1.920364
v 1.21152 0.5713850000000001 1.920364
v 1.042314 0.7002070000000001 1.920364
v 2.020499 -1.7116609999999999 1.920365
v 1.865835 -1.5828399999999998 1.920365
v 1.21152 -1.5828399999999998 1.920364
v 1.042313 -1.7116609999999999 1.920364
v 2.020502 0.7002030000000001 1.920364
v 1.865836 0.5713810000000001 1.920364
v 1.865835 -1.5828399999999998 1.920365
v 2.020499 -1.7116609999999999 1.920365
v -3.651135 -0.022705999999999987 0.234605
v -3.658815 -0.084163 -0.003335999999999995
v -3.549129 0.007943 -0.0032190000000000005
v -3.60683 0.014837000000000013 0.235252
v -3.750736 0.025428 -0.0032140000000000016
v -3.687669 0.021077000000000012 0.235279
v -3.643484 0.058644000000000016 0.235856
v -3.641073 0.117535 -0.0031100000000000073
v -3.500064 3.065252 1.0061879999999999
v -3.56152 3.072932 0.7682479999999998
v -3.469415 2.963246 0.7683649999999997
v -3.462522 3.020946 1.0068349999999997
v -3.45193 3.164852 0.7683689999999997
v -3.456282 3.101786 1.0068619999999997
v -3.418715 3.0576 1.0074399999999997
v -3.359824 3.05519 0.7684739999999998
v -3.494915 2.926839 1.0061879999999999
v -3.513926 2.985782 0.7682479999999998
v -3.574409 2.855952 0.7683649999999997
v -3.519204 2.87409 1.0068349999999997
v -3.384303 2.925307 0.7683689999999997
v -3.443301 2.902598 1.0068619999999997
v -3.46747 2.849878 1.0074399999999997
v -3.444765 2.795485 0.7684739999999998
v -4.496572 3.05979 1.0061879999999999
v -4.504251 2.998334 0.7682479999999998
v -4.394567 3.09044 0.7683649999999997
v -4.452265 3.097333 1.0068349999999997
v -4.596172 3.107925 0.7683689999999997
v -4.533105 3.103573 1.0068619999999997
v -4.488919 3.14114 1.0074399999999997
v -4.48651 3.200031 0.7684739999999998
v -3.880659 0.14323700000000003 0.234605
v -3.922801 0.188623 -0.0033360000000000117
v -3.92275 0.045395 -0.0032190000000000027
v -3.880379 0.08516400000000002 0.235252
v -3.779764 0.188595 -0.0032140000000000116
v -3.823636 0.14308000000000004 0.235279
v -3.823259 0.08508400000000002 0.235856
v -3.779696 0.045384 -0.0031090000000000024
v -4.669404 -3.682989 0.23460500000000023
v -4.721417 -3.716611 -0.0033359999999997723
v -4.580357 -3.741431 -0.003218999999999771
v -4.612165 -3.692798 0.2352520000000002
v -4.696553 -3.575751 -0.003213999999999781
v -4.659348 -3.62686 0.2352790000000002
v -4.602168 -3.63656 0.23585600000000023
v -4.555506 -3.600554 -0.0031099999999997796
v -4.656753 -3.49663 0.23460500000000023
v -4.718103 -3.505118 -0.0033359999999997853
v -4.600748 -3.587228 -0.0032189999999997806
v -4.609024 -3.52971 0.2352520000000002
v -4.636038 -3.387964 -0.0032139999999997925
v -4.623918 -3.45001 0.2352790000000002
v -4.576195 -3.482966 0.23585600000000023
v -4.518689 -3.470053 -0.0031099999999997874
v -2.655286 -2.100547 2.513825
v -2.71041 -2.072311 2.275884
v -2.661374 -2.206883 2.276001
v -2.635161 -2.155021 2.514472
v -2.575989 -2.023415 2.276006
v -2.601649 -2.08119 2.514499
v -2.581459 -2.13556 2.515076
v -2.526944 -2.157967 2.276111
v -2.450099 -2.104699 2.513825
v -2.505222 -2.076463 2.275884
v -2.456187 -2.211035 2.276001
v -2.429974 -2.159173 2.514472
v -2.370802 -2.027566 2.276006
v -2.396461 -2.085342 2.514499
v -2.376271 -2.139712 2.515076
v -2.321758 -2.162119 2.276111
v -2.196744 0.5613520000000001 1.76055
v -2.134381 0.5643830000000001 1.52274
v -2.244133 0.6564070000000001 1.522593
v -2.241411 0.5984660000000002 1.761089
v -2.226344 0.4548270000000001 1.522702
v -2.233518 0.5177700000000001 1.761159
v -2.278189 0.5547610000000001 1.761629
v -2.336095 0.5468300000000001 1.522542
v 0.547589 0.668878 0.47422899999999996
v 0.492466 0.697114 0.23628899999999994
v 0.541502 0.562543 0.23640499999999998
v 0.567714 0.614404 0.47487599999999996
v 0.626885 0.746011 0.23640999999999995
v 0.601226 0.688235 0.47490299999999996
v 0.621416 0.633865 0.47548099999999993
v 0.675931 0.611458 0.23651499999999998
v 3.511767 2.849305 1.1449309999999997
v 3.478835 2.796853 0.9069899999999997
v 3.617168 2.833973 0.9071069999999998
v 3.567788 2.864606 1.1455769999999998
v 3.44184 2.935023 0.9071119999999998
v 3.497159 2.904425 1.1456039999999998
v 3.553082 2.9198 1.1461819999999998
v 3.580154 2.972154 0.9072159999999998
v 3.39999 3.064117 1.1449299999999998
v 3.344868 3.092352 0.9069889999999998
v 3.393903 2.957781 0.9071069999999998
v 3.420115 3.009643 1.1455769999999998
v 3.479287 3.141249 0.9071109999999998
v 3.453627 3.083473 1.1456039999999998
v 3.473817 3.029104 1.1461819999999998
v 3.528333 3.006697 0.9072159999999998
v 3.492346 3.774144 1.1449299999999998
v 3.437224 3.802381 0.9069899999999997
v 3.486259 3.66781 0.9071069999999998
v 3.512471 3.71967 1.1455769999999998
v 3.571643 3.851278 0.9071119999999998
v 3.545983 3.7935 1.1456039999999998
v 3.566173 3.739131 1.1461819999999998
v 3.620689 3.716725 0.9072159999999998
v -0.212079 -3.146025 2.818614
v -0.212079 -3.146025 3.13834
v -0.206902 -3.165338 3.13834
v -0.206902 -3.165338 2.818614
v -2.916785 0.6554890000000001 2.304168
v -2.916785 0.6554890000000001 2.431608
v -2.416714 -1.2106959999999998 2.431608
v -2.416714 -1.2106959999999998 2.304168
v -2.987651 0.754921 -0.011582000000000047
v -2.455513 -1.231048 -0.011581999999999926
v -2.455513 -1.2310479999999997 2.431609
v -2.987651 0.7549210000000001 2.431938
v -0.811311 -1.6748799999999997 3.456717
v -2.337523 -2.083831 3.456718
v -1.898209 -3.723376 3.4567180000000004
v -0.371996 -3.314421 3.456718
v 1.548364 0.9991970000000001 1.179304
v 1.297473 0.9772470000000001 1.179304
v 1.297473 0.9772470000000001 1.431153
v 1.548364 0.9991970000000001 1.431153
v 1.570314 0.7483070000000002 1.179304
v 1.548364 0.9991970000000001 1.179304
v 1.548364 0.9991970000000001 1.431153
v 1.570314 0.7483070000000002 1.431153
v 1.297473 0.9772470000000001 1.179304
v 1.319423 0.7263570000000001 1.179304
v 1.319423 0.7263570000000001 1.431153
v 1.297473 0.9772470000000001 1.431153
v 1.297473 0.9772470000000001 1.431153
v 1.319423 0.7263570000000001 1.431153
v 1.570314 0.7483070000000002 1.431153
v 1.548364 0.9991970000000001 1.431153
v -1.322745 -3.944074 0.24259300000000025
v -1.322745 -3.944074 -0.00925599999999976
v -1.079478 -3.87889 -0.009255999999999763
v -1.079478 -3.87889 0.24259300000000025
v -1.079478 -3.87889 0.24259300000000025
v -1.079478 -3.87889 -0.009255999999999763
v -1.144662 -3.635623 -0.009255999999999778
v -1.144662 -3.635623 0.24259300000000023
v -1.144662 -3.635623 0.24259300000000023
v -1.144662 -3.635623 -0.009255999999999778
v -1.387929 -3.700806 -0.009255999999999773
v -1.387929 -3.700806 0.24259300000000023
v -1.387929 -3.700806 0.24259300000000023
v -1.387929 -3.700806 -0.009255999999999773
v -1.322745 -3.944074 -0.00925599999999976
v -1.322745 -3.944074 0.24259300000000025
v -1.144662 -3.635623 0.24259300000000023
v -1.387929 -3.700806 0.24259300000000023
v -1.322745 -3.944074 0.24259300000000025
v -1.079478 -3.87889 0.24259300000000025
v -2.935619 -1.7610149999999998 2.644463
v -2.970023 -1.7582079999999998 2.644463
v -2.970023 -1.7582079999999998 2.41096
v -2.935619 -1.7610149999999998 2.41096
v -2.935619 -1.7610149999999998 2.41096
v -2.950941 -1.7390499999999998 2.41096
v -2.950941 -1.7390499999999998 2.644463
v -2.935619 -1.7610149999999998 2.644463
v -2.988009 -1.7882629999999997 2.292838
v -3.020988 -1.8162649999999998 2.418113
v -3.009737 -1.6876739999999997 2.418113
v -2.982122 -1.7209779999999997 2.292838
v -2.921507 -1.7940809999999998 2.292838
v -2.893891 -1.8273839999999997 2.418113
v -3.020988 -1.8162649999999998 2.418113
v -2.988009 -1.7882629999999997 2.292838
v -2.91562 -1.7267959999999998 2.292838
v -2.882641 -1.6987929999999998 2.418113
v -2.893891 -1.8273839999999997 2.418113
v -2.921507 -1.7940809999999998 2.292838
v -2.982122 -1.7209779999999997 2.292838
v -3.009737 -1.6876739999999997 2.418113
v -2.882641 -1.6987929999999998 2.418113
v -2.91562 -1.7267959999999998 2.292838
v -3.009737 -1.6876739999999997 2.418113
v -3.020988 -1.8162649999999998 2.418113
v -2.893891 -1.8273839999999997 2.418113
v -2.882641 -1.6987929999999998 2.418113
v -2.85827 -1.7067199999999998 2.685759
v -2.895239 -1.6697499999999998 2.685759
v -2.949613 -1.7610939999999997 2.643615
v -2.781477 -1.5929579999999999 2.643615
v -3.002395 -1.6746239999999997 2.685759
v -3.036001 -1.7146739999999998 2.685759
v -2.940267 -1.7608799999999998 2.643615
v -3.122416 -1.6080389999999998 2.643615
v -3.041906 -1.7893759999999999 2.685759
v -3.011919 -1.8322019999999999 2.685759
v -2.942509 -1.7516889999999998 2.643615
v -3.137286 -1.8880739999999998 2.643615
v -2.845925 -1.8001499999999997 2.685759
v -2.836588 -1.7484679999999997 2.685759
v -2.943116 -1.7567069999999998 2.643615
v -2.708433 -1.7976099999999997 2.643615
v -2.942131 -1.8576519999999999 2.685759
v -2.89163 -1.8441209999999997 2.685759
v -2.943548 -1.7513599999999998 2.643615
v -2.882007 -1.9810369999999997 2.643615
v -1.641061 -0.6548719999999999 1.904739
v -1.674667 -0.6949229999999998 1.904739
v -1.578932 -0.7411279999999999 1.862595
v -1.761082 -0.5882869999999999 1.862595
v -1.680572 -0.7696239999999999 1.904739
v -1.650584 -0.8124509999999999 1.904739
v -1.581175 -0.7319369999999998 1.862595
v -1.775952 -0.8683219999999999 1.862595
v -1.580796 -0.8378999999999999 1.904739
v -1.530296 -0.8243679999999999 1.904739
v -1.582214 -0.7316079999999999 1.862595
v -1.520673 -0.9612849999999998 1.862595
v -4.371701 -2.067916 0.9657030000000001
v -4.379305 -2.114029 0.9657030000000001
v -4.284624 -2.105959 0.9280300000000001
v -4.494345 -2.071375 0.9280300000000001
v -4.326643 -2.116914 0.9997330000000001
v -4.307315 -2.149549 0.9997330000000001
v -4.280564 -2.111665 0.9349280000000001
v -4.402144 -2.183671 1.0266830000000002
v -4.253403 -2.060518 0.9997330000000001
v -4.291222 -2.057632 0.9997330000000001
v -4.275533 -2.101274 0.9349280000000001
v -4.264781 -1.96038 1.0266830000000002
v -4.30385 -1.998063 0.9657030000000001
v -4.345986 -2.018284 0.9657030000000001
v -4.285067 -2.091213 0.9280300000000001
v -4.37703 -1.899584 0.9280300000000001
v -0.575299 -0.022369999999999893 1.732115
v -0.582903 -0.06848299999999989 1.732115
v -0.488222 -0.0604129999999999 1.694442
v -0.697943 -0.025829999999999895 1.694442
v -0.394475 -0.11856899999999988 1.732115
v -0.378979 -0.07447599999999989 1.732115
v -0.473624 -0.0659829999999999 1.694442
v -0.273093 -0.13645799999999988 1.694442
v -0.507448 0.04748200000000011 1.732115
v -0.549584 0.02726200000000011 1.732115
v -0.488666 -0.045667999999999896 1.694442
v -0.580629 0.14596200000000012 1.694442
v -0.503129 -0.1231779999999999 1.520667
v -0.497729 -0.1078109999999999 1.694316
v -0.53047 -0.039582999999999896 1.694316
v -0.545838 -0.03418199999999991 1.520667
v -0.414133 -0.0804699999999999 1.520667
v -0.429502 -0.0750679999999999 1.694316
v -0.497729 -0.1078109999999999 1.694316
v -0.503129 -0.1231779999999999 1.520667
v -0.456842 0.008527000000000094 1.520667
v -0.462244 -0.006840999999999896 1.694316
v -0.429502 -0.0750679999999999 1.694316
v -0.414133 -0.0804699999999999 1.520667
v -0.545838 -0.03418199999999991 1.520667
v -0.53047 -0.039582999999999896 1.694316
v -0.462244 -0.006840999999999896 1.694316
v -0.456842 0.008527000000000094 1.520667
v -0.53047 -0.039582999999999896 1.694316
v -0.497729 -0.1078109999999999 1.694316
v -0.429502 -0.0750679999999999 1.694316
v -0.462244 -0.006840999999999896 1.694316
v -0.154363 3.130466 0.9666719999999998
v -0.109357 3.143063 0.9666719999999998
v -0.156685 3.225462 0.9289989999999998
v -0.099396 3.020775 0.9289989999999998
v -0.128998 3.192009 1.0007019999999998
v -0.10759 3.223319 1.0007019999999998
v -0.153229 3.231553 0.9358969999999998
v -0.036587 3.151794 1.0276529999999997
v -0.120857 3.26829 1.0007019999999998
v -0.15664 3.280865 1.0007019999999998
v -0.152781 3.23465 0.9358969999999998
v -0.10593 3.36796 1.0276529999999997
v -0.143597 3.335003 0.9666719999999998
v -0.190107 3.330413 0.9666719999999998
v -0.157806 3.241047 0.9289989999999998
v -0.178682 3.452574 0.9289989999999998
v -0.211063 3.234554 1.0007019999999998
v -0.197696 3.199059 1.0007019999999998
v -0.164773 3.231721 0.9358969999999998
v -0.29701 3.181921 1.0276529999999997
v -0.246346 3.162439 0.9666719999999998
v -0.203633 3.128783 0.9666719999999998
v -0.169861 3.218829 0.9289989999999998
v -0.304672 3.054495 0.9289989999999998
v -0.0935 3.238477 0.7552239999999998
v -0.109711 3.236878 0.9288729999999997
v -0.157708 3.178369 0.9288729999999997
v -0.156108 3.162159 0.7552239999999998
v -0.169819 3.301086 0.7552239999999998
v -0.168219 3.284874 0.9288729999999997
v -0.109711 3.236878 0.9288729999999997
v -0.0935 3.238477 0.7552239999999998
v -0.232427 3.224767 0.7552239999999998
v -0.216216 3.226366 0.9288729999999997
v -0.168219 3.284874 0.9288729999999997
v -0.169819 3.301086 0.7552239999999998
v -0.156108 3.162159 0.7552239999999998
v -0.157708 3.178369 0.9288729999999997
v -0.216216 3.226366 0.9288729999999997
v -0.232427 3.224767 0.7552239999999998
v -0.157708 3.178369 0.9288729999999997
v -0.109711 3.236878 0.9288729999999997
v -0.168219 3.284874 0.9288729999999997
v -0.216216 3.226366 0.9288729999999997
v -3.020884 -1.5268129999999998 2.402818
v -3.020884 -1.5268129999999998 2.538121
v -3.000834 -1.5366189999999997 2.538121
v -3.000834 -1.5366189999999997 2.402818
v -3.025377 -1.5842499999999997 2.284696
v -3.036329 -1.6261039999999998 2.409971
v -3.100871 -1.5143159999999998 2.409971
v -3.059148 -1.5257569999999998 2.284696
v -2.967564 -1.5508729999999997 2.284696
v -2.925841 -1.5623139999999998 2.409971
v -3.036329 -1.6261039999999998 2.409971
v -3.025377 -1.5842499999999997 2.284696
v -3.001335 -1.4923789999999997 2.284696
v -2.990382 -1.4505249999999998 2.409971
v -2.925841 -1.5623139999999998 2.409971
v -2.967564 -1.5508729999999997 2.284696
v -3.059148 -1.5257569999999998 2.284696
v -3.100871 -1.5143159999999998 2.409971
v -2.990382 -1.4505249999999998 2.409971
v -3.001335 -1.4923789999999997 2.284696
v -3.100871 -1.5143159999999998 2.409971
v -3.036329 -1.6261039999999998 2.409971
v -2.925841 -1.5623139999999998 2.409971
v -2.990382 -1.4505249999999998 2.409971
v -1.356688 -3.842561 0.24259300000000023
v -1.518574 -4.035488 0.24259300000000025
v -1.518574 -4.035488 -0.009255999999999754
v -1.356688 -3.842561 -0.009255999999999764
v -1.518574 -4.035488 0.24259300000000025
v -1.711501 -3.873602 0.24259300000000025
v -1.711501 -3.873602 -0.009255999999999763
v -1.518574 -4.035488 -0.009255999999999754
v -1.711501 -3.873602 0.24259300000000025
v -1.549616 -3.680675 0.24259300000000023
v -1.549616 -3.680675 -0.009255999999999775
v -1.711501 -3.873602 -0.009255999999999763
v -1.549616 -3.680675 0.24259300000000023
v -1.356688 -3.842561 0.24259300000000023
v -1.356688 -3.842561 -0.009255999999999764
v -1.549616 -3.680675 -0.009255999999999775
v -1.711501 -3.873602 0.24259300000000025
v -1.518574 -4.035488 0.24259300000000025
v -1.356688 -3.842561 0.24259300000000023
v -1.549616 -3.680675 0.24259300000000023
v -3.248347 -0.06651899999999997 0.495381
v -3.500196 -0.06651899999999997 0.495381
v -3.500196 -0.06651899999999998 0.243532
v -3.248347 -0.06651899999999998 0.243532
v -3.500196 -0.06651899999999997 0.495381
v -3.500196 0.18533000000000002 0.495381
v -3.500196 0.18533000000000002 0.243532
v -3.500196 -0.06651899999999998 0.243532
v -3.500196 0.18533000000000002 0.495381
v -3.248347 0.18533000000000002 0.495381
v -3.248347 0.18533000000000002 0.243532
v -3.500196 0.18533000000000002 0.243532
v -3.500196 0.18533000000000002 0.495381
v -3.500196 -0.06651899999999997 0.495381
v -3.248347 -0.06651899999999997 0.495381
v -3.248347 0.18533000000000002 0.495381
v -3.528068 0.12825600000000004 0.244048
v -3.778958 0.10630700000000001 0.244048
v -3.778958 0.106307 -0.007801000000000007
v -3.528068 0.128256 -0.007801000000000008
v -3.778958 0.10630700000000001 0.244048
v -3.800909 0.357197 0.24404799999999996
v -3.800909 0.357197 -0.0078010000000000215
v -3.778958 0.106307 -0.007801000000000007
v -3.800909 0.357197 0.24404799999999996
v -3.550018 0.379147 0.24404799999999996
v -3.550018 0.379147 -0.007801000000000023
v -3.800909 0.357197 -0.0078010000000000215
v -3.550018 0.379147 0.24404799999999996
v -3.528068 0.12825600000000004 0.244048
v -3.528068 0.128256 -0.007801000000000008
v -3.550018 0.379147 -0.007801000000000023
v -3.800909 0.357197 0.24404799999999996
v -3.778958 0.10630700000000001 0.244048
v -3.528068 0.12825600000000004 0.244048
v -3.550018 0.379147 0.24404799999999996
v -3.343062 -0.09004599999999999 0.244048
v -3.571314 0.016390000000000012 0.244048
v -3.571314 0.01639 -0.007801000000000001
v -3.343062 -0.090046 -0.007800999999999995
v -3.571314 0.016390000000000012 0.244048
v -3.464879 0.24464200000000003 0.24404799999999996
v -3.464879 0.244642 -0.0078010000000000145
v -3.571314 0.01639 -0.007801000000000001
v -3.236626 0.13820600000000002 0.244048
v -3.343062 -0.09004599999999999 0.244048
v -3.343062 -0.090046 -0.007800999999999995
v -3.236626 0.138206 -0.0078010000000000084
v -3.464879 0.24464200000000003 0.24404799999999996
v -3.571314 0.016390000000000012 0.244048
v -3.343062 -0.09004599999999999 0.244048
v -3.236626 0.13820600000000002 0.244048
v 0.583208 0.450672 0.24404799999999996
v 0.346548 0.53681 0.24404799999999996
v 0.346548 0.53681 -0.007801000000000033
v 0.583208 0.450672 -0.0078010000000000275
v 0.346548 0.53681 0.24404799999999996
v 0.432686 0.77347 0.24404799999999993
v 0.432686 0.77347 -0.0078010000000000475
v 0.346548 0.53681 -0.007801000000000033
v 0.432686 0.77347 0.24404799999999993
v 0.669346 0.687333 0.24404799999999993
v 0.669346 0.687333 -0.007801000000000042
v 0.432686 0.77347 -0.0078010000000000475
v 0.669346 0.687333 0.24404799999999993
v 0.583208 0.450672 0.24404799999999996
v 0.583208 0.450672 -0.0078010000000000275
v 0.669346 0.687333 -0.007801000000000042
v 0.432686 0.77347 0.24404799999999993
v 0.346548 0.53681 0.24404799999999996
v 0.583208 0.450672 0.24404799999999996
v 0.669346 0.687333 0.24404799999999993
v 4.43034 3.67703 1.3928919999999998
v 4.350343 3.754285 1.3928919999999998
v 4.308254 3.71069 1.4143589999999997
v 4.388249 3.63344 1.4143589999999997
v 3.736287 3.802579 1.3928919999999998
v 3.646314 3.737213 1.3928919999999998
v 3.681938 3.688194 1.4143589999999997
v 3.771905 3.75356 1.4143589999999997
v 3.732281 2.852386 1.3928919999999998
v 3.833877 2.807151 1.3928919999999998
v 3.858517 2.862512 1.4143589999999997
v 3.756925 2.907743 1.4143589999999997
v 4.427465 2.971575 1.3928919999999998
v 4.489656 3.063772 1.3928919999999998
v 4.439414 3.097651 1.4143589999999997
v 4.37723 3.005457 1.4143589999999997
v 4.340105 -2.679906 0.19185200000000016
v 4.23851 -2.63467 0.19185200000000016
v 4.21387 -2.690032 0.21331900000000018
v 4.315462 -2.735262 0.21331900000000018
v 3.644968 -2.799308 0.19185200000000016
v 3.582778 -2.891504 0.19185200000000016
v 3.633019 -2.925383 0.21331900000000018
v 3.695204 -2.833189 0.21331900000000018
v 3.96619 -3.693567 0.19185200000000022
v 4.077129 -3.701327 0.19185200000000022
v 4.081348 -3.640877 0.21331900000000023
v 3.970414 -3.63312 0.21331900000000023
v -3.619257 0.44253100000000023 3.871785
v -3.619257 0.44253100000000023 3.656864
v -3.654449 0.46681400000000023 3.656864
v -3.654449 0.46681400000000023 3.81224
v -3.619257 0.44253100000000023 3.656864
v -3.619257 0.44253100000000023 3.871785
v -3.584101 0.45914300000000025 3.81224
v -3.584101 0.45914300000000025 3.656864
v -3.666094 0.4750220000000002 3.656864
v -3.619257 0.44253100000000023 3.656864
v -3.619257 0.44253100000000023 3.871785
v -3.666094 0.4750220000000002 3.81224
v -3.571074 0.4651340000000002 3.81224
v -3.619257 0.44253100000000023 3.871785
v -3.619257 0.44253100000000023 3.656864
v -3.571074 0.4651340000000002 3.656864
v -3.329206 0.5771200000000002 3.871786
v -3.329206 0.5771200000000002 3.656864
v -3.367496 0.5592640000000002 3.656864
v -3.367496 0.5592640000000002 3.81224
v -3.329206 0.5771200000000002 3.656864
v -3.329206 0.5771200000000002 3.871786
v -3.325678 0.6163510000000002 3.81224
v -3.325678 0.6163510000000002 3.656864
v -3.380476 0.5532130000000002 3.656864
v -3.329206 0.5771200000000002 3.656864
v -3.329206 0.5771200000000002 3.871786
v -3.380476 0.5532130000000002 3.81224
v -3.324402 0.6305590000000002 3.81224
v -3.329206 0.5771200000000002 3.871786
v -3.329206 0.5771200000000002 3.656864
v -3.324402 0.6305590000000002 3.656864
v -3.299657 0.9140080000000003 3.871786
v -3.299657 0.9140080000000003 3.656864
v -3.303339 0.8719200000000003 3.656864
v -3.303339 0.8719200000000003 3.81224
v -3.299657 0.9140080000000003 3.656864
v -3.299657 0.9140080000000003 3.871786
v -3.331868 0.9366790000000003 3.81224
v -3.331868 0.9366790000000003 3.656864
v -3.304587 0.8576530000000002 3.656864
v -3.299657 0.9140080000000003 3.656864
v -3.299657 0.9140080000000003 3.871786
v -3.304587 0.8576530000000002 3.81224
v -3.343534 0.9448870000000003 3.81224
v -3.299657 0.9140080000000003 3.871786
v -3.299657 0.9140080000000003 3.656864
v -3.343534 0.9448870000000003 3.656864
v -3.515789 1.0666700000000002 3.656864
v -3.561816 1.0990910000000003 3.656864
v -3.561816 1.0990910000000003 3.871785
v -3.515789 1.0666700000000002 3.81224
v -3.61081 1.0765580000000001 3.81224
v -3.561816 1.0990910000000003 3.871785
v -3.561816 1.0990910000000003 3.656864
v -3.61081 1.0765580000000001 3.656864
v -3.853052 0.9634590000000002 3.440518
v -3.882375 0.6272990000000003 3.440519
v -3.747834 0.6959640000000002 3.440519
v -3.732473 0.8715450000000002 3.440518
v -3.853052 0.9634590000000002 3.440518
v -3.732473 0.8715450000000002 3.440518
v -3.575453 0.9432170000000002 3.440518
v -3.561861 1.0985710000000002 3.440518
v -3.298697 0.9135600000000003 3.440518
v -3.561861 1.0985710000000002 3.440518
v -3.575453 0.9432170000000002 3.440518
v -3.433231 0.8450200000000002 3.440518
v -3.32802 0.5774020000000002 3.440519
v -3.298697 0.9135600000000003 3.440518
v -3.433231 0.8450200000000002 3.440518
v -3.4486 0.6693140000000002 3.440519
v -3.32802 0.5774020000000002 3.440519
v -3.4486 0.6693140000000002 3.440519
v -3.605687 0.5976470000000003 3.440518
v -3.619277 0.44229400000000024 3.440519
v -3.882375 0.6272990000000003 3.440519
v -3.619277 0.44229400000000024 3.440519
v -3.605687 0.5976470000000003 3.440518
v -3.747834 0.6959640000000002 3.440519
v -3.882375 0.6273000000000002 3.656866
v -3.882375 0.6272990000000003 3.440519
v -3.853052 0.9634590000000002 3.440518
v -3.853052 0.9634590000000002 3.656866
v -3.619277 0.44229400000000024 3.656866
v -3.619277 0.44229400000000024 3.440519
v -3.882375 0.6272990000000003 3.440519
v -3.882375 0.6273000000000002 3.656866
v -3.32802 0.5774020000000002 3.656866
v -3.32802 0.5774020000000002 3.440519
v -3.619277 0.44229400000000024 3.440519
v -3.619277 0.44229400000000024 3.656866
v -3.298697 0.9135600000000003 3.656866
v -3.298697 0.9135600000000003 3.440518
v -3.32802 0.5774020000000002 3.440519
v -3.32802 0.5774020000000002 3.656866
v -3.561861 1.0985720000000003 3.656865
v -3.561861 1.0985710000000002 3.440518
v -3.298697 0.9135600000000003 3.440518
v -3.298697 0.9135600000000003 3.656866
v -3.853052 0.9634590000000002 3.656866
v -3.853052 0.9634590000000002 3.440518
v -3.561861 1.0985710000000002 3.440518
v -3.561861 1.0985720000000003 3.656865
v -3.852235 0.9640020000000002 3.39619
v -3.852235 0.9640020000000002 3.656866
v -3.561858 1.0986130000000003 3.656865
v -3.561858 1.0986120000000001 3.39619
v -3.881724 0.6269440000000002 3.396191
v -3.881724 0.6269450000000002 3.656866
v -3.852235 0.9640020000000002 3.656866
v -3.852235 0.9640020000000002 3.39619
v -3.619282 0.4422560000000002 3.396191
v -3.619282 0.4422560000000002 3.656866
v -3.881724 0.6269450000000002 3.656866
v -3.881724 0.6269440000000002 3.396191
v -3.328836 0.5768560000000003 3.396191
v -3.328836 0.5768560000000003 3.656866
v -3.619282 0.4422560000000002 3.656866
v -3.619282 0.4422560000000002 3.396191
v -3.299347 0.9139170000000002 3.39619
v -3.299347 0.9139170000000002 3.656866
v -3.328836 0.5768560000000003 3.656866
v -3.328836 0.5768560000000003 3.396191
v -3.561858 1.0986120000000001 3.39619
v -3.561858 1.0986130000000003 3.656865
v -3.299347 0.9139170000000002 3.656866
v -3.299347 0.9139170000000002 3.39619
v -3.821122 0.6581560000000002 3.224216
v -3.881724 0.6269440000000002 3.396191
v -3.852235 0.9640020000000002 3.39619
v -3.798028 0.9221220000000002 3.224216
v -3.360384 0.8777510000000002 3.224216
v -3.299347 0.9139170000000002 3.39619
v -3.328836 0.5768560000000003 3.396191
v -3.382516 0.6247710000000002 3.224216
v -1.146467 0.518225 0.757915
v -0.941371 0.500281 0.757915
v -0.941371 0.5002810000000002 3.033378
v -1.146467 0.5182250000000003 3.033378
v -0.923439 0.705256 0.757915
v -0.923439 0.7052560000000002 3.033378
v -0.941371 0.5002810000000002 3.033378
v -0.941371 0.500281 0.757915
v -0.967556 0.6936340000000002 2.996233
v -0.966208 0.7090430000000001 2.68846
v -0.980462 0.5461090000000001 2.68846
v -0.980462 0.5461090000000002 2.996233
v -0.980462 0.5461090000000002 2.996233
v -0.980462 0.5461090000000001 2.68846
v -1.143911 0.5604090000000002 2.68846
v -1.127417 0.5589660000000002 2.996233
v 2.029036 -1.858121 1.6193230000000003
v 1.878295 -1.898512 1.6193230000000003
v 1.878295 -1.8985119999999998 2.183098
v 2.029036 -1.8581219999999998 2.183098
v 2.069399 -2.008773 1.6193230000000003
v 2.029036 -1.858121 1.6193230000000003
v 2.029036 -1.8581219999999998 2.183098
v 2.069399 -2.008773 2.183098
v 2.029036 -1.858121 1.6193230000000003
v 2.005259 -1.89976 1.5368370000000002
v 1.921312 -1.922254 1.5368370000000002
v 1.878295 -1.898512 1.6193230000000003
v 2.069399 -2.008773 1.6193230000000003
v 2.026629 -1.979517 1.5368370000000002
v 2.005259 -1.89976 1.5368370000000002
v 2.029036 -1.858121 1.6193230000000003
v 2.032492 -2.006556 2.152169
v 2.004233 -1.9010829999999999 2.152169
v 2.004233 -1.9010829999999999 1.9198750000000002
v 2.035521 -2.01785 1.9198750000000002
v 2.004233 -1.9010829999999999 2.152169
v 1.898673 -1.9293689999999997 2.152169
v 1.887378 -1.9323959999999998 1.9198750000000002
v 2.004233 -1.9010829999999999 1.9198750000000002
v 0.569663 -2.248835 1.6193230000000003
v 0.610054 -2.399576 1.6193230000000003
v 0.610054 -2.399576 2.183098
v 0.569664 -2.248835 2.183098
v 0.720314 -2.208472 1.6193230000000003
v 0.569663 -2.248835 1.6193230000000003
v 0.569664 -2.248835 2.183098
v 0.720314 -2.208472 2.183098
v 0.569663 -2.248835 1.6193230000000003
v 0.611301 -2.272612 1.5368370000000002
v 0.633795 -2.356558 1.5368370000000002
v 0.610054 -2.399576 1.6193230000000003
v 0.720314 -2.208472 1.6193230000000003
v 0.691059 -2.251242 1.5368370000000002
v 0.611301 -2.272612 1.5368370000000002
v 0.569663 -2.248835 1.6193230000000003
v 0.718097 -2.245379 2.152169
v 0.612624 -2.273638 2.152169
v 0.612624 -2.273638 1.9198750000000002
v 0.729392 -2.24235 1.9198750000000002
v 0.612624 -2.273638 2.152169
v 0.64091 -2.379198 2.152169
v 0.643937 -2.390494 1.9198750000000002
v 0.612624 -2.273638 1.9198750000000002
v 3.419973 1.470141 1.348962
v 3.325841 1.470141 1.348962
v 3.325841 1.470141 1.689016
v 3.419973 1.470141 1.689016
v 3.419969 1.376067 1.348962
v 3.419973 1.470141 1.348962
v 3.419973 1.470141 1.689016
v 3.419969 1.376067 1.689016
v 3.419973 1.470141 1.348962
v 3.398763 1.450473 1.299209
v 3.346342 1.450473 1.299209
v 3.325841 1.470141 1.348962
v 3.419969 1.376067 1.348962
v 3.398763 1.400672 1.299209
v 3.398763 1.450473 1.299209
v 3.419973 1.470141 1.348962
v 3.398813 1.383121 1.67036
v 3.398813 1.448982 1.67036
v 3.398813 1.448982 1.530247
v 3.398813 1.376067 1.530247
v 3.398813 1.448982 1.67036
v 3.332895 1.448982 1.67036
v 3.325845 1.448981 1.530247
v 3.398813 1.448982 1.530247
v 2.430736 1.470447 1.348962
v 2.430737 1.376315 1.348962
v 2.430737 1.376315 1.689016
v 2.430736 1.470447 1.689016
v 2.52481 1.470443 1.348962
v 2.430736 1.470447 1.348962
v 2.430736 1.470447 1.689016
v 2.52481 1.470443 1.689016
v 2.430736 1.470447 1.348962
v 2.450405 1.449237 1.299209
v 2.450404 1.396816 1.299209
v 2.430737 1.376315 1.348962
v 2.52481 1.470443 1.348962
v 2.500206 1.449237 1.299209
v 2.450405 1.449237 1.299209
v 2.430736 1.470447 1.348962
v 2.517757 1.449287 1.67036
v 2.451896 1.449287 1.67036
v 2.451896 1.449287 1.530247
v 2.52481 1.449287 1.530247
v 2.451896 1.449287 1.67036
v 2.451896 1.383369 1.67036
v 2.451897 1.376319 1.530247
v 2.451896 1.449287 1.530247
v 2.43043 0.48976300000000006 1.348962
v 2.524562 0.48976400000000003 1.348962
v 2.524562 0.4897640000000001 1.689016
v 2.43043 0.4897630000000001 1.689016
v 2.430434 0.5838380000000001 1.348962
v 2.43043 0.48976300000000006 1.348962
v 2.43043 0.4897630000000001 1.689016
v 2.430434 0.5838380000000001 1.689016
v 2.43043 0.48976300000000006 1.348962
v 2.45164 0.5094320000000001 1.299209
v 2.504061 0.5094320000000001 1.299209
v 2.524562 0.48976400000000003 1.348962
v 2.430434 0.5838380000000001 1.348962
v 2.45164 0.5592330000000001 1.299209
v 2.45164 0.5094320000000001 1.299209
v 2.43043 0.48976300000000006 1.348962
v 2.45159 0.5767840000000001 1.67036
v 2.45159 0.5109230000000001 1.67036
v 2.45159 0.5109230000000001 1.530247
v 2.45159 0.5838380000000001 1.530247
v 2.45159 0.5109230000000001 1.67036
v 2.517508 0.5109230000000001 1.67036
v 2.524558 0.5109240000000002 1.530247
v 2.45159 0.5109230000000001 1.530247
v 3.553637 1.266366 0.19327499999999992
v 3.595772 1.286587 0.19327499999999992
v 3.534854 1.359516 0.1556019999999999
v 3.626817 1.167886 0.1556019999999999
v 3.56793 1.331379 0.22730599999999992
v 3.583576 1.36593 0.22730599999999992
v 3.5372 1.366114 0.16250099999999992
v 3.66592 1.307822 0.2542559999999999
v 3.562701 1.407914 0.22730599999999992
v 3.525278 1.414085 0.22730599999999992
v 3.537104 1.369242 0.16250099999999992
v 3.560094 1.508663 0.25425599999999987
v 3.528722 1.469665 0.19327499999999992
v 3.483716 1.457069 0.19327499999999992
v 3.531044 1.374669 0.1556019999999999
v 3.473754 1.579357 0.1556019999999999
v 3.479724 1.359026 0.22730599999999992
v 3.499052 1.326392 0.22730599999999992
v 3.525802 1.364275 0.16250099999999992
v 3.404222 1.292269 0.2542559999999999
v 3.4575 1.28188 0.19327499999999992
v 3.498231 1.258963 0.19327499999999992
v 3.52303 1.350695 0.1556019999999999
v 3.418804 1.165448 0.1556019999999999
v 3.594819 1.383305 -0.018173000000000085
v 3.579133 1.378915 0.15547599999999992
v 3.542024 1.312961 0.15547599999999992
v 3.546415 1.297274 -0.01817300000000008
v 3.508788 1.43171 -0.01817300000000009
v 3.513179 1.416023 0.15547599999999992
v 3.579133 1.378915 0.15547599999999992
v 3.594819 1.383305 -0.018173000000000085
v 3.460384 1.345679 -0.018173000000000085
v 3.47607 1.350068 0.15547599999999992
v 3.513179 1.416023 0.15547599999999992
v 3.508788 1.43171 -0.01817300000000009
v 3.546415 1.297274 -0.01817300000000008
v 3.542024 1.312961 0.15547599999999992
v 3.47607 1.350068 0.15547599999999992
v 3.460384 1.345679 -0.018173000000000085
v 3.542024 1.312961 0.15547599999999992
v 3.579133 1.378915 0.15547599999999992
v 3.513179 1.416023 0.15547599999999992
v 3.47607 1.350068 0.15547599999999992
v -0.469246 3.32529 0.8771869999999998
v -0.482451 3.291689 0.8773889999999998
v -0.489492 3.301744 1.1108919999999998
v -0.469246 3.32529 1.1106899999999997
v -0.455533 3.295551 1.1108919999999998
v -0.489492 3.301744 1.1108919999999998
v -0.482451 3.291689 0.8773889999999998
v -0.455533 3.295551 0.8773889999999998
v -0.500959 3.346395 0.7590659999999998
v -0.525981 3.381689 0.8843409999999998
v -0.398859 3.359274 0.8843409999999998
v -0.434443 3.334667 0.7590659999999998
v -0.512551 3.280653 0.7590659999999998
v -0.548135 3.256046 0.8843409999999998
v -0.525981 3.381689 0.8843409999999998
v -0.500959 3.346395 0.7590659999999998
v -0.446035 3.268924 0.7590659999999998
v -0.421014 3.23363 0.8843409999999998
v -0.548135 3.256046 0.8843409999999998
v -0.512551 3.280653 0.7590659999999998
v -0.434443 3.334667 0.7590659999999998
v -0.398859 3.359274 0.8843409999999998
v -0.421014 3.23363 0.8843409999999998
v -0.446035 3.268924 0.7590659999999998
v -0.398859 3.359274 0.8843409999999998
v -0.525981 3.381689 0.8843409999999998
v -0.548135 3.256046 0.8843409999999998
v -0.421014 3.23363 0.8843409999999998
v -0.38649 3.359128 1.1519869999999999
v -0.423459 3.396097 1.1519869999999999
v -0.477833 3.304754 1.1098429999999997
v -0.309698 3.472889 1.1098429999999997
v -0.530614 3.391223 1.1519869999999999
v -0.564221 3.351173 1.1519869999999999
v -0.468486 3.304967 1.1098429999999997
v -0.650636 3.457808 1.1098429999999997
v -0.570126 3.276472 1.1519869999999999
v -0.540138 3.233645 1.1519869999999999
v -0.470729 3.314158 1.1098429999999997
v -0.665506 3.177774 1.1098429999999997
v -0.373887 3.265892 1.1519869999999999
v -0.364808 3.317379 1.1519869999999999
v -0.47082 3.309528 1.1098429999999997
v -0.236653 3.268238 1.1098429999999997
v -0.470351 3.208195 1.1519869999999999
v -0.41985 3.221727 1.1519869999999999
v -0.471768 3.314488 1.1098429999999997
v -0.410226 3.08481 1.1098429999999997
v -4.031109 1.4743990000000002 2.544148
v -4.031109 1.474401 0.7592339999999999
v -3.877896 1.460992 0.7592339999999999
v -3.877896 1.4609920000000003 2.544148
v -4.017715 1.627525 0.7592339999999999
v -4.031109 1.474401 0.7592339999999999
v -4.031109 1.4743990000000002 2.544148
v -4.017715 1.6275260000000003 2.544148
v -3.993057 1.6137990000000002 2.516399
v -4.003033 1.4997770000000001 2.516399
v -4.003033 1.4997770000000001 2.285636
v -3.992133 1.6243700000000003 2.285636
v -4.003033 1.4997770000000001 2.516399
v -3.88696 1.4896230000000001 2.516399
v -3.876797 1.4887340000000002 2.285636
v -4.003033 1.4997770000000001 2.285636
v -0.68469 -3.586486 2.818614
v -0.68469 -3.586486 3.13834
v -0.704003 -3.591663 3.13834
v -0.704003 -3.591663 2.818614
v -0.41527 -3.514227 2.818614
v -0.41527 -3.514227 3.13834
v -0.434713 -3.519437 3.13834
v -0.434713 -3.519437 2.818614
v -0.979655 -3.665453 2.8186140000000006
v -0.979655 -3.665453 3.1383400000000004
v -0.999096 -3.670663 3.1383400000000004
v -0.999096 -3.670663 2.8186140000000006
v -3.41283 3.1252540000000004 6.163419
v -3.362565 3.1199880000000006 6.163419
v -3.362565 3.1199880000000006 6.666213
v -3.41283 3.1252540000000004 6.666213
v -3.315755 3.5988680000000004 6.163419
v -3.366024 3.6041380000000003 6.163419
v -3.366024 3.6041380000000003 6.666213
v -3.315755 3.5988700000000002 6.666213
v -3.183481 3.2016240000000002 6.163419
v -3.153783 3.2425230000000003 6.163419
v -3.153783 3.2425230000000003 6.666213
v -3.183481 3.2016240000000002 6.666214
v -3.545108 3.5224970000000004 6.163419
v -3.574802 3.4816000000000003 6.163419
v -3.574802 3.4816000000000003 6.666214
v -3.545108 3.5224970000000004 6.666213
v -3.139178 3.4449080000000003 6.163419
v -3.15975 3.4910740000000002 6.163419
v -3.15975 3.4910740000000002 6.666213
v -3.139178 3.4449080000000003 6.666213
v -3.882547 0.6268240000000003 3.871786
v -3.882547 0.6268240000000003 3.656864
v -3.878866 0.6689110000000003 3.656864
v -3.878866 0.6689110000000003 3.81224
v -3.882547 0.6268240000000003 3.656864
v -3.882547 0.6268240000000003 3.871786
v -3.850336 0.6041530000000003 3.81224
v -3.850336 0.6041530000000003 3.656864
v -3.877616 0.6831790000000002 3.656864
v -3.882547 0.6268240000000003 3.656864
v -3.882547 0.6268240000000003 3.871786
v -3.877616 0.6831790000000002 3.81224
v -3.83867 0.5959440000000003 3.81224
v -3.882547 0.6268240000000003 3.871786
v -3.882547 0.6268240000000003 3.656864
v -3.83867 0.5959440000000003 3.656864
v 2.447921 -3.420718 1.6193230000000003
v 2.40753 -3.269977 1.6193230000000003
v 2.40753 -3.269977 2.183098
v 2.447919 -3.420718 2.183098
v 2.297269 -3.461081 1.6193230000000003
v 2.447921 -3.420718 1.6193230000000003
v 2.447919 -3.420718 2.183098
v 2.297269 -3.461081 2.183098
v 2.447921 -3.420718 1.6193230000000003
v 2.406282 -3.396941 1.5368370000000002
v 2.383788 -3.312994 1.5368370000000002
v 2.40753 -3.269977 1.6193230000000003
v 2.297269 -3.461081 1.6193230000000003
v 2.326525 -3.418311 1.5368370000000002
v 2.406282 -3.396941 1.5368370000000002
v 2.447921 -3.420718 1.6193230000000003
v 2.299486 -3.424174 2.152169
v 2.404959 -3.395915 2.152169
v 2.404959 -3.395915 1.9198750000000002
v 2.288192 -3.427203 1.9198750000000002
v 2.404959 -3.395915 2.152169
v 2.376673 -3.290354 2.152169
v 2.373647 -3.279059 1.9198750000000002
v 2.404959 -3.395915 1.9198750000000002
v 2.965558 -3.092715 0.7639160000000003
v 3.004597 -3.234426 0.8981710000000003
v 2.997467 -3.207731 0.9050740000000003
v 2.965558 -3.092719 0.7952280000000003
v 3.01035 -3.204279 0.9050690000000002
v 3.017479 -3.230977 0.8981660000000002
v 2.978432 -3.089251 0.7639150000000002
v 2.978432 -3.089251 0.7952290000000002
v 3.599885 -2.342899 0.8111170000000001
v 3.379105 -2.244475 -0.01978099999999986
v 3.388433 -2.231265 -0.019705999999999866
v 3.606339 -2.328383 0.8111820000000001
v 3.606339 -2.328383 0.8111820000000001
v 3.388433 -2.231265 -0.019705999999999866
v 3.37709 -2.226199 -0.019612999999999863
v 3.59233 -2.322116 0.8150620000000001
v 2.401515 -1.909904 0.8830470000000001
v 2.747292 -1.769744 -0.019466999999999894
v 2.765474 -1.775119 -0.019503999999999893
v 2.414923 -1.917014 0.8877630000000001
v 2.420598 -1.902953 0.8925180000000001
v 2.766005 -1.762927 -0.023077999999999894
v 2.747826 -1.757602 -0.022309999999999892
v 2.407223 -1.895911 0.8878070000000001
v 2.252926 -1.463184 0.6904470000000001
v 2.390991 -1.575809 -0.020354999999999904
v 2.401591 -1.576678 -0.020249999999999903
v 2.267687 -1.465568 0.6958180000000002
v 2.267687 -1.465568 0.6958180000000002
v 2.401591 -1.576678 -0.020249999999999903
v 2.40063 -1.559707 -0.020187999999999904
v 2.270579 -1.450031 0.6948980000000001
v 2.820783 -1.788894 1.052325
v 2.781589 -1.765624 -0.019823999999999894
v 2.795948 -1.772384 -0.019895999999999893
v 2.835165 -1.795646 1.052302
v 2.841834 -1.781226 1.052327
v 2.802617 -1.757968 -0.01981799999999989
v 2.788258 -1.75125 -0.019745999999999892
v 2.827485 -1.774539 1.052349
v 3.475269 -2.002761 0.8158460000000001
v 3.261856 -1.90523 -0.019780999999999882
v 3.271185 -1.892024 -0.019705999999999887
v 3.481724 -1.988245 0.8159120000000001
v 3.481724 -1.988245 0.8159120000000001
v 3.271185 -1.892024 -0.019705999999999887
v 3.259842 -1.88695 -0.019612999999999884
v 3.467714 -1.981978 0.8197920000000001
v -2.186519 -3.647044 1.3011420000000002
v -2.185798 -3.793933 1.4349510000000003
v -2.185776 -3.766299 1.4418540000000002
v -2.186519 -3.647048 1.3324550000000002
v -2.17244 -3.766307 1.4418490000000002
v -2.172462 -3.79394 1.4349460000000003
v -2.173183 -3.647032 1.3011420000000002
v -2.173184 -3.647032 1.3324550000000002
v 1.590346 1.012682 1.432172
v 1.838368 0.9689490000000001 1.432172
v 1.838368 0.9689490000000001 1.180323
v 1.590346 1.012682 1.180323
v 1.838368 0.9689490000000001 1.432172
v 1.794635 0.7209260000000001 1.432172
v 1.794635 0.7209260000000001 1.180323
v 1.838368 0.9689490000000001 1.180323
v 1.546613 0.7646590000000001 1.432172
v 1.590346 1.012682 1.432172
v 1.590346 1.012682 1.180323
v 1.546613 0.7646590000000001 1.180323
v 1.794635 0.7209260000000001 1.432172
v 1.838368 0.9689490000000001 1.432172
v 1.590346 1.012682 1.432172
v 1.546613 0.7646590000000001 1.432172
v -2.346073 4.028978 0.8011179999999998
v -2.346073 4.028978 1.3895039999999999
v -1.84154 3.984837 1.3895049999999998
v -1.84154 3.984837 0.8011179999999998
v -0.371995 -3.314422 -7.799999999979705E-05
v -0.371995 -3.314422 3.563629
v -1.898207 -3.723377 3.5636290000000006
v -1.898207 -3.723377 2.2799108625344376E-16
v 0.611229 -2.273474 1.9203640000000002
v 0.611228 -2.273475 -7.799999999986079E-05
v 1.012313 -3.770343 -7.799999999976913E-05
v 1.012313 -3.770343 1.9203640000000002
v 1.594692 3.703775 -7.800000000022679E-05
v 1.594691 3.703776 2.0323789999999997
v 2.995941 3.456696 2.032379
v 2.995941 3.456696 -7.800000000021166E-05
v -0.550116 -2.098804 2.636573
v -0.550081 -2.098598 2.048187
v -0.632208 -1.7924379999999998 2.048187
v -0.632204 -1.7924379999999998 2.636573
v -0.915971 3.148861 2.799924
v -0.915971 3.148861 0.7630069999999998
v -3.144767 3.343855 0.7676489999999998
v -3.144763 3.343855 2.799924
v -0.811309 -1.6748809999999998 3.563628
v -0.811309 -1.674881 1.0255688278013591E-16
v -2.337522 -2.083832 1.2759790943804137E-16
v -2.337522 -2.083832 3.563629
v -0.811309 -1.674881 1.0255688278013591E-16
v -0.811309 -1.6748809999999998 3.563628
v -0.371995 -3.314422 3.563629
v -0.371995 -3.314422 -7.799999999979705E-05
v -3.184677 0.27370100000000014 1.527746
v -3.184677 0.27370100000000014 1.640419
v -3.18468 0.1764230000000001 1.638233
v -3.18468 0.17642300000000008 1.527746
v -3.030771 -0.017503999999999905 1.527746
v -3.030771 -0.017503999999999898 1.639318
v -2.933493 -0.0175069999999999 1.637131
v -2.933493 -0.017506999999999908 1.527746
v -2.048591 -0.017798999999999905 1.527746
v -2.048591 -0.017798999999999898 1.668192
v -1.010346 -0.0177979999999999 1.668192
v -1.010346 -0.017797999999999908 1.527746
v -0.535806 0.22937400000000008 1.527746
v -0.535806 0.2293740000000001 1.670379
v -0.535793 0.5624850000000001 1.668192
v -0.535793 0.5624850000000001 1.527746
v 2.952072 3.424018 2.03238
v 1.628379 3.659935 2.0323799999999994
v 1.628485 3.659914 1.9226809999999999
v 2.952073 3.424026 1.9226809999999999
v 1.386439 2.305085 2.03238
v 2.710313 2.069909 2.03238
v 2.710321 2.069908 1.9226809999999999
v 1.386439 2.305077 1.9226809999999999
v 1.62849 3.659914 2.0323799999999994
v 1.386439 2.305077 2.032501
v 1.386439 2.305077 1.9226809999999999
v 1.628492 3.659914 1.9228039999999997
v -3.35359 3.154742 2.68846
v -3.35359 3.154742 2.799924
v -3.544037 0.9779300000000002 2.799922
v -3.544037 0.9779300000000001 2.688459
v -0.953091 3.124007 2.68846
v -0.953092 3.124008 2.799924
v -3.129903 3.314456 2.799924
v -3.129903 3.314456 2.68846
v -3.170182 -1.4743549999999999 2.304167
v -3.170182 -1.4743549999999999 2.431608
v -2.839704 -2.183049 2.431609
v -2.839703 -2.183049 2.304168
v -2.442384 -1.2712549999999998 2.304168
v -2.442384 -1.2712549999999998 2.431609
v -3.169441 -1.4660769999999999 2.431609
v -3.169441 -1.4660769999999999 2.304168
v -1.744211 -1.7902499999999997 2.304168
v -1.744211 -1.7902499999999997 2.431609
v -2.413946 0.7090960000000001 2.431609
v -2.413946 0.7090960000000001 2.304168
v -0.83803 -1.7211699999999999 3.56363
v -2.291767 -2.109634 3.563629
v -2.291663 -2.10961 3.456689
v -0.838034 -1.7211629999999998 3.456689
v -2.291655 -2.109606 3.56363
v -1.871895 -3.677381 3.5636280000000005
v -1.87192 -3.677274 3.4566890000000003
v -2.291662 -2.10961 3.456689
v -1.871925 -3.677267 3.5636300000000003
v -0.418153 -3.28839 3.56363
v -0.418145 -3.288387 3.456689
v -1.871922 -3.677274 3.4566890000000003
v -0.949183 -1.383165 1.536276
v -0.949183 -1.383165 1.674789
v -1.303466 -1.478081 1.672603
v -1.303466 -1.478081 1.536276
v -1.66045 -0.7075659999999999 1.536276
v -1.660451 -0.7075649999999999 1.673696
v -1.957917 -0.7837089999999999 1.673696
v -1.957917 -0.7837089999999999 1.536276
v -1.331375 -1.374318 1.536276
v -1.331375 -1.374318 1.673696
v -1.485001 -0.8009819999999999 1.673697
v -1.485001 -0.8009819999999999 1.536276
v -0.203362 -2.580313 1.5362760000000002
v -0.203362 -2.580313 1.6736960000000003
v -0.533192 -1.349369 1.673696
v -0.533172 -1.349444 1.536276
v 0.645293 -2.611939 1.5362760000000002
v 0.645294 -2.611939 1.6736960000000003
v -0.16176 -2.611939 1.6736960000000003
v -0.161761 -2.611939 1.5362760000000002
v -0.990505 0.7493150000000001 2.688459
v -0.990506 0.7493160000000002 2.799924
v -0.799805 2.928852 2.799925
v -0.799805 2.928852 2.68846
v -1.566871 -0.7478359999999998 1.863442
v -1.60083 -0.7416429999999999 1.863442
v -1.60083 -0.7416429999999999 1.629939
v -1.566871 -0.7478359999999998 1.629939
v -1.509304 -0.6868219999999999 1.637093
v -1.544888 -0.7114289999999999 1.511818
v -1.611404 -0.6996999999999999 1.511818
v -1.636425 -0.6644069999999999 1.637093
v -1.636425 -0.6644069999999999 1.637093
v -1.611404 -0.6996999999999999 1.511818
v -1.622996 -0.7654429999999999 1.511818
v -1.65858 -0.7900499999999999 1.637093
v -1.65858 -0.7900499999999999 1.637093
v -1.622996 -0.7654429999999999 1.511818
v -1.55648 -0.7771709999999998 1.511818
v -1.531458 -0.8124649999999999 1.637093
v -1.531458 -0.8124649999999999 1.637093
v -1.55648 -0.7771709999999998 1.511818
v -1.544888 -0.7114289999999999 1.511818
v -1.509304 -0.6868219999999999 1.637093
v -1.65858 -0.7900499999999999 1.637093
v -1.531458 -0.8124649999999999 1.637093
v -1.509304 -0.6868219999999999 1.637093
v -1.636425 -0.6644069999999999 1.637093
v -1.588278 -0.7413419999999998 1.862595
v -1.496935 -0.6869679999999999 1.904739
v -1.533904 -0.6499989999999999 1.904739
v -1.420142 -0.5732069999999999 1.862595
v -1.581264 -0.7365679999999999 1.862595
v -1.484332 -0.7802039999999999 1.904739
v -1.475253 -0.7287159999999999 1.904739
v -1.347098 -0.7778579999999999 1.862595
v -4.270025 -2.111529 0.9280300000000001
v -4.190876 -2.164115 0.9657030000000001
v -4.17538 -2.120023 0.9657030000000001
v -4.069493 -2.182005 0.9280300000000001
v -4.326871 -2.08513 0.9279030000000001
v -4.342239 -2.079729 0.7542540000000001
v -4.29953 -2.168724 0.7542540000000001
v -4.294129 -2.153356 0.9279030000000001
v -4.294129 -2.153356 0.9279030000000001
v -4.29953 -2.168724 0.7542540000000001
v -4.210534 -2.126016 0.7542540000000001
v -4.225903 -2.120615 0.9279030000000001
v -4.225903 -2.120615 0.9279030000000001
v -4.210534 -2.126016 0.7542540000000001
v -4.253243 -2.03702 0.7542540000000001
v -4.258645 -2.052388 0.9279030000000001
v -4.258645 -2.052388 0.9279030000000001
v -4.253243 -2.03702 0.7542540000000001
v -4.342239 -2.079729 0.7542540000000001
v -4.326871 -2.08513 0.9279030000000001
v -4.225903 -2.120615 0.9279030000000001
v -4.258645 -2.052388 0.9279030000000001
v -4.326871 -2.08513 0.9279030000000001
v -4.294129 -2.153356 0.9279030000000001
v -4.455663 3.448514 0.7664519999999998
v -4.5418 3.211855 0.7664519999999998
v -4.5418 3.211855 1.0183009999999997
v -4.455663 3.448514 1.0183009999999997
v -4.219002 3.362377 0.7664519999999998
v -4.455663 3.448514 0.7664519999999998
v -4.455663 3.448514 1.0183009999999997
v -4.219002 3.362377 1.0183009999999997
v -4.30514 3.125717 0.7664519999999998
v -4.219002 3.362377 0.7664519999999998
v -4.219002 3.362377 1.0183009999999997
v -4.30514 3.125717 1.0183009999999997
v -4.5418 3.211855 0.7664519999999998
v -4.30514 3.125717 0.7664519999999998
v -4.30514 3.125717 1.0183009999999997
v -4.5418 3.211855 1.0183009999999997
v -4.5418 3.211855 1.0183009999999997
v -4.30514 3.125717 1.0183009999999997
v -4.219002 3.362377 1.0183009999999997
v -4.455663 3.448514 1.0183009999999997
v 1.66786 0.9738140000000001 1.429741
v 1.41697 0.9518640000000002 1.429741
v 1.41697 0.9518640000000002 1.681589
v 1.66786 0.9738140000000001 1.681589
v 1.68981 0.7229240000000001 1.429741
v 1.66786 0.9738140000000001 1.429741
v 1.66786 0.9738140000000001 1.681589
v 1.68981 0.7229240000000001 1.681589
v 1.41697 0.9518640000000002 1.429741
v 1.43892 0.7009740000000001 1.429741
v 1.43892 0.7009740000000001 1.681589
v 1.41697 0.9518640000000002 1.681589
v 1.41697 0.9518640000000002 1.681589
v 1.43892 0.7009740000000001 1.681589
v 1.68981 0.7229240000000001 1.681589
v 1.66786 0.9738140000000001 1.681589
v 1.342399 2.272953 1.9226809999999999
v 2.743648 2.025874 1.9226809999999999
v 2.995941 3.456696 1.9226809999999999
v 1.594691 3.703776 1.9226809999999999
v -3.814879 0.9813810000000002 3.656864
v -3.814879 0.9813810000000002 3.81224
v -3.853168 0.9635250000000002 3.871786
v -3.853168 0.9635250000000002 3.656864
v -3.856697 0.9242940000000002 3.81224
v -3.856697 0.9242940000000002 3.656864
v -3.853168 0.9635250000000002 3.656864
v -3.853168 0.9635250000000002 3.871786
v -3.853168 0.9635250000000002 3.871786
v -3.801898 0.9874330000000002 3.81224
v -3.801898 0.9874330000000002 3.656864
v -3.853168 0.9635250000000002 3.656864
v -3.853168 0.9635250000000002 3.656864
v -3.857972 0.9100860000000002 3.656864
v -3.857972 0.9100860000000002 3.81224
v -3.853168 0.9635250000000002 3.871786
v -3.765253 2.729772 0.7592339999999997
v -3.918466 2.743171 0.7592339999999997
v -3.918466 2.743174 2.544148
v -3.765253 2.729772 2.544148
v -3.931865 2.590048 0.7592339999999999
v -3.931865 2.590048 2.544148
v -3.918466 2.743174 2.544148
v -3.918466 2.743171 0.7592339999999997
v -3.905199 2.599284 2.516399
v -3.906123 2.588714 2.285636
v -3.895223 2.713306 2.285636
v -3.895223 2.713306 2.516399
v -3.895223 2.713306 2.516399
v -3.895223 2.713306 2.285636
v -3.768987 2.702261 2.285636
v -3.77915 2.70315 2.516399
v -1.179167 0.5914690000000002 2.799925
v -1.179167 0.5914690000000001 2.68846
v -3.396043 0.7854140000000001 2.68846
v -3.396043 0.7854140000000002 2.799925
v -3.590219 0.7744330000000001 2.68846
v -0.980461 0.5461090000000001 2.68846
v -0.75399 3.13469 2.68846
v -3.363758 3.362896 2.68846
v -1.91688 -3.65369 2.6884600000000005
v -1.900363 -2.211708 2.68846
v -3.572149 -2.211711 2.68846
v -3.57215 -3.653182 2.6884600000000005
v -0.35473 -3.016571 1.5362760000000002
v -0.35473 -3.016571 1.6736960000000003
v 0.729852 -3.016536 1.6736960000000003
v 0.729852 -3.016536 1.5362760000000002
v 1.012313 -3.770343 1.9203640000000002
v 2.404864 -3.397216 1.9203650000000003
v 2.00378 -1.9003439999999998 1.9203640000000002
v 0.611229 -2.273474 1.9203640000000002
v 0.98996 -3.812526 1.6193230000000003
v 1.140701 -3.772135 1.6193230000000003
v 1.140701 -3.772135 2.1830980000000006
v 0.98996 -3.812526 2.1830970000000005
v 0.949597 -3.661875 1.6193230000000003
v 0.98996 -3.812526 1.6193230000000003
v 0.98996 -3.812526 2.1830970000000005
v 0.949597 -3.661875 2.1830980000000006
v 1.097684 -3.748394 1.5368370000000002
v 1.140701 -3.772135 1.6193230000000003
v 0.98996 -3.812526 1.6193230000000003
v 1.013737 -3.770888 1.5368370000000002
v 1.013737 -3.770888 1.5368370000000002
v 0.98996 -3.812526 1.6193230000000003
v 0.949597 -3.661875 1.6193230000000003
v 0.992367 -3.69113 1.5368370000000002
v 0.986504 -3.664092 2.1521690000000007
v 1.014763 -3.769565 2.1521690000000007
v 1.014763 -3.769565 1.9198750000000002
v 0.983475 -3.652797 1.9198750000000002
v 1.014763 -3.769565 2.1521690000000007
v 1.120323 -3.741279 2.1521690000000007
v 1.131618 -3.738252 1.9198750000000002
v 1.014763 -3.769565 1.9198750000000002
v 3.39882 0.5107920000000001 1.534564
v 3.398883 1.446192 1.534564
v 2.452785 1.446192 1.534564
v 2.452785 0.5108150000000001 1.534564
v 3.522207 0.484358 0.23947499999999997
v 3.522207 0.484358 0.10417199999999997
v 3.544253 0.494437 0.10417199999999997
v 3.544253 0.494437 0.23947499999999997
v 3.605241 0.547677 0.11132499999999997
v 3.569657 0.52307 -0.013950000000000032
v 3.503141 0.534799 -0.013950000000000034
v 3.47812 0.570092 0.11132499999999995
v 3.47812 0.570092 0.11132499999999995
v 3.503141 0.534799 -0.013950000000000034
v 3.491549 0.469056 -0.01395000000000003
v 3.455965 0.444449 0.11132499999999997
v 3.455965 0.444449 0.11132499999999997
v 3.491549 0.469056 -0.01395000000000003
v 3.558065 0.457327 -0.013950000000000028
v 3.583087 0.422033 0.11132499999999997
v 3.583087 0.422033 0.11132499999999997
v 3.558065 0.457327 -0.013950000000000028
v 3.569657 0.52307 -0.013950000000000032
v 3.605241 0.547677 0.11132499999999997
v 3.455965 0.444449 0.11132499999999997
v 3.583087 0.422033 0.11132499999999997
v 3.605241 0.547677 0.11132499999999997
v 3.47812 0.570092 0.11132499999999995
v -3.156722 0.02627200000000009 1.464047
v -3.202095 -0.02646999999999985 2.449649
v -3.208336 -0.04577999999999985 2.445123
v -3.161831 0.00809900000000009 1.463983
v -2.767557 -0.061809 -0.010886999999999997
v -2.767477 -0.062109999999999894 1.669551
v -3.232792 -0.062270999999999896 1.668193
v -3.232792 -0.062271 -0.010192999999999997
v -3.590219 0.774433 0.767583
v -3.590219 0.7744330000000003 2.799923
v -3.386015 3.108488 2.799923
v -3.386013 3.108519 0.7676489999999998
v -0.966207 0.709043 0.773183
v -0.76825 2.971698 0.7630069999999998
v -0.76825 2.971698 2.799924
v -0.966207 0.7090430000000002 2.799923
v -3.896732 2.714817 0.7676489999999999
v -4.003032 1.499777 0.7676489999999999
v -4.003032 1.4997770000000001 2.304453
v -3.896732 2.714817 2.304453
v -3.912561 3.773851 0.9595369999999998
v -4.739455 3.846197 0.2549899999999998
v -4.745003 3.782778 0.2550079999999998
v -3.918082 3.71043 0.9595369999999998
v -3.918082 3.71043 0.9595369999999998
v -3.918082 3.71043 0.7676489999999998
v -2.586735 3.594183 0.7676479999999998
v -2.586735 3.594183 0.9595369999999998
v -2.586735 3.594183 0.9595369999999998
v -2.581206 3.657373 0.9595369999999998
v -3.912561 3.773851 0.9595369999999998
v -3.918082 3.71043 0.9595369999999998
v -4.739541 3.846205 0.0034399999999997644
v -4.745003 3.782778 0.06311999999999976
v -4.745003 3.782778 0.2550079999999998
v -4.739455 3.846197 0.2549899999999998
v -0.725112 2.969059 0.7579149999999998
v -0.707169 3.174154 0.7579149999999998
v -0.707169 3.174154 3.033378
v -0.725112 2.969059 3.033378
v -0.912143 3.192087 0.7579149999999998
v -0.912143 3.192087 3.033378
v -0.707169 3.174154 3.033378
v -0.707169 3.174154 0.7579149999999998
v -0.900561 3.147513 2.996233
v -0.915971 3.148861 2.68846
v -0.75399 3.13469 2.68846
v -0.75399 3.13469 2.996233
v -0.75399 3.13469 2.996233
v -0.75399 3.13469 2.68846
v -0.76825 2.971698 2.68846
v -0.766807 2.988191 2.996233
v -4.003032 1.499777 0.7676489999999999
v -3.530377 1.458426 0.7676489999999999
v -3.530377 1.4584260000000002 2.304452
v -4.003032 1.4997770000000001 2.304453
v -4.003032 1.4997770000000001 2.304453
v -3.530377 1.4584260000000002 2.304452
v -3.424075 2.673462 2.304452
v -3.896732 2.714817 2.304453
v -3.896732 2.714817 2.304453
v -3.424075 2.673462 2.304452
v -3.424075 2.673462 0.7676489999999999
v -3.896732 2.714817 0.7676489999999999
v -0.959464 0.893623 0.768099
v -0.95994 0.894396 -7.800000000005476E-05
v 0.222909 0.888823 -7.800000000005443E-05
v 0.223482 0.888121 0.768099
v -3.572149 -2.211711 2.68846
v -3.572149 -2.211711 0.7689400000000001
v -3.572149 -3.65662 0.7650740000000003
v -3.57215 -3.653182 2.6884600000000005
v 1.012313 -3.770343 -7.799999999976913E-05
v 2.404864 -3.397216 -7.799999999979198E-05
v 2.404864 -3.397216 1.9203650000000003
v 1.012313 -3.770343 1.9203640000000002
v -3.781773 -3.075088 2.18982
v -3.781772 -2.307697 2.189893
v -3.781772 -2.307697 1.5776050000000001
v -3.781772 -3.075119 1.5776050000000001
v -1.452715 3.807804 -7.900000000023315E-05
v -2.559573 3.904642 -7.900000000023909E-05
v -2.559573 3.904642 1.5362749999999998
v -1.452715 3.807804 1.5362749999999998
v 2.38401 -3.31845 -7.79999999997968E-05
v 3.217266 -3.09518 -7.799999999981048E-05
v 3.13713 -3.02497 1.1521870000000003
v 2.360571 -3.233043 1.1521870000000003
v 3.516489 0.899113 0.798147
v 3.51649 1.235266 0.7981469999999999
v 3.51649 1.235266 1.411185
v 3.516489 0.8991130000000002 1.411185
v 3.398823 0.510792 -0.00983800000000003
v 3.398886 1.446192 -0.009838000000000088
v 3.398883 1.446192 1.534564
v 3.39882 0.5107920000000001 1.534564
v 2.452785 0.510815 -0.00983800000000003
v 3.398823 0.510792 -0.00983800000000003
v 3.39882 0.5107920000000001 1.534564
v 2.452785 0.5108150000000001 1.534564
v -0.287706 -2.864032 3.13834
v -0.287706 -2.864032 2.818614
v -0.292916 -2.844589 2.818614
v -0.292916 -2.844589 3.13834
v -0.361174 -2.589843 3.13834
v -0.361174 -2.589843 2.818614
v -0.366384 -2.570403 2.818614
v -0.366384 -2.570403 3.13834
v -0.133685 -3.438846 3.13834
v -0.133685 -3.438846 2.818614
v -0.138895 -3.419402 2.818614
v -0.138895 -3.419402 3.13834
v -1.001506 -3.671176 2.5235740000000004
v -1.001506 -3.671177 2.8189730000000006
v -0.132785 -3.438308 2.818973
v -0.132785 -3.438308 2.523574
v -0.132785 -3.438308 2.523574
v -0.132785 -3.438308 2.818973
v -0.365482 -2.56946 2.818973
v -0.365483 -2.569461 2.523574
v -0.365483 -2.569461 2.523574
v -0.365482 -2.56946 2.818973
v -0.554197 -2.620013 2.818973
v -0.554197 -2.620013 2.536123
v -1.052138 -3.482242 2.536123
v -1.052138 -3.482242 2.818973
v -1.001506 -3.671177 2.8189730000000006
v -1.001506 -3.671176 2.5235740000000004
v -3.629156 -1.257328 0.9643800000000001
v -3.646056 -1.194256 0.9643790000000001
v -4.447969 -1.40913 0.2584430000000001
v -4.431069 -1.472202 0.2584780000000001
v -2.563159 -0.9716979999999998 1.200115
v -2.58006 -0.9086259999999999 1.200106
v -2.780539 -0.9623449999999999 0.9643520000000001
v -2.763638 -1.025417 0.9643570000000001
v -4.447968 -1.409134 -0.002608999999999914
v -4.447969 -1.40913 0.2584430000000001
v -3.646056 -1.194256 0.9643790000000001
v -2.780539 -0.9623449999999999 0.9643520000000001
v -2.513233 -0.8907199999999998 1.199775
v -2.513233 -0.8907199999999998 1.000884
v -2.58006 -0.9086259999999999 1.200106
v -3.629156 -1.257328 0.9643800000000001
v -3.629156 -1.257328 0.7654900000000001
v -2.763638 -1.025417 0.7654670000000001
v -2.763638 -1.025417 0.9643570000000001
v -4.431069 -1.472202 0.2584780000000001
v -4.447969 -1.40913 0.2584430000000001
v -4.447968 -1.409134 -0.002608999999999914
v -4.431068 -1.472206 -0.00260899999999991
v -1.313475 -1.439007 -0.002608999999999912
v -1.313475 -1.439007 1.680869
v -0.921416 -1.333955 1.673696
v -0.921416 -1.333955 -0.0026089999999999187
v -0.494655 -1.335085 -0.0026089999999999182
v -0.494655 -1.335085 1.673696
v -0.163282 -2.571786 1.6737000000000002
v -0.163282 -2.571786 -0.0026089999999998428
v -0.921416 -1.333955 -0.0026089999999999187
v -0.921416 -1.333955 1.673696
v -0.494655 -1.335085 1.673696
v -0.494655 -1.335085 -0.0026089999999999182
v -2.58006 -0.9086259999999999 1.200106
v -2.563159 -0.9716979999999998 1.200115
v -2.496333 -0.9537919999999999 1.199785
v -2.513233 -0.8907199999999998 1.199775
v -3.646056 -1.194256 0.9643790000000001
v -3.629156 -1.257328 0.9643800000000001
v -2.763638 -1.025417 0.9643570000000001
v -2.780539 -0.9623449999999999 0.9643520000000001
v -1.492049 -0.617093 -0.0026089999999999625
v -1.492048 -0.6170939999999999 1.668479
v -1.274511 -1.428566 1.680869
v -1.274511 -1.428566 -0.0026089999999999126
v 0.849961 -2.571697 -0.0026089999999998428
v -0.163282 -2.571786 -0.0026089999999998428
v -0.163282 -2.571786 1.6737000000000002
v 0.84996 -2.571696 1.6736960000000003
v -0.454531 -3.056903 -0.002608999999999813
v 0.848963 -3.056903 -0.002608999999999813
v 0.848963 -3.056903 1.6736890000000002
v -0.454432 -3.056903 1.6736960000000003
v -0.535917 1.723724 0.9611609999999999
v -0.491475 1.723724 0.9612519999999999
v -0.535917 1.723724 0.8307149999999999
v -0.491475 1.723724 0.7709929999999999
v 2.124262 1.404677 1.294434
v 2.124262 1.404677 1.179443
v 2.452785 1.404677 1.179443
v 2.452785 1.404677 1.294434
v -4.24707 0.839897 -5.7000000000051435E-05
v -3.806419 0.801342 -4.4000000000049066E-05
v -3.806421 0.801342 0.76765
v -4.24707 0.839897 0.76765
v -4.520136 0.037201 -0.021572000000000004
v -4.719914 -0.16178699999999993 0.954021
v -4.713629 -0.14247099999999993 0.958556
v -4.515003 0.055359 -0.021507000000000002
v -4.504527 0.039585 -0.021419000000000004
v -4.700541 -0.15568899999999994 0.958615
v -4.719914 -0.16178699999999993 0.954021
v -4.520136 0.037201 -0.021572000000000004
v -3.267326 0.07706900000000005 0.959607
v -3.26604 0.10295100000000006 0.964104
v -3.374918 0.325882 -0.02150700000000002
v -3.376026 0.299847 -0.021528000000000016
v -4.02 0.327442 -0.02152800000000002
v -4.12922 0.13009700000000005 0.959612
v -4.141217 0.15435900000000005 0.961887
v -4.029348 0.354302 -0.01926500000000002
v -4.008472 0.348786 -0.019068000000000022
v -4.115256 0.15385900000000005 0.96652
v -4.12922 0.13009700000000005 0.959612
v -4.02 0.327442 -0.02152800000000002
v -0.190081 2.769409 0.7637649999999998
v -0.189548 2.808144 1.6752889999999998
v -0.204298 2.805041 1.6739239999999997
v -0.203903 2.766226 0.7637649999999998
v -0.198283 2.778912 0.7637649999999998
v -0.198362 2.817703 1.6743749999999997
v -0.189548 2.808144 1.6752889999999998
v -0.190081 2.769409 0.7637649999999998
v -0.221082 2.245677 0.7637649999999999
v -0.23583 2.178912 1.6761309999999998
v -0.246166 2.171028 1.6752049999999998
v -0.230387 2.237703 0.7637649999999999
v -0.233732 2.251176 0.7637649999999999
v -0.249812 2.184526 1.6747489999999998
v -0.23583 2.178912 1.6761309999999998
v -0.221082 2.245677 0.7637649999999999
v -3.488649 3.3029200000000003 7.167407
v -3.375871 3.2244370000000004 7.167567
v -3.37899 3.1887920000000003 7.20113
v -3.521173 3.2866440000000003 7.201131
v -3.476624 3.4408530000000006 7.167453
v -3.488649 3.3029200000000003 7.167407
v -3.521173 3.2866440000000003 7.201131
v -3.505813 3.4622230000000003 7.201131
v -3.351875 3.4987120000000003 7.167565
v -3.476624 3.4408530000000006 7.167453
v -3.505813 3.4622230000000003 7.201131
v -3.348756 3.5343620000000002 7.20113
v -3.239038 3.4202250000000003 7.167401
v -3.351875 3.4987120000000003 7.167565
v -3.348756 3.5343620000000002 7.20113
v -3.2065 3.4365060000000005 7.201131
v -3.251076 3.2822560000000003 7.167436
v -3.239038 3.4202250000000003 7.167401
v -3.2065 3.4365060000000005 7.201131
v -3.221872 3.2608010000000003 7.201131
v -3.375871 3.2244370000000004 7.167567
v -3.251076 3.2822560000000003 7.167436
v -3.221872 3.2608010000000003 7.201131
v -3.37899 3.1887920000000003 7.20113
v -3.572053 3.2313670000000005 6.666213
v -3.592625 3.2775330000000005 6.666214
v -3.592625 3.2775330000000005 6.163419
v -3.572053 3.2313670000000005 6.163419
v -3.505816 3.462225 3.440517
v -3.600047 3.534658 3.440517
v -3.626648 3.230602 3.440517
v -3.521178 3.286644 3.440517
v -3.37899 3.188794 3.440516
v -3.521178 3.286644 3.440517
v -3.626648 3.230602 3.440517
v -3.389773 3.065536 3.440516
v -3.37899 3.188794 3.440516
v -3.389773 3.065536 3.440516
v -3.12763 3.188494 3.440517
v -3.221876 3.260803 3.440517
v -3.221876 3.260803 3.440517
v -3.12763 3.188494 3.440517
v -3.101029 3.492548 3.440517
v -3.2065 3.436508 3.440517
v -3.348756 3.534364 3.440516
v -3.2065 3.436508 3.440517
v -3.101029 3.492548 3.440517
v -3.337973 3.657621 3.4405169999999994
v -3.348756 3.534364 3.440516
v -3.337973 3.657621 3.4405169999999994
v -3.600047 3.534658 3.440517
v -3.505816 3.462225 3.440517
v -3.626648 3.230602 3.440517
v -3.600047 3.534658 3.440517
v -3.600047 3.5346580000000003 3.656864
v -3.626648 3.2306020000000006 3.656864
v -3.600047 3.534658 3.440517
v -3.337973 3.657621 3.4405169999999994
v -3.337973 3.6576210000000002 3.6568639999999997
v -3.600047 3.5346580000000003 3.656864
v -3.337973 3.657621 3.4405169999999994
v -3.101029 3.492548 3.440517
v -3.101029 3.4925480000000007 3.656864
v -3.337973 3.6576210000000002 3.6568639999999997
v -3.101029 3.492548 3.440517
v -3.12763 3.188494 3.440517
v -3.12763 3.1884940000000004 3.656864
v -3.101029 3.4925480000000007 3.656864
v -3.12763 3.188494 3.440517
v -3.389773 3.065536 3.440516
v -3.389773 3.0655360000000003 3.656864
v -3.12763 3.1884940000000004 3.656864
v -3.389773 3.065536 3.440516
v -3.626648 3.230602 3.440517
v -3.626648 3.2306020000000006 3.656864
v -3.389773 3.0655360000000003 3.656864
v -3.37899 3.1887940000000006 6.001887
v -3.521178 3.2866440000000003 6.001887
v -3.521178 3.286644 3.440517
v -3.37899 3.188794 3.440516
v -3.521178 3.2866440000000003 6.001887
v -3.505812 3.4622250000000006 6.001887
v -3.505816 3.462225 3.440517
v -3.521178 3.286644 3.440517
v -3.505812 3.4622250000000006 6.001887
v -3.348756 3.5343640000000005 6.001886
v -3.348756 3.534364 3.440516
v -3.505816 3.462225 3.440517
v -3.348756 3.5343640000000005 6.001886
v -3.2065 3.4365080000000003 6.001887
v -3.2065 3.436508 3.440517
v -3.348756 3.534364 3.440516
v -3.2065 3.4365080000000003 6.001887
v -3.221876 3.2608030000000006 6.001887
v -3.221876 3.260803 3.440517
v -3.2065 3.436508 3.440517
v -3.221876 3.2608030000000006 6.001887
v -3.37899 3.1887940000000006 6.001887
v -3.37899 3.188794 3.440516
v -3.221876 3.260803 3.440517
v -3.380267 3.1741940000000004 6.417592
v -3.534468 3.2803120000000003 6.417592
v -3.534468 3.2803120000000003 6.164621
v -3.380267 3.1741940000000004 6.164621
v -3.534468 3.2803120000000003 6.417592
v -3.517808 3.4707280000000003 6.417592
v -3.517808 3.4707280000000003 6.164621
v -3.534468 3.2803120000000003 6.164621
v -3.517808 3.4707280000000003 6.417592
v -3.347479 3.5489610000000003 6.417592
v -3.347479 3.5489610000000003 6.16462
v -3.517808 3.4707280000000003 6.164621
v -3.347479 3.5489610000000003 6.417592
v -3.193206 3.4428400000000003 6.417592
v -3.193206 3.4428400000000003 6.164621
v -3.347479 3.5489610000000003 6.16462
v -3.193206 3.4428400000000003 6.417592
v -3.209877 3.2522890000000007 6.417592
v -3.209877 3.2522890000000007 6.164621
v -3.193206 3.4428400000000003 6.164621
v -3.209877 3.2522890000000007 6.417592
v -3.380267 3.1741940000000004 6.417592
v -3.380267 3.1741940000000004 6.164621
v -3.209877 3.2522890000000007 6.164621
v -3.375834 3.2248640000000006 6.417644
v -3.488501 3.3037760000000005 6.417644
v -3.534468 3.2803120000000003 6.417592
v -3.380267 3.1741940000000004 6.417592
v -3.488501 3.3037760000000005 6.417644
v -3.476571 3.4401400000000004 6.417644
v -3.517808 3.4707280000000003 6.417592
v -3.534468 3.2803120000000003 6.417592
v -3.476571 3.4401400000000004 6.417644
v -3.351913 3.4982830000000003 6.417644
v -3.347479 3.5489610000000003 6.417592
v -3.517808 3.4707280000000003 6.417592
v -3.351913 3.4982830000000003 6.417644
v -3.239181 3.4193710000000004 6.417644
v -3.193206 3.4428400000000003 6.417592
v -3.347479 3.5489610000000003 6.417592
v -3.239181 3.4193710000000004 6.417644
v -3.251111 3.2830090000000003 6.417644
v -3.209877 3.2522890000000007 6.417592
v -3.193206 3.4428400000000003 6.417592
v -3.251111 3.2830090000000003 6.417644
v -3.375834 3.2248640000000006 6.417644
v -3.380267 3.1741940000000004 6.417592
v -3.209877 3.2522890000000007 6.417592
v -3.388552 3.0794920000000006 6.16462
v -3.614172 3.2377550000000004 6.164621
v -3.614172 3.2377550000000004 6.117082
v -3.388552 3.0794920000000006 6.117081
v -3.614172 3.2377550000000004 6.164621
v -3.589 3.5255010000000007 6.164621
v -3.589 3.5255010000000007 6.117082
v -3.614172 3.2377550000000004 6.117082
v -3.589 3.5255010000000007 6.164621
v -3.339194 3.6436630000000005 6.16462
v -3.339194 3.6436630000000005 6.117081
v -3.589 3.5255010000000007 6.117082
v -3.339194 3.6436630000000005 6.16462
v -3.11342 3.4863720000000002 6.164621
v -3.11342 3.4863720000000002 6.117082
v -3.339194 3.6436630000000005 6.117081
v -3.11342 3.4863720000000002 6.164621
v -3.138768 3.1966530000000004 6.164621
v -3.138768 3.1966530000000004 6.117082
v -3.11342 3.4863720000000002 6.117082
v -3.138768 3.1966530000000004 6.164621
v -3.388552 3.0794920000000006 6.16462
v -3.388552 3.0794920000000006 6.117081
v -3.138768 3.1966530000000004 6.117082
v -3.614172 3.2377550000000004 6.117082
v -3.589 3.5255010000000007 6.117082
v -3.505812 3.4622250000000006 6.001887
v -3.521178 3.2866440000000003 6.001887
v -3.11342 3.4863720000000002 6.117082
v -3.138768 3.1966530000000004 6.117082
v -3.221876 3.2608030000000006 6.001887
v -3.2065 3.4365080000000003 6.001887
v -3.488649 3.3029200000000003 7.167407
v -3.476624 3.4408530000000006 7.167453
v -3.476571 3.4401400000000004 6.417644
v -3.488501 3.3037760000000005 6.417644
v -3.239038 3.4202250000000003 7.167401
v -3.251076 3.2822560000000003 7.167436
v -3.251111 3.2830090000000003 6.417644
v -3.239181 3.4193710000000004 6.417644
v -3.392585 3.0333990000000006 3.656864
v -3.655176 3.2163890000000004 3.656864
v -3.655176 3.216389 3.396189
v -3.392585 3.033399 3.396188
v -3.655176 3.2163890000000004 3.656864
v -3.625686 3.5534460000000005 3.656864
v -3.625686 3.553446 3.396189
v -3.655176 3.216389 3.396189
v -3.625686 3.5534460000000005 3.656864
v -3.335161 3.6897560000000005 3.6568639999999997
v -3.335161 3.689756 3.3961879999999995
v -3.625686 3.553446 3.396189
v -3.335161 3.6897560000000005 3.6568639999999997
v -3.072501 3.5067650000000006 3.656864
v -3.072501 3.506765 3.396189
v -3.335161 3.689756 3.3961879999999995
v -3.072501 3.5067650000000006 3.656864
v -3.10199 3.1697040000000003 3.656864
v -3.10199 3.169704 3.396189
v -3.072501 3.506765 3.396189
v -3.10199 3.1697040000000003 3.656864
v -3.392585 3.0333990000000006 3.656864
v -3.392585 3.033399 3.396188
v -3.10199 3.169704 3.396189
v -3.655176 3.216389 3.396189
v -3.625686 3.553446 3.396189
v -3.571425 3.512184 3.224214
v -3.594519 3.248219 3.224215
v -3.072501 3.506765 3.396189
v -3.10199 3.169704 3.396189
v -3.155818 3.215919 3.224214
v -3.133686 3.468899 3.224214
v -3.578587 0.9073840000000003 6.271589
v -3.704084 0.8497470000000004 6.271428
v -3.733291 0.8714260000000004 6.305153
v -3.575469 0.9430310000000003 6.305153
v -3.704084 0.8497470000000004 6.271428
v -3.716194 0.7118200000000003 6.271475
v -3.748652 0.6958430000000003 6.305153
v -3.733291 0.8714260000000004 6.305153
v -3.716194 0.7118200000000003 6.271475
v -3.602583 0.6331070000000003 6.271589
v -3.605702 0.5974590000000003 6.305153
v -3.748652 0.6958430000000003 6.305153
v -3.602583 0.6331070000000003 6.271589
v -3.478635 0.6908790000000004 6.271422
v -3.449421 0.6691940000000003 6.305153
v -3.605702 0.5974590000000003 6.305153
v -3.478635 0.6908790000000004 6.271422
v -3.466535 0.8288410000000004 6.271459
v -3.434052 0.8448990000000003 6.305153
v -3.449421 0.6691940000000003 6.305153
v -3.466535 0.8288410000000004 6.271459
v -3.578587 0.9073840000000003 6.271589
v -3.575469 0.9430310000000003 6.305153
v -3.434052 0.8448990000000003 6.305153
v -3.589167 0.7864590000000005 6.721834
v -3.605158 0.7794460000000004 6.721835
v -3.590638 0.7696400000000004 7.311179
v -3.606611 0.7628330000000004 6.721835
v -3.590638 0.7696400000000004 7.311179
v -3.576238 0.7769170000000004 6.721835
v -3.590638 0.7696400000000004 7.311179
v -3.592081 0.7531490000000004 6.721834
v -3.590638 0.7696400000000004 7.311179
v -3.577691 0.7603040000000004 6.721835
v -3.576238 0.7769170000000004 6.721835
v -3.590638 0.7696400000000004 7.311179
v -3.566239 1.048527 0.7262149999999999
v -3.566239 1.048527 -0.0026080000000000643
v -3.819501 0.936789 -0.0026090000000000575
v -3.819501 0.936789 0.7262149999999999
v -3.819501 0.936789 0.7262149999999999
v -3.819501 0.936789 -0.0026090000000000575
v -3.844876 0.647106 -0.0026090000000000397
v -3.844876 0.647106 0.726215
v -3.844876 0.647106 0.726215
v -3.844876 0.647106 -0.0026090000000000397
v -3.614932 0.49196 -0.00260800000000003
v -3.614932 0.49196000000000006 0.726215
v -3.614932 0.49196000000000006 0.726215
v -3.614932 0.49196 -0.00260800000000003
v -3.362537 0.610085 -0.0026090000000000375
v -3.362537 0.610085 0.726215
v -3.362537 0.610085 0.726215
v -3.362537 0.610085 -0.0026090000000000375
v -3.338187 0.888369 -0.0026090000000000544
v -3.338187 0.888369 0.726215
v -3.338187 0.888369 0.726215
v -3.338187 0.888369 -0.0026090000000000544
v -3.566239 1.048527 -0.0026080000000000643
v -3.566239 1.048527 0.7262149999999999
v -3.575469 0.9430310000000003 5.105909
v -3.575469 0.9430310000000002 3.440516
v -3.733291 0.8714260000000003 3.440517
v -3.733291 0.8714260000000004 5.105909
v -3.733291 0.8714260000000004 5.105909
v -3.733291 0.8714260000000003 3.440517
v -3.748652 0.6958430000000002 3.440517
v -3.748652 0.6958430000000003 5.105909
v -3.748652 0.6958430000000003 5.105909
v -3.748652 0.6958430000000002 3.440517
v -3.605702 0.5974590000000002 3.440516
v -3.605702 0.5974590000000003 5.105908
v -3.605702 0.5974590000000003 5.105908
v -3.605702 0.5974590000000002 3.440516
v -3.449421 0.6691940000000002 3.440517
v -3.449421 0.6691940000000003 5.105909
v -3.449421 0.6691940000000003 5.105909
v -3.449421 0.6691940000000002 3.440517
v -3.434053 0.8448980000000003 3.440517
v -3.434053 0.8448980000000004 5.105909
v -3.434053 0.8448980000000004 5.105909
v -3.434053 0.8448980000000003 3.440517
v -3.575469 0.9430310000000002 3.440516
v -3.575469 0.9430310000000003 5.105909
v -3.574192 0.9576260000000003 5.815588
v -3.574192 0.9576260000000003 5.562618
v -3.745283 0.8799690000000003 5.562617
v -3.745283 0.8799690000000003 5.815588
v -3.745283 0.8799690000000003 5.815588
v -3.745283 0.8799690000000003 5.562617
v -3.761942 0.6895530000000003 5.562617
v -3.761942 0.6895530000000003 5.815588
v -3.761942 0.6895530000000003 5.815588
v -3.761942 0.6895530000000003 5.562617
v -3.60698 0.5828570000000003 5.562617
v -3.60698 0.5828570000000003 5.815588
v -3.60698 0.5828570000000003 5.815588
v -3.60698 0.5828570000000003 5.562617
v -3.437428 0.6606490000000004 5.562617
v -3.437428 0.6606490000000004 5.815588
v -3.437428 0.6606490000000004 5.815588
v -3.437428 0.6606490000000004 5.562617
v -3.420762 0.8512000000000003 5.562617
v -3.420762 0.8512000000000003 5.815588
v -3.420762 0.8512000000000003 5.815588
v -3.420762 0.8512000000000003 5.562617
v -3.574192 0.9576260000000003 5.562618
v -3.574192 0.9576260000000003 5.815588
v -3.578625 0.9069550000000003 5.815639
v -3.574192 0.9576260000000003 5.815588
v -3.745283 0.8799690000000003 5.815588
v -3.704085 0.8488770000000003 5.81564
v -3.704085 0.8488770000000003 5.81564
v -3.745283 0.8799690000000003 5.815588
v -3.761942 0.6895530000000003 5.815588
v -3.716016 0.7125130000000003 5.81564
v -3.716016 0.7125130000000003 5.81564
v -3.761942 0.6895530000000003 5.815588
v -3.60698 0.5828570000000003 5.815588
v -3.602545 0.6335350000000003 5.815639
v -3.602545 0.6335350000000003 5.815639
v -3.60698 0.5828570000000003 5.815588
v -3.437428 0.6606490000000004 5.815588
v -3.478626 0.6917460000000003 5.81564
v -3.478626 0.6917460000000003 5.81564
v -3.437428 0.6606490000000004 5.815588
v -3.420762 0.8512000000000003 5.815588
v -3.4667 0.8281060000000003 5.81564
v -3.4667 0.8281060000000003 5.81564
v -3.420762 0.8512000000000003 5.815588
v -3.574192 0.9576260000000003 5.815588
v -3.578625 0.9069550000000003 5.815639
v -3.569631 1.0097610000000004 5.562617
v -3.569631 1.0097610000000001 5.221103
v -3.782433 0.9107570000000004 5.221103
v -3.782433 0.9107570000000004 5.562617
v -3.782433 0.9107570000000004 5.562617
v -3.782433 0.9107570000000004 5.221103
v -3.803813 0.6664320000000004 5.221103
v -3.803813 0.6664320000000004 5.562617
v -3.803813 0.6664320000000004 5.562617
v -3.803813 0.6664320000000004 5.221103
v -3.611541 0.5307220000000004 5.221103
v -3.611541 0.5307220000000004 5.562617
v -3.611541 0.5307220000000004 5.562617
v -3.611541 0.5307220000000004 5.221103
v -3.400363 0.6290290000000003 5.221103
v -3.400363 0.6290290000000003 5.562617
v -3.400363 0.6290290000000003 5.562617
v -3.400363 0.6290290000000003 5.221103
v -3.378841 0.8750370000000003 5.221103
v -3.378841 0.8750370000000003 5.562617
v -3.378841 0.8750370000000003 5.562617
v -3.378841 0.8750370000000003 5.221103
v -3.569631 1.0097610000000001 5.221103
v -3.569631 1.0097610000000004 5.562617
v -3.782433 0.9107570000000004 5.221103
v -3.733291 0.8714260000000004 5.105909
v -3.748652 0.6958430000000003 5.105909
v -3.803813 0.6664320000000004 5.221103
v -3.400363 0.6290290000000003 5.221103
v -3.449421 0.6691940000000003 5.105909
v -3.434053 0.8448980000000004 5.105909
v -3.378841 0.8750370000000003 5.221103
v -3.704084 0.8497470000000004 6.271428
v -3.704085 0.8488770000000003 5.81564
v -3.716016 0.7125130000000003 5.81564
v -3.716194 0.7118200000000003 6.271475
v -3.478635 0.6908790000000004 6.271422
v -3.478626 0.6917460000000003 5.81564
v -3.4667 0.8281060000000003 5.81564
v -3.466535 0.8288410000000004 6.271459
v -4.113466 -2.64397 -0.0026089999999998384
v -4.189156 -3.509101 0.7687290000000002
v -4.077414 -2.231887 0.7688330000000001
v -4.077414 -2.231887 -0.0026089999999998636
v -4.077414 -2.231887 -0.0026089999999998636
v -4.077414 -2.231887 0.7688330000000001
v -4.413754 -2.202465 0.7688320000000001
v -4.413754 -2.202463 -0.0026089999999998653
v -4.413754 -2.202465 0.7688320000000001
v -4.373285 -1.744915 0.7689380000000001
v -4.373285 -1.744915 -0.0026089999999998935
v -4.413754 -2.202463 -0.0026089999999998653
v -1.818796 -3.985667 -0.002608999999999756
v -1.703545 -3.671779 -0.0026089999999997756
v -1.703546 -3.671768 0.7579060000000002
v -1.818824 -3.985652 0.7582580000000002
v -2.111406 -4.033523 0.7580580000000002
v -2.112782 -4.032451 -0.0026089999999997534
v -1.818796 -3.985667 -0.002608999999999756
v -1.818824 -3.985652 0.7582580000000002
v -2.223082 -3.989513 0.7680670000000003
v -2.223083 -3.989513 -0.002608999999999756
v -2.112782 -4.032451 -0.0026089999999997534
v -2.111406 -4.033523 0.7580580000000002
v -4.528337 -3.409797 0.7681000000000002
v -4.561152 -3.784958 0.7680990000000002
v -4.215932 -3.815162 0.7682040000000002
v -4.183005 -3.440015 0.7680950000000002
v -4.561152 -3.784958 -0.0026089999999997686
v -4.215932 -3.815162 -0.0026089999999997665
v -4.215932 -3.815162 0.7682040000000002
v -4.561152 -3.784958 0.7680990000000002
v -4.215932 -3.815162 0.7682040000000002
v -4.215932 -3.815162 -0.0026089999999997665
v -2.223083 -3.989513 -0.002608999999999756
v -2.223082 -3.989513 0.7680670000000003
v 4.546793 -3.22124 0.2133190000000002
v 4.519891 -3.329143 0.2133190000000002
v 4.578685 -3.343799 0.1918520000000002
v 4.605592 -3.235893 0.1918520000000002
v 3.357724 1.23926 1.493273
v 3.51649 1.235266 1.411185
v 3.51649 1.235266 0.7981469999999999
v 3.357736 1.235268 0.7985469999999999
v 3.357723 1.239254 1.493273
v 3.357723 0.8951190000000001 1.493273
v 3.56379 0.8911250000000001 1.393448
v 3.563793 1.243248 1.393448
v 3.357731 0.899117 0.798547
v 3.516489 0.899113 0.798147
v 3.516489 0.8991130000000002 1.411185
v 3.357723 0.8951190000000001 1.493273
v 2.124262 1.404677 1.294434
v 2.452785 1.404677 1.294434
v 2.452786 1.446192 1.294434
v 2.124261 1.446192 1.294434
v 3.419484 0.48945700000000003 1.348962
v 3.419483 0.5835880000000001 1.348962
v 3.419483 0.5835880000000001 1.689015
v 3.419484 0.4894570000000001 1.689016
v 3.325409 0.48946000000000006 1.348962
v 3.419484 0.48945700000000003 1.348962
v 3.419484 0.4894570000000001 1.689016
v 3.325409 0.4894600000000001 1.689015
v 3.399815 0.5630880000000001 1.299209
v 3.419483 0.5835880000000001 1.348962
v 3.419484 0.48945700000000003 1.348962
v 3.399815 0.5106670000000001 1.299209
v 3.399815 0.5106670000000001 1.299209
v 3.419484 0.48945700000000003 1.348962
v 3.325409 0.48946000000000006 1.348962
v 3.350014 0.5106660000000001 1.299209
v 3.332463 0.5106170000000001 1.67036
v 3.398324 0.5106170000000001 1.67036
v 3.398324 0.5106170000000001 1.530247
v 3.325409 0.5106170000000001 1.530247
v 3.398324 0.5106170000000001 1.67036
v 3.398324 0.5765350000000001 1.67036
v 3.398323 0.5835850000000001 1.530247
v 3.398324 0.5106170000000001 1.530247
v 2.013317 0.7040600000000001 1.179443
v 2.013317 0.70406 -0.009838000000000043
v 2.452785 0.70406 -0.009838000000000043
v 2.452785 0.7040600000000001 1.179443
v 1.235743 1.136772 1.179443
v 1.235743 1.136772 0.7680599999999999
v 1.233082 0.70406 0.768099
v 1.233082 0.7040600000000001 1.179443
v 2.35644 2.515505 0.7684049999999999
v 2.818314 2.450594 0.9103679999999998
v 2.814248 2.451165 1.4619629999999997
v 2.35589 2.515583 1.4619629999999997
v 2.742168 2.149111 0.9103679999999998
v 2.764678 2.145142 0.9103679999999998
v 2.817441 2.444374 0.9103679999999998
v 2.434314 2.511929 0.9103679999999998
v 2.349252 2.526926 0.7684059999999999
v 2.275459 2.108428 0.7684049999999999
v 2.606344 2.050086 0.7684049999999999
v 2.627374 2.169352 0.7684059999999999
v 3.617608 2.288266 -0.00431100000000014
v 3.629326 2.292828 -0.00431100000000014
v 3.633701 2.202389 0.7547819999999998
v 3.621745 2.197296 0.7557079999999999
v 3.619265 2.302388 -0.004311000000000141
v 3.617608 2.288266 -0.00431100000000014
v 3.621745 2.197296 0.7557079999999999
v 3.623764 2.212222 0.7543249999999999
v 3.064773 2.036572 0.2530089999999999
v 3.076496 2.041131 0.2530089999999999
v 3.096169 1.977345 1.0121009999999997
v 3.084209 1.972252 1.0130279999999998
v 3.066432 2.050692 0.2530089999999999
v 3.064773 2.036572 0.2530089999999999
v 3.084209 1.972252 1.0130279999999998
v 3.086228 1.987179 1.0116449999999997
v 2.710312 2.069909 2.03238
v 2.952094 3.424133 2.03238
v 2.952073 3.424026 1.9226809999999999
v 2.71032 2.069908 1.9226809999999999
v 3.056643 3.853916 0.9103679999999997
v 3.056643 3.853916 -7.800000000023599E-05
v 2.995941 3.456696 -7.800000000021166E-05
v 2.995941 3.456696 0.9103679999999997
v 2.963166 3.270823 1.6245589999999999
v 2.960364 3.254933 1.7355979999999998
v 3.215242 3.20999 1.7355979999999998
v 3.218044 3.225882 1.6245589999999999
v 3.043058 2.23349 1.5936249999999998
v 3.045944 2.249853 1.7354049999999999
v 2.791066 2.294792 1.7354049999999999
v 2.788181 2.278433 1.5936249999999998
v 2.744934 3.673271 -0.003719000000000225
v 2.034594 3.798523 -0.0037190000000002325
v 2.034637 3.798515 0.9128109999999998
v 2.7449 3.673277 0.9128109999999998
v 2.744934 3.673271 -0.003719000000000225
v 2.7449 3.673277 0.9128109999999998
v 2.715432 3.506159 1.0021589999999998
v 2.715432 3.506159 -0.0037190000000002148
v 2.005124 3.631405 -0.0037190000000002226
v 2.005129 3.631405 1.0021589999999998
v 2.034637 3.798515 0.9128109999999998
v 2.034594 3.798523 -0.0037190000000002325
v 1.983462 3.635226 1.0105269999999997
v 2.738955 3.502011 1.0105269999999997
v 2.777369 3.720623 0.8938339999999998
v 2.021923 3.853825 0.8938339999999998
v 0.223482 0.888121 0.768099
v 0.222909 0.888823 -7.800000000005443E-05
v 0.672115 0.705448 0.707964
v 0.672113 0.705555 -8.30000000000432E-05
v 0.469875 2.132111 0.8445999999999999
v 0.497971 2.160208 0.8445999999999999
v 0.497971 2.160208 1.2038489999999997
v 0.469875 2.132111 1.2038489999999997
v 0.441779 2.160208 0.8445999999999999
v 0.469875 2.132111 0.8445999999999999
v 0.469875 2.132111 1.2038489999999997
v 0.441779 2.160208 1.2038489999999997
v 0.630435 1.999648 0.7735139999999999
v 0.696941 2.160208 0.7735139999999999
v 0.792396 2.160208 0.9199259999999999
v 0.697932 1.932152 0.9199259999999999
v 0.469875 1.933142 0.7735139999999999
v 0.630435 1.999648 0.7735139999999999
v 0.469875 1.837687 0.9199259999999999
v 0.309315 1.999647 0.7735139999999999
v 0.469875 1.933142 0.7735139999999999
v 0.241818 1.932152 0.9199259999999999
v 0.242809 2.160208 0.7735139999999999
v 0.309315 1.999647 0.7735139999999999
v 0.147354 2.160208 0.9199259999999999
v 0.309315 2.320769 0.7735139999999999
v 0.242809 2.160208 0.7735139999999999
v 0.241818 2.388264 0.9199259999999999
v 0.469875 2.387274 0.7735139999999999
v 0.309315 2.320769 0.7735139999999999
v 0.469875 2.482729 0.9199259999999999
v 0.630435 2.320768 0.7735139999999999
v 0.469875 2.387274 0.7735139999999999
v 0.697931 2.388264 0.9199259999999999
v 0.696941 2.160208 0.7735139999999999
v 0.630435 2.320768 0.7735139999999999
v 0.792396 2.160208 0.9199259999999999
v -0.535789 0.6815380000000001 1.527746
v -0.535789 0.6815380000000001 1.658192
v -0.535917 0.8947490000000001 1.659614
v -0.535917 0.8947490000000001 1.529168
v -3.258432 0.03505400000000007 1.081627
v -3.258432 -0.09133899999999993 1.081627
v -3.258432 -0.09133899999999989 1.736345
v -3.258432 0.035054000000000106 1.736345
v -3.132113 -0.09133899999999993 1.081627
v -3.132113 -0.09133899999999989 1.736345
v -3.258432 -0.09133899999999989 1.736345
v -3.258432 -0.09133899999999993 1.081627
v -3.14158 -0.062270999999999896 1.713542
v -3.132113 -0.06227099999999991 1.523154
v -3.23002 -0.06226999999999991 1.523154
v -3.23002 -0.062269999999999895 1.713542
v -3.23002 -0.062269999999999895 1.713542
v -3.23002 -0.06226999999999991 1.523154
v -3.230021 0.03505700000000009 1.523154
v -3.23002 0.025586000000000105 1.713542
v -0.632275 -0.2742269999999999 1.773265
v -0.632275 -0.3825069999999999 1.845584
v -0.592678 -0.3825069999999999 1.845584
v -0.592679 -0.2742269999999999 1.773265
v -0.491475 0.1617430000000001 1.773265
v -0.491475 0.16174300000000008 1.527746
v -0.491475 0.1222240000000001 1.527746
v -0.491475 0.12222400000000011 1.773265
v -0.491475 0.12222400000000011 1.773265
v -0.491475 0.1222240000000001 1.527746
v -0.299346 0.1222230000000001 1.527746
v -0.299346 0.12222300000000011 1.773265
v -0.299346 0.12222300000000011 1.773265
v -0.299346 0.1222230000000001 1.527746
v -0.299346 -0.23346699999999992 1.527746
v -0.299346 -0.2334669999999999 1.773265
v -0.299346 -0.2334669999999999 1.773265
v -0.299346 -0.23346699999999992 1.527746
v -0.632275 -0.23354699999999992 1.547981
v -0.632275 -0.2335469999999999 1.773265
v -0.632275 -0.2335469999999999 1.773265
v -0.632275 -0.23354699999999992 1.547981
v -0.632275 -0.2742269999999999 1.586958
v -0.632275 -0.2742269999999999 1.773265
v -0.299346 0.12222300000000011 1.773265
v -0.253099 0.1617440000000001 1.773265
v -0.491475 0.1617430000000001 1.773265
v -0.491475 0.12222400000000011 1.773265
v -0.299346 -0.2334669999999999 1.773265
v -0.253099 -0.2742269999999999 1.773265
v -0.253099 0.1617440000000001 1.773265
v -0.299346 0.12222300000000011 1.773265
v -0.632275 -0.2742269999999999 1.773265
v -0.253099 -0.2742269999999999 1.773265
v -0.299346 -0.2334669999999999 1.773265
v -0.632275 -0.2335469999999999 1.773265
v -0.253099 -0.274227 -0.010192999999999983
v -0.253099 0.161744 -0.010193000000000011
v -0.253099 0.1617440000000001 1.773265
v -0.253099 -0.2742269999999999 1.773265
v -1.043936 -1.365406 1.708852
v -1.043936 -1.365406 1.522468
v -1.005826 -1.365407 1.531421
v -1.005826 -1.365407 1.708852
v -1.005826 -0.062270999999999896 1.708852
v -1.005826 -0.06227099999999991 1.527746
v -1.043936 -0.06227099999999991 1.527746
v -1.043936 -0.062270999999999896 1.708852
v -0.632275 -1.341614 1.708852
v -0.632275 -1.341614 1.531421
v -0.592679 -1.341613 0.5719090000000001
v -0.592679 -1.341613 1.708852
v -0.592679 -1.341613 1.708852
v -0.592679 -1.0220019999999999 1.845584
v -0.632275 -1.0220019999999999 1.845584
v -0.632275 -1.341614 1.708852
v -1.005826 -1.0220029999999998 1.845584
v -1.043936 -1.0220029999999998 1.845584
v -1.043936 -1.365406 1.708852
v -1.005826 -1.365407 1.708852
v -1.005826 -0.3825069999999999 1.845584
v -1.043936 -0.3825069999999999 1.845584
v -1.043936 -0.7022629999999999 1.888663
v -1.005826 -0.7022619999999999 1.888663
v -0.632275 -0.7022629999999999 1.888663
v -0.592679 -0.7022629999999999 1.888663
v -0.592678 -0.3825069999999999 1.845584
v -0.632275 -0.3825069999999999 1.845584
v -1.005826 -0.062270999999999896 1.708852
v -1.043936 -0.062270999999999896 1.708852
v -1.043936 -0.3825069999999999 1.845584
v -1.005826 -0.3825069999999999 1.845584
v -1.005826 -0.7022619999999999 1.888663
v -1.043936 -0.7022629999999999 1.888663
v -1.043936 -1.0220029999999998 1.845584
v -1.005826 -1.0220029999999998 1.845584
v -0.632275 -1.0220019999999999 1.845584
v -0.592679 -1.0220019999999999 1.845584
v -0.592679 -0.7022629999999999 1.888663
v -0.632275 -0.7022629999999999 1.888663
v -0.632275 -0.062271 -0.010192999999999997
v -0.632275 -0.062270999999999896 1.668193
v -2.168709 -0.062270999999999896 1.668193
v -2.168709 -0.062271 -0.010192999999999997
v 1.042314 0.7002070000000001 1.920364
v 2.020502 0.7002030000000001 1.920364
v 2.020502 0.700203 -7.800000000004288E-05
v 1.042314 0.700207 -7.800000000004288E-05
v 2.019989 -1.71186 -7.799999999989518E-05
v 2.020502 0.700203 -7.800000000004288E-05
v 2.020502 0.7002030000000001 1.920364
v 2.020499 -1.7116609999999999 1.920365
v 1.042314 0.700207 -7.800000000004288E-05
v 1.042314 -1.711662 -7.799999999989518E-05
v 1.042313 -1.7116609999999999 1.920364
v 1.042314 0.7002070000000001 1.920364
v 2.019989 -1.71186 -7.799999999989518E-05
v 2.020499 -1.7116609999999999 1.920365
v 1.042313 -1.7116609999999999 1.920364
v 1.042314 -1.711662 -7.799999999989518E-05
v 2.598074 -2.386104 1.1459000000000001
v 2.716167 -2.31716 1.9059190000000001
v 2.718942 -2.329856 1.9049920000000002
v 2.601141 -2.398295 1.1459000000000001
v 2.58752 -2.395633 1.1459000000000001
v 2.705169 -2.327453 1.9045360000000002
v 2.716167 -2.31716 1.9059190000000001
v 2.598074 -2.386104 1.1459000000000001
v 2.00378 -1.900344 -7.799999999988364E-05
v 0.611228 -2.273475 -7.799999999986079E-05
v 0.611229 -2.273474 1.9203640000000002
v 2.00378 -1.9003439999999998 1.9203640000000002
v 2.00378 -1.9003439999999998 1.9203640000000002
v 2.404864 -3.397216 1.9203650000000003
v 2.404864 -3.397216 -7.799999999979198E-05
v 2.00378 -1.900344 -7.799999999988364E-05
v 2.522619 -3.211383 0.7952340000000002
v 2.552962 -3.327315 0.9051090000000003
v 2.560095 -3.354032 0.8982010000000002
v 2.522619 -3.211379 0.7639150000000002
v 2.547214 -3.357481 0.8982070000000002
v 2.540076 -3.330763 0.9051160000000003
v 2.509741 -3.214839 0.7952340000000002
v 2.509741 -3.214839 0.7639140000000002
v 2.989275 -3.070163 0.9395400000000003
v 2.486616 -3.204848 0.9395450000000002
v 2.540403 -3.405116 0.8890820000000003
v 3.042944 -3.269958 0.8890770000000002
v 1.58207 -3.746853 1.4077520000000001
v 1.450088 -3.782222 1.4077520000000001
v 1.476328 -3.880301 1.1890500000000002
v 1.610015 -3.844478 1.1890500000000002
v 2.135603 -3.598983 1.4600630000000003
v 1.385804 -3.799892 1.4600630000000003
v 1.385804 -3.799892 0.9453470000000003
v 2.135603 -3.598983 0.9453470000000003
v 2.135603 -3.598983 0.9453470000000003
v 2.10197 -3.476035 0.9436610000000002
v 2.10197 -3.476035 1.5306150000000003
v 2.135603 -3.598983 1.4600630000000003
v 2.119043 -3.465942 1.5344750000000003
v 1.33362 -3.676395 1.5344750000000003
v 1.378346 -3.843314 1.4376420000000003
v 2.163768 -3.632861 1.4376420000000003
v 1.385804 -3.799892 1.4600630000000003
v 1.353122 -3.676692 1.5306150000000003
v 1.353122 -3.676692 0.9436610000000002
v 1.385804 -3.799892 0.9453470000000003
v 2.856376 -1.748317 -7.799999999989295E-05
v 2.822081 -1.849185 1.1521870000000003
v 3.13713 -3.02497 1.1521870000000003
v 3.217266 -3.09518 -7.799999999981048E-05
v 2.023121 -1.971595 -7.799999999987927E-05
v 2.045522 -2.057258 1.1521870000000003
v 2.822081 -1.849185 1.1521870000000003
v 2.856376 -1.748317 -7.799999999989295E-05
v 2.360571 -3.233043 1.1521870000000003
v 3.13713 -3.02497 1.1521870000000003
v 2.822081 -1.849185 1.1521870000000003
v 2.045522 -2.057258 1.1521870000000003
v 3.065477 -1.363761 -0.019757999999999918
v 3.210547 -1.206264 0.8197550000000001
v 3.196266 -1.199286 0.8197370000000002
v 3.052486 -1.354122 -0.019687999999999917
v 3.060527 -1.337429 -0.01963699999999992
v 3.202987 -1.185467 0.8159000000000001
v 3.217231 -1.192379 0.8159070000000002
v 3.073516 -1.347023 -0.019705999999999918
v 1.171676 -2.120456 -7.799999999987015E-05
v 1.171676 -2.120456 1.5362760000000002
v 1.171333 -1.711803 1.536276
v 1.171332 -1.71181 -7.899999999989518E-05
v 1.171676 -2.120456 1.5362760000000002
v 1.754031 -1.967266 1.5362760000000002
v 1.750525 -1.711734 1.536276
v 1.171333 -1.711803 1.536276
v -2.874871 -2.209248 0.7677990000000001
v -2.874551 -2.209933 2.432179
v -3.233709 -1.4397159999999998 2.432178
v -3.233712 -1.43971 0.7688930000000002
v -1.669879 -1.90493 1.166433213549884E-16
v -2.38262 0.755055 -0.011582000000000047
v -2.38262 0.7550550000000001 2.431368
v -1.669879 -1.9049329999999998 2.431608
v -2.987651 0.754921 -0.011582000000000047
v -2.455513 -1.231048 -0.011581999999999926
v -2.455513 -1.2310479999999997 2.431609
v -2.987651 0.7549210000000001 2.431938
v -3.421018 -2.089126 1.3631650000000002
v -3.408643 -2.076744 1.3631650000000002
v -3.277142 -2.112361 0.6040720000000002
v -3.289517 -2.124744 0.6040720000000002
v -3.295988 -1.80033 1.363165
v -3.283614 -1.787944 1.363165
v -3.152114 -1.823562 0.6040720000000002
v -3.16449 -1.835948 0.6040720000000002
v -0.361804 -2.554747 3.225384
v -0.361804 -2.554747 3.137934
v -0.557625 -2.607219 3.137934
v -0.557625 -2.607219 3.299272
v -0.361804 -2.554747 3.225384
v -0.557625 -2.607219 3.299272
v -0.371995 -3.299999 3.299134
v -0.123658 -3.443531 3.225384
v -0.123658 -3.443531 3.225384
v -0.123658 -3.443531 3.137934
v -0.361804 -2.554747 3.137934
v -0.361804 -2.554747 3.225384
v -1.012388 -3.681712 3.2253840000000005
v -1.064918 -3.485668 3.299272
v -1.064912 -3.485667 3.137934
v -1.012388 -3.681712 3.1379340000000004
v -0.123658 -3.443531 3.225384
v -0.371995 -3.299999 3.299134
v -1.064918 -3.485668 3.299272
v -1.012388 -3.681712 3.2253840000000005
v -1.012388 -3.681712 3.2253840000000005
v -1.012388 -3.681712 3.1379340000000004
v -0.123658 -3.443531 3.137934
v -0.123658 -3.443531 3.225384
v -1.158033 -3.671035 1.1055280000000003
v -1.158033 -3.671035 1.6939130000000002
v -1.647232 -3.802116 1.6939140000000001
v -1.647232 -3.802116 1.1055280000000003
v -2.455513 -1.2310479999999997 2.431609
v -2.455513 -1.231048 0.7682980000000001
v -3.233712 -1.43971 0.7688930000000002
v -3.233709 -1.4397159999999998 2.432178
v -0.418153 -3.28839 3.56363
v -0.838058 -1.7210569999999998 3.563629
v -0.838034 -1.7211619999999999 3.456689
v -0.418145 -3.288387 3.456689
v -0.619793 -1.7779879999999997 2.630421
v -0.772703 -1.8189619999999997 2.698719
v -0.685052 -2.14608 2.698719
v -0.532146 -2.10511 2.630421
v -2.407248 -1.4835699999999998 2.289223
v -2.476978 -1.3725999999999998 3.048399
v -2.464894 -1.3838849999999998 3.04821
v -2.395322 -1.4942559999999998 2.289948
v -2.412233 -1.4987879999999998 2.289948
v -2.481803 -1.3884169999999998 3.04821
v -2.476978 -1.3725999999999998 3.048399
v -2.407248 -1.4835699999999998 2.289223
v -1.910733 -1.3441229999999997 2.289223
v -1.875832 -1.2124289999999998 3.048315
v -1.859288 -1.1980469999999999 3.049242
v -1.904613 -1.3331409999999997 2.289223
v -2.535144 -3.647025 1.3324600000000002
v -2.53414 -3.767023 1.4415770000000003
v -2.534163 -3.794679 1.4346690000000002
v -2.53514 -3.647029 1.3011410000000003
v -2.547499 -3.794676 1.4346750000000001
v -2.547476 -3.767023 1.4415840000000002
v -2.548477 -3.647033 1.3324610000000001
v -2.548477 -3.647033 1.3011410000000003
v -2.15777 -3.6314 1.4767660000000002
v -2.568232 -3.6314 1.4767720000000002
v -2.568105 -3.838767 1.4263090000000003
v -2.157644 -3.838276 1.4263040000000002
v -3.106383 -1.996368 1.7106210000000002
v -2.998303 -1.944546 1.6011600000000001
v -2.998306 -1.944541 1.5698470000000002
v -3.131434 -2.008026 1.7037180000000003
v -3.285423 -1.678984 1.703782
v -3.260352 -1.667315 1.710691
v -3.151276 -1.616495 1.601165
v -3.151276 -1.616495 1.569846
v -2.971725 -1.963871 1.7454710000000002
v -3.145193 -1.591869 1.745477
v -3.333077 -1.679618 1.695014
v -3.159166 -2.051414 1.6950080000000003
v -0.365483 -2.569461 2.523574
v -0.365482 -2.569461 2.818973
v -0.132785 -3.438308 2.818973
v -0.132785 -3.438308 2.523574
v -0.132785 -3.438308 2.818973
v -1.001506 -3.671176 2.8189730000000006
v -1.001506 -3.671176 2.5235740000000004
v -0.132785 -3.438308 2.523574
v -3.099549 -1.2444189999999997 2.122277
v -2.774849 -1.1574169999999997 2.122277
v -2.774849 -1.157417 1.50924
v -3.099549 -1.244419 1.50924
v -3.063607 -1.3939849999999998 2.204365
v -3.099549 -1.2444189999999997 2.122277
v -3.099549 -1.244419 1.50924
v -3.059751 -1.392951 1.509639
v -3.063603 -1.3939859999999997 2.204365
v -2.731194 -1.3049159999999997 2.204365
v -2.778744 -1.1120219999999998 2.099617
v -3.11887 -1.2031549999999998 2.099617
v -2.735053 -1.30595 1.509639
v -2.774849 -1.157417 1.50924
v -2.774849 -1.1574169999999997 2.122277
v -2.731194 -1.3049149999999998 2.204365
v -1.143586 -3.683448 1.6877610000000003
v -1.184155 -3.532043 1.7560600000000002
v -1.694106 -3.668682 1.7560600000000002
v -1.653538 -3.820087 1.6877620000000002
v -3.781772 -2.307697 1.5776050000000001
v -3.781772 -2.307697 2.189893
v -3.565433 -2.307697 2.271062
v -3.565433 -2.307697 1.5776050000000001
v -3.781772 -3.075119 1.5776050000000001
v -3.565434 -3.075119 1.5776050000000001
v -3.565434 -3.075119 2.271062
v -3.781773 -3.075088 2.18982
v -3.560297 -3.093345 2.272989
v -3.560296 -2.289466 2.272989
v -3.829075 -2.289466 2.1722
v -3.829075 -3.093345 2.1722
v -1.898207 -3.723377 2.2799108625344376E-16
v -1.898207 -3.723377 3.5636290000000006
v -2.337522 -2.083832 3.563629
v -2.337522 -2.083832 1.2759790943804137E-16
v -3.572149 -2.211711 2.68846
v -1.900363 -2.211708 2.68846
v -1.900362 -2.211711 0.7689400000000001
v -3.572149 -2.211711 0.7689400000000001
v -2.160969 1.9324800000000002 5.306149
v -2.144454 1.9177780000000002 5.362726
v -2.209238 1.9140450000000002 5.362728
v -2.194556 1.9305480000000002 5.30615
v -2.194556 1.9305480000000002 5.041116
v -2.160969 1.9324800000000002 5.041114
v -2.160969 1.9324800000000002 5.306149
v -2.194556 1.9305480000000002 5.30615
v -0.726156 1.913063 1.7206149999999998
v -0.658502 2.686356 1.7206149999999998
v -0.658502 2.686356 2.23533
v -0.726156 1.9130630000000002 2.23533
v -1.452715 3.807804 1.5362749999999998
v -1.50585 3.200469 1.5362759999999998
v -1.50585 3.200469 -1.9597220583101653E-16
v -1.452715 3.807804 -7.900000000023315E-05
v -2.355403 4.045588 1.3833519999999997
v -2.369208 3.887796 1.4516509999999998
v -1.843272 3.841781 1.4516509999999998
v -1.829468 3.999573 1.3833529999999998
v -0.709153 2.117386 2.182985
v -0.721212 1.9795110000000002 2.182985
v -0.619637 1.9706250000000003 1.9643169999999999
v -0.607574 2.108504 1.9643169999999999
v -0.792191 2.698049 2.308015
v -0.658502 2.686356 2.23533
v -0.658502 2.686356 1.7206149999999998
v -0.792191 2.698049 1.7188529999999997
v -0.790584 2.716419 2.309742
v -0.861452 1.9063890000000001 2.309742
v -0.687904 1.8912010000000001 2.21291
v -0.617038 2.701239 2.21291
v -0.859845 1.924759 1.7188529999999997
v -0.726156 1.913063 1.7206149999999998
v -0.726156 1.9130630000000002 2.23533
v -0.859845 1.9247590000000003 2.308015
v -2.554109 3.292179 2.229597
v -2.538034 3.290773 2.340636
v -2.51562 3.546968 2.340636
v -2.531694 3.548376 2.229597
v -1.527825 3.460546 2.198663
v -1.544379 3.461996 2.340443
v -1.56679 3.2058 2.340443
v -1.550244 3.204353 2.198663
v -2.612707 3.297306 -0.00045000000000020187
v -2.612707 3.297306 1.5362759999999998
v -2.559573 3.904642 1.5362749999999998
v -2.559573 3.904642 -7.900000000023909E-05
v -2.612707 3.297306 1.5362759999999998
v -1.50585 3.200469 1.5362759999999998
v -1.452715 3.807804 1.5362749999999998
v -2.559573 3.904642 1.5362749999999998
v -1.990911 -3.7549629999999996 5.013959
v -2.003503 -3.7399629999999995 5.013959
v -2.010347 -3.7583839999999995 5.702779
v -2.022698 -3.7433459999999994 5.013959
v -2.010347 -3.7583839999999995 5.702779
v -1.99761 -3.7733799999999995 5.013959
v -2.010347 -3.7583839999999995 5.702779
v -2.029398 -3.7617489999999996 5.013959
v -2.010347 -3.7583839999999995 5.702779
v -2.016805 -3.7767629999999994 5.013959
v -1.99761 -3.7733799999999995 5.013959
v -2.010347 -3.7583839999999995 5.702779
v -1.940824 -3.569404 0.7974830000000003
v -1.951164 -3.597228 0.7974840000000002
v -1.839516 -3.730357 0.7974830000000003
v -1.810277 -3.725215 0.7974830000000003
v -1.810277 -3.725215 0.7974830000000003
v -1.839516 -3.730357 0.7974830000000003
v -1.898439 -3.891822 0.7974830000000003
v -1.879527 -3.914706 0.7974840000000002
v -1.879527 -3.914706 0.7974840000000002
v -1.898439 -3.891822 0.7974830000000003
v -2.068994 -3.919406 0.7974840000000002
v -2.07934 -3.947231 0.7974830000000003
v -2.140648 -3.602112 0.7974830000000003
v -2.121741 -3.624995 0.7974830000000003
v -1.951164 -3.597228 0.7974840000000002
v -1.940824 -3.569404 0.7974830000000003
v -2.140648 -3.602112 0.7974830000000003
v -2.140647 -3.602111 0.7528770000000002
v -2.210079 -3.791324 0.7528770000000002
v -2.210079 -3.791324 0.7974830000000003
v -2.210079 -3.791324 0.7974830000000003
v -2.210079 -3.791324 0.7528770000000002
v -2.07934 -3.947231 0.7528770000000002
v -2.07934 -3.947231 0.7974830000000003
v -2.07934 -3.947231 0.7974830000000003
v -2.07934 -3.947231 0.7528770000000002
v -1.879527 -3.914706 0.7528770000000002
v -1.879527 -3.914706 0.7974840000000002
v -1.879527 -3.914706 0.7974840000000002
v -1.879527 -3.914706 0.7528770000000002
v -1.810277 -3.725215 0.7528770000000002
v -1.810277 -3.725215 0.7974830000000003
v -1.810277 -3.725215 0.7974830000000003
v -1.810277 -3.725215 0.7528770000000002
v -1.940825 -3.569404 0.7528770000000002
v -1.940824 -3.569404 0.7974830000000003
v -1.940824 -3.569404 0.7974830000000003
v -1.940825 -3.569404 0.7528770000000002
v -2.140647 -3.602111 0.7528770000000002
v -2.140648 -3.602112 0.7974830000000003
v -2.12174 -3.624996 1.2353900000000002
v -2.121741 -3.624995 0.7974830000000003
v -2.180837 -3.786197 0.7974830000000003
v -2.180837 -3.786197 1.2353900000000002
v -2.180837 -3.786197 1.2353900000000002
v -2.180837 -3.786197 0.7974830000000003
v -2.068994 -3.919406 0.7974840000000002
v -2.068994 -3.919406 1.2353900000000002
v -2.068994 -3.919406 1.2353900000000002
v -2.068994 -3.919406 0.7974840000000002
v -1.898439 -3.891822 0.7974830000000003
v -1.898439 -3.891822 1.2353900000000002
v -1.898439 -3.891822 1.2353900000000002
v -1.898439 -3.891822 0.7974830000000003
v -1.839516 -3.730357 0.7974830000000003
v -1.839517 -3.730354 1.2353900000000002
v -1.839517 -3.730354 1.2353900000000002
v -1.839516 -3.730357 0.7974830000000003
v -1.951164 -3.597228 0.7974840000000002
v -1.951164 -3.597229 1.2353900000000002
v -1.951164 -3.597229 1.2353900000000002
v -1.951164 -3.597228 0.7974840000000002
v -2.121741 -3.624995 0.7974830000000003
v -2.12174 -3.624996 1.2353900000000002
v -2.126074 -3.6202309999999995 4.451767
v -2.126074 -3.6202309999999995 4.415284
v -2.186565 -3.7864299999999997 4.415284
v -2.186566 -3.7864299999999997 4.451767
v -2.186566 -3.7864299999999997 4.451767
v -2.186565 -3.7864299999999997 4.415284
v -2.070562 -3.9245059999999996 4.415284
v -2.070562 -3.9245059999999996 4.451766
v -2.070562 -3.9245059999999996 4.451766
v -2.070562 -3.9245059999999996 4.415284
v -1.894226 -3.8965569999999996 4.415284
v -1.894226 -3.8965569999999996 4.451767
v -1.894226 -3.8965569999999996 4.451767
v -1.894226 -3.8965569999999996 4.415284
v -1.833669 -3.7301789999999997 4.415284
v -1.833671 -3.7301819999999997 4.451767
v -1.833671 -3.7301819999999997 4.451767
v -1.833669 -3.7301789999999997 4.415284
v -1.949587 -3.5921359999999996 4.415284
v -1.949587 -3.5921359999999996 4.451767
v -1.949587 -3.5921359999999996 4.451767
v -1.949587 -3.5921359999999996 4.415284
v -2.126074 -3.6202309999999995 4.415284
v -2.126074 -3.6202309999999995 4.451767
v -2.186566 -3.7864299999999997 4.451767
v -2.186565 -3.7864329999999997 4.596998
v -2.126074 -3.6202309999999995 4.596998
v -2.126074 -3.6202309999999995 4.451767
v -2.070562 -3.9245059999999996 4.451766
v -2.070562 -3.9245059999999996 4.596998
v -2.186565 -3.7864329999999997 4.596998
v -2.186566 -3.7864299999999997 4.451767
v -1.894226 -3.8965569999999996 4.451767
v -1.894226 -3.8965559999999995 4.596998
v -2.070562 -3.9245059999999996 4.596998
v -2.070562 -3.9245059999999996 4.451766
v -1.833672 -3.7301829999999994 4.451767
v -1.833671 -3.7301819999999997 4.596998
v -1.894226 -3.8965559999999995 4.596998
v -1.894226 -3.8965569999999996 4.451767
v -1.949587 -3.5921359999999996 4.451767
v -1.949587 -3.5921359999999996 4.596998
v -1.833671 -3.7301819999999997 4.596998
v -1.833672 -3.7301829999999994 4.451767
v -2.126074 -3.6202309999999995 4.451767
v -2.126074 -3.6202309999999995 4.596998
v -1.949587 -3.5921359999999996 4.596998
v -1.949587 -3.5921359999999996 4.451767
v -2.099381 -3.6520959999999993 4.37978
v -2.098122 -3.653621 1.2932940000000002
v -2.14429 -3.779762 1.2932940000000002
v -2.14657 -3.7800099999999994 4.380048
v -2.14657 -3.7800099999999994 4.380048
v -2.14429 -3.779762 1.2932940000000002
v -2.056047 -3.884628 1.2932940000000002
v -2.057031 -3.8873179999999996 4.380363
v -2.057031 -3.8873179999999996 4.380363
v -2.056047 -3.884628 1.2932940000000002
v -1.922065 -3.863205 1.2932940000000002
v -1.920839 -3.8646819999999997 4.379763
v -1.920839 -3.8646819999999997 4.379763
v -1.922065 -3.863205 1.2932940000000002
v -1.87606 -3.736812 1.2932940000000002
v -1.873728 -3.7365499999999994 4.380041
v -1.873728 -3.7365499999999994 4.380041
v -1.87606 -3.736812 1.2932940000000002
v -1.964103 -3.632011 1.2932940000000002
v -1.96314 -3.6293559999999996 4.380373
v -1.96314 -3.6293559999999996 4.380373
v -1.964103 -3.632011 1.2932940000000002
v -2.098122 -3.653621 1.2932940000000002
v -2.099381 -3.6520959999999993 4.37978
v -2.915302 0.4849100000000001 1.533308
v -2.310449 0.4857030000000001 1.533308
v -2.310449 0.4857030000000001 1.956981
v -2.915302 0.4849100000000001 1.956981
v -2.318303 0.5150150000000001 2.022505
v -2.923156 0.5142180000000001 2.022505
v -2.919583 0.5008850000000001 2.089219
v -2.314731 0.5016830000000001 2.089219
v -2.909619 0.4637000000000001 2.141106
v -2.304765 0.4644900000000001 2.141106
v -2.898372 0.42172700000000013 2.159356
v -2.293516 0.42250900000000013 2.159356
v -2.887124 0.3797460000000001 2.206832
v -2.28227 0.3805400000000001 2.206832
v -2.254088 0.2753680000000001 1.533307
v -2.858942 0.2745750000000001 1.533307
v -2.858942 0.2745750000000001 1.956981
v -2.254088 0.2753680000000001 1.956981
v -2.851089 0.24526600000000012 2.022504
v -2.246234 0.2460560000000001 2.022504
v -2.249807 0.2593880000000001 2.089219
v -2.854663 0.2586060000000001 2.089219
v -2.259774 0.2965850000000001 2.141107
v -2.864629 0.2958000000000001 2.141107
v -2.271021 0.3385620000000001 2.159357
v -2.875875 0.3377650000000001 2.159357
v -2.282269 0.3805390000000001 2.206832
v -2.887123 0.3797460000000001 2.206832
v -3.399224 -2.098117 1.1971880000000001
v -3.313206 -2.207625 1.2470190000000003
v -3.28768 -1.789283 1.231292
v -2.883009 -2.209353 1.2678810000000003
v -3.086802 -1.76377 1.277423
v -0.980462 0.5461090000000002 2.996233
v -0.941371 0.5002810000000002 3.033378
v -0.931396 0.6142950000000003 2.9317
v -0.97417 0.6180370000000002 2.9317
v -0.924783 0.6898880000000002 2.811166
v -0.967556 0.6936340000000002 2.811165
v -0.966208 0.7090430000000001 2.68846
v -0.923439 0.7052560000000001 2.68846
v -0.923439 0.705256 0.757915
v -0.966208 0.709043 0.763007
v 2.004233 -1.9010829999999999 2.152169
v 2.029036 -1.8581219999999998 2.183098
v 1.945193 -1.8805859999999999 2.106027
v 1.954273 -1.9144689999999998 2.106027
v 1.889594 -1.8954859999999998 2.014663
v 1.898673 -1.9293689999999997 2.014663
v 1.878295 -1.8985119999999998 1.9198750000000002
v 1.887378 -1.9323959999999998 1.9198750000000002
v 1.887378 -1.932396 1.6193230000000003
v 1.878295 -1.898512 1.6193230000000003
v 1.930637 -1.95705 1.5368370000000002
v 1.921312 -1.922254 1.5368370000000002
v 0.612624 -2.273638 2.152169
v 0.569664 -2.248835 2.183098
v 0.592127 -2.332678 2.106027
v 0.62601 -2.323598 2.106027
v 0.607027 -2.388277 2.014663
v 0.64091 -2.379198 2.014663
v 0.610054 -2.399576 1.9198750000000002
v 0.643937 -2.390494 1.9198750000000002
v 0.643937 -2.390494 1.6193230000000003
v 0.610054 -2.399576 1.6193230000000003
v 0.668591 -2.347234 1.5368370000000002
v 0.633795 -2.356558 1.5368370000000002
v 3.398813 1.448982 1.67036
v 3.419973 1.470141 1.689016
v 3.367616 1.470141 1.642529
v 3.36762 1.448981 1.642529
v 3.332898 1.470141 1.58742
v 3.332895 1.448982 1.58742
v 3.325841 1.470141 1.530247
v 3.325845 1.448981 1.530247
v 3.325841 1.448981 1.348962
v 3.325841 1.470141 1.348962
v 3.346345 1.428744 1.299209
v 3.346342 1.450473 1.299209
v 2.451896 1.449287 1.67036
v 2.430736 1.470447 1.689016
v 2.430736 1.41809 1.642529
v 2.451896 1.418094 1.642529
v 2.430736 1.383373 1.58742
v 2.451896 1.383369 1.58742
v 2.430737 1.376315 1.530247
v 2.451897 1.376319 1.530247
v 2.451896 1.376315 1.348962
v 2.430737 1.376315 1.348962
v 2.472133 1.396819 1.299209
v 2.450404 1.396816 1.299209
v 2.45159 0.5109230000000001 1.67036
v 2.43043 0.4897630000000001 1.689016
v 2.482787 0.4897630000000001 1.642529
v 2.482783 0.5109240000000002 1.642529
v 2.517504 0.4897630000000001 1.58742
v 2.517508 0.5109230000000001 1.58742
v 2.524562 0.4897640000000001 1.530247
v 2.524558 0.5109240000000002 1.530247
v 2.524562 0.5109240000000002 1.348962
v 2.524562 0.48976400000000003 1.348962
v 2.504058 0.5311610000000001 1.299209
v 2.504061 0.5094320000000001 1.299209
v -4.003033 1.4997770000000001 2.516399
v -4.031109 1.4743990000000002 2.544148
v -3.945893 1.4669460000000003 2.468191
v -3.943476 1.4945680000000001 2.468191
v -3.889376 1.4620010000000003 2.378147
v -3.88696 1.4896230000000001 2.378147
v -3.877896 1.4609920000000003 2.28473
v -3.876797 1.4887340000000002 2.285636
v -3.876917 1.487349 0.7620029999999999
v -3.877896 1.460992 0.7592339999999999
v 2.404959 -3.395915 2.152169
v 2.447919 -3.420718 2.183098
v 2.425456 -3.336875 2.106027
v 2.391574 -3.345954 2.106027
v 2.410557 -3.281276 2.014663
v 2.376673 -3.290354 2.014663
v 2.40753 -3.269977 1.9198750000000002
v 2.373647 -3.279059 1.9198750000000002
v 2.373647 -3.279059 1.6193230000000003
v 2.40753 -3.269977 1.6193230000000003
v 2.348993 -3.322318 1.5368370000000002
v 2.383788 -3.312994 1.5368370000000002
v -2.695861 -0.334056 -0.01158199999999998
v -2.131327 -0.182788 -0.01158199999999999
v -2.131327 -0.18278799999999998 0.599788
v -2.695861 -0.33405599999999996 0.599788
v -2.119972 -0.22516599999999998 0.675283
v -2.684506 -0.37643399999999994 0.675283
v -2.13483 -0.16971899999999995 0.7816
v -2.699364 -0.32098299999999996 0.7816
v -2.133403 -0.17504099999999995 0.895309
v -2.697937 -0.32630899999999996 0.895309
v -2.123217 -0.21305399999999994 0.991178
v -2.68775 -0.3643259999999999 0.991177
v -2.096298 -0.31351399999999996 1.062026
v -2.660832 -0.4647859999999999 1.062026
v -2.074753 -0.39392799999999994 1.154835
v -2.639287 -0.5451959999999999 1.154835
v -0.01161 -3.056902 -0.002608999999999813
v -0.011609 -2.571697 -0.0026089999999998428
v -0.011609 -2.571697 0.7421770000000001
v -0.011613 -3.056903 0.7421770000000002
v -0.069399 -2.571697 0.8558430000000001
v -0.069397 -3.056903 0.8558440000000003
v -0.062694 -2.571697 0.9693000000000002
v -0.062691 -3.056903 0.9693010000000002
v 0.018022 -2.571697 1.1047680000000002
v 0.018018 -3.056903 1.1047670000000003
v 0.212994 -2.571696 1.2465980000000003
v 0.212996 -3.056903 1.2465970000000002
v 2.020166 -0.935703 0.0009220000000000572
v 1.042314 -0.935699 0.0009220000000000572
v 1.042314 -0.935706 0.7852330000000001
v 2.020298 -0.935707 0.7852330000000001
v 1.042314 -0.849391 0.899182
v 2.020334 -0.849396 0.899182
v 2.020334 -0.849396 0.899182
v 1.042314 -0.849391 0.899182
v 1.042314 -0.9623329999999999 1.059656
v 2.020334 -0.9623369999999999 1.059656
v 1.042314 -0.9514839999999999 1.244965
v 2.020333 -0.9514879999999999 1.244965
v 1.042313 -0.8740529999999999 1.440356
v 2.020334 -0.8740579999999999 1.440357
v 1.042314 -0.6694179999999998 1.584754
v 2.020334 -0.6694219999999999 1.584754
v 1.042314 -0.5056229999999999 1.634279
v 2.020334 -0.5056259999999999 1.634279
v 1.594692 3.703775 -7.800000000022679E-05
v 1.507896 3.211535 -7.800000000019665E-05
v 1.594691 3.703776 2.0323789999999997
v 1.342399 2.272953 0.7602709999999999
v 1.342399 2.272953 2.032379
v -3.895223 2.713306 2.516399
v -3.918466 2.743174 2.544148
v -3.925918 2.658002 2.46819
v -3.900259 2.655756 2.46819
v -3.930862 2.60153 2.378147
v -3.905199 2.599284 2.378147
v -3.906123 2.588714 2.285636
v -3.931865 2.590048 2.28473
v -3.931865 2.590048 0.7592339999999999
v -3.906123 2.588714 0.7629759999999999
v 1.014763 -3.769565 2.1521690000000007
v 0.98996 -3.812526 2.1830970000000005
v 1.073803 -3.790062 2.1060260000000004
v 1.064724 -3.75618 2.1060260000000004
v 1.129402 -3.775162 2.0146620000000004
v 1.120323 -3.741279 2.0146620000000004
v 1.140701 -3.772135 1.9198750000000002
v 1.131618 -3.738252 1.9198750000000002
v 1.131618 -3.738252 1.6193230000000003
v 1.140701 -3.772135 1.6193230000000003
v 1.088359 -3.713598 1.5368370000000002
v 1.097684 -3.748394 1.5368370000000002
v -3.235562 -0.054599999999999864 2.255744
v -2.777264 -0.05689599999999986 2.255744
v -2.891277 0.32359700000000013 2.186184
v -3.195848 0.3186400000000001 2.186184
v -2.990198 0.6920070000000001 2.255744
v -3.380143 0.7560540000000001 2.255744
v -4.739541 3.846205 0.0034399999999997644
v -4.739455 3.846197 0.2549899999999998
v -2.581206 3.657373 -7.900000000022395E-05
v -3.912561 3.773851 0.9595369999999998
v -2.581206 3.657373 0.9595369999999998
v -3.944206 3.411455 0.7081859999999998
v -4.771182 3.483805 0.0034709999999997868
v -3.944267 3.411459 0.7676489999999998
v -4.856835 3.491299 -7.800000000021378E-05
v -4.567365 3.465975 0.7676489999999998
v -1.14391 0.5604090000000003 2.799923
v -3.372346 0.7553720000000003 2.799923
v -1.14391 0.5604090000000002 1.529963
v -3.387583 0.756705 -7.800000000004633E-05
v -3.22474 0.742458 -7.800000000004547E-05
v -0.75399 3.13469 2.996233
v -0.707169 3.174154 3.033378
v -0.821182 3.18413 2.9317
v -0.824964 3.140899 2.9317
v -0.896775 3.190742 2.811166
v -0.900561 3.147513 2.811166
v -0.915971 3.148861 2.68846
v -0.912143 3.192087 2.68846
v -0.912143 3.192087 0.7579149999999998
v -0.915971 3.148861 0.7630069999999998
v -1.669889 -1.916648 1.5310590000000002
v -0.821573 -1.69057 1.536276
v -1.274511 -1.428566 1.543449
v -1.978582 -0.7474589999999999 1.531059
v -1.492048 -0.6170939999999999 1.531059
v -0.494655 -1.335085 1.536276
v -0.921416 -1.333955 1.536276
v -0.821573 -1.69057 1.536276
v -0.163282 -2.571786 1.5362800000000003
v -0.454432 -3.056903 1.5362830000000003
v 0.848963 -3.056903 1.5362760000000002
v 0.84996 -2.571696 1.5362760000000002
v -1.889633 -1.079422 1.531061
v -1.978582 -0.7474589999999999 1.531059
v -2.691591 -1.294304 0.7698590000000001
v -2.513233 -0.8907199999999998 1.060042
v -2.763638 -1.025417 0.7654670000000001
v 0.212996 -3.056903 1.2465970000000002
v 0.212994 -2.571696 1.2465980000000003
v 0.407972 -2.571697 1.1047710000000002
v 0.407972 -3.056903 1.1047700000000003
v 0.488693 -2.571697 0.9693000000000002
v 0.48869 -3.056903 0.9693010000000002
v 0.495392 -2.571696 0.8558420000000001
v 0.495393 -3.056903 0.8558420000000002
v 0.4367 -2.571697 0.7421760000000001
v 0.436698 -3.056903 0.7421750000000003
v 0.436693 -2.571697 -0.0026089999999998428
v 0.436697 -3.056903 -0.002608999999999813
v -0.535917 0.8946610000000002 1.476959
v -0.535917 0.8947490000000001 1.659614
v -0.535917 1.654673 0.8289999999999998
v -0.535917 1.723724 0.9611609999999999
v -0.535917 1.723724 0.8307149999999999
v 1.709162 1.404677 0.9421239999999999
v 1.709161 1.404677 0.8271329999999999
v 1.777469 1.404677 0.8254179999999999
v 2.124262 1.404677 1.294434
v 2.123386 1.404677 1.11985
v -3.571425 3.512184 0.7675379999999998
v -3.594519 3.248219 0.7675379999999998
v -3.594519 3.248219 3.155209
v -3.571425 3.512184 3.155209
v -3.594519 3.248219 3.224215
v -3.571425 3.512184 3.224214
v -3.363821 3.3621780000000006 7.687389
v -3.488497 3.3037780000000003 7.468549
v -3.375834 3.2248660000000005 7.468548
v -3.521173 3.2866440000000003 7.201131
v -3.37899 3.1887920000000003 7.20113
v -3.363821 3.3621780000000006 7.687389
v -3.476567 3.4401400000000004 7.468549
v -3.488497 3.3037780000000003 7.468549
v -3.505813 3.4622230000000003 7.201131
v -3.521173 3.2866440000000003 7.201131
v -3.363821 3.3621780000000006 7.687389
v -3.351912 3.4982850000000005 7.468548
v -3.476567 3.4401400000000004 7.468549
v -3.348756 3.5343620000000002 7.20113
v -3.505813 3.4622230000000003 7.201131
v -3.363821 3.3621780000000006 7.687389
v -3.239181 3.4193710000000004 7.468549
v -3.351912 3.4982850000000005 7.468548
v -3.2065 3.4365060000000005 7.201131
v -3.348756 3.5343620000000002 7.20113
v -3.363821 3.3621780000000006 7.687389
v -3.251111 3.2830090000000003 7.468549
v -3.239181 3.4193710000000004 7.468549
v -3.221872 3.2608010000000003 7.201131
v -3.2065 3.4365060000000005 7.201131
v -3.704085 0.8488770000000004 6.482688
v -3.590638 0.7696400000000004 6.738207
v -3.578625 0.9069550000000004 6.482687
v -3.733291 0.8714260000000004 6.305153
v -3.575469 0.9430310000000003 6.305153
v -3.478626 0.6917460000000004 6.482688
v -3.590638 0.7696400000000004 6.738207
v -3.602545 0.6335350000000004 6.482687
v -3.449421 0.6691940000000003 6.305153
v -3.605702 0.5974590000000003 6.305153
v -3.733291 0.8714260000000004 6.305153
v -3.748652 0.6958430000000003 6.305153
v -3.716016 0.7125130000000004 6.482688
v -3.704085 0.8488770000000004 6.482688
v -3.590638 0.7696400000000004 6.738207
v -3.748652 0.6958430000000003 6.305153
v -3.605702 0.5974590000000003 6.305153
v -3.602545 0.6335350000000004 6.482687
v -3.716016 0.7125130000000004 6.482688
v -3.590638 0.7696400000000004 6.738207
v -3.449421 0.6691940000000003 6.305153
v -3.434052 0.8448990000000003 6.305153
v -3.4667 0.8281060000000005 6.482688
v -3.478626 0.6917460000000004 6.482688
v -3.590638 0.7696400000000004 6.738207
v -3.434052 0.8448990000000003 6.305153
v -3.575469 0.9430310000000003 6.305153
v -3.578625 0.9069550000000004 6.482687
v -3.4667 0.8281060000000005 6.482688
v -3.590638 0.7696400000000004 6.738207
v -1.497351 -0.6185149999999999 1.729562
v -1.537776 -0.6293439999999999 1.689943
v -1.497351 -0.6185149999999999 1.539174
v -1.582778 -0.6414029999999998 1.615945
v -1.591923 -0.6438559999999999 1.539174
v -1.474345 -0.7043759999999999 1.615945
v -1.486408 -0.6593389999999999 1.689943
v -1.471894 -0.7135229999999999 1.539174
v -1.497351 -0.6185149999999999 1.729562
v -1.497351 -0.6185149999999999 1.539174
v -1.497351 -0.6185149999999999 1.729562
v -1.477163 -0.5840829999999999 1.752366
v -1.545032 -0.6022679999999999 1.689943
v -1.537776 -0.6293439999999999 1.689943
v -1.59003 -0.6143219999999999 1.615945
v -1.582778 -0.6414029999999998 1.615945
v -1.591923 -0.6438559999999999 1.539174
v -1.599179 -0.6167749999999999 1.539174
v -1.599179 -0.6167749999999999 1.097647
v -1.591923 -0.6438559999999999 1.097647
v -4.561152 -3.784958 -0.0026089999999997686
v -4.561152 -3.784958 0.7680990000000002
v -4.455897 -2.581886 -0.002608999999999842
v -4.528337 -3.409797 0.7681000000000002
v -4.455967 -2.582759 0.06234200000000016
v 3.398324 0.5106170000000001 1.67036
v 3.419484 0.4894570000000001 1.689016
v 3.419483 0.5418140000000001 1.642528
v 3.398323 0.5418100000000001 1.642528
v 3.419484 0.5765310000000001 1.58742
v 3.398324 0.5765350000000001 1.58742
v 3.419483 0.5835880000000001 1.530247
v 3.398323 0.5835850000000001 1.530247
v 3.398323 0.5835880000000001 1.348962
v 3.419483 0.5835880000000001 1.348962
v 3.378086 0.5630840000000001 1.299209
v 3.399815 0.5630880000000001 1.299209
v 2.764678 2.145142 0.9103679999999998
v 2.764678 2.145142 0.5169719999999999
v 3.332999 2.35277 -0.0006020000000001441
v 3.995724 2.593541 0.9103679999999998
v 3.995724 2.593541 -2.092116
v 4.392231 2.789347 0.9103679999999997
v 4.392231 2.789347 -2.092116
v 4.644761 3.156159 0.9103679999999997
v 4.644761 3.156159 -2.092116
v 4.599795 3.620968 0.9103679999999997
v 4.599795 3.620968 -2.092116
v 4.302834 3.907279 0.9103679999999997
v 4.302834 3.907279 -2.0921160000000003
v 3.760983 3.933224 0.9103679999999997
v 3.760983 3.933224 -2.0921160000000003
v 3.056643 3.853916 0.9103679999999997
v 3.056643 3.853916 -7.800000000023599E-05
v 2.743648 2.025874 0.5615249999999999
v 2.764678 2.145142 0.9103679999999998
v 2.743648 2.025874 2.032379
v 2.995941 3.456696 0.9103679999999997
v 2.995941 3.456696 2.032379
v 2.743648 2.025874 0.5615249999999999
v 2.743648 2.025874 2.032379
v 2.606344 2.050086 0.7688699999999999
v 1.342399 2.272953 2.032379
v 1.342399 2.272953 0.7602709999999999
v 2.554331 2.063998 0.7680989999999999
v 2.808269 1.443762 0.7680989999999999
v 3.336113 2.354384 -0.012140000000000144
v 3.39975 1.443762 0.22332699999999991
v 3.64759 1.560914 -0.012106000000000096
v -1.584095 3.40082 1.1202379999999998
v -1.584095 3.40082 0.7680979999999997
v -0.232521 3.455639 0.7680989999999998
v -0.232521 3.455639 1.1202379999999998
v 0.588036 3.051588 0.7680989999999998
v 0.588036 3.051588 1.1202389999999998
v 1.481207 3.051588 1.1202389999999998
v 1.481207 3.051588 0.7680989999999998
v -1.58662 3.463957 1.1202379999999998
v -1.584095 3.40082 1.1202379999999998
v -0.232521 3.455639 1.1202379999999998
v -0.226967 3.519104 1.1202379999999998
v 0.588036 3.051588 1.1202389999999998
v 0.59359 3.115053 1.1202389999999998
v 1.491094 3.115053 1.1202389999999998
v 1.481207 3.051588 1.1202389999999998
v -0.491475 0.8945750000000001 1.658193
v -0.535917 0.8947490000000001 1.659614
v -0.535789 0.7140430000000001 1.658192
v -0.491475 0.7140850000000001 1.658898
v -0.535789 0.6815380000000001 1.634236
v -0.491475 0.6815500000000001 1.634863
v -0.491475 0.6815500000000001 1.527746
v -0.535789 0.6815380000000001 1.527746
v -3.23002 -0.062269999999999895 1.713542
v -3.258432 -0.09133899999999989 1.736345
v -3.188169 -0.0913389999999999 1.673923
v -3.188169 -0.062270999999999896 1.673923
v -3.141584 -0.0913429999999999 1.599924
v -3.14158 -0.0622709999999999 1.599924
v -3.132113 -0.06227099999999991 1.523154
v -3.132113 -0.0913389999999999 1.523154
v -3.132113 -0.09133899999999993 1.081627
v -3.132113 -0.06227099999999993 1.081627
v -0.491475 0.1617430000000001 1.773265
v -0.253099 0.1617440000000001 1.773265
v -0.491475 0.16174300000000008 1.527746
v -0.253099 0.161744 -0.010193000000000011
v -0.491475 0.161743 -0.010193000000000011
v -0.632275 -0.2742269999999999 1.773265
v -0.632275 -0.2742269999999999 1.586958
v -0.253099 -0.2742269999999999 1.773265
v -0.632275 -0.274227 -0.010192999999999983
v -0.253099 -0.274227 -0.010192999999999983
v -0.491475 0.16174300000000008 1.527746
v -3.231454 0.7430450000000001 1.526046
v -0.632275 -0.06227099999999991 1.527746
v -0.491475 0.1222240000000001 1.527746
v -0.299346 -0.23346699999999992 1.527746
v -0.299346 0.1222230000000001 1.527746
v -0.632275 -0.274227 -0.010192999999999983
v -0.632275 -0.2742269999999999 1.586958
v -0.632275 -0.062271 -0.010192999999999997
v -0.632275 -0.23354699999999992 1.547981
v -0.632275 -0.06227099999999991 1.527746
v -1.005826 -1.365407 1.708852
v -1.005826 -1.365407 1.531421
v -1.005826 -1.022003 1.6592
v -1.005826 -1.0220029999999998 1.845584
v -1.005826 -0.7022619999999999 1.70228
v -1.005826 -0.7022619999999999 1.888663
v -1.005826 -0.3825069999999999 1.6592
v -1.005826 -0.3825069999999999 1.845584
v -1.005826 -0.06227099999999991 1.527746
v -1.005826 -0.062270999999999896 1.708852
v -0.592679 -0.2742269999999999 1.436457
v -0.592679 -0.2742269999999999 1.773265
v -0.592678 -0.3825069999999999 1.845584
v -0.592678 -0.3825069999999999 1.513497
v -0.592679 -0.7022629999999999 1.888663
v -0.592679 -0.7022629999999999 1.596696
v -0.592679 -1.0220019999999999 1.845584
v -0.592679 -1.022002 1.513497
v -0.592679 -1.341613 1.708852
v -0.592679 -1.130764 1.436457
v -0.592679 -1.237346 1.221186
v -0.592679 -1.341613 0.5719090000000001
v -0.632275 -1.341614 1.531421
v -0.632275 -1.341614 1.708852
v -0.632275 -1.0220019999999999 1.845584
v -0.632275 -1.022002 1.6592
v -0.632275 -0.7022629999999999 1.888663
v -0.632275 -0.7022629999999999 1.70228
v -0.632275 -0.3825069999999999 1.845584
v -0.632275 -0.3825069999999999 1.6592
v -0.632275 -0.2742269999999999 1.773265
v -0.632275 -0.2742269999999999 1.586958
v -1.005826 -1.365407 1.531421
v -0.632275 -1.341614 1.531421
v -0.632275 -1.022002 1.6592
v -1.005826 -1.022003 1.6592
v -0.632275 -0.7022629999999999 1.70228
v -1.005826 -0.7022619999999999 1.70228
v -0.632275 -0.3825069999999999 1.6592
v -1.005826 -0.3825069999999999 1.6592
v -0.632275 -0.2742269999999999 1.586958
v -0.632275 -0.06227099999999991 1.527746
v -1.005826 -0.06227099999999991 1.527746
v 2.020334 -0.5056259999999999 1.634279
v 1.042314 -0.5056229999999999 1.634279
v 1.042314 -0.3418269999999999 1.584756
v 2.020334 -0.3418299999999999 1.584756
v 1.042315 -0.1372029999999999 1.440359
v 2.020334 -0.1372029999999999 1.440359
v 1.042315 -0.059759999999999924 1.244966
v 2.020334 -0.05976399999999992 1.244965
v 1.042315 -0.04892299999999994 1.059657
v 2.020334 -0.04892299999999994 1.059657
v 1.042315 -0.16185699999999995 0.899183
v 2.020334 -0.16186099999999995 0.899182
v 2.020334 -0.16186099999999995 0.899182
v 1.042315 -0.16185699999999995 0.899183
v 1.042315 -0.07548899999999996 0.785233
v 2.020338 -0.07548799999999996 0.785233
v 1.042315 -0.075485 0.0009220000000000046
v 2.020246 -0.075485 0.0009220000000000046
v 1.97529 -1.845092 -0.005737999999999887
v 2.153183 -1.569002 0.14459300000000008
v 2.27996 -1.932391 0.2833790000000001
v 2.292363 -1.480846 0.6029230000000001
v 2.440755 -1.88523 0.7453650000000002
v 2.718808 -1.37255 0.7088600000000002
v 2.850304 -1.786304 1.003004
v 2.153183 -1.569002 0.14459300000000008
v 1.97529 -1.845092 -0.005737999999999887
v 2.27996 -1.932391 0.2833790000000001
v 2.292363 -1.480846 0.6029230000000001
v 2.440755 -1.88523 0.7453650000000002
v 2.718808 -1.37255 0.7088600000000002
v 2.850304 -1.786304 1.003004
v -2.501408 -1.059764 1.596259
v -1.933359 -0.9216109999999998 2.172431
v -1.922665 -0.9615209999999998 2.12709
v -2.491269 -1.097602 1.553965
v -1.911972 -1.0014299999999998 2.109661
v -2.481133 -1.135433 1.537706
v -1.902495 -1.0367959999999998 2.060106
v -2.47215 -1.168956 1.491481
v -1.899099 -1.0494689999999998 1.996392
v -2.46893 -1.180973 1.432047
v -1.906565 -1.0216059999999998 1.933815
v -2.476007 -1.15456 1.373674
v -1.906565 -1.021606 1.529192
v -2.476007 -1.15456 0.9962370000000002
v -0.365483 -2.569461 2.523574
v -0.438491 -2.589023 2.523759
v -0.365482 -2.569461 2.818973
v -0.554201 -2.619998 2.418984
v -0.554197 -2.620013 2.818973
v -1.052138 -3.482242 2.818973
v -1.052132 -3.482242 2.418984
v -1.001506 -3.671176 2.8189730000000006
v -1.021071 -3.598163 2.523759
v -1.001506 -3.671176 2.5235740000000004
v -2.639286 -0.5451959999999999 1.154835
v -2.074752 -0.39392799999999994 1.154835
v -2.053205 -0.47434199999999993 1.062027
v -2.617739 -0.6256059999999999 1.062027
v -2.026287 -0.5748019999999999 0.991178
v -2.590821 -0.7260659999999999 0.991178
v -2.016101 -0.612815 0.895309
v -2.580635 -0.764083 0.895309
v -2.014675 -0.618137 0.781599
v -2.579209 -0.769405 0.781599
v -2.02953 -0.562694 0.675282
v -2.594066 -0.713958 0.675282
v -2.018169 -0.605095 0.599788
v -2.582704 -0.756363 0.599788
v -2.018169 -0.605095 -0.011581999999999964
v -2.582704 -0.756362 -0.011581999999999953
v -2.190326 1.9586350000000003 5.545205
v -2.21297 1.9788320000000001 5.362726
v -2.209238 1.9140450000000002 5.362728
v -2.189065 1.9367180000000004 5.545207
v -2.144454 1.9177780000000002 5.362726
v -2.167144 1.9379790000000003 5.545205
v -2.07934 -3.947231 0.7974830000000003
v -2.068994 -3.919406 0.7974840000000002
v -2.180837 -3.786197 0.7974830000000003
v -2.210079 -3.791324 0.7974830000000003
v -2.121741 -3.624995 0.7974830000000003
v -2.140648 -3.602112 0.7974830000000003
v -2.04473 -3.8535339999999993 4.899193
v -2.010092 -3.7583689999999996 5.015718
v -2.110899 -3.7743259999999994 4.899193
v -2.056047 -3.8846279999999997 4.694443
v -2.144291 -3.7797619999999994 4.694443
v -2.078813 -3.9471769999999995 4.596998
v -2.210722 -3.7900309999999995 4.596998
v -2.056047 -3.8846279999999997 4.694443
v -1.87827 -3.9154089999999995 4.596998
v -1.922064 -3.8632079999999998 4.694443
v -2.04473 -3.8535339999999993 4.899193
v -1.944102 -3.8371729999999995 4.899193
v -2.010092 -3.7583689999999996 5.015718
v -1.922064 -3.8632079999999998 4.694443
v -1.809493 -3.7264479999999995 4.596998
v -1.87606 -3.7368119999999996 4.694443
v -1.90901 -3.7422169999999997 4.899193
v -1.944102 -3.8371729999999995 4.899193
v -2.010092 -3.7583689999999996 5.015718
v -2.144291 -3.7797619999999994 4.694443
v -2.098122 -3.6536209999999993 4.694443
v -2.141932 -3.6014089999999994 4.596998
v -2.110899 -3.7743259999999994 4.899193
v -2.076369 -3.6795489999999997 4.899193
v -2.010092 -3.7583689999999996 5.015718
v -1.964103 -3.6320109999999994 4.694443
v -1.941382 -3.5695909999999995 4.596998
v -2.098122 -3.6536209999999993 4.694443
v -1.975481 -3.6632759999999998 4.899192
v -2.076369 -3.6795489999999997 4.899193
v -2.010092 -3.7583689999999996 5.015718
v -1.87606 -3.7368119999999996 4.694443
v -1.809493 -3.7264479999999995 4.596998
v -1.964103 -3.6320109999999994 4.694443
v -1.90901 -3.7422169999999997 4.899193
v -1.975481 -3.6632759999999998 4.899192
v -2.010092 -3.7583689999999996 5.015718
v -4.820017 2.091429 -7.800000000012806E-05
v -4.8569 0.894041 -7.800000000005474E-05
v -4.56743 0.868713 0.767649
v -4.567365 3.465975 0.7676489999999998
v -4.868335 3.171788 -7.800000000019422E-05
v -4.856835 3.491299 -7.800000000021378E-05
v -4.39314 1.127829 1.810196
v -4.245149 0.9616190000000001 1.810196
v -4.21314 0.975657 0.7680989999999999
v -4.375498 1.158 0.7680989999999999
v -4.610566 1.175314 1.810196
v -4.500952 1.203083 0.7680989999999999
v -4.615037 1.220248 0.4636989999999999
v -4.814376 1.085927 1.810196
v -4.854992 1.131545 -0.011085000000000069
v -4.780715 1.178782 -0.011085000000000072
v -4.92672 0.8938160000000002 1.810196
v -4.986396 0.906848 -0.011085000000000055
v -4.90469 0.6723560000000001 1.810196
v -4.960625 0.647824 -0.01108500000000004
v -4.756698 0.5061460000000001 1.810196
v -4.787534 0.453415 -0.011085000000000027
v -4.539272 0.4586610000000001 1.810196
v -4.533228 0.397885 -0.011085000000000024
v -4.335461 0.5480500000000001 1.810196
v -4.294845 0.502434 -0.01108500000000003
v -4.223117 0.7401580000000001 1.810196
v -4.188973 0.732701 0.768099
v -4.163441 0.727127 -0.011085000000000044
v -4.245149 0.9616190000000001 1.810196
v -4.21314 0.975657 0.7680989999999999
v -2.948923 -1.5973219999999997 2.647546
v -3.04902 -1.6185989999999997 2.647546
v -2.995514 -1.6242229999999998 2.566817
v -2.92704 -1.5481729999999998 2.566817
v -2.938225 -1.4955489999999998 2.647546
v -2.978207 -1.4595489999999998 2.566817
v -3.031713 -1.4539249999999997 2.647546
v -3.078305 -1.4808249999999998 2.566817
v -3.100188 -1.5299739999999997 2.647546
v -3.089002 -1.5825999999999998 2.566817
v -3.04902 -1.6185989999999997 2.647546
v -2.995514 -1.6242229999999998 2.566817
v -3.568437 1.0234130000000001 3.15521
v -3.568437 1.0234130000000001 3.224216
v -3.360384 0.8777510000000002 3.224216
v -3.360384 0.8777500000000003 3.15521
v -3.568437 1.0234120000000002 2.685166
v -3.360384 0.8777520000000001 2.685166
v -1.055444 0.5102620000000002 2.9317
v -0.941371 0.5002810000000002 3.033378
v -0.980462 0.5461090000000002 2.996233
v -1.051767 0.5523480000000002 2.9317
v -1.131101 0.5168810000000003 2.811165
v -1.127417 0.5589660000000002 2.811165
v -1.146467 0.5182250000000002 2.68846
v -1.143911 0.5604090000000002 2.68846
v -1.143911 0.560409 0.763007
v -1.146467 0.518225 0.757915
v 2.035517 -2.017851 1.6193230000000003
v 1.991836 -1.988841 1.5368370000000002
v 2.026629 -1.979517 1.5368370000000002
v 2.069399 -2.008773 1.6193230000000003
v 2.035521 -2.01785 1.9198750000000002
v 2.069399 -2.008773 1.9198750000000002
v 2.066374 -1.9974769999999997 2.014663
v 2.032492 -2.006556 2.014663
v 2.017608 -1.9509959999999997 2.106027
v 2.051489 -1.9419189999999997 2.106027
v 2.004233 -1.9010829999999999 2.152169
v 2.029036 -1.8581219999999998 2.183098
v 0.729392 -2.242354 1.6193230000000003
v 0.700382 -2.286035 1.5368370000000002
v 0.691059 -2.251242 1.5368370000000002
v 0.720314 -2.208472 1.6193230000000003
v 0.729392 -2.24235 1.9198750000000002
v 0.720314 -2.208472 1.9198750000000002
v 0.709018 -2.211496 2.014663
v 0.718097 -2.245379 2.014663
v 0.662538 -2.260263 2.106027
v 0.65346 -2.226382 2.106027
v 0.612624 -2.273638 2.152169
v 0.569664 -2.248835 2.183098
v 3.398813 1.376067 1.348962
v 3.377039 1.400672 1.299209
v 3.398763 1.400672 1.299209
v 3.419969 1.376067 1.348962
v 3.398813 1.376067 1.530247
v 3.419969 1.376067 1.530247
v 3.419973 1.383121 1.58742
v 3.398813 1.383121 1.58742
v 3.398813 1.417815 1.642529
v 3.419973 1.417815 1.642529
v 3.398813 1.448982 1.67036
v 3.419973 1.470141 1.689016
v 2.52481 1.449287 1.348962
v 2.500205 1.427513 1.299209
v 2.500206 1.449237 1.299209
v 2.52481 1.470443 1.348962
v 2.52481 1.449287 1.530247
v 2.52481 1.470443 1.530247
v 2.517757 1.470447 1.58742
v 2.517757 1.449287 1.58742
v 2.483062 1.449287 1.642529
v 2.483062 1.470447 1.642529
v 2.451896 1.449287 1.67036
v 2.430736 1.470447 1.689016
v 2.45159 0.5838380000000001 1.348962
v 2.473364 0.5592320000000001 1.299209
v 2.45164 0.5592330000000001 1.299209
v 2.430434 0.5838380000000001 1.348962
v 2.45159 0.5838380000000001 1.530247
v 2.430434 0.5838380000000001 1.530247
v 2.43043 0.5767840000000001 1.58742
v 2.45159 0.5767840000000001 1.58742
v 2.45159 0.5420890000000002 1.642529
v 2.43043 0.5420890000000002 1.642529
v 2.45159 0.5109230000000001 1.67036
v 2.43043 0.4897630000000001 1.689016
v -4.023659 1.5595710000000003 2.468191
v -4.031109 1.4743990000000002 2.544148
v -4.003033 1.4997770000000001 2.516399
v -3.997998 1.5573270000000001 2.468191
v -4.018721 1.6160440000000003 2.378147
v -3.993057 1.6137990000000002 2.378147
v -3.992133 1.6243700000000003 2.285636
v -4.017715 1.6275250000000003 2.28473
v -4.017715 1.627525 0.7592339999999999
v -3.992133 1.62437 0.7629759999999999
v -1.354485 3.545717 0.7810559999999998
v -1.361864 3.712143 -0.0038600000000002274
v -1.473609 3.705519 -0.003860000000000227
v -1.46566 3.539124 0.7810569999999998
v -1.352019 3.504143 0.8377079999999998
v -1.463094 3.497557 0.8377089999999998
v -0.456785 3.582665 0.7810559999999998
v -0.462221 3.749192 -0.0038600000000002296
v -0.574056 3.744313 -0.0038600000000002296
v -0.56805 3.577809 0.7810569999999998
v -0.454969 3.541058 0.8377079999999998
v -0.566133 3.536206 0.8377089999999998
v 0.424483 3.279944 0.7810559999999998
v 0.497792 3.434119 -0.0038600000000002105
v 0.39634 3.481429 -0.0038600000000002135
v 0.323547 3.327011 0.7810569999999998
v 0.406882 3.242199 0.8377079999999998
v 0.306037 3.289223 0.8377089999999998
v 0.945715 3.180802 0.7810559999999998
v 0.945714 3.341156 -0.003860000000000205
v 0.833773 3.341158 -0.003860000000000205
v 0.834343 3.180802 0.7810569999999998
v 0.945715 3.139154 0.8377079999999998
v 0.834444 3.139154 0.8377089999999998
v 1.334806 3.180802 0.7810559999999998
v 1.334806 3.341156 -0.003860000000000205
v 1.222865 3.341158 -0.003860000000000205
v 1.223435 3.180802 0.7810569999999998
v 1.334806 3.139155 0.8377079999999998
v 1.223536 3.139155 0.8377089999999998
v 2.288191 -3.427199 1.6193230000000003
v 2.317201 -3.383518 1.5368370000000002
v 2.326525 -3.418311 1.5368370000000002
v 2.297269 -3.461081 1.6193230000000003
v 2.288192 -3.427203 1.9198750000000002
v 2.297269 -3.461081 1.9198750000000002
v 2.308565 -3.458056 2.014663
v 2.299486 -3.424174 2.014663
v 2.355046 -3.40929 2.106027
v 2.364124 -3.443171 2.106027
v 2.404959 -3.395915 2.152169
v 2.447919 -3.420718 2.183098
v -1.944052 -0.8817059999999999 2.12709
v -1.93336 -0.9216109999999998 2.172431
v -2.501409 -1.059764 1.596259
v -2.511546 -1.021934 1.553964
v -1.954748 -0.8417929999999999 2.109661
v -2.521683 -0.9840999999999999 1.537706
v -1.964221 -0.8064379999999999 2.060107
v -2.530665 -0.9505759999999999 1.491481
v -1.967618 -0.7937569999999999 1.996392
v -2.533885 -0.9385599999999998 1.432047
v -1.960151 -0.8216239999999999 1.933815
v -2.526806 -0.9649759999999998 1.373674
v -1.960151 -0.8216239999999999 1.529192
v -2.526806 -0.9649759999999998 0.9962370000000002
v -3.833249 2.735716 2.46819
v -3.918466 2.743174 2.544148
v -3.895223 2.713306 2.516399
v -3.835666 2.708095 2.46819
v -3.776733 2.730772 2.378147
v -3.77915 2.70315 2.378147
v -3.765253 2.729772 2.28473
v -3.768987 2.702261 2.285636
v -3.768865 2.703646 0.7620029999999999
v -3.765253 2.729772 0.7592339999999997
v 0.983479 -3.652797 1.6193230000000003
v 1.02716 -3.681807 1.5368370000000002
v 0.992367 -3.69113 1.5368370000000002
v 0.949597 -3.661875 1.6193230000000003
v 0.983475 -3.652797 1.9198750000000002
v 0.949597 -3.661875 1.9198750000000002
v 0.952622 -3.673171 2.0146620000000004
v 0.986504 -3.664092 2.0146630000000005
v 1.001388 -3.719651 2.1060260000000004
v 0.967507 -3.728729 2.1060260000000004
v 1.014763 -3.769565 2.1521690000000007
v 0.98996 -3.812526 2.1830970000000005
v 3.443984 0.484633 0.34889999999999993
v 3.492026 0.57499 0.34889999999999993
v 3.453326 0.537617 0.26817099999999994
v 3.467568 0.436278 0.268171
v 3.515071 0.41102 0.3489
v 3.568348 0.418507 0.268171
v 3.607049 0.455881 0.34889999999999993
v 3.616391 0.508864 0.26817099999999994
v 3.592806 0.557219 0.34889999999999993
v 3.545303 0.582477 0.26817099999999994
v 3.492026 0.57499 0.34889999999999993
v 3.453326 0.537617 0.26817099999999994
v -0.717149 3.060082 2.9317
v -0.707169 3.174154 3.033378
v -0.75399 3.13469 2.996233
v -0.760188 3.063842 2.9317
v -0.723768 2.984425 2.811166
v -0.766807 2.988191 2.811166
v -0.725112 2.969059 2.68846
v -0.76825 2.971698 2.68846
v -0.76825 2.971698 0.7630069999999998
v -0.725112 2.969059 0.7579149999999998
v -4.364666 -1.45441 0.05787300000000009
v -3.629156 -1.257328 0.7064850000000001
v -3.629156 -1.257328 0.7654900000000001
v -3.629156 -1.257328 0.9643800000000001
v -4.431069 -1.472202 0.05958800000000009
v -4.431069 -1.472202 0.2584780000000001
v -2.513233 -0.8907199999999998 1.000884
v -1.978582 -0.7474589999999999 1.668479
v -1.492048 -0.6170939999999999 1.668479
v -1.492049 -0.617093 -0.0026089999999999625
v -2.780539 -0.9623449999999999 0.9643520000000001
v -4.447968 -1.409134 -0.002608999999999914
v -3.363821 3.3621780000000006 7.687389
v -3.375834 3.2248660000000005 7.468548
v -3.251111 3.2830090000000003 7.468549
v -3.221872 3.2608010000000003 7.201131
v -3.37899 3.1887920000000003 7.20113
v -3.351912 3.4982850000000005 6.813713
v -3.239181 3.4193710000000004 6.813714
v -3.072501 3.5067630000000003 6.659747
v -3.335161 3.6897540000000006 6.659746
v -3.476571 3.4401400000000004 6.813714
v -3.62569 3.5534440000000003 6.659747
v -3.488501 3.3037780000000003 6.813714
v -3.655176 3.2163870000000006 6.659747
v -3.375834 3.2248660000000005 6.813713
v -3.392585 3.0333970000000003 6.659746
v -3.251111 3.2830090000000003 6.813714
v -3.10199 3.1697030000000006 6.659747
v -3.239181 3.4193710000000004 6.813714
v -3.072501 3.5067630000000003 6.659747
v -4.11065 -2.612972 0.06216000000000016
v -4.110474 -2.612105 0.00249800000000016
v -4.455888 -2.581886 0.0025290000000001583
v -4.455967 -2.582759 0.06234200000000016
v -4.183005 -3.440015 0.7680950000000002
v -4.528337 -3.409797 0.7681000000000002
v -1.458968 -0.6519849999999999 1.689943
v -1.477163 -0.5840829999999999 1.752366
v -1.497351 -0.6185149999999999 1.729562
v -1.486408 -0.6593389999999999 1.689943
v -1.446901 -0.6970209999999999 1.615945
v -1.474345 -0.7043759999999999 1.615945
v -1.444449 -0.7061689999999999 1.539174
v -1.471894 -0.7135229999999999 1.539174
v -1.471894 -0.7135229999999999 1.097647
v -1.444449 -0.7061689999999999 1.097647
v 3.325409 0.5106170000000001 1.348962
v 3.350014 0.5323910000000001 1.299209
v 3.350014 0.5106660000000001 1.299209
v 3.325409 0.48946000000000006 1.348962
v 3.325409 0.5106170000000001 1.530247
v 3.325409 0.4894600000000001 1.530247
v 3.332463 0.4894570000000001 1.58742
v 3.332463 0.5106170000000001 1.58742
v 3.367157 0.5106170000000001 1.642528
v 3.367157 0.4894560000000001 1.642528
v 3.398324 0.5106170000000001 1.67036
v 3.419484 0.4894570000000001 1.689016
v -0.938987 3.570629 0.7810559999999998
v -0.944424 3.737156 -0.003860000000000229
v -1.056259 3.732277 -0.0038600000000002287
v -1.050252 3.565773 0.7810569999999998
v -0.937171 3.529022 0.8377069999999998
v -1.048336 3.52417 0.8377089999999998
v 0.07937 3.448145 0.7810559999999998
v 0.152679 3.60232 -0.003860000000000221
v 0.051226 3.64963 -0.0038600000000002235
v -0.021567 3.495213 0.7810569999999998
v 0.061769 3.4104 0.8377069999999998
v -0.039076 3.457424 0.8377089999999998
v 0.672115 0.705448 0.707964
v 0.672135 -0.055484 -0.005336999999999996
v 1.039515 -0.055354 -0.005294999999999997
v 1.039487 0.70562 0.708185
v 0.672515 0.705101 0.768099
v 1.039481 0.704968 0.768102
v -3.258432 -0.021040999999999897 1.673923
v -3.258432 -0.09133899999999989 1.736345
v -3.23002 -0.062269999999999895 1.713542
v -3.230024 -0.021037999999999897 1.673923
v -3.258432 0.025586000000000098 1.599924
v -3.23002 0.025586000000000098 1.599924
v -3.258432 0.03505400000000009 1.523154
v -3.230021 0.03505700000000009 1.523154
v -3.230021 0.03505700000000007 1.081627
v -3.258432 0.03505400000000007 1.081627
v -1.043936 -0.17151599999999992 1.221186
v -1.043936 -0.062270999999999896 1.708852
v -1.043936 -0.062270999999999965 0.571909
v -1.043936 -0.2742269999999999 1.436457
v -1.043936 -0.3825069999999999 1.845584
v -1.043936 -0.3825069999999999 1.513497
v -1.043936 -0.7022629999999999 1.888663
v -1.043936 -0.7022629999999999 1.596696
v -1.043936 -1.0220029999999998 1.845584
v -1.043936 -1.022003 1.513497
v -1.043936 -1.365406 1.708852
v -1.043936 -1.130764 1.436457
v -1.043937 -1.237346 1.221186
v -1.043936 -1.365406 0.5719090000000001
v 2.452785 0.7040600000000001 1.179443
v 2.452785 1.404677 1.179443
v 2.124262 1.404677 1.179443
v 2.124263 1.137684 1.179443
v 1.235743 1.136772 1.179443
v 1.233082 0.7040600000000001 1.179443
v 1.275025 -1.6116629999999998 2.109515
v 1.174161 -1.6116639999999998 1.920364
v 1.446869 -1.6116629999999998 2.223621
v 1.891419 -1.6116629999999998 1.920365
v 1.790555 -1.6116629999999998 2.109515
v 1.618712 -1.6116629999999998 2.223621
v 1.790556 0.6002050000000001 2.109515
v 1.891421 0.6002050000000001 1.920364
v 1.618713 0.6002050000000001 2.223621
v 1.174161 0.6002090000000001 1.920364
v 1.275026 0.6002090000000001 2.109515
v 1.44687 0.6002050000000001 2.223621
v 4.395736 3.801284 -0.8825100000000002
v 4.340221 3.743796 -0.8825100000000002
v 4.340221 3.743796 1.1984319999999997
v 4.395736 3.801284 1.1984319999999997
v 4.350343 3.754285 1.3928919999999998
v 4.308254 3.71069 1.4143589999999997
v 3.60791 3.790078 -0.8825100000000002
v 3.654886 3.725424 -0.8825100000000002
v 3.654886 3.725424 1.1984319999999997
v 3.60791 3.790078 1.1984319999999997
v 3.646314 3.737213 1.3928919999999998
v 3.681938 3.688194 1.4143589999999997
v 3.807296 2.74746 -0.8825100000000002
v 3.8398 2.820469 -0.8825100000000002
v 3.8398 2.820469 1.1984319999999997
v 3.807296 2.74746 1.1984319999999997
v 3.833877 2.807151 1.3928919999999998
v 3.858517 2.862512 1.4143589999999997
v 4.543825 3.02723 -0.8825100000000002
v 4.477569 3.071918 -0.8825100000000002
v 4.477569 3.071918 1.1984319999999997
v 4.543825 3.02723 1.1984319999999997
v 4.489656 3.063772 1.3928919999999998
v 4.439414 3.097651 1.4143589999999997
v 4.26509 -2.574979 -2.08355
v 4.232586 -2.647988 -2.08355
v 4.232586 -2.647988 -0.002607999999999838
v 4.26509 -2.574979 -0.002607999999999842
v 4.23851 -2.63467 0.19185200000000016
v 4.21387 -2.690032 0.21331900000000018
v 3.528609 -2.854963 -2.08355
v 3.594865 -2.899651 -2.08355
v 3.594865 -2.899651 -0.0026079999999998227
v 3.528609 -2.854963 -0.0026079999999998253
v 3.582778 -2.891504 0.19185200000000016
v 3.633019 -2.925383 0.21331900000000018
v 4.072567 -3.766509 -2.0835499999999993
v 4.07814 -3.686785 -2.0835499999999993
v 4.07814 -3.686785 -0.002607999999999774
v 4.072567 -3.766509 -0.0026079999999997694
v 4.077129 -3.701327 0.19185200000000022
v 4.081348 -3.640877 0.21331900000000023
v -3.798028 0.9221220000000002 3.15521
v -3.798028 0.922118 0.7675409999999999
v -3.821122 0.658152 0.767541
v -3.821122 0.6581560000000002 3.155211
v -3.821122 0.6581560000000002 3.224216
v -3.798028 0.9221220000000002 3.224216
v -3.798028 0.9221220000000002 3.224216
v -3.568437 1.0234130000000001 3.224216
v -3.568437 1.0234130000000001 3.15521
v -3.798028 0.9221220000000002 3.15521
v -3.798028 0.922118 0.7675409999999999
v -3.568437 1.023409 0.7675399999999999
v -3.612703 0.5174530000000003 3.224217
v -3.821122 0.6581560000000002 3.224216
v -3.821122 0.6581560000000002 3.155211
v -3.612703 0.5174520000000002 3.155211
v -3.612703 0.517448 0.767541
v -3.821122 0.658152 0.767541
v -3.382516 0.6247710000000002 3.224216
v -3.612703 0.5174530000000003 3.224217
v -3.612703 0.5174520000000002 3.155211
v -3.382516 0.6247710000000002 3.155211
v -3.382516 0.624767 0.767541
v -3.612703 0.517448 0.767541
v -3.360384 0.8777510000000002 3.224216
v -3.382516 0.6247710000000002 3.224216
v -3.382516 0.6247710000000002 3.155211
v -3.360384 0.8777500000000003 3.15521
v -3.360384 0.877748 0.767541
v -3.382516 0.624767 0.767541
v -4.567365 3.465975 0.7676489999999998
v -4.56743 0.868713 0.767649
v -4.24707 0.839897 0.76765
v -3.944267 3.411459 0.7676489999999998
v -3.806421 0.801342 0.76765
v -3.568568 1.021899 0.7675829999999999
v -2.586735 3.594183 0.7676479999999998
v -3.91811 3.710432 0.7676489999999998
v -2.612708 3.297306 0.7676479999999998
v -4.739541 3.846205 0.0034399999999997644
v -4.771246 3.483808 0.0034709999999997868
v -4.771161 3.483805 0.06320799999999979
v -4.745003 3.782778 0.06311999999999976
v -3.918054 3.710428 0.7676489999999998
v -3.943947 3.411432 0.7676489999999998
v -4.359021 -1.741092 0.05973500000000011
v -3.55668 -1.526199 0.7684890000000001
v -3.629156 -1.257328 0.7654900000000001
v -4.431069 -1.472202 0.05958800000000009
v -4.431068 -1.472206 -0.00260899999999991
v -4.359021 -1.741092 -0.0026089999999998935
v -0.491475 1.723724 0.7709929999999999
v -0.883183 1.723725 0.7709619999999999
v -0.883263 1.723725 0.8306239999999999
v -0.535917 1.723724 0.8307149999999999
v -0.535917 0.8947490000000001 1.529168
v -0.951897 0.8949200000000002 1.530589
v -4.745003 3.782778 0.2550079999999998
v -4.745003 3.782778 0.06311999999999976
v -4.676186 3.776756 0.06139799999999977
v -3.918186 3.71044 0.7080159999999998
v -3.918082 3.71043 0.7676489999999998
v -3.918082 3.71043 0.9595369999999998
v -4.706512 -0.13309199999999993 0.782489
v -4.670878 0.35318000000000005 0.672277
v -4.632702 0.32733200000000007 0.538646
v -4.722209 -0.14693099999999998 0.640121
v -4.088195 0.11878600000000006 0.814711
v -4.095598 0.42324500000000004 0.674491
v -4.670878 0.35318000000000005 0.672277
v -4.255418 0.507321 0.661267
v -4.107755 0.742874 0.726343
v -3.71982 0.035271000000000045 0.743329
v -3.858753 0.606339 0.809946
v -3.821688 0.28236000000000006 0.682171
v -3.246376 0.08770400000000006 0.820552
v -3.617688 0.46045600000000003 0.675281
v -3.256922 0.613259 0.693237
v -0.242686 2.50668 1.5433319999999997
v -0.171216 2.831621 1.5669299999999997
v -0.775877 2.884524 1.5540379999999998
v -0.74279 2.550432 1.5196449999999997
v -0.833388 2.227165 1.5540379999999998
v -0.229316 2.16754 1.5669299999999997
v -3.386006 3.108598 3.155209
v -3.386006 3.108598 3.224214
v -3.594519 3.248219 3.224215
v -3.594519 3.248219 3.155209
v -3.594519 3.248219 0.7675379999999998
v -3.386006 3.108598 0.7675379999999998
v -3.571425 3.512184 3.155209
v -3.571425 3.512184 3.224214
v -3.34174 3.614558 3.224214
v -3.34174 3.614558 3.155209
v -3.34174 3.614558 0.7675379999999998
v -3.571425 3.512184 0.7675379999999998
v -3.34174 3.614558 3.155209
v -3.34174 3.614558 3.224214
v -3.133686 3.468899 3.224214
v -3.133686 3.468899 3.155209
v -3.133686 3.468899 0.7675379999999998
v -3.34174 3.614558 0.7675379999999998
v -3.133686 3.468899 3.155209
v -3.133686 3.468899 3.224214
v -3.155818 3.215919 3.224214
v -3.155818 3.215919 3.155209
v -3.155819 3.215918 0.7675379999999998
v -3.133686 3.468899 0.7675379999999998
v -3.155818 3.215919 3.155209
v -3.155818 3.215919 3.224214
v -3.386006 3.108598 3.224214
v -3.386006 3.108598 3.155209
v -3.386006 3.108598 2.685164
v -3.155819 3.215918 2.685165
v -4.373285 -1.744915 0.7689380000000001
v -4.413754 -2.202465 0.7688320000000001
v -4.077414 -2.231887 0.7688330000000001
v -3.233712 -1.43971 0.7688930000000002
v -2.223082 -3.989513 0.7680670000000003
v -4.215932 -3.815162 0.7682040000000002
v -1.703546 -3.671768 0.7579060000000002
v -1.818824 -3.985652 0.7582580000000002
v -2.111406 -4.033523 0.7580580000000002
v -1.477163 -0.5840829999999999 1.097647
v -1.599179 -0.6167749999999999 1.097647
v -1.477163 -0.5840829999999999 1.752366
v -1.599179 -0.6167749999999999 1.539174
v -1.59003 -0.6143219999999999 1.615945
v -1.545032 -0.6022679999999999 1.689943
v 4.668992 -3.251704 -2.08355
v 4.591447 -3.232372 -2.08355
v 4.591447 -3.232372 -0.0026079999999998023
v 4.668992 -3.251704 -0.002607999999999801
v 4.605592 -3.235893 0.1918520000000002
v 4.546793 -3.22124 0.2133190000000002
v 3.082003 1.960078 0.8802279999999999
v 3.236374 2.319748 0.7275069999999999
v 2.764678 2.145142 0.9080229999999999
v 3.313888 2.130543 0.6653629999999999
v 3.646233 2.217583 0.5888039999999999
v 3.919967 2.57407 0.7430909999999998
v 3.760983 3.933224 0.9103679999999997
v 3.056643 3.853916 0.9103679999999997
v 2.995941 3.456696 0.9103679999999997
v 4.302834 3.907279 0.9103679999999997
v 4.644761 3.156159 0.9103679999999997
v 4.599795 3.620968 0.9103679999999997
v 3.995724 2.593541 0.9103679999999998
v 4.392231 2.789347 0.9103679999999997
v 2.818314 2.450594 0.9103679999999998
v 2.764678 2.145142 0.9103679999999998
v 0.59359 3.115053 1.1202389999999998
v 1.491094 3.115053 1.1202389999999998
v 1.518158 3.259142 0.004464999999999801
v 0.637052 3.259142 0.004464999999999801
v -0.212814 3.680891 -7.800000000022539E-05
v -0.226967 3.519104 1.1202379999999998
v -1.58662 3.463957 1.1202379999999998
v -1.58459 3.62525 -7.800000000022198E-05
v 1.915765 -0.1624439999999999 1.920364
v 1.891421 0.6002050000000001 1.920364
v 1.790556 0.6002050000000001 2.109515
v 1.815136 -0.15555399999999986 2.114886
v 1.865399 -0.8980109999999999 1.920365
v 1.618713 0.6002050000000001 2.223621
v 1.76477 -0.8911209999999999 2.114886
v 1.891419 -1.6116629999999998 1.920365
v 1.790555 -1.6116629999999998 2.109515
v 1.643694 -0.14381499999999986 2.24126
v 1.44687 0.6002050000000001 2.223621
v 1.593329 -0.8793819999999999 2.24126
v 1.618712 -1.6116629999999998 2.223621
v 1.472253 -0.13207599999999986 2.24126
v 1.275026 0.6002090000000001 2.109515
v 1.421887 -0.8676429999999999 2.24126
v 1.446869 -1.6116629999999998 2.223621
v 1.300811 -0.12033499999999987 2.114885
v 1.174161 0.6002090000000001 1.920364
v 1.200182 -0.11344399999999989 1.920364
v 1.250445 -0.8559029999999999 2.114885
v 1.275025 -1.6116629999999998 2.109515
v 1.149816 -0.8490129999999999 1.920364
v 1.174161 -1.6116639999999998 1.920364
v -0.264186 -2.095678 1.2676870000000002
v -0.170795 -2.570115 1.4158410000000001
v 0.240264 -2.535729 1.2676870000000002
v 0.124062 -2.09783 1.2676870000000002
v -0.432429 -1.584162 1.415841
v 0.703364 -2.574961 1.4158410000000001
v -2.763638 -1.025417 0.9643570000000001
v -2.763638 -1.025417 0.8251860000000001
v -2.563159 -0.9716979999999998 1.200115
v -2.496333 -0.9537919999999999 1.000894
v -2.496333 -0.9537919999999999 1.199785
v -2.696812 -1.007507 0.8234720000000001
v -3.138768 3.1966530000000004 6.164621
v -3.11342 3.4863720000000002 6.164621
v -3.388552 3.0794920000000006 6.16462
v -3.589 3.5255010000000007 6.164621
v -3.614172 3.2377550000000004 6.164621
v -3.339194 3.6436630000000005 6.16462
v -3.819501 0.936789 0.7262149999999999
v -3.844876 0.647106 0.726215
v -3.566239 1.048527 0.7262149999999999
v -3.362537 0.610085 0.726215
v -3.338187 0.888369 0.726215
v -3.614932 0.49196000000000006 0.726215
v -3.611541 0.5307220000000004 5.562617
v -3.400363 0.6290290000000003 5.562617
v -3.803813 0.6664320000000004 5.562617
v -3.569631 1.0097610000000004 5.562617
v -3.782433 0.9107570000000004 5.562617
v -3.378841 0.8750370000000003 5.562617
v -1.444449 -0.7061689999999999 1.539174
v -1.444449 -0.7061689999999999 1.097647
v -1.446901 -0.6970209999999999 1.615945
v -1.477163 -0.5840829999999999 1.752366
v -1.458968 -0.6519849999999999 1.689943
v -1.477163 -0.5840829999999999 1.097647
v 2.452785 1.448765 1.299209
v 2.452785 1.404677 1.179443
v 2.452785 1.446192 1.534564
v 2.452785 0.510815 -0.00983800000000003
v 2.452785 0.5108150000000001 1.534564
v 2.452785 0.70406 -0.009838000000000043
v -0.491475 1.723724 0.9612519999999999
v -0.491475 0.8945750000000001 1.658193
v -0.491475 1.723724 0.7709929999999999
v -0.491475 0.161743 -0.010193000000000011
v -0.491475 0.89135 -0.010193000000000054
v -0.491475 0.1617430000000001 1.67461
v 2.170415 -2.527843 1.6520270000000001
v 2.404749 -2.151931 1.7249140000000003
v 2.046185 -2.058902 1.7967170000000001
v 2.524699 -2.743331 1.6908100000000001
v 2.358907 -3.232433 1.7838260000000001
v 2.729226 -2.316054 1.7967180000000003
v -1.806568 -1.5449819999999999 2.868646
v -1.861223 -1.1908259999999997 2.940041
v -2.175522 -1.3194269999999997 2.90275
v -2.094449 -1.6219939999999997 2.801021
v -2.505311 -1.3634069999999998 2.94004
v -1.669879 -1.9049299999999998 2.927149
v -2.378136 -1.6981279999999999 2.868646
v -2.012443 -1.9280469999999998 2.879064
v -2.313966 -2.077514 2.927149
v 2.456421 1.136485 0.7680599999999999
v 2.808269 1.443762 0.7680989999999999
v 1.235743 1.136772 0.7680599999999999
v 2.554331 2.063998 0.7680989999999999
v 1.341228 2.287788 0.7680989999999999
v 1.481207 3.051588 0.7680989999999998
v 0.588036 3.051588 0.7680989999999998
v -0.232521 3.455639 0.7680989999999998
v -1.584095 3.40082 0.7680979999999997
v 1.039481 0.704968 0.768102
v 1.233082 0.70406 0.768099
v 0.223482 0.888121 0.768099
v -0.959464 0.893623 0.768099
v 0.672515 0.705101 0.768099
v 3.966509 2.753866 -0.8890690000000002
v 4.344152 2.860547 -0.8890690000000002
v 4.344152 2.860547 1.1984319999999997
v 4.300372 2.921316 1.4841569999999997
v 3.972032 2.828569 1.4841569999999997
v 3.966509 2.753866 1.1984319999999997
v 3.60865 2.914896 -0.8890690000000002
v 3.660883 2.968562 1.4841569999999997
v 3.60865 2.914896 1.1984319999999997
v 3.438012 3.268273 -0.8890690000000002
v 3.512527 3.275808 1.4841569999999997
v 3.438012 3.268273 1.1984319999999997
v 3.534446 3.648662 -0.8890690000000002
v 3.596374 3.606539 1.4841569999999997
v 3.534446 3.648662 1.1984319999999997
v 3.852827 3.878071 -0.8890690000000002
v 3.873188 3.806 1.4841569999999997
v 3.852827 3.878071 1.1984329999999999
v 4.244184 3.849153 -0.8890690000000002
v 4.213458 3.780859 1.4841579999999999
v 4.244184 3.849153 1.1984319999999997
v 4.525397 3.575448 -0.8890690000000002
v 4.457947 3.54288 1.4841569999999997
v 4.525397 3.575448 1.1984319999999997
v 4.564877 3.185016 -0.8890700000000002
v 4.492276 3.203416 1.4841569999999997
v 4.564877 3.185016 1.1984319999999997
v 4.344152 2.860547 -0.8890690000000002
v 4.300372 2.921316 1.4841569999999997
v 4.344152 2.860547 1.1984319999999997
v 4.219988 -3.706035 -2.0901099999999997
v 4.53837 -3.476626 -2.09011
v 4.53837 -3.476626 -0.002607999999999787
v 4.476444 -3.434496 0.28311700000000023
v 4.199627 -3.633948 0.28311700000000023
v 4.219988 -3.706035 -0.0026079999999997733
v 3.828635 -3.677112 -2.0901099999999997
v 3.859363 -3.608817 0.28311700000000023
v 3.828635 -3.677112 -0.002607999999999775
v 3.547425 -3.403407 -2.09011
v 3.61487 -3.370841 0.28311700000000023
v 3.547425 -3.403407 -0.0026079999999997915
v 3.507943 -3.012976 -2.09011
v 3.580543 -3.031378 0.2831170000000002
v 3.507943 -3.012976 -0.0026079999999998158
v 3.728661 -2.68851 -2.09011
v 3.772443 -2.74927 0.2831170000000002
v 3.728661 -2.68851 -0.0026079999999998353
v 4.106307 -2.581831 -2.09011
v 4.100792 -2.656516 0.2831170000000002
v 4.106307 -2.581831 -0.0026079999999998418
v 4.464173 -2.74285 -2.09011
v 4.411929 -2.796523 0.2831170000000002
v 4.464173 -2.74285 -0.0026079999999998322
v 4.634808 -3.096233 -2.09011
v 4.560292 -3.103774 0.2831170000000002
v 4.634808 -3.096233 -0.0026079999999998106
v 4.53837 -3.476626 -2.09011
v 4.476444 -3.434496 0.28311700000000023
v 4.53837 -3.476626 -0.002607999999999787
v 0.309012 2.160208 1.2259799999999998
v 0.356128 2.046462 1.2259799999999998
v 0.356128 2.273955 1.2259799999999998
v 0.583621 2.273955 1.2259799999999998
v 0.469875 2.32107 1.2259799999999998
v 0.583622 2.046461 1.2259799999999998
v 0.630737 2.160208 1.2259799999999998
v 0.469875 1.999346 1.2259799999999998
v 0.147354 2.160208 0.9199259999999999
v 0.241818 1.932152 0.9199259999999999
v 0.241818 2.388264 0.9199259999999999
v 0.697931 2.388264 0.9199259999999999
v 0.469875 2.482729 0.9199259999999999
v 0.697932 1.932152 0.9199259999999999
v 0.792396 2.160208 0.9199259999999999
v 0.469875 1.837687 0.9199259999999999
v 2.926149 -1.313388 0.5890450000000002
v 2.674815 -1.398803 0.6199340000000001
v 2.850343 -1.785785 0.9092670000000002
v 3.32825 -1.572394 0.6317070000000001
v 3.202359 -1.178989 0.6974770000000001
v 3.044286 -1.668857 0.7258800000000001
v 3.186483 -2.059551 0.5793800000000001
v 2.946097 -2.143695 0.6172410000000002
v 3.478143 -1.952174 0.6955160000000001
v 3.059886 -2.546161 0.5765860000000002
v 3.589517 -2.337654 0.6650590000000001
v 3.339769 -2.456534 0.5711940000000001
v -3.270558 2.530295 2.68846
v -3.412739 2.034894 2.68846
v -3.513963 2.33911 2.997056
v -3.243014 2.839952 2.99659
v -2.93917 2.925038 2.68846
v -2.798109 3.195355 2.997491
v -2.475876 3.15087 2.68846
v -3.412451 2.591669 3.394106
v -2.217827 3.341145 2.997056
v -1.960783 3.168735 2.68846
v -3.028685 3.050699 3.394104
v -2.515097 3.296627 3.396289
v -1.657772 3.238227 2.99659
v -1.482955 2.975546 2.68846
v -1.94626 3.322649 3.394106
v -1.182279 2.924923 2.997491
v -1.125014 2.604712 2.68846
v -1.391108 3.099512 3.394104
v -0.864307 2.418092 2.997056
v -0.948849 2.120349 2.68846
v -0.998509 2.687057 3.396289
v -0.789124 1.8536450000000002 2.99659
v -0.984925 1.6062130000000001 2.68846
v -0.797982 2.1541 3.394106
v -0.940157 1.3046080000000002 2.997491
v -1.226999 1.1511950000000002 2.68846
v -0.838645 1.5571670000000002 3.394104
v -1.323923 0.8455800000000002 2.997056
v -1.633217 0.8339790000000001 2.68846
v -1.109594 1.0563280000000002 3.396289
v -1.837511 0.5996500000000002 2.99659
v -2.133339 0.7094090000000001 2.68846
v -1.554499 0.7009240000000002 3.394106
v -2.406348 0.5736330000000002 2.997491
v -2.640891 0.7990280000000001 2.68846
v -2.134781 0.5551330000000002 3.394104
v -2.9615 0.7967680000000003 2.997056
v -3.068111 1.0873380000000001 2.68846
v -2.694836 0.6580520000000002 3.396289
v -3.354099 1.2092230000000002 2.99659
v -3.341131 1.5244890000000002 2.68846
v -3.170329 0.9713560000000002 3.394106
v -3.554626 1.7421780000000002 2.997491
v -3.412739 2.034894 2.68846
v -3.4883 1.4781860000000002 3.394104
v -3.534191 2.042166 2.997272
v -3.563484 2.042632 3.396289
v -3.217094 1.2973350000000001 3.820863
v -3.391819 1.7769280000000003 3.821586
v -3.35637 2.2861250000000006 3.821586
v -3.374067 2.0319280000000006 3.821586
v -3.139669 2.0175430000000003 4.157545
v -3.116878 2.7368780000000004 3.820863
v -3.028153 2.4033790000000006 4.156977
v -2.714751 3.0512560000000004 3.821586
v -2.769345 2.7105000000000006 4.157545
v -2.219522 3.1748920000000003 3.821586
v -2.407994 2.8858010000000003 4.157545
v -2.687418 2.3788520000000006 4.34329
v -2.818416 2.1337260000000002 4.343683
v -2.468043 2.5495020000000004 4.343683
v -2.828609 1.9922350000000002 4.343683
v -2.198225 2.6161740000000004 4.343683
v -2.838387 1.8565100000000003 4.343683
v -2.006582 2.8989740000000004 4.156977
v -1.924616 2.5673360000000005 4.34329
v -3.084611 1.6197070000000002 4.157545
v -2.743878 1.5951380000000002 4.34329
v -2.872498 1.2786600000000001 4.156977
v -2.55123 1.3948030000000002 4.343683
v -2.862407 0.9302740000000003 3.821586
v -2.540006 1.0533700000000001 4.157545
v -2.293754 1.2901460000000002 4.343683
v -2.389086 0.7392090000000002 3.821586
v -2.144627 0.9827960000000002 4.157545
v -2.01597 1.2992630000000003 4.34329
v -1.878974 0.7571790000000003 3.820863
v -1.754726 1.0791390000000003 4.156977
v -1.765909 1.4205740000000002 4.343683
v -1.420273 0.9810790000000003 3.821586
v -1.437719 1.3257400000000001 4.157545
v -1.586809 1.6331060000000002 4.343683
v -1.092296 1.3721910000000002 3.821586
v -1.24842 1.6799580000000003 4.157545
v -1.509638 1.9001100000000002 4.34329
v -0.951754 1.8628900000000002 3.820863
v -1.219561 2.0805480000000003 4.156977
v -1.547739 2.1754210000000005 4.343683
v -1.022948 2.3683310000000004 3.821586
v -1.356131 2.4582440000000005 4.157545
v -1.694525 2.4114330000000006 4.343683
v -1.293567 2.8011150000000002 3.821586
v -1.634517 2.7477370000000003 4.157545
v -1.71682 3.0864110000000005 3.820863
v -2.978207 -1.4595489999999998 2.566817
v -2.92704 -1.5481729999999998 2.566817
v -3.013614 -1.5390739999999998 2.516925
v -2.995514 -1.6242229999999998 2.566817
v -3.078305 -1.4808249999999998 2.566817
v -3.089002 -1.5825999999999998 2.566817
v -2.938225 -1.4955489999999998 2.647546
v -3.031713 -1.4539249999999997 2.647546
v -3.013614 -1.5390739999999998 2.697438
v -2.948923 -1.5973219999999997 2.647546
v -3.100188 -1.5299739999999997 2.647546
v -3.04902 -1.6185989999999997 2.647546
v 3.568348 0.418507 0.268171
v 3.467568 0.436278 0.268171
v 3.530187 0.496749 0.21827799999999997
v 3.453326 0.537617 0.26817099999999994
v 3.616391 0.508864 0.26817099999999994
v 3.545303 0.582477 0.26817099999999994
v 3.515071 0.41102 0.3489
v 3.607049 0.455881 0.34889999999999993
v 3.530187 0.496749 0.3987919999999999
v 3.443984 0.484633 0.34889999999999993
v 3.592806 0.557219 0.34889999999999993
v 3.492026 0.57499 0.34889999999999993
v 3.323263 0.8522690000000002 1.497879
v 3.327851 1.099795 1.497879
v 3.302877 0.9764530000000001 1.706987
v 3.216567 0.7777310000000001 1.7437
v 3.17406 0.6547130000000001 1.497879
v 3.223989 1.178236 1.7437
v 3.18607 1.302745 1.497879
v 3.049037 0.6403500000000001 1.706987
v 2.937231 0.5825860000000002 1.497879
v 3.155212 0.9791890000000001 1.895626
v 3.006009 0.7816330000000001 1.895626
v 2.833369 0.6610270000000001 1.7437
v 2.703238 0.6634390000000001 1.497879
v 2.944654 0.9830920000000001 1.965458
v 2.650943 0.7779040000000002 1.706987
v 2.561457 0.8663880000000002 1.497879
v 2.772015 0.8624860000000001 1.895626
v 2.603963 0.9894060000000001 1.7437
v 2.566044 1.113914 1.497879
v 2.776602 1.1100120000000002 1.895626
v 2.658747 1.199021 1.706987
v 2.715248 1.311471 1.497879
v 3.013431 1.1821390000000003 1.895626
v 2.84538 1.309059 1.7437
v 2.952076 1.383597 1.497879
v 3.061665 1.321731 1.706987
v -4.335461 0.5480500000000001 1.810196
v -4.223117 0.7401580000000001 1.810196
v -4.297487 0.6547480000000001 2.03785
v -4.452073 0.5368960000000002 2.077985
v -4.539272 0.4586610000000001 1.810196
v -4.270574 0.8472640000000001 2.077985
v -4.245149 0.9616190000000001 1.810196
v -4.411747 0.7215620000000001 2.243487
v -4.643486 0.5029990000000001 2.03785
v -4.756698 0.5061460000000001 1.810196
v -4.334886 1.0307090000000003 2.03785
v -4.39314 1.127829 1.810196
v -4.803341 0.6136020000000001 2.077985
v -4.90469 0.6723560000000001 1.810196
v -4.615246 0.6323130000000001 2.243487
v -4.894727 0.7851720000000001 2.03785
v -4.92672 0.8938160000000002 1.810196
v -4.763011 0.7982750000000001 2.243487
v -4.574915 0.8169870000000001 2.319246
v -4.838933 0.9713850000000002 2.077985
v -4.814376 1.085927 1.810196
v -4.650838 0.9900990000000001 2.243487
v -4.433745 0.9426860000000001 2.243487
v -4.704002 1.1113120000000003 2.03785
v -4.610566 1.175314 1.810196
v -4.509665 1.1157920000000001 2.077985
v 2.104509 -3.112106 1.8996600000000001
v 2.168556 -2.834688 1.8996600000000001
v 2.102905 -2.965633 2.162843
v 1.997349 -3.193357 2.183808
v 1.94161 -3.329474 1.8988330000000002
v 2.107859 -2.714684 2.183808
v 2.117432 -2.567908 1.8988330000000002
v 1.981004 -2.93749 2.439898
v 1.799061 -3.365727 2.183808
v 1.703687 -3.460536 1.8996600000000001
v 1.78748 -3.152168 2.502278
v 1.558862 -3.438561 2.162843
v 1.420054 -3.48535 1.8996600000000001
v 1.547958 -3.31393 2.439898
v 1.309665 -3.408543 2.183808
v 1.162986 -3.397595 1.8988330000000002
v 1.528224 -3.088362 2.623147
v 1.084458 -3.273225 2.183808
v 0.964817 -3.211817 1.8996600000000001
v 1.283986 -3.196216 2.502278
v 0.940963 -3.067289 2.162843
v 0.85357 -2.949734 1.8996600000000001
v 1.056124 -3.018406 2.439898
v 0.892506 -2.821013 2.183808
v 0.857591 -2.678129 1.8988330000000002
v 1.264554 -2.929933 2.623147
v 1.086504 -2.730979 2.502278
v 0.951608 -2.565013 2.183808
v 0.97304 -2.432252 1.8996600000000001
v 1.333751 -2.630212 2.623147
v 1.103122 -2.364902 2.162843
v 1.187919 -2.24546 1.8996600000000001
v 1.185199 -2.459323 2.439898
v 1.322371 -2.242714 2.183808
v 1.447471 -2.165355 1.8988330000000002
v 1.467947 -2.399395 2.502278
v 1.584105 -2.219815 2.183808
v 1.716992 -2.199173 1.8996600000000001
v 1.640186 -2.603402 2.623147
v 1.821241 -2.302076 2.162843
v 1.961042 -2.345813 1.8996600000000001
v 1.756806 -2.409313 2.439898
v 2.005202 -2.472836 2.183808
v 1.901174 -2.659704 2.502278
v 1.760377 -2.886554 2.623147
v 1.505419 -2.827693 2.6871
v 2.69697 2.448053 1.8765699999999998
v 2.84266 2.841505 1.8765699999999998
v 2.733764 2.658128 2.187606
v 2.484606 2.388436 2.242214
v 2.347841 2.215379 1.8765699999999998
v 2.720336 3.025053 2.242214
v 2.72926 3.245448 1.8765699999999998
v 2.139789 2.262279 2.187606
v 1.928626 2.232356 1.8765699999999998
v 2.499046 2.74504 2.468195
v 2.149916 2.512367 2.468195
v 1.806301 2.415904 2.242214
v 1.599452 2.492496 1.8765699999999998
v 2.164356 2.868972 2.572067
v 1.579765 2.704859 2.187606
v 1.486052 2.896439 1.8765699999999998
v 1.820742 2.772508 2.468195
v 1.622817 3.069496 2.242214
v 1.631742 3.289891 1.8765699999999998
v 1.966432 3.16596 2.468195
v 1.827626 3.374238 2.187606
v 1.980872 3.522566 1.8765699999999998
v 2.385646 3.148983 2.468195
v 2.187722 3.445971 2.242214
v 2.400086 3.50559 1.8765699999999998
v 2.540838 3.345356 2.187606
v -2.180894 -3.22157 2.649588
v -2.116846 -2.944152 2.649588
v -2.182498 -3.075097 2.912771
v -2.288054 -3.302821 2.933735
v -2.343792 -3.438938 2.648761
v -2.177543 -2.824147 2.933735
v -2.16797 -2.677372 2.648761
v -2.304399 -3.046954 3.189826
v -2.486341 -3.47519 2.933735
v -2.581716 -3.57 2.649588
v -2.497923 -3.261632 3.252206
v -2.726541 -3.548024 2.912771
v -2.865349 -3.594814 2.649588
v -2.737444 -3.423394 3.189826
v -2.975738 -3.518007 2.933735
v -3.122416 -3.507059 2.648761
v -2.757179 -3.197826 3.373074
v -3.200944 -3.382689 2.933735
v -3.320585 -3.32128 2.649588
v -3.001417 -3.30568 3.252206
v -3.34444 -3.176753 2.912771
v -3.431833 -3.059197 2.649588
v -3.229279 -3.12787 3.189826
v -3.392897 -2.930477 2.933735
v -3.427812 -2.787593 2.648761
v -3.020848 -3.039397 3.373074
v -3.198898 -2.840442 3.252206
v -3.333795 -2.674477 2.933735
v -3.312363 -2.541715 2.649588
v -2.951652 -2.739675 3.373074
v -3.182281 -2.474366 2.912771
v -3.097484 -2.354924 2.649588
v -3.100204 -2.568787 3.189826
v -2.963032 -2.352177 2.933735
v -2.837932 -2.274819 2.648761
v -2.817455 -2.508859 3.252206
v -2.701298 -2.329279 2.933735
v -2.568411 -2.308636 2.649588
v -2.645217 -2.712866 3.373074
v -2.464162 -2.41154 2.912771
v -2.324361 -2.455276 2.649588
v -2.528597 -2.518777 3.189826
v -2.280201 -2.582299 2.933735
v -2.384228 -2.769168 3.252206
v -2.525025 -2.996018 3.373074
v -2.779984 -2.937156 3.437028
v -0.868636 -3.147829 3.433341
v -0.891774 -3.3518369999999997 3.693419
v -1.090299 -3.310153 3.433341
v -1.190067 -3.4837009999999995 3.694446
v -1.358822 -3.368285 3.433217
v -0.674187 -3.1088919999999995 3.694446
v -0.732159 -2.909379 3.433217
v -1.531914 -3.4837009999999995 3.694446
v -1.627774 -3.312174 3.433341
v -0.56855 -2.7837749999999994 3.694446
v -0.704468 -2.636035 3.433341
v -1.830207 -3.3518369999999997 3.693419
v -1.850652 -3.15152 3.433341
v -0.601782 -2.4593339999999997 3.693419
v -0.79035 -2.37506 3.433341
v -2.047794 -3.1088919999999995 3.694446
v -1.988917 -2.914103 3.433217
v -0.765598 -2.1773219999999998 3.694446
v -0.974956 -2.171577 3.433217
v -2.15343 -2.7837749999999994 3.694446
v -2.018663 -2.640975 3.433341
v -1.042159 -1.9763889999999997 3.694446
v -1.226364 -2.060774 3.433341
v -2.120198 -2.4593339999999997 3.693419
v -1.934745 -2.379361 3.433341
v -1.36099 -1.9077359999999999 3.693419
v -1.501106 -2.061807 3.433341
v -1.956382 -2.1773219999999998 3.694446
v -1.751675 -2.174498 3.433217
v -1.679822 -1.9763889999999997 3.694446
v -1.99546 -2.3341379999999994 4.034367
v -1.793439 -2.1108009999999995 4.008358
v -1.518605 -1.9876829999999999 4.034367
v -1.203375 -1.9876829999999999 4.034367
v -0.928542 -2.1108019999999996 4.008358
v -1.692619 -2.2495679999999996 4.340134
v -1.36099 -2.2090449999999997 4.41469
v -1.029361 -2.2495679999999996 4.340134
v -0.726521 -2.3341379999999994 4.034367
v -1.183206 -2.4613159999999996 4.559155
v -0.629109 -2.6339399999999995 4.034367
v -0.888343 -2.5524439999999995 4.41469
v -0.661273 -2.9333679999999998 4.008358
v -0.824403 -2.8803629999999996 4.340134
v -0.811251 -3.1945159999999997 4.034367
v -1.073329 -2.7994829999999995 4.559155
v -1.068878 -3.1080729999999996 4.41469
v -1.066278 -3.3798039999999996 4.034367
v -1.36099 -3.0084809999999997 4.559155
v -1.36099 -3.4417419999999996 4.008358
v -1.36099 -3.2702169999999997 4.340134
v -1.655703 -3.3798039999999996 4.034367
v -1.653102 -3.1080729999999996 4.41469
v -1.910729 -3.1945159999999997 4.034367
v -1.648652 -2.7994829999999995 4.559155
v -2.060707 -2.9333679999999998 4.008358
v -1.897577 -2.8803629999999996 4.340134
v -2.092872 -2.6339399999999995 4.034367
v -1.833637 -2.5524439999999995 4.41469
v -1.538775 -2.4613159999999996 4.559155
v -1.36099 -2.7060159999999995 4.635593
v -2.818416 2.1337260000000002 4.343683
v -2.838387 1.8565110000000002 4.343683
v -2.79426 2.0028980000000005 4.604722
v -2.763107 1.7468200000000003 4.604358
v -2.743878 1.5951380000000002 4.34329
v -2.718562 2.2495100000000003 4.604722
v -2.687418 2.3788510000000005 4.34329
v -2.630491 1.5255500000000002 4.604722
v -2.551231 1.3948040000000002 4.343683
v -2.549103 2.4440110000000006 4.604358
v -2.468044 2.5495030000000005 4.343683
v -2.419342 1.3773510000000002 4.604722
v -2.293755 1.2901460000000002 4.343683
v -2.315184 2.5527720000000005 4.604722
v -2.198225 2.6161740000000004 4.343683
v -2.166169 1.3278460000000003 4.604358
v -2.01597 1.2992630000000003 4.34329
v -2.057251 2.5569850000000005 4.604722
v -1.924616 2.5673370000000006 4.34329
v -1.914749 1.3855950000000001 4.604722
v -1.765909 1.4205740000000002 4.343682
v -1.819904 2.4559250000000006 4.604358
v -1.694526 2.4114330000000006 4.343683
v -1.708555 1.5406140000000001 4.604722
v -1.586809 1.6331070000000003 4.343682
v -1.644181 2.2670640000000004 4.604722
v -1.54774 2.1754210000000005 4.343682
v -1.583238 1.7660980000000002 4.604358
v -1.509638 1.9001110000000003 4.34329
v -1.560468 2.0230570000000005 4.604722
v -1.762878 1.7087540000000003 4.854568
v -1.701254 1.8976050000000002 4.854849
v -1.72177 2.0951950000000004 4.854849
v -1.820879 2.2673560000000004 4.854568
v -1.935331 2.0050850000000002 5.033749
v -1.965645 1.8180190000000003 5.033734
v -1.895988 1.5612950000000003 4.854849
v -2.077567 1.4807250000000003 4.854849
v -2.120959 1.7071830000000001 5.033734
v -2.276218 1.4809740000000002 4.854568
v -2.176304 1.9481400000000002 5.157115
v -2.306426 1.7374900000000002 5.033749
v -2.457593 1.5620010000000002 4.854849
v -2.590332 1.7097950000000002 4.854849
v -2.417267 1.8912020000000003 5.033734
v -2.65148 1.8988020000000003 4.854568
v -2.630467 2.0963380000000003 4.854849
v -2.386953 2.0782710000000004 5.033734
v -2.530925 2.2682490000000004 4.854849
v -2.370066 2.3848140000000004 4.854568
v -2.23324 2.1891120000000006 5.033749
v -2.175703 2.4258690000000005 4.854849
v -2.046172 2.1587970000000003 5.033719
v -1.981445 2.3843250000000005 4.854849
vt 0.271660 0.614426
vt 0.266555 0.614426
vt 0.266555 0.609582
vt 0.266555 0.609582
vt 0.271660 0.609582
vt 0.271660 0.614426
vt 0.271660 0.614426
vt 0.266555 0.614426
vt 0.266555 0.609582
vt 0.266555 0.609582
vt 0.271660 0.609582
vt 0.271660 0.614426
vt 0.271660 0.614426
vt 0.266555 0.614426
vt 0.266555 0.609582
vt 0.266555 0.609582
vt 0.271660 0.609582
vt 0.271660 0.614426
vt 0.270966 0.605481
vt 0.265860 0.605481
vt 0.265860 0.600638
vt 0.265860 0.600638
vt 0.270966 0.600638
vt 0.270966 0.605481
vt 0.271660 0.614426
vt 0.266555 0.614426
vt 0.266555 0.609582
vt 0.266555 0.609582
vt 0.271660 0.609582
vt 0.271660 0.614426
vt 0.270966 0.605481
vt 0.265860 0.605481
vt 0.265860 0.600638
vt 0.265860 0.600638
vt 0.270966 0.600638
vt 0.270966 0.605481
vt 0.270966 0.605481
vt 0.265860 0.605481
vt 0.265860 0.600638
vt 0.265860 0.600638
vt 0.270966 0.600638
vt 0.270966 0.605481
vt 0.270966 0.605481
vt 0.265860 0.605481
vt 0.265860 0.600638
vt 0.265860 0.600638
vt 0.270966 0.600638
vt 0.270966 0.605481
vt 0.271660 0.614426
vt 0.266555 0.614426
vt 0.266555 0.609582
vt 0.266555 0.609582
vt 0.271660 0.609582
vt 0.271660 0.614426
vt 0.270966 0.605481
vt 0.265860 0.605481
vt 0.265860 0.600638
vt 0.265860 0.600638
vt 0.270966 0.600638
vt 0.270966 0.605481
vt 0.271660 0.614426
vt 0.266555 0.614426
vt 0.266555 0.609582
vt 0.266555 0.609582
vt 0.271660 0.609582
vt 0.271660 0.614426
vt 0.270966 0.605481
vt 0.265860 0.605481
vt 0.265860 0.600638
vt 0.265860 0.600638
vt 0.270966 0.600638
vt 0.270966 0.605481
vt 0.266555 0.609582
vt 0.271660 0.609582
vt 0.271660 0.614426
vt 0.271660 0.614426
vt 0.266555 0.614426
vt 0.266555 0.609582
vt 0.265861 0.600638
vt 0.270966 0.600638
vt 0.270966 0.605481
vt 0.270966 0.605481
vt 0.265861 0.605481
vt 0.265861 0.600638
vt 0.716760 0.973033
vt 0.729397 0.973033
vt 0.729397 0.974146
vt 0.729397 0.974146
vt 0.716760 0.974146
vt 0.716760 0.973033
vt 0.754397 0.968355
vt 0.754397 0.966305
vt 0.754397 0.966305
vt 0.754397 0.968355
vt 0.747706 0.967239
vt 0.754397 0.966305
vt 0.754397 0.968355
vt 0.754397 0.966305
vt 0.754397 0.966305
vt 0.754397 0.968355
vt 0.747706 0.967239
vt 0.754397 0.966305
vt 0.754397 0.968355
vt 0.754397 0.966305
vt 0.754397 0.966305
vt 0.754397 0.968355
vt 0.747706 0.967239
vt 0.754397 0.966305
vt 0.922882 0.021468
vt 0.922882 0.031342
vt 0.920645 0.031342
vt 0.920645 0.031342
vt 0.920645 0.024204
vt 0.922882 0.021468
vt 0.922882 0.031342
vt 0.922882 0.021468
vt 0.924967 0.024204
vt 0.924967 0.024204
vt 0.924967 0.031342
vt 0.922882 0.031342
vt 0.510813 0.405594
vt 0.512432 0.397649
vt 0.497597 0.397649
vt 0.497597 0.397649
vt 0.499002 0.405594
vt 0.510813 0.405594
vt 0.544144 0.405594
vt 0.545837 0.397649
vt 0.530717 0.397649
vt 0.530717 0.397649
vt 0.532309 0.405594
vt 0.544144 0.405594
vt 0.561050 0.405594
vt 0.562401 0.397649
vt 0.547285 0.397649
vt 0.547285 0.397649
vt 0.549096 0.405594
vt 0.561050 0.405594
vt 0.594952 0.405594
vt 0.596466 0.397649
vt 0.581590 0.397649
vt 0.581590 0.397649
vt 0.582999 0.405594
vt 0.594952 0.405594
vt 0.716760 0.973033
vt 0.729397 0.973033
vt 0.729397 0.974146
vt 0.729397 0.974146
vt 0.716760 0.974146
vt 0.716760 0.973033
vt 0.591976 0.015364
vt 0.545206 0.015364
vt 0.545206 0.014461
vt 0.545206 0.014461
vt 0.591976 0.014461
vt 0.591976 0.015364
vt 0.591976 0.014461
vt 0.545206 0.014461
vt 0.545206 0.013574
vt 0.545206 0.013574
vt 0.591976 0.013574
vt 0.591976 0.014461
vt 0.591976 0.015364
vt 0.545206 0.015364
vt 0.545206 0.014461
vt 0.545206 0.014461
vt 0.591976 0.014461
vt 0.591976 0.015364
vt 0.591976 0.014461
vt 0.545206 0.014461
vt 0.545206 0.013574
vt 0.545206 0.013574
vt 0.591976 0.013574
vt 0.591976 0.014461
vt 0.591976 0.015364
vt 0.545206 0.015364
vt 0.545206 0.014461
vt 0.545206 0.014461
vt 0.591976 0.014461
vt 0.591976 0.015364
vt 0.081778 0.997385
vt 0.002094 0.997385
vt 0.002094 0.896681
vt 0.002094 0.896681
vt 0.081778 0.896681
vt 0.081778 0.997385
vt 0.451929 0.656121
vt 0.451929 0.611708
vt 0.463028 0.656121
vt 0.451929 0.611708
vt 0.505985 0.611708
vt 0.463028 0.656121
vt 0.505985 0.611708
vt 0.505985 0.620837
vt 0.463028 0.656121
vt 0.460834 0.093287
vt 0.460787 0.077410
vt 0.410671 0.077419
vt 0.410671 0.077419
vt 0.410694 0.093284
vt 0.460834 0.093287
vt 0.793433 0.720683
vt 0.774404 0.699966
vt 0.793433 0.699966
vt 0.566529 0.007343
vt 0.566529 0.005399
vt 0.519232 0.007343
vt 0.566529 0.005399
vt 0.519232 0.005399
vt 0.519232 0.007343
vt 0.519232 0.005399
vt 0.519232 0.005399
vt 0.519232 0.007343
vt 0.688787 0.495795
vt 0.690990 0.496382
vt 0.688729 0.509423
vt 0.308540 0.046836
vt 0.308540 0.043414
vt 0.344060 0.043414
vt 0.344060 0.043414
vt 0.344062 0.046836
vt 0.308540 0.046836
vt 0.345864 0.043414
vt 0.357271 0.043414
vt 0.353372 0.046836
vt 0.353372 0.046836
vt 0.345867 0.046836
vt 0.345864 0.043414
vt 0.238638 0.671326
vt 0.238638 0.671326
vt 0.201533 0.688872
vt 0.201533 0.688872
vt 0.222245 0.671326
vt 0.238638 0.671326
vt 0.378355 0.014457
vt 0.431324 0.014457
vt 0.431324 0.015417
vt 0.431324 0.015417
vt 0.378355 0.015417
vt 0.378355 0.014457
vt 0.487463 0.013613
vt 0.487463 0.015298
vt 0.434945 0.015298
vt 0.434945 0.015298
vt 0.434945 0.013613
vt 0.487463 0.013613
vt 0.001061 0.013569
vt 0.042716 0.013569
vt 0.042716 0.014987
vt 0.042716 0.014987
vt 0.001061 0.014987
vt 0.001061 0.013569
vt 0.045412 0.013195
vt 0.087155 0.013195
vt 0.087155 0.014553
vt 0.087155 0.014553
vt 0.045412 0.014553
vt 0.045412 0.013195
vt 0.987801 0.019151
vt 0.988839 0.019253
vt 0.984118 0.073752
vt 0.987801 0.019151
vt 0.988839 0.019253
vt 0.984118 0.073752
vt 0.987801 0.019151
vt 0.988839 0.019253
vt 0.984118 0.073752
vt 0.987801 0.019151
vt 0.988839 0.019253
vt 0.984118 0.073752
vt 0.572147 0.222181
vt 0.585429 0.222181
vt 0.583092 0.230105
vt 0.583092 0.230105
vt 0.574752 0.230105
vt 0.572147 0.222181
vt 0.511192 0.222181
vt 0.524498 0.222181
vt 0.521842 0.230105
vt 0.521842 0.230105
vt 0.513492 0.230105
vt 0.511192 0.222181
vt 0.526560 0.222181
vt 0.539854 0.222181
vt 0.537531 0.230105
vt 0.537531 0.230105
vt 0.529188 0.230105
vt 0.526560 0.222181
vt 0.557297 0.222181
vt 0.570628 0.222181
vt 0.567982 0.230105
vt 0.567982 0.230105
vt 0.559633 0.230105
vt 0.557297 0.222181
vt 0.710176 0.292279
vt 0.716772 0.292279
vt 0.716772 0.331551
vt 0.716772 0.331551
vt 0.710176 0.331551
vt 0.710176 0.292279
vt 0.668718 0.292279
vt 0.675318 0.292279
vt 0.675318 0.331551
vt 0.675318 0.331551
vt 0.668718 0.331551
vt 0.668718 0.292279
vt 0.679363 0.292279
vt 0.685962 0.292279
vt 0.685962 0.331551
vt 0.685962 0.331551
vt 0.679363 0.331551
vt 0.679363 0.292279
vt 0.699632 0.292279
vt 0.706233 0.292279
vt 0.706233 0.331551
vt 0.706233 0.331551
vt 0.699632 0.331551
vt 0.699632 0.292279
vt 0.497597 0.397649
vt 0.512432 0.397649
vt 0.510813 0.405594
vt 0.510813 0.405594
vt 0.499002 0.405594
vt 0.497597 0.397649
vt 0.530717 0.397649
vt 0.545837 0.397649
vt 0.544144 0.405594
vt 0.544144 0.405594
vt 0.532309 0.405594
vt 0.530717 0.397649
vt 0.547285 0.397649
vt 0.562401 0.397649
vt 0.561050 0.405594
vt 0.561050 0.405594
vt 0.549096 0.405594
vt 0.547285 0.397649
vt 0.581590 0.397649
vt 0.596466 0.397649
vt 0.594952 0.405594
vt 0.594952 0.405594
vt 0.582999 0.405594
vt 0.581590 0.397649
vt 0.591353 0.252111
vt 0.589349 0.258842
vt 0.579112 0.258842
vt 0.579112 0.258842
vt 0.577398 0.252111
vt 0.591353 0.252111
vt 0.656510 0.252111
vt 0.654834 0.258842
vt 0.644581 0.258842
vt 0.644581 0.258842
vt 0.642565 0.252111
vt 0.656510 0.252111
vt 0.640515 0.252111
vt 0.638517 0.258842
vt 0.628274 0.258842
vt 0.628274 0.258842
vt 0.626502 0.252111
vt 0.640515 0.252111
vt 0.607436 0.252111
vt 0.605664 0.258842
vt 0.595413 0.258842
vt 0.595413 0.258842
vt 0.593403 0.252111
vt 0.607436 0.252111
vt 0.695862 0.379680
vt 0.695853 0.403558
vt 0.689444 0.403558
vt 0.689444 0.403558
vt 0.689462 0.379680
vt 0.695862 0.379680
vt 0.675550 0.379680
vt 0.675561 0.403558
vt 0.669154 0.403558
vt 0.669154 0.403558
vt 0.669144 0.379680
vt 0.675550 0.379680
vt 0.665010 0.379680
vt 0.665001 0.403558
vt 0.658589 0.403558
vt 0.658589 0.403558
vt 0.658607 0.379680
vt 0.665010 0.379680
vt 0.706297 0.379680
vt 0.706310 0.403558
vt 0.699899 0.403558
vt 0.699899 0.403558
vt 0.699889 0.379680
vt 0.706297 0.379680
vt 0.709137 0.580843
vt 0.692965 0.580694
vt 0.777574 0.581389
vt 0.284774 0.740314
vt 0.348005 0.786328
vt 0.348007 0.740313
vt 0.689047 0.767052
vt 0.686066 0.767052
vt 0.668747 0.743659
vt 0.238638 0.659365
vt 0.285846 0.659360
vt 0.238638 0.671326
vt 0.285846 0.659360
vt 0.285846 0.736297
vt 0.238638 0.671326
vt 0.285846 0.736297
vt 0.201489 0.697581
vt 0.238638 0.671326
vt 0.201489 0.697581
vt 0.201533 0.688872
vt 0.238638 0.671326
vt 0.689047 0.717492
vt 0.689047 0.767052
vt 0.668747 0.743659
vt 0.668747 0.743659
vt 0.668747 0.717492
vt 0.689047 0.717492
vt 0.845704 0.728038
vt 0.851838 0.714939
vt 0.870017 0.737497
vt 0.870017 0.737497
vt 0.863846 0.748731
vt 0.845704 0.728038
vt 0.650510 0.618521
vt 0.656686 0.618582
vt 0.656882 0.647478
vt 0.656882 0.647478
vt 0.650386 0.654847
vt 0.650510 0.618521
vt 0.648773 0.654847
vt 0.643178 0.654824
vt 0.643283 0.618521
vt 0.643283 0.618521
vt 0.648897 0.618521
vt 0.648773 0.654847
vt 0.555544 0.656561
vt 0.576318 0.656561
vt 0.576094 0.622211
vt 0.576094 0.622211
vt 0.555541 0.622255
vt 0.555544 0.656561
vt 0.528658 0.626870
vt 0.522203 0.629198
vt 0.522203 0.608644
vt 0.800023 0.399476
vt 0.800023 0.399476
vt 0.810847 0.421387
vt 0.810847 0.421387
vt 0.800023 0.414788
vt 0.800023 0.399476
vt 0.635786 0.015352
vt 0.635786 0.014055
vt 0.675535 0.014055
vt 0.675535 0.014055
vt 0.675535 0.015352
vt 0.635786 0.015352
vt 0.594146 0.015296
vt 0.594146 0.014011
vt 0.633895 0.014011
vt 0.633895 0.014011
vt 0.633895 0.015296
vt 0.594146 0.015296
vt 0.285854 0.750251
vt 0.285847 0.785846
vt 0.324492 0.786111
vt 0.249262 0.370612
vt 0.249216 0.381142
vt 0.235654 0.381105
vt 0.085258 0.385899
vt 0.085236 0.382859
vt 0.107487 0.382859
vt 0.703037 0.225086
vt 0.703037 0.228012
vt 0.682948 0.228012
vt 0.682948 0.228012
vt 0.682948 0.225086
vt 0.703037 0.225086
vt 0.874977 0.473966
vt 0.829221 0.499737
vt 0.838641 0.627078
vt 0.874977 0.473966
vt 0.842487 0.473966
vt 0.829221 0.499737
vt 0.842487 0.473966
vt 0.829168 0.476524
vt 0.829221 0.499737
vt 0.829168 0.476524
vt 0.829168 0.476524
vt 0.829221 0.499737
vt 0.838641 0.627078
vt 0.889196 0.627078
vt 0.889196 0.481772
vt 0.889196 0.481772
vt 0.899679 0.481749
vt 0.899679 0.463193
vt 0.136375 0.059437
vt 0.136375 0.059437
vt 0.136375 0.047839
vt 0.405101 0.887092
vt 0.405101 0.800872
vt 0.449704 0.800865
vt 0.449704 0.800865
vt 0.449151 0.887092
vt 0.405101 0.887092
vt 0.677632 0.013569
vt 0.717806 0.013569
vt 0.717806 0.014965
vt 0.717806 0.014965
vt 0.677632 0.014965
vt 0.677632 0.013569
vt 0.545206 0.013575
vt 0.591976 0.013575
vt 0.591976 0.014461
vt 0.591976 0.014461
vt 0.545206 0.014461
vt 0.545206 0.013575
vt 0.550419 0.075235
vt 0.506467 0.075235
vt 0.506564 0.066982
vt 0.506564 0.066982
vt 0.550517 0.066982
vt 0.550419 0.075235
vt 0.232162 0.922983
vt 0.239610 0.919317
vt 0.239610 0.957701
vt 0.239610 0.957701
vt 0.232162 0.957701
vt 0.232162 0.922983
vt 0.193330 0.957701
vt 0.193330 0.919317
vt 0.201051 0.922983
vt 0.201051 0.922983
vt 0.201051 0.957701
vt 0.193330 0.957701
vt 0.114162 0.953186
vt 0.114162 0.920846
vt 0.121466 0.923937
vt 0.121466 0.923937
vt 0.121466 0.953186
vt 0.114162 0.953186
vt 0.142047 0.923937
vt 0.148278 0.920846
vt 0.148278 0.953186
vt 0.148278 0.953186
vt 0.142047 0.953186
vt 0.142047 0.923937
vt 0.288802 0.013282
vt 0.288802 0.014995
vt 0.248724 0.014995
vt 0.248724 0.014995
vt 0.248724 0.013282
vt 0.288802 0.013282
vt 0.288169 0.921219
vt 0.294079 0.918540
vt 0.294079 0.946586
vt 0.294079 0.946586
vt 0.288169 0.946586
vt 0.288169 0.921219
vt 0.258553 0.946586
vt 0.258553 0.918540
vt 0.264662 0.921219
vt 0.264662 0.921219
vt 0.264662 0.946586
vt 0.258553 0.946586
vt 0.626382 0.365383
vt 0.617588 0.365383
vt 0.617588 0.362273
vt 0.617588 0.362273
vt 0.626382 0.362273
vt 0.626382 0.365383
vt 0.616641 0.365383
vt 0.607811 0.365383
vt 0.607811 0.362273
vt 0.607811 0.362273
vt 0.616641 0.362273
vt 0.616641 0.365383
vt 0.606768 0.365383
vt 0.598556 0.365383
vt 0.598556 0.362273
vt 0.598556 0.362273
vt 0.606768 0.362273
vt 0.606768 0.365383
vt 0.656259 0.365383
vt 0.648051 0.365383
vt 0.648051 0.362273
vt 0.648051 0.362273
vt 0.656259 0.362273
vt 0.656259 0.365383
vt 0.646587 0.365383
vt 0.637718 0.365383
vt 0.637718 0.362273
vt 0.637718 0.362273
vt 0.646587 0.362273
vt 0.646587 0.365383
vt 0.636462 0.365383
vt 0.627606 0.365383
vt 0.627606 0.362273
vt 0.627606 0.362273
vt 0.636462 0.362273
vt 0.636462 0.365383
vt 0.637718 0.512849
vt 0.637718 0.509752
vt 0.646587 0.509752
vt 0.646587 0.509752
vt 0.646587 0.512848
vt 0.637718 0.512849
vt 0.648051 0.512848
vt 0.648051 0.509752
vt 0.656259 0.509752
vt 0.656259 0.509752
vt 0.656259 0.512848
vt 0.648051 0.512848
vt 0.598556 0.512849
vt 0.598556 0.509752
vt 0.606768 0.509752
vt 0.606768 0.509752
vt 0.606768 0.512849
vt 0.598556 0.512849
vt 0.607811 0.512849
vt 0.607811 0.509752
vt 0.616641 0.509752
vt 0.616641 0.509752
vt 0.616641 0.512848
vt 0.607811 0.512849
vt 0.617588 0.512848
vt 0.617588 0.509752
vt 0.626382 0.509752
vt 0.626382 0.509752
vt 0.626382 0.512849
vt 0.617588 0.512848
vt 0.627606 0.512849
vt 0.627606 0.509752
vt 0.636462 0.509752
vt 0.636462 0.509752
vt 0.636462 0.512849
vt 0.627606 0.512849
vt 0.384533 0.114698
vt 0.393706 0.129815
vt 0.375962 0.129815
vt 0.402844 0.114698
vt 0.412044 0.129815
vt 0.421203 0.114698
vt 0.430455 0.129815
vt 0.439680 0.114698
vt 0.448883 0.129815
vt 0.467331 0.129815
vt 0.458084 0.114698
vt 0.476603 0.114698
vt 0.485745 0.129815
vt 0.494926 0.114698
vt 0.504016 0.129815
vt 0.513142 0.114698
vt 0.522327 0.129815
vt 0.531526 0.114698
vt 0.540110 0.129815
vt 0.384533 0.114698
vt 0.393706 0.129815
vt 0.375962 0.129815
vt 0.402844 0.114698
vt 0.412044 0.129815
vt 0.421203 0.114698
vt 0.430455 0.129815
vt 0.439680 0.114698
vt 0.448883 0.129815
vt 0.467331 0.129815
vt 0.458084 0.114698
vt 0.476603 0.114698
vt 0.485745 0.129815
vt 0.494926 0.114698
vt 0.504016 0.129815
vt 0.513142 0.114698
vt 0.522327 0.129815
vt 0.531526 0.114698
vt 0.540110 0.129815
vt 0.276448 0.618642
vt 0.278423 0.629988
vt 0.271056 0.629988
vt 0.271056 0.629988
vt 0.273672 0.618642
vt 0.289620 0.618642
vt 0.291907 0.629988
vt 0.285039 0.629988
vt 0.285039 0.629988
vt 0.286896 0.618642
vt 0.276448 0.618642
vt 0.278423 0.629988
vt 0.271056 0.629988
vt 0.271056 0.629988
vt 0.273672 0.618642
vt 0.289620 0.618642
vt 0.291907 0.629988
vt 0.285039 0.629988
vt 0.285039 0.629988
vt 0.286896 0.618642
vt 0.276448 0.618642
vt 0.278423 0.629988
vt 0.271056 0.629988
vt 0.271056 0.629988
vt 0.273672 0.618642
vt 0.289620 0.618642
vt 0.291907 0.629988
vt 0.285039 0.629988
vt 0.285039 0.629988
vt 0.286896 0.618642
vt 0.304717 0.618642
vt 0.306505 0.629988
vt 0.299442 0.629988
vt 0.299442 0.629988
vt 0.301940 0.618642
vt 0.317772 0.618642
vt 0.320109 0.629988
vt 0.313065 0.629988
vt 0.313065 0.629988
vt 0.314999 0.618642
vt 0.276448 0.618642
vt 0.278423 0.629988
vt 0.271056 0.629988
vt 0.271056 0.629988
vt 0.273672 0.618642
vt 0.289620 0.618642
vt 0.291907 0.629988
vt 0.285039 0.629988
vt 0.285039 0.629988
vt 0.286896 0.618642
vt 0.304717 0.618642
vt 0.306505 0.629988
vt 0.299442 0.629988
vt 0.299442 0.629988
vt 0.301940 0.618642
vt 0.317772 0.618642
vt 0.320109 0.629988
vt 0.313065 0.629988
vt 0.313065 0.629988
vt 0.314999 0.618642
vt 0.304717 0.618642
vt 0.306505 0.629988
vt 0.299442 0.629988
vt 0.299442 0.629988
vt 0.301940 0.618642
vt 0.317772 0.618642
vt 0.320109 0.629988
vt 0.313065 0.629988
vt 0.313065 0.629988
vt 0.314999 0.618642
vt 0.304717 0.618642
vt 0.306505 0.629988
vt 0.299442 0.629988
vt 0.299442 0.629988
vt 0.301940 0.618642
vt 0.317772 0.618642
vt 0.320109 0.629988
vt 0.313065 0.629988
vt 0.313065 0.629988
vt 0.314999 0.618642
vt 0.276448 0.618642
vt 0.278423 0.629988
vt 0.271056 0.629988
vt 0.271056 0.629988
vt 0.273672 0.618642
vt 0.289620 0.618642
vt 0.291907 0.629988
vt 0.285039 0.629988
vt 0.285039 0.629988
vt 0.286896 0.618642
vt 0.304717 0.618642
vt 0.306505 0.629988
vt 0.299442 0.629988
vt 0.299442 0.629988
vt 0.301940 0.618642
vt 0.317772 0.618642
vt 0.320109 0.629988
vt 0.313065 0.629988
vt 0.313065 0.629988
vt 0.314999 0.618642
vt 0.276448 0.618642
vt 0.278423 0.629988
vt 0.271056 0.629988
vt 0.271056 0.629988
vt 0.273672 0.618642
vt 0.289620 0.618642
vt 0.291907 0.629988
vt 0.285039 0.629988
vt 0.285039 0.629988
vt 0.286896 0.618642
vt 0.304717 0.618642
vt 0.306505 0.629988
vt 0.299442 0.629988
vt 0.299442 0.629988
vt 0.301940 0.618642
vt 0.317772 0.618642
vt 0.320109 0.629988
vt 0.313065 0.629988
vt 0.313065 0.629988
vt 0.314999 0.618642
vt 0.276448 0.618642
vt 0.278423 0.629988
vt 0.271056 0.629988
vt 0.271056 0.629988
vt 0.273672 0.618642
vt 0.289620 0.618642
vt 0.291907 0.629988
vt 0.285039 0.629988
vt 0.285039 0.629988
vt 0.286896 0.618642
vt 0.304717 0.618642
vt 0.306505 0.629988
vt 0.299442 0.629988
vt 0.299442 0.629988
vt 0.301940 0.618642
vt 0.317772 0.618642
vt 0.320109 0.629988
vt 0.313065 0.629988
vt 0.313065 0.629988
vt 0.314999 0.618642
vt 0.717527 0.985795
vt 0.717527 0.984978
vt 0.724604 0.984978
vt 0.724604 0.985795
vt 0.717527 0.985795
vt 0.724604 0.986602
vt 0.724604 0.988226
vt 0.717527 0.988226
vt 0.717527 0.986602
vt 0.724604 0.986602
vt 0.118161 0.063162
vt 0.118161 0.066444
vt 0.016867 0.066450
vt 0.016867 0.066450
vt 0.016867 0.063162
vt 0.006245 0.066450
vt 0.006245 0.063162
vt 0.016867 0.066450
vt 0.006245 0.066450
vt 0.118161 0.066444
vt 0.118161 0.071615
vt 0.016867 0.071615
vt 0.016867 0.071615
vt 0.016867 0.066450
vt 0.006245 0.066450
vt 0.016867 0.071615
vt 0.016867 0.071615
vt 0.006245 0.071617
vt 0.118161 0.063162
vt 0.118161 0.066444
vt 0.016867 0.066450
vt 0.016867 0.066450
vt 0.016867 0.063162
vt 0.006245 0.066450
vt 0.006245 0.063162
vt 0.016867 0.066450
vt 0.006245 0.066450
vt 0.118161 0.066444
vt 0.118161 0.071615
vt 0.016867 0.071615
vt 0.016867 0.071615
vt 0.016867 0.066450
vt 0.006245 0.066450
vt 0.016867 0.071615
vt 0.016867 0.071615
vt 0.006245 0.071617
vt 0.118161 0.063162
vt 0.118161 0.066444
vt 0.016867 0.066450
vt 0.016867 0.066450
vt 0.016867 0.063162
vt 0.006245 0.066450
vt 0.006245 0.063162
vt 0.016867 0.066450
vt 0.006245 0.066450
vt 0.118161 0.066444
vt 0.118161 0.071615
vt 0.016867 0.071615
vt 0.016867 0.071615
vt 0.016867 0.066450
vt 0.006245 0.066450
vt 0.016867 0.071615
vt 0.016867 0.071615
vt 0.006245 0.071617
vt 0.118161 0.063162
vt 0.118161 0.066444
vt 0.016867 0.066450
vt 0.016867 0.066450
vt 0.016867 0.063162
vt 0.006245 0.066450
vt 0.006245 0.063162
vt 0.016867 0.066450
vt 0.006245 0.066450
vt 0.118161 0.066444
vt 0.118161 0.071615
vt 0.016867 0.071615
vt 0.016867 0.071615
vt 0.016867 0.066450
vt 0.006245 0.066450
vt 0.016867 0.071615
vt 0.016867 0.071615
vt 0.006245 0.071617
vt 0.118161 0.063162
vt 0.118161 0.066444
vt 0.016867 0.066450
vt 0.016867 0.066450
vt 0.016867 0.063162
vt 0.006245 0.066450
vt 0.006245 0.063162
vt 0.016867 0.066450
vt 0.006245 0.066450
vt 0.118161 0.066444
vt 0.118161 0.071615
vt 0.016867 0.071615
vt 0.016867 0.071615
vt 0.016867 0.066450
vt 0.006245 0.066450
vt 0.016867 0.071615
vt 0.016867 0.071615
vt 0.006245 0.071617
vt 0.118161 0.063162
vt 0.118161 0.066444
vt 0.016867 0.066450
vt 0.016867 0.066450
vt 0.016867 0.063162
vt 0.006245 0.066450
vt 0.006245 0.063162
vt 0.016867 0.066450
vt 0.006245 0.066450
vt 0.118161 0.066444
vt 0.118161 0.071615
vt 0.016867 0.071615
vt 0.016867 0.071615
vt 0.016867 0.066450
vt 0.006245 0.066450
vt 0.016867 0.071615
vt 0.016867 0.071615
vt 0.006245 0.071617
vt 0.118161 0.063162
vt 0.118161 0.066444
vt 0.016867 0.066450
vt 0.016867 0.066450
vt 0.016867 0.063162
vt 0.006245 0.066450
vt 0.006245 0.063162
vt 0.016867 0.066450
vt 0.006245 0.066450
vt 0.118161 0.066444
vt 0.118161 0.071615
vt 0.016867 0.071615
vt 0.016867 0.071615
vt 0.016867 0.066450
vt 0.006245 0.066450
vt 0.016867 0.071615
vt 0.016867 0.071615
vt 0.006245 0.071617
vt 0.361731 0.042882
vt 0.410180 0.046329
vt 0.406347 0.047753
vt 0.406347 0.047753
vt 0.360537 0.047753
vt 0.361659 0.058214
vt 0.360537 0.053319
vt 0.406347 0.053319
vt 0.406347 0.053319
vt 0.410180 0.054774
vt 0.416109 0.042422
vt 0.464556 0.045869
vt 0.460726 0.047294
vt 0.460726 0.047294
vt 0.414916 0.047294
vt 0.416038 0.057754
vt 0.414916 0.052860
vt 0.460726 0.052860
vt 0.460726 0.052860
vt 0.464556 0.054314
vt 0.416109 0.042422
vt 0.464556 0.045869
vt 0.460726 0.047294
vt 0.460726 0.047294
vt 0.414916 0.047294
vt 0.416038 0.057754
vt 0.414916 0.052860
vt 0.460726 0.052860
vt 0.460726 0.052860
vt 0.464556 0.054314
vt 0.416038 0.057754
vt 0.464556 0.054314
vt 0.460726 0.052860
vt 0.460726 0.052860
vt 0.414916 0.052860
vt 0.416109 0.042422
vt 0.414916 0.047294
vt 0.460726 0.047294
vt 0.460726 0.047294
vt 0.464556 0.045869
vt 0.361659 0.058214
vt 0.410180 0.054774
vt 0.406347 0.053319
vt 0.406347 0.053319
vt 0.360537 0.053319
vt 0.361731 0.042882
vt 0.360537 0.047753
vt 0.406347 0.047753
vt 0.406347 0.047753
vt 0.410180 0.046329
vt 0.591976 0.014461
vt 0.545206 0.014461
vt 0.545206 0.013574
vt 0.545206 0.013574
vt 0.591976 0.013574
vt 0.591976 0.016239
vt 0.545206 0.016241
vt 0.545206 0.015364
vt 0.545206 0.015364
vt 0.591976 0.015364
vt 0.591976 0.014461
vt 0.545206 0.014461
vt 0.545206 0.013574
vt 0.545206 0.013574
vt 0.591976 0.013574
vt 0.591976 0.016239
vt 0.545206 0.016241
vt 0.545206 0.015364
vt 0.545206 0.015364
vt 0.591976 0.015364
vt 0.591976 0.014461
vt 0.545206 0.014461
vt 0.545206 0.013574
vt 0.545206 0.013574
vt 0.591976 0.013574
vt 0.729397 0.974146
vt 0.716760 0.974146
vt 0.716760 0.973033
vt 0.716760 0.973033
vt 0.729397 0.973033
vt 0.716760 0.973033
vt 0.716760 0.971968
vt 0.729397 0.971968
vt 0.729397 0.971968
vt 0.729397 0.973033
vt 0.754397 0.966305
vt 0.759339 0.967239
vt 0.759339 0.967239
vt 0.754397 0.968355
vt 0.754397 0.966305
vt 0.747706 0.967239
vt 0.724604 0.984978
vt 0.724604 0.985795
vt 0.717527 0.985795
vt 0.717527 0.985795
vt 0.717527 0.984978
vt 0.717527 0.988226
vt 0.717527 0.986602
vt 0.724604 0.986602
vt 0.724604 0.986602
vt 0.724604 0.988226
vt 0.152549 0.015180
vt 0.203917 0.015180
vt 0.203917 0.015993
vt 0.152549 0.015993
vt 0.152549 0.015180
vt 0.152549 0.014216
vt 0.203917 0.014216
vt 0.203917 0.015180
vt 0.152549 0.015180
vt 0.152549 0.014216
vt 0.828646 0.014757
vt 0.848423 0.014757
vt 0.848423 0.015671
vt 0.848423 0.015671
vt 0.828646 0.015671
vt 0.321411 0.656277
vt 0.321411 0.656277
vt 0.317248 0.656277
vt 0.321411 0.632282
vt 0.317248 0.656277
vt 0.317248 0.635217
vt 0.263964 0.635217
vt 0.263964 0.656277
vt 0.263964 0.656277
vt 0.848431 0.796212
vt 0.886251 0.797057
vt 0.886289 0.790454
vt 0.846930 0.789837
vt 0.848431 0.796212
vt 0.987801 0.019151
vt 0.988839 0.019253
vt 0.984118 0.073752
vt 0.987801 0.019151
vt 0.988839 0.019253
vt 0.549685 0.135288
vt 0.543262 0.135501
vt 0.543956 0.132480
vt 0.549685 0.135288
vt 0.546246 0.129523
vt 0.549685 0.135288
vt 0.550194 0.128154
vt 0.549685 0.135288
vt 0.552848 0.128858
vt 0.555266 0.131343
vt 0.556110 0.134953
vt 0.972140 0.048281
vt 0.972232 0.045985
vt 0.976791 0.047359
vt 0.973207 0.050836
vt 0.976791 0.047359
vt 0.975771 0.052567
vt 0.976791 0.047359
vt 0.977811 0.052567
vt 0.976791 0.047359
vt 0.980024 0.051245
vt 0.981330 0.048818
vt 0.118161 0.063162
vt 0.118161 0.066444
vt 0.016867 0.066450
vt 0.016867 0.066450
vt 0.016867 0.063162
vt 0.016867 0.066450
vt 0.006245 0.066450
vt 0.006245 0.066450
vt 0.006245 0.063162
vt 0.118161 0.066444
vt 0.118161 0.071615
vt 0.016867 0.071615
vt 0.016867 0.071615
vt 0.016867 0.066450
vt 0.006245 0.066450
vt 0.016867 0.071615
vt 0.016867 0.071615
vt 0.006245 0.071617
vt 0.460726 0.047294
vt 0.414916 0.047294
vt 0.416109 0.042422
vt 0.464556 0.045869
vt 0.460726 0.047294
vt 0.460726 0.052860
vt 0.464556 0.054314
vt 0.416038 0.057754
vt 0.414916 0.052860
vt 0.460726 0.052860
vt 0.406347 0.047753
vt 0.360537 0.047753
vt 0.361731 0.042882
vt 0.410180 0.046329
vt 0.406347 0.047753
vt 0.406347 0.053319
vt 0.410180 0.054774
vt 0.361659 0.058214
vt 0.360537 0.053319
vt 0.406347 0.053319
vt 0.703037 0.222157
vt 0.703037 0.225086
vt 0.682948 0.225086
vt 0.682948 0.222157
vt 0.703037 0.222157
vt 0.545206 0.015364
vt 0.591976 0.015364
vt 0.591976 0.016239
vt 0.545206 0.016241
vt 0.545206 0.015364
vt 0.543053 0.035648
vt 0.543053 0.018707
vt 0.550918 0.018707
vt 0.550918 0.035648
vt 0.543053 0.035648
vt 0.550918 0.055319
vt 0.543053 0.055319
vt 0.543053 0.055319
vt 0.543053 0.035648
vt 0.519088 0.055319
vt 0.543053 0.055319
vt 0.543053 0.063012
vt 0.519088 0.063012
vt 0.519088 0.055319
vt 0.564951 0.133074
vt 0.568829 0.074460
vt 0.567536 0.133218
vt 0.568829 0.074460
vt 0.570124 0.133218
vt 0.572709 0.133074
vt 0.568829 0.074460
vt 0.575283 0.132782
vt 0.568829 0.074460
vt 0.577843 0.132350
vt 0.206008 0.015114
vt 0.246194 0.015114
vt 0.246194 0.016059
vt 0.206008 0.016059
vt 0.206008 0.015114
vt 0.246194 0.013189
vt 0.246194 0.015114
vt 0.206008 0.015114
vt 0.206008 0.013189
vt 0.246194 0.013189
vt 0.969283 0.059901
vt 0.963967 0.061227
vt 0.964256 0.056405
vt 0.959079 0.059733
vt 0.962867 0.056382
vt 0.969283 0.059901
vt 0.965766 0.054863
vt 0.970232 0.054084
vt 0.964977 0.049626
vt 0.969646 0.052686
vt 0.969283 0.059901
vt 0.973471 0.056297
vt 0.974890 0.061098
vt 0.974849 0.056241
vt 0.979411 0.059490
vt 0.970661 0.065797
vt 0.969283 0.059901
vt 0.974363 0.063293
vt 0.975055 0.064732
vt 0.974428 0.070608
vt 0.942873 0.029293
vt 0.959197 0.053782
vt 0.958006 0.054535
vt 0.942873 0.029293
vt 0.960339 0.052956
vt 0.942873 0.029293
vt 0.961428 0.052060
vt 0.956775 0.055215
vt 0.958006 0.054535
vt 0.948500 0.020532
vt 0.960227 0.019915
vt 0.960480 0.024275
vt 0.960480 0.024275
vt 0.948585 0.022006
vt 0.948585 0.022006
vt 0.960480 0.024275
vt 0.959606 0.028418
vt 0.959606 0.028418
vt 0.948288 0.023409
vt 0.963987 0.038037
vt 0.963558 0.041888
vt 0.961364 0.042006
vt 0.961364 0.042006
vt 0.959760 0.038265
vt 0.552166 0.124659
vt 0.550474 0.124659
vt 0.550474 0.110778
vt 0.550474 0.110778
vt 0.552166 0.110776
vt 0.550474 0.124659
vt 0.548783 0.124659
vt 0.548783 0.110776
vt 0.548783 0.110776
vt 0.550474 0.110778
vt 0.548783 0.124659
vt 0.547091 0.124659
vt 0.547091 0.110776
vt 0.547091 0.110776
vt 0.548783 0.110776
vt 0.544344 0.140941
vt 0.543308 0.138045
vt 0.550027 0.137792
vt 0.547046 0.143664
vt 0.550027 0.137792
vt 0.551306 0.144715
vt 0.550027 0.137792
vt 0.554001 0.143837
vt 0.550027 0.137792
vt 0.556262 0.141240
vt 0.556762 0.137659
vt 0.720130 0.578612
vt 0.700653 0.578612
vt 0.700653 0.563873
vt 0.700653 0.563873
vt 0.720130 0.563873
vt 0.742454 0.578612
vt 0.742454 0.563873
vt 0.761918 0.578610
vt 0.761918 0.563873
vt 0.761918 0.578610
vt 0.772102 0.753206
vt 0.772102 0.707390
vt 0.722459 0.715594
vt 0.714192 0.747282
vt 0.722459 0.786580
vt 0.722459 0.786580
vt 0.772102 0.753206
vt 0.883355 0.786580
vt 0.892461 0.753206
vt 0.963558 0.041888
vt 0.963987 0.038037
vt 0.967946 0.040239
vt 0.965608 0.043029
vt 0.963558 0.041888
vt 0.970427 0.044203
vt 0.966895 0.045084
vt 0.736287 0.292257
vt 0.736287 0.271306
vt 0.721370 0.271306
vt 0.721370 0.271306
vt 0.721370 0.292257
vt 0.736289 0.316264
vt 0.721370 0.316264
vt 0.736289 0.337200
vt 0.721370 0.337202
vt 0.736289 0.337200
vt 0.423197 0.998199
vt 0.447176 0.998199
vt 0.447176 0.921761
vt 0.423194 0.921761
vt 0.423197 0.998199
vt 0.423194 0.921761
vt 0.447176 0.921761
vt 0.447176 0.998199
vt 0.713998 0.895872
vt 0.720464 0.889844
vt 0.755447 0.889844
vt 0.761712 0.895872
vt 0.594008 0.895872
vt 0.598876 0.889844
vt 0.706761 0.889844
vt 0.711661 0.895872
vt 0.543671 0.895872
vt 0.550043 0.889844
vt 0.585446 0.889844
vt 0.591949 0.895872
vt 0.763826 0.895872
vt 0.768684 0.889844
vt 0.876569 0.889844
vt 0.881448 0.895872
vt 0.268424 0.618642
vt 0.271056 0.629988
vt 0.263577 0.629988
vt 0.265615 0.618642
vt 0.278423 0.629988
vt 0.280412 0.618642
vt 0.283218 0.618642
vt 0.285039 0.629988
vt 0.268424 0.618642
vt 0.271056 0.629988
vt 0.263577 0.629988
vt 0.265615 0.618642
vt 0.278423 0.629988
vt 0.280412 0.618642
vt 0.283218 0.618642
vt 0.285039 0.629988
vt 0.268424 0.618642
vt 0.271056 0.629988
vt 0.263577 0.629988
vt 0.265615 0.618642
vt 0.278423 0.629988
vt 0.280412 0.618642
vt 0.283218 0.618642
vt 0.285039 0.629988
vt 0.296928 0.618642
vt 0.299442 0.629988
vt 0.291907 0.629988
vt 0.294120 0.618642
vt 0.306505 0.629988
vt 0.308308 0.618642
vt 0.311114 0.618642
vt 0.313065 0.629988
vt 0.268424 0.618642
vt 0.271056 0.629988
vt 0.263577 0.629988
vt 0.265615 0.618642
vt 0.278423 0.629988
vt 0.280412 0.618642
vt 0.283218 0.618642
vt 0.285039 0.629988
vt 0.296928 0.618642
vt 0.299442 0.629988
vt 0.291907 0.629988
vt 0.294120 0.618642
vt 0.306505 0.629988
vt 0.308308 0.618642
vt 0.311114 0.618642
vt 0.313065 0.629988
vt 0.296928 0.618642
vt 0.299442 0.629988
vt 0.291907 0.629988
vt 0.294120 0.618642
vt 0.306505 0.629988
vt 0.308308 0.618642
vt 0.311114 0.618642
vt 0.313065 0.629988
vt 0.296928 0.618642
vt 0.299442 0.629988
vt 0.291907 0.629988
vt 0.294120 0.618642
vt 0.306505 0.629988
vt 0.308308 0.618642
vt 0.311114 0.618642
vt 0.313065 0.629988
vt 0.268424 0.618642
vt 0.271056 0.629988
vt 0.263577 0.629988
vt 0.265615 0.618642
vt 0.278423 0.629988
vt 0.280412 0.618642
vt 0.283218 0.618642
vt 0.285039 0.629988
vt 0.296928 0.618642
vt 0.299442 0.629988
vt 0.291907 0.629988
vt 0.294120 0.618642
vt 0.306505 0.629988
vt 0.308308 0.618642
vt 0.311114 0.618642
vt 0.313065 0.629988
vt 0.268424 0.618642
vt 0.271056 0.629988
vt 0.263577 0.629988
vt 0.265615 0.618642
vt 0.278423 0.629988
vt 0.280412 0.618642
vt 0.283218 0.618642
vt 0.285039 0.629988
vt 0.296928 0.618642
vt 0.299442 0.629988
vt 0.291907 0.629988
vt 0.294120 0.618642
vt 0.306505 0.629988
vt 0.308308 0.618642
vt 0.311114 0.618642
vt 0.313065 0.629988
vt 0.268424 0.618642
vt 0.271056 0.629988
vt 0.263577 0.629988
vt 0.265615 0.618642
vt 0.278423 0.629988
vt 0.280412 0.618642
vt 0.283218 0.618642
vt 0.285039 0.629988
vt 0.296928 0.618642
vt 0.299442 0.629988
vt 0.291907 0.629988
vt 0.294120 0.618642
vt 0.306505 0.629988
vt 0.308308 0.618642
vt 0.311114 0.618642
vt 0.313065 0.629988
vt 0.826724 0.013784
vt 0.806948 0.013784
vt 0.806948 0.012867
vt 0.826724 0.012867
vt 0.349636 0.285912
vt 0.349636 0.292571
vt 0.246128 0.292571
vt 0.246128 0.285912
vt 0.355726 0.421560
vt 0.245666 0.421814
vt 0.245573 0.293902
vt 0.355728 0.293899
vt 0.370770 0.215599
vt 0.272537 0.215599
vt 0.272537 0.119195
vt 0.370770 0.119195
vt 0.408425 0.075106
vt 0.394055 0.075106
vt 0.394055 0.061898
vt 0.408425 0.061898
vt 0.424236 0.075106
vt 0.409864 0.075106
vt 0.409864 0.061898
vt 0.424236 0.061898
vt 0.392216 0.075106
vt 0.377846 0.075106
vt 0.377846 0.061898
vt 0.392216 0.061898
vt 0.361651 0.075091
vt 0.361651 0.061882
vt 0.376021 0.061882
vt 0.376021 0.075091
vt 0.312544 0.061774
vt 0.312544 0.074984
vt 0.326914 0.074984
vt 0.326914 0.061774
vt 0.328593 0.061774
vt 0.328593 0.074984
vt 0.342965 0.074984
vt 0.342965 0.061774
vt 0.345044 0.061774
vt 0.345044 0.074984
vt 0.359414 0.074984
vt 0.359414 0.061774
vt 0.296415 0.061774
vt 0.296415 0.074984
vt 0.310785 0.074984
vt 0.310785 0.061774
vt 0.294758 0.061758
vt 0.280388 0.061758
vt 0.280388 0.074967
vt 0.294758 0.074967
vt 0.729397 0.970909
vt 0.729397 0.973033
vt 0.716760 0.973033
vt 0.716760 0.971439
vt 0.716760 0.975255
vt 0.716760 0.974146
vt 0.729397 0.974146
vt 0.729397 0.975255
vt 0.718413 0.983002
vt 0.716896 0.977078
vt 0.723149 0.977078
vt 0.721741 0.983002
vt 0.736908 0.983003
vt 0.735444 0.977078
vt 0.741696 0.977077
vt 0.740197 0.983003
vt 0.730635 0.983002
vt 0.729223 0.977078
vt 0.735444 0.977078
vt 0.733962 0.983002
vt 0.724541 0.983003
vt 0.723149 0.977078
vt 0.729223 0.977078
vt 0.727830 0.983003
vt 0.743249 0.982731
vt 0.743249 0.976799
vt 0.749922 0.976799
vt 0.749922 0.982731
vt 0.752102 0.971885
vt 0.752102 0.974287
vt 0.746046 0.973306
vt 0.759617 0.973159
vt 0.737158 0.971861
vt 0.737158 0.974263
vt 0.731103 0.973193
vt 0.744674 0.973105
vt 0.752102 0.971885
vt 0.752102 0.974287
vt 0.746046 0.973306
vt 0.759617 0.973159
vt 0.737158 0.971861
vt 0.737158 0.974263
vt 0.731103 0.973193
vt 0.744674 0.973105
vt 0.752102 0.971885
vt 0.752102 0.974287
vt 0.746046 0.973306
vt 0.759617 0.973159
vt 0.737158 0.971861
vt 0.737158 0.974263
vt 0.731103 0.973193
vt 0.744674 0.973105
vt 0.752102 0.971885
vt 0.752102 0.974287
vt 0.746046 0.973306
vt 0.759617 0.973159
vt 0.752102 0.971885
vt 0.752102 0.974287
vt 0.746046 0.973306
vt 0.759617 0.973159
vt 0.752010 0.963880
vt 0.752010 0.961305
vt 0.758500 0.962325
vt 0.743955 0.962503
vt 0.754397 0.968355
vt 0.754397 0.966305
vt 0.759339 0.967239
vt 0.747706 0.967239
vt 0.754397 0.968355
vt 0.754397 0.966305
vt 0.759339 0.967239
vt 0.747706 0.967239
vt 0.752010 0.963880
vt 0.752010 0.961305
vt 0.758500 0.962325
vt 0.743955 0.962503
vt 0.752010 0.963880
vt 0.752010 0.961305
vt 0.758500 0.962325
vt 0.743955 0.962503
vt 0.752010 0.963880
vt 0.752010 0.961305
vt 0.758500 0.962325
vt 0.743955 0.962503
vt 0.752010 0.963880
vt 0.752010 0.961305
vt 0.758500 0.962325
vt 0.743955 0.962503
vt 0.740897 0.961021
vt 0.740294 0.969146
vt 0.736336 0.969146
vt 0.735733 0.961021
vt 0.722193 0.961021
vt 0.721590 0.969146
vt 0.717632 0.969146
vt 0.717029 0.961021
vt 0.728381 0.961021
vt 0.727778 0.969146
vt 0.723820 0.969146
vt 0.723217 0.961021
vt 0.734640 0.961021
vt 0.734037 0.969146
vt 0.730077 0.969146
vt 0.729474 0.961021
vt 0.742463 0.969245
vt 0.742463 0.965768
vt 0.746421 0.965768
vt 0.746421 0.969245
vt 0.752010 0.963880
vt 0.752010 0.961305
vt 0.758500 0.962325
vt 0.743955 0.962503
vt 0.754397 0.968355
vt 0.754397 0.966305
vt 0.759339 0.967239
vt 0.747706 0.967239
vt 0.754397 0.968355
vt 0.754397 0.966305
vt 0.759339 0.967239
vt 0.747706 0.967239
vt 0.752010 0.963880
vt 0.752010 0.961305
vt 0.758500 0.962325
vt 0.743955 0.962503
vt 0.754397 0.968355
vt 0.754397 0.966305
vt 0.759339 0.967239
vt 0.747706 0.967239
vt 0.752010 0.963880
vt 0.752010 0.961305
vt 0.758500 0.962325
vt 0.743955 0.962503
vt 0.740897 0.961021
vt 0.740294 0.969146
vt 0.736336 0.969146
vt 0.735733 0.961021
vt 0.722193 0.961021
vt 0.721590 0.969146
vt 0.717632 0.969146
vt 0.717029 0.961021
vt 0.728381 0.961021
vt 0.727778 0.969146
vt 0.723820 0.969146
vt 0.723217 0.961021
vt 0.734640 0.961021
vt 0.734037 0.969146
vt 0.730077 0.969146
vt 0.729474 0.961021
vt 0.742463 0.969245
vt 0.742463 0.965768
vt 0.746421 0.965768
vt 0.746421 0.969245
vt 0.717527 0.985795
vt 0.724604 0.985795
vt 0.724604 0.986602
vt 0.717527 0.986602
vt 0.731200 0.997804
vt 0.729788 0.991051
vt 0.735711 0.991051
vt 0.734299 0.997804
vt 0.725168 0.997804
vt 0.723616 0.991051
vt 0.729788 0.991051
vt 0.728232 0.997804
vt 0.719106 0.997804
vt 0.717692 0.991051
vt 0.723616 0.991051
vt 0.722205 0.997804
vt 0.737506 0.997804
vt 0.735711 0.991051
vt 0.741964 0.991051
vt 0.740569 0.997804
vt 0.742996 0.997908
vt 0.742996 0.991146
vt 0.748851 0.991146
vt 0.748851 0.997908
vt 0.394055 0.061898
vt 0.408425 0.061898
vt 0.408425 0.075106
vt 0.394055 0.075106
vt 0.409864 0.061898
vt 0.424236 0.061898
vt 0.424236 0.075106
vt 0.409864 0.075106
vt 0.425835 0.061898
vt 0.440205 0.061898
vt 0.440205 0.075106
vt 0.425835 0.075106
vt 0.377846 0.061898
vt 0.392216 0.061898
vt 0.392216 0.075106
vt 0.377846 0.075106
vt 0.376021 0.061882
vt 0.376021 0.075091
vt 0.361651 0.075091
vt 0.361651 0.061882
vt 0.312544 0.061774
vt 0.326914 0.061774
vt 0.326914 0.074984
vt 0.312544 0.074984
vt 0.328593 0.061774
vt 0.342965 0.061774
vt 0.342965 0.074984
vt 0.328593 0.074984
vt 0.345044 0.061774
vt 0.359414 0.061774
vt 0.359414 0.074984
vt 0.345044 0.074984
vt 0.294758 0.061758
vt 0.294758 0.074967
vt 0.280388 0.074967
vt 0.280388 0.061758
vt 0.394055 0.061898
vt 0.408425 0.061898
vt 0.408425 0.075106
vt 0.394055 0.075106
vt 0.409864 0.061898
vt 0.424236 0.061898
vt 0.424236 0.075106
vt 0.409864 0.075106
vt 0.425835 0.061898
vt 0.440205 0.061898
vt 0.440205 0.075106
vt 0.425835 0.075106
vt 0.377846 0.061898
vt 0.392216 0.061898
vt 0.392216 0.075106
vt 0.377846 0.075106
vt 0.376021 0.061882
vt 0.376021 0.075091
vt 0.361651 0.075091
vt 0.361651 0.061882
vt 0.394055 0.061898
vt 0.408425 0.061898
vt 0.408425 0.075106
vt 0.394055 0.075106
vt 0.409864 0.061898
vt 0.424236 0.061898
vt 0.424236 0.075106
vt 0.409864 0.075106
vt 0.377846 0.061898
vt 0.392216 0.061898
vt 0.392216 0.075106
vt 0.377846 0.075106
vt 0.376021 0.061882
vt 0.376021 0.075091
vt 0.361651 0.075091
vt 0.361651 0.061882
vt 0.312544 0.061774
vt 0.326914 0.061774
vt 0.326914 0.074984
vt 0.312544 0.074984
vt 0.328593 0.061774
vt 0.342965 0.061774
vt 0.342965 0.074984
vt 0.328593 0.074984
vt 0.345044 0.061774
vt 0.359414 0.061774
vt 0.359414 0.074984
vt 0.345044 0.074984
vt 0.296415 0.061774
vt 0.310785 0.061774
vt 0.310785 0.074984
vt 0.296415 0.074984
vt 0.294758 0.061758
vt 0.294758 0.074967
vt 0.280388 0.074967
vt 0.280388 0.061758
vt 0.004562 0.066450
vt 0.004562 0.071617
vt 0.001361 0.071615
vt 0.001361 0.066450
vt 0.004562 0.066450
vt 0.004562 0.071617
vt 0.001361 0.071615
vt 0.001361 0.066450
vt 0.004562 0.066450
vt 0.004562 0.071617
vt 0.001361 0.071615
vt 0.001361 0.066450
vt 0.004562 0.066450
vt 0.004562 0.071617
vt 0.001361 0.071615
vt 0.001361 0.066450
vt 0.004562 0.066450
vt 0.004562 0.071617
vt 0.001361 0.071615
vt 0.001361 0.066450
vt 0.004562 0.066450
vt 0.004562 0.071617
vt 0.001361 0.071615
vt 0.001361 0.066450
vt 0.004562 0.066450
vt 0.004562 0.071617
vt 0.001361 0.071615
vt 0.001361 0.066450
vt 0.922882 0.021468
vt 0.922882 0.031342
vt 0.920645 0.031342
vt 0.920645 0.024204
vt 0.922882 0.031342
vt 0.922882 0.021468
vt 0.924967 0.024204
vt 0.924967 0.031342
vt 0.935357 0.031342
vt 0.932363 0.031342
vt 0.932354 0.021471
vt 0.935348 0.024205
vt 0.929516 0.024205
vt 0.932354 0.021471
vt 0.932363 0.031342
vt 0.929523 0.031342
vt 0.922882 0.021468
vt 0.922882 0.031342
vt 0.920645 0.031342
vt 0.920645 0.024204
vt 0.922882 0.031342
vt 0.922882 0.021468
vt 0.924967 0.024204
vt 0.924967 0.031342
vt 0.935357 0.031342
vt 0.932363 0.031342
vt 0.932354 0.021471
vt 0.935348 0.024205
vt 0.929516 0.024205
vt 0.932354 0.021471
vt 0.932363 0.031342
vt 0.929523 0.031342
vt 0.922882 0.021468
vt 0.922882 0.031342
vt 0.920645 0.031342
vt 0.920645 0.024204
vt 0.922882 0.031342
vt 0.922882 0.021468
vt 0.924967 0.024204
vt 0.924967 0.031342
vt 0.935357 0.031342
vt 0.932363 0.031342
vt 0.932354 0.021471
vt 0.935348 0.024205
vt 0.929516 0.024205
vt 0.932354 0.021471
vt 0.932363 0.031342
vt 0.929523 0.031342
vt 0.935357 0.031342
vt 0.932363 0.031342
vt 0.932354 0.021471
vt 0.935348 0.024205
vt 0.929516 0.024205
vt 0.932354 0.021471
vt 0.932363 0.031342
vt 0.929523 0.031342
vt 0.514251 0.364460
vt 0.530104 0.364460
vt 0.526783 0.358856
vt 0.517628 0.358856
vt 0.512940 0.364460
vt 0.510046 0.358856
vt 0.501080 0.358856
vt 0.497879 0.364460
vt 0.581767 0.364460
vt 0.596895 0.364460
vt 0.593669 0.358856
vt 0.584693 0.358856
vt 0.564177 0.364460
vt 0.580034 0.364460
vt 0.576718 0.358856
vt 0.567558 0.358856
vt 0.562651 0.364460
vt 0.559821 0.358856
vt 0.550852 0.358856
vt 0.547692 0.364460
vt 0.531181 0.364460
vt 0.546243 0.364460
vt 0.543016 0.358856
vt 0.534040 0.358856
vt 0.530104 0.377573
vt 0.530104 0.365962
vt 0.514251 0.365962
vt 0.514251 0.377573
vt 0.546243 0.377573
vt 0.546243 0.365962
vt 0.531181 0.365962
vt 0.531181 0.377573
vt 0.562651 0.377573
vt 0.562651 0.365962
vt 0.547692 0.365962
vt 0.547692 0.377573
vt 0.580034 0.377573
vt 0.580034 0.365962
vt 0.564177 0.365962
vt 0.564177 0.377573
vt 0.596895 0.377573
vt 0.596895 0.365962
vt 0.581767 0.365962
vt 0.581767 0.377573
vt 0.512940 0.377573
vt 0.512940 0.365962
vt 0.497879 0.365962
vt 0.497879 0.377573
vt 0.512432 0.396760
vt 0.512432 0.382770
vt 0.497597 0.382770
vt 0.497597 0.396760
vt 0.529640 0.396760
vt 0.529640 0.382770
vt 0.513743 0.382770
vt 0.513743 0.396760
vt 0.545837 0.396760
vt 0.545837 0.382770
vt 0.530717 0.382770
vt 0.530717 0.396760
vt 0.562401 0.396760
vt 0.562401 0.382770
vt 0.547285 0.382770
vt 0.547285 0.396760
vt 0.579856 0.396760
vt 0.579856 0.382770
vt 0.563927 0.382770
vt 0.563927 0.396760
vt 0.596466 0.396760
vt 0.596466 0.382770
vt 0.581590 0.382770
vt 0.581590 0.396760
vt 0.527957 0.405594
vt 0.529640 0.397649
vt 0.513743 0.397649
vt 0.515487 0.405594
vt 0.577908 0.405594
vt 0.579856 0.397649
vt 0.563927 0.397649
vt 0.565956 0.405594
vt 0.345810 0.018290
vt 0.345810 0.028057
vt 0.248147 0.028056
vt 0.248147 0.018290
vt 0.345810 0.039613
vt 0.248211 0.039613
vt 0.248147 0.029868
vt 0.345810 0.029868
vt 0.013317 0.020929
vt 0.028566 0.019877
vt 0.028566 0.028486
vt 0.013317 0.028486
vt 0.013317 0.030298
vt 0.028566 0.030298
vt 0.028566 0.038943
vt 0.013317 0.038060
vt 0.160084 0.029852
vt 0.160084 0.039023
vt 0.127876 0.039023
vt 0.127876 0.029852
vt 0.160084 0.018927
vt 0.160084 0.028041
vt 0.127876 0.028041
vt 0.127876 0.018927
vt 0.160084 0.029852
vt 0.165101 0.031856
vt 0.165101 0.036949
vt 0.160084 0.039023
vt 0.160084 0.018927
vt 0.165244 0.021181
vt 0.165244 0.026019
vt 0.160084 0.028041
vt 0.113317 0.037190
vt 0.113397 0.029906
vt 0.125028 0.029906
vt 0.125028 0.037983
vt 0.113397 0.028095
vt 0.112417 0.021831
vt 0.125028 0.020013
vt 0.125028 0.028095
vt 0.160084 0.029852
vt 0.160084 0.039023
vt 0.127876 0.039023
vt 0.127876 0.029852
vt 0.160084 0.018927
vt 0.160084 0.028041
vt 0.127876 0.028041
vt 0.127876 0.018927
vt 0.160084 0.029852
vt 0.165101 0.031856
vt 0.165101 0.036949
vt 0.160084 0.039023
vt 0.160084 0.018927
vt 0.165244 0.021181
vt 0.165244 0.026019
vt 0.160084 0.028041
vt 0.113317 0.037190
vt 0.113397 0.029906
vt 0.125028 0.029906
vt 0.125028 0.037983
vt 0.113397 0.028095
vt 0.112417 0.021831
vt 0.125028 0.020013
vt 0.125028 0.028095
vt 0.068334 0.030227
vt 0.068346 0.038497
vt 0.043968 0.038497
vt 0.043968 0.030227
vt 0.068324 0.020125
vt 0.068334 0.028416
vt 0.043968 0.028416
vt 0.043968 0.020125
vt 0.068334 0.030227
vt 0.072179 0.032147
vt 0.072179 0.036713
vt 0.068346 0.038497
vt 0.068324 0.020125
vt 0.072198 0.022294
vt 0.072198 0.026629
vt 0.068334 0.028416
vt 0.030461 0.037885
vt 0.030564 0.030348
vt 0.041726 0.030348
vt 0.041726 0.038708
vt 0.030564 0.028536
vt 0.029376 0.022336
vt 0.041726 0.020172
vt 0.041726 0.028536
vt 0.068334 0.030227
vt 0.068346 0.038497
vt 0.043968 0.038497
vt 0.043968 0.030227
vt 0.068324 0.020125
vt 0.068334 0.028416
vt 0.043968 0.028416
vt 0.043968 0.020125
vt 0.068334 0.030227
vt 0.072179 0.032147
vt 0.072179 0.036713
vt 0.068346 0.038497
vt 0.068324 0.020125
vt 0.072198 0.022294
vt 0.072198 0.026629
vt 0.068334 0.028416
vt 0.030461 0.037885
vt 0.030564 0.030348
vt 0.041726 0.030348
vt 0.041726 0.038708
vt 0.030564 0.028536
vt 0.029376 0.022336
vt 0.041726 0.020172
vt 0.041726 0.028536
vt 0.068334 0.030227
vt 0.068346 0.038497
vt 0.043968 0.038497
vt 0.043968 0.030227
vt 0.068324 0.020125
vt 0.068334 0.028416
vt 0.043968 0.028416
vt 0.043968 0.020125
vt 0.068334 0.030227
vt 0.072179 0.032147
vt 0.072179 0.036713
vt 0.068346 0.038497
vt 0.068324 0.020125
vt 0.072198 0.022294
vt 0.072198 0.026629
vt 0.068334 0.028416
vt 0.030461 0.037885
vt 0.030564 0.030348
vt 0.041726 0.030348
vt 0.041726 0.038708
vt 0.030564 0.028536
vt 0.029376 0.022336
vt 0.041726 0.020172
vt 0.041726 0.028536
vt 0.752010 0.963880
vt 0.752010 0.961305
vt 0.758500 0.962325
vt 0.743955 0.962503
vt 0.754397 0.968355
vt 0.754397 0.966305
vt 0.759339 0.967239
vt 0.747706 0.967239
vt 0.754397 0.968355
vt 0.754397 0.966305
vt 0.759339 0.967239
vt 0.747706 0.967239
vt 0.752010 0.963880
vt 0.752010 0.961305
vt 0.758500 0.962325
vt 0.743955 0.962503
vt 0.754397 0.968355
vt 0.754397 0.966305
vt 0.759339 0.967239
vt 0.747706 0.967239
vt 0.752010 0.963880
vt 0.752010 0.961305
vt 0.758500 0.962325
vt 0.743955 0.962503
vt 0.740897 0.961021
vt 0.740294 0.969146
vt 0.736336 0.969146
vt 0.735733 0.961021
vt 0.722193 0.961021
vt 0.721590 0.969146
vt 0.717632 0.969146
vt 0.717029 0.961021
vt 0.728381 0.961021
vt 0.727778 0.969146
vt 0.723820 0.969146
vt 0.723217 0.961021
vt 0.734640 0.961021
vt 0.734037 0.969146
vt 0.730077 0.969146
vt 0.729474 0.961021
vt 0.742463 0.969245
vt 0.742463 0.965768
vt 0.746421 0.965768
vt 0.746421 0.969245
vt 0.716760 0.973033
vt 0.716760 0.971439
vt 0.729397 0.971968
vt 0.729397 0.973033
vt 0.729397 0.974146
vt 0.729327 0.975255
vt 0.716760 0.975255
vt 0.716760 0.974146
vt 0.718413 0.983002
vt 0.716896 0.977078
vt 0.723149 0.977078
vt 0.721741 0.983002
vt 0.736908 0.983003
vt 0.735444 0.977078
vt 0.741696 0.977077
vt 0.740197 0.983003
vt 0.730635 0.983002
vt 0.729223 0.977078
vt 0.735444 0.977078
vt 0.733962 0.983002
vt 0.724541 0.983003
vt 0.723149 0.977078
vt 0.729223 0.977078
vt 0.727830 0.983003
vt 0.743249 0.982731
vt 0.743249 0.976799
vt 0.749922 0.976799
vt 0.749922 0.982731
vt 0.752102 0.971885
vt 0.752102 0.974287
vt 0.746046 0.973306
vt 0.759617 0.973159
vt 0.737158 0.971861
vt 0.737158 0.974263
vt 0.731103 0.973193
vt 0.744674 0.973105
vt 0.752102 0.971885
vt 0.752102 0.974287
vt 0.746046 0.973306
vt 0.759617 0.973159
vt 0.737158 0.971861
vt 0.737158 0.974263
vt 0.731103 0.973193
vt 0.744674 0.973105
vt 0.752102 0.971885
vt 0.752102 0.974287
vt 0.746046 0.973306
vt 0.759617 0.973159
vt 0.169629 0.028067
vt 0.246335 0.028067
vt 0.246335 0.018795
vt 0.169629 0.018795
vt 0.246335 0.039156
vt 0.246335 0.029878
vt 0.169629 0.029878
vt 0.169629 0.039156
vt 0.001268 0.021769
vt 0.001268 0.028656
vt 0.011218 0.028656
vt 0.011218 0.021118
vt 0.001268 0.030467
vt 0.001268 0.037481
vt 0.011218 0.038105
vt 0.011218 0.030467
vt 0.826724 0.013784
vt 0.806948 0.013784
vt 0.806948 0.012867
vt 0.826724 0.012867
vt 0.826724 0.013784
vt 0.806948 0.013784
vt 0.806948 0.012867
vt 0.826724 0.012867
vt 0.804402 0.014552
vt 0.784625 0.014552
vt 0.784625 0.013632
vt 0.804402 0.013632
vt 0.008003 0.606759
vt 0.004780 0.606759
vt 0.004780 0.583657
vt 0.008003 0.583657
vt 0.008003 0.606759
vt 0.004780 0.606759
vt 0.004780 0.583657
vt 0.008003 0.583657
vt 0.008003 0.606759
vt 0.004780 0.606759
vt 0.004780 0.583657
vt 0.008003 0.583657
vt 0.008003 0.606759
vt 0.004780 0.606759
vt 0.004780 0.583657
vt 0.008003 0.583657
vt 0.008003 0.606759
vt 0.004780 0.606759
vt 0.004780 0.583657
vt 0.008003 0.583657
vt 0.922882 0.021468
vt 0.922882 0.031342
vt 0.920645 0.031342
vt 0.920645 0.024204
vt 0.922882 0.031342
vt 0.922882 0.021468
vt 0.924967 0.024204
vt 0.924967 0.031342
vt 0.935357 0.031342
vt 0.932363 0.031342
vt 0.932354 0.021471
vt 0.935348 0.024205
vt 0.929516 0.024205
vt 0.932354 0.021471
vt 0.932363 0.031342
vt 0.929523 0.031342
vt 0.160084 0.029852
vt 0.160084 0.039023
vt 0.127876 0.039023
vt 0.127876 0.029852
vt 0.160084 0.018927
vt 0.160084 0.028041
vt 0.127876 0.028041
vt 0.127876 0.018927
vt 0.160084 0.029852
vt 0.165101 0.031856
vt 0.165101 0.036949
vt 0.160084 0.039023
vt 0.160084 0.018927
vt 0.165244 0.021181
vt 0.165244 0.026019
vt 0.160084 0.028041
vt 0.113317 0.037190
vt 0.113397 0.029906
vt 0.125028 0.029906
vt 0.125028 0.037983
vt 0.113397 0.028095
vt 0.112417 0.021831
vt 0.125028 0.020013
vt 0.125028 0.028095
vt 0.757849 0.014548
vt 0.767252 0.014548
vt 0.766425 0.015664
vt 0.758945 0.015664
vt 0.766425 0.012788
vt 0.767252 0.013901
vt 0.757849 0.013901
vt 0.758945 0.012788
vt 0.591976 0.013574
vt 0.545206 0.013574
vt 0.545206 0.012672
vt 0.591976 0.012672
vt 0.591976 0.016239
vt 0.545206 0.016241
vt 0.545206 0.015364
vt 0.591976 0.015364
vt 0.591976 0.013574
vt 0.545206 0.013574
vt 0.545206 0.012672
vt 0.591976 0.012672
vt 0.591976 0.015364
vt 0.545206 0.015364
vt 0.545206 0.014461
vt 0.591976 0.014461
vt 0.591976 0.013574
vt 0.545206 0.013574
vt 0.545206 0.012672
vt 0.591976 0.012672
vt 0.591976 0.016239
vt 0.545206 0.016241
vt 0.545206 0.015364
vt 0.591976 0.015364
vt 0.591976 0.013574
vt 0.545206 0.013574
vt 0.545206 0.012672
vt 0.591976 0.012672
vt 0.591976 0.015364
vt 0.545206 0.015364
vt 0.545206 0.014461
vt 0.591976 0.014461
vt 0.591976 0.013574
vt 0.545206 0.013574
vt 0.545206 0.012672
vt 0.591976 0.012672
vt 0.591976 0.016239
vt 0.545206 0.016241
vt 0.545206 0.015364
vt 0.591976 0.015364
vt 0.720106 0.014404
vt 0.728352 0.014404
vt 0.727633 0.015493
vt 0.721070 0.015493
vt 0.727633 0.012695
vt 0.728352 0.013785
vt 0.720106 0.013785
vt 0.721070 0.012695
vt 0.312544 0.061774
vt 0.326914 0.061774
vt 0.326914 0.074984
vt 0.312544 0.074984
vt 0.328593 0.061774
vt 0.342965 0.061774
vt 0.342965 0.074984
vt 0.328593 0.074984
vt 0.296415 0.061774
vt 0.310785 0.061774
vt 0.310785 0.074984
vt 0.296415 0.074984
vt 0.294758 0.061758
vt 0.294758 0.074967
vt 0.280388 0.074967
vt 0.280388 0.061758
vt 0.266411 0.946586
vt 0.266411 0.921219
vt 0.286765 0.921219
vt 0.286765 0.946586
vt 0.106989 0.736544
vt 0.106989 0.550354
vt 0.191203 0.550349
vt 0.191223 0.736703
vt 0.389404 0.897057
vt 0.389403 0.997643
vt 0.314816 0.997643
vt 0.314816 0.897057
vt 0.372884 0.656323
vt 0.372884 0.550135
vt 0.448720 0.550135
vt 0.448720 0.656323
vt 0.140265 0.923937
vt 0.140265 0.953186
vt 0.123379 0.953186
vt 0.123379 0.923937
vt 0.245863 0.432266
vt 0.245866 0.538625
vt 0.363661 0.538383
vt 0.363660 0.432199
vt 0.370767 0.550354
vt 0.370316 0.736531
vt 0.286521 0.736572
vt 0.286554 0.550353
vt 0.013844 0.736448
vt 0.013917 0.550362
vt 0.104383 0.550350
vt 0.104382 0.736503
vt 0.423560 0.789567
vt 0.423560 0.795454
vt 0.418217 0.795339
vt 0.418215 0.789567
vt 0.391522 0.789465
vt 0.391522 0.795294
vt 0.386179 0.795180
vt 0.386177 0.789465
vt 0.367980 0.790774
vt 0.367980 0.798112
vt 0.310934 0.798112
vt 0.310934 0.790774
vt 0.206711 0.790774
vt 0.206697 0.798226
vt 0.188414 0.798111
vt 0.188408 0.790774
vt 0.446710 0.549139
vt 0.375054 0.549244
vt 0.375054 0.544216
vt 0.446710 0.544112
vt 0.605861 0.548866
vt 0.534197 0.548952
vt 0.534196 0.543924
vt 0.605861 0.543838
vt 0.686628 0.548947
vt 0.613275 0.549069
vt 0.613275 0.544041
vt 0.686630 0.543967
vt 0.368545 0.425595
vt 0.368546 0.431418
vt 0.483581 0.431349
vt 0.483591 0.425596
vt 0.247761 0.425675
vt 0.247761 0.431498
vt 0.362798 0.431429
vt 0.362807 0.425675
vt 0.193555 0.285737
vt 0.193555 0.292395
vt 0.151662 0.292395
vt 0.151662 0.285737
vt 0.242856 0.285851
vt 0.242856 0.292509
vt 0.202531 0.292509
vt 0.202531 0.285851
vt 0.140733 0.286300
vt 0.140733 0.292958
vt 0.002109 0.292958
vt 0.002109 0.286300
vt 0.368737 0.549915
vt 0.288543 0.549991
vt 0.288543 0.545099
vt 0.368737 0.545022
vt 0.282603 0.549814
vt 0.196107 0.549878
vt 0.196107 0.544985
vt 0.282603 0.544922
vt 0.189256 0.550406
vt 0.109048 0.550405
vt 0.109048 0.544818
vt 0.189256 0.544818
vt 0.688581 0.790666
vt 0.688581 0.797903
vt 0.708709 0.797787
vt 0.708733 0.790679
vt 0.770710 0.790666
vt 0.770710 0.797845
vt 0.787582 0.797845
vt 0.787582 0.790666
vt 0.714194 0.790666
vt 0.714194 0.797845
vt 0.746808 0.797845
vt 0.746808 0.790666
vt 0.588729 0.790665
vt 0.588729 0.797845
vt 0.658752 0.797845
vt 0.658747 0.790665
vt 0.539688 0.790666
vt 0.539688 0.797845
vt 0.584032 0.797845
vt 0.584032 0.790666
vt 0.126163 0.425524
vt 0.126172 0.431357
vt 0.241353 0.431343
vt 0.241353 0.425524
vt 0.729397 0.970909
vt 0.729397 0.971968
vt 0.716760 0.971968
vt 0.716760 0.970909
vt 0.723149 0.977078
vt 0.721741 0.983002
vt 0.718413 0.983002
vt 0.716896 0.977078
vt 0.741696 0.977077
vt 0.740197 0.983003
vt 0.736908 0.983003
vt 0.735444 0.977078
vt 0.735444 0.977078
vt 0.733962 0.983002
vt 0.730635 0.983002
vt 0.729223 0.977078
vt 0.729223 0.977078
vt 0.727830 0.983003
vt 0.724541 0.983003
vt 0.723149 0.977078
vt 0.749922 0.976799
vt 0.749922 0.982731
vt 0.743249 0.982731
vt 0.743249 0.976799
vt 0.746046 0.973306
vt 0.752102 0.971885
vt 0.752102 0.974287
vt 0.759617 0.973159
vt 0.731103 0.973193
vt 0.737158 0.971861
vt 0.737158 0.974263
vt 0.744674 0.973105
vt 0.758500 0.962325
vt 0.752010 0.963880
vt 0.752010 0.961305
vt 0.743955 0.962503
vt 0.736336 0.969146
vt 0.735733 0.961021
vt 0.740897 0.961021
vt 0.740294 0.969146
vt 0.717632 0.969146
vt 0.717029 0.961021
vt 0.722193 0.961021
vt 0.721590 0.969146
vt 0.723820 0.969146
vt 0.723217 0.961021
vt 0.728381 0.961021
vt 0.727778 0.969146
vt 0.730077 0.969146
vt 0.729474 0.961021
vt 0.734640 0.961021
vt 0.734037 0.969146
vt 0.746421 0.965768
vt 0.746421 0.969245
vt 0.742463 0.969245
vt 0.742463 0.965768
vt 0.326914 0.074984
vt 0.312544 0.074984
vt 0.312544 0.061774
vt 0.326914 0.061774
vt 0.342965 0.074984
vt 0.328593 0.074984
vt 0.328593 0.061774
vt 0.342965 0.061774
vt 0.359414 0.074984
vt 0.345044 0.074984
vt 0.345044 0.061774
vt 0.359414 0.061774
vt 0.310785 0.074984
vt 0.296415 0.074984
vt 0.296415 0.061774
vt 0.310785 0.061774
vt 0.280388 0.074967
vt 0.280388 0.061759
vt 0.294758 0.061759
vt 0.294758 0.074967
vt 0.408425 0.075106
vt 0.394055 0.075106
vt 0.394055 0.061898
vt 0.408425 0.061898
vt 0.424236 0.075106
vt 0.409864 0.075106
vt 0.409864 0.061898
vt 0.424236 0.061898
vt 0.392216 0.075106
vt 0.377846 0.075106
vt 0.377846 0.061898
vt 0.392216 0.061898
vt 0.361651 0.075091
vt 0.361651 0.061882
vt 0.376021 0.061882
vt 0.376021 0.075091
vt 0.085166 0.119159
vt 0.085166 0.198553
vt 0.001318 0.198553
vt 0.001318 0.119159
vt 0.920645 0.031342
vt 0.920645 0.024204
vt 0.922882 0.021468
vt 0.922882 0.031342
vt 0.924967 0.024204
vt 0.924967 0.031342
vt 0.922882 0.031342
vt 0.922882 0.021468
vt 0.932354 0.021471
vt 0.935348 0.024205
vt 0.935357 0.031342
vt 0.932363 0.031342
vt 0.932363 0.031342
vt 0.929523 0.031342
vt 0.929516 0.024205
vt 0.932354 0.021471
vt 0.246335 0.018795
vt 0.246335 0.028067
vt 0.169629 0.028067
vt 0.169629 0.018795
vt 0.246335 0.039156
vt 0.169642 0.039156
vt 0.169629 0.029878
vt 0.246335 0.029878
vt 0.001268 0.021769
vt 0.011218 0.021118
vt 0.011218 0.028656
vt 0.001268 0.028656
vt 0.001268 0.030467
vt 0.011218 0.030467
vt 0.011218 0.038105
vt 0.001268 0.037481
vt 0.118071 0.431265
vt 0.118071 0.425445
vt 0.000908 0.425445
vt 0.000917 0.431306
vt 0.360125 0.421495
vt 0.359942 0.287342
vt 0.493002 0.287342
vt 0.493185 0.421314
vt 0.178440 0.119049
vt 0.268073 0.119049
vt 0.268073 0.214880
vt 0.178440 0.214880
vt 0.458299 0.790665
vt 0.458298 0.797845
vt 0.517892 0.797845
vt 0.517891 0.790665
vt 0.090308 0.197792
vt 0.090308 0.119275
vt 0.173673 0.119275
vt 0.173673 0.197792
vt 0.160084 0.029852
vt 0.160084 0.039023
vt 0.127876 0.039023
vt 0.127876 0.029852
vt 0.160084 0.018927
vt 0.160084 0.028041
vt 0.127876 0.028041
vt 0.127876 0.018927
vt 0.165101 0.036949
vt 0.160084 0.039023
vt 0.160084 0.029852
vt 0.165101 0.031856
vt 0.165244 0.026019
vt 0.160084 0.028041
vt 0.160084 0.018927
vt 0.165244 0.021181
vt 0.113317 0.037190
vt 0.113397 0.029906
vt 0.125027 0.029906
vt 0.125027 0.037983
vt 0.113397 0.028095
vt 0.112417 0.021831
vt 0.125027 0.020013
vt 0.125027 0.028095
vt 0.395779 0.521422
vt 0.395991 0.459845
vt 0.456237 0.460071
vt 0.456023 0.521646
vt 0.724604 0.986602
vt 0.717527 0.986602
vt 0.717527 0.985795
vt 0.724604 0.985795
vt 0.735711 0.991051
vt 0.734299 0.997804
vt 0.731200 0.997804
vt 0.729788 0.991051
vt 0.729788 0.991051
vt 0.728232 0.997804
vt 0.725168 0.997804
vt 0.723616 0.991051
vt 0.723616 0.991051
vt 0.722205 0.997804
vt 0.719106 0.997804
vt 0.717692 0.991051
vt 0.741964 0.991051
vt 0.740569 0.997804
vt 0.737506 0.997804
vt 0.735711 0.991051
vt 0.748851 0.991146
vt 0.748851 0.997908
vt 0.742996 0.997908
vt 0.742996 0.991146
vt 0.152549 0.012900
vt 0.203917 0.012900
vt 0.203917 0.014216
vt 0.152549 0.014216
vt 0.377060 0.887128
vt 0.377055 0.799332
vt 0.402620 0.799403
vt 0.402622 0.887092
vt 0.494544 0.538386
vt 0.494544 0.432199
vt 0.371177 0.432199
vt 0.371176 0.538383
vt 0.124192 0.538134
vt 0.243764 0.538625
vt 0.243764 0.432266
vt 0.124182 0.432265
vt 0.640072 0.734609
vt 0.578895 0.734630
vt 0.578886 0.658086
vt 0.640040 0.658086
vt 0.074432 0.723134
vt 0.013214 0.723131
vt 0.013214 0.720167
vt 0.074432 0.720170
vt 0.074733 0.733120
vt 0.074731 0.724782
vt 0.002416 0.724793
vt 0.002418 0.733130
vt 0.002418 0.735215
vt 0.002418 0.738167
vt 0.074733 0.738167
vt 0.074733 0.735204
vt 0.001905 0.723131
vt 0.004588 0.720167
vt 0.013214 0.720167
vt 0.013214 0.723131
vt 0.345810 0.018290
vt 0.345810 0.028057
vt 0.248147 0.028056
vt 0.248147 0.018290
vt 0.345810 0.039613
vt 0.248147 0.039613
vt 0.248147 0.029868
vt 0.345810 0.029868
vt 0.013317 0.020929
vt 0.028566 0.019877
vt 0.028566 0.028486
vt 0.013317 0.028486
vt 0.013317 0.030298
vt 0.028566 0.030298
vt 0.028566 0.038943
vt 0.013317 0.038065
vt 0.576649 0.734630
vt 0.552875 0.734630
vt 0.552875 0.658070
vt 0.576640 0.658086
vt 0.579109 0.656341
vt 0.579109 0.634031
vt 0.640263 0.634031
vt 0.640263 0.656341
vt 0.642088 0.658086
vt 0.665894 0.658052
vt 0.665894 0.734609
vt 0.642120 0.734609
vt 0.167617 0.382838
vt 0.167654 0.421680
vt 0.109226 0.421700
vt 0.109186 0.382859
vt 0.155048 0.896681
vt 0.155048 0.997385
vt 0.083813 0.997385
vt 0.083813 0.896681
vt 0.312912 0.997643
vt 0.241750 0.997643
vt 0.241750 0.897057
vt 0.312912 0.897057
vt 0.196703 0.703465
vt 0.241157 0.703439
vt 0.241157 0.736475
vt 0.196703 0.736497
vt 0.518834 0.735162
vt 0.465426 0.735162
vt 0.465426 0.658630
vt 0.518834 0.658630
vt 0.159067 0.281793
vt 0.203907 0.281793
vt 0.200827 0.220447
vt 0.159039 0.220447
vt 0.421959 0.656289
vt 0.405798 0.656289
vt 0.405798 0.625808
vt 0.421959 0.625808
vt 0.335132 0.736293
vt 0.288265 0.736297
vt 0.288265 0.659360
vt 0.335132 0.659358
vt 0.385797 0.736297
vt 0.337267 0.736293
vt 0.337267 0.659358
vt 0.385797 0.659360
vt 0.806948 0.012867
vt 0.826724 0.012867
vt 0.826724 0.013784
vt 0.806948 0.013784
vt 0.784625 0.013632
vt 0.804402 0.013632
vt 0.804402 0.014552
vt 0.784625 0.014552
vt 0.828646 0.015671
vt 0.848423 0.015671
vt 0.848423 0.016592
vt 0.828646 0.016592
vt 0.024048 0.513420
vt 0.024048 0.500364
vt 0.071936 0.500364
vt 0.071936 0.513420
vt 0.073884 0.513420
vt 0.073884 0.500364
vt 0.119840 0.500364
vt 0.119840 0.513420
vt 0.121174 0.513420
vt 0.121174 0.500364
vt 0.130998 0.500364
vt 0.130998 0.513420
vt 0.014269 0.513420
vt 0.014269 0.500364
vt 0.022468 0.500364
vt 0.022468 0.513420
vt 0.211971 0.046884
vt 0.211939 0.043400
vt 0.269039 0.043403
vt 0.269071 0.046884
vt 0.143445 0.047365
vt 0.143445 0.043429
vt 0.157880 0.043429
vt 0.157880 0.047365
vt 0.928655 0.887128
vt 0.928655 0.873490
vt 0.883039 0.836607
vt 0.833805 0.836608
vt 0.818600 0.824309
vt 0.818600 0.834700
vt 0.822401 0.824291
vt 0.209829 0.048834
vt 0.209797 0.059325
vt 0.164987 0.059325
vt 0.164987 0.048834
vt 0.270544 0.046884
vt 0.270515 0.043403
vt 0.282718 0.043401
vt 0.282719 0.046884
vt 0.708741 0.887128
vt 0.708731 0.799173
vt 0.686587 0.799546
vt 0.686492 0.887128
vt 0.658938 0.887128
vt 0.658938 0.799548
vt 0.588590 0.799548
vt 0.588590 0.887128
vt 0.683618 0.887128
vt 0.683618 0.799548
vt 0.661270 0.799548
vt 0.661270 0.887128
vt 0.143445 0.043429
vt 0.143445 0.047365
vt 0.140264 0.047365
vt 0.140264 0.043429
vt 0.209798 0.043400
vt 0.209829 0.046884
vt 0.164987 0.046884
vt 0.164987 0.043398
vt 0.756646 0.887128
vt 0.756646 0.799820
vt 0.710479 0.799173
vt 0.710490 0.887128
vt 0.528442 0.887128
vt 0.584096 0.887128
vt 0.584096 0.799547
vt 0.528442 0.799548
vt 0.452815 0.887129
vt 0.524436 0.887129
vt 0.524436 0.799548
vt 0.452820 0.799548
vt 0.566529 0.005399
vt 0.566529 0.007343
vt 0.572227 0.005399
vt 0.574834 0.007343
vt 0.306899 0.048786
vt 0.306899 0.059128
vt 0.285465 0.059128
vt 0.285465 0.048786
vt 0.262727 0.786456
vt 0.283509 0.786456
vt 0.283509 0.740240
vt 0.262727 0.740240
vt 0.378355 0.013133
vt 0.431324 0.013133
vt 0.431324 0.014457
vt 0.378355 0.014457
vt 0.378355 0.015417
vt 0.431324 0.015417
vt 0.431324 0.016126
vt 0.378355 0.016126
vt 0.542368 0.015218
vt 0.542293 0.016189
vt 0.489450 0.016031
vt 0.489520 0.015218
vt 0.434945 0.012672
vt 0.487463 0.012672
vt 0.487463 0.013613
vt 0.434945 0.013613
vt 0.434945 0.015298
vt 0.487463 0.015298
vt 0.487463 0.016130
vt 0.434945 0.016130
vt 0.001061 0.012221
vt 0.042716 0.012221
vt 0.042716 0.013569
vt 0.001061 0.013569
vt 0.001061 0.014987
vt 0.042716 0.014987
vt 0.042716 0.015894
vt 0.001061 0.015894
vt 0.045412 0.012281
vt 0.087155 0.012281
vt 0.087155 0.013195
vt 0.045412 0.013195
vt 0.045412 0.014553
vt 0.087155 0.014553
vt 0.087155 0.015899
vt 0.045412 0.015899
vt 0.716772 0.292279
vt 0.710176 0.292279
vt 0.709058 0.289872
vt 0.717495 0.289872
vt 0.664843 0.292279
vt 0.658216 0.292279
vt 0.657417 0.289872
vt 0.665987 0.289872
vt 0.675318 0.292279
vt 0.668718 0.292279
vt 0.667663 0.289872
vt 0.676451 0.289872
vt 0.685962 0.292279
vt 0.679363 0.292279
vt 0.678226 0.289872
vt 0.687007 0.289872
vt 0.695862 0.292279
vt 0.689233 0.292279
vt 0.688069 0.289872
vt 0.697002 0.289872
vt 0.706233 0.292279
vt 0.699632 0.292279
vt 0.698587 0.289872
vt 0.707348 0.289872
vt 0.004780 0.583657
vt 0.008003 0.583657
vt 0.008003 0.606759
vt 0.004780 0.606759
vt 0.526783 0.358856
vt 0.530104 0.364460
vt 0.514251 0.364460
vt 0.517628 0.358856
vt 0.501080 0.358856
vt 0.510046 0.358856
vt 0.512940 0.364460
vt 0.497880 0.364460
vt 0.593669 0.358856
vt 0.596895 0.364460
vt 0.581767 0.364460
vt 0.584693 0.358856
vt 0.576718 0.358856
vt 0.580034 0.364460
vt 0.564177 0.364460
vt 0.567558 0.358856
vt 0.550852 0.358856
vt 0.559821 0.358856
vt 0.562651 0.364460
vt 0.547692 0.364460
vt 0.543016 0.358856
vt 0.546243 0.364460
vt 0.531181 0.364460
vt 0.534040 0.358856
vt 0.514251 0.365962
vt 0.530104 0.365962
vt 0.530104 0.377573
vt 0.514251 0.377573
vt 0.531181 0.365962
vt 0.546243 0.365962
vt 0.546243 0.377573
vt 0.531181 0.377573
vt 0.547692 0.365962
vt 0.562651 0.365962
vt 0.562651 0.377573
vt 0.547692 0.377573
vt 0.564177 0.365962
vt 0.580034 0.365962
vt 0.580034 0.377573
vt 0.564177 0.377573
vt 0.581767 0.365962
vt 0.596895 0.365962
vt 0.596895 0.377573
vt 0.581767 0.377573
vt 0.497880 0.365962
vt 0.512940 0.365962
vt 0.512940 0.377573
vt 0.497880 0.377573
vt 0.519054 0.232751
vt 0.527908 0.232751
vt 0.527908 0.347807
vt 0.519054 0.347807
vt 0.529268 0.232751
vt 0.538309 0.232751
vt 0.538309 0.347807
vt 0.529268 0.347807
vt 0.539786 0.232751
vt 0.548652 0.232751
vt 0.548652 0.347807
vt 0.539786 0.347807
vt 0.550285 0.232751
vt 0.559141 0.232751
vt 0.559140 0.347807
vt 0.550285 0.347807
vt 0.498249 0.232751
vt 0.507297 0.232751
vt 0.507297 0.347807
vt 0.498249 0.347807
vt 0.508710 0.232751
vt 0.517576 0.232751
vt 0.517576 0.347807
vt 0.508710 0.347807
vt 0.709058 0.333876
vt 0.717828 0.333876
vt 0.717731 0.347127
vt 0.709058 0.347127
vt 0.657068 0.333876
vt 0.665987 0.333876
vt 0.665987 0.347127
vt 0.657068 0.347127
vt 0.667663 0.333876
vt 0.676451 0.333876
vt 0.676451 0.347127
vt 0.667663 0.347127
vt 0.678226 0.333876
vt 0.687007 0.333876
vt 0.687007 0.347127
vt 0.678226 0.347127
vt 0.688069 0.333876
vt 0.697002 0.333876
vt 0.697002 0.347127
vt 0.688069 0.347127
vt 0.698587 0.333876
vt 0.707348 0.333876
vt 0.707348 0.347127
vt 0.698587 0.347127
vt 0.710176 0.331551
vt 0.716772 0.331551
vt 0.717828 0.333876
vt 0.709058 0.333876
vt 0.658216 0.331551
vt 0.664843 0.331551
vt 0.665987 0.333876
vt 0.657068 0.333876
vt 0.668718 0.331551
vt 0.675318 0.331551
vt 0.676451 0.333876
vt 0.667663 0.333876
vt 0.679363 0.331551
vt 0.685962 0.331551
vt 0.687007 0.333876
vt 0.678226 0.333876
vt 0.689233 0.331551
vt 0.695862 0.331551
vt 0.697002 0.333876
vt 0.688069 0.333876
vt 0.699632 0.331551
vt 0.706233 0.331551
vt 0.707348 0.333876
vt 0.698587 0.333876
vt 0.572118 0.219629
vt 0.585434 0.219629
vt 0.585429 0.222181
vt 0.572147 0.222181
vt 0.495336 0.219629
vt 0.509292 0.219629
vt 0.509292 0.222181
vt 0.495336 0.222181
vt 0.511192 0.219629
vt 0.524493 0.219629
vt 0.524498 0.222181
vt 0.511192 0.222181
vt 0.526555 0.219629
vt 0.539858 0.219629
vt 0.539854 0.222181
vt 0.526560 0.222181
vt 0.541594 0.219629
vt 0.555633 0.219629
vt 0.555615 0.222181
vt 0.541591 0.222181
vt 0.557315 0.219629
vt 0.570598 0.219629
vt 0.570628 0.222181
vt 0.557297 0.222181
vt 0.495336 0.222181
vt 0.509292 0.222181
vt 0.506597 0.230105
vt 0.498080 0.230105
vt 0.541591 0.222181
vt 0.555615 0.222181
vt 0.552895 0.230105
vt 0.544373 0.230105
vt 0.658216 0.292279
vt 0.664843 0.292279
vt 0.664843 0.331551
vt 0.658216 0.331551
vt 0.689233 0.292279
vt 0.695862 0.292279
vt 0.695862 0.331551
vt 0.689233 0.331551
vt 0.497597 0.382770
vt 0.512432 0.382770
vt 0.512432 0.396760
vt 0.497597 0.396760
vt 0.513743 0.382770
vt 0.529640 0.382770
vt 0.529640 0.396760
vt 0.513743 0.396760
vt 0.530717 0.382770
vt 0.545837 0.382770
vt 0.545837 0.396760
vt 0.530717 0.396760
vt 0.547285 0.382770
vt 0.562401 0.382770
vt 0.562401 0.396760
vt 0.547285 0.396760
vt 0.563927 0.382770
vt 0.579856 0.382770
vt 0.579856 0.396760
vt 0.563927 0.396760
vt 0.581590 0.382770
vt 0.596466 0.382770
vt 0.596466 0.396760
vt 0.581590 0.396760
vt 0.513743 0.397649
vt 0.529640 0.397649
vt 0.527957 0.405594
vt 0.515487 0.405594
vt 0.563927 0.397649
vt 0.579856 0.397649
vt 0.577908 0.405594
vt 0.565956 0.405594
vt 0.695862 0.379680
vt 0.689462 0.379680
vt 0.688651 0.377275
vt 0.696692 0.377275
vt 0.686108 0.379680
vt 0.679657 0.379680
vt 0.678785 0.377275
vt 0.686995 0.377275
vt 0.675550 0.379680
vt 0.669144 0.379680
vt 0.668313 0.377275
vt 0.676365 0.377275
vt 0.665010 0.379680
vt 0.658607 0.379680
vt 0.657794 0.377275
vt 0.665839 0.377275
vt 0.716901 0.379680
vt 0.710449 0.379680
vt 0.709572 0.377275
vt 0.717789 0.377275
vt 0.706297 0.379680
vt 0.699889 0.379680
vt 0.699059 0.377275
vt 0.707111 0.377275
vt 0.993050 0.072002
vt 0.992008 0.071969
vt 0.993575 0.030626
vt 0.990971 0.071902
vt 0.993575 0.030626
vt 0.994093 0.072002
vt 0.993575 0.030626
vt 0.989933 0.071802
vt 0.993575 0.030626
vt 0.988896 0.071668
vt 0.987868 0.071504
vt 0.993575 0.030626
vt 0.185012 0.383717
vt 0.185012 0.421259
vt 0.169959 0.421259
vt 0.169959 0.383717
vt 0.261557 0.383717
vt 0.261557 0.421259
vt 0.245718 0.421259
vt 0.245718 0.383717
vt 0.245718 0.383717
vt 0.245718 0.421259
vt 0.230638 0.421259
vt 0.230638 0.383717
vt 0.230638 0.383717
vt 0.230638 0.421259
vt 0.215432 0.421259
vt 0.215432 0.383717
vt 0.215432 0.383717
vt 0.215432 0.421259
vt 0.200215 0.421259
vt 0.200215 0.383717
vt 0.200215 0.383717
vt 0.200215 0.421259
vt 0.185012 0.421259
vt 0.185012 0.383717
vt 0.589349 0.258842
vt 0.589123 0.346406
vt 0.578886 0.346406
vt 0.579112 0.258842
vt 0.573231 0.258842
vt 0.573231 0.346406
vt 0.562777 0.346406
vt 0.562777 0.258842
vt 0.654834 0.258842
vt 0.655116 0.346406
vt 0.644865 0.346406
vt 0.644581 0.258842
vt 0.638517 0.258842
vt 0.638364 0.346406
vt 0.628121 0.346406
vt 0.628274 0.258842
vt 0.622122 0.258842
vt 0.622122 0.346406
vt 0.611662 0.346406
vt 0.611662 0.258842
vt 0.605664 0.258842
vt 0.605886 0.346406
vt 0.595633 0.346406
vt 0.595413 0.258842
vt 0.697083 0.405885
vt 0.697094 0.419134
vt 0.688410 0.419134
vt 0.688361 0.405885
vt 0.687299 0.405885
vt 0.687348 0.419134
vt 0.678422 0.419134
vt 0.678457 0.405885
vt 0.676682 0.405885
vt 0.676647 0.419134
vt 0.667928 0.419134
vt 0.667916 0.405885
vt 0.666239 0.405885
vt 0.666252 0.419134
vt 0.657558 0.419134
vt 0.657462 0.405885
vt 0.718137 0.405885
vt 0.718137 0.419134
vt 0.709152 0.419134
vt 0.709191 0.405885
vt 0.707480 0.405885
vt 0.707442 0.419134
vt 0.698679 0.419134
vt 0.698668 0.405885
vt 0.695853 0.403558
vt 0.697083 0.405885
vt 0.688361 0.405885
vt 0.689444 0.403558
vt 0.686067 0.403558
vt 0.687299 0.405885
vt 0.678457 0.405885
vt 0.679690 0.403558
vt 0.675561 0.403558
vt 0.676682 0.405885
vt 0.667916 0.405885
vt 0.669154 0.403558
vt 0.665001 0.403558
vt 0.666239 0.405885
vt 0.657462 0.405885
vt 0.658589 0.403558
vt 0.716861 0.403558
vt 0.718137 0.405885
vt 0.709191 0.405885
vt 0.710484 0.403558
vt 0.706310 0.403558
vt 0.707480 0.405885
vt 0.698668 0.405885
vt 0.699899 0.403558
vt 0.591353 0.233083
vt 0.591353 0.250692
vt 0.577398 0.250692
vt 0.577382 0.233083
vt 0.575332 0.233083
vt 0.575348 0.250692
vt 0.560752 0.250692
vt 0.560752 0.233083
vt 0.656552 0.233083
vt 0.656510 0.250692
vt 0.642565 0.250692
vt 0.642573 0.233083
vt 0.640523 0.233083
vt 0.640515 0.250692
vt 0.626502 0.250692
vt 0.626492 0.233083
vt 0.624356 0.233083
vt 0.624367 0.250692
vt 0.609486 0.250692
vt 0.609502 0.233083
vt 0.607453 0.233083
vt 0.607436 0.250692
vt 0.593403 0.250692
vt 0.593403 0.233083
vt 0.575348 0.252111
vt 0.573231 0.258842
vt 0.562777 0.258842
vt 0.560752 0.252111
vt 0.624367 0.252111
vt 0.622122 0.258842
vt 0.611662 0.258842
vt 0.609486 0.252111
vt 0.686108 0.379680
vt 0.686067 0.403558
vt 0.679690 0.403558
vt 0.679657 0.379680
vt 0.716901 0.379680
vt 0.716861 0.403558
vt 0.710484 0.403558
vt 0.710449 0.379680
vt 0.418899 0.786328
vt 0.465416 0.740328
vt 0.396744 0.740319
vt 0.396744 0.786328
vt 0.394816 0.786328
vt 0.394816 0.740319
vt 0.376731 0.740319
vt 0.376731 0.786328
vt 0.374888 0.740319
vt 0.350286 0.740313
vt 0.350284 0.786328
vt 0.374888 0.786328
vt 0.648601 0.786316
vt 0.666510 0.786328
vt 0.666534 0.740603
vt 0.648624 0.740603
vt 0.630488 0.740603
vt 0.630398 0.786306
vt 0.646343 0.786316
vt 0.646367 0.740603
vt 0.621987 0.740603
vt 0.621987 0.786306
vt 0.628328 0.786306
vt 0.628418 0.740603
vt 0.219234 0.077502
vt 0.197320 0.077502
vt 0.197320 0.097267
vt 0.219234 0.097267
vt 0.491994 0.786306
vt 0.510555 0.786306
vt 0.510555 0.740603
vt 0.491994 0.740603
vt 0.512581 0.740603
vt 0.512581 0.786306
vt 0.619729 0.786306
vt 0.619729 0.740603
vt 0.001361 0.071615
vt 0.001361 0.066450
vt 0.004562 0.066450
vt 0.004562 0.071617
vt 0.397320 0.621727
vt 0.404078 0.625808
vt 0.404078 0.656289
vt 0.397323 0.656271
vt 0.401132 0.605142
vt 0.427705 0.605142
vt 0.427705 0.621998
vt 0.401132 0.621998
vt 0.431739 0.656271
vt 0.424064 0.656289
vt 0.424064 0.625808
vt 0.431740 0.621727
vt 0.306899 0.046836
vt 0.285465 0.046836
vt 0.285465 0.043414
vt 0.306899 0.043414
vt 0.068334 0.030227
vt 0.068346 0.038497
vt 0.043968 0.038497
vt 0.043968 0.030227
vt 0.068324 0.020125
vt 0.068334 0.028416
vt 0.043968 0.028416
vt 0.043968 0.020125
vt 0.072179 0.036713
vt 0.068346 0.038497
vt 0.068334 0.030227
vt 0.072179 0.032147
vt 0.072198 0.026629
vt 0.068334 0.028416
vt 0.068324 0.020125
vt 0.072198 0.022293
vt 0.030461 0.037885
vt 0.030564 0.030348
vt 0.041726 0.030348
vt 0.041726 0.038708
vt 0.030564 0.028536
vt 0.029375 0.022335
vt 0.041726 0.020172
vt 0.041726 0.028536
vt 0.398952 0.736297
vt 0.398952 0.679227
vt 0.420149 0.679227
vt 0.420149 0.736297
vt 0.689047 0.714918
vt 0.668747 0.714918
vt 0.668747 0.690201
vt 0.689047 0.690201
vt 0.553407 0.622255
vt 0.530305 0.629261
vt 0.530489 0.656546
vt 0.553410 0.656561
vt 0.851838 0.714939
vt 0.851820 0.713517
vt 0.869731 0.713280
vt 0.870017 0.737497
vt 0.863846 0.748731
vt 0.838796 0.749040
vt 0.838565 0.728125
vt 0.845704 0.728038
vt 0.635786 0.016222
vt 0.635786 0.015352
vt 0.675535 0.015352
vt 0.675535 0.016222
vt 0.635786 0.014055
vt 0.635786 0.012762
vt 0.675535 0.012762
vt 0.675535 0.014055
vt 0.594146 0.016207
vt 0.594146 0.015296
vt 0.633895 0.015296
vt 0.633895 0.016207
vt 0.594146 0.014011
vt 0.594146 0.012696
vt 0.633895 0.012696
vt 0.633895 0.014011
vt 0.526691 0.549838
vt 0.453378 0.549838
vt 0.453378 0.544107
vt 0.526691 0.544107
vt 0.570774 0.018438
vt 0.570774 0.069115
vt 0.554141 0.069115
vt 0.554141 0.018438
vt 0.693525 0.563873
vt 0.700653 0.563873
vt 0.700653 0.578612
vt 0.693525 0.578612
vt 0.770900 0.578610
vt 0.761918 0.578610
vt 0.761918 0.563873
vt 0.770900 0.563873
vt 0.249309 0.656181
vt 0.211284 0.656181
vt 0.211286 0.604816
vt 0.249307 0.604816
vt 0.251699 0.656181
vt 0.251697 0.604816
vt 0.261254 0.599810
vt 0.261254 0.656181
vt 0.199804 0.656181
vt 0.199804 0.599810
vt 0.209361 0.604816
vt 0.209359 0.656181
vt 0.275425 0.100448
vt 0.317479 0.100448
vt 0.317473 0.114947
vt 0.275421 0.114947
vt 0.107487 0.382859
vt 0.107525 0.421700
vt 0.085258 0.385899
vt 0.085262 0.421700
vt 0.703037 0.219231
vt 0.703037 0.222157
vt 0.682948 0.222157
vt 0.682948 0.219231
vt 0.703037 0.228012
vt 0.703037 0.230938
vt 0.682948 0.230938
vt 0.682948 0.228012
vt 0.597632 0.230533
vt 0.589561 0.230533
vt 0.587864 0.221581
vt 0.599390 0.221581
vt 0.609218 0.230533
vt 0.601147 0.230533
vt 0.610925 0.221581
vt 0.620702 0.230533
vt 0.612632 0.230533
vt 0.622396 0.221581
vt 0.632160 0.230533
vt 0.624090 0.230533
vt 0.633852 0.221581
vt 0.643613 0.230533
vt 0.635543 0.230533
vt 0.645287 0.221581
vt 0.655030 0.230533
vt 0.646960 0.230533
vt 0.656734 0.221581
vt 0.666507 0.230533
vt 0.658437 0.230533
vt 0.668256 0.221581
vt 0.678077 0.230533
vt 0.670007 0.230533
vt 0.679774 0.221581
vt 0.793280 0.428317
vt 0.786719 0.428317
vt 0.786938 0.417149
vt 0.793280 0.417149
vt 0.109904 0.020223
vt 0.109904 0.028350
vt 0.073959 0.028350
vt 0.073959 0.020223
vt 0.109904 0.038363
vt 0.073959 0.038363
vt 0.073959 0.030161
vt 0.109904 0.030161
vt 0.582550 0.620516
vt 0.592209 0.620334
vt 0.592209 0.624832
vt 0.582182 0.624832
vt 0.582182 0.626250
vt 0.592209 0.626250
vt 0.592209 0.630721
vt 0.582201 0.630291
vt 0.136375 0.045889
vt 0.130079 0.045889
vt 0.130079 0.043396
vt 0.136375 0.043396
vt 0.455726 0.523649
vt 0.455726 0.538224
vt 0.453276 0.538224
vt 0.453276 0.523649
vt 0.453276 0.523649
vt 0.453276 0.538224
vt 0.441329 0.538224
vt 0.441329 0.523649
vt 0.441329 0.523649
vt 0.441329 0.538224
vt 0.419393 0.538224
vt 0.419393 0.523649
vt 0.419393 0.523649
vt 0.419393 0.538224
vt 0.398643 0.538224
vt 0.398643 0.523649
vt 0.398643 0.523649
vt 0.398643 0.538224
vt 0.396120 0.538224
vt 0.396120 0.523649
vt 0.223192 0.790015
vt 0.225733 0.792080
vt 0.212636 0.792080
vt 0.212636 0.790015
vt 0.249241 0.789664
vt 0.251481 0.792080
vt 0.227526 0.792080
vt 0.229697 0.789664
vt 0.274062 0.792080
vt 0.253228 0.792080
vt 0.255769 0.789951
vt 0.274062 0.789955
vt 0.251481 0.887129
vt 0.227526 0.887129
vt 0.227526 0.793950
vt 0.251481 0.793950
vt 0.079482 0.048247
vt 0.079482 0.060340
vt 0.077387 0.059782
vt 0.077387 0.048247
vt 0.003258 0.048257
vt 0.003258 0.059782
vt 0.001191 0.059787
vt 0.001191 0.048256
vt 0.995659 0.898319
vt 0.995659 0.906100
vt 0.993208 0.948168
vt 0.993208 0.898319
vt 0.082461 0.043398
vt 0.099104 0.043396
vt 0.099104 0.045889
vt 0.082461 0.045889
vt 0.056504 0.046308
vt 0.056527 0.043915
vt 0.075765 0.043915
vt 0.075765 0.046297
vt 0.022977 0.046308
vt 0.022977 0.043915
vt 0.039762 0.043915
vt 0.039762 0.046308
vt 0.114577 0.045889
vt 0.114577 0.043396
vt 0.130079 0.043396
vt 0.130079 0.045889
vt 0.004927 0.046308
vt 0.004927 0.043915
vt 0.022977 0.043915
vt 0.022977 0.046308
vt 0.039762 0.046308
vt 0.039762 0.043915
vt 0.056527 0.043915
vt 0.056504 0.046308
vt 0.099104 0.045889
vt 0.099104 0.043396
vt 0.114577 0.043396
vt 0.114577 0.045889
vt 0.290161 0.887146
vt 0.290161 0.799438
vt 0.374581 0.799440
vt 0.374581 0.887128
vt 0.713998 0.897805
vt 0.761712 0.897805
vt 0.761678 0.998366
vt 0.713756 0.998782
vt 0.881462 0.998381
vt 0.763813 0.998381
vt 0.763826 0.897805
vt 0.881448 0.897805
vt 0.711651 0.998381
vt 0.594011 0.998381
vt 0.594008 0.897805
vt 0.711661 0.897805
vt 0.543696 0.998381
vt 0.543671 0.897805
vt 0.591949 0.897805
vt 0.591953 0.998381
vt 0.677632 0.012745
vt 0.717806 0.012745
vt 0.717806 0.013569
vt 0.677632 0.013569
vt 0.677632 0.014965
vt 0.717806 0.014965
vt 0.717806 0.016225
vt 0.677632 0.016225
vt 0.462626 0.997666
vt 0.391463 0.997643
vt 0.391464 0.897057
vt 0.462626 0.897081
vt 0.465056 0.897081
vt 0.541550 0.897105
vt 0.541550 0.997691
vt 0.465056 0.997666
vt 0.758945 0.012788
vt 0.766425 0.012788
vt 0.767252 0.013901
vt 0.757849 0.013901
vt 0.767252 0.014548
vt 0.766425 0.015664
vt 0.758945 0.015664
vt 0.757849 0.014548
vt 0.244622 0.100857
vt 0.268209 0.100857
vt 0.268209 0.114778
vt 0.244622 0.114778
vt 0.235882 0.186727
vt 0.235882 0.177572
vt 0.248306 0.177570
vt 0.248306 0.186843
vt 0.482919 0.941531
vt 0.523149 0.941531
vt 0.523149 0.969838
vt 0.482919 0.969838
vt 0.480974 0.969838
vt 0.474368 0.969929
vt 0.474368 0.937650
vt 0.480974 0.941531
vt 0.246102 0.161567
vt 0.198331 0.161567
vt 0.198331 0.150079
vt 0.246102 0.150079
vt 0.524947 0.941531
vt 0.531553 0.937650
vt 0.531553 0.969929
vt 0.524947 0.969838
vt 0.278780 0.281737
vt 0.274177 0.220492
vt 0.210904 0.220492
vt 0.206302 0.281737
vt 0.325346 0.281811
vt 0.325374 0.220465
vt 0.283586 0.220465
vt 0.280506 0.281811
vt 0.328881 0.281657
vt 0.370670 0.281657
vt 0.370670 0.220465
vt 0.328881 0.220465
vt 0.545206 0.012672
vt 0.591976 0.012672
vt 0.591976 0.013575
vt 0.545206 0.013575
vt 0.545206 0.014461
vt 0.591976 0.014461
vt 0.591976 0.015364
vt 0.545206 0.015364
vt 0.442105 0.061591
vt 0.486060 0.061591
vt 0.486056 0.075235
vt 0.442100 0.075235
vt 0.488101 0.061591
vt 0.504764 0.066982
vt 0.504667 0.075235
vt 0.488096 0.075235
vt 0.151207 0.380843
vt 0.151167 0.293885
vt 0.196697 0.293885
vt 0.196697 0.380786
vt 0.147654 0.420988
vt 0.000528 0.422319
vt 0.000097 0.293918
vt 0.147654 0.293945
vt 0.355726 0.421560
vt 0.245666 0.421814
vt 0.245573 0.293902
vt 0.355728 0.293899
vt 0.333546 0.015101
vt 0.333388 0.015900
vt 0.293267 0.015925
vt 0.293376 0.015101
vt 0.376211 0.015227
vt 0.376053 0.016026
vt 0.335929 0.016051
vt 0.336038 0.015227
vt 0.360076 0.033873
vt 0.360076 0.039537
vt 0.350072 0.039537
vt 0.350072 0.029098
vt 0.361638 0.032202
vt 0.361640 0.018230
vt 0.397028 0.018245
vt 0.407037 0.032206
vt 0.407037 0.033878
vt 0.407037 0.039537
vt 0.361638 0.039537
vt 0.361638 0.033873
vt 0.455610 0.033864
vt 0.465624 0.029084
vt 0.465624 0.039524
vt 0.455610 0.039524
vt 0.408433 0.032201
vt 0.418433 0.018232
vt 0.453827 0.018217
vt 0.453830 0.032193
vt 0.453830 0.033864
vt 0.453830 0.039524
vt 0.408433 0.039524
vt 0.408433 0.033873
vt 0.203002 0.957701
vt 0.203002 0.922983
vt 0.230670 0.922983
vt 0.230670 0.957701
vt 0.242697 0.293915
vt 0.242698 0.380817
vt 0.199577 0.380786
vt 0.199578 0.293886
vt 0.102486 0.549889
vt 0.015444 0.549945
vt 0.015444 0.545052
vt 0.102486 0.544996
vt 0.197346 0.187715
vt 0.197346 0.177191
vt 0.217241 0.177191
vt 0.217241 0.187715
vt 0.248724 0.012404
vt 0.288802 0.012404
vt 0.288802 0.013282
vt 0.248724 0.013282
vt 0.248724 0.014995
vt 0.288802 0.014995
vt 0.288802 0.015849
vt 0.248724 0.015849
vt 0.206008 0.012461
vt 0.246194 0.012461
vt 0.246194 0.013189
vt 0.206008 0.013189
vt 0.721070 0.012695
vt 0.727633 0.012695
vt 0.728352 0.013785
vt 0.720106 0.013785
vt 0.728352 0.014404
vt 0.727633 0.015493
vt 0.721070 0.015493
vt 0.720106 0.014404
vt 0.662839 0.514361
vt 0.689681 0.514361
vt 0.689681 0.532892
vt 0.662839 0.532892
vt 0.782436 0.015630
vt 0.777103 0.015630
vt 0.776419 0.014536
vt 0.783122 0.014536
vt 0.768603 0.013906
vt 0.769287 0.012801
vt 0.774621 0.012801
vt 0.775306 0.013906
vt 0.324127 0.099883
vt 0.343868 0.099883
vt 0.343868 0.114958
vt 0.324127 0.114958
vt 0.024649 0.536299
vt 0.024649 0.518511
vt 0.072361 0.518511
vt 0.072361 0.536299
vt 0.074292 0.518511
vt 0.120070 0.518511
vt 0.120070 0.536299
vt 0.074292 0.536299
vt 0.205255 0.965243
vt 0.228000 0.965243
vt 0.228000 0.996972
vt 0.205255 0.996972
vt 0.192877 0.960994
vt 0.203309 0.965243
vt 0.203309 0.996972
vt 0.192879 0.996952
vt 0.351734 0.099737
vt 0.376161 0.099737
vt 0.376161 0.116348
vt 0.351734 0.116348
vt 0.239637 0.996952
vt 0.229580 0.996972
vt 0.229580 0.965243
vt 0.239642 0.960994
vt 0.224912 0.174292
vt 0.224912 0.163862
vt 0.255928 0.163862
vt 0.255928 0.174292
vt 0.243282 0.736475
vt 0.243282 0.703439
vt 0.254103 0.699048
vt 0.254103 0.736466
vt 0.194384 0.736497
vt 0.182464 0.736508
vt 0.182464 0.699092
vt 0.194384 0.703465
vt 0.282607 0.518228
vt 0.329746 0.518228
vt 0.329746 0.537882
vt 0.282607 0.537882
vt 0.194530 0.736757
vt 0.194021 0.550347
vt 0.284504 0.550354
vt 0.284504 0.736541
vt 0.157061 0.896681
vt 0.239582 0.896681
vt 0.239582 0.997420
vt 0.157061 0.997385
vt 0.959697 0.043346
vt 0.956545 0.040852
vt 0.959760 0.038265
vt 0.961364 0.042006
vt 0.547091 0.124659
vt 0.545402 0.124659
vt 0.545402 0.110776
vt 0.547091 0.110776
vt 0.525484 0.998194
vt 0.481247 0.998194
vt 0.481247 0.973632
vt 0.525484 0.973632
vt 0.521292 0.658630
vt 0.550602 0.658630
vt 0.550602 0.735180
vt 0.521292 0.735162
vt 0.222024 0.163648
vt 0.222024 0.174181
vt 0.191007 0.174181
vt 0.191007 0.163648
vt 0.234179 0.177718
vt 0.234179 0.186817
vt 0.220006 0.186817
vt 0.220006 0.177718
vt 0.472019 0.970165
vt 0.479655 0.973632
vt 0.479655 0.998194
vt 0.472019 0.998278
vt 0.237739 0.114183
vt 0.198639 0.114183
vt 0.198639 0.101059
vt 0.237739 0.101059
vt 0.534763 0.998278
vt 0.527127 0.998194
vt 0.527127 0.973632
vt 0.534763 0.970165
vt 0.721370 0.263639
vt 0.721370 0.271306
vt 0.736287 0.271306
vt 0.736287 0.263639
vt 0.736287 0.346861
vt 0.736289 0.337200
vt 0.721370 0.337202
vt 0.721370 0.346861
vt 0.433587 0.734524
vt 0.434073 0.658630
vt 0.463383 0.658630
vt 0.463383 0.735162
vt 0.465451 0.625669
vt 0.518857 0.625669
vt 0.518857 0.656035
vt 0.465451 0.656035
vt 0.556685 0.075830
vt 0.557998 0.075743
vt 0.560061 0.127914
vt 0.559307 0.075699
vt 0.560061 0.127914
vt 0.555374 0.075959
vt 0.560061 0.127914
vt 0.560624 0.075696
vt 0.560061 0.127914
vt 0.561940 0.075735
vt 0.563246 0.075815
vt 0.560061 0.127914
vt 0.637718 0.534531
vt 0.637718 0.533330
vt 0.646587 0.533330
vt 0.646587 0.534531
vt 0.648051 0.534531
vt 0.648051 0.533330
vt 0.656259 0.533330
vt 0.656259 0.534531
vt 0.598556 0.534531
vt 0.598556 0.533330
vt 0.606768 0.533330
vt 0.606768 0.534531
vt 0.627606 0.534531
vt 0.627606 0.533330
vt 0.636462 0.533330
vt 0.636462 0.534531
vt 0.626382 0.534531
vt 0.626382 0.536617
vt 0.617588 0.536617
vt 0.617588 0.534531
vt 0.616641 0.534531
vt 0.616641 0.536617
vt 0.607811 0.536617
vt 0.607811 0.534531
vt 0.606768 0.534531
vt 0.606768 0.536617
vt 0.598556 0.536617
vt 0.598556 0.534531
vt 0.656259 0.534531
vt 0.656259 0.536617
vt 0.648051 0.536617
vt 0.648051 0.534531
vt 0.646587 0.534531
vt 0.646587 0.536617
vt 0.637718 0.536617
vt 0.637718 0.534531
vt 0.636462 0.534531
vt 0.636462 0.536617
vt 0.627606 0.536617
vt 0.627606 0.534531
vt 0.626382 0.512849
vt 0.626382 0.533330
vt 0.617588 0.533330
vt 0.617588 0.512848
vt 0.616641 0.512848
vt 0.616641 0.533330
vt 0.607811 0.533330
vt 0.607811 0.512849
vt 0.606768 0.512849
vt 0.606768 0.533330
vt 0.598556 0.533330
vt 0.598556 0.512849
vt 0.656259 0.512848
vt 0.656259 0.533330
vt 0.648051 0.533330
vt 0.648051 0.512848
vt 0.646587 0.512848
vt 0.646587 0.533330
vt 0.637718 0.533330
vt 0.637718 0.512849
vt 0.636462 0.512849
vt 0.636462 0.533330
vt 0.627606 0.533330
vt 0.627606 0.512849
vt 0.626382 0.360567
vt 0.626382 0.362273
vt 0.617588 0.362273
vt 0.617588 0.360567
vt 0.616641 0.360567
vt 0.616641 0.362273
vt 0.607811 0.362273
vt 0.607811 0.360567
vt 0.606768 0.360567
vt 0.606768 0.362273
vt 0.598556 0.362273
vt 0.598556 0.360567
vt 0.656259 0.360567
vt 0.656259 0.362273
vt 0.648051 0.362273
vt 0.648051 0.360567
vt 0.646587 0.360567
vt 0.646587 0.362273
vt 0.637718 0.362273
vt 0.637718 0.360567
vt 0.636462 0.360567
vt 0.636462 0.362273
vt 0.627606 0.362273
vt 0.627606 0.360567
vt 0.617588 0.359579
vt 0.617588 0.352785
vt 0.626382 0.352785
vt 0.626382 0.359579
vt 0.607811 0.359578
vt 0.607811 0.352785
vt 0.616641 0.352785
vt 0.616641 0.359579
vt 0.598556 0.359578
vt 0.598556 0.352785
vt 0.606768 0.352785
vt 0.606768 0.359578
vt 0.648051 0.359579
vt 0.648051 0.352785
vt 0.656259 0.352785
vt 0.656259 0.359579
vt 0.637718 0.359579
vt 0.637718 0.352785
vt 0.646587 0.352785
vt 0.646587 0.359579
vt 0.627606 0.359579
vt 0.627606 0.352785
vt 0.636462 0.352785
vt 0.636462 0.359579
vt 0.626382 0.365383
vt 0.626382 0.509752
vt 0.617588 0.509752
vt 0.617588 0.365383
vt 0.616641 0.365383
vt 0.616641 0.509752
vt 0.607811 0.509752
vt 0.607811 0.365383
vt 0.606768 0.365383
vt 0.606768 0.509752
vt 0.598556 0.509752
vt 0.598556 0.365383
vt 0.656259 0.365383
vt 0.656259 0.509752
vt 0.648051 0.509752
vt 0.648051 0.365383
vt 0.646587 0.365383
vt 0.646587 0.509752
vt 0.637718 0.509752
vt 0.637718 0.365383
vt 0.636462 0.365383
vt 0.636462 0.509752
vt 0.627606 0.509752
vt 0.627606 0.365383
vt 0.312793 0.380940
vt 0.355972 0.380940
vt 0.355972 0.359897
vt 0.312793 0.359897
vt 0.355972 0.356139
vt 0.312793 0.356139
vt 0.312793 0.352575
vt 0.355972 0.352575
vt 0.312793 0.349231
vt 0.355972 0.349231
vt 0.312793 0.346833
vt 0.355972 0.346833
vt 0.312793 0.343513
vt 0.355972 0.343513
vt 0.355972 0.380940
vt 0.312793 0.380940
vt 0.312793 0.359897
vt 0.355972 0.359897
vt 0.312793 0.356139
vt 0.355972 0.356139
vt 0.355972 0.352575
vt 0.312793 0.352575
vt 0.355972 0.349231
vt 0.312793 0.349231
vt 0.355972 0.346833
vt 0.312793 0.346833
vt 0.355972 0.343513
vt 0.312793 0.343513
vt 0.124780 0.877722
vt 0.119377 0.885527
vt 0.116698 0.858173
vt 0.093387 0.886456
vt 0.104050 0.857066
vt 0.683811 0.005399
vt 0.681337 0.007343
vt 0.688014 0.007343
vt 0.688014 0.005399
vt 0.694234 0.007343
vt 0.694234 0.005399
vt 0.699728 0.005399
vt 0.699728 0.007343
vt 0.783873 0.007343
vt 0.783873 0.005399
vt 0.389508 0.005399
vt 0.391836 0.007343
vt 0.386058 0.007343
vt 0.386058 0.005399
vt 0.380683 0.007343
vt 0.380683 0.005399
vt 0.375930 0.007343
vt 0.375930 0.005399
vt 0.360968 0.005399
vt 0.360968 0.007343
vt 0.356502 0.005399
vt 0.356502 0.007343
vt 0.389508 0.005399
vt 0.391836 0.007343
vt 0.386058 0.007343
vt 0.386058 0.005399
vt 0.380683 0.007343
vt 0.380683 0.005399
vt 0.375930 0.007343
vt 0.375930 0.005399
vt 0.360968 0.005399
vt 0.360968 0.007343
vt 0.356502 0.005399
vt 0.356502 0.007343
vt 0.970695 0.005399
vt 0.972100 0.007343
vt 0.968614 0.007343
vt 0.968614 0.005399
vt 0.965373 0.007343
vt 0.965373 0.005399
vt 0.962505 0.007343
vt 0.962505 0.005399
vt 0.953481 0.005399
vt 0.953482 0.007343
vt 0.950803 0.005399
vt 0.950803 0.007343
vt 0.970695 0.005399
vt 0.972100 0.007343
vt 0.968614 0.007343
vt 0.968614 0.005399
vt 0.965373 0.007343
vt 0.965373 0.005399
vt 0.962505 0.007343
vt 0.962505 0.005399
vt 0.953481 0.005399
vt 0.953482 0.007343
vt 0.950803 0.005399
vt 0.950803 0.007343
vt 0.970695 0.005399
vt 0.972100 0.007343
vt 0.968614 0.007343
vt 0.968614 0.005399
vt 0.965373 0.007343
vt 0.965373 0.005399
vt 0.962505 0.007343
vt 0.962505 0.005399
vt 0.953481 0.005399
vt 0.953482 0.007343
vt 0.950803 0.005399
vt 0.950803 0.007343
vt 0.869902 0.005399
vt 0.868222 0.007343
vt 0.873219 0.007343
vt 0.873219 0.005399
vt 0.877864 0.007343
vt 0.877864 0.005399
vt 0.881952 0.007343
vt 0.881952 0.005399
vt 0.948506 0.005399
vt 0.948506 0.007343
vt 0.389508 0.005399
vt 0.391836 0.007343
vt 0.386058 0.007343
vt 0.386058 0.005399
vt 0.380683 0.007343
vt 0.380683 0.005399
vt 0.375930 0.007343
vt 0.375930 0.005399
vt 0.360968 0.005399
vt 0.360968 0.007343
vt 0.356502 0.005399
vt 0.356502 0.007343
vt 0.001007 0.421964
vt 0.040559 0.421964
vt 0.040559 0.385237
vt 0.001007 0.385237
vt 0.040559 0.379991
vt 0.001007 0.379991
vt 0.040559 0.372732
vt 0.001007 0.372732
vt 0.040559 0.365893
vt 0.001007 0.365893
vt 0.040559 0.359827
vt 0.001007 0.359827
vt 0.040559 0.352396
vt 0.001007 0.352396
vt 0.040559 0.344906
vt 0.001007 0.344906
vt 1.352202 0.997741
vt 1.369050 0.997741
vt 1.369050 0.956358
vt 1.352202 0.956358
vt 1.369050 0.949261
vt 1.352202 0.949261
vt 1.369050 0.942945
vt 1.352202 0.942945
vt 1.369050 0.934183
vt 1.352202 0.934183
vt 1.369050 0.919693
vt 1.352202 0.919693
vt 1.883868 0.998191
vt 1.924102 0.998191
vt 1.924102 0.957406
vt 1.883863 0.957406
vt 1.924102 0.949972
vt 1.883862 0.949972
vt 1.883862 0.949972
vt 1.924102 0.949972
vt 1.924102 0.939768
vt 1.883862 0.939768
vt 1.924102 0.930116
vt 1.883862 0.930116
vt 1.924102 0.919185
vt 1.883862 0.919187
vt 1.924102 0.906162
vt 1.883862 0.906162
vt 1.924102 0.897264
vt 1.883862 0.897264
vt 0.688583 0.656520
vt 0.661943 0.656520
vt 0.688583 0.550331
vt 0.611147 0.616794
vt 0.611147 0.550331
vt 0.865460 0.005399
vt 0.867140 0.007343
vt 0.862143 0.007343
vt 0.862143 0.005399
vt 0.857498 0.007343
vt 0.857498 0.005399
vt 0.853410 0.005399
vt 0.853410 0.007343
vt 0.786856 0.007343
vt 0.786856 0.005399
vt 0.389508 0.005399
vt 0.391836 0.007343
vt 0.386058 0.007343
vt 0.386058 0.005399
vt 0.380683 0.007343
vt 0.380683 0.005399
vt 0.375930 0.007343
vt 0.375930 0.005399
vt 0.360968 0.005399
vt 0.360968 0.007343
vt 0.356502 0.005399
vt 0.356502 0.007343
vt 0.725559 0.958540
vt 0.725559 0.939178
vt 0.741965 0.939178
vt 0.741965 0.958540
vt 0.759879 0.939178
vt 0.759879 0.958540
vt 0.118465 0.787015
vt 0.118459 0.774660
vt 0.002418 0.787189
vt 0.074000 0.740053
vt 0.002418 0.740053
vt 0.094505 0.743953
vt 0.133506 0.786443
vt 0.094506 0.740374
vt 0.138116 0.786443
vt 0.123894 0.740374
vt 0.120035 0.432202
vt 0.002265 0.432131
vt 0.120037 0.498486
vt 0.001456 0.578425
vt 0.010063 0.578425
vt 0.683811 0.005399
vt 0.681337 0.007343
vt 0.688014 0.007343
vt 0.688014 0.005399
vt 0.694234 0.007343
vt 0.694234 0.005399
vt 0.699728 0.005399
vt 0.699728 0.007343
vt 0.783873 0.007343
vt 0.783873 0.005399
vt 0.774470 0.749479
vt 0.774404 0.699966
vt 0.793433 0.720683
vt 0.836644 0.749236
vt 0.836644 0.720683
vt 0.682031 0.189458
vt 0.688852 0.212380
vt 0.666291 0.212380
vt 0.604032 0.189459
vt 0.580100 0.212380
vt 0.559476 0.141779
vt 0.588005 0.134663
vt 0.318620 0.077419
vt 0.318628 0.097022
vt 0.408151 0.077420
vt 0.376289 0.097022
vt 0.408418 0.093284
vt 0.352202 0.919693
vt 0.369050 0.919693
vt 0.369050 0.934183
vt 0.352202 0.934183
vt 0.369050 0.942945
vt 0.352202 0.942945
vt 0.369050 0.949261
vt 0.352202 0.949261
vt 0.369050 0.956358
vt 0.352202 0.956358
vt 0.369050 0.997741
vt 0.352202 0.997741
vt 0.793280 0.410996
vt 0.786938 0.417149
vt 0.793280 0.358687
vt 0.786938 0.360374
vt 0.791758 0.355977
vt 0.344062 0.048786
vt 0.348879 0.056203
vt 0.345535 0.059128
vt 0.308540 0.048786
vt 0.315898 0.059128
vt 0.527957 0.539146
vt 0.515487 0.539146
vt 0.515487 0.411005
vt 0.527957 0.411005
vt 0.515487 0.406572
vt 0.527957 0.406572
vt 0.713407 0.262569
vt 0.716772 0.275615
vt 0.710176 0.275615
vt 0.717495 0.289872
vt 0.709058 0.289872
vt 0.661561 0.262569
vt 0.664843 0.275615
vt 0.658216 0.275615
vt 0.665987 0.289872
vt 0.657417 0.289872
vt 0.672091 0.262569
vt 0.675318 0.275615
vt 0.668718 0.275615
vt 0.676451 0.289872
vt 0.667663 0.289872
vt 0.682564 0.262569
vt 0.685962 0.275615
vt 0.679363 0.275615
vt 0.687007 0.289872
vt 0.678226 0.289872
vt 0.692528 0.262569
vt 0.695862 0.275615
vt 0.689233 0.275615
vt 0.697002 0.289872
vt 0.688069 0.289872
vt 0.689482 0.367709
vt 0.692735 0.352947
vt 0.695889 0.367709
vt 0.688651 0.377275
vt 0.696692 0.377275
vt 0.658626 0.367709
vt 0.661913 0.352947
vt 0.665037 0.367709
vt 0.657794 0.377275
vt 0.665839 0.377275
vt 0.686995 0.377275
vt 0.678785 0.377275
vt 0.679690 0.367709
vt 0.686067 0.367709
vt 0.682851 0.352947
vt 0.676365 0.377275
vt 0.668313 0.377275
vt 0.669127 0.367709
vt 0.675535 0.367709
vt 0.672269 0.352947
vt 0.717789 0.377275
vt 0.709572 0.377275
vt 0.710484 0.367709
vt 0.716861 0.367709
vt 0.713700 0.352947
vt 0.707111 0.377275
vt 0.699059 0.377275
vt 0.699870 0.367709
vt 0.706282 0.367709
vt 0.703035 0.352947
vt 0.593617 0.624503
vt 0.595702 0.622581
vt 0.603643 0.624503
vt 0.599599 0.620440
vt 0.603643 0.620006
vt 0.599599 0.630005
vt 0.595702 0.627864
vt 0.603643 0.630441
vt 0.593617 0.625922
vt 0.603643 0.625922
vt 0.463810 0.005399
vt 0.465612 0.007338
vt 0.460933 0.007338
vt 0.460933 0.005399
vt 0.456580 0.007338
vt 0.456580 0.005399
vt 0.452731 0.005399
vt 0.452731 0.007338
vt 0.430753 0.007338
vt 0.430753 0.005399
vt 0.489968 0.786306
vt 0.489968 0.740603
vt 0.425283 0.786306
vt 0.469797 0.740603
vt 0.425331 0.782432
vt 0.970695 0.005399
vt 0.972100 0.007343
vt 0.968614 0.007343
vt 0.968614 0.005399
vt 0.965373 0.007343
vt 0.965373 0.005399
vt 0.962505 0.007343
vt 0.962505 0.005399
vt 0.953481 0.005399
vt 0.953482 0.007343
vt 0.950803 0.005399
vt 0.950803 0.007343
vt 0.774612 0.018438
vt 0.774612 0.040335
vt 0.746411 0.069145
vt 0.713547 0.018438
vt 0.713547 0.185561
vt 0.692936 0.018438
vt 0.692936 0.185561
vt 0.672181 0.018438
vt 0.672181 0.185561
vt 0.650415 0.018438
vt 0.650415 0.185561
vt 0.631188 0.018438
vt 0.631188 0.185561
vt 0.605905 0.018438
vt 0.605905 0.185561
vt 0.572870 0.018438
vt 0.572870 0.069115
vt 0.528658 0.626870
vt 0.522203 0.608644
vt 0.528668 0.550024
vt 0.451221 0.608645
vt 0.451221 0.550024
vt 0.532052 0.627300
vt 0.532052 0.550453
vt 0.539483 0.616467
vt 0.607891 0.550453
vt 0.607888 0.616916
vt 0.002941 0.707553
vt 0.002941 0.670590
vt 0.083624 0.707553
vt 0.057993 0.658569
vt 0.083624 0.658569
vt 0.155200 0.218268
vt 0.155200 0.201161
vt 0.089514 0.201160
vt 0.089514 0.218268
vt 0.044738 0.201160
vt 0.044738 0.218268
vt 0.001732 0.218268
vt 0.001732 0.201160
vt 0.155200 0.223530
vt 0.155200 0.220575
vt 0.089514 0.220575
vt 0.089514 0.223530
vt 0.044738 0.220575
vt 0.044738 0.223530
vt 0.001732 0.223530
vt 0.001732 0.220575
vt 0.519232 0.007343
vt 0.519232 0.005399
vt 0.511411 0.005399
vt 0.511411 0.007343
vt 0.509703 0.005399
vt 0.509703 0.007343
vt 0.505046 0.007343
vt 0.505046 0.005399
vt 0.325559 0.005399
vt 0.323964 0.007343
vt 0.328066 0.007343
vt 0.328066 0.005399
vt 0.331884 0.007343
vt 0.331884 0.005399
vt 0.335262 0.005399
vt 0.335262 0.007343
vt 0.354539 0.007343
vt 0.354539 0.005399
vt 0.212636 0.793950
vt 0.225733 0.793950
vt 0.212636 0.806777
vt 0.225733 0.887129
vt 0.212636 0.887129
vt 0.274062 0.793950
vt 0.274062 0.803684
vt 0.253228 0.793950
vt 0.274062 0.887146
vt 0.253228 0.887129
vt 0.874977 0.473966
vt 0.838641 0.627078
vt 0.889196 0.481772
vt 0.877433 0.473966
vt 0.899679 0.463193
vt 0.877433 0.463193
vt 0.276255 0.887146
vt 0.276255 0.803684
vt 0.287900 0.887146
vt 0.278490 0.805720
vt 0.287900 0.806777
vt 0.075765 0.048247
vt 0.075765 0.059782
vt 0.056504 0.059782
vt 0.056504 0.048257
vt 0.039762 0.059782
vt 0.039762 0.048257
vt 0.022977 0.059782
vt 0.022977 0.048257
vt 0.004927 0.059782
vt 0.004927 0.048257
vt 0.927152 0.910255
vt 0.927152 0.895487
vt 0.933853 0.892316
vt 0.933853 0.906876
vt 0.953645 0.890428
vt 0.953645 0.903228
vt 0.973437 0.892316
vt 0.973437 0.906876
vt 0.993208 0.898319
vt 0.980170 0.910255
vt 0.986766 0.919693
vt 0.993208 0.948168
vt 0.082461 0.059437
vt 0.082461 0.047839
vt 0.099104 0.047839
vt 0.099104 0.059437
vt 0.114577 0.047839
vt 0.114577 0.059437
vt 0.130079 0.047839
vt 0.130079 0.059437
vt 0.136375 0.047839
vt 0.136375 0.059437
vt 0.662374 0.426024
vt 0.686982 0.426024
vt 0.686978 0.448025
vt 0.662376 0.448025
vt 0.686978 0.468005
vt 0.662376 0.468005
vt 0.686971 0.487986
vt 0.662376 0.487986
vt 0.687023 0.495888
vt 0.686965 0.509423
vt 0.662376 0.509423
vt 0.883862 0.897264
vt 0.924102 0.897264
vt 0.924102 0.906162
vt 0.883862 0.906162
vt 0.924102 0.919185
vt 0.883862 0.919187
vt 0.924102 0.930116
vt 0.883862 0.930116
vt 0.924102 0.939768
vt 0.883862 0.939768
vt 0.924102 0.949972
vt 0.883862 0.949972
vt 0.883862 0.949972
vt 0.924102 0.949972
vt 0.924102 0.957406
vt 0.883863 0.957406
vt 0.924102 0.998191
vt 0.883868 0.998191
vt 0.193479 0.086250
vt 0.177867 0.094265
vt 0.177867 0.078156
vt 0.151288 0.094265
vt 0.151288 0.078156
vt 0.125339 0.094265
vt 0.125339 0.078156
vt 0.177867 0.097011
vt 0.193479 0.105210
vt 0.177867 0.114270
vt 0.151288 0.097011
vt 0.151288 0.114270
vt 0.125339 0.097011
vt 0.125339 0.114270
vt 0.147253 0.342826
vt 0.086436 0.342826
vt 0.086436 0.346559
vt 0.147253 0.346559
vt 0.086436 0.349638
vt 0.147253 0.349638
vt 0.086436 0.353256
vt 0.147253 0.353256
vt 0.086436 0.356599
vt 0.147253 0.356599
vt 0.086436 0.360340
vt 0.147253 0.360340
vt 0.086436 0.380679
vt 0.147253 0.380679
vt 0.022971 0.536299
vt 0.019611 0.536287
vt 0.022971 0.518511
vt 0.014284 0.542597
vt 0.014284 0.518511
vt 0.131791 0.518511
vt 0.131791 0.542597
vt 0.121414 0.518511
vt 0.125424 0.536287
vt 0.121414 0.536299
vt 0.001007 0.344906
vt 0.040559 0.344906
vt 0.040559 0.352396
vt 0.001007 0.352396
vt 0.040559 0.359827
vt 0.001007 0.359827
vt 0.040559 0.365893
vt 0.001007 0.365893
vt 0.040559 0.372732
vt 0.001007 0.372732
vt 0.040559 0.379991
vt 0.001007 0.379991
vt 0.040559 0.385237
vt 0.001007 0.385237
vt 0.040559 0.421964
vt 0.001007 0.421964
vt 0.948288 0.023409
vt 0.959606 0.028418
vt 0.957654 0.032084
vt 0.947630 0.024650
vt 0.954755 0.035046
vt 0.946648 0.025651
vt 0.607811 0.534531
vt 0.607811 0.533330
vt 0.617588 0.533330
vt 0.617588 0.534531
vt 0.626382 0.533330
vt 0.626382 0.534531
vt 0.681080 0.240688
vt 0.683339 0.233026
vt 0.685672 0.240688
vt 0.680344 0.251520
vt 0.686441 0.251520
vt 0.678824 0.257849
vt 0.687962 0.257849
vt 0.677342 0.251520
vt 0.669792 0.257849
vt 0.671307 0.251520
vt 0.676626 0.240688
vt 0.672091 0.240688
vt 0.674426 0.233026
vt 0.668319 0.251520
vt 0.660888 0.257849
vt 0.662337 0.251520
vt 0.663067 0.240688
vt 0.667569 0.240688
vt 0.665297 0.233026
vt 0.689379 0.251520
vt 0.695354 0.251520
vt 0.696827 0.257849
vt 0.690115 0.240688
vt 0.694603 0.240688
vt 0.692317 0.233026
vt 0.704379 0.251520
vt 0.705806 0.257849
vt 0.698342 0.251520
vt 0.703658 0.240688
vt 0.699113 0.240688
vt 0.701465 0.233026
vt 0.713357 0.251520
vt 0.714908 0.257849
vt 0.707268 0.251520
vt 0.712596 0.240688
vt 0.708006 0.240688
vt 0.710251 0.233026
vt 0.204067 0.786443
vt 0.260478 0.786443
vt 0.260478 0.740406
vt 0.138476 0.740406
vt 0.153169 0.786443
vt 0.138116 0.786443
vt 0.109153 0.791414
vt 0.120999 0.791414
vt 0.120999 0.846465
vt 0.109153 0.846465
vt 0.097611 0.791414
vt 0.103026 0.846465
vt 0.097611 0.862728
vt 0.085574 0.791414
vt 0.085574 0.887866
vt 0.089822 0.887866
vt 0.073512 0.791414
vt 0.073512 0.887866
vt 0.061461 0.791414
vt 0.061461 0.887866
vt 0.049376 0.791414
vt 0.049376 0.887866
vt 0.037309 0.791414
vt 0.037309 0.887866
vt 0.025363 0.791414
vt 0.025363 0.887866
vt 0.013173 0.791414
vt 0.013173 0.846465
vt 0.013173 0.887866
vt 0.001971 0.791414
vt 0.001971 0.846465
vt 0.746986 0.984610
vt 0.751680 0.984610
vt 0.749344 0.988934
vt 0.744648 0.988934
vt 0.742289 0.984610
vt 0.739953 0.988934
vt 0.737593 0.984610
vt 0.735256 0.988934
vt 0.732898 0.984610
vt 0.730560 0.988934
vt 0.728202 0.984610
vt 0.725865 0.988934
vt 0.594952 0.411005
vt 0.594952 0.406572
vt 0.582999 0.406572
vt 0.582999 0.411005
vt 0.594952 0.436215
vt 0.582999 0.436215
vt 0.671809 0.007343
vt 0.678486 0.007343
vt 0.676012 0.005399
vt 0.671809 0.005399
vt 0.665589 0.007343
vt 0.665589 0.005399
vt 0.660094 0.007343
vt 0.660094 0.005399
vt 0.575950 0.005399
vt 0.575950 0.007343
vt 0.424789 0.005399
vt 0.429330 0.005399
vt 0.429337 0.007343
vt 0.424794 0.007343
vt 0.409829 0.005399
vt 0.409834 0.007343
vt 0.405079 0.007343
vt 0.405074 0.005399
vt 0.399701 0.005399
vt 0.399706 0.007343
vt 0.396253 0.005399
vt 0.393930 0.007343
vt 0.424789 0.005399
vt 0.429330 0.005399
vt 0.429337 0.007343
vt 0.424794 0.007343
vt 0.409829 0.005399
vt 0.409834 0.007343
vt 0.405079 0.007343
vt 0.405074 0.005399
vt 0.399701 0.005399
vt 0.399706 0.007343
vt 0.396253 0.005399
vt 0.393930 0.007343
vt 0.992735 0.005399
vt 0.995495 0.005399
vt 0.995498 0.007343
vt 0.992739 0.007343
vt 0.983712 0.005399
vt 0.983716 0.007343
vt 0.980848 0.007343
vt 0.980844 0.005399
vt 0.977603 0.005399
vt 0.977606 0.007343
vt 0.975523 0.005399
vt 0.974123 0.007343
vt 0.992735 0.005399
vt 0.995495 0.005399
vt 0.995498 0.007343
vt 0.992739 0.007343
vt 0.983712 0.005399
vt 0.983716 0.007343
vt 0.980848 0.007343
vt 0.980844 0.005399
vt 0.977603 0.005399
vt 0.977606 0.007343
vt 0.975523 0.005399
vt 0.974123 0.007343
vt 0.992735 0.005399
vt 0.995495 0.005399
vt 0.995498 0.007343
vt 0.992739 0.007343
vt 0.983712 0.005399
vt 0.983716 0.007343
vt 0.980848 0.007343
vt 0.980844 0.005399
vt 0.977603 0.005399
vt 0.977606 0.007343
vt 0.975523 0.005399
vt 0.974123 0.007343
vt 0.862143 0.007343
vt 0.867140 0.007343
vt 0.865460 0.005399
vt 0.862143 0.005399
vt 0.857498 0.007343
vt 0.857498 0.005399
vt 0.853410 0.005399
vt 0.853410 0.007343
vt 0.786856 0.007343
vt 0.786856 0.005399
vt 0.406347 0.053319
vt 0.360537 0.053319
vt 0.360537 0.047753
vt 0.406347 0.047753
vt 0.410180 0.053319
vt 0.410180 0.047753
vt 0.460726 0.052860
vt 0.414916 0.052860
vt 0.414916 0.047294
vt 0.460726 0.047294
vt 0.464556 0.052860
vt 0.464556 0.047294
vt 0.460726 0.052860
vt 0.414916 0.052860
vt 0.414916 0.047294
vt 0.460726 0.047294
vt 0.464556 0.052860
vt 0.464556 0.047294
vt 0.460726 0.047294
vt 0.414916 0.047294
vt 0.414916 0.052860
vt 0.460726 0.052860
vt 0.464556 0.047294
vt 0.464556 0.052860
vt 0.406347 0.047753
vt 0.360537 0.047753
vt 0.360537 0.053319
vt 0.406347 0.053319
vt 0.410180 0.047753
vt 0.410180 0.053319
vt 0.424789 0.005399
vt 0.429330 0.005399
vt 0.429337 0.007343
vt 0.424794 0.007343
vt 0.409829 0.005399
vt 0.409834 0.007343
vt 0.405079 0.007343
vt 0.405074 0.005399
vt 0.399701 0.005399
vt 0.399706 0.007343
vt 0.396253 0.005399
vt 0.393930 0.007343
vt 0.086436 0.346559
vt 0.086436 0.342826
vt 0.147253 0.342826
vt 0.147253 0.346559
vt 0.086436 0.349638
vt 0.147253 0.349638
vt 0.086436 0.353256
vt 0.147253 0.353256
vt 0.086436 0.356599
vt 0.147253 0.356599
vt 0.086436 0.360340
vt 0.147253 0.360340
vt 0.086436 0.380679
vt 0.147253 0.380679
vt 0.873219 0.007343
vt 0.868222 0.007343
vt 0.869902 0.005399
vt 0.873219 0.005399
vt 0.877864 0.007343
vt 0.877864 0.005399
vt 0.881952 0.007343
vt 0.881952 0.005399
vt 0.948506 0.005399
vt 0.948506 0.007343
vt 0.424789 0.005399
vt 0.429330 0.005399
vt 0.429337 0.007343
vt 0.424794 0.007343
vt 0.409829 0.005399
vt 0.409834 0.007343
vt 0.405079 0.007343
vt 0.405074 0.005399
vt 0.399701 0.005399
vt 0.399706 0.007343
vt 0.396253 0.005399
vt 0.393930 0.007343
vt 0.746985 0.984610
vt 0.751680 0.984610
vt 0.749344 0.988934
vt 0.744647 0.988934
vt 0.742289 0.984610
vt 0.739953 0.988934
vt 0.737593 0.984610
vt 0.735256 0.988934
vt 0.732898 0.984610
vt 0.730560 0.988934
vt 0.728202 0.984610
vt 0.725865 0.988934
vt 0.671809 0.007343
vt 0.678486 0.007343
vt 0.676012 0.005399
vt 0.671809 0.005399
vt 0.665589 0.007343
vt 0.665589 0.005399
vt 0.660094 0.007343
vt 0.660094 0.005399
vt 0.575950 0.005399
vt 0.575950 0.007343
vt 0.273134 0.059325
vt 0.220723 0.059325
vt 0.218728 0.056839
vt 0.211971 0.048834
vt 0.275828 0.057028
vt 0.269071 0.048834
vt 0.818600 0.834700
vt 0.787987 0.799638
vt 0.760416 0.799820
vt 0.760418 0.887128
vt 0.833805 0.836608
vt 0.928655 0.887128
vt 0.702987 0.262569
vt 0.706233 0.275615
vt 0.699632 0.275615
vt 0.698587 0.289872
vt 0.707348 0.289872
vt 0.859635 0.156883
vt 0.864860 0.158699
vt 0.865481 0.169573
vt 0.853333 0.165326
vt 0.857160 0.151386
vt 0.847576 0.152492
vt 0.858884 0.145569
vt 0.851839 0.138112
vt 0.863796 0.142865
vt 0.863278 0.131845
vt 0.868937 0.144969
vt 0.875260 0.136772
vt 0.871204 0.150544
vt 0.880865 0.150555
vt 0.311244 0.097267
vt 0.314721 0.097267
vt 0.314721 0.077502
vt 0.311244 0.077502
vt 0.221970 0.097267
vt 0.221970 0.077502
vt 0.472321 0.007343
vt 0.467643 0.007343
vt 0.469444 0.005399
vt 0.472321 0.005399
vt 0.476674 0.007343
vt 0.476674 0.005399
vt 0.480523 0.007343
vt 0.480523 0.005399
vt 0.502501 0.005399
vt 0.502501 0.007343
vt 0.992735 0.005399
vt 0.995495 0.005399
vt 0.995498 0.007343
vt 0.992739 0.007343
vt 0.983712 0.005399
vt 0.983716 0.007343
vt 0.980848 0.007343
vt 0.980844 0.005399
vt 0.977603 0.005399
vt 0.977606 0.007343
vt 0.975523 0.005399
vt 0.974123 0.007343
vt 0.460726 0.052860
vt 0.414916 0.052860
vt 0.414916 0.047294
vt 0.460726 0.047294
vt 0.464556 0.052860
vt 0.464556 0.047294
vt 0.406347 0.053319
vt 0.360537 0.053319
vt 0.360537 0.047753
vt 0.406347 0.047753
vt 0.410180 0.053319
vt 0.410180 0.047753
vt 0.582221 0.924104
vt 0.582227 0.998344
vt 0.560039 0.998342
vt 0.560032 0.924094
vt 0.582196 0.920955
vt 0.560032 0.920955
vt 0.318829 0.007343
vt 0.322931 0.007343
vt 0.321336 0.005399
vt 0.318829 0.005399
vt 0.315010 0.007343
vt 0.315010 0.005399
vt 0.311633 0.007343
vt 0.311633 0.005399
vt 0.292356 0.005399
vt 0.292356 0.007343
vt 0.931941 0.970447
vt 0.926157 0.950383
vt 0.926157 0.997162
vt 0.937377 0.961590
vt 0.943110 0.944758
vt 0.943110 0.958421
vt 0.960038 0.942984
vt 0.960038 0.954998
vt 0.976966 0.944758
vt 0.976966 0.958421
vt 0.995146 0.950383
vt 0.982722 0.961590
vt 0.988365 0.970447
vt 0.995146 0.997162
vt 0.712656 0.785274
vt 0.678090 0.785274
vt 0.678090 0.767052
vt 0.691299 0.767052
vt 0.691299 0.717492
vt 0.712656 0.717492
vt 0.888287 0.636946
vt 0.878273 0.632019
vt 0.894328 0.645337
vt 0.878273 0.667047
vt 0.888287 0.662120
vt 0.894328 0.653730
vt 0.903555 0.548027
vt 0.893543 0.543101
vt 0.909596 0.556418
vt 0.893543 0.578128
vt 0.903555 0.573202
vt 0.909596 0.564811
vt 0.118161 0.071615
vt 0.118161 0.075028
vt 0.016867 0.075028
vt 0.016867 0.071615
vt 0.006245 0.071617
vt 0.006245 0.075028
vt 0.118161 0.071615
vt 0.118161 0.075028
vt 0.016867 0.075028
vt 0.016867 0.071615
vt 0.006245 0.071617
vt 0.006245 0.075028
vt 0.118161 0.071615
vt 0.118161 0.075028
vt 0.016867 0.075028
vt 0.016867 0.071615
vt 0.006245 0.071617
vt 0.006245 0.075028
vt 0.118161 0.071615
vt 0.118161 0.075028
vt 0.016867 0.075028
vt 0.016867 0.071615
vt 0.006245 0.071617
vt 0.006245 0.075028
vt 0.118161 0.071615
vt 0.118161 0.075028
vt 0.016867 0.075028
vt 0.016867 0.071615
vt 0.006245 0.071617
vt 0.006245 0.075028
vt 0.118161 0.071615
vt 0.118161 0.075028
vt 0.016867 0.075028
vt 0.016867 0.071615
vt 0.006245 0.071617
vt 0.006245 0.075028
vt 0.118161 0.071615
vt 0.118161 0.075028
vt 0.016867 0.075028
vt 0.016867 0.071615
vt 0.006245 0.071617
vt 0.006245 0.075028
vt 0.515487 0.411005
vt 0.515487 0.539146
vt 0.527957 0.539146
vt 0.527957 0.411005
vt 0.527957 0.406572
vt 0.515487 0.406572
vt 0.510813 0.406572
vt 0.499002 0.406572
vt 0.499002 0.411005
vt 0.510813 0.411005
vt 0.510813 0.539146
vt 0.499002 0.539146
vt 0.544144 0.406572
vt 0.532309 0.406572
vt 0.532309 0.411005
vt 0.544144 0.411005
vt 0.544144 0.539146
vt 0.532309 0.539146
vt 0.561050 0.406572
vt 0.549096 0.406572
vt 0.549096 0.411005
vt 0.561050 0.411005
vt 0.561050 0.539146
vt 0.549096 0.539146
vt 0.577908 0.406572
vt 0.565956 0.406572
vt 0.565956 0.411005
vt 0.577908 0.411005
vt 0.577908 0.539146
vt 0.565956 0.539146
vt 0.871929 0.639790
vt 0.716322 0.652637
vt 0.716332 0.670285
vt 0.872044 0.674109
vt 0.716414 0.694556
vt 0.730918 0.706442
vt 0.890355 0.747386
vt 0.890097 0.674060
vt 0.872367 0.747437
vt 0.598300 0.539078
vt 0.581868 0.539078
vt 0.581868 0.535785
vt 0.595443 0.535787
vt 0.595443 0.442226
vt 0.581868 0.442226
vt 0.547523 0.077317
vt 0.462719 0.077412
vt 0.462906 0.093287
vt 0.547547 0.093192
vt 0.550957 0.093189
vt 0.550941 0.077314
vt 0.709262 0.645883
vt 0.709262 0.617235
vt 0.711858 0.617235
vt 0.711858 0.642704
vt 0.778631 0.642704
vt 0.778631 0.612340
vt 0.013327 0.718166
vt 0.006394 0.712118
vt 0.009307 0.710239
vt 0.065440 0.710239
vt 0.067601 0.712118
vt 0.074534 0.718166
vt 0.886251 0.797057
vt 0.878906 0.819535
vt 0.885814 0.821899
vt 0.893123 0.799715
vt 0.848431 0.796212
vt 0.846026 0.811431
vt 0.878906 0.819535
vt 0.855710 0.822104
vt 0.843583 0.826038
vt 0.828886 0.790660
vt 0.830571 0.818863
vt 0.831721 0.804579
vt 0.803539 0.788657
vt 0.820578 0.809389
vt 0.800627 0.813229
vt 0.146372 0.849865
vt 0.166964 0.849865
vt 0.166964 0.887225
vt 0.146372 0.887225
vt 0.125941 0.887225
vt 0.125941 0.849865
vt 0.499002 0.411005
vt 0.499002 0.406572
vt 0.510813 0.406572
vt 0.510813 0.411005
vt 0.510813 0.539146
vt 0.499002 0.539146
vt 0.532309 0.411005
vt 0.532309 0.406572
vt 0.544144 0.406572
vt 0.544144 0.411005
vt 0.544144 0.539146
vt 0.532309 0.539146
vt 0.549096 0.411005
vt 0.549096 0.406572
vt 0.561050 0.406572
vt 0.561050 0.411005
vt 0.561050 0.539146
vt 0.549096 0.539146
vt 0.565956 0.411005
vt 0.565956 0.406572
vt 0.577908 0.406572
vt 0.577908 0.411005
vt 0.577908 0.539146
vt 0.565956 0.539146
vt 0.582999 0.411005
vt 0.582999 0.406572
vt 0.594952 0.406572
vt 0.594952 0.411005
vt 0.594952 0.436215
vt 0.582999 0.436215
vt 0.800563 0.564041
vt 0.775817 0.563838
vt 0.777574 0.581389
vt 0.822609 0.622286
vt 0.694394 0.685375
vt 0.692965 0.580694
vt 0.713790 0.711185
vt 0.696740 0.706452
vt 0.692681 0.691382
vt 0.640482 0.626009
vt 0.640482 0.631812
vt 0.605999 0.626009
vt 0.617227 0.631812
vt 0.613185 0.631378
vt 0.609288 0.629237
vt 0.118161 0.071615
vt 0.118161 0.075028
vt 0.016867 0.075028
vt 0.016867 0.071615
vt 0.006245 0.071617
vt 0.006245 0.075028
vt 0.324260 0.516079
vt 0.311206 0.500475
vt 0.333232 0.500475
vt 0.309654 0.516079
vt 0.293902 0.516079
vt 0.279008 0.500475
vt 0.819949 0.317315
vt 0.828176 0.281155
vt 0.806821 0.270093
vt 0.808706 0.343364
vt 0.760082 0.344849
vt 0.787165 0.352104
vt 0.739995 0.301563
vt 0.743908 0.324997
vt 0.753162 0.240903
vt 0.736865 0.232055
vt 0.044738 0.225602
vt 0.001732 0.225602
vt 0.001732 0.280845
vt 0.044738 0.280845
vt 0.089514 0.280845
vt 0.089514 0.225602
vt 0.155200 0.225602
vt 0.155200 0.280845
vt 0.454032 0.220296
vt 0.493208 0.220296
vt 0.493208 0.233158
vt 0.454032 0.233158
vt 0.414856 0.220296
vt 0.493208 0.245534
vt 0.414856 0.233158
vt 0.375680 0.220296
vt 0.375680 0.233158
vt 0.454032 0.245534
vt 0.493208 0.255845
vt 0.414856 0.245535
vt 0.375680 0.245535
vt 0.454032 0.255845
vt 0.493208 0.268222
vt 0.414856 0.255845
vt 0.375680 0.255845
vt 0.454032 0.268222
vt 0.493208 0.281083
vt 0.454032 0.281083
vt 0.414856 0.268222
vt 0.375680 0.268222
vt 0.414856 0.281083
vt 0.375680 0.281083
vt 0.973117 0.292718
vt 0.954875 0.262551
vt 0.973079 0.241730
vt 0.990068 0.270292
vt 0.990068 0.319949
vt 0.990068 0.221141
vt 0.157880 0.049315
vt 0.162682 0.054859
vt 0.143445 0.049315
vt 0.148216 0.060381
vt 0.141354 0.052460
vt 0.160639 0.058058
vt 0.551484 0.187878
vt 0.564990 0.187860
vt 0.545068 0.200387
vt 0.564903 0.212854
vt 0.551489 0.212872
vt 0.571366 0.200351
vt 0.411159 0.490925
vt 0.417349 0.480469
vt 0.417236 0.500749
vt 0.435064 0.490705
vt 0.429116 0.500749
vt 0.429132 0.480661
vt 0.498218 0.674716
vt 0.493227 0.683931
vt 0.492964 0.665607
vt 0.477233 0.674925
vt 0.482261 0.665713
vt 0.482450 0.684038
vt 0.617227 0.618783
vt 0.640482 0.618783
vt 0.613185 0.619219
vt 0.605999 0.624591
vt 0.609288 0.621361
vt 0.640482 0.624591
vt 0.432791 0.677050
vt 0.430789 0.677050
vt 0.432791 0.659360
vt 0.387675 0.736297
vt 0.387675 0.659360
vt 0.396996 0.736297
vt 0.124603 0.836374
vt 0.170161 0.799962
vt 0.124603 0.846315
vt 0.210427 0.887129
vt 0.170339 0.887129
vt 0.210309 0.799084
vt 0.988968 0.447895
vt 0.973866 0.459492
vt 0.988968 0.468972
vt 0.973599 0.434201
vt 0.988968 0.416614
vt 0.959782 0.450768
vt 0.334151 0.420229
vt 0.313195 0.420229
vt 0.313195 0.401967
vt 0.334151 0.401967
vt 0.313195 0.384390
vt 0.356107 0.420229
vt 0.334151 0.384390
vt 0.356107 0.401967
vt 0.356107 0.384390
vt 0.725644 0.361335
vt 0.744394 0.342305
vt 0.719392 0.433199
vt 0.777294 0.360654
vt 0.783406 0.433298
vt 0.826244 0.429242
vt 0.821658 0.481824
vt 0.839726 0.532347
vt 0.829764 0.611615
vt 0.694574 0.442386
vt 0.695519 0.430984
vt 0.700485 0.491429
vt 0.694715 0.561213
vt 0.692699 0.463990
vt 0.393706 0.215232
vt 0.375962 0.215232
vt 0.375962 0.141727
vt 0.375962 0.131365
vt 0.393706 0.131365
vt 0.393706 0.141727
vt 0.412044 0.215232
vt 0.412044 0.131365
vt 0.412044 0.141727
vt 0.430455 0.215232
vt 0.430455 0.131365
vt 0.430455 0.141727
vt 0.448883 0.215232
vt 0.448883 0.131365
vt 0.448883 0.141727
vt 0.467331 0.215232
vt 0.467331 0.131365
vt 0.467331 0.141727
vt 0.485745 0.215232
vt 0.485745 0.131365
vt 0.485745 0.141727
vt 0.504016 0.215232
vt 0.504016 0.131365
vt 0.504016 0.141727
vt 0.522327 0.215232
vt 0.522327 0.131365
vt 0.522327 0.141727
vt 0.540110 0.215232
vt 0.540110 0.131365
vt 0.540110 0.141727
vt 0.393706 0.215232
vt 0.375962 0.215232
vt 0.375962 0.141727
vt 0.375962 0.131365
vt 0.393706 0.131365
vt 0.393706 0.141727
vt 0.412044 0.215232
vt 0.412044 0.131365
vt 0.412044 0.141727
vt 0.430455 0.215232
vt 0.430455 0.131365
vt 0.430455 0.141727
vt 0.448883 0.215232
vt 0.448883 0.131365
vt 0.448883 0.141727
vt 0.467331 0.215232
vt 0.467331 0.131365
vt 0.467331 0.141727
vt 0.485745 0.215232
vt 0.485745 0.131365
vt 0.485745 0.141727
vt 0.504016 0.215232
vt 0.504016 0.131365
vt 0.504016 0.141727
vt 0.522327 0.215232
vt 0.522327 0.131365
vt 0.522327 0.141727
vt 0.540110 0.215232
vt 0.540110 0.131365
vt 0.540110 0.141727
vt 0.701679 0.208957
vt 0.693666 0.208957
vt 0.707439 0.203349
vt 0.702321 0.189312
vt 0.707702 0.195288
vt 0.687641 0.195288
vt 0.693022 0.189312
vt 0.687907 0.203349
vt 0.740739 0.222932
vt 0.730341 0.232807
vt 0.741035 0.208676
vt 0.716644 0.198095
vt 0.731055 0.198388
vt 0.705950 0.222226
vt 0.706246 0.207969
vt 0.715931 0.232514
vt 0.469570 0.035648
vt 0.469570 0.018707
vt 0.494318 0.018707
vt 0.494318 0.055319
vt 0.469570 0.055319
vt 0.494318 0.035648
vt 0.519088 0.035648
vt 0.519088 0.018707
vt 0.519088 0.055319
vt 0.543053 0.018707
vt 0.543053 0.055319
vt 0.543053 0.035648
vt 0.810071 0.269058
vt 0.864985 0.281786
vt 0.835106 0.260325
vt 0.793262 0.238877
vt 0.765440 0.237560
vt 0.762094 0.204181
vt 0.737463 0.190686
vt 0.822628 0.234730
vt 0.749042 0.157898
vt 0.732130 0.136805
vt 0.789692 0.209740
vt 0.771428 0.176067
vt 0.755897 0.111841
vt 0.748419 0.085296
vt 0.769618 0.137601
vt 0.779643 0.071794
vt 0.784944 0.044360
vt 0.783173 0.099341
vt 0.820134 0.044952
vt 0.835109 0.022384
vt 0.809795 0.071703
vt 0.866574 0.036793
vt 0.889704 0.021389
vt 0.846182 0.057806
vt 0.912530 0.046416
vt 0.940521 0.042721
vt 0.887223 0.058426
vt 0.951070 0.075928
vt 0.977436 0.082823
vt 0.922165 0.074695
vt 0.973555 0.116886
vt 0.995636 0.133652
vt 0.946970 0.104456
vt 0.978845 0.162930
vt 0.991207 0.187922
vt 0.959321 0.143093
vt 0.962674 0.208231
vt 0.964211 0.235027
vt 0.954763 0.180905
vt 0.930260 0.242030
vt 0.920581 0.268035
vt 0.933942 0.213506
vt 0.887640 0.261995
vt 0.864985 0.281786
vt 0.900260 0.237466
vt 0.860771 0.265628
vt 0.861295 0.245383
vt 0.905210 0.208844
vt 0.877055 0.221245
vt 0.846940 0.220240
vt 0.861989 0.221596
vt 0.862300 0.200695
vt 0.819291 0.206514
vt 0.841873 0.195423
vt 0.799519 0.183791
vt 0.825155 0.182271
vt 0.791548 0.155391
vt 0.815407 0.163896
vt 0.845509 0.174427
vt 0.857488 0.180275
vt 0.837223 0.164604
vt 0.863310 0.180519
vt 0.833764 0.152486
vt 0.868544 0.180562
vt 0.814143 0.143245
vt 0.835506 0.140078
vt 0.882920 0.196778
vt 0.880699 0.175418
vt 0.900377 0.184618
vt 0.889573 0.166061
vt 0.926159 0.186916
vt 0.911351 0.166867
vt 0.893794 0.154213
vt 0.936010 0.159121
vt 0.913925 0.146425
vt 0.892718 0.141738
vt 0.933025 0.129669
vt 0.908033 0.126565
vt 0.886783 0.130709
vt 0.918768 0.103356
vt 0.894694 0.110752
vt 0.876967 0.123209
vt 0.895179 0.085307
vt 0.875923 0.101906
vt 0.864814 0.120347
vt 0.865874 0.078798
vt 0.855027 0.101296
vt 0.852460 0.122575
vt 0.836133 0.083982
vt 0.835701 0.108968
vt 0.842103 0.129515
vt 0.811452 0.100420
vt 0.821310 0.123787
vt 0.795981 0.125851
vt 0.760056 0.993867
vt 0.757523 0.998382
vt 0.755454 0.993867
vt 0.751845 0.996124
vt 0.757802 0.989352
vt 0.752255 0.990204
vt 0.753629 0.986158
vt 0.751377 0.981643
vt 0.755978 0.981643
vt 0.759177 0.985135
vt 0.753910 0.977128
vt 0.759586 0.979385
vt 0.760056 0.993867
vt 0.757523 0.998382
vt 0.755455 0.993867
vt 0.751845 0.996124
vt 0.757802 0.989352
vt 0.752255 0.990204
vt 0.753629 0.986158
vt 0.751377 0.981643
vt 0.755978 0.981643
vt 0.759177 0.985135
vt 0.753909 0.977128
vt 0.759586 0.979385
vt 0.349539 0.187601
vt 0.331017 0.198645
vt 0.335010 0.185677
vt 0.342824 0.174236
vt 0.357554 0.168428
vt 0.320447 0.187579
vt 0.308675 0.197571
vt 0.345351 0.160936
vt 0.351838 0.148847
vt 0.328293 0.176174
vt 0.333426 0.163869
vt 0.335918 0.150578
vt 0.334454 0.135921
vt 0.321612 0.166775
vt 0.322920 0.144256
vt 0.312399 0.134858
vt 0.322279 0.155568
vt 0.309272 0.149293
vt 0.293634 0.146043
vt 0.310219 0.162745
vt 0.298703 0.158689
vt 0.285718 0.164972
vt 0.313941 0.175495
vt 0.299707 0.172163
vt 0.291509 0.184812
vt 0.306177 0.184293
vt 0.370051 0.361690
vt 0.377080 0.327501
vt 0.390773 0.349770
vt 0.397602 0.370052
vt 0.384983 0.393695
vt 0.403475 0.332143
vt 0.402952 0.303371
vt 0.410820 0.352928
vt 0.410416 0.387620
vt 0.415320 0.410992
vt 0.420681 0.319370
vt 0.437665 0.299479
vt 0.431880 0.387467
vt 0.450495 0.406706
vt 0.419681 0.369630
vt 0.452589 0.380640
vt 0.476348 0.383155
vt 0.438284 0.366376
vt 0.426754 0.355203
vt 0.459023 0.360168
vt 0.483077 0.348398
vt 0.440897 0.347633
vt 0.423906 0.339356
vt 0.458901 0.338399
vt 0.468643 0.316606
vt 0.441414 0.325983
vt 0.953124 0.660301
vt 0.932016 0.659393
vt 0.944186 0.649059
vt 0.959058 0.645652
vt 0.972441 0.652614
vt 0.929149 0.645327
vt 0.913349 0.650756
vt 0.944111 0.636131
vt 0.972086 0.636074
vt 0.986525 0.637764
vt 0.956589 0.628570
vt 0.980415 0.623133
vt 0.994006 0.618176
vt 0.968040 0.619066
vt 0.981847 0.608038
vt 0.992611 0.597524
vt 0.956103 0.615145
vt 0.976618 0.592661
vt 0.982619 0.579615
vt 0.964788 0.604974
vt 0.966620 0.580851
vt 0.966025 0.566562
vt 0.959046 0.591326
vt 0.952516 0.574942
vt 0.945758 0.561555
vt 0.951668 0.601356
vt 0.944418 0.590123
vt 0.936192 0.575134
vt 0.925513 0.565432
vt 0.936931 0.601298
vt 0.921784 0.580866
vt 0.907868 0.576998
vt 0.929520 0.591254
vt 0.911756 0.592300
vt 0.896800 0.594511
vt 0.923857 0.604616
vt 0.906898 0.607710
vt 0.894271 0.614757
vt 0.932298 0.615093
vt 0.907953 0.623034
vt 0.899936 0.634934
vt 0.920334 0.618967
vt 0.915847 0.636001
vt 0.931423 0.628404
vt 0.944117 0.623656
vt 0.944227 0.611295
vt 0.973585 0.776441
vt 0.992274 0.800654
vt 0.971448 0.794194
vt 0.952107 0.786122
vt 0.943782 0.767928
vt 0.977376 0.814118
vt 0.993321 0.831333
vt 0.931120 0.785505
vt 0.914705 0.778010
vt 0.958152 0.805486
vt 0.937803 0.801503
vt 0.917330 0.801206
vt 0.897291 0.803443
vt 0.945198 0.817350
vt 0.910276 0.820808
vt 0.898023 0.833942
vt 0.927688 0.819412
vt 0.921144 0.838622
vt 0.917110 0.858172
vt 0.941828 0.834460
vt 0.937805 0.851298
vt 0.946644 0.866892
vt 0.960645 0.825828
vt 0.958272 0.846574
vt 0.975820 0.856419
vt 0.975598 0.834824
vt 0.953164 0.559071
vt 0.931619 0.558141
vt 0.944042 0.547597
vt 0.959217 0.544119
vt 0.972878 0.551225
vt 0.928694 0.543788
vt 0.912566 0.549328
vt 0.943964 0.534398
vt 0.972518 0.534343
vt 0.987255 0.536068
vt 0.956700 0.526684
vt 0.981016 0.521134
vt 0.994891 0.516076
vt 0.968388 0.516984
vt 0.982481 0.505728
vt 0.993463 0.494997
vt 0.956204 0.512982
vt 0.977140 0.490034
vt 0.983268 0.476717
vt 0.965068 0.502600
vt 0.966939 0.477979
vt 0.966331 0.463396
vt 0.959208 0.488668
vt 0.952540 0.471948
vt 0.945646 0.458285
vt 0.951678 0.498907
vt 0.944278 0.487443
vt 0.935882 0.472144
vt 0.924983 0.462239
vt 0.936633 0.498849
vt 0.921176 0.477992
vt 0.906972 0.474047
vt 0.929069 0.488597
vt 0.910938 0.489665
vt 0.895676 0.491921
vt 0.923289 0.502235
vt 0.905979 0.505391
vt 0.893095 0.512586
vt 0.931908 0.512929
vt 0.907059 0.521033
vt 0.898878 0.533179
vt 0.919696 0.516883
vt 0.915117 0.534269
vt 0.931014 0.526515
vt 0.943968 0.521669
vt 0.944082 0.509053
vt 0.821883 0.415697
vt 0.846796 0.419107
vt 0.847419 0.443830
vt 0.871485 0.436290
vt 0.882246 0.459042
vt 0.832119 0.393008
vt 0.810323 0.379785
vt 0.901765 0.442645
vt 0.920311 0.459273
vt 0.828926 0.362562
vt 0.814192 0.342291
vt 0.931368 0.436859
vt 0.955238 0.443964
vt 0.837832 0.334091
vt 0.833362 0.309562
vt 0.955486 0.418924
vt 0.980643 0.415916
vt 0.858343 0.312244
vt 0.864335 0.287573
vt 0.970910 0.392409
vt 0.992641 0.380169
vt 0.886577 0.299794
vt 0.901636 0.279675
vt 0.974469 0.362792
vt 0.988733 0.342565
vt 0.916690 0.299451
vt 0.938967 0.287650
vt 0.964685 0.334602
vt 0.969622 0.309983
vt 0.944000 0.311934
vt 0.952206 0.353943
vt 0.940971 0.335202
vt 0.923262 0.322235
vt 0.901191 0.317587
vt 0.879736 0.322313
vt 0.925718 0.348827
vt 0.907109 0.343880
vt 0.888083 0.340910
vt 0.861793 0.334957
vt 0.894978 0.356208
vt 0.850544 0.354270
vt 0.877596 0.356901
vt 0.848421 0.375951
vt 0.868865 0.373925
vt 0.854980 0.396800
vt 0.885693 0.372134
vt 0.880971 0.388698
vt 0.870093 0.413377
vt 0.898127 0.385800
vt 0.890356 0.422057
vt 0.894594 0.402178
vt 0.912420 0.422252
vt 0.912606 0.395346
vt 0.933012 0.413174
vt 0.915110 0.378314
vt 0.947588 0.396798
vt 0.929778 0.386671
vt 0.954591 0.376117
vt 0.928774 0.367645
vt 0.913158 0.360031
vt 0.901414 0.370499
vt 0.915331 0.671100
vt 0.934834 0.663182
vt 0.927544 0.677416
vt 0.943400 0.673854
vt 0.955910 0.663767
vt 0.914541 0.687036
vt 0.900761 0.686176
vt 0.959321 0.676983
vt 0.974893 0.672812
vt 0.906577 0.701061
vt 0.893676 0.705823
vt 0.972572 0.686251
vt 0.988530 0.688684
vt 0.905108 0.717064
vt 0.895264 0.726633
vt 0.980940 0.700016
vt 0.994509 0.708688
vt 0.910322 0.732318
vt 0.905264 0.745028
vt 0.982869 0.716015
vt 0.991690 0.729392
vt 0.921371 0.744192
vt 0.921999 0.757769
vt 0.978071 0.731379
vt 0.980625 0.747152
vt 0.936386 0.750477
vt 0.942500 0.762679
vt 0.967368 0.743498
vt 0.963237 0.758944
vt 0.952646 0.750235
vt 0.964104 0.729268
vt 0.955543 0.736141
vt 0.944851 0.738549
vt 0.933934 0.736925
vt 0.945397 0.725197
vt 0.954027 0.720438
vt 0.969452 0.719799
vt 0.970009 0.708912
vt 0.956685 0.711009
vt 0.966455 0.698662
vt 0.943936 0.712566
vt 0.951866 0.702585
vt 0.958648 0.690980
vt 0.948608 0.686694
vt 0.942393 0.699931
vt 0.937614 0.687251
vt 0.927666 0.691783
vt 0.933814 0.704699
vt 0.920732 0.700240
vt 0.917449 0.710575
vt 0.931151 0.714080
vt 0.919149 0.721338
vt 0.935844 0.722658
vt 0.924672 0.730710
vn -0.00091 -0.016145999999999938 0.999869
vn -0.00091 -0.016145999999999938 0.999869
vn -0.00091 -0.016145999999999938 0.999869
vn -0.000779 -0.01445299999999994 0.999895
vn -0.000779 -0.01445299999999994 0.999895
vn -0.000779 -0.01445299999999994 0.999895
vn -0.016147 0.0009100000000000613 0.999869
vn -0.016147 0.0009100000000000613 0.999869
vn -0.016147 0.0009100000000000613 0.999869
vn -0.014452 0.0007790000000000612 0.999895
vn -0.014452 0.0007790000000000612 0.999895
vn -0.014452 0.0007790000000000612 0.999895
vn -0.005999 0.01501900000000006 0.999869
vn -0.005999 0.01501900000000006 0.999869
vn -0.005999 0.01501900000000006 0.999869
vn -0.005402 0.013428000000000061 0.999895
vn -0.005402 0.013428000000000061 0.999895
vn -0.005402 0.013428000000000061 0.999895
vn -0.00091 -0.01614699999999994 0.999869
vn -0.00091 -0.01614699999999994 0.999869
vn -0.00091 -0.01614699999999994 0.999869
vn -0.000779 -0.014451999999999939 0.999895
vn -0.000779 -0.014451999999999939 0.999895
vn -0.000779 -0.014451999999999939 0.999895
vn -0.011784 0.011076000000000061 0.999869
vn -0.011784 0.011076000000000061 0.999869
vn -0.011784 0.011076000000000061 0.999869
vn -0.01057 0.00988700000000006 0.999895
vn -0.01057 0.00988700000000006 0.999895
vn -0.01057 0.00988700000000006 0.999895
vn -0.012954 -0.009681999999999939 0.999869
vn -0.012954 -0.009681999999999939 0.999869
vn -0.012954 -0.009681999999999939 0.999869
vn -0.011572 -0.008692999999999939 0.999895
vn -0.011572 -0.008692999999999939 0.999895
vn -0.011572 -0.008692999999999939 0.999895
vn -0.015832 -0.003299999999999939 0.999869
vn -0.015832 -0.003299999999999939 0.999869
vn -0.015832 -0.003299999999999939 0.999869
vn -0.014162 -0.002987999999999939 0.999895
vn -0.014162 -0.002987999999999939 0.999895
vn -0.014162 -0.002987999999999939 0.999895
vn -0.014862 0.006378000000000062 0.999869
vn -0.014862 0.006378000000000062 0.999869
vn -0.014862 0.006378000000000062 0.999869
vn -0.013314 0.005675000000000062 0.999895
vn -0.013314 0.005675000000000062 0.999895
vn -0.013314 0.005675000000000062 0.999895
vn -0.014862 0.006378000000000062 0.999869
vn -0.014862 0.006378000000000062 0.999869
vn -0.014862 0.006378000000000062 0.999869
vn -0.013314 0.005675000000000062 0.999895
vn -0.013314 0.005675000000000062 0.999895
vn -0.013314 0.005675000000000062 0.999895
vn 0.013925 0.002234000000000061 0.999901
vn 0.013925 0.002234000000000061 0.999901
vn 0.013925 0.002234000000000061 0.999901
vn 0.012235 0.0020690000000000612 0.999923
vn 0.012235 0.0020690000000000612 0.999923
vn 0.012235 0.0020690000000000612 0.999923
vn -0.014862 0.006380000000000062 0.999869
vn -0.014862 0.006380000000000062 0.999869
vn -0.014862 0.006380000000000062 0.999869
vn -0.013315 0.005677000000000061 0.999895
vn -0.013315 0.005677000000000061 0.999895
vn -0.013315 0.005677000000000061 0.999895
vn -0.00765 -0.014248999999999939 0.999869
vn -0.00765 -0.014248999999999939 0.999869
vn -0.00765 -0.014248999999999939 0.999869
vn -0.006816 -0.01276999999999994 0.999895
vn -0.006816 -0.01276999999999994 0.999895
vn -0.006816 -0.01276999999999994 0.999895
vn -0.013315 0.005677000000000061 0.999895
vn -0.013315 0.005677000000000061 0.999895
vn -0.013315 0.005677000000000061 0.999895
vn -0.014862 0.006379000000000062 0.999869
vn -0.014862 0.006379000000000062 0.999869
vn -0.014862 0.006379000000000062 0.999869
vn -0.013315 0.005677000000000061 0.999895
vn -0.013315 0.005677000000000061 0.999895
vn -0.013315 0.005677000000000061 0.999895
vn -0.014862 0.006379000000000062 0.999869
vn -0.014862 0.006379000000000062 0.999869
vn -0.014862 0.006379000000000062 0.999869
vn -0.938342 -0.345708 2.116850978198166E-17
vn -0.938342 -0.345708 2.116850978198166E-17
vn 0.087055 0.996203 -6.099984076254953E-17
vn 0.087055 0.996203 -6.099984076254953E-17
vn 0.087055 0.996203 -6.099984076254953E-17
vn -0.938342 -0.345708 2.116850978198166E-17
vn 0.50625 0.29983200000000004 0.808586
vn 0.50625 0.29983200000000004 0.808586
vn 0.720401 0.42666500000000007 0.54679
vn 0.50625 0.29983200000000004 0.808586
vn 0.226042 0.13387600000000005 0.964874
vn 0.50625 0.29983200000000004 0.808586
vn -0.285963 0.561615 0.776411
vn -0.285963 0.561615 0.776411
vn -0.526641 0.641003 0.558358
vn -0.285963 0.561615 0.776411
vn -0.013322 0.41945200000000005 0.90768
vn -0.285963 0.561615 0.776411
vn -0.044496 -0.583079 0.811196
vn -0.044496 -0.583079 0.811196
vn -0.063335 -0.829958 0.554219
vn -0.044496 -0.583079 0.811196
vn -0.01999 -0.26194899999999993 0.964875
vn -0.044496 -0.583079 0.811196
vn 0.20528 -0.968357 0.14193200000000006
vn 0.20528 -0.968357 0.14193200000000006
vn 0.20528 -0.968357 0.14193200000000006
vn -0.575763 -0.817617 5.006460209892308E-17
vn -0.575763 -0.817617 5.006460209892308E-17
vn -0.575763 -0.817617 5.006460209892308E-17
vn 0.210268 -0.967319 0.14171200000000006
vn 0.210268 -0.967319 0.14171200000000006
vn 0.210268 -0.967319 0.14171200000000006
vn -0.424738 -0.905316 5.5434617080844264E-17
vn -0.424738 -0.905316 5.5434617080844264E-17
vn -0.424738 -0.905316 5.5434617080844264E-17
vn -0.396532 0.855381 -0.33329600000000004
vn -0.396532 0.855381 -0.33329600000000004
vn -0.396532 0.855381 -0.33329600000000004
vn -0.37674 0.85393 -0.35898700000000006
vn -0.37674 0.85393 -0.35898700000000006
vn -0.37674 0.85393 -0.35898700000000006
vn -0.538047 -0.764563 -0.35489399999999993
vn -0.538047 -0.764563 -0.35489399999999993
vn -0.538047 -0.764563 -0.35489399999999993
vn -0.528512 -0.782865 -0.3283249999999999
vn -0.528512 -0.782865 -0.3283249999999999
vn -0.528512 -0.782865 -0.3283249999999999
vn 0.392519 -0.846994 -0.35850999999999994
vn 0.392519 -0.846994 -0.35850999999999994
vn 0.392519 -0.846994 -0.35850999999999994
vn 0.39498 -0.84719 -0.3553299999999999
vn 0.39498 -0.84719 -0.3553299999999999
vn 0.39498 -0.84719 -0.3553299999999999
vn 0.537961 0.76461 -0.35492200000000007
vn 0.537961 0.76461 -0.35492200000000007
vn 0.537961 0.76461 -0.35492200000000007
vn 0.536866 0.766818 -0.35180300000000003
vn 0.536866 0.766818 -0.35180300000000003
vn 0.536866 0.766818 -0.35180300000000003
vn 0.068862 0.997349 -0.023535000000000063
vn 0.13861 0.990347 -6.064126417975919E-17
vn 0.842801 -0.537941 0.017496000000000032
vn 0.842801 -0.537941 0.017496000000000032
vn 0.87849 -0.477761 2.925442397037193E-17
vn 0.068862 0.997349 -0.023535000000000063
vn -0.543611 0.805958 0.23434799999999995
vn 0.012122 0.993738 0.11107399999999995
vn -0.96727 0.017724000000000014 0.253128
vn -0.96727 0.017724000000000014 0.253128
vn -0.759286 -0.638839 0.12397400000000004
vn -0.543611 0.805958 0.23434799999999995
vn -0.730485 0.659786 -0.17628100000000002
vn -0.155834 0.98348 0.09210599999999994
vn -0.897471 -0.23059400000000002 -0.375995
vn -0.897471 -0.23059400000000002 -0.375995
vn -0.688265 -0.628515 -0.3622969999999999
vn -0.730485 0.659786 -0.17628100000000002
vn 0.572378 0.819683 -0.02243300000000005
vn 0.913169 0.393007 0.10802099999999998
vn -0.335626 0.919152 -0.20619200000000004
vn -0.335626 0.919152 -0.20619200000000004
vn -0.823342 0.514847 -0.23883100000000002
vn 0.572378 0.819683 -0.02243300000000005
vn -0.621455 0.782442 0.039717999999999955
vn -0.026954 0.999379 0.022684999999999938
vn -0.998972 -0.027620999999999996 0.035936
vn -0.998972 -0.027620999999999996 0.035936
vn -0.784621 -0.619788 0.015238000000000038
vn -0.621455 0.782442 0.039717999999999955
vn -0.545084 0.806821 0.22786899999999993
vn 0.011805 0.993906 0.10959999999999995
vn -0.969615 0.018850000000000013 0.24391
vn -0.969615 0.018850000000000013 0.24391
vn -0.760666 -0.638387 0.11768800000000004
vn -0.545084 0.806821 0.22786899999999993
vn 0.003938 -0.999991 -0.0018659999999999389
vn 0.003938 -0.999991 -0.0018659999999999389
vn 0.003938 -0.999991 -0.0018659999999999389
vn -0.000307 -0.999998 0.0017870000000000611
vn -0.000307 -0.999998 0.0017870000000000611
vn -0.000307 -0.999998 0.0017870000000000611
vn 0.016577 -0.06183999999999994 0.997948
vn 0.016577 -0.06183999999999994 0.997948
vn 0.016577 -0.06183999999999994 0.997948
vn 0.013476 0.003609000000000061 0.999903
vn 0.013476 0.003609000000000061 0.999903
vn 0.013476 0.003609000000000061 0.999903
vn 0.078345 -0.04524499999999994 0.995899
vn 0.078345 -0.04524499999999994 0.995899
vn 0.078345 -0.04524499999999994 0.995899
vn -0.004266 0.01000500000000006 0.999941
vn -0.004266 0.01000500000000006 0.999941
vn -0.004266 0.01000500000000006 0.999941
vn -0.004059 0.01524600000000006 0.999876
vn -0.004059 0.01524600000000006 0.999876
vn -0.004059 0.01524600000000006 0.999876
vn 0.018894 0.005290000000000062 0.999808
vn 0.018894 0.005290000000000062 0.999808
vn 0.018894 0.005290000000000062 0.999808
vn -0.001565 0.643438 0.765497
vn -0.001565 0.643438 0.765497
vn -0.001565 0.643438 0.765497
vn 0.026973 0.6441 0.764466
vn 0.026973 0.6441 0.764466
vn 0.026973 0.6441 0.764466
vn 1 0 0
vn 1 0 0
vn 1 0 0
vn 1 0 0
vn 1 0 0
vn 1 0 0
vn -0.646991 -1.199999999995331E-05 0.762497
vn -0.646991 -1.199999999995331E-05 0.762497
vn -0.646991 -1.199999999995331E-05 0.762497
vn -0.647088 -0.0016819999999999533 0.762414
vn -0.647088 -0.0016819999999999533 0.762414
vn -0.647088 -0.0016819999999999533 0.762414
vn -0.999891 -0.013889 0.005008000000000001
vn -0.999891 -0.013889 0.005008000000000001
vn -0.999891 -0.013889 0.005008000000000001
vn -1 -1.7E-05 3.000000000000001E-06
vn -1 -1.7E-05 3.000000000000001E-06
vn -1 -1.7E-05 3.000000000000001E-06
vn -0.219224 -0.858907 0.4628380000000001
vn -0.219224 -0.858907 0.4628380000000001
vn -0.219224 -0.858907 0.4628380000000001
vn -0 1 9.999999999387675E-07
vn -0 1 9.999999999387675E-07
vn -0 1 9.999999999387675E-07
vn 0.327367 0.911714 0.24821199999999993
vn -0.685407 0.728123 0.007343999999999956
vn 0.963735 0.145563 0.223664
vn 0.963735 0.145563 0.223664
vn 0.67957 -0.733508 -0.012295999999999955
vn 0.327367 0.911714 0.24821199999999993
vn -0.80001 0.599248 0.029747999999999962
vn 0.856394 0.480919 0.18790099999999998
vn 0.886852 0.424019 0.18358099999999997
vn 0.886852 0.424019 0.18358099999999997
vn -0.735045 0.675871 0.05392399999999996
vn -0.80001 0.599248 0.029747999999999962
vn -0.995962 -0.089699 0.0036030000000000055
vn -0.298923 -0.953425 0.04030900000000005
vn -0.583419 0.811426 -0.03479700000000005
vn -0.583419 0.811426 -0.03479700000000005
vn 0.316348 0.947775 -0.040587000000000054
vn -0.995962 -0.089699 0.0036030000000000055
vn -0.712106 -0.69918 -0.06365899999999995
vn 0.159739 -0.984699 -0.06965799999999994
vn -0.965151 0.261682 0.0023119999999999838
vn -0.965151 0.261682 0.0023119999999999838
vn -0.127883 0.989332 0.06976799999999994
vn -0.712106 -0.69918 -0.06365899999999995
vn -0.906113 -0.422496 0.021371000000000025
vn -0.087205 -0.99596 0.021451000000000064
vn -0.001811 0.0014410000000000612 0.999997
vn -0.818927 0.573507 0.021162999999999967
vn -0.906113 -0.422496 0.021371000000000025
vn -0.001811 0.0014410000000000612 0.999997
vn 0.087083 0.995979 0.02103099999999994
vn -0.818927 0.573507 0.021162999999999967
vn -0.001811 0.0014410000000000612 0.999997
vn 0.906062 0.422614 0.021170999999999975
vn 0.087083 0.995979 0.02103099999999994
vn -0.001811 0.0014410000000000612 0.999997
vn -0.446015 -0.635834 -0.629909
vn -0.446015 -0.635834 -0.629909
vn -0.446015 -0.635834 -0.629909
vn -0.436497 -0.634287 -0.638084
vn -0.436497 -0.634287 -0.638084
vn -0.436497 -0.634287 -0.638084
vn -0.330287 0.698255 -0.635099
vn -0.330287 0.698255 -0.635099
vn -0.330287 0.698255 -0.635099
vn -0.325843 0.709389 -0.624975
vn -0.325843 0.709389 -0.624975
vn -0.325843 0.709389 -0.624975
vn 0.442662 0.635387 -0.632719
vn 0.442662 0.635387 -0.632719
vn 0.442662 0.635387 -0.632719
vn 0.436367 0.634352 -0.638108
vn 0.436367 0.634352 -0.638108
vn 0.436367 0.634352 -0.638108
vn 0.327763 -0.698777 -0.635832
vn 0.327763 -0.698777 -0.635832
vn 0.327763 -0.698777 -0.635832
vn 0.324262 -0.707497 -0.627935
vn 0.324262 -0.707497 -0.627935
vn 0.324262 -0.707497 -0.627935
vn -0.571202 -0.820809 -0.0010499999999999496
vn -0.571202 -0.820809 -0.0010499999999999496
vn -0.571202 -0.820809 -0.0010499999999999496
vn -0.573681 -0.819079 -0.0004949999999999498
vn -0.573681 -0.819079 -0.0004949999999999498
vn -0.573681 -0.819079 -0.0004949999999999498
vn -0.420754 0.907175 -0.0004990000000000555
vn -0.420754 0.907175 -0.0004990000000000555
vn -0.420754 0.907175 -0.0004990000000000555
vn -0.422704 0.906268 -0.0008920000000000555
vn -0.422704 0.906268 -0.0008920000000000555
vn -0.422704 0.906268 -0.0008920000000000555
vn 0.57102 0.820935 -0.0010450000000000502
vn 0.57102 0.820935 -0.0010450000000000502
vn 0.57102 0.820935 -0.0010450000000000502
vn 0.573461 0.819233 -0.0004980000000000502
vn 0.573461 0.819233 -0.0004980000000000502
vn 0.573461 0.819233 -0.0004980000000000502
vn 0.420382 -0.907347 -0.0004949999999999445
vn 0.420382 -0.907347 -0.0004949999999999445
vn 0.420382 -0.907347 -0.0004949999999999445
vn 0.42253 -0.906348 -0.0009289999999999445
vn 0.42253 -0.906348 -0.0009289999999999445
vn 0.42253 -0.906348 -0.0009289999999999445
vn -0.539043 -0.773529 -0.33329499999999995
vn -0.539043 -0.773529 -0.33329499999999995
vn -0.539043 -0.773529 -0.33329499999999995
vn -0.519301 -0.775536 -0.35898499999999994
vn -0.519301 -0.775536 -0.35898499999999994
vn -0.519301 -0.775536 -0.35898499999999994
vn -0.397108 0.846377 -0.35489600000000004
vn -0.397108 0.846377 -0.35489600000000004
vn -0.397108 0.846377 -0.35489600000000004
vn -0.38454 0.862745 -0.32832900000000004
vn -0.38454 0.862745 -0.32832900000000004
vn -0.38454 0.862745 -0.32832900000000004
vn 0.533634 0.765966 -0.35851200000000005
vn 0.533634 0.765966 -0.35851200000000005
vn 0.533634 0.765966 -0.35851200000000005
vn 0.536093 0.765732 -0.35533000000000003
vn 0.536093 0.765732 -0.35533000000000003
vn 0.536093 0.765732 -0.35533000000000003
vn 0.397015 -0.84641 -0.35492199999999996
vn 0.397015 -0.84641 -0.35492199999999996
vn 0.397015 -0.84641 -0.35492199999999996
vn 0.395552 -0.848396 -0.35179999999999995
vn 0.395552 -0.848396 -0.35179999999999995
vn 0.395552 -0.848396 -0.35179999999999995
vn -0.368573 0.81236 -0.45191400000000004
vn -0.368573 0.81236 -0.45191400000000004
vn -0.368573 0.81236 -0.45191400000000004
vn -0.378865 0.814341 -0.43967100000000003
vn -0.378865 0.814341 -0.43967100000000003
vn -0.378865 0.814341 -0.43967100000000003
vn -0.510753 -0.742112 -0.43405099999999996
vn -0.510753 -0.742112 -0.43405099999999996
vn -0.510753 -0.742112 -0.43405099999999996
vn -0.515246 -0.729992 -0.44903499999999996
vn -0.515246 -0.729992 -0.44903499999999996
vn -0.515246 -0.729992 -0.44903499999999996
vn 0.372315 -0.811128 -0.45105699999999993
vn 0.372315 -0.811128 -0.45105699999999993
vn 0.372315 -0.811128 -0.45105699999999993
vn 0.378105 -0.812221 -0.44422199999999995
vn 0.378105 -0.812221 -0.44422199999999995
vn 0.378105 -0.812221 -0.44422199999999995
vn 0.512318 0.738285 -0.43870900000000007
vn 0.512318 0.738285 -0.43870900000000007
vn 0.512318 0.738285 -0.43870900000000007
vn 0.515426 0.729915 -0.44895500000000005
vn 0.515426 0.729915 -0.44895500000000005
vn 0.515426 0.729915 -0.44895500000000005
vn -0.420089 0.907482 -0.0008200000000000556
vn -0.420089 0.907482 -0.0008200000000000556
vn -0.420089 0.907482 -0.0008200000000000556
vn -0.417356 0.908741 -0.0017330000000000557
vn -0.417356 0.908741 -0.0017330000000000557
vn -0.417356 0.908741 -0.0017330000000000557
vn -0.57127 -0.820761 -0.0014719999999999497
vn -0.57127 -0.820761 -0.0014719999999999497
vn -0.57127 -0.820761 -0.0014719999999999497
vn -0.569499 -0.821992 -0.0008179999999999497
vn -0.569499 -0.821992 -0.0008179999999999497
vn -0.569499 -0.821992 -0.0008179999999999497
vn 0.425178 -0.905109 -0.0008129999999999446
vn 0.425178 -0.905109 -0.0008129999999999446
vn 0.425178 -0.905109 -0.0008129999999999446
vn 0.422456 -0.906382 -0.0017169999999999445
vn 0.422456 -0.906382 -0.0017169999999999445
vn 0.422456 -0.906382 -0.0017169999999999445
vn 0.575917 0.817507 -0.00152600000000005
vn 0.575917 0.817507 -0.00152600000000005
vn 0.575917 0.817507 -0.00152600000000005
vn 0.573987 0.818864 -0.00081900000000005
vn 0.573987 0.818864 -0.00081900000000005
vn 0.573987 0.818864 -0.00081900000000005
vn 0.996194 -0.087156 0.0012050000000000053
vn 0.314845 -0.02757999999999994 0.948742
vn 0.241604 -0.02138699999999994 0.970139
vn -0.258706 0.965956 -5.914774617585904E-17
vn -0.258706 0.965956 -5.914774617585904E-17
vn -0.258706 0.965956 -5.914774617585904E-17
vn 2.8E-05 1 -5.000000000061232E-06
vn 2.8E-05 1 -5.000000000061232E-06
vn 2.8E-05 1 -5.000000000061232E-06
vn -0 0.99994 0.01093299999999994
vn -0 0.99994 0.01093299999999994
vn -0 0.99994 0.01093299999999994
vn 0.00272 0.999996 -6.123209502800783E-17
vn 0.00272 0.999996 -6.123209502800783E-17
vn 0.00272 0.999996 -6.123209502800783E-17
vn -0.001354 0.999995 -0.002944000000000061
vn -0.001354 0.999995 -0.002944000000000061
vn -0.001354 0.999995 -0.002944000000000061
vn -0.003468 0.999994 1.699999999993877E-05
vn -0.003468 0.999994 1.699999999993877E-05
vn -0.003468 0.999994 1.699999999993877E-05
vn -0.001026 0.999999 0.001058999999999939
vn -0.001026 0.999999 0.001058999999999939
vn -0.001026 0.999999 0.001058999999999939
vn -0.00195 0.999998 -6.123221749268775E-17
vn -0.00195 0.999998 -6.123221749268775E-17
vn -0.00195 0.999998 -6.123221749268775E-17
vn -0.675302 -0.573 0.46436900000000003
vn -0.675302 -0.573 0.46436900000000003
vn -0.675302 -0.573 0.46436900000000003
vn -0.730826 -0.568438 0.3778500000000001
vn -0.730826 -0.568438 0.3778500000000001
vn -0.730826 -0.568438 0.3778500000000001
vn 0.140319 0.990013 -0.013591000000000061
vn 0.140319 0.990013 -0.013591000000000061
vn 0.140319 0.990013 -0.013591000000000061
vn 0.177498 0.984114 -0.0038460000000000603
vn 0.177498 0.984114 -0.0038460000000000603
vn 0.177498 0.984114 -0.0038460000000000603
vn -0.984802 0.173631 -0.0042030000000000105
vn -0.984802 0.173631 -0.0042030000000000105
vn -0.984802 0.173631 -0.0042030000000000105
vn -0.985532 0.169417 -0.004936000000000011
vn -0.985532 0.169417 -0.004936000000000011
vn -0.985532 0.169417 -0.004936000000000011
vn 0.981645 -0.190718 1.1678109411989245E-17
vn 0.981645 -0.190718 1.1678109411989245E-17
vn 0.981645 -0.190718 1.1678109411989245E-17
vn 0.981389 -0.192029 0.0007990000000000117
vn 0.981389 -0.192029 0.0007990000000000117
vn 0.981389 -0.192029 0.0007990000000000117
vn 0.984808 -0.173648 1.063287336891698E-17
vn 0.984808 -0.173648 1.063287336891698E-17
vn 0.984808 -0.173648 1.063287336891698E-17
vn -0.399186 0.029272999999999945 -0.916403
vn 0.141316 0.987186 -0.07411800000000006
vn -0.399186 0.029272999999999945 -0.916403
vn -0.399186 0.029272999999999945 -0.916403
vn -0.173577 -0.98482 5.60000000000603E-05
vn -0.399186 0.029272999999999945 -0.916403
vn 0.959981 0.278712 0.027495999999999982
vn -0.797015 0.599196 0.07570599999999995
vn 0.242684 0.96347 0.11326899999999994
vn 0.242684 0.96347 0.11326899999999994
vn 0.783894 -0.615962 -0.07811299999999996
vn 0.959981 0.278712 0.027495999999999982
vn 0.960523 0.278195 -0.001707000000000017
vn -0.795737 0.601482 0.07086699999999996
vn 0.245797 0.966438 0.07470799999999994
vn 0.245797 0.966438 0.07470799999999994
vn 0.784511 -0.615884 -0.07231099999999996
vn 0.960523 0.278195 -0.001707000000000017
vn -1 -2.9E-05 2.0000000000000016E-06
vn -1 -2.9E-05 2.0000000000000016E-06
vn -1 -2.9E-05 2.0000000000000016E-06
vn 0.428771 -0.903412 0.0018300000000000553
vn 0.428771 -0.903412 0.0018300000000000553
vn 0.428771 -0.903412 0.0018300000000000553
vn -0.377437 -0.926031 -0.002828999999999943
vn -0.377437 -0.926031 -0.002828999999999943
vn -0.377437 -0.926031 -0.002828999999999943
vn -0.316236 0.94868 -5.808989627075555E-17
vn -0.948687 -0.316218 1.9362768076638888E-17
vn -0.948686 0.31622 -1.9362890541318802E-17
vn -0.948686 0.31622 -1.9362890541318802E-17
vn 0.316236 0.948681 -5.808995750309551E-17
vn -0.316236 0.94868 -5.808989627075555E-17
vn -0.001665 -0.004923999999999939 0.999986
vn -0.001665 -0.004923999999999939 0.999986
vn -0.001665 -0.004923999999999939 0.999986
vn 0.006175 6.123117654290848E-17 0.999981
vn 0.006175 6.123117654290848E-17 0.999981
vn 0.006175 6.123117654290848E-17 0.999981
vn 0.003415 -0.005955999999999939 0.999976
vn 0.003415 -0.005955999999999939 0.999976
vn 0.003415 -0.005955999999999939 0.999976
vn 1 0 0
vn 1 0 0
vn 1 0 0
vn -0 0.002111000000000061 0.999998
vn -0 0.002111000000000061 0.999998
vn -0 0.002111000000000061 0.999998
vn 0.060223 0.11711600000000005 0.991291
vn 0.060223 0.11711600000000005 0.991291
vn 0.060223 0.11711600000000005 0.991291
vn 1 0 0
vn 1 0 0
vn 1 0 0
vn -0.999999 0.001661 -1.0170691666918768E-19
vn -0.999999 0.001661 -1.0170691666918768E-19
vn -0.999999 0.001661 -1.0170691666918768E-19
vn -1 0.00040100000000000004 0.000616
vn -1 0.00040100000000000004 0.000616
vn -1 0.00040100000000000004 0.000616
vn 0.325941 -0.944763 0.03443200000000005
vn 0.951686 -0.281592 -0.12247099999999998
vn -0.641628 -0.748623 0.16696700000000006
vn -0.641628 -0.748623 0.16696700000000006
vn -0.945732 0.302279 0.11923999999999998
vn 0.325941 -0.944763 0.03443200000000005
vn -0.985988 0.043633000000000005 0.161008
vn -0.820272 -0.520144 0.23791400000000001
vn -0.611966 0.789896 -0.039531000000000045
vn -0.611966 0.789896 -0.039531000000000045
vn 0.047773 0.980981 -0.18813300000000005
vn -0.985988 0.043633000000000005 0.161008
vn 0.999906 0.013722 -0.00023100000000000084
vn 0.999906 0.013722 -0.00023100000000000084
vn 0.999906 0.013722 -0.00023100000000000084
vn 0.999886 0.01511 -9.252206567558253E-19
vn 0.999886 0.01511 -9.252206567558253E-19
vn 0.999886 0.01511 -9.252206567558253E-19
vn -0.965968 -0.258661 -0.0003689999999999842
vn -0.965968 -0.258661 -0.0003689999999999842
vn -0.965968 -0.258661 -0.0003689999999999842
vn -0.966365 -0.257174 1.5747365796196073E-17
vn -0.966365 -0.257174 1.5747365796196073E-17
vn -0.966365 -0.257174 1.5747365796196073E-17
vn 0.965969 0.258659 0.0003689999999999842
vn 0.965969 0.258659 0.0003689999999999842
vn 0.965969 0.258659 0.0003689999999999842
vn 0.966366 0.257172 -1.5747243331516156E-17
vn 0.966366 0.257172 -1.5747243331516156E-17
vn 0.966366 0.257172 -1.5747243331516156E-17
vn -0.258655 0.96597 0.00036399999999994087
vn -0.258655 0.96597 0.00036399999999994087
vn -0.258655 0.96597 0.00036399999999994087
vn -0.257207 0.966356 9.999999999408277E-07
vn -0.257207 0.966356 9.999999999408277E-07
vn -0.257207 0.966356 9.999999999408277E-07
vn 0.258812 -0.965928 -9.99999999940854E-07
vn 0.258812 -0.965928 -9.99999999940854E-07
vn 0.258812 -0.965928 -9.99999999940854E-07
vn 0.260093 -0.965584 -0.00032299999999994085
vn 0.260093 -0.965584 -0.00032299999999994085
vn 0.260093 -0.965584 -0.00032299999999994085
vn 0.966757 -0.225111 0.12126900000000002
vn -0.722271 -0.69076 0.03427600000000004
vn -0.724459 -0.688499 0.03360000000000004
vn -0.724459 -0.688499 0.03360000000000004
vn 0.967825 -0.220667 0.12091900000000001
vn 0.966757 -0.225111 0.12126900000000002
vn 0.996181 -0.087314 -0.00036899999999999466
vn 0.996181 -0.087314 -0.00036899999999999466
vn 0.996181 -0.087314 -0.00036899999999999466
vn 0.996047 -0.088832 5.439391223092883E-18
vn 0.996047 -0.088832 5.439391223092883E-18
vn 0.996047 -0.088832 5.439391223092883E-18
vn -0.996181 0.087317 0.00036999999999999463
vn -0.996181 0.087317 0.00036999999999999463
vn -0.996181 0.087317 0.00036999999999999463
vn -0.996046 0.088836 -5.439636152452713E-18
vn -0.996046 0.088836 -5.439636152452713E-18
vn -0.996046 0.088836 -5.439636152452713E-18
vn -0.662903 0.24307499999999996 -0.708148
vn -0.662903 0.24307499999999996 -0.708148
vn -0.662903 0.24307499999999996 -0.708148
vn -0.660003 0.24022199999999994 -0.711821
vn -0.660003 0.24022199999999994 -0.711821
vn -0.660003 0.24022199999999994 -0.711821
vn -0.547081 -0.45854600000000006 -0.700313
vn -0.547081 -0.45854600000000006 -0.700313
vn -0.547081 -0.45854600000000006 -0.700313
vn -0.545129 -0.45798000000000005 -0.702203
vn -0.545129 -0.45798000000000005 -0.702203
vn -0.545129 -0.45798000000000005 -0.702203
vn 0.112574 -0.696136 -0.709029
vn 0.112574 -0.696136 -0.709029
vn 0.112574 -0.696136 -0.709029
vn 0.111185 -0.701479 -0.703964
vn 0.111185 -0.701479 -0.703964
vn 0.111185 -0.701479 -0.703964
vn 0.66232 -0.24198100000000006 -0.709067
vn 0.66232 -0.24198100000000006 -0.709067
vn 0.66232 -0.24198100000000006 -0.709067
vn 0.660831 -0.24051800000000007 -0.710953
vn 0.660831 -0.24051800000000007 -0.710953
vn 0.660831 -0.24051800000000007 -0.710953
vn 0.54675 0.45821999999999996 -0.700785
vn 0.54675 0.45821999999999996 -0.700785
vn 0.54675 0.45821999999999996 -0.700785
vn 0.545123 0.45774899999999996 -0.702358
vn 0.545123 0.45774899999999996 -0.702358
vn 0.545123 0.45774899999999996 -0.702358
vn -0.113038 0.695697 -0.709386
vn -0.113038 0.695697 -0.709386
vn -0.113038 0.695697 -0.709386
vn -0.111621 0.70117 -0.704203
vn -0.111621 0.70117 -0.704203
vn -0.111621 0.70117 -0.704203
vn 0.668774 0.561828 0.48691999999999996
vn 0.668774 0.561828 0.48691999999999996
vn 0.668774 0.561828 0.48691999999999996
vn 0.669877 0.561803 0.48542899999999994
vn 0.669877 0.561803 0.48542899999999994
vn 0.669877 0.561803 0.48542899999999994
vn 0.821667 -0.2990709999999999 0.4852
vn 0.821667 -0.2990709999999999 0.4852
vn 0.821667 -0.2990709999999999 0.4852
vn 0.82218 -0.30002699999999993 0.483739
vn 0.82218 -0.30002699999999993 0.483739
vn 0.82218 -0.30002699999999993 0.483739
vn 0.138202 -0.864332 0.4835610000000001
vn 0.138202 -0.864332 0.4835610000000001
vn 0.138202 -0.864332 0.4835610000000001
vn 0.139468 -0.862332 0.48675700000000005
vn 0.139468 -0.862332 0.48675700000000005
vn 0.139468 -0.862332 0.48675700000000005
vn -0.668223 -0.562297 0.48713500000000004
vn -0.668223 -0.562297 0.48713500000000004
vn -0.668223 -0.562297 0.48713500000000004
vn -0.669677 -0.562266 0.4851690000000001
vn -0.669677 -0.562266 0.4851690000000001
vn -0.669677 -0.562266 0.4851690000000001
vn -0.821266 0.30058900000000005 0.484942
vn -0.821266 0.30058900000000005 0.484942
vn -0.821266 0.30058900000000005 0.484942
vn -0.821591 0.30119700000000005 0.484013
vn -0.821591 0.30119700000000005 0.484013
vn -0.821591 0.30119700000000005 0.484013
vn -0.139311 0.863948 0.48392799999999997
vn -0.139311 0.863948 0.48392799999999997
vn -0.139311 0.863948 0.48392799999999997
vn -0.140366 0.862277 0.48659699999999995
vn -0.140366 0.862277 0.48659699999999995
vn -0.140366 0.862277 0.48659699999999995
vn 5.5E-05 -3.899999999993877E-05 1
vn -0.009646 -0.13073699999999994 0.99137
vn 0.076667 -0.10639699999999995 0.991364
vn 5.5E-05 -3.899999999993877E-05 1
vn -0.091366 -0.09389399999999995 0.991381
vn 5.5E-05 -3.899999999993877E-05 1
vn -0.130276 -0.013183999999999939 0.99139
vn 5.5E-05 -3.899999999993877E-05 1
vn -0.108243 0.07363200000000006 0.991394
vn -0.035587 0.12601100000000007 0.99139
vn 5.5E-05 -3.899999999993877E-05 1
vn 5.5E-05 -3.899999999993877E-05 1
vn 0.053772 0.11946400000000006 0.991381
vn 5.5E-05 -3.899999999993877E-05 1
vn 0.118055 0.05698800000000006 0.99137
vn 5.5E-05 -3.899999999993877E-05 1
vn 0.127118 -0.032232999999999935 0.991364
vn 5.5E-05 -3.899999999993877E-05 1
vn 0.076667 -0.10639699999999995 0.991364
vn 6.5E-05 -1.7999999999938767E-05 1
vn 0.035651 -0.12615199999999993 0.99137
vn 0.108434 -0.07375899999999995 0.991364
vn 6.5E-05 -1.7999999999938767E-05 1
vn -0.053742 -0.11947999999999995 0.991381
vn 6.5E-05 -1.7999999999938767E-05 1
vn -0.117911 -0.05694499999999994 0.99139
vn 6.5E-05 -1.7999999999938767E-05 1
vn -0.1269 0.03217000000000006 0.991394
vn -0.076539 0.10624000000000006 0.99139
vn 6.5E-05 -1.7999999999938767E-05 1
vn 6.5E-05 -1.7999999999938767E-05 1
vn 0.00967 0.13065200000000005 0.991381
vn 6.5E-05 -1.7999999999938767E-05 1
vn 0.091444 0.09392800000000005 0.991371
vn 6.5E-05 -1.7999999999938767E-05 1
vn 0.130477 0.01318800000000006 0.991364
vn 6.5E-05 -1.7999999999938767E-05 1
vn 0.108434 -0.07375899999999995 0.991364
vn -0.942733 -0.22628499999999996 0.24505
vn -0.891438 0.383166 0.24191199999999996
vn -0.385119 -0.890446 0.24246700000000004
vn -0.385119 -0.890446 0.24246700000000004
vn 0.22765 -0.944395 0.23726300000000006
vn 0.948328 0.226557 0.222139
vn 0.894245 -0.385601 0.22724000000000003
vn 0.389632 0.893223 0.22436699999999996
vn 0.389632 0.893223 0.22436699999999996
vn -0.227563 0.94554 0.23274199999999995
vn -0.226287 0.942733 0.24504799999999993
vn 0.383166 0.891438 0.24191199999999993
vn -0.890448 0.385117 0.24246299999999998
vn -0.890448 0.385117 0.24246299999999998
vn -0.944397 -0.22764699999999996 0.23725800000000002
vn 0.226557 -0.948329 0.22213500000000005
vn -0.385604 -0.894244 0.22723700000000005
vn 0.893224 -0.38963 0.22436500000000004
vn 0.893224 -0.38963 0.22436500000000004
vn 0.94554 0.22756300000000002 0.23274099999999998
vn 0.758776 0.603499 0.24504899999999996
vn 0.96985 0.029472000000000016 0.241914
vn -0.027281 0.969777 0.24246199999999996
vn -0.027281 0.969777 0.24246199999999996
vn -0.605439 0.759706 0.23725599999999994
vn -0.763731 -0.606112 0.22213300000000002
vn -0.973425 -0.028448999999999985 0.227233
vn 0.024367 -0.9742 0.22436600000000007
vn 0.024367 -0.9742 0.22436600000000007
vn 0.605845 -0.760777 0.23274400000000006
vn -0.942734 -0.22628499999999996 0.245048
vn -0.891438 0.383165 0.24191299999999996
vn -0.385117 -0.890447 0.24246300000000007
vn -0.385117 -0.890447 0.24246300000000007
vn 0.227651 -0.944396 0.23725700000000005
vn 0.948329 0.226558 0.222132
vn 0.894247 -0.3856 0.22723400000000002
vn 0.38963 0.893224 0.22436399999999995
vn 0.38963 0.893224 0.22436399999999995
vn -0.227563 0.94554 0.23274099999999995
vn 0.432632 0.867629 0.24504799999999993
vn 0.866527 0.436589 0.24191099999999996
vn -0.434571 0.867387 0.24246399999999996
vn -0.434571 0.867387 0.24246399999999996
vn -0.869778 0.432657 0.23726299999999997
vn -0.43602 -0.87209 0.22213800000000006
vn -0.870198 -0.437171 0.22724000000000003
vn 0.433799 -0.872628 0.22436400000000006
vn 0.433799 -0.872628 0.22436400000000006
vn 0.870602 -0.433457 0.23274000000000003
vn -0.779326 0.576718 0.24504499999999999
vn -0.279484 0.929176 0.24191099999999993
vn -0.929671 -0.277354 0.24246100000000004
vn -0.929671 -0.277354 0.24246100000000004
vn -0.577121 -0.781434 0.23725900000000005
vn 0.783129 -0.58083 0.22213700000000003
vn 0.279423 -0.93289 0.22724200000000006
vn 0.934699 0.275682 0.22435999999999998
vn 0.934699 0.275682 0.22435999999999998
vn 0.578053 0.782105 0.23273799999999994
vn -0.462573 0.852042 0.24505199999999994
vn 0.139389 0.960233 0.24191499999999994
vn -0.95978 0.14153100000000002 0.242468
vn -0.95978 0.14153100000000002 0.242468
vn -0.853299 -0.464315 0.23725900000000003
vn 0.464279 -0.857381 0.22213300000000005
vn -0.141019 -0.963575 0.22723800000000005
vn 0.963632 -0.145176 0.22436
vn 0.963632 -0.145176 0.22436
vn 0.854427 0.46453 0.23273899999999997
vn 0.109787 0.963274 0.24504899999999993
vn 0.664943 0.706632 0.24191399999999993
vn -0.705032 0.666439 0.24246499999999999
vn -0.705032 0.666439 0.24246499999999999
vn -0.965303 0.10908300000000001 0.237259
vn -0.111458 -0.968624 0.22213600000000006
vn -0.668199 -0.70843 0.22723800000000005
vn 0.706092 -0.671635 0.22436600000000004
vn 0.706092 -0.671635 0.22436600000000004
vn 0.966348 -0.10954899999999998 0.232744
vn 0.109785 0.963274 0.24505199999999994
vn 0.664943 0.706631 0.24191399999999993
vn -0.705033 0.666438 0.24246699999999996
vn -0.705033 0.666438 0.24246699999999996
vn -0.965302 0.10908200000000001 0.237261
vn -0.111453 -0.968625 0.22213600000000006
vn -0.668198 -0.708431 0.22723800000000005
vn 0.706095 -0.671634 0.22436300000000003
vn 0.706095 -0.671634 0.22436300000000003
vn 0.966349 -0.10954999999999998 0.232742
vn 0.386037 -0.889032 0.24616500000000005
vn -0.223054 -0.944354 0.24175000000000005
vn 0.943277 -0.22455499999999998 0.244549
vn 0.943277 -0.22455499999999998 0.244549
vn 0.890008 0.388267 0.23902899999999996
vn -0.388265 0.894653 0.22101399999999993
vn 0.223971 0.947694 0.22740299999999994
vn -0.947788 0.228677 0.22226999999999997
vn -0.947788 0.228677 0.22226999999999997
vn -0.89215 -0.388228 0.23097000000000004
vn 0.109785 0.963274 0.24505099999999994
vn 0.664941 0.706633 0.24191499999999994
vn -0.705034 0.666437 0.24246399999999999
vn -0.705034 0.666437 0.24246399999999999
vn -0.965303 0.10908000000000001 0.237257
vn -0.111454 -0.968625 0.22213400000000005
vn -0.668197 -0.708432 0.22723500000000005
vn 0.706094 -0.671634 0.22436500000000004
vn 0.706094 -0.671634 0.22436500000000004
vn 0.966349 -0.10954799999999999 0.232744
vn -0.95004 0.19332300000000002 0.24505
vn -0.64599 0.723999 0.24191399999999993
vn -0.72535 -0.644266 0.24246400000000004
vn -0.72535 -0.644266 0.24246400000000004
vn -0.192796 -0.952123 0.23725900000000005
vn 0.955225 -0.19545 0.222135
vn 0.647499 -0.727398 0.22723600000000005
vn 0.730618 0.644871 0.22436499999999998
vn 0.730618 0.644871 0.22436499999999998
vn 0.193354 0.953124 0.23274299999999995
vn 0.109785 0.963274 0.24505099999999994
vn 0.664941 0.706633 0.24191699999999994
vn -0.705034 0.666438 0.24246199999999998
vn -0.705034 0.666438 0.24246199999999998
vn -0.965304 0.10908000000000001 0.237255
vn -0.111456 -0.968625 0.22213400000000005
vn -0.668198 -0.708432 0.22723300000000005
vn 0.706093 -0.671634 0.22436700000000004
vn 0.706093 -0.671634 0.22436700000000004
vn 0.966348 -0.10954799999999999 0.232746
vn 0.109782 0.963273 0.24505699999999994
vn 0.66494 0.706632 0.24192099999999994
vn -0.705036 0.666434 0.24246599999999996
vn -0.705036 0.666434 0.24246599999999996
vn -0.965304 0.10907800000000001 0.237255
vn -0.111454 -0.968626 0.22212800000000005
vn -0.668199 -0.708434 0.22722800000000007
vn 0.706094 -0.671634 0.22436200000000003
vn 0.706094 -0.671634 0.22436200000000003
vn 0.966348 -0.10954799999999999 0.232746
vn -0.50034 0.865829 -5.301673567294768E-17
vn 0.007453 -0.999972 6.123062545184885E-17
vn -0.898682 -0.438602 2.685662676998137E-17
vn -0.50034 0.865829 -5.301673567294768E-17
vn -0.50034 0.865829 -5.301673567294768E-17
vn 0.999306 0.03725 -2.2809046634119453E-18
vn -0.898682 -0.438602 2.685662676998137E-17
vn 0.007453 -0.999972 6.123062545184885E-17
vn 0.999306 0.03725 -2.2809046634119453E-18
vn 0.999306 0.03725 -2.2809046634119453E-18
vn 0.719342 -0.694656 4.253541234542519E-17
vn 0.943017 0.332744 -2.0374693726774343E-17
vn 0.977745 -0.190123 0.08870000000000001
vn 0.977745 -0.190123 0.08870000000000001
vn 0.719351 -0.694647 4.253486125436557E-17
vn 0.974265 -0.009030999999999987 0.225223
vn 0.719369 -0.694628 -1.999999999957466E-06
vn 0.977745 -0.190123 0.08870000000000001
vn 0.974265 -0.009030999999999987 0.225223
vn 0.943017 0.332744 -2.0374693726774343E-17
vn -0.332754 0.943014 -5.77429538325571E-17
vn 0.286437 0.947224 0.14394899999999994
vn 0.286437 0.947224 0.14394899999999994
vn 0.977745 -0.190123 0.08870000000000001
vn 0.974265 -0.009030999999999987 0.225223
vn 0.286437 0.947224 0.14394899999999994
vn 0.286437 0.947224 0.14394899999999994
vn -0.348971 0.926247 0.14242799999999994
vn 0.809008 0.587798 -3.59922469622608E-17
vn -0.163936 0.986471 -6.040392763008443E-17
vn 0.357011 0.929879 0.08870099999999995
vn 0.357011 0.929879 0.08870099999999995
vn 0.809002 0.587806 9.999999999640072E-07
vn 0.17807 0.957895 0.22522799999999996
vn 0.808989 0.587823 -3.599377777075973E-17
vn 0.357011 0.929879 0.08870099999999995
vn 0.17807 0.957895 0.22522799999999996
vn -0.163936 0.986471 -6.040392763008443E-17
vn -0.98647 -0.163945 1.0038735974310641E-17
vn -0.883093 0.446569 0.14395099999999997
vn -0.883093 0.446569 0.14395099999999997
vn 0.357011 0.929879 0.08870099999999995
vn 0.17807 0.957895 0.22522799999999996
vn -0.883093 0.446569 0.14395099999999997
vn -0.883093 0.446569 0.14395099999999997
vn -0.972773 -0.182828 0.142431
vn -0.913551 0.406725 -2.490472346916036E-17
vn -0.772342 -0.635207 3.889521096729964E-17
vn -0.983805 -0.155757 0.08870000000000001
vn -0.983805 -0.155757 0.08870000000000001
vn -0.913554 0.406717 -2.49042336104407E-17
vn -0.918598 -0.324732 0.22522600000000004
vn -0.913561 0.406701 -1.0000000000249031E-06
vn -0.983805 -0.155757 0.08870000000000001
vn -0.918598 -0.324732 0.22522600000000004
vn -0.772342 -0.635207 3.889521096729964E-17
vn 0.635213 -0.772337 4.729200174565347E-17
vn 0.054805 -0.988066 0.14395000000000005
vn 0.054805 -0.988066 0.14395000000000005
vn -0.983805 -0.155757 0.08870000000000001
vn -0.918598 -0.324732 0.22522600000000004
vn 0.054805 -0.988066 0.14395000000000005
vn 0.054805 -0.988066 0.14395000000000005
vn 0.644719 -0.751034 0.14242900000000006
vn -0.559178 -0.829048 5.076454897697574E-17
vn 0.491439 -0.870912 5.332797965695099E-17
vn -0.017443 -0.995906 0.08869900000000006
vn -0.017443 -0.995906 0.08869900000000006
vn -0.559172 -0.829052 5.0764793906335577E-17
vn 0.160286 -0.961032 0.22522500000000006
vn -0.55916 -0.82906 -9.999999999492347E-07
vn -0.017443 -0.995906 0.08869900000000006
vn 0.160286 -0.961032 0.22522500000000006
vn 0.491439 -0.870912 5.332797965695099E-17
vn 0.870904 0.491454 -3.0092878401408164E-17
vn 0.982572 -0.11760499999999999 0.14395
vn 0.982572 -0.11760499999999999 0.14395
vn -0.017443 -0.995906 0.08869900000000006
vn 0.160286 -0.961032 0.22522500000000006
vn 0.982572 -0.11760499999999999 0.14395
vn 0.982572 -0.11760499999999999 0.14395
vn 0.851574 0.504515 0.14242899999999997
vn 0.913553 -0.40672 2.4904417307460575E-17
vn 0.772341 0.635208 -3.88952721996396E-17
vn 0.983804 0.15576 0.08869999999999999
vn 0.983804 0.15576 0.08869999999999999
vn 0.913556 -0.406713 1.000000000024904E-06
vn 0.918598 0.324733 0.22522599999999998
vn 0.913563 -0.406698 1.000000000024903E-06
vn 0.983804 0.15576 0.08869999999999999
vn 0.918598 0.324733 0.22522599999999998
vn 0.772341 0.635208 -3.88952721996396E-17
vn -0.635214 0.772336 -4.729194051331351E-17
vn -0.054804 0.988066 0.14394999999999994
vn -0.054804 0.988066 0.14394999999999994
vn 0.983804 0.15576 0.08869999999999999
vn 0.918598 0.324733 0.22522599999999998
vn -0.054804 0.988066 0.14394999999999994
vn -0.054804 0.988066 0.14394999999999994
vn -0.644721 0.751032 0.14242999999999995
vn 0.559179 0.829047 -5.0764487744635785E-17
vn -0.491443 0.87091 -5.332785719227107E-17
vn 0.017442 0.995906 0.08869999999999995
vn 0.017442 0.995906 0.08869999999999995
vn 0.559173 0.829051 9.999999999492352E-07
vn -0.160286 0.961031 0.22522599999999995
vn 0.559161 0.829059 9.999999999492347E-07
vn 0.017442 0.995906 0.08869999999999995
vn -0.160286 0.961031 0.22522599999999995
vn -0.491443 0.87091 -5.332785719227107E-17
vn -0.870903 -0.491454 3.0092878401408164E-17
vn -0.982572 0.11760200000000001 0.14395
vn -0.982572 0.11760200000000001 0.14395
vn 0.017442 0.995906 0.08869999999999995
vn -0.160286 0.961031 0.22522599999999995
vn -0.982572 0.11760200000000001 0.14395
vn -0.982572 0.11760200000000001 0.14395
vn -0.851575 -0.504513 0.14242900000000003
vn -0.997565 0.06974 -4.270343388626821E-18
vn -0.508509 -0.861057 5.2724534946671123E-17
vn -0.871201 -0.482847 0.08870000000000003
vn -0.871201 -0.482847 0.08870000000000003
vn -0.997566 0.06973 9.999999999957303E-07
vn -0.752133 -0.619329 0.22522600000000004
vn -0.997567 0.069711 -4.268567650768056E-18
vn -0.871201 -0.482847 0.08870000000000003
vn -0.752133 -0.619329 0.22522600000000004
vn -0.508509 -0.861057 5.2724534946671123E-17
vn 0.861062 -0.5085 3.113664486832145E-17
vn 0.389439 -0.909734 0.14395000000000005
vn 0.389439 -0.909734 0.14395000000000005
vn -0.871201 -0.482847 0.08870000000000003
vn -0.752133 -0.619329 0.22522600000000004
vn 0.389439 -0.909734 0.14395000000000005
vn 0.389439 -0.909734 0.14395000000000005
vn 0.862708 -0.48523 0.14242900000000003
vn -0.997783 -0.066438 -0.003910999999999996
vn -0.742445 0.523634 0.4178319999999999
vn -0.606636 0.692279 0.3908229999999999
vn -0.606636 0.692279 0.3908229999999999
vn -0.4995 0.846441 0.18449399999999994
vn 0.998094 0.061627 0.0033729999999999962
vn 0.664705 0.732102 0.14897799999999994
vn 0.51457 0.808778 0.28477299999999994
vn 0.51457 0.808778 0.28477299999999994
vn 0.402667 0.746228 0.530097
vn -0.998734 -0.050217 -0.003021999999999997
vn -0.733644 0.535628 0.41817399999999993
vn -0.595497 0.701698 0.39115599999999995
vn -0.595497 0.701698 0.39115599999999995
vn -0.48619 0.854069 0.18489199999999995
vn 0.998966 0.045399 0.002484999999999997
vn 0.676112 0.721693 0.14843099999999995
vn 0.527374 0.800617 0.28441199999999994
vn 0.527374 0.800617 0.28441199999999994
vn 0.414557 0.739749 0.530013
vn -0.908871 0.417072 -0.0023150000000000254
vn -0.40288 0.813998 0.41844299999999995
vn -0.204084 0.896752 0.39266399999999996
vn -0.204084 0.896752 0.39266399999999996
vn -0.037304 0.98116 0.18956399999999995
vn 0.906842 -0.421467 0.0017500000000000258
vn 0.932705 0.327319 0.15140499999999998
vn 0.837107 0.46586 0.28675199999999995
vn 0.837107 0.46586 0.28675199999999995
vn 0.709459 0.46456900000000007 0.529947
vn -0.999988 -0.004808 -0.0004979999999999996
vn -0.708004 0.568394 0.41911599999999993
vn -0.56389 0.727875 0.39016199999999995
vn -0.56389 0.727875 0.39016199999999995
vn -0.448401 0.87568 0.17922399999999994
vn 1 6E-06 9.999999999999995E-07
vn 0.70711 0.692794 0.14153399999999994
vn 0.562729 0.778032 0.2792899999999999
vn 0.562729 0.778032 0.2792899999999999
vn 0.447218 0.720646 0.529779
vn -0.999988 -0.004804 -0.0004979999999999996
vn -0.708001 0.568402 0.41911199999999993
vn -0.563889 0.727877 0.3901589999999999
vn -0.563889 0.727877 0.3901589999999999
vn -0.448401 0.87568 0.17922399999999994
vn 1 -0 0
vn 0.707112 0.692793 0.14153399999999994
vn 0.56273 0.778031 0.27928899999999995
vn 0.56273 0.778031 0.27928899999999995
vn 0.447219 0.720647 0.529776
vn -0.759286 -0.638839 0.12397400000000004
vn -0.96727 0.017724000000000014 0.253128
vn -0.015033 -0.993403 -0.11368499999999994
vn -0.015033 -0.993403 -0.11368499999999994
vn 0.544015 -0.804534 -0.23826999999999995
vn 0.737373 -0.651127 0.17976400000000003
vn 0.158601 -0.983103 -0.09139699999999995
vn 0.893877 0.24125200000000002 0.377865
vn 0.893877 0.24125200000000002 0.377865
vn 0.691129 0.628961 0.35601799999999995
vn -0.823342 0.514847 -0.23883100000000002
vn -0.335626 0.919152 -0.20619200000000004
vn -0.913082 -0.3918 -0.11302399999999997
vn -0.913082 -0.3918 -0.11302399999999997
vn -0.57013 -0.821344 0.01859500000000005
vn 0.622485 -0.781623 -0.03972599999999995
vn 0.025067 -0.99943 -0.022606999999999936
vn 0.998906 0.029983999999999997 -0.035888
vn 0.998906 0.029983999999999997 -0.035888
vn 0.78287 0.622002 -0.015133000000000039
vn -0.760666 -0.638387 0.11768800000000004
vn -0.969615 0.018850000000000013 0.24391
vn -0.014476 -0.993572 -0.11226999999999994
vn -0.014476 -0.993572 -0.11226999999999994
vn 0.545462 -0.805461 -0.23173899999999995
vn 0.79356 -0.608492 3.7259389005338565E-17
vn 0.79356 -0.608492 3.7259389005338565E-17
vn 0.173975 0.98475 -6.02985467730178E-17
vn 0.173975 0.98475 -6.02985467730178E-17
vn 0.173975 0.98475 -6.02985467730178E-17
vn 0.173975 0.98475 -6.02985467730178E-17
vn -0.645438 -0.763813 4.677005727985686E-17
vn -0.963402 0.268061 -1.6414002281311932E-17
vn -0.963402 0.268061 -1.6414002281311932E-17
vn 0.173975 0.98475 -6.02985467730178E-17
vn -0.489965 0.47919800000000007 0.728219
vn -0.598585 0.585421 0.546789
vn -0.598582 0.585426 0.546787
vn -0.420641 0.41140200000000005 0.808585
vn -0.489965 0.47919800000000007 0.728219
vn -0.187816 0.18369100000000005 0.964875
vn 0.160106 0.9871 -6.044244277191761E-17
vn 0.991847 -0.127438 7.803326939487019E-18
vn 0.991847 -0.127438 7.803326939487019E-18
vn 0.991847 -0.127438 7.803326939487019E-18
vn -0.769805 0.638279 -3.908331671564867E-17
vn -0.769805 0.638279 -3.908331671564867E-17
vn -0.609424 -0.792844 4.854769334115921E-17
vn -0.609424 -0.792844 4.854769334115921E-17
vn -0.609424 -0.792844 4.854769334115921E-17
vn 0.160106 0.9871 -6.044244277191761E-17
vn -0.681132 0.732134 0.006228999999999955
vn -0.984786 -0.164236 -0.05677399999999999
vn 0.288493 0.95521 0.06592299999999994
vn 0.973112 0.223106 0.05725199999999998
vn -0.681132 0.732134 0.006228999999999955
vn -0.350333 -0.933994 -0.07015799999999994
vn 0.683236 -0.730151 -0.008195999999999955
vn -0.984786 -0.164236 -0.05677399999999999
vn -0.681132 0.732134 0.006228999999999955
vn -0.350333 -0.933994 -0.07015799999999994
vn 0.258865 -0.965914 5.914517441758083E-17
vn 0.258865 -0.965914 5.914517441758083E-17
vn 0.663495 -0.748181 4.581287334164329E-17
vn 0.663495 -0.748181 4.581287334164329E-17
vn 0.979696 -0.200488 1.2276349373372728E-17
vn -0.999892 -5.9999999999991015E-06 0.014671
vn 1 0 0
vn -0.904403 -7.699999999997387E-05 0.42668
vn -0.999892 -7.999999999999102E-06 0.014664
vn -0.904403 -7.699999999997387E-05 0.42668
vn -0.90439 -0.00014899999999997386 0.426706
vn -0.647137 -0.00013199999999995334 0.762374
vn -0.647186 -9.999999999533206E-07 0.762332
vn 1 0 0
vn 0.397293 -0.47589599999999993 0.784653
vn -0.722387 -0.03502299999999996 0.690601
vn -0.112752 -0.993594 -0.0076149999999999395
vn 0.416822 -0.896706 -0.14892299999999994
vn 0.397293 -0.47589599999999993 0.784653
vn 0.818927 -0.5735 0.021379000000000033
vn 0.906062 0.422614 0.021170999999999975
vn -0.001811 0.0014410000000000612 0.999997
vn -0.087205 -0.99596 0.021451000000000064
vn 0.818927 -0.5735 0.021379000000000033
vn -2.9E-05 0.0009490000000000612 1
vn 0.078341 0.896105 0.43687399999999993
vn -0.736226 0.515815 0.43807099999999993
vn -2.9E-05 0.0009490000000000612 1
vn -0.814085 -0.379467 0.439625
vn -2.9E-05 0.0009490000000000612 1
vn -0.078326 -0.894566 0.44001900000000005
vn -2.9E-05 0.0009490000000000612 1
vn 0.735748 -0.515099 0.43971400000000005
vn 0.814546 0.380176 0.438157
vn 0.078341 0.896105 0.43687399999999993
vn -0.809387 -0.383734 0.444567
vn -0.068408 -0.896938 0.43683200000000005
vn 0.018021 -0.002531999999999939 0.999834
vn -0.730036 0.517694 0.44613899999999995
vn 0.018021 -0.002531999999999939 0.999834
vn 0.088258 0.893655 0.43999099999999997
vn 0.018021 -0.002531999999999939 0.999834
vn 0.819271 0.375782 0.433109
vn 0.018021 -0.002531999999999939 0.999834
vn 0.741962 -0.513091 0.43154500000000007
vn -0.068408 -0.896938 0.43683200000000005
vn -0.241905 -0.9703 5.941373946063384E-17
vn 0.759673 -0.650305 3.981969683597598E-17
vn 0.324229 -0.941811 0.08870000000000006
vn 0.324229 -0.941811 0.08870000000000006
vn -0.241898 -0.970302 1.0000000000594138E-06
vn 0.324229 -0.941811 0.08870000000000006
vn 0.479312 -0.848253 0.22522700000000007
vn 0.479312 -0.848253 0.22522700000000007
vn -0.241883 -0.970305 5.941404562233362E-17
vn 0.759673 -0.650305 3.981969683597598E-17
vn 0.650298 0.75968 -4.6516984018813065E-17
vn 0.963538 0.225548 0.143951
vn 0.963538 0.225548 0.143951
vn 0.324229 -0.941811 0.08870000000000006
vn 0.479312 -0.848253 0.22522700000000007
vn 0.963538 0.225548 0.143951
vn 0.963538 0.225548 0.143951
vn 0.627667 0.765342 0.14242999999999995
vn -0.595499 0.701697 0.3911549999999999
vn -0.486193 0.854068 0.18489199999999995
vn -0.998734 -0.050219 -0.003022999999999997
vn -0.733644 0.535631 0.41816899999999996
vn -0.595499 0.701697 0.3911549999999999
vn 0.527372 0.800618 0.28441299999999997
vn 0.414556 0.739751 0.530011
vn 0.998966 0.045399 0.002484999999999997
vn 0.676112 0.721693 0.14842999999999995
vn 0.527372 0.800618 0.28441299999999997
vn -0.204083 0.896752 0.39266499999999993
vn -0.037304 0.98116 0.18956299999999995
vn -0.90887 0.417072 -0.0023150000000000254
vn -0.402879 0.813999 0.41844299999999995
vn -0.204083 0.896752 0.39266499999999993
vn 0.837107 0.46586 0.28675199999999995
vn 0.70946 0.46456800000000004 0.529947
vn 0.906842 -0.421466 0.0017510000000000258
vn 0.932705 0.32732 0.15140499999999998
vn 0.837107 0.46586 0.28675199999999995
vn 0.948686 0.31622 -1.9362890541318802E-17
vn -0.316236 0.94868 -5.808989627075555E-17
vn 0.316236 0.948681 -5.808995750309551E-17
vn 0.948687 -0.316218 1.9362768076638888E-17
vn 0.948686 0.31622 -1.9362890541318802E-17
vn 0.985962 -0.041343000000000005 -0.161771
vn 0.819018 0.522916 -0.23615200000000003
vn 0.613469 -0.788614 0.04175400000000005
vn -0.04934 -0.980372 0.19088100000000005
vn 0.985962 -0.041343000000000005 -0.161771
vn 0.292701 -0.853577 0.43096600000000007
vn 0.221865 -0.4502189999999999 0.864915
vn 0.372903 -0.916153 -0.14699199999999996
vn 0.396425 -0.907764 -0.13715499999999994
vn 0.292701 -0.853577 0.43096600000000007
vn 0.986779 -0.159782 0.02713800000000001
vn 0.384503 -0.650754 0.654734
vn 0.384503 -0.650754 0.654734
vn 0.292701 -0.853577 0.43096600000000007
vn 0.536062 0.20934300000000006 0.81781
vn 0.384503 -0.650754 0.654734
vn 0.986779 -0.159782 0.02713800000000001
vn 0.923798 0.354322 -0.14509800000000003
vn 0.536062 0.20934300000000006 0.81781
vn 0.997739 -0.052271 0.042242
vn 4E-05 0.00016800000000006122 1
vn 0.258597 -0.965061 0.04224100000000006
vn 4E-05 0.00016800000000006122 1
vn -0.83792 -0.544156 0.042241000000000035
vn -0.77645 0.628762 0.04224299999999996
vn 4E-05 0.00016800000000006122 1
vn 0.358039 0.93275 0.042241999999999946
vn 4E-05 0.00016800000000006122 1
vn 0.997739 -0.052271 0.042242
vn 0.689305 -0.720003 0.08034200000000004
vn 0.741416 -0.66704 0.07322000000000004
vn -0.774921 -0.615058 0.14560600000000004
vn -0.981508 0.190682 0.01681499999999999
vn 0.689305 -0.720003 0.08034200000000004
vn 0.215263 0.958595 -0.18643200000000004
vn 0.741416 -0.66704 0.07322000000000004
vn 0.689305 -0.720003 0.08034200000000004
vn 0.115267 0.976797 -0.18050000000000005
vn 0.215263 0.958595 -0.18643200000000004
vn -0.000168 4.200000000006123E-05 1
vn 0.746552 -0.665323 -0.002354999999999959
vn 0.665211 0.746652 -0.0023570000000000457
vn -0.000181 2.9999999999938767E-05 -1
vn 0.665211 0.746652 -0.0023570000000000457
vn -0.000168 4.200000000006123E-05 1
vn 0.665211 0.746652 -0.0023570000000000457
vn -0.746623 0.665244 -0.002353000000000041
vn -0.000181 2.9999999999938767E-05 -1
vn -0.746623 0.665244 -0.002353000000000041
vn -0.000168 4.200000000006123E-05 1
vn -0.746623 0.665244 -0.002353000000000041
vn -0.665348 -0.74653 -0.0023509999999999543
vn -0.746623 0.665244 -0.002353000000000041
vn -0.000181 2.9999999999938767E-05 -1
vn 0.746552 -0.665323 -0.002354999999999959
vn -0.000168 4.200000000006123E-05 1
vn -0.665348 -0.74653 -0.0023509999999999543
vn -0.665348 -0.74653 -0.0023509999999999543
vn -0.000181 2.9999999999938767E-05 -1
vn -0.001872 0.0012300000000000611 0.999997
vn -0.857003 0.503251 0.11083499999999998
vn -0.503301 -0.856966 0.11089600000000005
vn -0.001872 0.0012300000000000611 0.999997
vn 0.503197 0.857018 0.11096299999999995
vn -0.001872 0.0012300000000000611 0.999997
vn 0.85698 -0.503248 0.11102500000000003
vn 0.85698 -0.503248 0.11102500000000003
vn -0.503301 -0.856966 0.11089600000000005
vn 0.85698 -0.503248 0.11102500000000003
vn 0.738934 -0.66516 -0.10741899999999996
vn 0.665123 0.738985 -0.10729400000000004
vn 0.665123 0.738985 -0.10729400000000004
vn 0.503197 0.857018 0.11096299999999995
vn 0.503197 0.857018 0.11096299999999995
vn 0.665123 0.738985 -0.10729400000000004
vn -0.739005 0.665115 -0.10720600000000004
vn -0.739005 0.665115 -0.10720600000000004
vn -0.857003 0.503251 0.11083499999999998
vn -0.739005 0.665115 -0.10720600000000004
vn -0.466892 0.813261 -0.34730200000000006
vn -0.813296 -0.466862 -0.34725899999999993
vn -0.813296 -0.466862 -0.34725899999999993
vn -0.665152 -0.738954 -0.10732899999999995
vn 0.91864 -0.395096 2.4192652587796134E-17
vn 0.395104 0.918636 -5.62502318490764E-17
vn 0.867261 0.497854 -3.048476537713532E-17
vn 0.867261 0.497854 -3.048476537713532E-17
vn 0.497847 -0.867265 5.310466531312646E-17
vn 0.395104 0.918636 -5.62502318490764E-17
vn -0.918638 0.395101 -2.419295874949592E-17
vn -0.497846 0.867266 -5.310472654546642E-17
vn -0.497846 0.867266 -5.310472654546642E-17
vn 0.867261 0.497854 -3.048476537713532E-17
vn -0.918638 0.395101 -2.419295874949592E-17
vn -0.395106 -0.918636 5.62502318490764E-17
vn -0.867264 -0.497849 3.048445921543553E-17
vn -0.867264 -0.497849 3.048445921543553E-17
vn -0.497846 0.867266 -5.310472654546642E-17
vn -0.577976 0.688529 0.43803299999999995
vn -0.885864 -0.15611399999999998 0.436891
vn -0.000907 5.000000000006123E-05 1
vn 0.307107 0.844071 0.43957799999999997
vn -0.000907 5.000000000006123E-05 1
vn 0.884333 0.15606700000000004 0.439998
vn -0.000907 5.000000000006123E-05 1
vn 0.577279 -0.688001 0.43977600000000006
vn -0.000907 5.000000000006123E-05 1
vn -0.307748 -0.84456 0.4381900000000001
vn -0.885864 -0.15611399999999998 0.436891
vn -0.084976 -0.23251599999999994 0.968873
vn 0.139411 0.790639 0.5962
vn -0.00299 0.15753100000000006 0.98751
vn -0.00299 0.15753100000000006 0.98751
vn -0.067159 -0.13061999999999996 0.989155
vn -0.004002 0.10733600000000006 0.994215
vn 0.042651 0.24189000000000005 0.969366
vn -0.022929 -0.13006199999999996 0.991241
vn -0.141073 -0.800073 0.583079
vn -0.022929 -0.13006199999999996 0.991241
vn 0.000651 0.00030500000000006124 1
vn 0.000651 0.00030500000000006124 1
vn 0.000651 0.00030500000000006124 1
vn 1E-06 2.0000000000612323E-06 1
vn -0.000841 -0.00013499999999993877 1
vn -0.000165 0.0006540000000000612 1
vn -0.00042 -0.00014999999999993876 1
vn -0.00042 -0.00014999999999993876 1
vn 0 -0.00016599999999993877 1
vn -0.466892 0.813261 -0.34730200000000006
vn -0.739005 0.665115 -0.10720600000000004
vn 0.665123 0.738985 -0.10729400000000004
vn 0.81314 0.466828 -0.34767000000000003
vn -0.466892 0.813261 -0.34730200000000006
vn 0.738934 -0.66516 -0.10741899999999996
vn 0.466798 -0.813179 -0.34761999999999993
vn 0.211611 -0.018512999999999943 0.977179
vn -0.799781 0.06997200000000005 0.5962
vn -0.174557 0.015272000000000062 0.984529
vn -0.174557 0.015272000000000062 0.984529
vn 0.108002 -0.00944899999999994 0.994106
vn -0.103792 0.00908200000000006 0.994557
vn -0.21198 0.01854600000000006 0.977098
vn 0.174468 -0.015256999999999939 0.984545
vn 0.813173 -0.07114699999999996 0.577657
vn 0.174468 -0.015256999999999939 0.984545
vn -0.258823 0.965925 -5.914584797332036E-17
vn -0.258823 0.965925 -5.914584797332036E-17
vn -0.258823 0.965925 -5.914584797332036E-17
vn -0.258823 0.965925 -5.914584797332036E-17
vn 0.258823 -0.965925 5.914584797332036E-17
vn 0.258823 -0.965925 5.914584797332036E-17
vn 0.258823 -0.965925 5.914584797332036E-17
vn 0.258823 -0.965925 5.914584797332036E-17
vn -0 6.123233995736766E-17 1
vn -0 6.123233995736766E-17 1
vn -0 6.123233995736766E-17 1
vn -0 6.123233995736766E-17 1
vn 0 6.123233995736766E-17 1
vn -0 6.123233995736766E-17 1
vn 0 6.123233995736766E-17 1
vn 0 6.123233995736766E-17 1
vn -0 6.123233995736766E-17 1
vn -0 6.123233995736766E-17 1
vn -0 6.123233995736766E-17 1
vn -0 6.123233995736766E-17 1
vn 0 6.123233995736766E-17 1
vn -0 6.123233995736766E-17 1
vn 0 6.123233995736766E-17 1
vn 0 6.123233995736766E-17 1
vn 0.22765 -0.944395 0.23726300000000006
vn -0.385119 -0.890446 0.24246700000000004
vn 0.894245 -0.385601 0.22724000000000003
vn 0.948328 0.226557 0.222139
vn -0.891438 0.383166 0.24191199999999996
vn -0.942733 -0.22628499999999996 0.24505
vn -0.227563 0.94554 0.23274199999999995
vn 0.389632 0.893223 0.22436699999999996
vn -0.944397 -0.22764699999999996 0.23725800000000002
vn -0.890448 0.385117 0.24246299999999998
vn -0.385604 -0.894244 0.22723700000000005
vn 0.226557 -0.948329 0.22213500000000005
vn 0.383166 0.891438 0.24191199999999993
vn -0.226287 0.942733 0.24504799999999993
vn 0.94554 0.22756300000000002 0.23274099999999998
vn 0.893224 -0.38963 0.22436500000000004
vn -0.605439 0.759706 0.23725599999999994
vn -0.027281 0.969777 0.24246199999999996
vn -0.973425 -0.028448999999999985 0.227233
vn -0.763731 -0.606112 0.22213300000000002
vn 0.96985 0.029472000000000016 0.241914
vn 0.758776 0.603499 0.24504899999999996
vn 0.605845 -0.760777 0.23274400000000006
vn 0.024367 -0.9742 0.22436600000000007
vn 0.227651 -0.944396 0.23725700000000005
vn -0.385117 -0.890447 0.24246300000000007
vn 0.894247 -0.3856 0.22723400000000002
vn 0.948329 0.226558 0.222132
vn -0.891438 0.383165 0.24191299999999996
vn -0.942734 -0.22628499999999996 0.245048
vn -0.227563 0.94554 0.23274099999999995
vn 0.38963 0.893224 0.22436399999999995
vn -0.869778 0.432657 0.23726299999999997
vn -0.434571 0.867387 0.24246399999999996
vn -0.870198 -0.437171 0.22724000000000003
vn -0.43602 -0.87209 0.22213800000000006
vn 0.866527 0.436589 0.24191099999999996
vn 0.432632 0.867629 0.24504799999999993
vn 0.870602 -0.433457 0.23274000000000003
vn 0.433799 -0.872628 0.22436400000000006
vn -0.577121 -0.781434 0.23725900000000005
vn -0.929671 -0.277354 0.24246100000000004
vn 0.279423 -0.93289 0.22724200000000006
vn 0.783129 -0.58083 0.22213700000000003
vn -0.279484 0.929176 0.24191099999999993
vn -0.779326 0.576718 0.24504499999999999
vn 0.578053 0.782105 0.23273799999999994
vn 0.934699 0.275682 0.22435999999999998
vn -0.853299 -0.464315 0.23725900000000003
vn -0.95978 0.14153100000000002 0.242468
vn -0.141019 -0.963575 0.22723800000000005
vn 0.464279 -0.857381 0.22213300000000005
vn 0.139389 0.960233 0.24191499999999994
vn -0.462573 0.852042 0.24505199999999994
vn 0.854427 0.46453 0.23273899999999997
vn 0.963632 -0.145176 0.22436
vn -0.965303 0.10908300000000001 0.237259
vn -0.705032 0.666439 0.24246499999999999
vn -0.668199 -0.70843 0.22723800000000005
vn -0.111458 -0.968624 0.22213600000000006
vn 0.664943 0.706632 0.24191399999999993
vn 0.109787 0.963274 0.24504899999999993
vn 0.966348 -0.10954899999999998 0.232744
vn 0.706092 -0.671635 0.22436600000000004
vn -0.965302 0.10908200000000001 0.237261
vn -0.705033 0.666438 0.24246699999999996
vn -0.668198 -0.708431 0.22723800000000005
vn -0.111453 -0.968625 0.22213600000000006
vn 0.664943 0.706631 0.24191399999999993
vn 0.109785 0.963274 0.24505199999999994
vn 0.966349 -0.10954999999999998 0.232742
vn 0.706095 -0.671634 0.22436300000000003
vn 0.890008 0.388267 0.23902899999999996
vn 0.943277 -0.22455499999999998 0.244549
vn 0.223971 0.947694 0.22740299999999994
vn -0.388265 0.894653 0.22101399999999993
vn -0.223054 -0.944354 0.24175000000000005
vn 0.386037 -0.889032 0.24616500000000005
vn -0.89215 -0.388228 0.23097000000000004
vn -0.947788 0.228677 0.22226999999999997
vn -0.965303 0.10908000000000001 0.237257
vn -0.705034 0.666437 0.24246399999999999
vn -0.668197 -0.708432 0.22723500000000005
vn -0.111454 -0.968625 0.22213400000000005
vn 0.664941 0.706633 0.24191499999999994
vn 0.109785 0.963274 0.24505099999999994
vn 0.966349 -0.10954799999999999 0.232744
vn 0.706094 -0.671634 0.22436500000000004
vn -0.192796 -0.952123 0.23725900000000005
vn -0.72535 -0.644266 0.24246400000000004
vn 0.647499 -0.727398 0.22723600000000005
vn 0.955225 -0.19545 0.222135
vn -0.64599 0.723999 0.24191399999999993
vn -0.95004 0.19332300000000002 0.24505
vn 0.193354 0.953124 0.23274299999999995
vn 0.730618 0.644871 0.22436499999999998
vn -0.965304 0.10908000000000001 0.237255
vn -0.705034 0.666438 0.24246199999999998
vn -0.668198 -0.708432 0.22723300000000005
vn -0.111456 -0.968625 0.22213400000000005
vn 0.664941 0.706633 0.24191699999999994
vn 0.109785 0.963274 0.24505099999999994
vn 0.966348 -0.10954799999999999 0.232746
vn 0.706093 -0.671634 0.22436700000000004
vn -0.965304 0.10907800000000001 0.237255
vn -0.705036 0.666434 0.24246599999999996
vn -0.668199 -0.708434 0.22722800000000007
vn -0.111454 -0.968626 0.22212800000000005
vn 0.66494 0.706632 0.24192099999999994
vn 0.109782 0.963273 0.24505699999999994
vn 0.966348 -0.10954799999999999 0.232746
vn 0.706094 -0.671634 0.22436200000000003
vn 0.9659 0.258914 -1.585391006772189E-17
vn 0.9659 0.258914 -1.585391006772189E-17
vn 0.9659 0.258914 -1.585391006772189E-17
vn 0.9659 0.258914 -1.585391006772189E-17
vn 0.965922 0.258832 -1.5848889015845386E-17
vn 0.965922 0.258832 -1.5848889015845386E-17
vn 0.965922 0.258832 -1.5848889015845386E-17
vn 0.965922 0.258832 -1.5848889015845386E-17
vn -0.965926 -0.258819 1.584809299542594E-17
vn -0.965926 -0.258819 1.584809299542594E-17
vn -0.965926 -0.258819 1.584809299542594E-17
vn -0.965926 -0.258819 1.584809299542594E-17
vn -0 6.123233995736766E-17 1
vn 0 6.123233995736766E-17 1
vn -0 6.123233995736766E-17 1
vn -0 6.123233995736766E-17 1
vn -0.087154 0.996195 -6.099935090382987E-17
vn -0.087154 0.996195 -6.099935090382987E-17
vn -0.087154 0.996195 -6.099935090382987E-17
vn -0.087154 0.996195 -6.099935090382987E-17
vn 0.996195 0.087155 -5.336704588984378E-18
vn 0.996195 0.087155 -5.336704588984378E-18
vn 0.996195 0.087155 -5.336704588984378E-18
vn 0.996195 0.087155 -5.336704588984378E-18
vn -0.996195 -0.087154 5.336643356644421E-18
vn -0.996195 -0.087154 5.336643356644421E-18
vn -0.996195 -0.087154 5.336643356644421E-18
vn -0.996195 -0.087154 5.336643356644421E-18
vn 0 6.123233995736766E-17 1
vn 0 6.123233995736766E-17 1
vn 0 6.123233995736766E-17 1
vn 0 6.123233995736766E-17 1
vn 0.25882 -0.965925 5.914584797332036E-17
vn 0.25882 -0.965925 5.914584797332036E-17
vn 0.25882 -0.965925 5.914584797332036E-17
vn 0.25882 -0.965925 5.914584797332036E-17
vn 0.965925 0.258824 -1.5848399157125727E-17
vn 0.965925 0.258824 -1.5848399157125727E-17
vn 0.965925 0.258824 -1.5848399157125727E-17
vn 0.965925 0.258824 -1.5848399157125727E-17
vn -0.258821 0.965925 -5.914584797332036E-17
vn -0.258821 0.965925 -5.914584797332036E-17
vn -0.258821 0.965925 -5.914584797332036E-17
vn -0.258821 0.965925 -5.914584797332036E-17
vn -0.965925 -0.258821 1.5848215460105855E-17
vn -0.965925 -0.258821 1.5848215460105855E-17
vn -0.965925 -0.258821 1.5848215460105855E-17
vn -0.965925 -0.258821 1.5848215460105855E-17
vn 0 6.123233995736766E-17 1
vn 0 6.123233995736766E-17 1
vn 0 6.123233995736766E-17 1
vn 0 6.123233995736766E-17 1
vn 0.419881 -0.907579 5.557318586616778E-17
vn -0.938342 -0.345708 2.116850978198166E-17
vn -0.938342 -0.345708 2.116850978198166E-17
vn 0.995553 0.094198 -5.767963959304119E-18
vn 0.995553 0.094198 -5.767963959304119E-18
vn 0.087055 0.996203 -6.099984076254953E-17
vn 0.087055 0.996203 -6.099984076254953E-17
vn 0.419881 -0.907579 5.557318586616778E-17
vn -0.968076 0.08469899999999998 -0.235914
vn -0.968076 0.08469699999999998 -0.235913
vn -0.968076 0.08469899999999998 -0.235914
vn -0.968075 0.08470099999999998 -0.235916
vn -0.08464 -0.967439 -0.23853199999999994
vn -0.084637 -0.96744 -0.23852999999999994
vn -0.08464 -0.967439 -0.23853199999999994
vn -0.084642 -0.967439 -0.23853299999999994
vn 0.968075 -0.08469900000000001 -0.235918
vn 0.968075 -0.08469700000000001 -0.235916
vn 0.968075 -0.08469900000000001 -0.235918
vn 0.968075 -0.08470000000000001 -0.235919
vn 0.084638 0.96744 -0.23853100000000005
vn 0.084641 0.967439 -0.23853300000000005
vn 0.084638 0.96744 -0.23853100000000005
vn 0.084635 0.96744 -0.23852900000000005
vn 0 6.123233995736766E-17 1
vn 0 6.123233995736766E-17 1
vn 0 6.123233995736766E-17 1
vn 0 6.123233995736766E-17 1
vn -0.030086 -0.030084999999999938 0.999094
vn -0.030086 -0.030084999999999938 0.999094
vn -0.267694 -0.26769099999999996 0.925571
vn 0.211083 0.21108000000000005 0.954405
vn 0.032592 -0.02734799999999994 0.999094
vn 0.032592 -0.02734799999999994 0.999094
vn 0.290003 -0.24334399999999995 0.925571
vn -0.228675 0.19188300000000005 0.954405
vn 0.034851 0.024403000000000064 0.999095
vn 0.034851 0.024403000000000064 0.999095
vn 0.310108 0.21714200000000006 0.925571
vn -0.244529 -0.17122299999999993 0.954405
vn -0.041434 0.007485000000000062 0.999113
vn -0.041434 0.007485000000000062 0.999113
vn -0.37153 0.06711800000000005 0.925992
vn 0.293546 -0.053029999999999945 0.954473
vn -0.011012 0.041097000000000064 0.999094
vn -0.011012 0.041097000000000064 0.999094
vn -0.097982 0.36567500000000003 0.925571
vn 0.077261 -0.28834299999999996 0.954405
vn 0.032592 -0.02734799999999994 0.999095
vn 0.032592 -0.02734799999999994 0.999095
vn 0.290003 -0.24334199999999995 0.925572
vn -0.228675 0.19188200000000005 0.954405
vn 0.034851 0.024403000000000064 0.999095
vn 0.034851 0.024403000000000064 0.999095
vn 0.310108 0.21714000000000006 0.925572
vn -0.244529 -0.17122099999999996 0.954405
vn -0.011012 0.041097000000000064 0.999094
vn -0.011012 0.041097000000000064 0.999094
vn -0.097984 0.3656730000000001 0.925571
vn 0.077263 -0.28834199999999993 0.954405
vn 0.041978 -0.006921999999999939 0.999095
vn 0.041978 -0.006921999999999939 0.999095
vn 0.373527 -0.06159599999999994 0.925572
vn -0.294537 0.04857000000000006 0.954405
vn 0.506259 0.29982100000000006 0.808585
vn 0.506259 0.29982100000000006 0.808585
vn 0.720413 0.42664900000000006 0.546787
vn 0.226046 0.13387100000000005 0.964874
vn -0.044764 -0.586674 0.808585
vn -0.044764 -0.586674 0.808585
vn -0.063699 -0.834845 0.546787
vn -0.019987 -0.26194999999999996 0.964874
vn 0.018407 -0.03835699999999994 0.999095
vn 0.018407 -0.03835699999999994 0.999095
vn 0.16379 -0.34130399999999994 0.925573
vn -0.129153 0.26912800000000003 0.954405
vn 0.041979 -0.006921999999999939 0.999095
vn 0.041979 -0.006921999999999939 0.999095
vn 0.373527 -0.06159499999999994 0.925572
vn -0.294537 0.04857000000000006 0.954405
vn -0.040139 0.01410700000000006 0.999094
vn -0.040139 0.01410700000000006 0.999094
vn -0.357155 0.12552200000000005 0.925572
vn 0.281626 -0.09897699999999994 0.954406
vn 0.018408 -0.03835699999999994 0.999095
vn 0.018408 -0.03835699999999994 0.999095
vn 0.163791 -0.34130399999999994 0.925572
vn -0.129154 0.26912700000000006 0.954405
vn -0.610478 -0.787057 0.08864100000000004
vn -0.016147 -0.995933 0.08864200000000005
vn -0.995933 0.01614700000000001 0.088641
vn -0.787059 0.610476 0.08864099999999996
vn 0.787059 -0.610476 0.08864400000000004
vn 0.995932 -0.016142999999999994 0.088646
vn -0.016147 -0.995933 0.08864200000000005
vn -0.610478 -0.787057 0.08864100000000004
vn 0.610475 0.78706 0.08864299999999996
vn 0.016144 0.995933 0.08864199999999994
vn 0.995932 -0.016142999999999994 0.088646
vn 0.787059 -0.610476 0.08864400000000004
vn -0.787059 0.610476 0.08864099999999996
vn -0.995933 0.01614700000000001 0.088641
vn 0.016144 0.995933 0.08864199999999994
vn 0.610475 0.78706 0.08864299999999996
vn 0 6.123233995736766E-17 1
vn 0 6.123233995736766E-17 1
vn 0 6.123233995736766E-17 1
vn 0 6.123233995736766E-17 1
vn -0.011467 0.04097100000000006 0.999095
vn -0.011467 0.04097100000000006 0.999095
vn -0.102033 0.36456200000000005 0.925572
vn 0.080456 -0.2874669999999999 0.954405
vn -0.485692 0.33210000000000006 0.808587
vn -0.485692 0.33210000000000006 0.808587
vn -0.691147 0.47258300000000003 0.546792
vn -0.216863 0.14828400000000005 0.964874
vn -0.195078 -0.555098 0.808585
vn -0.195078 -0.555098 0.808585
vn -0.277599 -0.789913 0.546788
vn -0.087103 -0.24785199999999993 0.964874
vn 0.004178 -0.042340999999999934 0.999094
vn 0.004178 -0.042340999999999934 0.999094
vn 0.037178 -0.37674099999999994 0.925572
vn -0.029316 0.2970690000000001 0.954406
vn 0.550627 0.20736500000000005 0.808585
vn 0.550627 0.20736500000000005 0.808585
vn 0.78355 0.29508400000000007 0.546786
vn 0.245855 0.09258900000000006 0.964874
vn 0.027214 0.03453800000000006 0.999033
vn 0.027214 0.03453800000000006 0.999033
vn 0.235346 0.29867900000000003 0.92488
vn -0.184145 -0.23369899999999993 0.954712
vn 0.971316 -0.220655 0.08864000000000001
vn 0.909446 0.406265 0.08864299999999997
vn 0.406266 -0.909445 0.08864000000000005
vn -0.220653 -0.971316 0.08864000000000005
vn 0.220654 0.971316 0.08864499999999995
vn -0.406269 0.909443 0.08864699999999995
vn 0.909446 0.406265 0.08864299999999997
vn 0.971316 -0.220655 0.08864000000000001
vn -0.971316 0.220651 0.08864399999999999
vn -0.909445 -0.406267 0.08864100000000003
vn -0.406269 0.909443 0.08864699999999995
vn 0.220654 0.971316 0.08864499999999995
vn -0.220653 -0.971316 0.08864000000000005
vn 0.406266 -0.909445 0.08864000000000005
vn -0.909445 -0.406267 0.08864100000000003
vn -0.971316 0.220651 0.08864399999999999
vn 0 6.123233995736766E-17 1
vn 0 6.123233995736766E-17 1
vn 0 6.123233995736766E-17 1
vn 0 6.123233995736766E-17 1
vn -0.50034 0.865829 -5.301673567294768E-17
vn -0.50034 0.865829 -5.301673567294768E-17
vn 0.999306 0.03725 -2.2809046634119453E-18
vn 0.999306 0.03725 -2.2809046634119453E-18
vn -0.841582 -0.485886 -0.23590999999999998
vn -0.841581 -0.485891 -0.23590699999999998
vn -0.841582 -0.485886 -0.23590999999999998
vn -0.841584 -0.485882 -0.23591399999999998
vn 0.48556 -0.841032 -0.23853099999999994
vn 0.485565 -0.84103 -0.23852699999999993
vn 0.48556 -0.841032 -0.23853099999999994
vn 0.485555 -0.841033 -0.23853499999999994
vn 0.841584 0.485883 -0.23591300000000004
vn 0.841584 0.485882 -0.23591400000000004
vn 0.841584 0.485883 -0.23591300000000004
vn 0.841584 0.485883 -0.23591300000000004
vn -0.485569 0.841027 -0.23853100000000005
vn -0.485572 0.841026 -0.23852900000000005
vn -0.485569 0.841027 -0.23853100000000005
vn -0.485566 0.841028 -0.23853300000000005
vn 0 6.123233995736766E-17 1
vn 0 6.123233995736766E-17 1
vn 0 6.123233995736766E-17 1
vn 0 6.123233995736766E-17 1
vn 0.766044 -0.642788 3.9359413336516444E-17
vn 0.766044 -0.642788 3.9359413336516444E-17
vn 0.766044 -0.642788 3.9359413336516444E-17
vn 0.766044 -0.642788 3.9359413336516444E-17
vn -0.642792 -0.766041 4.6906482933281876E-17
vn -0.642792 -0.766041 4.6906482933281876E-17
vn -0.642792 -0.766041 4.6906482933281876E-17
vn -0.642792 -0.766041 4.6906482933281876E-17
vn -0.766044 0.642788 -3.9359413336516444E-17
vn -0.766044 0.642788 -3.9359413336516444E-17
vn -0.766044 0.642788 -3.9359413336516444E-17
vn -0.766044 0.642788 -3.9359413336516444E-17
vn 0.64279 0.766043 -4.6906605397961796E-17
vn 0.64279 0.766043 -4.6906605397961796E-17
vn 0.64279 0.766043 -4.6906605397961796E-17
vn 0.64279 0.766043 -4.6906605397961796E-17
vn 0 6.123233995736766E-17 1
vn 0 6.123233995736766E-17 1
vn 0 6.123233995736766E-17 1
vn 0 6.123233995736766E-17 1
vn -1E-06 -1 6.123233995736766E-17
vn -1E-06 -1 6.123233995736766E-17
vn -1E-06 -1 6.123233995736766E-17
vn -1E-06 -1 6.123233995736766E-17
vn -1 0 0
vn -1 0 0
vn -1 0 0
vn -1 0 0
vn -1E-06 1 -6.123233995736766E-17
vn -1E-06 1 -6.123233995736766E-17
vn -1E-06 1 -6.123233995736766E-17
vn -1E-06 1 -6.123233995736766E-17
vn 0 6.123233995736766E-17 1
vn 0 6.123233995736766E-17 1
vn 0 6.123233995736766E-17 1
vn 0 6.123233995736766E-17 1
vn 0.087155 -0.996195 6.099935090382987E-17
vn 0.087155 -0.996195 6.099935090382987E-17
vn 0.087155 -0.996195 6.099935090382987E-17
vn 0.087155 -0.996195 6.099935090382987E-17
vn -0.996195 -0.087156 5.336765821324336E-18
vn -0.996195 -0.087156 5.336765821324336E-18
vn -0.996195 -0.087156 5.336765821324336E-18
vn -0.996195 -0.087156 5.336765821324336E-18
vn -0.087156 0.996195 -6.099935090382987E-17
vn -0.087156 0.996195 -6.099935090382987E-17
vn -0.087156 0.996195 -6.099935090382987E-17
vn -0.087156 0.996195 -6.099935090382987E-17
vn 0.996195 0.087154 -5.336643356644421E-18
vn 0.996195 0.087154 -5.336643356644421E-18
vn 0.996195 0.087154 -5.336643356644421E-18
vn 0.996195 0.087154 -5.336643356644421E-18
vn 0 6.123233995736766E-17 1
vn 0 6.123233995736766E-17 1
vn 0 6.123233995736766E-17 1
vn 0 6.123233995736766E-17 1
vn -0.422619 -0.906307 5.549529832974201E-17
vn -0.422619 -0.906307 5.549529832974201E-17
vn -0.422619 -0.906307 5.549529832974201E-17
vn -0.422619 -0.906307 5.549529832974201E-17
vn -0.906309 0.422616 -2.587776658342289E-17
vn -0.906309 0.422616 -2.587776658342289E-17
vn -0.906309 0.422616 -2.587776658342289E-17
vn -0.906309 0.422616 -2.587776658342289E-17
vn 0.906307 -0.422619 2.5877950280442764E-17
vn 0.906307 -0.422619 2.5877950280442764E-17
vn 0.906307 -0.422619 2.5877950280442764E-17
vn 0.906307 -0.422619 2.5877950280442764E-17
vn 0 6.123233995736766E-17 1
vn 0 6.123233995736766E-17 1
vn 0 6.123233995736766E-17 1
vn 0 6.123233995736766E-17 1
vn -0.342021 -0.939692 5.753953999921874E-17
vn -0.342021 -0.939692 5.753953999921874E-17
vn -0.342021 -0.939692 5.753953999921874E-17
vn -0.342021 -0.939692 5.753953999921874E-17
vn -0.939693 0.34202 -2.0942684912218888E-17
vn -0.939693 0.34202 -2.0942684912218888E-17
vn -0.939693 0.34202 -2.0942684912218888E-17
vn -0.939693 0.34202 -2.0942684912218888E-17
vn 0.34202 0.939693 -5.753960123155869E-17
vn 0.34202 0.939693 -5.753960123155869E-17
vn 0.34202 0.939693 -5.753960123155869E-17
vn 0.34202 0.939693 -5.753960123155869E-17
vn 0.939692 -0.342022 2.0942807376898802E-17
vn 0.939692 -0.342022 2.0942807376898802E-17
vn 0.939692 -0.342022 2.0942807376898802E-17
vn 0.939692 -0.342022 2.0942807376898802E-17
vn 0 6.123233995736766E-17 1
vn 0 6.123233995736766E-17 1
vn 0 6.123233995736766E-17 1
vn 0 6.123233995736766E-17 1
vn 0.231973 0.24021100000000006 0.942596
vn 0.231971 0.24020200000000005 0.942599
vn 0.231973 0.24021100000000006 0.942596
vn 0.231974 0.24021900000000004 0.942594
vn -0.196281 0.27016100000000004 0.942596
vn -0.196272 0.27015800000000006 0.942599
vn -0.196281 0.27016100000000004 0.942596
vn -0.196289 0.27016500000000004 0.942593
vn -0.135825 -0.3050629999999999 0.942597
vn -0.135826 -0.30505399999999994 0.942599
vn -0.135825 -0.3050629999999999 0.942597
vn -0.135824 -0.30507199999999995 0.942594
vn 0.276842 -0.18673499999999996 0.942597
vn 0.276832 -0.18673499999999996 0.9426
vn 0.276842 -0.18673499999999996 0.942597
vn 0.276852 -0.18673499999999996 0.942594
vn 0.135826 0.30506500000000003 0.942596
vn 0.135827 0.30505400000000005 0.942599
vn 0.135826 0.30506500000000003 0.942596
vn 0.135825 0.30507500000000004 0.942593
vn -0.276843 0.18673600000000007 0.942596
vn -0.276833 0.18673600000000007 0.942599
vn -0.276843 0.18673600000000007 0.942596
vn -0.276853 0.18673700000000004 0.942593
vn -0.023296 -0.33312099999999994 0.942596
vn -0.023301 -0.33311199999999996 0.942599
vn -0.023296 -0.33312099999999994 0.942596
vn -0.023291 -0.3331299999999999 0.942593
vn 0.567947 0.823065 -5.0398195887010814E-17
vn 0.567947 0.823065 -5.0398195887010814E-17
vn 0.567947 0.823065 -5.0398195887010814E-17
vn 0.567947 0.823065 -5.0398195887010814E-17
vn -0.427223 0.904146 -5.536297524309414E-17
vn -0.427223 0.904146 -5.536297524309414E-17
vn -0.427223 0.904146 -5.536297524309414E-17
vn -0.427223 0.904146 -5.536297524309414E-17
vn -0.569993 -0.821649 5.031149089363118E-17
vn -0.569993 -0.821649 5.031149089363118E-17
vn -0.569993 -0.821649 5.031149089363118E-17
vn -0.569993 -0.821649 5.031149089363118E-17
vn 0.4247 -0.905334 5.543571926296349E-17
vn 0.4247 -0.905334 5.543571926296349E-17
vn 0.4247 -0.905334 5.543571926296349E-17
vn 0.4247 -0.905334 5.543571926296349E-17
vn -0.42263 0.906303 -5.549505340038218E-17
vn -0.42263 0.906303 -5.549505340038218E-17
vn -0.42263 0.906303 -5.549505340038218E-17
vn -0.42263 0.906303 -5.549505340038218E-17
vn -0.995982 0.089557 -5.483784669561975E-18
vn -0.995982 0.089557 -5.483784669561975E-18
vn -0.995982 0.089557 -5.483784669561975E-18
vn -0.995982 0.089557 -5.483784669561975E-18
vn 0.422611 -0.906311 5.549554325910184E-17
vn 0.422611 -0.906311 5.549554325910184E-17
vn 0.422611 -0.906311 5.549554325910184E-17
vn 0.422611 -0.906311 5.549554325910184E-17
vn 0.995983 -0.089538 5.482621255102786E-18
vn 0.995983 -0.089538 5.482621255102786E-18
vn 0.995983 -0.089538 5.482621255102786E-18
vn 0.995983 -0.089538 5.482621255102786E-18
vn -0.996196 0.087144 -5.3360310332448475E-18
vn -0.996196 0.087144 -5.3360310332448475E-18
vn -0.996196 0.087144 -5.3360310332448475E-18
vn -0.996196 0.087144 -5.3360310332448475E-18
vn -0.575555 -0.817763 5.007354202055685E-17
vn -0.575555 -0.817763 5.007354202055685E-17
vn -0.575555 -0.817763 5.007354202055685E-17
vn -0.575555 -0.817763 5.007354202055685E-17
vn 0.996195 -0.087158 5.336888286004251E-18
vn 0.996195 -0.087158 5.336888286004251E-18
vn 0.996195 -0.087158 5.336888286004251E-18
vn 0.996195 -0.087158 5.336888286004251E-18
vn 0.575531 0.81778 -5.007458297033612E-17
vn 0.575531 0.81778 -5.007458297033612E-17
vn 0.575531 0.81778 -5.007458297033612E-17
vn 0.575531 0.81778 -5.007458297033612E-17
vn 0.575853 0.817554 -5.006074446150576E-17
vn 0.575853 0.817553 -5.0060683229165804E-17
vn 0.575853 0.817554 -5.006074446150576E-17
vn 0.575853 0.817554 -5.006074446150576E-17
vn -0.41783 0.908525 -5.563111165976745E-17
vn -0.41783 0.908525 -5.563111165976745E-17
vn -0.41783 0.908525 -5.563111165976745E-17
vn -0.41783 0.908525 -5.563111165976745E-17
vn 0 3.0000000000612325E-06 1
vn -3E-06 2.0000000000612323E-06 1
vn 0 3.0000000000612325E-06 1
vn 3E-06 4.000000000061232E-06 1
vn 2E-06 6.123233995736766E-17 1
vn 2E-06 2.0000000000612323E-06 1
vn 2E-06 6.123233995736766E-17 1
vn 1E-06 -2.9999999999387676E-06 1
vn -2E-06 6.123233995736766E-17 1
vn -2E-06 -2.9999999999387676E-06 1
vn -2E-06 6.123233995736766E-17 1
vn -1E-06 3.0000000000612325E-06 1
vn 1E-06 2.0000000000612323E-06 1
vn -1E-06 1.0000000000612324E-06 1
vn 1E-06 2.0000000000612323E-06 1
vn 2E-06 3.0000000000612325E-06 1
vn -1E-06 2.0000000000612323E-06 1
vn -1E-06 -9.999999999387675E-07 1
vn -1E-06 2.0000000000612323E-06 1
vn -1E-06 5.000000000061232E-06 1
vn 1E-06 6.123233995736766E-17 1
vn 1E-06 4.000000000061232E-06 1
vn 1E-06 6.123233995736766E-17 1
vn 0 -3.999999999938768E-06 1
vn 0.996217 -0.0869 5.32109034229525E-18
vn 0.996217 -0.0869 5.32109034229525E-18
vn 0.996217 -0.0869 5.32109034229525E-18
vn 0.996217 -0.0869 5.32109034229525E-18
vn 0.575207 0.818008 -2.0000000000500884E-06
vn 0.575207 0.818008 -2.0000000000500884E-06
vn 0.575207 0.818008 -2.0000000000500884E-06
vn 0.575207 0.818008 -2.0000000000500884E-06
vn -0.420807 0.90715 -2.0000000000555466E-06
vn -0.420807 0.90715 -2.0000000000555466E-06
vn -0.420807 0.90715 -2.0000000000555466E-06
vn -0.420807 0.90715 -2.0000000000555466E-06
vn -0.996217 0.0869 -5.32109034229525E-18
vn -0.996217 0.0869 -5.32109034229525E-18
vn -0.996217 0.0869 -5.32109034229525E-18
vn -0.996217 0.0869 -5.32109034229525E-18
vn -0.575123 -0.818067 1.0000000000500922E-06
vn -0.575123 -0.818067 2.000000000050092E-06
vn -0.575123 -0.818067 1.0000000000500922E-06
vn -0.575123 -0.818067 1.0000000000500922E-06
vn 0.420898 -0.907108 2.000000000055544E-06
vn 0.420898 -0.907108 2.000000000055544E-06
vn 0.420898 -0.907108 2.000000000055544E-06
vn 0.420898 -0.907108 2.000000000055544E-06
vn -0.420579 0.907256 -2.0000000000555534E-06
vn -0.420579 0.907256 -2.0000000000555534E-06
vn -0.420579 0.907256 -2.0000000000555534E-06
vn -0.420579 0.907256 -2.0000000000555534E-06
vn -0.996195 0.087155 -5.336704588984378E-18
vn -0.996195 0.087155 -5.336704588984378E-18
vn -0.996195 0.087155 -5.336704588984378E-18
vn -0.996195 0.087155 -5.336704588984378E-18
vn -0.575508 -0.817796 1.0000000000500755E-06
vn -0.575508 -0.817796 1.0000000000500755E-06
vn -0.575508 -0.817796 1.0000000000500755E-06
vn -0.575508 -0.817796 1.0000000000500755E-06
vn 0.420469 -0.907307 2.0000000000555564E-06
vn 0.42047 -0.907307 2.0000000000555564E-06
vn 0.420469 -0.907307 2.0000000000555564E-06
vn 0.420469 -0.907307 2.0000000000555564E-06
vn 0.996195 -0.087156 5.336765821324336E-18
vn 0.996195 -0.087156 5.336765821324336E-18
vn 0.996195 -0.087156 5.336765821324336E-18
vn 0.996195 -0.087156 5.336765821324336E-18
vn 0.575423 0.817856 -1.0000000000500793E-06
vn 0.575423 0.817856 -2.000000000050079E-06
vn 0.575423 0.817856 -1.0000000000500793E-06
vn 0.575423 0.817856 -1.0000000000500793E-06
vn -0.944533 0.08263799999999999 -0.31785
vn -0.944535 0.08263499999999999 -0.317845
vn -0.944533 0.08263799999999999 -0.31785
vn -0.944533 0.08263799999999999 -0.31785
vn 0.944533 -0.08263700000000002 -0.31785
vn 0.944533 -0.08263700000000002 -0.31785
vn 0.944533 -0.08263700000000002 -0.31785
vn 0.944533 -0.08263700000000002 -0.31785
vn -0.087155 -0.996195 6.099935090382987E-17
vn -0.087155 -0.996195 6.099935090382987E-17
vn -0.087155 -0.996195 6.099935090382987E-17
vn -0.087155 -0.996195 6.099935090382987E-17
vn 0.996195 -0.087156 5.336765821324336E-18
vn 0.996195 -0.087156 5.336765821324336E-18
vn 0.996195 -0.087156 5.336765821324336E-18
vn 0.996195 -0.087156 5.336765821324336E-18
vn -0.996195 0.087153 -5.336582124304464E-18
vn -0.996195 0.087154 -5.336643356644421E-18
vn -0.996195 0.087153 -5.336582124304464E-18
vn -0.996195 0.087153 -5.336582124304464E-18
vn 0.087156 0.996195 -6.099935090382987E-17
vn 0.087155 0.996195 -6.099935090382987E-17
vn 0.087156 0.996195 -6.099935090382987E-17
vn 0.087156 0.996195 -6.099935090382987E-17
vn -0.258813 0.965927 1.999999999940854E-06
vn -0.258819 0.965926 -5.914590920566031E-17
vn -0.258813 0.965927 1.999999999940854E-06
vn -0.258813 0.965927 1.999999999940854E-06
vn 0.965932 0.258796 -1.584668465160692E-17
vn 0.965932 0.258794 -1.5846562186927007E-17
vn 0.965932 0.258796 -1.584668465160692E-17
vn 0.965932 0.258796 -1.584668465160692E-17
vn -0.23922 0.892783 -0.38172400000000006
vn -0.239222 0.892783 -0.38172100000000003
vn -0.23922 0.892783 -0.38172400000000006
vn -0.23922 0.892783 -0.38172400000000006
vn 0.894021 0.23952799999999996 -0.37862
vn 0.894024 0.23954299999999998 -0.378603
vn 0.894021 0.23952799999999996 -0.37862
vn 0.894021 0.23952799999999996 -0.37862
vn -0.965925 -0.258823 -1.2999999999984151E-05
vn -0.965932 -0.258797 1.584674588394688E-17
vn -0.965925 -0.258823 -1.2999999999984151E-05
vn -0.965925 -0.258823 -1.2999999999984151E-05
vn 0.258828 -0.965924 5.91457867409804E-17
vn 0.258827 -0.965924 5.91457867409804E-17
vn 0.258828 -0.965924 5.91457867409804E-17
vn 0.258828 -0.965924 5.91457867409804E-17
vn -0.965928 -0.258813 2.0000000000158475E-06
vn -0.965926 -0.258818 1.5848031763085984E-17
vn -0.965928 -0.258813 2.0000000000158475E-06
vn -0.965928 -0.258813 2.0000000000158475E-06
vn -0.258796 0.965932 -5.914627659970006E-17
vn -0.258795 0.965932 -5.914627659970006E-17
vn -0.258796 0.965932 -5.914627659970006E-17
vn -0.258796 0.965932 -5.914627659970006E-17
vn -0.892782 -0.23921900000000001 -0.381725
vn -0.892784 -0.23922500000000002 -0.381718
vn -0.892782 -0.23921900000000001 -0.381725
vn -0.892782 -0.23921900000000001 -0.381725
vn -0.239528 0.89402 -0.37862200000000007
vn -0.239542 0.894023 -0.3786050000000001
vn -0.239528 0.89402 -0.37862200000000007
vn -0.239528 0.89402 -0.37862200000000007
vn 0.258822 -0.965925 -1.1999999999940854E-05
vn 0.258797 -0.965932 5.914627659970006E-17
vn 0.258822 -0.965925 -1.1999999999940854E-05
vn 0.258822 -0.965925 -1.1999999999940854E-05
vn 0.965924 0.258827 -1.5848582854145598E-17
vn 0.965923 0.258829 -1.0000000000158486E-06
vn 0.965924 0.258827 -1.5848582854145598E-17
vn 0.965924 0.258827 -1.5848582854145598E-17
vn -3E-06 1 -6.123233995736766E-17
vn -3E-06 1 -6.123233995736766E-17
vn -3E-06 1 -6.123233995736766E-17
vn -3E-06 1 -6.123233995736766E-17
vn 1 -3.9E-05 2.3880612583373387E-21
vn 1 -3.9E-05 2.3880612583373387E-21
vn 1 -3.9E-05 2.3880612583373387E-21
vn 1 -3.9E-05 2.3880612583373387E-21
vn -2E-06 0.929973 -0.36762800000000007
vn 1.1E-05 0.929967 -0.3676440000000001
vn -2E-06 0.929973 -0.36762800000000007
vn -2E-06 0.929973 -0.36762800000000007
vn 0.919905 -3.600000000002401E-05 -0.39214
vn 0.919926 9.999999999759912E-07 -0.392093
vn 0.919905 -3.600000000002401E-05 -0.39214
vn 0.919905 -3.600000000002401E-05 -0.39214
vn -1 0 0
vn -1 0 0
vn -1 0 0
vn -1 0 0
vn 5E-06 -1 6.123233995736766E-17
vn -0 -1 3.0000000000612325E-06
vn 5E-06 -1 6.123233995736766E-17
vn 5E-06 -1 6.123233995736766E-17
vn -1 -3E-06 1.8369701987210298E-22
vn -1 -3E-06 1.8369701987210298E-22
vn -1 -3E-06 1.8369701987210298E-22
vn -1 -3E-06 1.8369701987210298E-22
vn 3.9E-05 1 -6.123233995736766E-17
vn 3.9E-05 1 -6.123233995736766E-17
vn 3.9E-05 1 -6.123233995736766E-17
vn 3.9E-05 1 -6.123233995736766E-17
vn -0.929973 -2.0000000000225107E-06 -0.367629
vn -0.929966 1.0999999999977487E-05 -0.367645
vn -0.929973 -2.0000000000225107E-06 -0.367629
vn -0.929973 -2.0000000000225107E-06 -0.367629
vn 3.6E-05 0.919905 -0.3921410000000001
vn -2E-06 0.919926 -0.3920930000000001
vn 3.6E-05 0.919905 -0.3921410000000001
vn 3.6E-05 0.919905 -0.3921410000000001
vn -0 -1 6.123233995736766E-17
vn -1E-06 -1 6.123233995736766E-17
vn -0 -1 6.123233995736766E-17
vn -0 -1 6.123233995736766E-17
vn 1 6E-06 -3.6739403974420597E-22
vn 1 1.8369701987210298E-22 3E-06
vn 1 6E-06 -3.6739403974420597E-22
vn 1 6E-06 -3.6739403974420597E-22
vn 2E-06 -1 6.123233995736766E-17
vn 2E-06 -1 6.123233995736766E-17
vn 2E-06 -1 6.123233995736766E-17
vn 2E-06 -1 6.123233995736766E-17
vn -1 4E-05 -2.4492935982947065E-21
vn -1 4E-05 -2.4492935982947065E-21
vn -1 4E-05 -2.4492935982947065E-21
vn -1 4E-05 -2.4492935982947065E-21
vn 1E-06 -0.929973 -0.36762899999999993
vn -1.1E-05 -0.929967 -0.36764399999999997
vn 1E-06 -0.929973 -0.36762899999999993
vn 1E-06 -0.929973 -0.36762899999999993
vn -0.919905 3.699999999997598E-05 -0.392142
vn -0.919926 -3.000000000024009E-06 -0.392091
vn -0.919905 3.699999999997598E-05 -0.392142
vn -0.919905 3.699999999997598E-05 -0.392142
vn 1 0 0
vn 1 0 0
vn 1 0 0
vn 1 0 0
vn -4E-06 1 -6.123233995736766E-17
vn 0 1 1.9999999999387675E-06
vn -4E-06 1 -6.123233995736766E-17
vn -4E-06 1 -6.123233995736766E-17
vn -0.018408 0.038358000000000066 0.999095
vn -0.018408 0.038358000000000066 0.999095
vn -0.16379 0.3413050000000001 0.925572
vn 0.129153 -0.26912899999999995 0.954405
vn -0.535982 0.24271700000000004 0.808587
vn -0.535982 0.24271700000000004 0.808587
vn -0.762708 0.34538900000000006 0.546793
vn -0.239319 0.10837400000000005 0.964874
vn -0.095726 -0.580538 0.808586
vn -0.095726 -0.580538 0.808586
vn -0.136219 -0.826113 0.546792
vn -0.042742 -0.25921299999999997 0.964874
vn 0.011468 -0.04097199999999994 0.999094
vn 0.011468 -0.04097199999999994 0.999094
vn 0.102036 -0.36456199999999994 0.925572
vn -0.080457 0.2874650000000001 0.954406
vn 0.506253 0.29983100000000007 0.808585
vn 0.506253 0.29983100000000007 0.808585
vn 0.720404 0.42666400000000004 0.546787
vn 0.226042 0.13387500000000005 0.964874
vn 0.020862 0.037080000000000064 0.999095
vn 0.020862 0.037080000000000064 0.999095
vn 0.185633 0.32993300000000003 0.925573
vn -0.146377 -0.2601609999999999 0.954406
vn 0.994876 -0.04863699999999999 0.08864
vn 0.825081 0.558017 0.08864199999999997
vn 0.558018 -0.825081 0.08864100000000005
vn -0.048632 -0.994876 0.08864100000000005
vn 0.048634 0.994875 0.08864399999999995
vn -0.558019 0.82508 0.08864599999999995
vn 0.825081 0.558017 0.08864199999999997
vn 0.994876 -0.04863699999999999 0.08864
vn -0.994875 0.048634000000000004 0.088642
vn -0.825079 -0.55802 0.08864200000000003
vn -0.558019 0.82508 0.08864599999999995
vn 0.048634 0.994875 0.08864399999999995
vn -0.048632 -0.994876 0.08864100000000005
vn 0.558018 -0.825081 0.08864100000000005
vn -0.825079 -0.55802 0.08864200000000003
vn -0.994875 0.048634000000000004 0.088642
vn 0 6.123233995736766E-17 1
vn 0 6.123233995736766E-17 1
vn 0 6.123233995736766E-17 1
vn 0 6.123233995736766E-17 1
vn 0.068862 0.997349 -0.023535000000000063
vn -0.515464 -0.856903 -0.0036429999999999475
vn -0.999827 0.018227 -0.0036590000000000012
vn 0.13861 0.990347 -6.064126417975919E-17
vn 0.842801 -0.537941 0.017496000000000032
vn -0.999827 0.018227 -0.0036590000000000012
vn -0.515464 -0.856903 -0.0036429999999999475
vn 0.87849 -0.477761 2.925442397037193E-17
vn 0.168747 0.957011 -0.23591400000000007
vn 0.168748 0.95701 -0.23591400000000007
vn 0.168747 0.957011 -0.23591400000000007
vn 0.168746 0.957011 -0.23591300000000007
vn -0.956381 0.16863499999999998 -0.238532
vn -0.956381 0.16863499999999998 -0.238532
vn -0.956381 0.16863499999999998 -0.238532
vn -0.956381 0.16863499999999998 -0.238532
vn -0.168747 -0.95701 -0.23591499999999996
vn -0.168748 -0.95701 -0.23591599999999993
vn -0.168747 -0.95701 -0.23591499999999996
vn -0.168746 -0.95701 -0.23591499999999996
vn 0.956381 -0.16863500000000003 -0.238532
vn 0.956381 -0.16863500000000003 -0.238532
vn 0.956381 -0.16863500000000003 -0.238532
vn 0.956381 -0.16863500000000003 -0.238532
vn 0 6.123233995736766E-17 1
vn 0 6.123233995736766E-17 1
vn 0 6.123233995736766E-17 1
vn 0 6.123233995736766E-17 1
vn -0.030085 -0.030084999999999938 0.999094
vn -0.030085 -0.030084999999999938 0.999094
vn -0.267692 -0.26769099999999996 0.925571
vn 0.211082 0.21108100000000005 0.954405
vn 0.032592 -0.02734799999999994 0.999094
vn 0.032592 -0.02734799999999994 0.999094
vn 0.290004 -0.24334299999999995 0.925571
vn -0.228675 0.19188200000000005 0.954405
vn 0.034852 0.02440400000000006 0.999095
vn 0.034852 0.02440400000000006 0.999095
vn 0.310109 0.21714100000000006 0.925572
vn -0.244529 -0.17122099999999996 0.954405
vn -0.0419 0.007388000000000061 0.999094
vn -0.0419 0.007388000000000061 0.999094
vn -0.372821 0.06574000000000006 0.925571
vn 0.293979 -0.05183799999999995 0.954405
vn -0.011012 0.041097000000000064 0.999094
vn -0.011012 0.041097000000000064 0.999094
vn -0.097984 0.3656730000000001 0.925571
vn 0.077263 -0.28834199999999993 0.954405
vn -0.087178 -0.996193 -9.999999999390007E-07
vn -0.087186 -0.996192 -9.999999999390009E-07
vn -0.087178 -0.996193 -9.999999999390007E-07
vn -0.08717 -0.996194 6.099928967148992E-17
vn -0.996196 0.08714 -5.3357861038850175E-18
vn -0.996196 0.087141 -5.3358473362249754E-18
vn -0.996196 0.08714 -5.3357861038850175E-18
vn -0.996196 0.08714 -5.3357861038850175E-18
vn 0.996195 -0.087156 -2.9999999999946633E-06
vn 0.996194 -0.087162 5.33713321536408E-18
vn 0.996195 -0.087156 -2.9999999999946633E-06
vn 0.996195 -0.087156 -2.9999999999946633E-06
vn 0.087151 0.996195 -6.099935090382987E-17
vn 0.087151 0.996195 -6.099935090382987E-17
vn 0.087151 0.996195 -6.099935090382987E-17
vn 0.087151 0.996195 -6.099935090382987E-17
vn 0.258914 -0.9659 5.914431716482142E-17
vn 0.258914 -0.9659 5.914431716482142E-17
vn 0.258914 -0.9659 5.914431716482142E-17
vn 0.258914 -0.9659 5.914431716482142E-17
vn 0.258805 -0.96593 5.914615413502014E-17
vn 0.258805 -0.96593 5.914615413502014E-17
vn 0.258805 -0.96593 5.914615413502014E-17
vn 0.258805 -0.96593 5.914615413502014E-17
vn 0.258857 -0.965916 5.914529688226074E-17
vn 0.258857 -0.965916 5.914529688226074E-17
vn 0.258857 -0.965916 5.914529688226074E-17
vn 0.258857 -0.965916 5.914529688226074E-17
vn -0.104197 -0.994557 6.089905233097971E-17
vn -0.104197 -0.994557 6.089905233097971E-17
vn -0.104197 -0.994557 6.089905233097971E-17
vn -0.104197 -0.994557 6.089905233097971E-17
vn 0.10425 0.994551 -2.0000000000608986E-06
vn 0.104269 0.994549 -6.089856247226005E-17
vn 0.10425 0.994551 -2.0000000000608986E-06
vn 0.104232 0.994553 -4.000000000060899E-06
vn 0.809178 -0.587563 3.5977857362370814E-17
vn 0.809179 -0.587563 3.5977857362370814E-17
vn 0.809178 -0.587563 3.5977857362370814E-17
vn 0.809178 -0.587563 3.5977857362370814E-17
vn -0.809201 0.587531 -3.597589792749218E-17
vn -0.809201 0.587531 -3.597589792749218E-17
vn -0.809201 0.587531 -3.597589792749218E-17
vn -0.809201 0.587531 -3.597589792749218E-17
vn 0.913417 0.407026 -2.492315440348753E-17
vn 0.913417 0.407026 -2.492315440348753E-17
vn 0.913417 0.407026 -2.492315440348753E-17
vn 0.913417 0.407026 -2.492315440348753E-17
vn 0.996196 -0.087143 5.33596980090489E-18
vn 0.996196 -0.087143 5.33596980090489E-18
vn 0.996196 -0.087143 5.33596980090489E-18
vn 0.996196 -0.087143 5.33596980090489E-18
vn 0.575552 0.817765 -5.0073664485236765E-17
vn 0.575552 0.817765 -5.0073664485236765E-17
vn 0.575552 0.817765 -5.0073664485236765E-17
vn 0.575552 0.817765 -5.0073664485236765E-17
vn -0.996194 0.087166 -5.337378144723909E-18
vn -0.996194 0.087166 -5.337378144723909E-18
vn -0.996194 0.087166 -5.337378144723909E-18
vn -0.996194 0.087166 -5.337378144723909E-18
vn -0.575533 -0.817779 5.007452173799617E-17
vn -0.575533 -0.817779 5.007452173799617E-17
vn -0.575533 -0.817779 5.007452173799617E-17
vn -0.575533 -0.817779 5.007452173799617E-17
vn 0.965928 0.258812 1.9999999999841523E-06
vn 0.965926 0.25882 -1.5848154227765898E-17
vn 0.965928 0.258812 1.9999999999841523E-06
vn 0.965928 0.258812 1.9999999999841523E-06
vn 0.258797 -0.965932 5.914627659970006E-17
vn 0.258795 -0.965932 1.0000000000591461E-06
vn 0.258797 -0.965932 5.914627659970006E-17
vn 0.258797 -0.965932 5.914627659970006E-17
vn 0.892782 0.23921999999999996 -0.381725
vn 0.892784 0.23922799999999997 -0.381716
vn 0.892782 0.23921999999999996 -0.381725
vn 0.892782 0.23921999999999996 -0.381725
vn 0.239528 -0.894021 -0.37861899999999993
vn 0.239542 -0.894024 -0.37860299999999997
vn 0.239528 -0.894021 -0.37861899999999993
vn 0.239528 -0.894021 -0.37861899999999993
vn -0.258822 0.965925 -1.3000000000059146E-05
vn -0.258796 0.965932 -5.914627659970006E-17
vn -0.258822 0.965925 -1.3000000000059146E-05
vn -0.258822 0.965925 -1.3000000000059146E-05
vn -0.965923 -0.258828 1.5848644086485558E-17
vn -0.965923 -0.25883 -9.999999999841511E-07
vn -0.965923 -0.258828 1.5848644086485558E-17
vn -0.965923 -0.258828 1.5848644086485558E-17
vn -0.964649 -0.263519 0.003348000000000016
vn -0.965677 -0.259657 0.006727000000000016
vn -0.964649 -0.263519 0.003348000000000016
vn -0.963593 -0.267373 -3.099999999998363E-05
vn 0.964653 0.263502 -0.003395000000000016
vn 0.965686 0.259623 -0.006790000000000016
vn 0.964653 0.263502 -0.003395000000000016
vn 0.963593 0.267374 -1.637193566376122E-17
vn 0.544015 -0.804534 -0.23826999999999995
vn -0.015033 -0.993403 -0.11368499999999994
vn 0.966377 -0.014009000000000016 -0.256748
vn 0.757014 0.641613 -0.12354100000000004
vn 0.757014 0.641613 -0.12354100000000004
vn 0.966377 -0.014009000000000016 -0.256748
vn 0.012122 0.993738 0.11107399999999995
vn -0.543611 0.805958 0.23434799999999995
vn -0.688265 -0.628515 -0.3622969999999999
vn -0.897471 -0.23059400000000002 -0.375995
vn 0.158601 -0.983103 -0.09139699999999995
vn 0.737373 -0.651127 0.17976400000000003
vn 0.691129 0.628961 0.35601799999999995
vn 0.893877 0.24125200000000002 0.377865
vn -0.155834 0.98348 0.09210599999999994
vn -0.730485 0.659786 -0.17628100000000002
vn -0.57013 -0.821344 0.01859500000000005
vn -0.913082 -0.3918 -0.11302399999999997
vn 0.338293 -0.917997 0.20697700000000005
vn 0.826459 -0.513116 0.23168500000000003
vn 0.826459 -0.513116 0.23168500000000003
vn 0.338293 -0.917997 0.20697700000000005
vn 0.913169 0.393007 0.10802099999999998
vn 0.572378 0.819683 -0.02243300000000005
vn -0.784621 -0.619788 0.015238000000000038
vn -0.998972 -0.027620999999999996 0.035936
vn 0.025067 -0.99943 -0.022606999999999936
vn 0.622485 -0.781623 -0.03972599999999995
vn 0.78287 0.622002 -0.015133000000000039
vn 0.998906 0.029983999999999997 -0.035888
vn -0.026954 0.999379 0.022684999999999938
vn -0.621455 0.782442 0.039717999999999955
vn 0.545462 -0.805461 -0.23173899999999995
vn -0.014476 -0.993572 -0.11226999999999994
vn 0.968761 -0.015352000000000015 -0.247521
vn 0.758563 0.640951 -0.11732200000000004
vn 0.758563 0.640951 -0.11732200000000004
vn 0.968761 -0.015352000000000015 -0.247521
vn 0.011805 0.993906 0.10959999999999995
vn -0.545084 0.806821 0.22786899999999993
vn -0.999991 -0.003326 0.002463
vn -0.999988 -0.00041899999999999967 0.004926
vn -0.999991 -0.003326 0.002463
vn -0.999981 -0.006232 -9.999999999996184E-07
vn 0.999991 0.003336 -0.002455
vn 0.999988 0.0004129999999999997 -0.004933
vn 0.999991 0.003336 -0.002455
vn 0.999981 0.006259 2.2999999999999617E-05
vn 0.17365 0.984808 -6.030209824873533E-17
vn 0.17365 0.984808 -6.030209824873533E-17
vn 0.17365 0.984808 -6.030209824873533E-17
vn 0.17365 0.984808 -6.030209824873533E-17
vn 0.984808 -0.173649 1.0632934601256937E-17
vn 0.984808 -0.173649 1.0632934601256937E-17
vn 0.984808 -0.173649 1.0632934601256937E-17
vn 0.984808 -0.173649 1.0632934601256937E-17
vn -0.984808 0.17365 -1.0632995833596894E-17
vn -0.984808 0.17365 -1.0632995833596894E-17
vn -0.984808 0.17365 -1.0632995833596894E-17
vn -0.984808 0.17365 -1.0632995833596894E-17
vn 0 6.123233995736766E-17 1
vn 0 6.123233995736766E-17 1
vn 0 6.123233995736766E-17 1
vn 0 6.123233995736766E-17 1
vn 0.087157 0.996195 -6.099935090382987E-17
vn 0.087157 0.996195 -6.099935090382987E-17
vn 0.087157 0.996195 -6.099935090382987E-17
vn 0.087157 0.996195 -6.099935090382987E-17
vn 0.258823 -0.965925 5.914584797332036E-17
vn 0.258823 -0.965925 5.914584797332036E-17
vn 0.258823 -0.965925 5.914584797332036E-17
vn 0.258823 -0.965925 5.914584797332036E-17
vn -0.965926 -0.258819 1.584809299542594E-17
vn -0.965926 -0.258819 1.584809299542594E-17
vn -0.965926 -0.258819 1.584809299542594E-17
vn -0.965926 -0.258819 1.584809299542594E-17
vn 0.173649 0.984808 -6.030209824873533E-17
vn 0.173649 0.984808 -6.030209824873533E-17
vn 0.173649 0.984808 -6.030209824873533E-17
vn 0.173649 0.984808 -6.030209824873533E-17
vn 0.96589 0.258951 7.099999999998415E-05
vn 0.965853 0.259089 0.00014699999999998414
vn 0.96589 0.258951 7.099999999998415E-05
vn 0.965927 0.258814 -6.000000000015848E-06
vn 0.087156 0.996195 -6.099935090382987E-17
vn 0.087156 0.996195 -6.099935090382987E-17
vn 0.087156 0.996195 -6.099935090382987E-17
vn 0.087156 0.996195 -6.099935090382987E-17
vn -0.258821 0.965925 -5.914584797332036E-17
vn -0.258821 0.965925 -5.914584797332036E-17
vn -0.258821 0.965925 -5.914584797332036E-17
vn -0.258821 0.965925 -5.914584797332036E-17
vn 0.965926 0.25882 -1.5848154227765898E-17
vn 0.965926 0.25882 -1.5848154227765898E-17
vn 0.965926 0.25882 -1.5848154227765898E-17
vn 0.965926 0.25882 -1.5848154227765898E-17
vn 1 -3.9E-05 2.3880612583373387E-21
vn 1 -3.9E-05 2.3880612583373387E-21
vn 1 -3.9E-05 2.3880612583373387E-21
vn 1 -3.9E-05 2.3880612583373387E-21
vn 3.9E-05 1 -6.123233995736766E-17
vn 3.9E-05 1 -6.123233995736766E-17
vn 3.9E-05 1 -6.123233995736766E-17
vn 3.9E-05 1 -6.123233995736766E-17
vn -0 1 -6.123233995736766E-17
vn -0 1 -6.123233995736766E-17
vn -0 1 -6.123233995736766E-17
vn -0 1 -6.123233995736766E-17
vn -1 3.9E-05 -2.3880612583373387E-21
vn -1 3.9E-05 -2.3880612583373387E-21
vn -1 3.9E-05 -2.3880612583373387E-21
vn -1 3.9E-05 -2.3880612583373387E-21
vn -0.175454 -0.984488 -7.099999999993972E-05
vn -0.175462 -0.984486 2.600000000006028E-05
vn -0.175454 -0.984488 -7.099999999993972E-05
vn -0.175454 -0.984488 -7.099999999993972E-05
vn 0.174898 0.984587 -7.20000000000603E-05
vn 0.174904 0.984586 7.999999999939711E-06
vn 0.174898 0.984587 -7.20000000000603E-05
vn 0.174898 0.984587 -7.20000000000603E-05
vn 0.984413 -0.175873 6.000000000010769E-06
vn 0.984413 -0.175872 1.000000000010769E-06
vn 0.984413 -0.175873 6.000000000010769E-06
vn 0.984413 -0.175873 1.200000000001077E-05
vn 0.996195 -0.087156 5.336765821324336E-18
vn 0.996195 -0.087156 9.000000000005337E-06
vn 0.996195 -0.087156 5.336765821324336E-18
vn 0.996195 -0.087156 5.336765821324336E-18
vn -0.087157 -0.996195 6.099935090382987E-17
vn -0.087157 -0.996195 1.0000000000609992E-06
vn -0.087157 -0.996195 6.099935090382987E-17
vn -0.087157 -0.996195 6.099935090382987E-17
vn 0.906303 0.422628 1.9999999999741214E-06
vn 0.906304 0.422627 -2.587844013916242E-17
vn 0.906303 0.422628 1.9999999999741214E-06
vn 0.906303 0.422628 2.9999999999741215E-06
vn 0.258828 -0.965923 5.914572550864044E-17
vn 0.258828 -0.965923 5.914572550864044E-17
vn 0.258828 -0.965923 5.914572550864044E-17
vn 0.258828 -0.965923 5.914572550864044E-17
vn -0.965922 -0.258832 1.5848889015845386E-17
vn -0.965922 -0.258832 1.5848889015845386E-17
vn -0.965922 -0.258832 1.5848889015845386E-17
vn -0.965922 -0.258832 1.5848889015845386E-17
vn 0.258167 -0.9661 -7.799999999994084E-05
vn 0.258159 -0.966102 3.7000000000059155E-05
vn 0.258167 -0.9661 -7.799999999994084E-05
vn 0.258167 -0.9661 -7.799999999994084E-05
vn 0.965974 0.258639 -7.900000000001584E-05
vn 0.965976 0.258633 2.8999999999984164E-05
vn 0.965974 0.258639 -7.900000000001584E-05
vn 0.965974 0.258639 -7.900000000001584E-05
vn -0.258416 0.966034 -7.800000000005916E-05
vn -0.258409 0.966036 1.5999999999940846E-05
vn -0.258416 0.966034 -7.800000000005916E-05
vn -0.258416 0.966034 -7.800000000005916E-05
vn 0.258781 -0.965936 5.914652152905989E-17
vn 0.258781 -0.965936 5.914652152905989E-17
vn 0.258781 -0.965936 5.914652152905989E-17
vn 0.258781 -0.965936 5.914652152905989E-17
vn 0.247977 -0.968766 1.0000000000593198E-06
vn 0.247977 -0.968766 2.0000000000593197E-06
vn 0.247977 -0.968766 1.0000000000593198E-06
vn 0.247976 -0.968766 5.931980905113924E-17
vn -0.965926 -0.25882 1.5848154227765898E-17
vn -0.965926 -0.25882 1.5848154227765898E-17
vn -0.965926 -0.25882 1.5848154227765898E-17
vn -0.965926 -0.25882 1.5848154227765898E-17
vn -0.965926 -0.258819 1.584809299542594E-17
vn -0.965926 -0.258819 1.584809299542594E-17
vn -0.965926 -0.258819 1.584809299542594E-17
vn -0.965926 -0.258819 1.584809299542594E-17
vn -0 -1 6.123233995736766E-17
vn -0 -1 6.123233995736766E-17
vn -0 -1 6.123233995736766E-17
vn -0 -1 6.123233995736766E-17
vn -0.996194 0.087162 -5.33713321536408E-18
vn -0.996194 0.087163 -1.1000000000005338E-05
vn -0.996194 0.087162 -5.33713321536408E-18
vn -0.996194 0.087162 -5.33713321536408E-18
vn 0.79356 -0.608492 3.7259389005338565E-17
vn -0.963402 0.268061 -1.6414002281311932E-17
vn -0.645438 -0.763813 4.677005727985686E-17
vn 0.79356 -0.608492 3.7259389005338565E-17
vn 0.168748 0.95701 -0.23591400000000007
vn 0.168748 0.957011 -0.23591300000000007
vn 0.168748 0.95701 -0.23591400000000007
vn 0.168748 0.95701 -0.23591400000000007
vn -0.956381 0.16863499999999998 -0.238532
vn -0.956382 0.16863199999999998 -0.23853
vn -0.956381 0.16863499999999998 -0.238532
vn -0.95638 0.16863699999999998 -0.238534
vn -0.168748 -0.95701 -0.23591599999999993
vn -0.168749 -0.95701 -0.23591599999999993
vn -0.168748 -0.95701 -0.23591599999999993
vn -0.168748 -0.95701 -0.23591599999999993
vn 0.956381 -0.16863400000000003 -0.238534
vn 0.95638 -0.16863500000000003 -0.238534
vn 0.956381 -0.16863400000000003 -0.238534
vn 0.956381 -0.16863400000000003 -0.238533
vn 0 6.123233995736766E-17 1
vn 0 6.123233995736766E-17 1
vn 0 6.123233995736766E-17 1
vn 0 6.123233995736766E-17 1
vn -0.267694 -0.26768899999999995 0.925572
vn -0.030085 -0.030083999999999937 0.999094
vn -0.030085 -0.030083999999999937 0.999094
vn 0.211083 0.21107900000000004 0.954405
vn -0.372822 0.06573700000000006 0.925572
vn -0.0419 0.007388000000000061 0.999094
vn -0.0419 0.007388000000000061 0.999094
vn 0.29398 -0.051834999999999944 0.954405
vn -0.357154 0.12552200000000005 0.925573
vn -0.040139 0.01410700000000006 0.999095
vn -0.040139 0.01410700000000006 0.999095
vn 0.281626 -0.09897699999999994 0.954406
vn -0.995933 0.016143000000000008 0.08864
vn -0.787061 0.610473 0.08864099999999996
vn -0.610476 -0.787059 0.08864100000000004
vn -0.016152 -0.995933 0.08864100000000005
vn -0.016152 -0.995933 0.08864100000000005
vn -0.610476 -0.787059 0.08864100000000004
vn 0.787056 -0.61048 0.08864600000000004
vn 0.995932 -0.016146999999999995 0.088647
vn 0.995932 -0.016146999999999995 0.088647
vn 0.787056 -0.61048 0.08864600000000004
vn 0.610475 0.787059 0.08864599999999996
vn 0.016143 0.995933 0.08864299999999994
vn 0.016143 0.995933 0.08864299999999994
vn 0.610475 0.787059 0.08864599999999996
vn -0.787061 0.610473 0.08864099999999996
vn -0.995933 0.016143000000000008 0.08864
vn 0 6.123233995736766E-17 1
vn 0 6.123233995736766E-17 1
vn 0 6.123233995736766E-17 1
vn 0 6.123233995736766E-17 1
vn -0.939693 0.342019 -2.094262367987893E-17
vn -0.939693 0.342019 -2.094262367987893E-17
vn -0.939693 0.342019 -2.094262367987893E-17
vn -0.939693 0.342019 -2.094262367987893E-17
vn 0.342019 0.939693 -5.753960123155869E-17
vn 0.342019 0.939693 -5.753960123155869E-17
vn 0.342019 0.939693 -5.753960123155869E-17
vn 0.342019 0.939693 -5.753960123155869E-17
vn 0.939692 -0.342022 2.0942807376898802E-17
vn 0.939692 -0.342022 2.0942807376898802E-17
vn 0.939692 -0.342022 2.0942807376898802E-17
vn 0.939692 -0.342022 2.0942807376898802E-17
vn -0.342021 -0.939692 5.753953999921874E-17
vn -0.342021 -0.939692 5.753953999921874E-17
vn -0.342021 -0.939692 5.753953999921874E-17
vn -0.342021 -0.939692 5.753953999921874E-17
vn 0 6.123233995736766E-17 1
vn 0 6.123233995736766E-17 1
vn 0 6.123233995736766E-17 1
vn 0 6.123233995736766E-17 1
vn -0.087154 0.996195 -6.099935090382987E-17
vn -0.087154 0.996195 -6.099935090382987E-17
vn -0.087154 0.996195 -6.099935090382987E-17
vn -0.087154 0.996195 -6.099935090382987E-17
vn 0.996195 0.087155 -5.336704588984378E-18
vn 0.996195 0.087155 -5.336704588984378E-18
vn 0.996195 0.087155 -5.336704588984378E-18
vn 0.996195 0.087155 -5.336704588984378E-18
vn -0.996195 -0.087154 5.336643356644421E-18
vn -0.996195 -0.087154 5.336643356644421E-18
vn -0.996195 -0.087154 5.336643356644421E-18
vn -0.996195 -0.087154 5.336643356644421E-18
vn 0 6.123233995736766E-17 1
vn 0 6.123233995736766E-17 1
vn 0 6.123233995736766E-17 1
vn 0 6.123233995736766E-17 1
vn 0 6.123233995736766E-17 1
vn 0 6.123233995736766E-17 1
vn 0 6.123233995736766E-17 1
vn 0 6.123233995736766E-17 1
vn 0.422631 -0.906302 5.5494992168042226E-17
vn 0.422631 -0.906302 5.5494992168042226E-17
vn 0.422631 -0.906302 5.5494992168042226E-17
vn 0.422631 -0.906302 5.5494992168042226E-17
vn 0.995981 -0.089569 5.4845194576414636E-18
vn 0.995981 -0.089569 5.4845194576414636E-18
vn 0.995981 -0.089569 5.4845194576414636E-18
vn 0.995981 -0.089569 5.4845194576414636E-18
vn -0.422616 0.906309 -5.549542079442193E-17
vn -0.422616 0.906309 -5.549542079442193E-17
vn -0.422616 0.906309 -5.549542079442193E-17
vn -0.422616 0.906309 -5.549542079442193E-17
vn -0.995984 0.089529 -5.4820701640431695E-18
vn -0.995984 0.089529 -5.4820701640431695E-18
vn -0.995984 0.089529 -5.4820701640431695E-18
vn -0.995984 0.089529 -5.4820701640431695E-18
vn 0.087132 0.996197 -1.0000000000609995E-06
vn 0.087124 0.996198 -1.0000000000609995E-06
vn 0.087132 0.996197 -1.0000000000609995E-06
vn 0.08714 0.996196 -6.099941213616983E-17
vn -0.996194 0.087168 -5.337500609403824E-18
vn -0.996194 0.087168 -5.337500609403824E-18
vn -0.996194 0.087168 -5.337500609403824E-18
vn -0.996194 0.087169 -5.337561841743781E-18
vn 0.996195 -0.087154 5.336643356644421E-18
vn 0.996195 -0.087153 5.336582124304464E-18
vn 0.996195 -0.087154 5.336643356644421E-18
vn 0.996195 -0.087154 5.336643356644421E-18
vn -0.087164 -0.996194 1.0000000000609992E-06
vn -0.087165 -0.996194 6.099928967148992E-17
vn -0.087164 -0.996194 1.0000000000609992E-06
vn -0.087164 -0.996194 1.0000000000609992E-06
vn 0.087153 0.996195 -6.099935090382987E-17
vn 0.087153 0.996195 -6.099935090382987E-17
vn 0.087153 0.996195 -6.099935090382987E-17
vn 0.087153 0.996195 -6.099935090382987E-17
vn 0 6.123233995736766E-17 1
vn 0 6.123233995736766E-17 1
vn 0 6.123233995736766E-17 1
vn 0 6.123233995736766E-17 1
vn 0 6.123233995736766E-17 1
vn 0 6.123233995736766E-17 1
vn 0 6.123233995736766E-17 1
vn 0 6.123233995736766E-17 1
vn -3.2E-05 1 -6.123233995736766E-17
vn -3.2E-05 1 -6.123233995736766E-17
vn -3.2E-05 1 -6.123233995736766E-17
vn -3.2E-05 1 -6.123233995736766E-17
vn -0 6.123233995736766E-17 1
vn -0 6.123233995736766E-17 1
vn -0 6.123233995736766E-17 1
vn -0 6.123233995736766E-17 1
vn 0.258813 -0.965927 2.0000000000591457E-06
vn 0.258819 -0.965926 5.914590920566031E-17
vn 0.258813 -0.965927 2.0000000000591457E-06
vn 0.258813 -0.965927 2.0000000000591457E-06
vn -0.965932 -0.258796 1.584668465160692E-17
vn -0.965932 -0.258795 1.5846623419266964E-17
vn -0.965932 -0.258796 1.584668465160692E-17
vn -0.965932 -0.258796 1.584668465160692E-17
vn 0.239225 -0.892784 -0.38171799999999995
vn 0.23922 -0.892783 -0.38172399999999995
vn 0.239225 -0.892784 -0.38171799999999995
vn 0.239225 -0.892784 -0.38171799999999995
vn -0.894024 -0.23954200000000003 -0.378603
vn -0.894021 -0.23952800000000002 -0.378619
vn -0.894024 -0.23954200000000003 -0.378603
vn -0.894024 -0.23954200000000003 -0.378603
vn 0.965925 0.258822 -1.2000000000015848E-05
vn 0.965932 0.258797 -1.584674588394688E-17
vn 0.965925 0.258822 -1.2000000000015848E-05
vn 0.965925 0.258822 -1.2000000000015848E-05
vn -0.258828 0.965924 -5.91457867409804E-17
vn -0.258829 0.965923 -1.0000000000591457E-06
vn -0.258828 0.965924 -5.91457867409804E-17
vn -0.258828 0.965924 -5.91457867409804E-17
vn 0 6.123233995736766E-17 1
vn 0 6.123233995736766E-17 1
vn 0 6.123233995736766E-17 1
vn 0 6.123233995736766E-17 1
vn -0.609424 -0.792844 4.854769334115921E-17
vn -0.609424 -0.792844 4.854769334115921E-17
vn 0.991847 -0.127438 7.803326939487019E-18
vn 0.991847 -0.127438 7.803326939487019E-18
vn 0.168748 0.957011 -0.23591300000000007
vn 0.16875 0.95701 -0.23591500000000007
vn 0.168748 0.957011 -0.23591300000000007
vn 0.168745 0.957012 -0.23591100000000007
vn -0.956381 0.16863799999999998 -0.238529
vn -0.956382 0.16863699999999998 -0.238528
vn -0.956381 0.16863799999999998 -0.238529
vn -0.956381 0.16863999999999998 -0.23853
vn -0.16875 -0.95701 -0.23591399999999996
vn -0.16875 -0.95701 -0.23591399999999996
vn -0.16875 -0.95701 -0.23591399999999996
vn -0.168749 -0.95701 -0.23591399999999996
vn 0.956381 -0.16863400000000003 -0.238534
vn 0.956381 -0.16863500000000003 -0.238534
vn 0.956381 -0.16863400000000003 -0.238534
vn 0.956381 -0.16863300000000003 -0.238533
vn 0 6.123233995736766E-17 1
vn 0 6.123233995736766E-17 1
vn 0 6.123233995736766E-17 1
vn 0 6.123233995736766E-17 1
vn 0.973112 0.223106 0.05725199999999998
vn 0.288493 0.95521 0.06592299999999994
vn 0.683236 -0.730151 -0.008195999999999955
vn -0.350333 -0.933994 -0.07015799999999994
vn 0.000992 -1 6.123233995736766E-17
vn 0.000345 -1 -0.00017899999999993876
vn 0.000992 -1 6.123233995736766E-17
vn 0.000992 -1 6.123233995736766E-17
vn -0.996195 0.087156 -5.336765821324336E-18
vn -0.996195 0.087156 -5.336765821324336E-18
vn -0.996195 0.087156 -5.336765821324336E-18
vn -0.996195 0.087156 -5.336765821324336E-18
vn 0.996195 -0.087156 5.336765821324336E-18
vn 0.996195 -0.087156 5.336765821324336E-18
vn 0.996195 -0.087156 5.336765821324336E-18
vn 0.996195 -0.087156 5.336765821324336E-18
vn -0.996195 0.087154 -5.336643356644421E-18
vn -0.996195 0.087154 -5.336643356644421E-18
vn -0.996195 0.087154 -5.336643356644421E-18
vn -0.996195 0.087154 -5.336643356644421E-18
vn -0.644657 0.05611300000000005 0.76241
vn -0.644635 0.05661700000000005 0.762391
vn -0.644657 0.05611300000000005 0.76241
vn -0.644657 0.05611300000000005 0.76241
vn -0.086985 -0.99621 6.100026938892924E-17
vn -0.086985 -0.99621 6.100026938892924E-17
vn -0.086985 -0.99621 6.100026938892924E-17
vn -0.086985 -0.99621 6.100026938892924E-17
vn 0 6.123233995736766E-17 1
vn 0 6.123233995736766E-17 1
vn 0 6.123233995736766E-17 1
vn 0 6.123233995736766E-17 1
vn -0.996254 0.086478 0.00016999999999999473
vn -0.996312 0.085807 -5.254163394721846E-18
vn -0.996254 0.086478 0.00016999999999999473
vn -0.996195 0.087148 0.0003409999999999947
vn 0.996195 -0.087155 5.336704588984378E-18
vn 0.996195 -0.087155 5.336704588984378E-18
vn 0.996195 -0.087155 5.336704588984378E-18
vn 0.996195 -0.087155 5.336704588984378E-18
vn 0.087157 0.996195 -6.099935090382987E-17
vn 0.087157 0.996195 -6.099935090382987E-17
vn 0.087157 0.996195 -6.099935090382987E-17
vn 0.087157 0.996195 -6.099935090382987E-17
vn -0.087154 -0.996195 6.099935090382987E-17
vn -0.087155 -0.996195 6.099935090382987E-17
vn -0.087154 -0.996195 6.099935090382987E-17
vn -0.087154 -0.996195 6.099935090382987E-17
vn -0.996195 0.087155 -5.336704588984378E-18
vn -0.996195 0.087155 -5.336704588984378E-18
vn -0.996195 0.087155 -5.336704588984378E-18
vn -0.996195 0.087155 -5.336704588984378E-18
vn -0.087154 -0.996195 6.099935090382987E-17
vn -0.087154 -0.996195 6.099935090382987E-17
vn -0.087154 -0.996195 6.099935090382987E-17
vn -0.087154 -0.996195 6.099935090382987E-17
vn 1E-06 6.123233995736766E-17 1
vn 1E-06 6.123233995736766E-17 1
vn 1E-06 6.123233995736766E-17 1
vn 1E-06 6.123233995736766E-17 1
vn 0.087162 0.996194 -6.099928967148992E-17
vn 0.087162 0.996194 -6.099928967148992E-17
vn 0.087162 0.996194 -6.099928967148992E-17
vn 0.087162 0.996194 -6.099928967148992E-17
vn -0.004652 -0.999989 -0.0009099999999999387
vn -0.004712 -0.999988 -0.0010029999999999388
vn -0.004652 -0.999989 -0.0009099999999999387
vn -0.004652 -0.999989 -0.0009099999999999387
vn -1 0 -0
vn -1 0 -0
vn -1 0 -0
vn -1 0 -0
vn 0.258815 -0.965927 5.914597043800027E-17
vn 0.258815 -0.965927 5.914597043800027E-17
vn 0.258815 -0.965927 5.914597043800027E-17
vn 0.258815 -0.965927 5.914597043800027E-17
vn -1 0 -0
vn -1 1E-06 -6.123233995736766E-23
vn -1 0 -0
vn -1 -6.123233995736766E-23 -1E-06
vn 0.087156 0.996195 -6.099935090382987E-17
vn 0.087156 0.996195 -6.099935090382987E-17
vn 0.087156 0.996195 -6.099935090382987E-17
vn 0.087156 0.996195 -6.099935090382987E-17
vn 0.258055 -0.963086 0.07663200000000006
vn 0.258058 -0.963086 0.07663000000000006
vn 0.258055 -0.963086 0.07663200000000006
vn 0.258052 -0.963087 0.07663400000000005
vn 1 -4E-06 2.4492935982947065E-22
vn 1 -4E-06 2.4492935982947065E-22
vn 1 -4E-06 2.4492935982947065E-22
vn 1 -4E-06 2.4492935982947065E-22
vn 1 -6.7E-05 2.000000000000004E-06
vn 1 -6.7E-05 2.000000000000004E-06
vn 1 -6.7E-05 2.000000000000004E-06
vn 1 -6.7E-05 2.000000000000004E-06
vn -2.4E-05 -1 6.123233995736766E-17
vn -2.4E-05 -1 6.123233995736766E-17
vn -2.4E-05 -1 6.123233995736766E-17
vn -2.4E-05 -1 6.123233995736766E-17
vn 0.965933 0.258791 -1.5846378489907133E-17
vn 0.965933 0.258791 -1.5846378489907133E-17
vn 0.965933 0.258791 -1.5846378489907133E-17
vn 0.965933 0.258791 -1.5846378489907133E-17
vn 0.965915 0.25886 -1.585060352136419E-17
vn 0.965915 0.25886 -1.585060352136419E-17
vn 0.965915 0.25886 -1.585060352136419E-17
vn 0.965915 0.25886 -1.585060352136419E-17
vn 0.979696 -0.200488 1.2276349373372728E-17
vn 0.663495 -0.748181 4.581287334164329E-17
vn 0.965931 0.258799 -1.5846868348626793E-17
vn 0.965931 0.258799 -1.5846868348626793E-17
vn -0.258917 0.9659 -4.000000000059144E-06
vn -0.258919 0.965899 1.999999999940856E-06
vn -0.258917 0.9659 -4.000000000059144E-06
vn -0.258917 0.9659 -4.000000000059144E-06
vn -0.965956 -0.258706 1.0000000000158412E-06
vn -0.965956 -0.258705 -1.9999999999841587E-06
vn -0.965956 -0.258706 1.0000000000158412E-06
vn -0.965956 -0.258706 1.0000000000158412E-06
vn 0.258755 -0.965943 5.914695015543959E-17
vn 0.258758 -0.965942 2.000000000059147E-06
vn 0.258755 -0.965943 5.914695015543959E-17
vn 0.258755 -0.965943 5.914695015543959E-17
vn 0.965917 0.258851 -1.5850052430304578E-17
vn 0.965917 0.258851 -1.5850052430304578E-17
vn 0.965917 0.258851 -1.5850052430304578E-17
vn 0.965917 0.258851 -1.5850052430304578E-17
vn -0.625803 -0.16726499999999994 0.761835
vn -0.625718 -0.16765399999999994 0.76182
vn -0.625803 -0.16726499999999994 0.761835
vn -0.625803 -0.16726499999999994 0.761835
vn -0.72502 -0.19420499999999996 0.66078
vn -0.725024 -0.19417299999999998 0.660785
vn -0.72502 -0.19420499999999996 0.66078
vn -0.72502 -0.19420499999999996 0.66078
vn -0.258815 0.965927 -1.0000000000059147E-05
vn -0.258809 0.965928 -1.5000000000059147E-05
vn -0.258815 0.965927 -1.0000000000059147E-05
vn -0.258815 0.965927 -1.0000000000059147E-05
vn -0.258824 0.965925 2.9999999999408543E-06
vn -0.258822 0.965925 -5.914584797332036E-17
vn -0.258824 0.965925 2.9999999999408543E-06
vn 0.258815 -0.965927 5.914597043800027E-17
vn 0.258815 -0.965927 5.914597043800027E-17
vn 0.258815 -0.965927 5.914597043800027E-17
vn 0.258815 -0.965927 5.914597043800027E-17
vn -0.965928 -0.258811 2.0000000000158475E-06
vn -0.965926 -0.258818 1.5848031763085984E-17
vn -0.965928 -0.258811 2.0000000000158475E-06
vn -0.965928 -0.258811 2.0000000000158475E-06
vn -0.258819 0.965926 -5.914590920566031E-17
vn -0.258819 0.965926 -5.914590920566031E-17
vn -0.258819 0.965926 -5.914590920566031E-17
vn -0.258819 0.965926 -5.914590920566031E-17
vn 0.965926 0.258819 -1.584809299542594E-17
vn 0.965926 0.258819 -1.584809299542594E-17
vn 0.965926 0.258819 -1.584809299542594E-17
vn 0.965926 0.258819 -1.584809299542594E-17
vn 0.002649 0.999996 -6.123209502800783E-17
vn 0.002649 0.999996 -6.123209502800783E-17
vn 0.002649 0.999996 -6.123209502800783E-17
vn 0.002649 0.999996 -6.123209502800783E-17
vn 0.00458 0.0013820000000000611 0.999989
vn 0.004579 0.001380000000000061 0.999989
vn 0.00458 0.0013820000000000611 0.999989
vn 0.00458 0.0013820000000000611 0.999989
vn 6E-06 9.600000000006123E-05 1
vn 2.1E-05 2.1000000000061233E-05 1
vn 6E-06 9.600000000006123E-05 1
vn 6E-06 9.600000000006123E-05 1
vn 0.965895 0.258935 -1.5855195946860996E-17
vn 0.965895 0.258934 -1.585513471452104E-17
vn 0.965895 0.258935 -1.5855195946860996E-17
vn 0.965895 0.258935 -1.5855195946860996E-17
vn -8.8E-05 1 -6.123233995736766E-17
vn -8.8E-05 1 -6.123233995736766E-17
vn -8.8E-05 1 -6.123233995736766E-17
vn -8.9E-05 1 -6.123233995736766E-17
vn -0 -1 6.123233995736766E-17
vn -0 -1 6.123233995736766E-17
vn -0 -1 6.123233995736766E-17
vn -0 -1 6.123233995736766E-17
vn 1E-06 1 -6.123233995736766E-17
vn 1E-06 1 -6.123233995736766E-17
vn 1E-06 1 -6.123233995736766E-17
vn 1E-06 1 -6.123233995736766E-17
vn 0 -1 6.123233995736766E-17
vn 0 -1 6.123233995736766E-17
vn 0 -1 6.123233995736766E-17
vn 0 -1 6.123233995736766E-17
vn -0.087163 -0.996194 6.099928967148992E-17
vn -0.087162 -0.996194 6.099928967148992E-17
vn -0.087163 -0.996194 6.099928967148992E-17
vn -0.087163 -0.996194 6.099928967148992E-17
vn -0.950471 -0.20310500000000004 -0.235273
vn -0.271281 -0.931118 -0.24377299999999993
vn -0.685407 0.728123 0.007343999999999956
vn 0.327367 0.911714 0.24821199999999993
vn 0.67957 -0.733508 -0.012295999999999955
vn 0.963735 0.145563 0.223664
vn -0.271281 -0.931118 -0.24377299999999993
vn -0.950471 -0.20310500000000004 -0.235273
vn -0.99239 0.03563600000000001 0.117866
vn -0.992791 0.029144000000000007 0.116263
vn -0.99239 0.03563600000000001 0.117866
vn -0.991945 0.042126000000000004 0.119463
vn -0.599753 -0.768357 -0.22343799999999994
vn 0.517074 -0.848368 -0.11360499999999994
vn -0.80001 0.599248 0.029747999999999962
vn -0.735045 0.675871 0.05392399999999996
vn 0.886852 0.424019 0.18358099999999997
vn 0.856394 0.480919 0.18790099999999998
vn 0.517074 -0.848368 -0.11360499999999994
vn -0.599753 -0.768357 -0.22343799999999994
vn 0.672965 -0.739015 0.031225000000000044
vn 0.97922 0.202604 -0.008937000000000013
vn -0.298923 -0.953425 0.04030900000000005
vn -0.995962 -0.089699 0.0036030000000000055
vn 0.316348 0.947775 -0.040587000000000054
vn -0.583419 0.811426 -0.03479700000000005
vn 0.97922 0.202604 -0.008937000000000013
vn 0.672965 -0.739015 0.031225000000000044
vn 0.933451 -0.358546 -0.010717999999999978
vn 0.792565 0.607066 0.05754099999999997
vn 0.159739 -0.984699 -0.06965799999999994
vn -0.712106 -0.69918 -0.06365899999999995
vn -0.127883 0.989332 0.06976799999999994
vn -0.965151 0.261682 0.0023119999999999838
vn 0.792565 0.607066 0.05754099999999997
vn 0.933451 -0.358546 -0.010717999999999978
vn -0.556148 -0.40443500000000004 -0.726038
vn 0.068285 -0.68496 -0.725374
vn -0.186249 -0.662661 -0.72539
vn -0.668084 -0.16727300000000006 -0.72504
vn -0.630065 0.28055899999999995 -0.724089
vn -0.556148 -0.40443500000000004 -0.726038
vn -0.668084 -0.16727300000000006 -0.72504
vn -0.478395 0.49481099999999995 -0.725466
vn -0.068796 0.685118 -0.725176
vn -0.630065 0.28055899999999995 -0.724089
vn -0.478395 0.49481099999999995 -0.725466
vn 0.185927 0.662702 -0.725436
vn 0.556007 0.4044829999999999 -0.726119
vn -0.068796 0.685118 -0.725176
vn 0.185927 0.662702 -0.725436
vn 0.667992 0.16730599999999995 -0.725118
vn 0.629794 -0.28041200000000005 -0.724381
vn 0.556007 0.4044829999999999 -0.726119
vn 0.667992 0.16730599999999995 -0.725118
vn 0.477954 -0.49473700000000004 -0.725807
vn 0.068285 -0.68496 -0.725374
vn 0.629794 -0.28041200000000005 -0.724381
vn 0.477954 -0.49473700000000004 -0.725807
vn -0.186249 -0.662661 -0.72539
vn -0.913417 -0.407026 2.492315440348753E-17
vn -0.913417 -0.407026 2.492315440348753E-17
vn -0.913417 -0.407026 2.492315440348753E-17
vn -0.913417 -0.407026 2.492315440348753E-17
vn -2E-06 -9.999999999387675E-07 1
vn -5E-06 6.123233995736766E-17 1
vn -2E-06 -9.999999999387675E-07 1
vn 2E-06 -2.9999999999387676E-06 1
vn 1E-06 -9.999999999387675E-07 1
vn 1E-06 -9.999999999387675E-07 1
vn 1E-06 -9.999999999387675E-07 1
vn 1E-06 6.123233995736766E-17 1
vn -1E-06 -9.999999999387675E-07 1
vn -1E-06 6.123233995736766E-17 1
vn -1E-06 -9.999999999387675E-07 1
vn -1E-06 -9.999999999387675E-07 1
vn 0 6.123233995736766E-17 1
vn 0 6.123233995736766E-17 1
vn 0 6.123233995736766E-17 1
vn 0 6.123233995736766E-17 1
vn -1E-06 -9.999999999387675E-07 1
vn -1E-06 1.0000000000612324E-06 1
vn -1E-06 -9.999999999387675E-07 1
vn -2E-06 -3.999999999938768E-06 1
vn 1E-06 2.0000000000612323E-06 1
vn 1E-06 -3.999999999938768E-06 1
vn 1E-06 2.0000000000612323E-06 1
vn 1E-06 8.000000000061232E-06 1
vn 0.996195 -0.087157 5.336827053664293E-18
vn 0.996195 -0.087157 5.336827053664293E-18
vn 0.996195 -0.087157 5.336827053664293E-18
vn 0.996195 -0.087157 5.336827053664293E-18
vn 0.42476 -0.905306 5.543400475744469E-17
vn 0.42476 -0.905306 5.543400475744469E-17
vn 0.42476 -0.905306 5.543400475744469E-17
vn 0.42476 -0.905306 5.543400475744469E-17
vn -0.57163 -0.820511 5.0241808490759696E-17
vn -0.57163 -0.820511 5.0241808490759696E-17
vn -0.57163 -0.820511 5.0241808490759696E-17
vn -0.57163 -0.820511 5.0241808490759696E-17
vn -0.996195 0.087156 -5.336765821324336E-18
vn -0.996195 0.087156 -5.336765821324336E-18
vn -0.996195 0.087156 -5.336765821324336E-18
vn -0.996195 0.087156 -5.336765821324336E-18
vn -0.424654 0.905356 -5.543706637444256E-17
vn -0.424654 0.905356 -5.543706637444256E-17
vn -0.424654 0.905356 -5.543706637444256E-17
vn -0.424654 0.905356 -5.543706637444256E-17
vn 0.571725 0.820445 -5.023776715632251E-17
vn 0.571725 0.820445 -5.023776715632251E-17
vn 0.571725 0.820445 -5.023776715632251E-17
vn 0.571725 0.820445 -5.023776715632251E-17
vn -0.566904 -0.823784 5.0442221939440156E-17
vn -0.566904 -0.823784 5.0442221939440156E-17
vn -0.566904 -0.823784 5.0442221939440156E-17
vn -0.566904 -0.823784 5.0442221939440156E-17
vn -0.996194 0.087161 -5.337071983024123E-18
vn -0.996193 0.08718 9.999999999946617E-07
vn -0.996194 0.087161 -5.337071983024123E-18
vn -0.996194 0.087161 -5.337071983024123E-18
vn -0.417391 0.908727 9.999999999443565E-07
vn -0.417398 0.908724 -5.564329689541896E-17
vn -0.417391 0.908727 9.999999999443565E-07
vn -0.417391 0.908727 9.999999999443565E-07
vn 0.566746 0.823893 -5.044889626449551E-17
vn 0.566746 0.823893 -5.044889626449551E-17
vn 0.566746 0.823893 -5.044889626449551E-17
vn 0.566746 0.823893 -5.044889626449551E-17
vn 0.996193 -0.087175 5.337929235783526E-18
vn 0.996193 -0.087175 5.337929235783526E-18
vn 0.996193 -0.087175 5.337929235783526E-18
vn 0.996193 -0.087175 5.337929235783526E-18
vn 0.416646 -0.909069 5.566442205270426E-17
vn 0.416646 -0.909069 5.566442205270426E-17
vn 0.416646 -0.909069 5.566442205270426E-17
vn 0.416646 -0.909069 5.566442205270426E-17
vn -0.56691 -0.82378 5.044197701008033E-17
vn -0.56691 -0.82378 5.044197701008033E-17
vn -0.56691 -0.82378 5.044197701008033E-17
vn -0.56691 -0.82378 5.044197701008033E-17
vn -0.996195 0.087156 -5.336765821324336E-18
vn -0.996195 0.087156 -5.336765821324336E-18
vn -0.996195 0.087156 -5.336765821324336E-18
vn -0.996195 0.087156 -5.336765821324336E-18
vn -0.417383 0.908731 -5.564372552179866E-17
vn -0.417382 0.908731 9.999999999443562E-07
vn -0.417383 0.908731 -5.564372552179866E-17
vn -0.417383 0.908731 -5.564372552179866E-17
vn 0.566739 0.823898 9.999999999495507E-07
vn 0.566738 0.823898 -5.04492024261953E-17
vn 0.566739 0.823898 9.999999999495507E-07
vn 0.566739 0.823898 9.999999999495507E-07
vn 0.996195 -0.087156 5.336765821324336E-18
vn 0.996195 -0.087156 5.336765821324336E-18
vn 0.996195 -0.087156 5.336765821324336E-18
vn 0.996195 -0.087156 5.336765821324336E-18
vn 0.416653 -0.909065 5.566417712334443E-17
vn 0.416653 -0.909065 5.566417712334443E-17
vn 0.416653 -0.909065 5.566417712334443E-17
vn 0.416653 -0.909065 5.566417712334443E-17
vn -0.000663 -0.0009679999999999387 0.999999
vn -0.000652 -0.0009369999999999387 0.999999
vn -0.000663 -0.0009679999999999387 0.999999
vn -0.000663 -0.0009679999999999387 0.999999
vn -0.001185 0.00010600000000006123 0.999999
vn -0.001194 0.00010400000000006122 0.999999
vn -0.001185 0.00010600000000006123 0.999999
vn -0.001185 0.00010600000000006123 0.999999
vn -0.000486 0.0010590000000000612 0.999999
vn -0.000495 0.0010690000000000612 0.999999
vn -0.000486 0.0010590000000000612 0.999999
vn -0.000486 0.0010590000000000612 0.999999
vn 0.000665 0.0009670000000000612 0.999999
vn 0.000658 0.0009460000000000613 0.999999
vn 0.000665 0.0009670000000000612 0.999999
vn 0.000665 0.0009670000000000612 0.999999
vn 0.001194 -0.00010399999999993876 0.999999
vn 0.001194 -0.00010399999999993876 0.999999
vn 0.001194 -0.00010399999999993876 0.999999
vn 0.001194 -0.00010399999999993876 0.999999
vn 0.000485 -0.0010569999999999388 0.999999
vn 0.000495 -0.001068999999999939 0.999999
vn 0.000485 -0.0010569999999999388 0.999999
vn 0.000485 -0.0010569999999999388 0.999999
vn -0.574264 -0.81867 5.0129079752898184E-17
vn -0.574264 -0.81867 5.0129079752898184E-17
vn -0.574264 -0.81867 5.0129079752898184E-17
vn -0.574264 -0.81867 5.0129079752898184E-17
vn -0.996196 0.087146 -5.3361534979247625E-18
vn -0.996196 0.087146 -5.3361534979247625E-18
vn -0.996196 0.087146 -5.3361534979247625E-18
vn -0.996196 0.087146 -5.3361534979247625E-18
vn -0.427591 0.903972 -5.535232081594156E-17
vn -0.427591 0.903972 -5.535232081594156E-17
vn -0.427591 0.903972 -5.535232081594156E-17
vn -0.427591 0.903972 -5.535232081594156E-17
vn 0.571631 0.820511 -5.0241808490759696E-17
vn 0.571631 0.820511 -5.0241808490759696E-17
vn 0.571631 0.820511 -5.0241808490759696E-17
vn 0.571631 0.820511 -5.0241808490759696E-17
vn 0.996195 -0.087156 5.336765821324336E-18
vn 0.996195 -0.087156 5.336765821324336E-18
vn 0.996195 -0.087156 5.336765821324336E-18
vn 0.996195 -0.087156 5.336765821324336E-18
vn 0.424656 -0.905355 5.54370051421026E-17
vn 0.424656 -0.905355 5.54370051421026E-17
vn 0.424656 -0.905355 5.54370051421026E-17
vn 0.424656 -0.905355 5.54370051421026E-17
vn -0.79038 0.06916799999999995 -0.6087
vn -0.790356 0.06913999999999995 -0.608734
vn -0.79038 0.06916799999999995 -0.6087
vn -0.79038 0.06916799999999995 -0.6087
vn 0.790377 -0.06916400000000004 -0.608703
vn 0.790364 -0.06914800000000004 -0.608723
vn 0.790377 -0.06916400000000004 -0.608703
vn 0.790377 -0.06916400000000004 -0.608703
vn -0.996195 0.087154 -9.800000000000534E-05
vn -0.996221 0.086853 -0.00015400000000000532
vn -0.996195 0.087154 -9.800000000000534E-05
vn -0.996195 0.087154 -9.800000000000534E-05
vn 0.996195 -0.087155 -9.099999999999466E-05
vn 0.996215 -0.086923 -0.0001339999999999947
vn 0.996195 -0.087155 -9.099999999999466E-05
vn 0.996195 -0.087155 -9.099999999999466E-05
vn -0.571733 -0.82044 5.023746099462272E-17
vn -0.571733 -0.82044 5.023746099462272E-17
vn -0.571733 -0.82044 5.023746099462272E-17
vn -0.571733 -0.82044 5.023746099462272E-17
vn -0.996194 0.087158 -5.336888286004251E-18
vn -0.996194 0.087158 -5.336888286004251E-18
vn -0.996194 0.087158 -5.336888286004251E-18
vn -0.996194 0.087158 -5.336888286004251E-18
vn -0.424756 0.905308 -5.54341272221246E-17
vn -0.424756 0.905308 -5.54341272221246E-17
vn -0.424756 0.905308 -5.54341272221246E-17
vn -0.424756 0.905308 -5.54341272221246E-17
vn 0.571633 0.82051 -5.024174725841974E-17
vn 0.571633 0.82051 -5.024174725841974E-17
vn 0.571633 0.82051 -5.024174725841974E-17
vn 0.571633 0.82051 -5.024174725841974E-17
vn 0.996195 -0.087157 5.336827053664293E-18
vn 0.996195 -0.087157 5.336827053664293E-18
vn 0.996195 -0.087157 5.336827053664293E-18
vn 0.996195 -0.087157 5.336827053664293E-18
vn 0.424662 -0.905352 5.543682144508273E-17
vn 0.424662 -0.905352 5.543682144508273E-17
vn 0.424662 -0.905352 5.543682144508273E-17
vn 0.424662 -0.905352 5.543682144508273E-17
vn -0.944532 0.08263399999999999 -0.317852
vn -0.944534 0.08263799999999999 -0.317846
vn -0.944532 0.08263399999999999 -0.317852
vn -0.944532 0.08263399999999999 -0.317852
vn 0.944533 -0.08263600000000001 -0.31785
vn 0.944534 -0.08263700000000002 -0.317848
vn 0.944533 -0.08263600000000001 -0.31785
vn 0.944533 -0.08263600000000001 -0.31785
vn -0.06535 0.68476 -0.725833
vn -0.629014 0.28048499999999993 -0.725031
vn -0.476112 0.4950669999999999 -0.726792
vn 0.189226 0.662275 -0.724973
vn -0.629014 0.28048499999999993 -0.725031
vn -0.556325 -0.40542800000000007 -0.725349
vn -0.66875 -0.16807000000000005 -0.724241
vn -0.476112 0.4950669999999999 -0.726792
vn -0.556325 -0.40542800000000007 -0.725349
vn 0.069002 -0.683992 -0.726219
vn -0.186188 -0.66358 -0.724565
vn -0.66875 -0.16807000000000005 -0.724241
vn 0.069002 -0.683992 -0.726219
vn 0.629664 -0.27931200000000006 -0.72492
vn 0.478125 -0.49361000000000005 -0.726461
vn -0.186188 -0.66358 -0.724565
vn 0.629664 -0.27931200000000006 -0.72492
vn 0.557893 0.40373299999999995 -0.72509
vn 0.668865 0.16699899999999995 -0.724384
vn 0.478125 -0.49361000000000005 -0.726461
vn 0.557893 0.40373299999999995 -0.72509
vn -0.06535 0.68476 -0.725833
vn 0.189226 0.662275 -0.724973
vn 0.668865 0.16699899999999995 -0.724384
vn 0.110998 0.993408 0.028627999999999938
vn -0.812132 0.582717 0.029703999999999967
vn 0.489705 -0.04232899999999994 0.87086
vn -0.900991 -0.43284 0.02941900000000003
vn 0.489705 -0.04232899999999994 0.87086
vn 0.911164 0.411135 0.027339999999999975
vn 0.489705 -0.04232899999999994 0.87086
vn -0.063165 -0.997608 0.028069000000000063
vn 0.489705 -0.04232899999999994 0.87086
vn 0.825989 -0.563037 0.027066000000000034
vn 0.911164 0.411135 0.027339999999999975
vn 0.489705 -0.04232899999999994 0.87086
vn -0.403655 0.914911 -5.602214138273521E-17
vn -0.403655 0.914911 -5.602214138273521E-17
vn -0.403655 0.914911 -5.602214138273521E-17
vn -0.403655 0.914911 -5.602214138273521E-17
vn -0.996186 0.087261 -5.34319521701986E-18
vn -0.996186 0.087261 -5.34319521701986E-18
vn -0.996186 0.087261 -5.34319521701986E-18
vn -0.996186 0.087261 -5.34319521701986E-18
vn -0.55931 -0.828958 5.075903806637958E-17
vn -0.55931 -0.828958 5.075903806637958E-17
vn -0.55931 -0.828958 5.075903806637958E-17
vn -0.55931 -0.828958 5.075903806637958E-17
vn 0.423888 -0.905715 5.545904878448725E-17
vn 0.423888 -0.905715 5.545904878448725E-17
vn 0.423888 -0.905715 5.545904878448725E-17
vn 0.423888 -0.905715 5.545904878448725E-17
vn 0.996194 -0.087168 5.337500609403824E-18
vn 0.996194 -0.087168 5.337500609403824E-18
vn 0.996194 -0.087168 5.337500609403824E-18
vn 0.996194 -0.087168 5.337500609403824E-18
vn 0.574718 0.818352 -5.010960786879174E-17
vn 0.574718 0.818352 -5.010960786879174E-17
vn 0.574718 0.818352 -5.010960786879174E-17
vn 0.574718 0.818352 -5.010960786879174E-17
vn -0.413169 0.910654 -5.576147531153669E-17
vn -0.413169 0.910654 -5.576147531153669E-17
vn -0.413169 0.910654 -5.576147531153669E-17
vn -0.413169 0.910654 -5.576147531153669E-17
vn -0.996195 0.087155 -5.336704588984378E-18
vn -0.996195 0.087155 -5.336704588984378E-18
vn -0.996195 0.087155 -5.336704588984378E-18
vn -0.996195 0.087155 -5.336704588984378E-18
vn -0.566942 -0.823757 5.044056866626131E-17
vn -0.566942 -0.823757 5.044056866626131E-17
vn -0.566942 -0.823757 5.044056866626131E-17
vn -0.566942 -0.823757 5.044056866626131E-17
vn 0.41716 -0.908833 5.564997122047432E-17
vn 0.41716 -0.908833 5.564997122047432E-17
vn 0.41716 -0.908833 5.564997122047432E-17
vn 0.41716 -0.908833 5.564997122047432E-17
vn 0.996197 -0.087132 5.335296245165359E-18
vn 0.996197 -0.087132 5.335296245165359E-18
vn 0.996197 -0.087132 5.335296245165359E-18
vn 0.996197 -0.087132 5.335296245165359E-18
vn 0.57011 0.821569 -5.030659230643459E-17
vn 0.57011 0.821569 -5.030659230643459E-17
vn 0.57011 0.821569 -5.030659230643459E-17
vn 0.57011 0.821569 -5.030659230643459E-17
vn -0.413308 0.910591 -5.575761767411938E-17
vn -0.413308 0.910591 -5.575761767411938E-17
vn -0.413308 0.910591 -5.575761767411938E-17
vn -0.413308 0.910591 -5.575761767411938E-17
vn -0.996195 0.087156 -5.336765821324336E-18
vn -0.996195 0.087156 -5.336765821324336E-18
vn -0.996195 0.087156 -5.336765821324336E-18
vn -0.996195 0.087156 -5.336765821324336E-18
vn -0.567104 -0.823646 5.0433771876526045E-17
vn -0.567104 -0.823646 5.0433771876526045E-17
vn -0.567104 -0.823646 5.0433771876526045E-17
vn -0.567104 -0.823646 5.0433771876526045E-17
vn 0.417013 -0.908901 5.565413501959142E-17
vn 0.417013 -0.908901 5.565413501959142E-17
vn 0.417013 -0.908901 5.565413501959142E-17
vn 0.417013 -0.908901 5.565413501959142E-17
vn 0.996197 -0.087134 5.335418709845274E-18
vn 0.996197 -0.087134 5.335418709845274E-18
vn 0.996197 -0.087134 5.335418709845274E-18
vn 0.996197 -0.087134 5.335418709845274E-18
vn 0.56995 0.821679 -5.0313327863829906E-17
vn 0.56995 0.821679 -5.0313327863829906E-17
vn 0.56995 0.821679 -5.0313327863829906E-17
vn 0.56995 0.821679 -5.0313327863829906E-17
vn -0.000475 0.001042000000000061 0.999999
vn -0.000477 0.001058000000000061 0.999999
vn -0.000475 0.001042000000000061 0.999999
vn -0.000475 0.001042000000000061 0.999999
vn -0.001194 0.00010400000000006122 0.999999
vn -0.001185 0.00010100000000006123 0.999999
vn -0.001194 0.00010400000000006122 0.999999
vn -0.001194 0.00010400000000006122 0.999999
vn -0.000659 -0.0009589999999999387 0.999999
vn -0.000662 -0.0009609999999999388 0.999999
vn -0.000659 -0.0009589999999999387 0.999999
vn -0.000659 -0.0009589999999999387 0.999999
vn 0.000484 -0.001045999999999939 0.999999
vn 0.000486 -0.001058999999999939 0.999999
vn 0.000484 -0.001045999999999939 0.999999
vn 0.000484 -0.001045999999999939 0.999999
vn 0.001194 -0.00010399999999993876 0.999999
vn 0.001194 -0.00010399999999993876 0.999999
vn 0.001194 -0.00010399999999993876 0.999999
vn 0.001194 -0.00010399999999993876 0.999999
vn 0.000666 0.0009580000000000612 0.999999
vn 0.000662 0.0009540000000000612 0.999999
vn 0.000666 0.0009580000000000612 0.999999
vn 0.000666 0.0009580000000000612 0.999999
vn -0.421822 0.906679 -5.551807676020616E-17
vn -0.421822 0.906679 -5.551807676020616E-17
vn -0.421822 0.906679 -5.551807676020616E-17
vn -0.421822 0.906679 -5.551807676020616E-17
vn -0.996193 0.087173 -5.337806771103611E-18
vn -0.996193 0.087173 -5.337806771103611E-18
vn -0.996193 0.087173 -5.337806771103611E-18
vn -0.996193 0.087173 -5.337806771103611E-18
vn -0.57665 -0.816991 5.0026270654109765E-17
vn -0.57665 -0.816991 5.0026270654109765E-17
vn -0.57665 -0.816991 5.0026270654109765E-17
vn -0.57665 -0.816991 5.0026270654109765E-17
vn 0.42203 -0.906582 5.551213722323028E-17
vn 0.42203 -0.906582 5.551213722323028E-17
vn 0.42203 -0.906582 5.551213722323028E-17
vn 0.42203 -0.906582 5.551213722323028E-17
vn 0.996195 -0.087152 5.336520891964506E-18
vn 0.996195 -0.087152 5.336520891964506E-18
vn 0.996195 -0.087152 5.336520891964506E-18
vn 0.996195 -0.087152 5.336520891964506E-18
vn 0.576825 0.816867 -5.001867784395505E-17
vn 0.576825 0.816867 -5.001867784395505E-17
vn 0.576825 0.816867 -5.001867784395505E-17
vn 0.576825 0.816867 -5.001867784395505E-17
vn -0.906823 0.07935199999999998 -0.413975
vn -0.906836 0.07933699999999998 -0.413949
vn -0.906823 0.07935199999999998 -0.413975
vn -0.906823 0.07935199999999998 -0.413975
vn 0.90686 -0.07933700000000003 -0.413897
vn 0.906874 -0.07932000000000003 -0.413869
vn 0.90686 -0.07933700000000003 -0.413897
vn 0.90686 -0.07933700000000003 -0.413897
vn -0.996168 0.087462 -0.0002570000000000054
vn -0.996195 0.087157 -0.00016400000000000534
vn -0.996168 0.087462 -0.0002570000000000054
vn -0.996168 0.087462 -0.0002570000000000054
vn 0.996176 -0.087371 -0.00021899999999999467
vn 0.996197 -0.087132 -0.00014599999999999466
vn 0.996176 -0.087371 -0.00021899999999999467
vn 0.996176 -0.087371 -0.00021899999999999467
vn -0.996195 0.087155 -5.336704588984378E-18
vn -0.996195 0.087156 -1.0000000000053367E-06
vn -0.996195 0.087155 -5.336704588984378E-18
vn -0.996195 0.087155 -5.336704588984378E-18
vn -0.087151 -0.996195 -1.9999999999390004E-06
vn -0.087146 -0.996196 6.099941213616983E-17
vn -0.087151 -0.996195 -1.9999999999390004E-06
vn -0.087151 -0.996195 -1.9999999999390004E-06
vn -0.996111 0.088105 -5.394875311943878E-18
vn -0.996111 0.088105 -5.394875311943878E-18
vn -0.996111 0.088105 -5.394875311943878E-18
vn -0.996111 0.088105 -5.394875311943878E-18
vn 0.938696 -0.344746 4.000000000002111E-05
vn 0.938722 -0.344675 7.000000000021105E-06
vn 0.938696 -0.344746 4.000000000002111E-05
vn 0.938696 -0.344746 4.000000000002111E-05
vn 0.159313 -0.987228 -0.0008249999999999395
vn 0.157157 -0.987572 -0.0016759999999999395
vn 0.159313 -0.987228 -0.0008249999999999395
vn 0.161467 -0.986878 2.6000000000060426E-05
vn -0.36473 -0.931113 -0.000323999999999943
vn -0.362767 -0.93188 5.706119295947178E-17
vn -0.36473 -0.931113 -0.000323999999999943
vn -0.366692 -0.930342 -0.0006469999999999431
vn -0.000132 0.00015500000000006123 1
vn -0.000302 2.4000000000061234E-05 1
vn 0.314845 -0.02757999999999994 0.948742
vn 3.9E-05 0.00028700000000006124 1
vn -0.08716 -0.996194 6.099928967148992E-17
vn -0.08716 -0.996194 6.099928967148992E-17
vn -0.08716 -0.996194 6.099928967148992E-17
vn -0.08716 -0.996194 6.099928967148992E-17
vn -0.087155 -0.996195 6.099935090382987E-17
vn -0.087155 -0.996195 6.099935090382987E-17
vn -0.087155 -0.996195 6.099935090382987E-17
vn -0.087155 -0.996195 6.099935090382987E-17
vn 0.324016 -0.08078899999999994 0.942596
vn 0.324025 -0.08078599999999994 0.942593
vn 0.324016 -0.08078899999999994 0.942596
vn 0.324006 -0.08079199999999995 0.942599
vn 0.012574 0.999917 -0.002874000000000061
vn 0.025149 0.999684 -6.121299053794113E-17
vn 0.012574 0.999917 -0.002874000000000061
vn -4E-06 0.999983 -0.005747000000000062
vn 0.435964 -1.9999999999448932E-06 0.899964
vn 0.435967 1.0000000000551069E-06 0.899963
vn 0.435964 -1.9999999999448932E-06 0.899964
vn 0.435961 -3.999999999944893E-06 0.899966
vn 0.011077 -0.999935 -0.002875999999999939
vn -2.3E-05 -1 6.123233995736766E-17
vn 0.011077 -0.999935 -0.002875999999999939
vn 0.022175 -0.999738 -0.005751999999999939
vn 0 6.123233995736766E-17 1
vn 0 6.123233995736766E-17 1
vn 0 6.123233995736766E-17 1
vn 0 6.123233995736766E-17 1
vn 1 3E-06 -1.8369701987210298E-22
vn 1 3E-06 -1.8369701987210298E-22
vn 1 3E-06 -1.8369701987210298E-22
vn 1 3E-06 -1.8369701987210298E-22
vn -3.9E-05 -1 6.123233995736766E-17
vn -3.9E-05 -1 6.123233995736766E-17
vn -3.9E-05 -1 6.123233995736766E-17
vn -3.9E-05 -1 6.123233995736766E-17
vn 0.929967 -8.000000000022512E-06 -0.367644
vn 0.929972 1.999999999977489E-06 -0.36763
vn 0.929967 -8.000000000022512E-06 -0.367644
vn 0.929967 -8.000000000022512E-06 -0.367644
vn 4E-06 -0.919926 -0.39209199999999994
vn -3.6E-05 -0.919904 -0.39214299999999996
vn 4E-06 -0.919926 -0.39209199999999994
vn 4E-06 -0.919926 -0.39209199999999994
vn 0 1 -6.123233995736766E-17
vn 0 1 -6.123233995736766E-17
vn 0 1 -6.123233995736766E-17
vn 0 1 -6.123233995736766E-17
vn -1 -5E-06 3.061616997868383E-22
vn -1 1.8369701987210298E-22 3E-06
vn -1 -5E-06 3.061616997868383E-22
vn -1 -5E-06 3.061616997868383E-22
vn 0 -1 6.123233995736766E-17
vn 0 -1 6.123233995736766E-17
vn 0 -1 6.123233995736766E-17
vn 0 -1 6.123233995736766E-17
vn -0.999981 0.006149 -3.765176583978537E-19
vn -0.999981 0.006149 -3.765176583978537E-19
vn -0.999981 0.006149 -3.765176583978537E-19
vn -0.999981 0.006149 -3.765176583978537E-19
vn -0.139174 -0.990268 1.0000000000606363E-06
vn -0.13917 -0.990269 -1.9999999999393634E-06
vn -0.139174 -0.990268 1.0000000000606363E-06
vn -0.139174 -0.990268 1.0000000000606363E-06
vn 0 6.123233995736766E-17 1
vn 0 6.123233995736766E-17 1
vn 0 6.123233995736766E-17 1
vn 0 6.123233995736766E-17 1
vn -1E-06 -9.999999999387675E-07 1
vn -0 6.123233995736766E-17 1
vn -1E-06 -9.999999999387675E-07 1
vn -1E-06 -9.999999999387675E-07 1
vn -0.142535 -0.982893 -0.11664499999999994
vn 0.959981 0.278712 0.027495999999999982
vn 0.783894 -0.615962 -0.07811299999999996
vn -0.922815 -0.383097 -0.04061899999999998
vn -0.797015 0.599196 0.07570599999999995
vn -0.142535 -0.982893 -0.11664499999999994
vn -0.922815 -0.383097 -0.04061899999999998
vn 0.242684 0.96347 0.11326899999999994
vn -0.140841 -0.986822 -0.07966499999999994
vn 0.960523 0.278195 -0.001707000000000017
vn 0.784511 -0.615884 -0.07231099999999996
vn -0.923203 -0.384214 -0.008680999999999975
vn -0.795737 0.601482 0.07086699999999996
vn -0.140841 -0.986822 -0.07966499999999994
vn -0.923203 -0.384214 -0.008680999999999975
vn 0.245797 0.966438 0.07470799999999994
vn -0.984434 0.175752 -7.100000000001077E-05
vn -0.984433 0.17576 2.499999999998924E-05
vn -0.984434 0.175752 -7.100000000001077E-05
vn -0.984434 0.175752 -7.100000000001077E-05
vn -0.988524 0.151064 -9.250002203319788E-18
vn -0.988524 0.151064 -9.250002203319788E-18
vn -0.988524 0.151064 -9.250002203319788E-18
vn -0.988524 0.151064 -9.250002203319788E-18
vn 0.171844 0.974571 0.14380799999999994
vn -0.00299 0.15753100000000006 0.98751
vn 0.139411 0.790639 0.5962
vn 0.17184 0.974571 0.14381699999999994
vn -0.172465 -0.978116 0.11638200000000005
vn -0.022929 -0.13006199999999996 0.991241
vn -0.141073 -0.800073 0.583079
vn -0.172472 -0.978117 0.11636800000000005
vn 0.173648 0.984808 -6.030209824873533E-17
vn 0.173648 0.984808 -6.030209824873533E-17
vn 0.173648 0.984808 -6.030209824873533E-17
vn 0.173648 0.984808 -6.030209824873533E-17
vn 0.984772 -0.173853 1.064542599860824E-17
vn 0.984811 -0.173629 3.8000000000010634E-05
vn 0.984772 -0.173853 1.064542599860824E-17
vn 0.984772 -0.173853 1.064542599860824E-17
vn -0.984805 0.173662 4.799999999998937E-05
vn -0.984765 0.173893 4.999999999989352E-06
vn -0.984805 0.173662 4.799999999998937E-05
vn -0.984805 0.173662 4.799999999998937E-05
vn 0.080806 0.4582800000000001 0.885127
vn 0.080807 0.45827600000000007 0.885129
vn 0.080806 0.4582800000000001 0.885127
vn 0.080806 0.4582840000000001 0.885125
vn -0.377178 -0.926141 -0.0005649999999999433
vn -0.377754 -0.925906 -0.0001389999999999433
vn -0.377754 -0.925906 -0.0001389999999999433
vn -0.377754 -0.925906 -0.0001389999999999433
vn 0.316237 -0.94868 5.808989627075555E-17
vn 0.948686 0.31622 -1.9362890541318802E-17
vn 0.948687 -0.316218 1.9362768076638888E-17
vn -0.316237 -0.94868 5.808989627075555E-17
vn -0.948687 -0.316218 1.9362768076638888E-17
vn 0.316237 -0.94868 5.808989627075555E-17
vn -0.316237 -0.94868 5.808989627075555E-17
vn -0.948686 0.31622 -1.9362890541318802E-17
vn 0.669659 -0.507174 -0.542522
vn 0.832147 0.11489499999999997 -0.542522
vn 0.832146 -0.11489600000000003 -0.542524
vn 0.507173 -0.66966 -0.542522
vn 0.114897 -0.832146 -0.542523
vn 0.669659 -0.507174 -0.542522
vn -0.114895 -0.832147 -0.542523
vn -0.507174 -0.66966 -0.542521
vn 0.114897 -0.832146 -0.542523
vn -0.669662 -0.507174 -0.54252
vn -0.832147 -0.11489600000000003 -0.542522
vn -0.507174 -0.66966 -0.542521
vn -0.832147 0.11489499999999997 -0.542523
vn -0.66966 0.507175 -0.542521
vn -0.832147 -0.11489600000000003 -0.542522
vn -0.507174 0.669661 -0.542521
vn -0.114897 0.832146 -0.542523
vn -0.66966 0.507175 -0.542521
vn 0.114895 0.832146 -0.542524
vn 0.507174 0.66966 -0.542522
vn -0.114897 0.832146 -0.542523
vn 0.669661 0.507173 -0.542521
vn 0.832147 0.11489499999999997 -0.542522
vn 0.507174 0.66966 -0.542522
vn 0.832146 -0.11489600000000003 -0.542524
vn -1 -0.000598 3.6616939294505863E-20
vn -1 -0.000598 3.6616939294505863E-20
vn -1 -0.000598 3.6616939294505863E-20
vn -1 -0.000598 3.6616939294505863E-20
vn -1 -4E-06 2.4492935982947065E-22
vn -1 -4E-06 2.4492935982947065E-22
vn -1 -4E-06 2.4492935982947065E-22
vn -1 -4E-06 2.4492935982947065E-22
vn -3E-06 -1 6.123233995736766E-17
vn -3E-06 -1 6.123233995736766E-17
vn -3E-06 -1 6.123233995736766E-17
vn -3E-06 -1 6.123233995736766E-17
vn 3E-06 1 -6.123233995736766E-17
vn 3E-06 1 -6.123233995736766E-17
vn 3E-06 1 -6.123233995736766E-17
vn 3E-06 1 -6.123233995736766E-17
vn 1 -1.8369701987210298E-22 -3E-06
vn 1 5E-06 -3.061616997868383E-22
vn 1 -1.8369701987210298E-22 -3E-06
vn 1 -1.8369701987210298E-22 -3E-06
vn 2E-06 0.555398 0.831585
vn 0 0.555397 0.831585
vn 2E-06 0.555398 0.831585
vn 2E-06 0.555398 0.831585
vn -1 0 0
vn -1 0 0
vn -1 0 0
vn -1 0 0
vn -1E-06 -1 6.123233995736766E-17
vn -1E-06 -1 6.123233995736766E-17
vn -1E-06 -1 6.123233995736766E-17
vn -1E-06 -1 6.123233995736766E-17
vn -1 -1E-06 1E-06
vn -1 0 0
vn -1 -1E-06 1E-06
vn -1 -1E-06 1E-06
vn -0.000241 1 -6.123233995736766E-17
vn -0.00024 1 -1.0000000000612324E-06
vn -0.000241 1 -6.123233995736766E-17
vn -0.000241 1 -6.123233995736766E-17
vn -1 6E-06 -3.6739403974420597E-22
vn -1 6E-06 -3.6739403974420597E-22
vn -1 6E-06 -3.6739403974420597E-22
vn -1 6E-06 -3.6739403974420597E-22
vn 0 6.123233995736766E-17 1
vn 0 6.123233995736766E-17 1
vn 0 6.123233995736766E-17 1
vn 0 6.123233995736766E-17 1
vn 0 6.123233995736766E-17 1
vn 0 6.123233995736766E-17 1
vn 0 6.123233995736766E-17 1
vn 0 6.123233995736766E-17 1
vn 0 6.123233995736766E-17 1
vn 0 6.123233995736766E-17 1
vn 0 6.123233995736766E-17 1
vn 0 6.123233995736766E-17 1
vn 1 0 0
vn 1 0 0
vn 1 0 0
vn 1 0 0
vn -6E-06 -1 6.123233995736766E-17
vn -6E-06 -1 6.123233995736766E-17
vn -6E-06 -1 6.123233995736766E-17
vn -6E-06 -1 6.123233995736766E-17
vn 2E-06 1 -6.123233995736766E-17
vn 2E-06 1 -6.123233995736766E-17
vn 2E-06 1 -6.123233995736766E-17
vn 2E-06 1 -6.123233995736766E-17
vn 1.8E-05 -1 6.123233995736766E-17
vn 1.8E-05 -1 6.123233995736766E-17
vn 1.8E-05 -1 6.123233995736766E-17
vn 1.8E-05 -1 6.123233995736766E-17
vn 7E-06 -0.3933249999999999 0.9194
vn -0 -0.3933249999999999 0.919399
vn 7E-06 -0.3933249999999999 0.9194
vn 7E-06 -0.3933249999999999 0.9194
vn -2E-06 -0.36992099999999994 0.929063
vn -0 -0.36992099999999994 0.929063
vn -2E-06 -0.36992099999999994 0.929063
vn -2E-06 -0.36992099999999994 0.929063
vn -0 0.13352000000000006 0.991046
vn -0 0.13352000000000006 0.991046
vn -0 0.13352000000000006 0.991046
vn -0 0.13352000000000006 0.991046
vn 0 0.13352000000000006 0.991046
vn 0 0.13352000000000006 0.991046
vn 0 0.13352000000000006 0.991046
vn 0 0.13352000000000006 0.991046
vn -1E-06 0.39267500000000005 0.919677
vn 1E-06 0.39267500000000005 0.919677
vn -1E-06 0.39267500000000005 0.919677
vn -1E-06 0.39267500000000005 0.919677
vn -0 -0.13352699999999995 0.991045
vn 0 -0.13352699999999995 0.991045
vn -0 -0.13352699999999995 0.991045
vn -0 -0.13352699999999995 0.991045
vn -0 -0.13352699999999995 0.991045
vn -0 -0.13352699999999995 0.991045
vn -0 -0.13352699999999995 0.991045
vn -0 -0.13352699999999995 0.991045
vn -0 -1 6.123233995736766E-17
vn -0 -1 6.123233995736766E-17
vn -0 -1 6.123233995736766E-17
vn -0 -1 6.123233995736766E-17
vn 4E-06 1 -6.123233995736766E-17
vn 4E-06 1 -6.123233995736766E-17
vn 4E-06 1 -6.123233995736766E-17
vn 4E-06 1 -6.123233995736766E-17
vn 1 -0.00010700000000000001 -0.000133
vn 1 -0.000213 1.3042488410919311E-20
vn 1 -0.00010700000000000001 -0.000133
vn 1 -1.0000000000000163E-06 -0.000266
vn -1 0 -0
vn -1 0 -0
vn -1 0 -0
vn -1 1E-06 -6.123233995736766E-23
vn -0.000101 -1 5.200000000006123E-05
vn -0 -1 0.00010300000000006123
vn -0.000101 -1 5.200000000006123E-05
vn -0.000202 -1 6.123233995736766E-17
vn 0.708344 0.684595 -0.17198400000000005
vn -0.227139 0.972436 -0.05268700000000006
vn 0.951686 -0.281592 -0.12247099999999998
vn 0.325941 -0.944763 0.03443200000000005
vn -0.945732 0.302279 0.11923999999999998
vn -0.641628 -0.748623 0.16696700000000006
vn -0.227139 0.972436 -0.05268700000000006
vn 0.708344 0.684595 -0.17198400000000005
vn -0.258818 0.965926 -5.914590920566031E-17
vn -0.258818 0.965926 -5.914590920566031E-17
vn -0.258818 0.965926 -5.914590920566031E-17
vn -0.258818 0.965926 -5.914590920566031E-17
vn 0.965926 0.258818 -1.5848031763085984E-17
vn 0.965926 0.258818 -1.5848031763085984E-17
vn 0.965926 0.258818 -1.5848031763085984E-17
vn 0.965926 0.258818 -1.5848031763085984E-17
vn 0.966801 0.255523 0.0021219999999999846
vn 0.96642 0.256934 0.004213999999999984
vn 0.966801 0.255523 0.0021219999999999846
vn 0.967175 0.254111 2.8999999999984442E-05
vn -0.966792 -0.255555 -0.0021819999999999843
vn -0.966395 -0.257025 -0.004363999999999984
vn -0.966792 -0.255555 -0.0021819999999999843
vn -0.967183 -0.254082 1.555803540104789E-17
vn 0.061558 -0.22884199999999993 0.971515
vn 0.061208 -0.22839299999999996 0.971643
vn 0.061558 -0.22884199999999993 0.971515
vn 0.061558 -0.22884199999999993 0.971515
vn 0.234776 -0.876114 0.42107600000000006
vn 0.234785 -0.876113 0.42107200000000006
vn 0.234776 -0.876114 0.42107600000000006
vn 0.234767 -0.876114 0.42108100000000004
vn 0.25882 -0.965925 5.914584797332036E-17
vn 0.25882 -0.965925 5.914584797332036E-17
vn 0.25882 -0.965925 5.914584797332036E-17
vn 0.25882 -0.965925 5.914584797332036E-17
vn 0.964562 0.263856 -1.61565202917912E-17
vn 0.964562 0.263856 -1.61565202917912E-17
vn 0.964562 0.263856 -1.61565202917912E-17
vn 0.964562 0.263856 -1.61565202917912E-17
vn 0.126519 -0.47217699999999996 0.872377
vn 0.126519 -0.47217699999999996 0.872377
vn 0.126519 -0.47217699999999996 0.872377
vn 0.126519 -0.47217699999999996 0.872377
vn -0.96657 -0.256403 1.570015566208894E-17
vn -0.96657 -0.256403 1.570015566208894E-17
vn -0.96657 -0.256403 1.570015566208894E-17
vn -0.96657 -0.256403 1.570015566208894E-17
vn 0.964652 0.258477 0.05133799999999999
vn 0.964652 0.258476 0.05133699999999999
vn 0.964652 0.258477 0.05133799999999999
vn 0.964652 0.258477 0.05133799999999999
vn -0.258059 0.963086 0.07662099999999994
vn -0.258052 0.963088 0.07661599999999995
vn -0.258059 0.963086 0.07662099999999994
vn -0.258067 0.963084 0.07662699999999995
vn -0 6.123233995736766E-17 1
vn -0 6.123233995736766E-17 1
vn -0 6.123233995736766E-17 1
vn -0 6.123233995736766E-17 1
vn -0.04934 -0.980372 0.19088100000000005
vn 0.613469 -0.788614 0.04175400000000005
vn -0.820272 -0.520144 0.23791400000000001
vn -0.985988 0.043633000000000005 0.161008
vn 0.047773 0.980981 -0.18813300000000005
vn -0.611966 0.789896 -0.039531000000000045
vn 0.819018 0.522916 -0.23615200000000003
vn 0.985962 -0.041343000000000005 -0.161771
vn -1 -0.00084 5.1435165564188836E-20
vn -1 -0.000839 5.137393322423147E-20
vn -1 -0.00084 5.1435165564188836E-20
vn -1 -0.000841 1.0000000000000514E-06
vn -0 6.123233995736766E-17 1
vn 0 6.123233995736766E-17 1
vn -0 6.123233995736766E-17 1
vn -0 6.123233995736766E-17 1
vn -0.906308 -0.422618 2.5877889048102807E-17
vn -0.906308 -0.422618 2.5877889048102807E-17
vn -0.906308 -0.422618 2.5877889048102807E-17
vn -0.906308 -0.422618 2.5877889048102807E-17
vn 0.965926 0.258819 -1.584809299542594E-17
vn 0.965926 0.258819 -1.584809299542594E-17
vn 0.965926 0.258819 -1.584809299542594E-17
vn 0.965926 0.258819 -1.584809299542594E-17
vn -0.965926 -0.258819 1.584809299542594E-17
vn -0.965926 -0.258819 1.584809299542594E-17
vn -0.965926 -0.258819 1.584809299542594E-17
vn -0.965926 -0.258819 1.584809299542594E-17
vn -0.698887 0.69849 -0.15384500000000007
vn -0.698891 0.698486 -0.15384600000000007
vn -0.698887 0.69849 -0.15384500000000007
vn -0.698884 0.698494 -0.15384500000000007
vn -0.698997 0.698377 -0.15385800000000005
vn -0.699011 0.698363 -0.15386000000000005
vn -0.698997 0.698377 -0.15385800000000005
vn -0.698983 0.698391 -0.15385600000000005
vn -0.258826 0.965924 -5.91457867409804E-17
vn -0.258826 0.965924 -5.91457867409804E-17
vn -0.258826 0.965924 -5.91457867409804E-17
vn -0.258826 0.965924 -5.91457867409804E-17
vn 0.330224 0.08848200000000006 0.939746
vn 0.330809 0.08845400000000006 0.939543
vn 0.330224 0.08848200000000006 0.939746
vn 0.330224 0.08848200000000006 0.939746
vn 0.965927 0.258816 -1.5847909298406067E-17
vn 0.965927 0.258816 -1.5847909298406067E-17
vn 0.965927 0.258816 -1.5847909298406067E-17
vn 0.965927 0.258816 -1.5847909298406067E-17
vn -0.965934 -0.25879 1.584631725756718E-17
vn -0.965929 -0.258807 -3.899999999998415E-05
vn -0.965934 -0.25879 1.584631725756718E-17
vn -0.965934 -0.25879 1.584631725756718E-17
vn 0.088555 -0.33042699999999997 0.939668
vn 0.088544 -0.32975199999999993 0.939906
vn 0.088555 -0.33042699999999997 0.939668
vn 0.088555 -0.33042699999999997 0.939668
vn 0.258867 -0.965913 5.914511318524087E-17
vn 0.258867 -0.965913 5.914511318524087E-17
vn 0.258867 -0.965913 5.914511318524087E-17
vn 0.258867 -0.965913 5.914511318524087E-17
vn 0.258819 -0.965926 5.914590920566031E-17
vn 0.258819 -0.965926 5.914590920566031E-17
vn 0.258819 -0.965926 5.914590920566031E-17
vn 0.258819 -0.965926 5.914590920566031E-17
vn -0.25899 0.96588 1.9999999999408567E-06
vn -0.258986 0.965881 -5.914315375036223E-17
vn -0.25899 0.96588 1.9999999999408567E-06
vn -0.258994 0.965879 3.999999999940857E-06
vn -0.965933 -0.258792 -7.699999999998416E-05
vn -0.965935 -0.258785 3.8000000000015845E-05
vn -0.965933 -0.258792 -7.699999999998416E-05
vn -0.965933 -0.258792 -7.699999999998416E-05
vn 0.382654 0.10252700000000005 0.918185
vn 0.382643 0.10252900000000005 0.91819
vn 0.382654 0.10252700000000005 0.918185
vn 0.382654 0.10252700000000005 0.918185
vn 0.221066 0.967731 -0.12093700000000006
vn -0.665198 0.72768 -0.16731400000000005
vn 0.966757 -0.225111 0.12126900000000002
vn 0.967825 -0.220667 0.12091900000000001
vn -0.724459 -0.688499 0.03360000000000004
vn -0.722271 -0.69076 0.03427600000000004
vn -0.665198 0.72768 -0.16731400000000005
vn 0.221066 0.967731 -0.12093700000000006
vn -0.981508 0.190682 0.01681499999999999
vn -0.774921 -0.615058 0.14560600000000004
vn 0.215263 0.958595 -0.18643200000000004
vn 0.115267 0.976797 -0.18050000000000005
vn 0.999985 0.003942 -0.0039060000000000006
vn 0.999968 0.0011539999999999996 -0.007934
vn 0.999985 0.003942 -0.0039060000000000006
vn 0.999977 0.00673 0.0001209999999999996
vn -0.999985 -0.0038919999999999996 0.003945
vn -0.999968 -0.0011609999999999995 0.007891
vn -0.999985 -0.0038919999999999996 0.003945
vn -0.999978 -0.006624 4.0560301987760338E-19
vn 0.000297 -0.23697999999999994 0.971515
vn 1.4E-05 -0.23644999999999994 0.971644
vn 0.000297 -0.23697999999999994 0.971515
vn 0.000297 -0.23697999999999994 0.971515
vn -0.427976 0.903781 0.004165999999999945
vn -0.432202 0.901777 0.0001839999999999448
vn -0.427976 0.903781 0.004165999999999945
vn -0.423734 0.90575 0.008147999999999945
vn -0.422156 0.906523 0.00016899999999994448
vn -0.42205 0.906573 0.00033799999999994446
vn -0.422156 0.906523 0.00016899999999994448
vn -0.422262 0.906474 -5.550552413051489E-17
vn -0.214651 -0.10041899999999994 0.971515
vn -0.214293 -0.09994199999999995 0.971643
vn -0.214651 -0.10041899999999994 0.971515
vn -0.214651 -0.10041899999999994 0.971515
vn 0.965956 0.258706 1.9999999999841587E-06
vn 0.965956 0.258705 -1.0000000000158412E-06
vn 0.965956 0.258706 1.9999999999841587E-06
vn 0.965956 0.258706 1.9999999999841587E-06
vn 0.258917 -0.9659 4.000000000059144E-06
vn 0.258918 -0.965899 5.914425593248146E-17
vn 0.258917 -0.9659 4.000000000059144E-06
vn 0.258917 -0.9659 4.000000000059144E-06
vn -0.258815 0.965927 -5.914597043800027E-17
vn -0.258815 0.965927 -5.914597043800027E-17
vn -0.258815 0.965927 -5.914597043800027E-17
vn -0.258815 0.965927 -5.914597043800027E-17
vn -0.9692 -0.24626 -0.0028739999999999846
vn -0.97232 -0.233653 1.4307119928058825E-17
vn -0.9692 -0.24626 -0.0028739999999999846
vn -0.965908 -0.258823 -0.005746999999999985
vn -0.120728 0.4505700000000001 0.88454
vn -0.120732 0.45057300000000006 0.884538
vn -0.120728 0.4505700000000001 0.88454
vn -0.120725 0.4505680000000001 0.884542
vn 0.962899 0.269848 -0.0028750000000000164
vn 0.96593 0.258804 -1.5847174510326578E-17
vn 0.962899 0.269848 -0.0028750000000000164
vn 0.959733 0.280855 -0.005749000000000017
vn 0.103385 -0.38584399999999996 0.916753
vn 0.103385 -0.38584399999999996 0.916753
vn 0.103385 -0.38584399999999996 0.916753
vn 0.103385 -0.38584399999999996 0.916753
vn 0 1 -6.123233995736766E-17
vn -0 1 -6.123233995736766E-17
vn 0 1 -6.123233995736766E-17
vn 1E-06 1 -6.123233995736766E-17
vn -8E-05 -1 2.5000000000061235E-05
vn -0 -1 6.123233995736766E-17
vn -8E-05 -1 2.5000000000061235E-05
vn -0.00016 -1 5.000000000006123E-05
vn -0.351114 5.733386056930193E-17 0.936333
vn -0.351113 5.733386056930193E-17 0.936333
vn -0.351114 5.733386056930193E-17 0.936333
vn -0.351114 5.733386056930193E-17 0.936333
vn -0.965926 -0.258819 1.584809299542594E-17
vn -0.965926 -0.258819 1.584809299542594E-17
vn -0.965926 -0.258819 1.584809299542594E-17
vn -0.965926 -0.258819 1.584809299542594E-17
vn -1E-06 1 -1.0000000000612324E-06
vn -2E-06 1 -2.0000000000612323E-06
vn -1E-06 1 -1.0000000000612324E-06
vn 0 1 -6.123233995736766E-17
vn 0.466798 -0.813179 -0.34761999999999993
vn 0.738934 -0.66516 -0.10741899999999996
vn -0.665152 -0.738954 -0.10732899999999995
vn -0.813296 -0.466862 -0.34725899999999993
vn -0.395106 -0.918636 5.62502318490764E-17
vn 0.91864 -0.395096 2.4192652587796134E-17
vn 0.497847 -0.867265 5.310466531312646E-17
vn -0.867264 -0.497849 3.048445921543553E-17
vn 0.996195 -0.087156 5.336765821324336E-18
vn 0.996195 -0.087156 5.336765821324336E-18
vn 0.996195 -0.087156 5.336765821324336E-18
vn 0.996195 -0.087156 5.336765821324336E-18
vn 0.996195 -0.087155 5.336704588984378E-18
vn 0.996195 -0.087155 5.336704588984378E-18
vn 0.996195 -0.087155 5.336704588984378E-18
vn 0.996195 -0.087155 5.336704588984378E-18
vn 0.03451 0.39444500000000005 0.918271
vn 0.034511 0.3944460000000001 0.918271
vn 0.03451 0.39444500000000005 0.918271
vn 0.03451 0.39444500000000005 0.918271
vn 0.902862 -0.07897899999999997 0.422614
vn 0.902866 -0.07896699999999997 0.422608
vn 0.902862 -0.07897899999999997 0.422614
vn 0.902858 -0.07898999999999998 0.42262
vn 0.087132 0.996197 -6.099947336850979E-17
vn 0.087132 0.996197 -6.099947336850979E-17
vn 0.087132 0.996197 -6.099947336850979E-17
vn 0.087132 0.996197 -6.099947336850979E-17
vn 0.483982 -0.04234199999999994 0.874053
vn 0.483978 -0.04234299999999994 0.874055
vn 0.483982 -0.04234199999999994 0.874053
vn 0.483987 -0.04234099999999994 0.87405
vn -0.087149 -0.996195 6.099935090382987E-17
vn -0.087149 -0.996195 6.099935090382987E-17
vn -0.087149 -0.996195 6.099935090382987E-17
vn -0.087149 -0.996195 6.099935090382987E-17
vn -0.98584 0.08625000000000001 0.143808
vn -0.174557 0.015272000000000062 0.984529
vn -0.799781 0.06997200000000005 0.5962
vn -0.98584 0.08624900000000002 0.143809
vn 0.989426 -0.08656499999999999 0.116378
vn 0.174468 -0.015256999999999939 0.984545
vn 0.813173 -0.07114699999999996 0.577657
vn 0.989427 -0.08657999999999999 0.116352
vn -0.996195 0.087154 -5.336643356644421E-18
vn -0.996195 0.087154 -5.336643356644421E-18
vn -0.996195 0.087154 -5.336643356644421E-18
vn -0.996195 0.087154 -5.336643356644421E-18
vn 0 1.0000000000612324E-06 1
vn 0 1.0000000000612324E-06 1
vn 0 1.0000000000612324E-06 1
vn 0 1.0000000000612324E-06 1
vn 0.984367 0.173784 0.02863899999999999
vn 0.341799 0.93934 0.028517999999999943
vn -0.001374 0.004313000000000062 0.99999
vn -0.642468 0.765792 0.02823799999999995
vn -0.001374 0.004313000000000062 0.99999
vn 0.64258 -0.765687 0.02855100000000005
vn -0.001374 0.004313000000000062 0.99999
vn -0.984449 -0.173411 0.02807500000000001
vn -0.001374 0.004313000000000062 0.99999
vn -0.342016 -0.939269 0.02826800000000006
vn 0.64258 -0.765687 0.02855100000000005
vn -0.001374 0.004313000000000062 0.99999
vn 0 6.123233995736766E-17 1
vn 9E-06 5.000000000061232E-06 1
vn 0 6.123233995736766E-17 1
vn 0 6.123233995736766E-17 1
vn -8E-06 4.000000000061232E-06 1
vn 0 6.123233995736766E-17 1
vn -8E-06 4.000000000061232E-06 1
vn -8E-06 4.000000000061232E-06 1
vn 0 -8.999999999938768E-06 1
vn -0 1.0000000000061233E-05 1
vn 0 -8.999999999938768E-06 1
vn 0 -8.999999999938768E-06 1
vn -1E-06 9.000000000061232E-06 1
vn -1E-06 -9.999999999387675E-07 1
vn -1E-06 9.000000000061232E-06 1
vn -1E-06 9.000000000061232E-06 1
vn -0.938791 0.344488 -8.000000000021094E-06
vn -0.93879 0.34449 -1.6000000000021094E-05
vn -0.938791 0.344488 -8.000000000021094E-06
vn -0.938791 0.344487 -2.1093745094893713E-17
vn -0.766244 -0.64255 3.9344840039606585E-17
vn -0.766244 -0.64255 3.9344840039606585E-17
vn -0.766244 -0.64255 3.9344840039606585E-17
vn -0.766244 -0.64255 3.9344840039606585E-17
vn 0.160661 -0.98701 6.043693186132146E-17
vn 0.160661 -0.98701 6.043693186132146E-17
vn 0.160661 -0.98701 6.043693186132146E-17
vn 0.160661 -0.98701 6.043693186132146E-17
vn 0.939245 -0.343247 2.101781699334658E-17
vn 0.939245 -0.343247 2.101781699334658E-17
vn 0.939245 -0.343247 2.101781699334658E-17
vn 0.939245 -0.343247 2.101781699334658E-17
vn 0.766514 0.642227 -5.000000000039326E-06
vn 0.766514 0.642228 -3.932512322614032E-17
vn 0.766514 0.642227 -5.000000000039326E-06
vn 0.766515 0.642226 -1.1000000000039324E-05
vn -0.161531 0.986868 -1.0000000000604281E-06
vn -0.16153 0.986868 -1.000000000006043E-05
vn -0.161531 0.986868 -1.0000000000604281E-06
vn -0.161533 0.986867 6.999999999939572E-06
vn -0.938896 0.344201 9.999999999789237E-07
vn -0.938897 0.344199 1.9999999999789236E-06
vn -0.938896 0.344201 9.999999999789237E-07
vn -0.938895 0.344204 -2.107641634268578E-17
vn -0.765851 -0.643018 3.937349677470664E-17
vn -0.765851 -0.643018 3.937349677470664E-17
vn -0.765851 -0.643018 3.937349677470664E-17
vn -0.765851 -0.643018 3.937349677470664E-17
vn 0.159657 -0.987173 6.04469127327345E-17
vn 0.159657 -0.987173 6.04469127327345E-17
vn 0.159657 -0.987173 6.04469127327345E-17
vn 0.159657 -0.987173 6.04469127327345E-17
vn 0.939405 -0.34281 2.000000000020991E-06
vn 0.939403 -0.342815 2.0991364622484994E-17
vn 0.939405 -0.34281 2.000000000020991E-06
vn 0.939407 -0.342805 4.000000000020991E-06
vn 0.76621 0.64259 -2.000000000039347E-06
vn 0.766213 0.642586 -4.000000000039347E-06
vn 0.76621 0.64259 -2.000000000039347E-06
vn 0.766207 0.642594 -3.9347534262564716E-17
vn -0.16067 0.987008 9.99999999939563E-07
vn -0.16067 0.987008 9.99999999939563E-07
vn -0.16067 0.987008 9.99999999939563E-07
vn -0.16067 0.987008 9.99999999939563E-07
vn -0.939692 0.342022 -9.000000000020942E-06
vn -0.939693 0.342019 5.999999999979057E-06
vn -0.939692 0.342022 -9.000000000020942E-06
vn -0.939691 0.342025 -2.5000000000020943E-05
vn -0.765654 -0.643253 -9.999999999960612E-06
vn -0.765655 -0.643252 -1.9999999999960615E-05
vn -0.765654 -0.643253 -9.999999999960612E-06
vn -0.765652 -0.643255 3.9388008839276534E-17
vn 0.156546 -0.987671 -9.999999999395226E-07
vn 0.156546 -0.987671 6.047740643803328E-17
vn 0.156546 -0.987671 -9.999999999395226E-07
vn 0.156546 -0.987671 -9.999999999395226E-07
vn 0.939694 -0.342016 4.000000000020942E-06
vn 0.939693 -0.342018 -5.999999999979057E-06
vn 0.939694 -0.342016 4.000000000020942E-06
vn 0.939695 -0.342014 1.3000000000020941E-05
vn 0.765816 0.64306 5.399999999996062E-05
vn 0.765809 0.643069 0.00010699999999996063
vn 0.765816 0.64306 5.399999999996062E-05
vn 0.765823 0.643052 -3.9375578674265186E-17
vn -0.15721 0.987565 9.99999999939529E-07
vn -0.15721 0.987565 -6.04709158099978E-17
vn -0.15721 0.987565 9.99999999939529E-07
vn -0.15721 0.987565 9.99999999939529E-07
vn -0.939693 0.342019 6.999999999979057E-06
vn -0.939695 0.342014 1.3999999999979058E-05
vn -0.939693 0.342019 6.999999999979057E-06
vn -0.939691 0.342025 -2.0942991073918677E-17
vn -0.765649 -0.643259 -5.999999999960612E-06
vn -0.765645 -0.643264 1.0000000000393885E-06
vn -0.765649 -0.643259 -5.999999999960612E-06
vn -0.765652 -0.643255 -1.299999999996061E-05
vn 0.156549 -0.98767 3.0000000000604774E-06
vn 0.156552 -0.98767 7.000000000060477E-06
vn 0.156549 -0.98767 3.0000000000604774E-06
vn 0.156546 -0.987671 6.047740643803328E-17
vn 0.939694 -0.342016 2.0000000000209424E-06
vn 0.939694 -0.342018 1.0000000000209424E-06
vn 0.939694 -0.342016 2.0000000000209424E-06
vn 0.939694 -0.342015 4.000000000020942E-06
vn 0.765824 0.64305 -3.0000000000393757E-06
vn 0.765823 0.643052 -3.9375578674265186E-17
vn 0.765824 0.64305 -3.0000000000393757E-06
vn 0.765826 0.643049 -5.000000000039376E-06
vn -0.157212 0.987565 -6.04709158099978E-17
vn -0.157212 0.987565 -6.04709158099978E-17
vn -0.157212 0.987565 -6.04709158099978E-17
vn -0.157212 0.987565 -6.04709158099978E-17
vn -0.938635 0.344911 -0.0006090000000000211
vn -0.939076 0.343708 -0.000553000000000021
vn -0.938635 0.344911 -0.0006090000000000211
vn -0.938192 0.346114 -0.0006650000000000212
vn -0.766482 -0.642266 -0.0007099999999999607
vn -0.765145 -0.643857 -0.0006169999999999606
vn -0.766482 -0.642266 -0.0007099999999999607
vn -0.767815 -0.640672 -0.0008029999999999608
vn 0.16092 -0.986967 -0.0006739999999999396
vn 0.157887 -0.987457 -0.0008099999999999395
vn 0.16092 -0.986967 -0.0006739999999999396
vn 0.163951 -0.986468 -0.0005369999999999397
vn 0.939131 -0.343559 -0.000607999999999979
vn 0.93969 -0.342028 -0.0005369999999999791
vn 0.939131 -0.343559 -0.000607999999999979
vn 0.93857 -0.345089 -0.0006799999999999789
vn 0.7668 0.641886 -0.0007120000000000393
vn 0.765673 0.64323 -0.0006330000000000393
vn 0.7668 0.641886 -0.0007120000000000393
vn 0.767925 0.64054 -0.0007900000000000393
vn -0.161914 0.986805 -0.0006770000000000604
vn -0.159194 0.987247 -0.0007990000000000605
vn -0.161914 0.986805 -0.0006770000000000604
vn -0.164634 0.986355 -0.0005550000000000604
vn 0.001312 -0.999999 6.12322787250277E-17
vn 0.001312 -0.999999 6.12322787250277E-17
vn 0.001299 -0.990309 0.13887600000000005
vn 0.001262 -0.960656 0.27773800000000004
vn 0.001308 -0.993765 0.11149100000000006
vn 0.00131 -0.993766 0.11147900000000005
vn 0.001244 -0.943449 -0.33151499999999995
vn 0.001165 -0.886338 -0.46303799999999995
vn 0.000913 -0.696964 -0.717106
vn 0.000722 -0.554344 -0.832287
vn 0.000682 -0.526489 -0.850182
vn 0.00084 -0.645841 -0.763472
vn 0.000975 -0.749064 -0.662497
vn 0.000983 -0.74911 -0.662445
vn -0.001312 0.999999 -6.12322787250277E-17
vn -0.001312 0.999999 -6.12322787250277E-17
vn -0.001299 0.990311 0.13886199999999996
vn -0.001258 0.960656 0.27773699999999996
vn -0.001296 0.993768 0.11146299999999995
vn -0.001298 0.993763 0.11150299999999995
vn -0.001224 0.943421 -0.33159500000000003
vn -0.001147 0.886299 -0.4631120000000001
vn -0.000904 0.696926 -0.717142
vn -0.000723 0.554381 -0.832263
vn -0.000691 0.526532 -0.850155
vn -0.000849 0.645846 -0.763467
vn -0.000985 0.749025 -0.662541
vn -0.000983 0.749011 -0.662557
vn -0.441476 0.06059300000000006 0.895225
vn -0.250087 0.051608000000000064 0.966847
vn -0.236749 -0.00508899999999994 0.971558
vn -0.129082 -0.038040999999999936 0.990904
vn -0.208285 -0.11605899999999994 0.971158
vn 0.061343 0.662455 0.746586
vn 0.064607 0.661035 0.747568
vn 0.066058 0.729038 0.681278
vn 0.069152 0.790159 0.608989
vn 0.082371 0.937954 0.33683499999999994
vn 0.082143 0.937944 0.33691899999999997
vn 0.087799 0.994171 0.06257599999999995
vn 0.08804 0.994155 0.06249299999999994
vn 0.088212 0.996102 -6.099365629621384E-17
vn 0.088212 0.996102 -6.099365629621384E-17
vn -0.265541 -0.46029499999999995 0.847122
vn -0.264335 -0.45830199999999993 0.848579
vn -0.707138 -0.18787499999999993 0.681659
vn -0.765839 -0.20521199999999998 0.609408
vn -0.883234 -0.23666499999999996 0.404831
vn -0.931391 -0.24959699999999999 0.264977
vn -0.964089 -0.258398 0.06134400000000002
vn -0.964083 -0.25842 0.061336000000000016
vn -0.957204 -0.256577 -0.13389599999999996
vn -0.930625 -0.24942900000000004 -0.26781
vn -0.887608 -0.23788800000000002 -0.394412
vn -0.887607 -0.23785200000000004 -0.394437
vn 0.460297 -0.26553999999999994 0.847122
vn 0.458303 -0.26433499999999993 0.848579
vn 0.18788 -0.707137 0.681659
vn 0.205216 -0.765839 0.609408
vn 0.236666 -0.883233 0.40483100000000005
vn 0.249596 -0.93139 0.2649790000000001
vn 0.258398 -0.964089 0.06134500000000006
vn 0.258421 -0.964083 0.061337000000000065
vn 0.256578 -0.957204 -0.13389699999999993
vn 0.24943 -0.930624 -0.26781199999999994
vn 0.237889 -0.887607 -0.39441399999999993
vn 0.237853 -0.887606 -0.39443899999999993
vn -0.375616 -0.37591399999999997 0.847113
vn -0.373905 -0.37424999999999997 0.848606
vn -0.731688 0.0014810000000000415 0.681638
vn -0.792863 -4.4999999999962686E-05 0.6094
vn -0.914381 5.300000000002479E-05 0.404855
vn -0.964251 4.500000000001623E-05 0.264991
vn -0.998117 -4.799999999999625E-05 0.061343
vn -0.998118 -0.00017999999999999624 0.061316
vn -0.99162 -6.200000000000792E-05 -0.129185
vn -0.966051 -4.8000000000015824E-05 -0.25835
vn -0.924585 -7.100000000002333E-05 -0.380976
vn -0.924605 -0.00013900000000002333 -0.380927
vn 0.375914 -0.37561599999999995 0.847113
vn 0.37425 -0.37390499999999993 0.848606
vn -0.001481 -0.731688 0.681638
vn 4.4E-05 -0.792862 0.609401
vn -5.6E-05 -0.91438 0.40485600000000005
vn -4.7E-05 -0.964251 0.26499100000000003
vn 5.1E-05 -0.998117 0.061343000000000064
vn 0.000186 -0.998118 0.061315000000000064
vn 6.7E-05 -0.991621 -0.12918499999999994
vn 5.1E-05 -0.966051 -0.25835099999999994
vn 7.2E-05 -0.924585 -0.3809759999999999
vn 0.000137 -0.924604 -0.38092999999999994
vn 0.375616 0.37591500000000005 0.847113
vn 0.373905 0.3742500000000001 0.848606
vn 0.731689 -0.0014799999999999583 0.681637
vn 0.792862 4.4000000000037316E-05 0.609401
vn 0.91438 -5.6999999999975216E-05 0.404856
vn 0.964251 -4.899999999998377E-05 0.264991
vn 0.998117 4.8000000000003755E-05 0.061343
vn 0.998119 0.00018300000000000377 0.061315
vn 0.991621 6.499999999999208E-05 -0.129185
vn 0.966051 4.8999999999984176E-05 -0.258351
vn 0.924585 7.099999999997668E-05 -0.380977
vn 0.924604 0.00013699999999997666 -0.38093
vn 0.647812 0.008930000000000047 0.761748
vn 0.667162 0.07252700000000004 0.741373
vn 0.720759 -0.01887599999999996 0.692929
vn 0.779746 -0.06821399999999996 0.622368
vn 0.910912 -0.07968299999999998 0.404834
vn 0.962908 -0.06925299999999998 0.26079
vn 0.996976 -0.05163499999999999 0.058084
vn 0.997641 -0.041334 0.054814
vn 0.999264 -0.038361 -2.199999999999765E-05
vn 0.999311 -0.037117 2.2727607621976152E-18
vn -0.460297 0.26554000000000005 0.847122
vn -0.458305 0.26433700000000004 0.848577
vn -0.187878 0.707138 0.681659
vn -0.205214 0.765839 0.609408
vn -0.236666 0.883234 0.40483099999999994
vn -0.249597 0.931391 0.26497699999999996
vn -0.258399 0.964089 0.06134399999999994
vn -0.258422 0.964083 0.06133499999999994
vn -0.256579 0.957204 -0.13389600000000004
vn -0.249431 0.930625 -0.26781000000000005
vn -0.23789 0.887608 -0.39441200000000004
vn -0.237853 0.887607 -0.39443600000000006
vn 0.258821 -0.965925 5.914584797332036E-17
vn 0.258821 -0.965925 5.914584797332036E-17
vn 0.254929 -0.951401 -0.17276199999999994
vn 0.24288 -0.906434 -0.34552399999999994
vn 0.253645 -0.946607 -0.19899599999999995
vn 0.255133 -0.952167 0.16818100000000005
vn 0.246006 -0.918114 0.31072000000000005
vn 0.25661 -0.957686 0.13034200000000007
vn 0.255446 -0.953335 -0.16093199999999994
vn 0.249004 -0.929278 -0.27283599999999997
vn 0.216294 -0.807196 -0.549228
vn 0.18384 -0.686074 -0.703922
vn 0.162422 -0.606143 -0.778594
vn 0.178175 -0.664939 -0.725334
vn 0.192672 -0.719043 -0.667723
vn 0.192671 -0.719051 -0.667715
vn 1 -4E-06 2.0000000000000003E-06
vn 1 -1E-06 6.123233995736766E-23
vn 0.987938 -4.999999999990519E-06 0.154852
vn 0.950837 -3.9999999999810364E-06 0.309691
vn 0.956582 1.7847083965674163E-17 0.291465
vn 0.993332 4.000000000007059E-06 0.115286
vn 0.976528 3.999999999986811E-06 -0.215392
vn 0.928932 1.9999999999773286E-06 -0.370249
vn 0.782978 -1.0000000000380895E-06 -0.622049
vn 0.691041 -1.0000000000442595E-06 -0.722815
vn 0.235652 -5.950785356714831E-17 -0.971837
vn -0.235637 9.999999999404919E-07 -0.971841
vn 2E-06 1 6.999999999938768E-06
vn 4E-06 1 8.999999999938768E-06
vn 2E-06 0.977485 -0.21100400000000005
vn 1E-06 0.906591 -0.42201000000000005
vn 2E-06 0.797132 -0.603805
vn 3E-06 0.797138 -0.603797
vn 3E-06 0.81777 0.575545
vn 3E-06 0.81777 0.575544
vn 4E-06 0.923672 0.38318499999999994
vn 4E-06 0.986979 0.16084799999999994
vn 4E-06 0.986525 -0.16361100000000006
vn 4E-06 0.963388 -0.26811000000000007
vn 4E-06 0.843067 -0.537808
vn 4E-06 0.720852 -0.693089
vn 3E-06 0.48638599999999993 -0.873744
vn 2E-06 0.38957099999999995 -0.920996
vn 1E-06 0.10028099999999994 -0.994959
vn -0 -0.10027100000000005 -0.99496
vn -0.984808 0.173649 -1.0632934601256937E-17
vn -0.984808 0.173649 -1.0632934601256937E-17
vn -0.984808 0.173649 -1.0632934601256937E-17
vn -0.984808 0.173648 -1.063287336891698E-17
vn -0.984808 0.173648 -1.063287336891698E-17
vn -0.011936 -0.653278 0.757024
vn 0.03202 -0.6668 0.744548
vn -0.032901 -0.723865 0.689157
vn -0.068557 -0.78331 0.617839
vn -0.074282 -0.939759 0.3336680000000001
vn -0.082247 -0.939817 0.33163200000000004
vn -0.061552 -0.996347 0.05919400000000006
vn -0.053798 -0.996668 0.06131100000000006
vn -0.051742 -0.998661 6.115034985416474E-17
vn -0.051742 -0.998661 6.115034985416474E-17
vn 0.26554 0.46029600000000004 0.847122
vn 0.264336 0.45830400000000004 0.848578
vn 0.707138 0.18787700000000004 0.681659
vn 0.765839 0.20521300000000003 0.609408
vn 0.883234 0.23666500000000001 0.404831
vn 0.931391 0.24959600000000004 0.264977
vn 0.964089 0.258399 0.06134399999999999
vn 0.964083 0.258422 0.06133499999999999
vn 0.957204 0.256579 -0.13389600000000002
vn 0.930625 0.24943099999999999 -0.26781
vn 0.887608 0.23788899999999996 -0.394412
vn 0.887607 0.23785299999999998 -0.394437
vn -0.001042 0.18180800000000005 0.983334
vn 0.000902 0.18009600000000006 0.983649
vn 0.000312 0.060532000000000065 0.998166
vn -0.009347 -0.057363999999999936 0.99831
vn -0.012324 -0.17657399999999995 0.98421
vn -0.02765 -0.16834299999999994 0.985341
vn 0.087156 0.996195 9.999999999390007E-07
vn 0.087157 0.996195 1.9999999999390004E-06
vn 0.087155 0.996195 -6.099935090382987E-17
vn 0.087155 0.996195 -6.099935090382987E-17
vn 0.087155 0.996195 -6.099935090382987E-17
vn 0.087133 0.996197 2.4999999999939E-05
vn 0.087159 0.996194 -4.000000000060999E-06
vn 0.087159 0.996195 -3.0000000000609996E-06
vn 0.087159 0.996195 -3.0000000000609996E-06
vn 0.087159 0.996195 -3.0000000000609996E-06
vn -0.087156 -0.996195 6.099935090382987E-17
vn -0.087156 -0.996195 6.099935090382987E-17
vn -0.087156 -0.996195 6.099935090382987E-17
vn -0.087156 -0.996195 6.099935090382987E-17
vn -0.087156 -0.996195 6.099935090382987E-17
vn -0.66425 0.06881700000000004 0.744336
vn -0.659629 0.07911700000000005 0.747416
vn -0.730105 0.07107100000000004 0.679629
vn -0.791487 0.06927000000000004 0.607248
vn -0.937954 0.08237000000000001 0.336835
vn -0.937943 0.08214600000000001 0.336919
vn -0.994171 0.087792 0.062576
vn -0.994156 0.088029 0.06249299999999999
vn -0.996103 0.088202 -5.400814848919742E-18
vn -0.996103 0.088202 -5.400814848919742E-18
vn -0.011423 -0.016127999999999938 0.999805
vn 0.000784 -0.02601299999999994 0.999661
vn -0.008888 -0.006003999999999938 0.999942
vn -0.013723 0.004003000000000061 0.999898
vn -0.003816 0.01424400000000006 0.999891
vn -2E-06 2.0000000000612323E-06 1
vn 0 6.123233995736766E-17 1
vn -2E-06 2.0000000000612323E-06 1
vn 5E-06 2.0000000000612323E-06 1
vn 6E-06 4.000000000061232E-06 1
vn 5E-06 2.0000000000612323E-06 1
vn 4E-06 6.123233995736766E-17 1
vn -0.652768 -0.17490299999999995 0.737091
vn -0.622773 -0.22927299999999995 0.748056
vn -0.652202 -0.21266299999999994 0.727603
vn -0.651546 -0.23149299999999995 0.722425
vn -0.707898 -0.17851699999999995 0.683382
vn -0.235637 9.999999999404919E-07 -0.971841
vn 0.235652 -5.950785356714831E-17 -0.971837
vn -0.691022 -4.4260817220743897E-17 -0.722834
vn -0.782962 2.9999999999619094E-06 -0.622069
vn -0.928932 3.999999999977329E-06 -0.370249
vn -0.976532 2.999999999986812E-06 -0.215371
vn -0.993092 7.184819073577649E-18 0.117337
vn -0.955324 -9.99999999981902E-07 0.295562
vn -0.949506 1.0000000000192115E-06 0.313747
vn -0.987618 -9.99999999990394E-07 0.156879
vn -1 -2.9999999999999997E-06 6E-06
vn -1 -9E-06 2.0000000000000003E-06
vn -1 1E-06 1E-06
vn -1 1E-06 1E-06
vn -1 3E-06 -1.8369701987210298E-22
vn -1 3E-06 -1.8369701987210298E-22
vn -1 3E-06 -1.8369701987210298E-22
vn 0 -1 6.123233995736766E-17
vn -4E-06 -1 -2.9999999999387676E-06
vn 0 -1 6.123233995736766E-17
vn 0 -1 6.123233995736766E-17
vn 1E-06 -1 -9.999999999387675E-07
vn -0.996195 0.087155 -5.336704588984378E-18
vn -0.996195 0.087155 -5.336704588984378E-18
vn -0.996195 0.087155 -5.336704588984378E-18
vn -0.996195 0.087155 -5.336704588984378E-18
vn -0.996195 0.087155 -5.336704588984378E-18
vn -0.996195 0.087155 -5.336704588984378E-18
vn -8.9E-05 0.0010830000000000611 0.999999
vn -0.906182 -0.295903 0.302118
vn -0.083552 -0.957132 0.27734100000000006
vn -0.801252 -0.583202 0.13368400000000003
vn -0.085618 -0.98725 0.13418700000000006
vn -8.9E-05 0.0010830000000000611 0.999999
vn -0.708855 0.637748 0.30133199999999993
vn -0.906182 -0.295903 0.302118
vn -0.904136 0.406204 0.13242399999999996
vn -0.801252 -0.583202 0.13368400000000003
vn -8.9E-05 0.0010830000000000611 0.999999
vn 0.194751 0.933475 0.3011599999999999
vn -0.708855 0.637748 0.30133199999999993
vn -0.102098 0.985853 0.13292499999999993
vn -0.904136 0.406204 0.13242399999999996
vn -8.9E-05 0.0010830000000000611 0.999999
vn 0.906281 0.296296 0.301434
vn 0.194751 0.933475 0.3011599999999999
vn 0.801149 0.583338 0.13370699999999996
vn -0.102098 0.985853 0.13292499999999993
vn -8.9E-05 0.0010830000000000611 0.999999
vn 0.768757 -0.538185 0.34549900000000006
vn 0.906281 0.296296 0.301434
vn 0.810768 -0.56959 0.13499400000000003
vn 0.801149 0.583338 0.13370699999999996
vn -0.768184 0.539289 0.34505199999999997
vn 0.004436 -0.001367999999999939 0.999989
vn 0.086041 0.950622 0.2981849999999999
vn -0.800635 0.564186 0.20168599999999998
vn 0.088439 0.975824 0.19986299999999996
vn 0.770584 -0.537694 0.34217700000000006
vn 0.004436 -0.001367999999999939 0.999989
vn -0.081122 -0.951463 0.29688000000000003
vn 0.802093 -0.562201 0.20143700000000003
vn -0.08438 -0.976184 0.19986300000000007
vn -0.800635 0.564186 0.20168599999999998
vn -0.791902 -0.577559 0.19828600000000002
vn -0.901901 -0.297562 0.313101
vn -0.768184 0.539289 0.34505199999999997
vn 0.004436 -0.001367999999999939 0.999989
vn -0.791902 -0.577559 0.19828600000000002
vn -0.08438 -0.976184 0.19986300000000007
vn -0.081122 -0.951463 0.29688000000000003
vn -0.901901 -0.297562 0.313101
vn 0.004436 -0.001367999999999939 0.999989
vn 0.802093 -0.562201 0.20143700000000003
vn 0.79386 0.574848 0.19833099999999998
vn 0.90287 0.295473 0.312286
vn 0.770584 -0.537694 0.34217700000000006
vn 0.004436 -0.001367999999999939 0.999989
vn 0.79386 0.574848 0.19833099999999998
vn 0.088439 0.975824 0.19986299999999996
vn 0.086041 0.950622 0.2981849999999999
vn 0.90287 0.295473 0.312286
vn 0.004436 -0.001367999999999939 0.999989
vn 0.258771 -0.965939 5.914670522607976E-17
vn 0.258808 -0.965929 1.1000000000059146E-05
vn 0.258822 -0.965925 2.7000000000059146E-05
vn 0.258822 -0.965925 2.7000000000059146E-05
vn 0.258822 -0.965925 2.7000000000059146E-05
vn -0.965953 -0.258718 -1.499999999998416E-05
vn -0.965878 -0.258997 9.300000000001585E-05
vn -0.965925 -0.258823 1.5848337924785773E-17
vn -0.965925 -0.258823 1.5848337924785773E-17
vn -0.965925 -0.258823 1.5848337924785773E-17
vn -0.660943 -0.14349399999999995 0.736589
vn -0.656974 -0.10887099999999995 0.746011
vn -0.718884 -0.17004399999999997 0.674012
vn -0.771698 -0.20673099999999997 0.601453
vn -0.909906 -0.24372599999999997 0.335661
vn -0.909921 -0.24366999999999997 0.335661
vn -0.964124 -0.258269 0.061330000000000016
vn -0.964117 -0.258295 0.06134000000000001
vn -0.965936 -0.258783 1.5845888631187473E-17
vn -0.965936 -0.258783 1.5845888631187473E-17
vn -0.996195 0.087156 -5.336765821324336E-18
vn -0.996196 0.087139 -2.7000000000005335E-05
vn -0.996186 0.087255 9.799999999999466E-05
vn -0.996186 0.087255 9.799999999999466E-05
vn -0.996186 0.087255 9.799999999999466E-05
vn -0.375913 0.37561600000000006 0.847114
vn -0.374249 0.37390500000000004 0.848606
vn 0.001484 0.731688 0.681638
vn -4.1E-05 0.792862 0.609401
vn 5.8E-05 0.914381 0.40485599999999994
vn 4.7E-05 0.964251 0.2649909999999999
vn -4.9E-05 0.998117 0.06134299999999994
vn -0.000183 0.998119 0.06131499999999994
vn -6.6E-05 0.991621 -0.12918500000000005
vn -5.2E-05 0.966051 -0.25835100000000005
vn -7.3E-05 0.924585 -0.38097600000000004
vn -0.000139 0.924604 -0.3809290000000001
vn 0.342699 -0.939445 -0.0003209999999999425
vn 0.343152 -0.93928 5.75143122751563E-17
vn 0.342289 -0.939595 -0.00021399999999994245
vn 0.376001 -0.926619 -0.00021399999999994327
vn 0.409562 -0.912282 5.586116156098728E-17
vn 0.58652 -0.809935 4.9594215263370576E-17
vn 0.717224 -0.696843 4.266932747291195E-17
vn 0.930798 -0.365535 2.2382563386316387E-17
vn 0.991264 -0.131896 8.076300711016965E-18
vn 0.94681 0.321793 -1.970413837190121E-17
vn 0.840563 0.541714 -3.317041580766547E-17
vn 0.507409 0.861706 -5.2764274735303455E-17
vn 0.279055 0.960275 -5.879988525256122E-17
vn -0.005427 0.999985 -6.12314214722683E-17
vn -0.058819 0.998269 -6.112634677690146E-17
vn -0.111891 0.99372 -6.084780086243539E-17
vn -0.111891 0.99372 -6.084780086243539E-17
vn 0.984808 -0.173648 1.063287336891698E-17
vn 0.984808 -0.173648 1.063287336891698E-17
vn 0.984808 -0.173648 1.063287336891698E-17
vn 0.984808 -0.173648 1.063287336891698E-17
vn 0.984808 -0.173648 1.063287336891698E-17
vn -0.173659 -0.984806 6.030197578405541E-17
vn -0.173654 -0.984807 -9.99999999939698E-07
vn -0.173652 -0.984807 6.030203701639537E-17
vn -0.173649 -0.984808 -9.999999999396978E-07
vn -0.173648 -0.984808 6.030209824873533E-17
vn 0.632436 0.2589330000000001 0.730054
vn 0.645918 0.24507300000000007 0.723
vn 0.633222 0.24292700000000006 0.734858
vn 0.633549 0.23489400000000005 0.737184
vn 0.607255 0.23841100000000007 0.757893
vn 0.040526 -0.999179 6.118206820626267E-17
vn 0.040526 -0.999179 6.118206820626267E-17
vn -0.12362 -0.99233 6.076268790989465E-17
vn -0.288906 -0.957358 5.862127051690559E-17
vn -0.226788 -0.973944 5.96368701074385E-17
vn -0.226788 -0.973944 5.96368701074385E-17
vn -0 -1 6.123233995736766E-17
vn -0 -1 6.123233995736766E-17
vn -0 6.123233995736766E-17 1
vn -0 6.123233995736766E-17 1
vn -0 6.123233995736766E-17 1
vn -0 6.123233995736766E-17 1
vn -0 6.123233995736766E-17 1
vn -0 6.123233995736766E-17 1
vn 0 6.123233995736766E-17 1
vn 0 6.123233995736766E-17 1
vn 0.008001 -0.001966999999999939 0.999966
vn 0.031942 -0.00784399999999994 0.999459
vn 0.001297 -0.20827899999999994 0.978069
vn -0.013768 -0.41305299999999995 0.910603
vn -0.006437 -0.892665 0.4506760000000001
vn -0.006142 -0.892794 0.4504230000000001
vn 0.000258 -1 6.123233995736766E-17
vn 0.000258 -1 6.123233995736766E-17
vn 0.675584 -0.03129599999999995 0.736618
vn 0.662863 -0.06256499999999995 0.746122
vn 0.738408 -0.02102299999999996 0.674026
vn 0.798909 -3.2999999999963174E-05 0.601452
vn 0.941984 -6.599999999997945E-05 0.335658
vn 0.941985 -0.00013899999999997944 0.335656
vn 0.998118 -3.6999999999996244E-05 0.061327
vn 0.998117 3.7560529653248896E-18 0.061341
vn 1 0 0
vn 1 0 0
vn -1E-06 1 -6.123233995736766E-17
vn -1E-06 1 -6.123233995736766E-17
vn -1E-06 1 -6.123233995736766E-17
vn -1E-06 1 -6.123233995736766E-17
vn -1E-06 1 -6.123233995736766E-17
vn -1E-06 -1 6.123233995736766E-17
vn -1E-06 -1 6.123233995736766E-17
vn -1E-06 -1 6.123233995736766E-17
vn -1E-06 -1 6.123233995736766E-17
vn -1E-06 -1 6.123233995736766E-17
vn -0.000547 0.00034400000000006127 1
vn -0.000547 0.00034400000000006127 1
vn 0 6.123233995736766E-17 1
vn 0 6.123233995736766E-17 1
vn 0 6.123233995736766E-17 1
vn 0 6.123233995736766E-17 1
vn -1 1E-06 -6.123233995736766E-23
vn -1 7E-06 9.999999999999995E-07
vn -1 -1E-06 6.123233995736766E-23
vn -1 -1E-06 6.123233995736766E-23
vn -1 -1E-06 6.123233995736766E-23
vn 1 1E-06 -6.123233995736766E-23
vn 1 1E-06 -6.123233995736766E-23
vn 1 -2E-06 1.2246467991473532E-22
vn 1 -2E-06 1.2246467991473532E-22
vn 1 0 0
vn 1 0 0
vn 1 0 0
vn 1 0 0
vn 1 0 0
vn 1 0 0
vn 1 2E-06 -1.2246467991473532E-22
vn 1 2E-06 -1.2246467991473532E-22
vn 1 2E-06 -1.2246467991473532E-22
vn 1 2E-06 -1.2246467991473532E-22
vn 1 -1E-06 6.123233995736766E-23
vn 1 -1E-06 6.123233995736766E-23
vn 1 -1E-06 6.123233995736766E-23
vn 1 -1E-06 6.123233995736766E-23
vn 1 0 0
vn 1 1.0000000000000002E-06 2E-06
vn 1 -1E-06 6.123233995736766E-23
vn 1 -2E-06 1.2246467991473532E-22
vn -1 0 0
vn -1 0 0
vn -1 0 0
vn -1 0 0
vn -1 0 0
vn -1 0 0
vn -1 1E-06 -6.123233995736766E-23
vn -1 1E-06 -6.123233995736766E-23
vn -1 -2E-06 1.2246467991473532E-22
vn -1 -2E-06 1.2246467991473532E-22
vn 0.011821 -0.35997999999999997 0.932885
vn 0.023638 -0.37112199999999995 0.928283
vn 0.007929 -0.28623699999999996 0.958126
vn 0 -0.20639499999999994 0.978469
vn 0 -0.044867999999999936 0.998993
vn 0 0.04486200000000006 0.998993
vn 0 0.2804090000000001 0.959881
vn 0.027318 0.33899000000000007 0.940394
vn 0.054577 0.41702000000000006 0.907257
vn 0.053992 0.32464400000000004 0.944294
vn 0 0.3797420000000001 0.925092
vn -0 -0.10027100000000005 -0.99496
vn 1E-06 0.10028099999999994 -0.994959
vn -2E-06 -0.38957200000000003 -0.920996
vn -1E-06 -0.48639400000000005 -0.87374
vn -1E-06 -0.720851 -0.69309
vn -1E-06 -0.843056 -0.537826
vn -3E-06 -0.963387 -0.26811399999999996
vn -3E-06 -0.986529 -0.16358499999999995
vn -1E-06 -0.986975 0.16087400000000004
vn -1E-06 -0.923673 0.3831820000000001
vn -1E-06 -0.817784 0.575525
vn -2E-06 -0.817781 0.57553
vn -2E-06 -0.796939 -0.604059
vn -4E-06 -0.796947 -0.604049
vn -1E-06 -0.906498 -0.4222099999999999
vn 0 -0.977462 -0.21111099999999994
vn 0 -1 -4.999999999938768E-06
vn 0 -1 -4.999999999938768E-06
vn 0.681513 -0.041286000000000045 -0.73064
vn 0.834229 0.08283099999999997 -0.545162
vn 0.868345 0.12924499999999997 -0.478825
vn 0.79875 0.07289299999999996 -0.597232
vn 0.650795 -0.13397600000000007 -0.74734
vn 0.429479 -0.29373400000000005 -0.853972
vn 0.557698 -0.35586300000000004 -0.749889
vn -0.834229 -0.08283099999999997 0.545162
vn -0.681513 0.041286000000000045 0.73064
vn -0.868345 -0.12924499999999997 0.478825
vn -0.79875 -0.07289299999999996 0.597232
vn -0.650795 0.13397600000000007 0.74734
vn -0.429479 0.29373400000000005 0.853972
vn -0.557698 0.35586300000000004 0.749889
vn 0.387787 0.733281 -0.558499
vn 0.385688 0.735772 -0.556672
vn 0.457652 0.648873 -0.60788
vn 0.523001 0.551433 -0.649917
vn 0.505369 0.580198 -0.638727
vn 0.419796 0.697041 -0.581296
vn 0.212429 0.883316 -0.41788500000000006
vn 0.091907 0.945632 -0.31198200000000004
vn -0.223441 0.974717 -0.0013930000000000596
vn -0.41552 0.8841 0.21379999999999993
vn -0.465456 0.841874 0.27312999999999993
vn -0.351404 0.926083 0.13742599999999994
vn -0.227366 0.973809 -5.962860374154425E-17
vn -0.227366 0.973809 -5.962860374154425E-17
vn -0.258812 0.965928 -1.000000000059146E-06
vn -0.258527 0.966004 -7.600000000005916E-05
vn -0.258756 0.965943 3.899999999994085E-05
vn -0.258756 0.965943 3.899999999994085E-05
vn -0.258756 0.965943 3.899999999994085E-05
vn -0.965917 -0.258851 -1.399999999998415E-05
vn -0.965925 -0.258822 1.0000000000158482E-06
vn -0.965924 -0.258826 1.584852162180564E-17
vn -0.965924 -0.258826 1.584852162180564E-17
vn -0.965924 -0.258826 1.584852162180564E-17
vn -0.192665 0.719039 -0.66773
vn -0.192666 0.719032 -0.667737
vn -0.178168 0.664937 -0.725338
vn -0.162415 0.60615 -0.778591
vn -0.183833 0.686086 -0.703911
vn -0.216287 0.8072 -0.549225
vn -0.249001 0.929282 -0.27282400000000007
vn -0.255448 0.953335 -0.16093000000000005
vn -0.256614 0.957686 0.13033599999999995
vn -0.24601 0.91812 0.3107019999999999
vn -0.255134 0.952182 0.16809299999999994
vn -0.253631 0.946573 -0.19917600000000005
vn -0.242863 0.906376 -0.34568800000000005
vn -0.254925 0.951386 -0.17285000000000006
vn -0.258821 0.965925 -5.914584797332036E-17
vn -0.258821 0.965925 -5.914584797332036E-17
vn -0.857003 0.503251 0.11083499999999998
vn -0.739005 0.665115 -0.10720600000000004
vn -0.665152 -0.738954 -0.10732899999999995
vn -0.503301 -0.856966 0.11089600000000005
vn 0.738934 -0.66516 -0.10741899999999996
vn 0.85698 -0.503248 0.11102500000000003
vn 0 6.123233995736766E-17 1
vn -9E-06 -4.999999999938768E-06 1
vn 0 6.123233995736766E-17 1
vn 0 6.123233995736766E-17 1
vn 0 6.123233995736766E-17 1
vn 0 6.123233995736766E-17 1
vn -0.215581 -0.901004 0.37645400000000007
vn -0.000684 -0.00032799999999993875 1
vn -0.924109 -0.16272599999999998 0.345749
vn -0.336005 -0.863787 0.3754640000000001
vn -0.872786 -0.254541 0.416477
vn -0.430303 -0.710887 0.556309
vn -0.826565 0.012209000000000034 0.562709
vn -0.336005 -0.863787 0.3754640000000001
vn 0.392262 -0.726145 0.564663
vn 0.649463 -0.674612 0.3508510000000001
vn -0.215581 -0.901004 0.37645400000000007
vn 0.571601 -0.694707 0.43664100000000006
vn -0.000684 -0.00032799999999993875 1
vn 0.649463 -0.674612 0.3508510000000001
vn 0.826235 -0.011360999999999965 0.563212
vn 0.872935 0.255122 0.41581
vn 0.923984 0.16261400000000004 0.346136
vn 0.571601 -0.694707 0.43664100000000006
vn -0.000684 -0.00032799999999993875 1
vn -0.872786 -0.254541 0.416477
vn -0.649727 0.674416 0.35073899999999997
vn -0.392548 0.726149 0.564459
vn -0.924109 -0.16272599999999998 0.345749
vn -0.572762 0.693753 0.43663599999999997
vn -0.000684 -0.00032799999999993875 1
vn 0.335298 0.86417 0.37521399999999994
vn 0.43025 0.711133 0.556035
vn -0.649727 0.674416 0.35073899999999997
vn 0.214431 0.901297 0.37640899999999994
vn -0.572762 0.693753 0.43663599999999997
vn -0.000684 -0.00032799999999993875 1
vn 0.872935 0.255122 0.41581
vn 0.826235 -0.011360999999999965 0.563212
vn 0.335298 0.86417 0.37521399999999994
vn 0.923984 0.16261400000000004 0.346136
vn 0.214431 0.901297 0.37640899999999994
vn -0.000684 -0.00032799999999993875 1
vn -0.937325 -0.004180999999999978 0.348431
vn -0.934995 0.02880100000000002 0.353489
vn -0.942768 0.01441700000000002 0.333139
vn -0.937313 -0.002565999999999979 0.348479
vn -0.930504 -0.0038599999999999776 0.366262
vn -0.934801 0.03364400000000002 0.353576
vn 0.594496 0.803408 0.03332499999999995
vn 0.953189 0.300533 0.03332499999999998
vn 0.866739 0.497647 0.03332499999999997
vn 0.448752 0.892621 0.042996999999999945
vn 0.05503 0.997642 0.041008999999999934
vn 0.201723 0.978301 0.04728699999999994
vn -0.327798 0.943207 0.053937999999999944
vn -0.580379 0.813664 0.03332299999999995
vn -0.692577 0.719299 0.054275999999999956
vn -0.533205 0.838427 0.11283899999999994
vn -0.947795 0.317135 0.03332399999999998
vn -0.993716 0.106854 0.03332399999999999
vn -0.953187 -0.30054 0.03332300000000002
vn -0.86674 -0.497645 0.03332400000000003
vn -0.594503 -0.803402 0.03332500000000005
vn -0.408705 -0.912058 0.033325000000000056
vn -0.008722 -0.999407 0.03332300000000006
vn 0.205461 -0.978098 0.033321000000000066
vn 0.58038 -0.813664 0.033322000000000046
vn 0.775713 -0.630218 0.033085000000000045
vn 0.947794 -0.317138 0.03332300000000002
vn 0.976424 -0.213242 0.033519000000000014
vn 0.862782 -0.50457 0.03188100000000003
vn 0.953189 0.300533 0.03332499999999998
vn 0.866739 0.497647 0.03332499999999997
vn 0.658259 -0.592695 0.46412100000000006
vn -0.360274 -0.809193 0.46412100000000006
vn 0.184167 -0.866417 -0.46411699999999995
vn 0.880922 -0.09258700000000003 -0.464116
vn 0.767102 0.44288400000000006 0.46412
vn 0.360277 0.809193 -0.46412000000000003
vn -0.184162 0.866417 0.46411899999999995
vn -0.658258 0.592695 -0.46412200000000003
vn -0.880922 0.09258600000000003 0.464118
vn -0.767101 -0.44288700000000003 -0.464119
vn -0.360274 -0.809193 0.46412100000000006
vn 0.184167 -0.866417 -0.46411699999999995
vn 0.573528 0.819186 -1.0000000000501606E-06
vn 0.573528 0.819186 -1.0000000000501606E-06
vn 0.573528 0.819186 -1.0000000000501606E-06
vn 0.573523 0.819189 1.999999999949839E-06
vn 0.573523 0.819189 1.999999999949839E-06
vn 0.573523 0.819189 1.999999999949839E-06
vn -0.730579 0.058006000000000044 0.680359
vn -0.662859 0.040572000000000046 0.747644
vn -0.664998 0.04943400000000005 0.745207
vn -0.790889 0.06915100000000005 0.608041
vn -0.910609 0.07966100000000002 0.405519
vn -0.960103 0.07496500000000002 0.26941
vn -0.995651 0.066999 0.064738
vn -0.995927 0.060347000000000005 0.066985
vn -0.998169 0.060482 -3.703454385301511E-18
vn -0.998169 0.060482 -3.703454385301511E-18
vn 0.24743 -0.923437 -0.29332899999999995
vn 0.233631 -0.871894 -0.43036899999999995
vn 0.233623 -0.871896 -0.43036899999999995
vn 0.256014 -0.955482 -0.14666499999999993
vn 0.25833 -0.964108 0.06133500000000006
vn 0.258332 -0.964107 0.06133500000000006
vn 0.243799 -0.909887 0.33566000000000007
vn 0.243808 -0.909884 0.33566200000000007
vn 0.205253 -0.766069 0.609106
vn 0.19104 -0.706544 0.681395
vn -0.265541 -0.46029499999999995 0.847122
vn -0.264335 -0.45830199999999993 0.848579
vn 0.923439 0.24742599999999998 -0.293328
vn 0.871894 0.23363099999999998 -0.430368
vn 0.871897 0.23361999999999997 -0.430368
vn 0.955483 0.256009 -0.14666500000000002
vn 0.964108 0.258329 0.06133499999999999
vn 0.964107 0.258332 0.06133599999999999
vn 0.909887 0.24380000000000002 0.33566
vn 0.909884 0.24380800000000002 0.335662
vn 0.766068 0.20525500000000002 0.609107
vn 0.706544 0.19104100000000004 0.681395
vn 0.460297 -0.26553999999999994 0.847122
vn 0.458303 -0.26433499999999993 0.848579
vn 0 -0.953125 -0.30257799999999996
vn -1.2E-05 -0.896377 -0.44329199999999996
vn -2E-06 -0.896377 -0.44329199999999996
vn 6E-06 -0.98849 -0.15128899999999995
vn 4E-06 -0.998117 0.06133500000000006
vn 6E-06 -0.998117 0.06133500000000006
vn 1E-06 -0.94198 0.33566900000000005
vn -0 -0.94198 0.3356700000000001
vn -0 -0.793088 0.609107
vn 0.001706 -0.731919 0.681389
vn -0.375616 -0.37591399999999997 0.847113
vn -0.373905 -0.37424999999999997 0.848606
vn 0.953125 -1.8527558959620392E-17 -0.302578
vn 0.896377 -1.2000000000027144E-05 -0.443292
vn 0.896377 -2.000000000027144E-06 -0.443292
vn 0.98849 5.999999999990736E-06 -0.151289
vn 0.998117 4.0000000000037556E-06 0.061335
vn 0.998117 6.000000000003756E-06 0.061335
vn 0.94198 1.0000000000205538E-06 0.335669
vn 0.94198 2.0553859553489604E-17 0.33567
vn 0.793088 3.7297046894412343E-17 0.609107
vn 0.731919 0.0017060000000000417 0.681389
vn 0.375914 -0.37561599999999995 0.847113
vn 0.37425 -0.37390499999999993 0.848606
vn -1E-06 0.953125 -0.30257800000000007
vn 1.1E-05 0.896377 -0.4432920000000001
vn 2E-06 0.896377 -0.4432920000000001
vn -6E-06 0.98849 -0.15128900000000006
vn -4E-06 0.998117 0.06133499999999994
vn -6E-06 0.998117 0.06133499999999994
vn -1E-06 0.94198 0.33566899999999994
vn 0 0.94198 0.33566999999999997
vn 0 0.793089 0.609106
vn -0.001706 0.731919 0.681389
vn 0.375616 0.37591500000000005 0.847113
vn 0.373905 0.3742500000000001 0.848606
vn 0.093301 0.718581 0.689156
vn 0.147315 0.65111 0.74455
vn 0.101686 0.645427 0.757023
vn 0.068516 0.783314 0.617838
vn 0.090038 0.938381 0.33366799999999996
vn 0.082214 0.939819 0.33163499999999996
vn 0.112383 0.9919 0.059193999999999934
vn 0.120066 0.990871 0.06130799999999994
vn 0.122436 0.992476 -6.077162783152842E-17
vn 0.122436 0.992476 -6.077162783152842E-17
vn 0.51457 0.808778 0.28477299999999994
vn 0.664705 0.732102 0.14897799999999994
vn -0.4995 0.846441 0.18449399999999994
vn -0.606636 0.692279 0.3908229999999999
vn 0.402667 0.746228 0.530097
vn -0.742445 0.523634 0.4178319999999999
vn 0.527374 0.800617 0.28441199999999994
vn 0.676112 0.721693 0.14843099999999995
vn -0.48619 0.854069 0.18489199999999995
vn -0.595497 0.701698 0.39115599999999995
vn 0.414557 0.739749 0.530013
vn -0.733644 0.535628 0.41817399999999993
vn 0.837107 0.46586 0.28675199999999995
vn 0.932705 0.327319 0.15140499999999998
vn -0.037304 0.98116 0.18956399999999995
vn -0.204084 0.896752 0.39266399999999996
vn 0.709459 0.46456900000000007 0.529947
vn -0.40288 0.813998 0.41844299999999995
vn 0.562729 0.778032 0.2792899999999999
vn 0.70711 0.692794 0.14153399999999994
vn -0.448401 0.87568 0.17922399999999994
vn -0.56389 0.727875 0.39016199999999995
vn 0.447218 0.720646 0.529779
vn -0.708004 0.568394 0.41911599999999993
vn 0.56273 0.778031 0.27928899999999995
vn 0.707112 0.692793 0.14153399999999994
vn -0.448401 0.87568 0.17922399999999994
vn -0.563889 0.727877 0.3901589999999999
vn 0.447219 0.720647 0.529776
vn -0.708001 0.568402 0.41911199999999993
vn -0.923436 -0.24743300000000001 -0.29333
vn -0.871891 -0.23363800000000004 -0.43037
vn -0.871894 -0.23362700000000003 -0.43037
vn -0.955482 -0.256014 -0.14666499999999996
vn -0.964107 -0.258333 0.061334000000000014
vn -0.964107 -0.258332 0.061335000000000015
vn -0.909885 -0.24380599999999997 0.33566
vn -0.909882 -0.24381599999999998 0.335661
vn -0.766065 -0.20526099999999997 0.609108
vn -0.706543 -0.19104399999999994 0.681395
vn -0.460297 0.26554000000000005 0.847122
vn -0.458305 0.26433700000000004 0.848577
vn 0.707956 -0.3446850000000001 -0.616434
vn 0.685232 -0.45895700000000006 -0.565523
vn 0.68592 -0.45566300000000004 -0.56735
vn 0.719327 -0.22403400000000004 -0.657555
vn 0.717482 -0.25899600000000006 -0.646638
vn 0.697138 -0.4074690000000001 -0.589889
vn 0.599446 -0.678277 -0.42497599999999996
vn 0.519696 -0.79349 -0.31668599999999997
vn 0.252288 -0.967641 -0.004743999999999941
vn 0.041999 -0.977055 0.20880700000000005
vn -0.022466 -0.962898 0.26892800000000006
vn 0.115206 -0.984084 0.13530300000000006
vn 0.245254 -0.969459 5.93622430627297E-17
vn 0.245254 -0.969459 5.93622430627297E-17
vn 0.713086 -0.10657999999999995 0.692928
vn 0.644428 -0.18727999999999995 0.741376
vn 0.636416 -0.12129299999999996 0.76175
vn 0.779747 -0.06822799999999996 0.622366
vn 0.910911 -0.07969899999999998 0.404832
vn 0.960306 -0.09899799999999999 0.26079
vn 0.990796 -0.122271 0.05808300000000001
vn 0.989661 -0.132539 0.05481200000000001
vn 0.990744 -0.135743 -2.0999999999991688E-05
vn 0.990575 -0.13697 8.386993603960649E-18
vn -0.247426 0.923439 -0.29332800000000003
vn -0.233631 0.871895 -0.43036700000000006
vn -0.233621 0.871898 -0.43036700000000006
vn -0.256009 0.955484 -0.14666400000000004
vn -0.258329 0.964108 0.06133399999999994
vn -0.258332 0.964107 0.06133499999999994
vn -0.243801 0.909887 0.33565999999999996
vn -0.243808 0.909884 0.33566199999999996
vn -0.205256 0.766067 0.609107
vn -0.191041 0.706543 0.681395
vn 0.26554 0.46029600000000004 0.847122
vn 0.264336 0.45830400000000004 0.848578
vn -0.877152 -0.12327799999999997 0.46412
vn -0.388298 0.796126 0.4641199999999999
vn -0.782093 0.41584399999999994 -0.464117
vn -0.637172 -0.61531 -0.46411699999999995
vn -0.153812 -0.872315 0.46412100000000006
vn 0.3883 -0.796126 -0.4641179999999999
vn 0.782092 -0.41584199999999993 0.464121
vn 0.877153 0.12327799999999997 -0.464117
vn 0.637172 0.615309 0.46411899999999995
vn 0.153814 0.872316 -0.46411800000000003
vn -0.388298 0.796126 0.4641199999999999
vn -0.782093 0.41584399999999994 -0.464117
vn -0.05583 -0.731492 0.67956
vn -0.033921 -0.663349 0.747541
vn -0.04621 -0.666453 0.744114
vn -0.069196 -0.791529 0.607201
vn -0.079647 -0.91061 0.4055190000000001
vn -0.075152 -0.960089 0.26940900000000007
vn -0.067434 -0.995621 0.06473700000000006
vn -0.060932 -0.995892 0.06698400000000006
vn -0.061069 -0.998134 6.111808041100721E-17
vn -0.061069 -0.998134 6.111808041100721E-17
vn 0.258821 -0.965925 2.0000000000591457E-06
vn 0.258821 -0.965925 2.0000000000591457E-06
vn 0.258821 -0.965925 2.0000000000591457E-06
vn 0.258822 -0.965925 5.914584797332036E-17
vn 0.258822 -0.965925 5.914584797332036E-17
vn 0.258822 -0.965925 5.914584797332036E-17
vn -0.258817 0.965927 -4.000000000059146E-06
vn -0.258817 0.965927 -4.000000000059146E-06
vn -0.258817 0.965927 -4.000000000059146E-06
vn -0.258821 0.965925 -5.914584797332036E-17
vn -0.258821 0.965925 -5.914584797332036E-17
vn -0.258821 0.965925 -5.914584797332036E-17
vn -8.9E-05 0.0010830000000000611 0.999999
vn -0.083552 -0.957132 0.27734100000000006
vn 0.768757 -0.538185 0.34549900000000006
vn 0.810768 -0.56959 0.13499400000000003
vn -0.085618 -0.98725 0.13418700000000006
vn 0.172131 0.607567 0.775392
vn 0.626172 0.15274800000000005 0.764576
vn 0.518285 0.3703890000000001 0.770839
vn -0.066173 0.629027 0.774562
vn -0.447608 0.45525800000000005 0.769667
vn -0.591072 0.2597860000000001 0.763639
vn -0.626199 -0.15270099999999995 0.764563
vn -0.518348 -0.37032899999999996 0.770825
vn -0.172254 -0.607515 0.775405
vn 0.06607 -0.629039 0.774561
vn 0.44754 -0.45528699999999994 0.769689
vn 0.591055 -0.2598059999999999 0.763646
vn 0.626172 0.15274800000000005 0.764576
vn 0.518285 0.3703890000000001 0.770839
vn 0.083656 0.954472 0.28632899999999994
vn 0.087147 0.996087 0.01472199999999994
vn 0.087152 0.996087 0.01469199999999994
vn 0.072556 0.827515 0.556735
vn 0.056665 0.645259 0.761859
vn 0.056471 0.64523 0.761898
vn 0.208653 -0.707274 0.675446
vn 0.224614 -0.626184 0.74662
vn 0.200924 -0.643679 0.738449
vn 0.206523 -0.770585 0.602948
vn 0.2367 -0.88322 0.40484000000000003
vn 0.249597 -0.931393 0.26496800000000004
vn 0.258358 -0.9641 0.061330000000000065
vn 0.258356 -0.964101 0.061329000000000064
vn 0.258844 -0.965919 5.914548057928061E-17
vn 0.258844 -0.965919 5.914548057928061E-17
vn -0.953125 -2.0000000000185275E-06 -0.302578
vn -0.896377 6.999999999972856E-06 -0.443292
vn -0.896377 -2.7143806444381426E-17 -0.443292
vn -0.98849 -6.000000000009264E-06 -0.151289
vn -0.998117 -3.999999999996244E-06 0.061335
vn -0.998117 -5.999999999996244E-06 0.061335
vn -0.94198 -9.99999999979446E-07 0.335669
vn -0.94198 2.0553859553489604E-17 0.33567
vn -0.793088 3.7297046894412343E-17 0.609107
vn -0.731919 -0.0017059999999999584 0.681389
vn -0.375913 0.37561600000000006 0.847114
vn -0.374249 0.37390500000000004 0.848606
vn 0.527372 0.800618 0.28441299999999997
vn 0.676112 0.721693 0.14842999999999995
vn -0.486193 0.854068 0.18489199999999995
vn -0.595499 0.701697 0.3911549999999999
vn 0.414556 0.739751 0.530011
vn -0.733644 0.535631 0.41816899999999996
vn 0.837107 0.46586 0.28675199999999995
vn 0.932705 0.32732 0.15140499999999998
vn -0.037304 0.98116 0.18956299999999995
vn -0.204083 0.896752 0.39266499999999993
vn 0.70946 0.46456800000000004 0.529947
vn -0.402879 0.813999 0.41844299999999995
vn 0.000183 -0.852275 0.523094
vn 0.000157 -0.683904 0.729572
vn 1.8E-05 -0.683939 0.729539
vn -5E-06 -0.966491 0.25670100000000007
vn 5.3E-05 -0.999965 -0.008328999999999939
vn -0.000364 -0.999941 -0.010885999999999939
vn -0.026594 0.739869 0.672225
vn -0.078917 0.661912 0.745416
vn -0.03954 0.67804 0.73396
vn -6.3E-05 0.800237 0.599684
vn -3.4E-05 0.914389 0.4048359999999999
vn -4.2E-05 0.964259 0.26496299999999995
vn -9.5E-05 0.998118 0.06132699999999994
vn -0.000128 0.998117 0.061338999999999935
vn -0.000128 1 -6.123233995736766E-17
vn -0.000128 1 -6.123233995736766E-17
vn -1 0 0
vn -1 0 0
vn -1 0 0
vn -1 0 0
vn -1 0 0
vn -1 0 0
vn -1 0 0
vn -1 0 0
vn -1 0 0
vn -1 0 0
vn -1 0 0
vn -1 0 0
vn -1 1E-06 1E-06
vn -1 -2E-06 1.2246467991473532E-22
vn 0 6.123233995736766E-17 1
vn 0 6.123233995736766E-17 1
vn 0 6.123233995736766E-17 1
vn 0 6.123233995736766E-17 1
vn 0 6.123233995736766E-17 1
vn 0 6.123233995736766E-17 1
vn -8E-06 -1 8.000000000061232E-06
vn 1E-06 -1 6.123233995736766E-17
vn 3E-06 -1 4.000000000061232E-06
vn 2E-06 -1 1.0000000000612324E-06
vn 3E-06 -1 4.000000000061232E-06
vn 3E-06 -1 4.000000000061232E-06
vn -2E-06 1 -3.0000000000612325E-06
vn 6E-06 1 3.999999999938768E-06
vn -2E-06 1 3.699999999993877E-05
vn 1.2E-05 1 -6.000000000061232E-06
vn -2E-06 1 3.699999999993877E-05
vn -2E-06 1 3.699999999993877E-05
vn -0.332754 0.943014 -5.77429538325571E-17
vn -0.719354 0.694643 -4.2534616325005744E-17
vn -0.719373 0.694623 -1.1000000000042533E-05
vn 0.286437 0.947224 0.14394899999999994
vn -0.348971 0.926247 0.14242799999999994
vn -0.719431 0.694564 -1.9000000000042532E-05
vn -0.98647 -0.163945 1.0038735974310641E-17
vn -0.809005 -0.587801 3.599243065928067E-17
vn -0.808989 -0.587824 -1.0999999999964006E-05
vn -0.883093 0.446569 0.14395099999999997
vn -0.972773 -0.182828 0.142431
vn -0.80894 -0.587892 -1.7999999999964E-05
vn 0.635213 -0.772337 4.729200174565347E-17
vn 0.913552 -0.406722 2.4904539772140487E-17
vn 0.913564 -0.406696 -1.1999999999975098E-05
vn 0.054805 -0.988066 0.14395000000000005
vn 0.644719 -0.751034 0.14242900000000006
vn 0.913598 -0.406619 -1.89999999999751E-05
vn 0.870904 0.491454 -3.0092878401408164E-17
vn 0.559171 0.829053 -5.0764855138675534E-17
vn 0.559147 0.829068 -1.2000000000050766E-05
vn 0.982572 -0.11760499999999999 0.14395
vn 0.851574 0.504515 0.14242899999999997
vn 0.559078 0.829115 -2.1000000000050767E-05
vn -0.635214 0.772336 -4.729194051331351E-17
vn -0.913553 0.40672 -2.4904417307460575E-17
vn -0.913565 0.406693 -1.1000000000024902E-05
vn -0.054804 0.988066 0.14394999999999994
vn -0.644721 0.751032 0.14242999999999995
vn -0.913601 0.406613 -1.80000000000249E-05
vn -0.870903 -0.491454 3.0092878401408164E-17
vn -0.559171 -0.829052 5.0764793906335577E-17
vn -0.559148 -0.829068 -1.1999999999949234E-05
vn -0.982572 0.11760200000000001 0.14395
vn -0.851575 -0.504513 0.14242900000000003
vn -0.55908 -0.829113 -1.8999999999949233E-05
vn 0.861062 -0.5085 3.113664486832145E-17
vn 0.997566 -0.069735 4.2700372269270345E-18
vn 0.997568 -0.069706 -1.1999999999995731E-05
vn 0.389439 -0.909734 0.14395000000000005
vn 0.862708 -0.48523 0.14242900000000003
vn 0.997573 -0.069622 -1.899999999999574E-05
vn -0.996194 0.087158 -5.336888286004251E-18
vn -0.996195 0.087155 -5.336704588984378E-18
vn -0.996195 0.087155 -5.336704588984378E-18
vn -0.996194 0.087158 -5.336888286004251E-18
vn -0.996194 0.087158 -5.336888286004251E-18
vn -0.996194 0.087158 -5.336888286004251E-18
vn -0.403644 0.914916 -5.602244754443499E-17
vn -0.403645 0.914916 -1.0000000000560225E-06
vn -0.403642 0.914917 -2.0000000000560222E-06
vn -0.403644 0.914916 -1.0000000000560225E-06
vn -0.403642 0.914917 -2.0000000000560222E-06
vn -0.403642 0.914917 -2.0000000000560222E-06
vn -0.55953 -0.82881 2.00000000005075E-06
vn -0.559529 -0.82881 1.00000000005075E-06
vn -0.559529 -0.828811 2.00000000005075E-06
vn -0.55953 -0.82881 1.00000000005075E-06
vn -0.559529 -0.828811 2.00000000005075E-06
vn -0.559529 -0.828811 2.00000000005075E-06
vn 0.422556 -0.906337 5.549713529994073E-17
vn 0.422556 -0.906337 2.000000000055497E-06
vn 0.422557 -0.906337 2.000000000055497E-06
vn 0.422557 -0.906337 2.000000000055497E-06
vn 0.422557 -0.906337 2.000000000055497E-06
vn 0.422557 -0.906337 2.000000000055497E-06
vn 0.996195 -0.087156 5.336765821324336E-18
vn 0.996195 -0.087156 5.336765821324336E-18
vn 0.996195 -0.087155 5.336704588984378E-18
vn 0.996195 -0.087156 5.336765821324336E-18
vn 0.996195 -0.087155 5.336704588984378E-18
vn 0.996195 -0.087155 5.336704588984378E-18
vn -5E-06 6.123233995736766E-17 1
vn -5E-06 6.123233995736766E-17 1
vn 2.4E-05 0.00027700000000006127 1
vn 0 1.0000000000612324E-06 1
vn 2.4E-05 0.00027700000000006127 1
vn -8.6E-05 8.000000000061232E-06 1
vn -8.6E-05 8.000000000061232E-06 1
vn 0 6.123233995736766E-17 1
vn -8.6E-05 8.000000000061232E-06 1
vn -0.996194 0.087157 0.0014339999999999945
vn -0.996194 0.087155 0.0014199999999999946
vn -0.903723 0.07897200000000003 0.420771
vn -0.903724 0.07919300000000003 0.420728
vn -0.644551 0.05621900000000005 0.762492
vn -0.644502 0.055815000000000045 0.762563
vn -0.877471 -0.23294199999999998 0.419265
vn -0.628832 -0.16101799999999994 0.760686
vn -0.627322 -0.16414199999999995 0.761265
vn -0.876809 -0.23470799999999997 0.419664
vn -0.965926 -0.258817 8.000000000015848E-06
vn -0.965926 -0.258817 7.000000000015848E-06
vn 1E-06 1 9.999999999387675E-07
vn 1E-06 1 1.9999999999387675E-06
vn 0.000738 0.906838 0.42147799999999996
vn -0.00011 0.906735 0.42170199999999997
vn 0.001339 0.644711 0.764425
vn 0.002877 0.645086 0.764105
vn -0.087157 -0.996195 6.099935090382987E-17
vn -0.087167 -0.996194 6.099928967148992E-17
vn -0.087159 -0.996195 3.0000000000609996E-06
vn -0.087153 -0.996195 -6.999999999939001E-06
vn -0.087157 -0.996195 6.099935090382987E-17
vn -0.087157 -0.996195 6.099935090382987E-17
vn -0.722387 -0.03502299999999996 0.690601
vn -0.505057 0.17582400000000006 0.844988
vn -0.98952 0.107674 -0.096211
vn -0.112752 -0.993594 -0.0076149999999999395
vn 0.397293 -0.47589599999999993 0.784653
vn -0.087547 0.09795000000000005 0.991333
vn -0.505057 0.17582400000000006 0.844988
vn -0.093868 -0.02189099999999994 0.995344
vn -0.281681 -0.16407899999999995 0.945375
vn 0.069983 0.2936520000000001 0.953347
vn -0.106989 -0.3016249999999999 0.947405
vn -0.027139 -0.005939999999999938 0.999614
vn -0.160067 0.20525400000000005 0.965531
vn 0.001743 0.046003000000000065 0.99894
vn -0.145386 0.23018100000000005 0.962226
vn -0.033871 0.002643000000000061 0.999423
vn -0.027082 -0.06647999999999994 0.99742
vn -0.041775 -0.08715399999999994 0.995319
vn -0.046952 0.004108000000000061 0.998889
vn -0.02569 0.09242000000000006 0.995389
vn -0.014494 0.06884000000000005 0.997522
vn -0.556387 -0.830923 5.087935961439581E-17
vn -0.556387 -0.830923 5.087935961439581E-17
vn -0.556387 -0.830923 5.087935961439581E-17
vn -0.556387 -0.830923 5.087935961439581E-17
vn -0.556387 -0.830923 5.087935961439581E-17
vn -0.556387 -0.830923 5.087935961439581E-17
vn -0.407109 0.91338 -5.592839467026048E-17
vn -0.407109 0.91338 -5.592839467026048E-17
vn -0.407109 0.91338 -5.592839467026048E-17
vn -0.407109 0.91338 -5.592839467026048E-17
vn -0.407109 0.91338 -5.592839467026048E-17
vn -0.407109 0.91338 -5.592839467026048E-17
vn 0.57352 0.819192 -5.016104303435593E-17
vn 0.57352 0.819192 -5.016104303435593E-17
vn 0.57352 0.819192 -5.016104303435593E-17
vn 0.57352 0.819192 -5.016104303435593E-17
vn 0.57352 0.819192 -5.016104303435593E-17
vn 0.57352 0.819192 -5.016104303435593E-17
vn 0.996195 -0.087157 5.336827053664293E-18
vn 0.996195 -0.087156 5.336765821324336E-18
vn 0.996195 -0.087156 5.336765821324336E-18
vn 0.996195 -0.087156 5.336765821324336E-18
vn 0.996195 -0.087157 5.336827053664293E-18
vn 0.996195 -0.087157 5.336827053664293E-18
vn 0.422558 -0.906336 3.0000000000554973E-06
vn 0.422564 -0.906333 5.549689037058091E-17
vn 0.422564 -0.906333 5.549689037058091E-17
vn 0.422564 -0.906333 5.549689037058091E-17
vn 0.422558 -0.906336 3.0000000000554973E-06
vn 0.422558 -0.906336 3.0000000000554973E-06
vn 3.1E-05 -0.00019799999999993876 1
vn -2.2E-05 -0.00022999999999993878 1
vn 0.241604 -0.02138699999999994 0.970139
vn 0.005384 0.001852000000000061 0.999984
vn 0.013208 -0.032523999999999935 0.999384
vn 0.314845 -0.02757999999999994 0.948742
vn 0.020115 -0.0009179999999999387 0.999797
vn 0.024972 -0.08404299999999995 0.996149
vn 0.025469 -0.15978299999999995 0.986824
vn -0.258804 0.96593 -5.914615413502014E-17
vn -0.258804 0.96593 -5.914615413502014E-17
vn -0.258808 0.965929 9.999999999940854E-06
vn -0.258781 0.965936 -1.4000000000059146E-05
vn -0.258812 0.965928 1.9999999999940855E-05
vn -0.258866 0.965913 6.799999999994086E-05
vn 0.650298 0.75968 -4.6516984018813065E-17
vn 0.241902 0.970301 -5.94138006929738E-17
vn 0.241874 0.970308 -1.1000000000059414E-05
vn 0.963538 0.225548 0.143951
vn 0.627667 0.765342 0.14242999999999995
vn 0.241792 0.970328 -1.9000000000059415E-05
vn 0.474539 0.16357700000000006 0.864902
vn 0.361246 -0.10146799999999995 0.926934
vn 0.248117 0.28645100000000007 0.92541
vn 0.483864 -0.08775999999999995 0.870732
vn 0.220063 -0.35218799999999995 0.90969
vn 0.164988 -0.49571999999999994 0.852667
vn 0 6.123233995736766E-17 1
vn 0 6.123233995736766E-17 1
vn 0 6.123233995736766E-17 1
vn 0 6.123233995736766E-17 1
vn 0 6.123233995736766E-17 1
vn 0 6.123233995736766E-17 1
vn 0 6.123233995736766E-17 1
vn 0 6.123233995736766E-17 1
vn 0 6.123233995736766E-17 1
vn 0 6.123233995736766E-17 1
vn 0.225265 0.965049 0.13392699999999993
vn -0 0.991765 0.12807399999999994
vn -0 0.991765 0.12807399999999994
vn 0.225888 0.964974 0.13341399999999995
vn 0.205664 0.968278 0.14191699999999993
vn 0.205038 0.968335 0.14242899999999994
vn -0.040115 0.989008 0.14231699999999994
vn -0.040116 0.989008 0.14231599999999994
vn 0.886131 -0.00011499999999997162 0.463436
vn 0.882034 0.028155000000000027 0.470345
vn 0.796515 0.028869000000000037 0.60393
vn 0.733203 -0.01574999999999996 0.679827
vn 0.88737 -0.02966399999999997 0.460102
vn 0.399047 0.030115000000000055 0.916436
vn 0.788189 -0.005214999999999963 0.615412
vn 0.885136 0.03022100000000003 0.46435
vn 0.693472 0.014499000000000043 0.720337
vn 0.249502 0.009744000000000058 0.968325
vn -0.191094 0.01688400000000006 0.981427
vn 0.349048 -0.013602999999999943 0.937006
vn 0.191094 -0.01688399999999994 0.981426
vn -0.303947 0.008794000000000059 0.952648
vn -0.693472 -0.014498999999999956 0.720338
vn -0.312092 -0.0010349999999999418 0.950051
vn -0.399048 -0.030114999999999944 0.916436
vn -0.758723 0.01127900000000004 0.651316
vn -0.885135 -0.03022199999999997 0.464351
vn -0.88737 0.029663000000000026 0.460103
vn -0.754903 0.01144900000000004 0.655737
vn -0.796515 -0.02886899999999996 0.603929
vn -0.886131 0.00011500000000002838 0.463435
vn -0.882035 -0.028155999999999973 0.470343
vn 0.101935 0.020381000000000062 0.994582
vn 0.294125 0.3371680000000001 0.89432
vn -0.005559 0.08934900000000005 0.995985
vn -0.105732 -0.12249799999999994 0.986821
vn -0.001545 -0.2786699999999999 0.960386
vn -0.309985 -0.08225799999999994 0.947176
vn 0.258818 -0.965926 2.0000000000591457E-06
vn 0.258872 -0.965912 -8.199999999994086E-05
vn 0.258822 -0.965925 5.914584797332036E-17
vn 0.258822 -0.965925 5.914584797332036E-17
vn 0.258822 -0.965925 5.914584797332036E-17
vn 0.258872 -0.965912 -8.199999999994086E-05
vn -4E-06 6.123233995736766E-17 1
vn 1E-06 7.000000000061232E-06 1
vn 4E-06 6.123233995736766E-17 1
vn 4E-06 6.123233995736766E-17 1
vn 4E-06 6.123233995736766E-17 1
vn 1E-06 7.000000000061232E-06 1
vn 2E-06 -9.999999999387675E-07 1
vn 0 1.0000000000612324E-06 1
vn -0 6.123233995736766E-17 1
vn -0 6.123233995736766E-17 1
vn -0 6.123233995736766E-17 1
vn 0 1.0000000000612324E-06 1
vn 0 6.123233995736766E-17 1
vn 0 6.123233995736766E-17 1
vn 0 6.123233995736766E-17 1
vn 0 6.123233995736766E-17 1
vn 0 6.123233995736766E-17 1
vn 0 6.123233995736766E-17 1
vn 0.96591 0.258877 -1.5851644471143468E-17
vn 0.96592 0.25884 -1.5849378874565046E-17
vn 0.965919 0.258846 -6.00000000001585E-06
vn 0.965923 0.258828 -6.000000000015849E-06
vn 0.96592 0.258842 -2.000000000001585E-05
vn 0.965925 0.258824 -1.5848399157125727E-17
vn -1 -4E-06 2.4492935982947065E-22
vn -1 0 -0
vn -1 0 0
vn -1 0 0
vn -1 0 0
vn -1 0 -0
vn 1 0 0
vn 1 0 0
vn 1 -0 0
vn 1 -0 0
vn 1 -0 0
vn 1 0 0
vn -0.011431 -0.05701899999999994 0.998308
vn -0.10365 -0.15646299999999994 0.98223
vn 0.123518 -0.26254999999999995 0.95698
vn -0.143622 -0.00466199999999994 0.989622
vn 0.005054 0.18517100000000006 0.982693
vn -0.267202 -0.10940499999999995 0.95741
vn -0.137066 -0.16449699999999995 0.976808
vn -0.03329 -0.20243899999999995 0.978729
vn -0.004829 -0.27863599999999994 0.960385
vn 0.01383 -0.004275999999999939 0.999895
vn 0.202238 -0.19466599999999995 0.959794
vn -0.197804 0.13593000000000005 0.970771
vn 0.222352 0.036872000000000064 0.974269
vn -0.060978 0.23125900000000005 0.970979
vn 0.105579 0.21777700000000005 0.970271
vn -0 -0.00012799999999993876 1
vn -2.3E-05 -9.999999999938769E-06 1
vn -6E-06 -3.399999999993877E-05 1
vn -6E-06 -3.399999999993877E-05 1
vn -0 6.123233995736766E-17 1
vn -0 6.123233995736766E-17 1
vn -0 6.123233995736766E-17 1
vn -0 6.123233995736766E-17 1
vn -0 6.123233995736766E-17 1
vn 1.6E-05 9.100000000006123E-05 1
vn 1.6E-05 9.100000000006123E-05 1
vn -0 6.123233995736766E-17 1
vn 0 6.123233995736766E-17 1
vn -8E-06 -1.9999999999938768E-05 1
vn 0.046961 -0.998897 6.116480068639468E-17
vn 0.678053 -0.735013 4.500656588908468E-17
vn 0.478703 -0.86872 0.12715900000000005
vn 0.656194 -0.71133 0.25183200000000006
vn 0.045456 -0.966697 0.25185700000000005
vn -0.191697 -0.973181 0.12716200000000005
vn -0.60611 -0.795381 4.870303978763105E-17
vn -0.586568 -0.769752 0.25183200000000006
vn -0.772398 -0.622283 0.12714500000000004
vn -0.975564 -0.219714 1.3453602341393078E-17
vn -0.944126 -0.21262699999999998 0.251824
vn -0.991686 0.01978600000000001 0.127153
vn -0.888553 0.458775 -2.8091866763941346E-17
vn -0.859916 0.443988 0.251832
vn -0.746958 0.6526 0.12715099999999996
vn -0.385775 0.922593 -5.64925282182877E-17
vn -0.373347 0.89286 0.25182099999999996
vn -0.152715 0.980058 0.12714399999999995
vn 0.297511 0.954719 -5.84596783717581E-17
vn 0.287932 0.923952 0.25180899999999995
vn 0.51298 0.848932 0.12714499999999995
vn 0.841584 0.540126 -3.307317885181316E-17
vn 0.814465 0.522712 0.25182999999999994
vn 0.938647 0.320583 0.12715899999999997
vn 0.991876 -0.127211 7.789427198316697E-18
vn 0.959907 -0.12310999999999998 0.251838
vn 0.925109 -0.357778 0.12715300000000002
vn 0.678053 -0.735013 4.500656588908468E-17
vn 0.656194 -0.71133 0.25183200000000006
vn 0.478703 -0.86872 0.12715900000000005
vn 0.385771 -0.922594 5.649258945062766E-17
vn 0.888551 -0.458779 2.809211169330118E-17
vn 0.746953 -0.652604 0.12715900000000002
vn 0.85991 -0.443999 0.251833
vn 0.373344 -0.892851 0.25185700000000005
vn 0.152711 -0.980056 0.12716200000000005
vn -0.297521 -0.954715 5.845943344239827E-17
vn -0.287923 -0.923949 0.25183200000000006
vn -0.512983 -0.84893 0.12714500000000006
vn -0.841584 -0.540126 3.307317885181316E-17
vn -0.814466 -0.522714 0.2518230000000001
vn -0.938647 -0.320584 0.12715300000000002
vn -0.991877 0.127205 -7.789059804276954E-18
vn -0.95991 0.12310300000000002 0.251831
vn -0.925113 0.357769 0.12715099999999996
vn -0.678055 0.735011 -4.500644342440476E-17
vn -0.656207 0.711321 0.25182099999999996
vn -0.478704 0.868721 0.12714399999999995
vn -0.046965 0.998897 -6.116480068639468E-17
vn -0.045442 0.966709 0.25180899999999995
vn 0.191692 0.973185 0.12714499999999995
vn 0.606096 0.795391 -4.870365211103062E-17
vn 0.586569 0.769752 0.25183099999999997
vn 0.772394 0.622285 0.12715899999999997
vn 0.975567 0.219703 -1.3452928785653548E-17
vn 0.944124 0.21262200000000003 0.251839
vn 0.991686 -0.019794999999999993 0.127153
vn 0.888551 -0.458779 2.809211169330118E-17
vn 0.85991 -0.443999 0.251833
vn 0.746953 -0.652604 0.12715900000000002
vn 0 6.123233995736766E-17 1
vn 0 6.123233995736766E-17 1
vn 0 6.123233995736766E-17 1
vn 0 6.123233995736766E-17 1
vn 0 6.123233995736766E-17 1
vn 0 6.123233995736766E-17 1
vn 0 6.123233995736766E-17 1
vn 0 6.123233995736766E-17 1
vn 0 6.123233995736766E-17 1
vn 0 6.123233995736766E-17 1
vn 0 6.123233995736766E-17 1
vn 0 6.123233995736766E-17 1
vn 0 6.123233995736766E-17 1
vn 0 6.123233995736766E-17 1
vn 0 6.123233995736766E-17 1
vn 0 6.123233995736766E-17 1
vn 0.075449 0.3247920000000001 0.942771
vn -0.09289 0.568846 0.817182
vn 0.402822 0.13223800000000005 0.905675
vn -0.025159 -0.008921999999999939 0.999644
vn -0.25258 -0.23763299999999996 0.937941
vn 0.448163 0.16663100000000006 0.878285
vn 0.081404 -0.15352299999999994 0.984786
vn 0.253384 -0.31184199999999995 0.915724
vn 0.536062 0.20934300000000006 0.81781
vn 0.221865 -0.4502189999999999 0.864915
vn 0.384503 -0.650754 0.654734
vn 0.292701 -0.853577 0.43096600000000007
vn -0.780274 0.41776199999999997 -0.465454
vn -0.895195 0.061697999999999975 -0.441383
vn -0.936005 0.268181 -0.22797700000000004
vn -0.746662 0.624713 -0.22853800000000002
vn -0.54757 0.695521 -0.46520800000000007
vn -0.429306 0.873952 -0.22782700000000006
vn -0.214581 0.85837 -0.4660000000000001
vn -0.868667 0.45898 0.18642599999999998
vn -0.034187 0.973067 -0.22797500000000007
vn 0.1562 0.871182 -0.46545000000000003
vn -0.605261 0.773888 0.18643199999999993
vn -0.239138 0.952748 0.18730899999999995
vn 0.363407 0.903164 -0.22853800000000005
vn 0.492273 0.735696 -0.46520900000000004
vn 0.168083 0.967984 0.18642599999999995
vn 0.698515 0.678359 -0.22782900000000003
vn 0.750047 0.46932699999999994 -0.46600600000000003
vn 0.548976 0.814781 0.18643299999999993
vn 0.914877 0.333207 -0.22797700000000004
vn 0.876811 0.12065599999999997 -0.465452
vn 0.832219 0.521848 0.18730999999999998
vn 0.97126 -0.06652700000000002 -0.228537
vn 0.85181 -0.24083600000000002 -0.465207
vn 0.972548 0.139266 0.186426
vn 0.861011 -0.454702 -0.22782799999999997
vn 0.678133 -0.568308 -0.46600499999999995
vn 0.944546 -0.270326 0.18643200000000001
vn 0.599612 -0.767133 -0.22797699999999996
vn 0.385701 -0.796609 -0.46545499999999995
vn 0.753477 -0.630228 0.18731100000000003
vn 0.236865 -0.944281 -0.22853699999999993
vn 0.034174 -0.884542 -0.46520799999999995
vn 0.432985 -0.881912 0.18642700000000006
vn -0.166382 -0.959381 -0.22782899999999995
vn -0.330939 -0.82056 -0.4660039999999999
vn 0.034785 -0.981852 0.18643300000000004
vn -0.544297 -0.807321 -0.22797799999999993
vn -0.638434 -0.61299 -0.46545299999999995
vn -0.366545 -0.91135 0.18731100000000006
vn -0.824868 -0.517072 -0.22853699999999996
vn -0.830689 -0.30584100000000003 -0.465207
vn -0.704949 -0.684319 0.18642600000000006
vn -0.96384 -0.13822800000000002 -0.227828
vn -0.895195 0.061697999999999975 -0.441383
vn -0.923047 -0.336492 0.18643300000000002
vn -0.972718 0.06609999999999999 -0.222375
vn -0.98071 0.06714200000000001 0.183576
vn -0.736577 -0.46065999999999996 0.49522400000000005
vn -0.860477 -0.12002999999999997 0.495148
vn -0.83537 0.23834800000000003 0.495325
vn -0.868288 0.06044700000000003 0.492365
vn -0.66895 0.04795600000000005 0.741759
vn -0.665729 0.558175 0.49522299999999997
vn -0.588621 0.31457000000000007 0.744695
vn -0.380058 0.781271 0.49514899999999995
vn -0.410463 0.52597 0.7449
vn -0.031462 0.868137 0.49532599999999993
vn -0.160018 0.647688 0.744913
vn -0.399959 0.33642400000000006 0.852556
vn -0.502068 0.14598600000000006 0.852418
vn -0.228297 0.46974400000000005 0.852773
vn -0.51093 0.03680900000000006 0.858834
vn -0.016308 0.522606 0.852418
vn -0.517301 -0.07196499999999995 0.852772
vn 0.11728 0.65702 0.744695
vn 0.196364 0.4843450000000001 0.852556
vn -0.627067 -0.22783999999999993 0.7449
vn -0.443553 -0.27642399999999995 0.852555
vn -0.481068 -0.46260499999999993 0.744694
vn -0.293989 -0.43238299999999996 0.852418
vn -0.484826 -0.720831 0.49532500000000007
vn -0.251245 -0.618047 0.744912
vn -0.09141 -0.51422 0.852773
vn -0.151747 -0.855453 0.49514900000000006
vn 0.022915 -0.666782 0.744901
vn 0.125829 -0.507261 0.852557
vn 0.210499 -0.842879 0.4952230000000001
vn 0.291305 -0.600474 0.744696
vn 0.320372 -0.41321299999999994 0.852418
vn 0.535732 -0.683846 0.49532500000000007
vn 0.510158 -0.42993499999999996 0.744912
vn 0.460805 -0.24584199999999995 0.852773
vn 0.766692 -0.40866899999999995 0.495149
vn 0.641228 -0.18425499999999995 0.7449
vn 0.521319 -0.03708299999999994 0.852556
vn 0.866673 -0.060267999999999974 0.495223
vn 0.661104 0.09149000000000004 0.744695
vn 0.49199 0.17700200000000005 0.852418
vn 0.815926 0.29819100000000004 0.495325
vn 0.56654 0.35233300000000006 0.744912
vn 0.376206 0.36228400000000005 0.852772
vn 0.625588 0.602883 0.49514899999999995
vn 0.373387 0.552907 0.7449
vn 0.325135 0.80563 0.49522399999999994
vn 0.360277 0.809193 -0.46412000000000003
vn 0.880922 -0.09258700000000003 -0.464116
vn 0 9.999999999387675E-07 -1
vn 0.184167 -0.866417 -0.46411699999999995
vn -0.658258 0.592695 -0.46412200000000003
vn -0.767101 -0.44288700000000003 -0.464119
vn 0.767102 0.44288400000000006 0.46412
vn -0.184162 0.866417 0.46411899999999995
vn 1E-06 -1.9999999999387675E-06 1
vn 0.658259 -0.592695 0.46412100000000006
vn -0.880922 0.09258600000000003 0.464118
vn -0.360274 -0.809193 0.46412100000000006
vn 0.3883 -0.796126 -0.4641179999999999
vn -0.637172 -0.61531 -0.46411699999999995
vn 0 1.9999999999387675E-06 -1
vn -0.782093 0.41584399999999994 -0.464117
vn 0.877153 0.12327799999999997 -0.464117
vn 0.153814 0.872316 -0.46411800000000003
vn -0.153812 -0.872315 0.46412100000000006
vn 0.782092 -0.41584199999999993 0.464121
vn -0 6.123233995736766E-17 1
vn -0.877152 -0.12327799999999997 0.46412
vn 0.637172 0.615309 0.46411899999999995
vn -0.388298 0.796126 0.4641199999999999
vn 0.924937 -0.327948 0.19220200000000004
vn 0.936454 0.293449 0.19220299999999998
vn 0.916812 -0.016991999999999976 0.398957
vn 0.702169 -0.530309 0.47511100000000006
vn 0.568468 -0.799939 0.19220200000000007
vn 0.721337 0.503927 0.4751119999999999
vn 0.597718 0.778326 0.19220199999999996
vn 0.267151 -0.877191 0.39895700000000006
vn -0.026076 -0.981009 0.19220200000000007
vn 0.57894 -0.01072999999999995 0.815299
vn 0.168698 -0.55392 0.8153
vn -0.287372 -0.831677 0.47511100000000006
vn -0.585121 -0.78784 0.19220200000000007
vn -0 6.123233995736766E-17 1
vn -0.751704 -0.525143 0.39895700000000006
vn -0.941053 -0.278349 0.19220200000000004
vn -0.474679 -0.33161199999999996 0.8153
vn -0.879775 0.016305000000000028 0.475111
vn -0.930093 0.313028 0.19220099999999998
vn -0.462066 0.34897300000000003 0.8153
vn -0.731729 0.552635 0.39895699999999995
vn -0.555527 0.80898 0.19220199999999996
vn 0.189107 0.547289 0.8153
vn -0.256358 0.841754 0.47511099999999995
vn 0.010292 0.981301 0.19220199999999996
vn 0.29947 0.86669 0.39895699999999995
vn 0.650426 -0.742048 0.16220200000000007
vn 0.965648 -0.203017 0.162198
vn 0.810754 -0.474123 0.34334500000000007
vn 0.365527 -0.833424 0.41448000000000007
vn 0.105322 -0.98112 0.16220600000000004
vn 0.905589 0.09008400000000003 0.414481
vn 0.906729 0.389279 0.16218799999999997
vn 0.55658 -0.32548499999999997 0.764381
vn -0.200379 -0.917584 0.34334700000000007
vn -0.504743 -0.847895 0.16219700000000006
vn 0.701453 0.624561 0.34334599999999993
vn 0.491479 0.855653 0.16218899999999994
vn -0.679681 -0.605175 0.4144840000000001
vn -0.900555 -0.403351 0.16220000000000004
vn -0.137561 -0.629917 0.764383
vn -0.934593 -0.09297299999999997 0.343354
vn -0.96237 0.218023 0.162202
vn -0.641591 -0.06382699999999995 0.764386
vn 2E-06 -1.9999999999387675E-06 1
vn -0.785587 0.459407 0.41448599999999997
vn -0.661894 0.731837 0.16220899999999994
vn -0.258964 0.59047 0.764384
vn 0.481545 0.4287540000000001 0.764385
vn -0.377228 0.860123 0.34334899999999996
vn -0.090034 0.98264 0.16221099999999994
vn 0.194161 0.889105 0.41447999999999996
vn 0.897386 -0.409831 0.16351600000000002
vn 0.986223 -0.02503599999999999 0.163517
vn 0.934408 -0.21572499999999997 0.28345
vn 0.761854 -0.552013 0.3389110000000001
vn 0.64718 -0.744494 0.16397300000000006
vn 0.926736 0.16217100000000004 0.338912
vn 0.908046 0.385442 0.16397399999999998
vn 0.785364 -0.18131599999999998 0.591885
vn 0.44061 -0.831265 0.33891200000000005
vn 0.280949 -0.94569 0.16351900000000005
vn 0.479287 -0.551357 0.682853
vn 0.08358 -0.955338 0.28345000000000004
vn -0.112464 -0.980109 0.16351900000000005
vn 0.070248 -0.802956 0.591885
vn -0.289569 -0.895147 0.3389130000000001
vn -0.508067 -0.845565 0.16397300000000006
vn 0.0377 -0.43091399999999996 0.901605
vn -0.654424 -0.67592 0.33891200000000005
vn -0.812586 -0.559433 0.16351700000000002
vn -0.376264 -0.626208 0.682854
vn -0.882753 -0.374705 0.28345
vn -0.966892 -0.195911 0.163518
vn -0.741948 -0.31493799999999994 0.591885
vn -0.940817 -0.0012189999999999792 0.338912
vn -0.961181 0.221907 0.163975
vn -0.398174 -0.16901499999999994 0.901605
vn -0.711831 0.16434000000000007 0.682853
vn -0.845067 0.413522 0.338912
vn -0.783156 0.599941 0.16351499999999997
vn -0.283785 0.3264580000000001 0.901605
vn -0.629153 0.723756 0.2834499999999999
vn -0.485108 0.85903 0.16351399999999994
vn -0.528798 0.608312 0.591886
vn -0.291887 0.894394 0.33891199999999994
vn -0.085975 0.982711 0.16397299999999995
vn -0.063673 0.727775 0.682854
vn 0.132144 0.931492 0.33891199999999994
vn 0.32857 0.930217 0.16351699999999994
vn 0.222785 0.37077600000000005 0.901605
vn 0.493915 0.822012 0.28344899999999995
vn 0.667079 0.72682 0.16351599999999994
vn 0.415132 0.690896 0.591885
vn 0.760421 0.553984 0.33891199999999994
vn 0.67248 0.28545000000000004 0.682853
vn 0.421474 -0.09730499999999995 0.901605
vn 0 6.123233995736766E-17 1
vn 0.761087 -0.611126 0.21742000000000003
vn 0.975556 -0.031928999999999985 0.217419
vn 0.842338 -0.311907 0.439523
vn 0.474446 -0.711912 0.517767
vn 0.271096 -0.937676 0.21742000000000006
vn 0.82368 0.23123400000000002 0.517767
vn 0.816403 0.53499 0.21741999999999997
vn -0.036344 -0.897496 0.43952300000000005
vn -0.346025 -0.912686 0.21741900000000006
vn 0.500831 -0.18545099999999995 0.845444
vn -0.021609 -0.533627 0.845444
vn -0.530455 -0.671219 0.517767
vn -0.808008 -0.547586 0.21742200000000003
vn 0 6.123233995736766E-17 1
vn -0.8648 -0.24277599999999996 0.439524
vn -0.974943 0.047056000000000014 0.217421
vn -0.514187 -0.14434899999999995 0.845444
vn -0.802286 0.29707600000000006 0.517767
vn -0.770474 0.599248 0.21742099999999998
vn -0.296176 0.44441500000000006 0.845444
vn -0.498132 0.747451 0.43952399999999997
vn -0.256522 0.941766 0.21742299999999995
vn 0.33114 0.41901200000000005 0.845444
vn 0.034617 0.85482 0.517768
vn 0.331831 0.917941 0.21742299999999995
vn 0.556937 0.704727 0.43952399999999997
vn 0.897386 -0.409831 0.16351700000000002
vn 0.986223 -0.02503599999999999 0.163517
vn 0.934408 -0.21572599999999997 0.28345
vn 0.761854 -0.552012 0.3389110000000001
vn 0.64718 -0.744493 0.16397400000000006
vn 0.926736 0.16217000000000004 0.338912
vn 0.908046 0.385442 0.16397299999999998
vn 0.785364 -0.18131599999999998 0.591885
vn 0.44061 -0.831265 0.33891200000000005
vn 0.280948 -0.94569 0.16351900000000005
vn 0.479287 -0.551358 0.682853
vn 0.08358 -0.955338 0.28345100000000006
vn -0.112464 -0.980109 0.16351900000000005
vn 0.070248 -0.802956 0.591885
vn -0.289569 -0.895147 0.33891200000000005
vn -0.508067 -0.845565 0.16397300000000006
vn 0.037699 -0.43091399999999996 0.901605
vn -0.654424 -0.67592 0.33891200000000005
vn -0.812586 -0.559433 0.16351700000000002
vn -0.376264 -0.626208 0.682854
vn -0.882753 -0.374706 0.28345
vn -0.966892 -0.195911 0.163518
vn -0.741948 -0.31493799999999994 0.591885
vn -0.940817 -0.0012189999999999792 0.338912
vn -0.961181 0.221907 0.163975
vn -0.398174 -0.16901499999999994 0.901605
vn -0.711831 0.16434000000000007 0.682853
vn -0.845066 0.413523 0.338912
vn -0.783156 0.599941 0.16351499999999997
vn -0.283785 0.32645700000000005 0.901605
vn -0.629152 0.723756 0.2834499999999999
vn -0.485108 0.85903 0.16351499999999994
vn -0.528799 0.608312 0.591886
vn -0.291887 0.894394 0.33891199999999994
vn -0.085975 0.982711 0.16397299999999995
vn -0.063673 0.727775 0.682854
vn 0.132144 0.931492 0.33891099999999996
vn 0.32857 0.930217 0.16351699999999994
vn 0.222785 0.37077600000000005 0.901605
vn 0.493915 0.822013 0.28344899999999995
vn 0.667079 0.72682 0.16351599999999994
vn 0.415132 0.690896 0.591885
vn 0.760421 0.553985 0.33891099999999996
vn 0.67248 0.28545000000000004 0.682853
vn 0.421474 -0.09730499999999995 0.901605
vn -0 6.123233995736766E-17 1
vn 0.655542 -0.585483 -0.4769419999999999
vn 0.581626 -0.799593 -0.14953999999999995
vn 0.358372 -0.803281 -0.4757199999999999
vn 0.201345 -0.968573 -0.14603399999999994
vn 0.00214 -0.882713 -0.46990899999999997
vn 0.85932 -0.489718 -0.14746199999999998
vn 0.838319 -0.2701970000000001 -0.473514
vn -0.200229 -0.968839 -0.14580299999999993
vn -0.354617 -0.805377 -0.47498999999999997
vn 0.983022 -0.10780200000000001 -0.14848
vn 0.872229 0.09230999999999998 -0.480307
vn -0.580746 -0.800338 -0.14897199999999994
vn -0.653153 -0.589103 -0.47576099999999993
vn 0.939785 0.305933 -0.15234600000000004
vn 0.757128 0.44122599999999995 -0.481744
vn -0.858852 -0.490781 -0.14665299999999998
vn -0.837803 -0.27454000000000006 -0.471926
vn 0.730982 0.665671 -0.15016000000000002
vn 0.51466 0.711969 -0.47772900000000007
vn -0.983043 -0.10896500000000002 -0.147487
vn -0.873597 0.08813099999999997 -0.478604
vn 0.40615 0.901311 -0.15059900000000007
vn 0.181361 0.85654 -0.48316400000000004
vn -0.940277 0.304873 -0.15143200000000004
vn -0.759939 0.43787799999999993 -0.48037
vn -0.000584 0.988147 -0.15351000000000006
vn -0.185625 0.855851 -0.48276500000000006
vn -0.731844 0.664877 -0.14947600000000003
vn -0.518458 0.709864 -0.47675400000000007
vn -0.40724 0.90089 -0.15017600000000006
vn -0.797028 0.484217 0.36094399999999993
vn -0.559743 0.770422 0.30518499999999993
vn -0.214223 0.907649 0.36094499999999996
vn 0.214224 0.907649 0.36094499999999996
vn 0.559744 0.770421 0.30518599999999996
vn -0.465158 0.640235 0.611332
vn 0 0.721732 0.692173
vn 0.465158 0.640235 0.611331
vn 0.797027 0.484218 0.36094399999999993
vn 0.260763 0.35890900000000003 0.896207
vn 0.929425 0.07674100000000003 0.360944
vn 0.686407 0.22302700000000006 0.692173
vn 0.905685 -0.294275 0.305184
vn 0.752642 -0.24454799999999996 0.611332
vn 0.706814 -0.608387 0.36094400000000004
vn 0.421923 -0.13709099999999994 0.896207
vn 0.424223 -0.583893 0.692173
vn 0.360193 -0.860222 0.36094400000000004
vn 0 -0.4436359999999999 0.896207
vn -0 -0.952293 0.30518500000000004
vn -0 -0.791374 0.611332
vn -0.360193 -0.860221 0.36094400000000004
vn -0.424224 -0.583893 0.692173
vn -0.706813 -0.608387 0.36094400000000004
vn -0.421923 -0.13709099999999994 0.896207
vn -0.905685 -0.294274 0.305185
vn -0.752642 -0.24454799999999996 0.611331
vn -0.929425 0.07674100000000003 0.360943
vn -0.686408 0.22302800000000006 0.692173
vn -0.260763 0.35890900000000003 0.896207
vn 0 6.123233995736766E-17 1
vn -0.946171 0.279178 0.16376999999999997
vn -0.977872 -0.130026 0.16389
vn -0.934483 0.08229400000000003 0.346367
vn -0.887358 -0.304583 0.346158
vn -0.840612 -0.516298 0.16373100000000002
vn -0.820047 0.455727 0.3461719999999999
vn -0.750793 0.639924 0.16372899999999999
vn -0.686831 -0.639084 0.34617200000000004
vn -0.557895 -0.813592 0.16377300000000006
vn -0.563887 0.749805 0.34615699999999994
vn -0.425842 0.889831 0.16388799999999995
vn -0.367037 -0.863315 0.34636700000000004
vn -0.178515 -0.970192 0.16389000000000006
vn -0.210503 0.914177 0.3463669999999999
vn -0.02687 0.986132 0.16377199999999995
vn 0.015468 -0.938049 0.34615700000000005
vn 0.231266 -0.959015 0.16372600000000007
vn 0.180013 0.920739 0.34617299999999995
vn 0.376596 0.911793 0.16373499999999994
vn 0.395562 -0.850703 0.34617200000000004
vn 0.601372 -0.782005 0.16376800000000005
vn 0.538859 0.767988 0.34615899999999994
vn 0.714688 0.679971 0.16389199999999995
vn 0.707641 -0.615852 0.34636700000000004
vn 0.867542 -0.469586 0.16389100000000004
vn 0.804384 0.482697 0.3463669999999999
vn 0.929565 0.330286 0.16377099999999997
vn 0.896917 -0.275163 0.346158
vn 0.983542 -0.07640499999999999 0.163732
vn 0.931302 0.11332100000000003 0.346172
vn 0.673226 -0.38617699999999994 0.630582
vn 0.742997 -0.08200699999999995 0.664252
vn 0.736947 0.24156200000000003 0.631314
vn 0.560908 0.49387500000000006 0.664432
vn 0.521267 0.14028300000000005 0.841785
vn 0.461691 -0.2793729999999999 0.841898
vn 0.440315 -0.603684 0.664597
vn 0.163115 -0.758495 0.630935
vn 0.11815 -0.526639 0.841839
vn -0.149094 -0.732595 0.664135
vn -0.000291 -0.00023599999999993876 1
vn -0.296773 -0.45101399999999997 0.841732
vn -0.453303 -0.629326 0.631241
vn -0.641616 -0.38316799999999995 0.664463
vn -0.530999 -0.09873399999999995 0.841601
vn -0.770559 -0.08434099999999996 0.631764
vn -0.715408 0.21469000000000002 0.664906
vn -0.439371 0.3143250000000001 0.841518
vn -0.577265 0.515669 0.633128
vn -0.323613 0.672927 0.665165
vn -0.078929 0.53496 0.841183
vn -0.004305 0.772674 0.634789
vn 0.287658 0.44964800000000005 0.845618
vn 0.278824 0.692042 0.665834
g 01
f 1/1/1 2/2/2 3/3/3
f 4/4/4 5/5/5 6/6/6
f 7/7/7 8/8/8 9/9/9
f 10/10/10 11/11/11 12/12/12
f 13/13/13 14/14/14 15/15/15
f 16/16/16 17/17/17 18/18/18
f 19/19/19 20/20/20 21/21/21
f 22/22/22 23/23/23 24/24/24
f 25/25/25 26/26/26 27/27/27
f 28/28/28 29/29/29 30/30/30
f 31/31/31 32/32/32 33/33/33
f 34/34/34 35/35/35 36/36/36
f 37/37/37 38/38/38 39/39/39
f 40/40/40 41/41/41 42/42/42
f 43/43/43 44/44/44 45/45/45
f 46/46/46 47/47/47 48/48/48
f 49/49/49 50/50/50 51/51/51
f 52/52/52 53/53/53 54/54/54
f 55/55/55 56/56/56 57/57/57
f 58/58/58 59/59/59 60/60/60
f 61/61/61 62/62/62 63/63/63
f 64/64/64 65/65/65 66/66/66
f 67/67/67 68/68/68 69/69/69
f 70/70/70 71/71/71 72/72/72
f 73/73/73 74/74/74 75/75/75
f 76/76/76 77/77/77 78/78/78
f 79/79/79 80/80/80 81/81/81
f 82/82/82 83/83/83 84/84/84
f 85/85/85 86/86/86 87/87/87
f 88/88/88 89/89/89 90/90/90
f 91/91/91 92/92/92 93/93/93
f 94/94/94 95/95/95 96/96/96
f 97/97/97 98/98/98 99/99/99
f 100/100/100 101/101/101 102/102/102
f 103/103/103 104/104/104 105/105/105
f 106/106/106 107/107/107 108/108/108
f 109/109/109 110/110/110 111/111/111
f 112/112/112 113/113/113 114/114/114
f 115/115/115 116/116/116 117/117/117
f 118/118/118 119/119/119 120/120/120
f 121/121/121 122/122/122 123/123/123
f 124/124/124 125/125/125 126/126/126
f 127/127/127 128/128/128 129/129/129
f 130/130/130 131/131/131 132/132/132
f 133/133/133 134/134/134 135/135/135
f 136/136/136 137/137/137 138/138/138
f 139/139/139 140/140/140 141/141/141
f 142/142/142 143/143/143 144/144/144
f 145/145/145 146/146/146 147/147/147
f 148/148/148 149/149/149 150/150/150
f 151/151/151 152/152/152 153/153/153
f 154/154/154 155/155/155 156/156/156
f 157/157/157 158/158/158 159/159/159
f 160/160/160 161/161/161 162/162/162
f 163/163/163 164/164/164 165/165/165
f 166/166/166 167/167/167 168/168/168
f 169/169/169 170/170/170 171/171/171
f 172/172/172 173/173/173 174/174/174
f 175/175/175 176/176/176 177/177/177
f 178/178/178 179/179/179 180/180/180
f 181/181/181 182/182/182 183/183/183
f 184/184/184 185/185/185 186/186/186
f 187/187/187 188/188/188 189/189/189
f 190/190/190 191/191/191 192/192/192
f 193/193/193 194/194/194 195/195/195
f 196/196/196 197/197/197 198/198/198
f 199/199/199 200/200/200 201/201/201
f 202/202/202 203/203/203 204/204/204
f 205/205/205 206/206/206 207/207/207
f 208/208/208 209/209/209 210/210/210
f 211/211/211 212/212/212 213/213/213
f 214/214/214 215/215/215 216/216/216
f 217/217/217 218/218/218 219/219/219
f 220/220/220 221/221/221 222/222/222
f 223/223/223 224/224/224 225/225/225
f 226/226/226 227/227/227 228/228/228
f 229/229/229 230/230/230 231/231/231
f 232/232/232 233/233/233 234/234/234
f 235/235/235 236/236/236 237/237/237
f 238/238/238 239/239/239 240/240/240
f 241/241/241 242/242/242 243/243/243
f 244/244/244 245/245/245 246/246/246
f 247/247/247 248/248/248 249/249/249
f 250/250/250 251/251/251 252/252/252
f 253/253/253 254/254/254 255/255/255
f 256/256/256 257/257/257 258/258/258
f 259/259/259 260/260/260 261/261/261
f 262/262/262 263/263/263 264/264/264
f 265/265/265 266/266/266 267/267/267
f 268/268/268 269/269/269 270/270/270
f 271/271/271 272/272/272 273/273/273
f 274/274/274 275/275/275 276/276/276
f 277/277/277 278/278/278 279/279/279
f 280/280/280 281/281/281 282/282/282
f 283/283/283 284/284/284 285/285/285
f 286/286/286 287/287/287 288/288/288
f 289/289/289 290/290/290 291/291/291
f 292/292/292 293/293/293 294/294/294
f 295/295/295 296/296/296 297/297/297
f 298/298/298 299/299/299 300/300/300
f 301/301/301 302/302/302 303/303/303
f 304/304/304 305/305/305 306/306/306
f 307/307/307 308/308/308 309/309/309
f 310/310/310 311/311/311 312/312/312
f 313/313/313 314/314/314 315/315/315
f 316/316/316 317/317/317 318/318/318
f 319/319/319 320/320/320 321/321/321
f 322/322/322 323/323/323 324/324/324
f 325/325/325 326/326/326 327/327/327
f 328/328/328 329/329/329 330/330/330
f 331/331/331 332/332/332 333/333/333
f 334/334/334 335/335/335 336/336/336
f 337/337/337 338/338/338 339/339/339
f 340/340/340 341/341/341 342/342/342
f 343/343/343 344/344/344 345/345/345
f 346/346/346 347/347/347 348/348/348
f 349/349/349 350/350/350 351/351/351
f 352/352/352 353/353/353 354/354/354
f 355/355/355 356/356/356 357/357/357
f 358/358/358 359/359/359 360/360/360
f 361/361/361 362/362/362 363/363/363
f 364/364/364 365/365/365 366/366/366
f 367/367/367 368/368/368 369/369/369
f 370/370/370 371/371/371 372/372/372
f 373/373/373 374/374/374 375/375/375
f 376/376/376 377/377/377 378/378/378
f 379/379/379 380/380/380 381/381/381
f 382/382/382 383/383/383 384/384/384
f 385/385/385 386/386/386 387/387/387
f 388/388/388 389/389/389 390/390/390
f 391/391/391 392/392/392 393/393/393
f 394/394/394 395/395/395 396/396/396
f 397/397/397 398/398/398 399/399/399
f 400/400/400 401/401/401 402/402/402
f 403/403/403 404/404/404 405/405/405
f 406/406/406 407/407/407 408/408/408
f 409/409/409 410/410/410 411/411/411
f 412/412/412 413/413/413 414/414/414
f 415/415/415 416/416/416 417/417/417
f 418/418/418 419/419/419 420/420/420
f 421/421/421 422/422/422 423/423/423
f 424/424/424 425/425/425 426/426/426
f 427/427/427 428/428/428 429/429/429
f 430/430/430 431/431/431 432/432/432
f 433/433/433 434/434/434 435/435/435
f 436/436/436 437/437/437 438/438/438
f 439/439/439 440/440/440 441/441/441
f 442/442/442 443/443/443 444/444/444
f 445/445/445 446/446/446 447/447/447
f 448/448/448 449/449/449 450/450/450
f 451/451/451 452/452/452 453/453/453
f 454/454/454 455/455/455 456/456/456
f 457/457/457 458/458/458 459/459/459
f 460/460/460 461/461/461 462/462/462
f 463/463/463 464/464/464 465/465/465
f 466/466/466 467/467/467 468/468/468
f 469/469/469 470/470/470 471/471/471
f 472/472/472 473/473/473 474/474/474
f 475/475/475 476/476/476 477/477/477
f 478/478/478 479/479/479 480/480/480
f 481/481/481 482/482/482 483/483/483
f 484/484/484 485/485/485 486/486/486
f 487/487/487 488/488/488 489/489/489
f 490/490/490 491/491/491 492/492/492
f 493/493/493 494/494/494 495/495/495
f 496/496/496 497/497/497 498/498/498
f 499/499/499 500/500/500 501/501/501
f 502/502/502 503/503/503 504/504/504
f 505/505/505 506/506/506 507/507/507
f 508/508/508 509/509/509 510/510/510
f 511/511/511 512/512/512 513/513/513
f 514/514/514 515/515/515 516/516/516
f 517/517/517 518/518/518 519/519/519
f 520/520/520 521/521/521 522/522/522
f 523/523/523 524/524/524 525/525/525
f 526/526/526 527/527/527 528/528/528
f 529/529/529 530/530/530 531/531/531
f 532/532/532 533/533/533 534/534/534
f 535/535/535 536/536/536 537/537/537
f 538/538/538 539/539/539 540/540/540
f 541/541/541 542/542/542 543/543/543
f 544/544/544 545/545/545 546/546/546
f 547/547/547 548/548/548 549/549/549
f 550/550/550 551/551/551 552/552/552
f 553/553/553 554/554/554 555/555/555
f 556/556/556 557/557/557 558/558/558
f 559/559/559 560/560/560 561/561/561
f 562/562/562 563/563/563 564/564/564
f 565/565/565 566/566/566 567/567/567
f 568/568/568 569/569/569 570/570/570
f 571/571/571 572/572/572 573/573/573
f 574/574/574 575/575/575 576/576/576
f 577/577/577 578/578/578 579/579/579
f 580/580/580 581/581/581 582/582/582
f 583/583/583 584/584/584 585/585/585
f 586/586/586 587/587/587 588/588/588
f 589/589/589 590/590/590 591/591/591
f 592/592/592 593/593/593 594/594/594
f 595/595/595 596/596/596 597/597/597
f 598/598/598 599/599/599 600/600/600
f 601/601/601 602/602/602 603/603/603
f 604/604/604 605/605/605 606/606/606
f 607/607/607 608/608/608 609/609/609
f 610/610/610 611/611/611 612/612/612
f 613/613/613 614/614/614 615/615/615
f 616/616/616 617/617/617 618/618/618
f 619/619/619 620/620/620 621/621/621
f 622/622/622 623/623/623 624/624/624
f 625/625/625 626/626/626 627/627/627
f 628/628/628 629/629/629 630/630/630
f 631/631/631 632/632/632 633/633/633
f 634/634/634 635/635/635 636/636/636
f 637/637/637 638/638/638 639/639/639
f 640/640/640 641/641/641 638/638/638
f 642/642/642 643/643/643 641/641/641
f 644/644/644 645/645/645 643/643/643
f 646/646/646 645/645/645 647/647/647
f 648/648/648 649/649/649 646/646/646
f 650/650/650 651/651/651 649/649/649
f 652/652/652 653/653/653 651/651/651
f 654/654/654 655/655/655 653/653/653
f 656/656/656 657/657/657 658/658/658
f 659/659/659 660/660/660 657/657/657
f 661/661/661 662/662/662 660/660/660
f 663/663/663 664/664/664 662/662/662
f 665/665/665 664/664/664 666/666/666
f 667/667/667 668/668/668 665/665/665
f 669/669/669 670/670/670 668/668/668
f 671/671/671 672/672/672 670/670/670
f 673/673/673 674/674/674 672/672/672
f 675/675/675 676/676/676 677/677/677
f 678/678/678 679/679/679 675/675/675
f 680/680/680 681/681/681 682/682/682
f 683/683/683 684/684/684 680/680/680
f 685/685/685 686/686/686 687/687/687
f 688/688/688 689/689/689 685/685/685
f 690/690/690 691/691/691 692/692/692
f 693/693/693 694/694/694 690/690/690
f 695/695/695 696/696/696 697/697/697
f 698/698/698 699/699/699 695/695/695
f 700/700/700 701/701/701 702/702/702
f 703/703/703 704/704/704 700/700/700
f 705/705/705 706/706/706 707/707/707
f 708/708/708 709/709/709 705/705/705
f 710/710/710 711/711/711 712/712/712
f 713/713/713 714/714/714 710/710/710
f 715/715/715 716/716/716 717/717/717
f 718/718/718 719/719/719 715/715/715
f 720/720/720 721/721/721 722/722/722
f 723/723/723 724/724/724 720/720/720
f 725/725/725 726/726/726 727/727/727
f 728/728/728 729/729/729 725/725/725
f 730/730/730 731/731/731 732/732/732
f 733/733/733 734/734/734 730/730/730
f 735/735/735 736/736/736 737/737/737
f 738/738/738 739/739/739 735/735/735
f 740/740/740 741/741/741 742/742/742
f 743/743/743 744/744/744 740/740/740
f 745/745/745 746/746/746 747/747/747
f 748/748/748 749/749/749 745/745/745
f 750/750/750 751/751/751 752/752/752
f 753/753/753 754/754/754 750/750/750
f 755/755/755 756/756/756 757/757/757
f 758/758/758 759/759/759 755/755/755
f 760/760/760 761/761/761 762/762/762
f 763/763/763 764/764/764 760/760/760
f 765/765/765 766/766/766 767/767/767
f 768/768/768 769/769/769 765/765/765
f 770/770/770 771/771/771 772/772/772
f 773/773/773 774/774/774 770/770/770
f 775/775/775 776/776/776 777/777/777
f 778/778/778 779/779/779 775/775/775
f 780/780/780 781/781/781 782/782/782
f 783/783/783 784/784/784 780/780/780
f 785/785/785 786/786/786 787/787/787
f 788/788/788 789/789/789 785/785/785
f 790/790/790 791/791/791 792/792/792
f 793/793/793 794/794/794 790/790/790
f 795/795/795 796/796/796 797/797/797
f 798/798/798 799/799/799 795/795/795
f 800/800/800 801/801/801 802/802/802
f 803/803/803 804/804/804 800/800/800
f 805/805/805 806/806/806 807/807/807
f 808/808/808 809/809/809 805/805/805
f 810/810/810 811/811/811 812/812/812
f 813/813/813 814/814/814 810/810/810
f 815/815/815 816/816/816 817/817/817
f 817/817/817 818/818/818 819/819/819
f 820/820/820 821/821/821 822/822/822
f 822/822/822 823/823/823 824/824/824
f 825/825/825 826/826/826 827/827/827
f 828/828/828 829/829/829 825/825/825
f 830/830/830 831/831/831 829/829/829
f 829/829/829 832/832/832 833/833/833
f 834/834/834 835/835/835 836/836/836
f 837/837/837 838/838/838 834/834/834
f 839/839/839 838/838/838 840/840/840
f 841/841/841 842/842/842 839/839/839
f 843/843/843 844/844/844 845/845/845
f 846/846/846 847/847/847 843/843/843
f 848/848/848 849/849/849 847/847/847
f 847/847/847 850/850/850 851/851/851
f 852/852/852 853/853/853 854/854/854
f 855/855/855 856/856/856 852/852/852
f 857/857/857 856/856/856 858/858/858
f 859/859/859 860/860/860 857/857/857
f 861/861/861 862/862/862 863/863/863
f 864/864/864 865/865/865 861/861/861
f 866/866/866 867/867/867 865/865/865
f 865/865/865 868/868/868 869/869/869
f 870/870/870 871/871/871 872/872/872
f 873/873/873 874/874/874 870/870/870
f 875/875/875 874/874/874 876/876/876
f 877/877/877 878/878/878 875/875/875
f 879/879/879 880/880/880 881/881/881
f 882/882/882 883/883/883 879/879/879
f 884/884/884 885/885/885 883/883/883
f 883/883/883 886/886/886 887/887/887
f 888/888/888 889/889/889 890/890/890
f 891/891/891 892/892/892 888/888/888
f 893/893/893 892/892/892 894/894/894
f 895/895/895 896/896/896 893/893/893
f 897/897/897 898/898/898 899/899/899
f 900/900/900 901/901/901 897/897/897
f 902/902/902 903/903/903 901/901/901
f 901/901/901 904/904/904 905/905/905
f 906/906/906 907/907/907 908/908/908
f 909/909/909 910/910/910 906/906/906
f 911/911/911 910/910/910 912/912/912
f 913/913/913 914/914/914 911/911/911
f 915/915/915 916/916/916 917/917/917
f 918/918/918 919/919/919 915/915/915
f 920/920/920 921/921/921 919/919/919
f 919/919/919 922/922/922 923/923/923
f 924/924/924 925/925/925 926/926/926
f 927/927/927 928/928/928 924/924/924
f 929/929/929 928/928/928 930/930/930
f 931/931/931 932/932/932 929/929/929
f 933/933/933 934/934/934 935/935/935
f 936/936/936 937/937/937 933/933/933
f 938/938/938 939/939/939 937/937/937
f 937/937/937 940/940/940 941/941/941
f 942/942/942 943/943/943 944/944/944
f 945/945/945 946/946/946 942/942/942
f 947/947/947 946/946/946 948/948/948
f 949/949/949 950/950/950 947/947/947
f 951/951/951 952/952/952 953/953/953
f 954/954/954 955/955/955 951/951/951
f 956/956/956 957/957/957 958/958/958
f 959/959/959 960/960/960 956/956/956
f 961/961/961 962/962/962 963/963/963
f 964/964/964 965/965/965 961/961/961
f 966/966/966 967/967/967 968/968/968
f 969/969/969 970/970/970 966/966/966
f 971/971/971 972/972/972 973/973/973
f 974/974/974 975/975/975 971/971/971
f 976/976/976 977/977/977 978/978/978
f 979/979/979 980/980/980 976/976/976
f 981/981/981 982/982/982 983/983/983
f 984/984/984 985/985/985 981/981/981
f 986/986/986 987/987/987 988/988/988
f 989/989/989 990/990/990 986/986/986
f 991/991/991 992/992/992 993/993/993
f 994/994/994 995/995/995 991/991/991
f 996/996/996 997/997/997 998/998/998
f 999/999/999 1000/1000/1000 996/996/996
f 1001/1001/1001 1002/1002/1002 1003/1003/1003
f 1004/1004/1004 1005/1005/1005 1001/1001/1001
f 1006/1006/1006 1007/1007/1007 1008/1008/1008
f 1009/1009/1009 1010/1010/1010 1006/1006/1006
f 1011/1011/1011 1012/1012/1012 1013/1013/1013
f 1014/1014/1014 1015/1015/1015 1011/1011/1011
f 1016/1016/1016 1017/1017/1017 1018/1018/1018
f 1019/1019/1019 1020/1020/1020 1016/1016/1016
f 1021/1021/1021 1022/1022/1022 1023/1023/1023
f 1024/1024/1024 1025/1025/1025 1021/1021/1021
f 1026/1026/1026 1027/1027/1027 1028/1028/1028
f 1029/1029/1029 1030/1030/1030 1026/1026/1026
f 1031/1031/1031 1032/1032/1032 1033/1033/1033
f 1034/1034/1034 1035/1035/1035 1031/1031/1031
f 1036/1036/1036 1037/1037/1037 1038/1038/1038
f 1038/1038/1038 1039/1039/1039 1040/1040/1040
f 1039/1039/1039 1041/1041/1041 1040/1040/1040
f 1042/1042/1042 1043/1043/1043 1044/1044/1044
f 1045/1045/1045 1046/1046/1046 1042/1042/1042
f 1047/1047/1047 1048/1048/1048 1049/1049/1049
f 1050/1050/1050 1051/1051/1051 1047/1047/1047
f 1052/1052/1052 1053/1053/1053 1054/1054/1054
f 1054/1054/1054 1055/1055/1055 1056/1056/1056
f 1057/1057/1057 1058/1058/1058 1059/1059/1059
f 1059/1059/1059 1060/1060/1060 1061/1061/1061
f 1062/1062/1062 1063/1063/1063 1064/1064/1064
f 1065/1065/1065 1066/1066/1066 1062/1062/1062
f 1067/1067/1067 1068/1068/1068 1069/1069/1069
f 1070/1070/1070 1067/1067/1067 1071/1071/1071
f 1072/1072/1072 1070/1070/1070 1071/1071/1071
f 1072/1072/1072 1071/1071/1071 1073/1073/1073
f 1071/1071/1071 1074/1074/1074 1073/1073/1073
f 1074/1074/1074 1075/1075/1075 1073/1073/1073
f 1076/1076/1076 1077/1077/1077 1078/1078/1078
f 1078/1078/1078 1079/1079/1079 1080/1080/1080
f 1081/1081/1081 1082/1082/1082 1083/1083/1083
f 1084/1084/1084 1085/1085/1085 1083/1083/1083
f 1086/1086/1086 1087/1087/1087 1088/1088/1088
f 1089/1089/1089 1088/1088/1088 1090/1090/1090
f 1091/1091/1091 1090/1090/1090 1092/1092/1092
f 1093/1093/1093 1092/1092/1092 1094/1094/1094
f 1093/1093/1093 1094/1094/1094 1095/1095/1095
f 1093/1093/1093 1095/1095/1095 1096/1096/1096
f 1097/1097/1097 1098/1098/1098 1099/1099/1099
f 1100/1100/1100 1097/1097/1097 1101/1101/1101
f 1102/1102/1102 1100/1100/1100 1103/1103/1103
f 1104/1104/1104 1102/1102/1102 1105/1105/1105
f 1106/1106/1106 1104/1104/1104 1105/1105/1105
f 1107/1107/1107 1106/1106/1106 1105/1105/1105
f 1108/1108/1108 1109/1109/1109 1110/1110/1110
f 1111/1111/1111 1112/1112/1112 1108/1108/1108
f 1112/1112/1112 1113/1113/1113 1114/1114/1114
f 1115/1115/1115 1116/1116/1116 1112/1112/1112
f 1117/1117/1117 1118/1118/1118 1119/1119/1119
f 1120/1120/1120 1121/1121/1121 1117/1117/1117
f 1122/1122/1122 1121/1121/1121 1123/1123/1123
f 1124/1124/1124 1125/1125/1125 1122/1122/1122
f 1126/1126/1126 1127/1127/1127 1128/1128/1128
f 1128/1128/1128 1129/1129/1129 1130/1130/1130
f 1131/1131/1131 1132/1132/1132 1133/1133/1133
f 1133/1133/1133 1134/1134/1134 1135/1135/1135
f 1136/1136/1136 1137/1137/1137 1138/1138/1138
f 1138/1138/1138 1139/1139/1139 1140/1140/1140
f 1141/1141/1141 1142/1142/1142 1143/1143/1143
f 1143/1143/1143 1144/1144/1144 1145/1145/1145
f 1146/1146/1146 1147/1147/1147 1148/1148/1148
f 1148/1148/1148 1149/1149/1149 1150/1150/1150
f 1151/1151/1151 1152/1152/1152 1153/1153/1153
f 1153/1153/1153 1154/1154/1154 1155/1155/1155
f 1156/1156/1156 1157/1157/1157 1158/1158/1158
f 1158/1158/1158 1159/1159/1159 1160/1160/1160
f 1159/1159/1159 1161/1161/1161 1162/1162/1162
f 1163/1163/1163 1164/1164/1164 1159/1159/1159
f 1165/1165/1165 1166/1166/1166 1167/1167/1167
f 1167/1167/1167 1168/1168/1168 1169/1169/1169
f 1170/1170/1170 1171/1171/1171 1172/1172/1172
f 1172/1172/1172 1173/1173/1173 1174/1174/1174
f 1174/1174/1174 1173/1173/1173 1175/1175/1175
f 1175/1175/1175 1176/1176/1176 1177/1177/1177
f 1177/1177/1177 1178/1178/1178 1179/1179/1179
f 1180/1180/1180 1181/1181/1181 1182/1182/1182
f 1182/1182/1182 1183/1183/1183 1184/1184/1184
f 1185/1185/1185 1186/1186/1186 1187/1187/1187
f 1187/1187/1187 1188/1188/1188 1189/1189/1189
f 1190/1190/1190 1191/1191/1191 1192/1192/1192
f 1191/1191/1191 1193/1193/1193 1194/1194/1194
f 1195/1195/1195 1196/1196/1196 1197/1197/1197
f 1196/1196/1196 1198/1198/1198 1199/1199/1199
f 1200/1200/1200 1201/1201/1201 1202/1202/1202
f 1203/1203/1203 1204/1204/1204 1202/1202/1202
f 1205/1205/1205 1206/1206/1206 1207/1207/1207
f 1208/1208/1208 1209/1209/1209 1205/1205/1205
f 1210/1210/1210 1211/1211/1211 1212/1212/1212
f 1213/1213/1213 1214/1214/1214 1211/1211/1211
f 1215/1215/1215 1216/1216/1216 1214/1214/1214
f 1217/1217/1217 1215/1215/1215 1218/1218/1218
f 1219/1219/1219 1220/1220/1220 1221/1221/1221
f 1222/1222/1222 1223/1223/1223 1219/1219/1219
f 1224/1224/1224 1225/1225/1225 1226/1226/1226
f 1227/1227/1227 1228/1228/1228 1224/1224/1224
f 1229/1229/1229 1230/1230/1230 1231/1231/1231
f 1232/1232/1232 1233/1233/1233 1229/1229/1229
f 1234/1234/1234 1235/1235/1235 1236/1236/1236
f 1237/1237/1237 1238/1238/1238 1234/1234/1234
f 1239/1239/1239 1240/1240/1240 1241/1241/1241
f 1242/1242/1242 1243/1243/1243 1239/1239/1239
f 1244/1244/1244 1245/1245/1245 1246/1246/1246
f 1247/1247/1247 1248/1248/1248 1244/1244/1244
f 1249/1249/1249 1250/1250/1250 1251/1251/1251
f 1252/1252/1252 1249/1249/1249 1253/1253/1253
f 1254/1254/1254 1252/1252/1252 1255/1255/1255
f 1256/1256/1256 1254/1254/1254 1257/1257/1257
f 1258/1258/1258 1256/1256/1256 1257/1257/1257
f 1259/1259/1259 1258/1258/1258 1257/1257/1257
f 1260/1260/1260 1261/1261/1261 1262/1262/1262
f 1263/1263/1263 1264/1264/1264 1260/1260/1260
f 1265/1265/1265 1260/1260/1260 1264/1264/1264
f 1264/1264/1264 1266/1266/1266 1265/1265/1265
f 1267/1267/1267 1265/1265/1265 1266/1266/1266
f 1266/1266/1266 1268/1268/1268 1269/1269/1269
f 1270/1270/1270 1271/1271/1271 1272/1272/1272
f 1273/1273/1273 1274/1274/1274 1272/1272/1272
f 1275/1275/1275 1276/1276/1276 1272/1272/1272
f 1276/1276/1276 1274/1274/1274 1277/1277/1277
f 1277/1277/1277 1278/1278/1278 1276/1276/1276
f 1279/1279/1279 1280/1280/1280 1281/1281/1281
f 1281/1281/1281 1282/1282/1282 1283/1283/1283
f 1282/1282/1282 1281/1281/1281 1284/1284/1284
f 1284/1284/1284 1285/1285/1285 1282/1282/1282
f 1286/1286/1286 1287/1287/1287 1288/1288/1288
f 1289/1289/1289 1290/1290/1290 1286/1286/1286
f 1291/1291/1291 1286/1286/1286 1290/1290/1290
f 1290/1290/1290 1292/1292/1292 1291/1291/1291
f 1293/1293/1293 1291/1291/1291 1292/1292/1292
f 1292/1292/1292 1294/1294/1294 1295/1295/1295
f 1296/1296/1296 1297/1297/1297 1298/1298/1298
f 1298/1298/1298 1299/1299/1299 1296/1296/1296
f 1300/1300/1300 1301/1301/1301 1302/1302/1302
f 1302/1302/1302 1303/1303/1303 1300/1300/1300
f 1304/1304/1304 1305/1305/1305 1306/1306/1306
f 1306/1306/1306 1307/1307/1307 1304/1304/1304
f 1308/1308/1308 1309/1309/1309 1310/1310/1310
f 1310/1310/1310 1311/1311/1311 1308/1308/1308
f 1312/1312/1312 1313/1313/1313 1314/1314/1314
f 1314/1314/1314 1315/1315/1315 1312/1312/1312
f 1316/1316/1316 1317/1317/1317 1318/1318/1318
f 1318/1318/1318 1319/1319/1319 1316/1316/1316
f 1320/1320/1320 1321/1321/1321 1322/1322/1322
f 1322/1322/1322 1323/1323/1323 1320/1320/1320
f 1324/1324/1324 1325/1325/1325 1326/1326/1326
f 1326/1326/1326 1327/1327/1327 1324/1324/1324
f 1328/1328/1328 1329/1329/1329 1330/1330/1330
f 1330/1330/1330 1331/1331/1331 1328/1328/1328
f 1332/1332/1332 1333/1333/1333 1334/1334/1334
f 1334/1334/1334 1335/1335/1335 1332/1332/1332
f 1336/1336/1336 1337/1337/1337 1338/1338/1338
f 1338/1338/1338 1339/1339/1339 1336/1336/1336
f 1340/1340/1340 1341/1341/1341 1342/1342/1342
f 1342/1342/1342 1343/1343/1343 1340/1340/1340
f 1344/1344/1344 1345/1345/1345 1346/1346/1346
f 1346/1346/1346 1347/1347/1347 1344/1344/1344
f 1348/1348/1348 1349/1349/1349 1350/1350/1350
f 1350/1350/1350 1351/1351/1351 1348/1348/1348
f 1352/1352/1352 1353/1353/1353 1354/1354/1354
f 1354/1354/1354 1355/1355/1355 1352/1352/1352
f 1356/1356/1356 1357/1357/1357 1358/1358/1358
f 1358/1358/1358 1359/1359/1359 1356/1356/1356
f 1360/1360/1360 1361/1361/1361 1362/1362/1362
f 1362/1362/1362 1363/1363/1363 1360/1360/1360
f 1364/1364/1364 1365/1365/1365 1366/1366/1366
f 1366/1366/1366 1367/1367/1367 1364/1364/1364
f 1368/1368/1368 1369/1369/1369 1370/1370/1370
f 1370/1370/1370 1371/1371/1371 1368/1368/1368
f 1372/1372/1372 1373/1373/1373 1374/1374/1374
f 1374/1374/1374 1375/1375/1375 1372/1372/1372
f 1376/1376/1376 1377/1377/1377 1378/1378/1378
f 1378/1378/1378 1379/1379/1379 1376/1376/1376
f 1380/1380/1380 1381/1381/1381 1382/1382/1382
f 1382/1382/1382 1383/1383/1383 1380/1380/1380
f 1384/1384/1384 1385/1385/1385 1386/1386/1386
f 1386/1386/1386 1387/1387/1387 1384/1384/1384
f 1388/1388/1388 1389/1389/1389 1390/1390/1390
f 1390/1390/1390 1391/1391/1391 1388/1388/1388
f 1392/1392/1392 1393/1393/1393 1394/1394/1394
f 1394/1394/1394 1395/1395/1395 1392/1392/1392
f 1396/1396/1396 1397/1397/1397 1398/1398/1398
f 1398/1398/1398 1399/1399/1399 1396/1396/1396
f 1400/1400/1400 1401/1401/1401 1402/1402/1402
f 1402/1402/1402 1403/1403/1403 1400/1400/1400
f 1404/1404/1404 1405/1405/1405 1406/1406/1406
f 1406/1406/1406 1407/1407/1407 1404/1404/1404
f 1408/1408/1408 1409/1409/1409 1410/1410/1410
f 1410/1410/1410 1411/1411/1411 1408/1408/1408
f 1412/1412/1412 1413/1413/1413 1414/1414/1414
f 1414/1414/1414 1415/1415/1415 1412/1412/1412
f 1416/1416/1416 1417/1417/1417 1418/1418/1418
f 1418/1418/1418 1419/1419/1419 1416/1416/1416
f 1420/1420/1420 1421/1421/1421 1422/1422/1422
f 1422/1422/1422 1423/1423/1423 1420/1420/1420
f 1424/1424/1424 1425/1425/1425 1426/1426/1426
f 1426/1426/1426 1427/1427/1427 1424/1424/1424
f 1428/1428/1428 1429/1429/1429 1430/1430/1430
f 1430/1430/1430 1431/1431/1431 1428/1428/1428
f 1432/1432/1432 1433/1433/1433 1434/1434/1434
f 1434/1434/1434 1435/1435/1435 1432/1432/1432
f 1436/1436/1436 1437/1437/1437 1438/1438/1438
f 1438/1438/1438 1439/1439/1439 1436/1436/1436
f 1440/1440/1440 1441/1441/1441 1442/1442/1442
f 1442/1442/1442 1443/1443/1443 1440/1440/1440
f 1444/1444/1444 1445/1445/1445 1446/1446/1446
f 1446/1446/1446 1447/1447/1447 1444/1444/1444
f 1448/1448/1448 1449/1449/1449 1450/1450/1450
f 1450/1450/1450 1451/1451/1451 1448/1448/1448
f 1452/1452/1452 1453/1453/1453 1454/1454/1454
f 1454/1454/1454 1455/1455/1455 1452/1452/1452
f 1456/1456/1456 1457/1457/1457 1458/1458/1458
f 1458/1458/1458 1459/1459/1459 1456/1456/1456
f 1460/1460/1460 1461/1461/1461 1462/1462/1462
f 1462/1462/1462 1463/1463/1463 1460/1460/1460
f 1464/1464/1464 1465/1465/1465 1466/1466/1466
f 1466/1466/1466 1467/1467/1467 1464/1464/1464
f 1468/1468/1468 1469/1469/1469 1470/1470/1470
f 1470/1470/1470 1471/1471/1471 1468/1468/1468
f 1472/1472/1472 1473/1473/1473 1474/1474/1474
f 1474/1474/1474 1475/1475/1475 1472/1472/1472
f 1476/1476/1476 1477/1477/1477 1478/1478/1478
f 1478/1478/1478 1479/1479/1479 1476/1476/1476
f 1480/1480/1480 1481/1481/1481 1482/1482/1482
f 1482/1482/1482 1483/1483/1483 1480/1480/1480
f 1484/1484/1484 1485/1485/1485 1486/1486/1486
f 1486/1486/1486 1487/1487/1487 1484/1484/1484
f 1488/1488/1488 1489/1489/1489 1490/1490/1490
f 1490/1490/1490 1491/1491/1491 1488/1488/1488
f 1492/1492/1492 1493/1493/1493 1494/1494/1494
f 1494/1494/1494 1495/1495/1495 1492/1492/1492
f 1496/1496/1496 1497/1497/1497 1498/1498/1498
f 1498/1498/1498 1499/1499/1499 1496/1496/1496
f 1500/1500/1500 1501/1501/1501 1502/1502/1502
f 1502/1502/1502 1503/1503/1503 1500/1500/1500
f 1504/1504/1504 1505/1505/1505 1506/1506/1506
f 1506/1506/1506 1507/1507/1507 1504/1504/1504
f 1508/1508/1508 1509/1509/1509 1510/1510/1510
f 1510/1510/1510 1511/1511/1511 1508/1508/1508
f 1512/1512/1512 1513/1513/1513 1514/1514/1514
f 1512/1512/1512 1515/1515/1515 1513/1513/1513
f 1516/1516/1516 1517/1517/1517 1518/1518/1518
f 1516/1516/1516 1519/1519/1519 1517/1517/1517
f 1520/1520/1520 1521/1521/1521 1522/1522/1522
f 1520/1520/1520 1523/1523/1523 1521/1521/1521
f 1524/1524/1524 1525/1525/1525 1526/1526/1526
f 1524/1524/1524 1527/1527/1527 1525/1525/1525
f 1528/1528/1528 1529/1529/1529 1530/1530/1530
f 1528/1528/1528 1531/1531/1531 1529/1529/1529
f 1532/1532/1532 1533/1533/1533 1534/1534/1534
f 1532/1532/1532 1535/1535/1535 1533/1533/1533
f 1536/1536/1536 1537/1537/1537 1538/1538/1538
f 1536/1536/1536 1539/1539/1539 1537/1537/1537
f 1540/1540/1540 1541/1541/1541 1542/1542/1542
f 1540/1540/1540 1543/1543/1543 1541/1541/1541
f 1544/1544/1544 1545/1545/1545 1546/1546/1546
f 1544/1544/1544 1547/1547/1547 1545/1545/1545
f 1548/1548/1548 1549/1549/1549 1550/1550/1550
f 1548/1548/1548 1551/1551/1551 1549/1549/1549
f 1552/1552/1552 1553/1553/1553 1554/1554/1554
f 1552/1552/1552 1555/1555/1555 1553/1553/1553
f 1556/1556/1556 1557/1557/1557 1558/1558/1558
f 1556/1556/1556 1559/1559/1559 1557/1557/1557
f 1560/1560/1560 1561/1561/1561 1562/1562/1562
f 1560/1560/1560 1563/1563/1563 1561/1561/1561
f 1564/1564/1564 1565/1565/1565 1566/1566/1566
f 1564/1564/1564 1567/1567/1567 1565/1565/1565
f 1568/1568/1568 1569/1569/1569 1570/1570/1570
f 1568/1568/1568 1571/1571/1571 1569/1569/1569
f 1572/1572/1572 1573/1573/1573 1574/1574/1574
f 1574/1574/1574 1575/1575/1575 1572/1572/1572
f 1576/1576/1576 1577/1577/1577 1578/1578/1578
f 1578/1578/1578 1579/1579/1579 1576/1576/1576
f 1580/1580/1580 1581/1581/1581 1582/1582/1582
f 1582/1582/1582 1583/1583/1583 1580/1580/1580
f 1584/1584/1584 1585/1585/1585 1586/1586/1586
f 1586/1586/1586 1587/1587/1587 1584/1584/1584
f 1588/1588/1588 1589/1589/1589 1590/1590/1590
f 1590/1590/1590 1591/1591/1591 1588/1588/1588
f 1592/1592/1592 1593/1593/1593 1594/1594/1594
f 1592/1592/1592 1595/1595/1595 1593/1593/1593
f 1596/1596/1596 1597/1597/1597 1598/1598/1598
f 1596/1596/1596 1599/1599/1599 1597/1597/1597
f 1600/1600/1600 1601/1601/1601 1602/1602/1602
f 1600/1600/1600 1603/1603/1603 1601/1601/1601
f 1604/1604/1604 1605/1605/1605 1606/1606/1606
f 1604/1604/1604 1607/1607/1607 1605/1605/1605
f 1608/1608/1608 1609/1609/1609 1610/1610/1610
f 1608/1608/1608 1611/1611/1611 1609/1609/1609
f 1612/1612/1612 1613/1613/1613 1614/1614/1614
f 1612/1612/1612 1615/1615/1615 1613/1613/1613
f 1616/1616/1616 1617/1617/1617 1618/1618/1618
f 1618/1618/1618 1619/1619/1619 1616/1616/1616
f 1620/1620/1620 1621/1621/1621 1622/1622/1622
f 1622/1622/1622 1623/1623/1623 1620/1620/1620
f 1624/1624/1624 1625/1625/1625 1626/1626/1626
f 1626/1626/1626 1627/1627/1627 1624/1624/1624
f 1628/1628/1628 1629/1629/1629 1630/1630/1630
f 1630/1630/1630 1631/1631/1631 1628/1628/1628
f 1632/1632/1632 1633/1633/1633 1634/1634/1634
f 1634/1634/1634 1635/1635/1635 1632/1632/1632
f 1636/1636/1636 1637/1637/1637 1638/1638/1638
f 1638/1638/1638 1639/1639/1639 1636/1636/1636
f 1640/1640/1640 1641/1641/1641 1642/1642/1642
f 1642/1642/1642 1643/1643/1643 1640/1640/1640
f 1644/1644/1644 1645/1645/1645 1646/1646/1646
f 1646/1646/1646 1647/1647/1647 1644/1644/1644
f 1648/1648/1648 1649/1649/1649 1650/1650/1650
f 1650/1650/1650 1651/1651/1651 1648/1648/1648
f 1652/1652/1652 1653/1653/1653 1654/1654/1654
f 1654/1654/1654 1655/1655/1655 1652/1652/1652
f 1656/1656/1656 1657/1657/1657 1658/1658/1658
f 1658/1658/1658 1659/1659/1659 1656/1656/1656
f 1660/1660/1660 1661/1661/1661 1662/1662/1662
f 1662/1662/1662 1663/1663/1663 1660/1660/1660
f 1664/1664/1664 1665/1665/1665 1666/1666/1666
f 1666/1666/1666 1667/1667/1667 1664/1664/1664
f 1668/1668/1668 1669/1669/1669 1670/1670/1670
f 1670/1670/1670 1671/1671/1671 1668/1668/1668
f 1672/1672/1672 1673/1673/1673 1674/1674/1674
f 1674/1674/1674 1675/1675/1675 1672/1672/1672
f 1676/1676/1676 1677/1677/1677 1678/1678/1678
f 1678/1678/1678 1679/1679/1679 1676/1676/1676
f 1680/1680/1680 1681/1681/1681 1682/1682/1682
f 1682/1682/1682 1683/1683/1683 1680/1680/1680
f 1684/1684/1684 1685/1685/1685 1686/1686/1686
f 1686/1686/1686 1687/1687/1687 1684/1684/1684
f 1688/1688/1688 1689/1689/1689 1690/1690/1690
f 1690/1690/1690 1691/1691/1691 1688/1688/1688
f 1692/1692/1692 1693/1693/1693 1694/1694/1694
f 1694/1694/1694 1695/1695/1695 1692/1692/1692
f 1696/1696/1696 1697/1697/1697 1698/1698/1698
f 1698/1698/1698 1699/1699/1699 1696/1696/1696
f 1700/1700/1700 1701/1701/1701 1702/1702/1702
f 1702/1702/1702 1703/1703/1703 1700/1700/1700
f 1704/1704/1704 1705/1705/1705 1706/1706/1706
f 1706/1706/1706 1707/1707/1707 1704/1704/1704
f 1708/1708/1708 1709/1709/1709 1710/1710/1710
f 1710/1710/1710 1711/1711/1711 1708/1708/1708
f 1712/1712/1712 1713/1713/1713 1714/1714/1714
f 1714/1714/1714 1715/1715/1715 1712/1712/1712
f 1716/1716/1716 1717/1717/1717 1718/1718/1718
f 1718/1718/1718 1719/1719/1719 1716/1716/1716
f 1720/1720/1720 1721/1721/1721 1722/1722/1722
f 1722/1722/1722 1723/1723/1723 1720/1720/1720
f 1724/1724/1724 1725/1725/1725 1726/1726/1726
f 1726/1726/1726 1727/1727/1727 1724/1724/1724
f 1728/1728/1728 1729/1729/1729 1730/1730/1730
f 1730/1730/1730 1731/1731/1731 1728/1728/1728
f 1732/1732/1732 1733/1733/1733 1734/1734/1734
f 1734/1734/1734 1735/1735/1735 1732/1732/1732
f 1736/1736/1736 1737/1737/1737 1738/1738/1738
f 1738/1738/1738 1739/1739/1739 1736/1736/1736
f 1740/1740/1740 1741/1741/1741 1742/1742/1742
f 1742/1742/1742 1743/1743/1743 1740/1740/1740
f 1744/1744/1744 1745/1745/1745 1746/1746/1746
f 1746/1746/1746 1747/1747/1747 1744/1744/1744
f 1748/1748/1748 1749/1749/1749 1750/1750/1750
f 1750/1750/1750 1751/1751/1751 1748/1748/1748
f 1752/1752/1752 1753/1753/1753 1754/1754/1754
f 1754/1754/1754 1755/1755/1755 1752/1752/1752
f 1756/1756/1756 1757/1757/1757 1758/1758/1758
f 1758/1758/1758 1759/1759/1759 1756/1756/1756
f 1760/1760/1760 1761/1761/1761 1762/1762/1762
f 1762/1762/1762 1763/1763/1763 1760/1760/1760
f 1764/1764/1764 1765/1765/1765 1766/1766/1766
f 1766/1766/1766 1767/1767/1767 1764/1764/1764
f 1768/1768/1768 1769/1769/1769 1770/1770/1770
f 1770/1770/1770 1771/1771/1771 1768/1768/1768
f 1772/1772/1772 1773/1773/1773 1774/1774/1774
f 1774/1774/1774 1775/1775/1775 1772/1772/1772
f 1776/1776/1776 1777/1777/1777 1778/1778/1778
f 1778/1778/1778 1779/1779/1779 1776/1776/1776
f 1780/1780/1780 1781/1781/1781 1782/1782/1782
f 1782/1782/1782 1783/1783/1783 1780/1780/1780
f 1784/1784/1784 1785/1785/1785 1786/1786/1786
f 1786/1786/1786 1787/1787/1787 1784/1784/1784
f 1788/1788/1788 1789/1789/1789 1790/1790/1790
f 1790/1790/1790 1791/1791/1791 1788/1788/1788
f 1792/1792/1792 1793/1793/1793 1794/1794/1794
f 1794/1794/1794 1795/1795/1795 1792/1792/1792
f 1796/1796/1796 1797/1797/1797 1798/1798/1798
f 1798/1798/1798 1799/1799/1799 1796/1796/1796
f 1800/1800/1800 1801/1801/1801 1802/1802/1802
f 1802/1802/1802 1803/1803/1803 1800/1800/1800
f 1804/1804/1804 1805/1805/1805 1806/1806/1806
f 1806/1806/1806 1807/1807/1807 1804/1804/1804
f 1808/1808/1808 1809/1809/1809 1810/1810/1810
f 1810/1810/1810 1811/1811/1811 1808/1808/1808
f 1812/1812/1812 1813/1813/1813 1814/1814/1814
f 1814/1814/1814 1815/1815/1815 1812/1812/1812
f 1816/1816/1816 1817/1817/1817 1818/1818/1818
f 1818/1818/1818 1819/1819/1819 1816/1816/1816
f 1820/1820/1820 1821/1821/1821 1822/1822/1822
f 1822/1822/1822 1823/1823/1823 1820/1820/1820
f 1824/1824/1824 1825/1825/1825 1826/1826/1826
f 1826/1826/1826 1827/1827/1827 1824/1824/1824
f 1828/1828/1828 1829/1829/1829 1830/1830/1830
f 1830/1830/1830 1831/1831/1831 1828/1828/1828
f 1832/1832/1832 1833/1833/1833 1834/1834/1834
f 1834/1834/1834 1835/1835/1835 1832/1832/1832
f 1836/1836/1836 1837/1837/1837 1838/1838/1838
f 1838/1838/1838 1839/1839/1839 1836/1836/1836
f 1840/1840/1840 1841/1841/1841 1842/1842/1842
f 1842/1842/1842 1843/1843/1843 1840/1840/1840
f 1844/1844/1844 1845/1845/1845 1846/1846/1846
f 1846/1846/1846 1847/1847/1847 1844/1844/1844
f 1848/1848/1848 1849/1849/1849 1850/1850/1850
f 1850/1850/1850 1851/1851/1851 1848/1848/1848
f 1852/1852/1852 1853/1853/1853 1854/1854/1854
f 1854/1854/1854 1855/1855/1855 1852/1852/1852
f 1856/1856/1856 1857/1857/1857 1858/1858/1858
f 1858/1858/1858 1859/1859/1859 1856/1856/1856
f 1860/1860/1860 1861/1861/1861 1862/1862/1862
f 1862/1862/1862 1863/1863/1863 1860/1860/1860
f 1864/1864/1864 1865/1865/1865 1866/1866/1866
f 1866/1866/1866 1867/1867/1867 1864/1864/1864
f 1868/1868/1868 1869/1869/1869 1870/1870/1870
f 1870/1870/1870 1871/1871/1871 1868/1868/1868
f 1872/1872/1872 1873/1873/1873 1874/1874/1874
f 1874/1874/1874 1875/1875/1875 1872/1872/1872
f 1876/1876/1876 1877/1877/1877 1878/1878/1878
f 1878/1878/1878 1879/1879/1879 1876/1876/1876
f 1880/1880/1880 1881/1881/1881 1882/1882/1882
f 1882/1882/1882 1883/1883/1883 1880/1880/1880
f 1884/1884/1884 1885/1885/1885 1886/1886/1886
f 1886/1886/1886 1887/1887/1887 1884/1884/1884
f 1888/1888/1888 1889/1889/1889 1890/1890/1890
f 1890/1890/1890 1891/1891/1891 1888/1888/1888
f 1892/1892/1892 1893/1893/1893 1894/1894/1894
f 1894/1894/1894 1895/1895/1895 1892/1892/1892
f 1896/1896/1896 1897/1897/1897 1898/1898/1898
f 1898/1898/1898 1899/1899/1899 1896/1896/1896
f 1900/1900/1900 1901/1901/1901 1902/1902/1902
f 1902/1902/1902 1903/1903/1903 1900/1900/1900
f 1904/1904/1904 1905/1905/1905 1906/1906/1906
f 1906/1906/1906 1907/1907/1907 1904/1904/1904
f 1908/1908/1908 1909/1909/1909 1910/1910/1910
f 1910/1910/1910 1911/1911/1911 1908/1908/1908
f 1912/1912/1912 1913/1913/1913 1914/1914/1914
f 1914/1914/1914 1915/1915/1915 1912/1912/1912
f 1916/1916/1916 1917/1917/1917 1918/1918/1918
f 1918/1918/1918 1919/1919/1919 1916/1916/1916
f 1920/1920/1920 1921/1921/1921 1922/1922/1922
f 1922/1922/1922 1923/1923/1923 1920/1920/1920
f 1924/1924/1924 1925/1925/1925 1926/1926/1926
f 1926/1926/1926 1927/1927/1927 1924/1924/1924
f 1928/1928/1928 1929/1929/1929 1930/1930/1930
f 1930/1930/1930 1931/1931/1931 1928/1928/1928
f 1932/1932/1932 1933/1933/1933 1934/1934/1934
f 1934/1934/1934 1935/1935/1935 1932/1932/1932
f 1936/1936/1936 1937/1937/1937 1938/1938/1938
f 1938/1938/1938 1939/1939/1939 1936/1936/1936
f 1940/1940/1940 1941/1941/1941 1942/1942/1942
f 1942/1942/1942 1943/1943/1943 1940/1940/1940
f 1944/1944/1944 1945/1945/1945 1946/1946/1946
f 1946/1946/1946 1947/1947/1947 1944/1944/1944
f 1948/1948/1948 1949/1949/1949 1950/1950/1950
f 1950/1950/1950 1951/1951/1951 1948/1948/1948
f 1952/1952/1952 1953/1953/1953 1954/1954/1954
f 1954/1954/1954 1955/1955/1955 1952/1952/1952
f 1956/1956/1956 1957/1957/1957 1958/1958/1958
f 1958/1958/1958 1959/1959/1959 1956/1956/1956
f 1960/1960/1960 1961/1961/1961 1962/1962/1962
f 1962/1962/1962 1963/1963/1963 1960/1960/1960
f 1964/1964/1964 1965/1965/1965 1966/1966/1966
f 1966/1966/1966 1967/1967/1967 1964/1964/1964
f 1968/1968/1968 1969/1969/1969 1970/1970/1970
f 1970/1970/1970 1971/1971/1971 1968/1968/1968
f 1972/1972/1972 1973/1973/1973 1974/1974/1974
f 1974/1974/1974 1975/1975/1975 1972/1972/1972
f 1976/1976/1976 1977/1977/1977 1978/1978/1978
f 1978/1978/1978 1979/1979/1979 1976/1976/1976
f 1980/1980/1980 1981/1981/1981 1982/1982/1982
f 1982/1982/1982 1983/1983/1983 1980/1980/1980
f 1984/1984/1984 1985/1985/1985 1986/1986/1986
f 1986/1986/1986 1987/1987/1987 1984/1984/1984
f 1988/1988/1988 1989/1989/1989 1990/1990/1990
f 1990/1990/1990 1991/1991/1991 1988/1988/1988
f 1992/1992/1992 1993/1993/1993 1994/1994/1994
f 1994/1994/1994 1995/1995/1995 1992/1992/1992
f 1996/1996/1996 1997/1997/1997 1998/1998/1998
f 1998/1998/1998 1999/1999/1999 1996/1996/1996
f 2000/2000/2000 2001/2001/2001 2002/2002/2002
f 2002/2002/2002 2003/2003/2003 2000/2000/2000
f 2004/2004/2004 2005/2005/2005 2006/2006/2006
f 2006/2006/2006 2007/2007/2007 2004/2004/2004
f 2008/2008/2008 2009/2009/2009 2010/2010/2010
f 2010/2010/2010 2011/2011/2011 2008/2008/2008
f 2012/2012/2012 2013/2013/2013 2014/2014/2014
f 2014/2014/2014 2015/2015/2015 2012/2012/2012
f 2016/2016/2016 2017/2017/2017 2018/2018/2018
f 2018/2018/2018 2019/2019/2019 2016/2016/2016
f 2020/2020/2020 2021/2021/2021 2022/2022/2022
f 2022/2022/2022 2023/2023/2023 2020/2020/2020
f 2024/2024/2024 2025/2025/2025 2026/2026/2026
f 2026/2026/2026 2027/2027/2027 2024/2024/2024
f 2028/2028/2028 2029/2029/2029 2030/2030/2030
f 2030/2030/2030 2031/2031/2031 2028/2028/2028
f 2032/2032/2032 2033/2033/2033 2034/2034/2034
f 2034/2034/2034 2035/2035/2035 2032/2032/2032
f 2036/2036/2036 2037/2037/2037 2038/2038/2038
f 2038/2038/2038 2039/2039/2039 2036/2036/2036
f 2040/2040/2040 2041/2041/2041 2042/2042/2042
f 2042/2042/2042 2043/2043/2043 2040/2040/2040
f 2044/2044/2044 2045/2045/2045 2046/2046/2046
f 2046/2046/2046 2047/2047/2047 2044/2044/2044
f 2048/2048/2048 2049/2049/2049 2050/2050/2050
f 2050/2050/2050 2051/2051/2051 2048/2048/2048
f 2052/2052/2052 2053/2053/2053 2054/2054/2054
f 2052/2052/2052 2055/2055/2055 2053/2053/2053
f 2056/2056/2056 2057/2057/2057 2058/2058/2058
f 2056/2056/2056 2059/2059/2059 2057/2057/2057
f 2060/2060/2060 2061/2061/2061 2062/2062/2062
f 2060/2060/2060 2063/2063/2063 2061/2061/2061
f 2064/2064/2064 2065/2065/2065 2066/2066/2066
f 2064/2064/2064 2067/2067/2067 2065/2065/2065
f 2068/2068/2068 2069/2069/2069 2070/2070/2070
f 2068/2068/2068 2071/2071/2071 2069/2069/2069
f 2072/2072/2072 2073/2073/2073 2074/2074/2074
f 2072/2072/2072 2075/2075/2075 2073/2073/2073
f 2076/2076/2076 2077/2077/2077 2078/2078/2078
f 2078/2078/2078 2079/2079/2079 2076/2076/2076
f 2080/2080/2080 2081/2081/2081 2082/2082/2082
f 2082/2082/2082 2083/2083/2083 2080/2080/2080
f 2084/2084/2084 2085/2085/2085 2086/2086/2086
f 2086/2086/2086 2087/2087/2087 2084/2084/2084
f 2088/2088/2088 2089/2089/2089 2090/2090/2090
f 2090/2090/2090 2091/2091/2091 2088/2088/2088
f 2092/2092/2092 2093/2093/2093 2094/2094/2094
f 2094/2094/2094 2095/2095/2095 2092/2092/2092
f 2096/2096/2096 2097/2097/2097 2098/2098/2098
f 2098/2098/2098 2099/2099/2099 2096/2096/2096
f 2100/2100/2100 2101/2101/2101 2102/2102/2102
f 2102/2102/2102 2103/2103/2103 2100/2100/2100
f 2104/2104/2104 2105/2105/2105 2106/2106/2106
f 2106/2106/2106 2107/2107/2107 2104/2104/2104
f 2108/2108/2108 2109/2109/2109 2110/2110/2110
f 2110/2110/2110 2111/2111/2111 2108/2108/2108
f 2112/2112/2112 2113/2113/2113 2114/2114/2114
f 2114/2114/2114 2115/2115/2115 2112/2112/2112
f 2116/2116/2116 2117/2117/2117 2118/2118/2118
f 2118/2118/2118 2119/2119/2119 2116/2116/2116
f 2120/2120/2120 2121/2121/2121 2122/2122/2122
f 2122/2122/2122 2123/2123/2123 2120/2120/2120
f 2124/2124/2124 2125/2125/2125 2126/2126/2126
f 2124/2124/2124 2127/2127/2127 2125/2125/2125
f 2128/2128/2128 2129/2129/2129 2130/2130/2130
f 2128/2128/2128 2131/2131/2131 2129/2129/2129
f 2132/2132/2132 2133/2133/2133 2134/2134/2134
f 2132/2132/2132 2135/2135/2135 2133/2133/2133
f 2136/2136/2136 2137/2137/2137 2138/2138/2138
f 2136/2136/2136 2139/2139/2139 2137/2137/2137
f 2140/2140/2140 2141/2141/2141 2142/2142/2142
f 2140/2140/2140 2143/2143/2143 2141/2141/2141
f 2144/2144/2144 2145/2145/2145 2146/2146/2146
f 2146/2146/2146 2147/2147/2147 2144/2144/2144
f 2148/2148/2148 2149/2149/2149 2150/2150/2150
f 2150/2150/2150 2151/2151/2151 2148/2148/2148
f 2152/2152/2152 2153/2153/2153 2154/2154/2154
f 2154/2154/2154 2155/2155/2155 2152/2152/2152
f 2156/2156/2156 2157/2157/2157 2158/2158/2158
f 2158/2158/2158 2159/2159/2159 2156/2156/2156
f 2160/2160/2160 2161/2161/2161 2162/2162/2162
f 2162/2162/2162 2163/2163/2163 2160/2160/2160
f 2164/2164/2164 2165/2165/2165 2166/2166/2166
f 2166/2166/2166 2167/2167/2167 2164/2164/2164
f 2168/2168/2168 2169/2169/2169 2170/2170/2170
f 2170/2170/2170 2171/2171/2171 2168/2168/2168
f 2172/2172/2172 2173/2173/2173 2174/2174/2174
f 2174/2174/2174 2175/2175/2175 2172/2172/2172
f 2176/2176/2176 2177/2177/2177 2178/2178/2178
f 2178/2178/2178 2179/2179/2179 2176/2176/2176
f 2180/2180/2180 2181/2181/2181 2182/2182/2182
f 2182/2182/2182 2183/2183/2183 2180/2180/2180
f 2184/2184/2184 2185/2185/2185 2186/2186/2186
f 2186/2186/2186 2187/2187/2187 2184/2184/2184
f 2188/2188/2188 2189/2189/2189 2190/2190/2190
f 2190/2190/2190 2191/2191/2191 2188/2188/2188
f 2192/2192/2192 2193/2193/2193 2194/2194/2194
f 2194/2194/2194 2195/2195/2195 2192/2192/2192
f 2196/2196/2196 2197/2197/2197 2198/2198/2198
f 2198/2198/2198 2199/2199/2199 2196/2196/2196
f 2200/2200/2200 2201/2201/2201 2202/2202/2202
f 2202/2202/2202 2203/2203/2203 2200/2200/2200
f 2204/2204/2204 2205/2205/2205 2206/2206/2206
f 2206/2206/2206 2207/2207/2207 2204/2204/2204
f 2208/2208/2208 2209/2209/2209 2210/2210/2210
f 2210/2210/2210 2211/2211/2211 2208/2208/2208
f 2212/2212/2212 2213/2213/2213 2214/2214/2214
f 2214/2214/2214 2215/2215/2215 2212/2212/2212
f 2216/2216/2216 2217/2217/2217 2218/2218/2218
f 2218/2218/2218 2219/2219/2219 2216/2216/2216
f 2220/2220/2220 2221/2221/2221 2222/2222/2222
f 2222/2222/2222 2223/2223/2223 2220/2220/2220
f 2224/2224/2224 2225/2225/2225 2226/2226/2226
f 2226/2226/2226 2227/2227/2227 2224/2224/2224
f 2228/2228/2228 2229/2229/2229 2230/2230/2230
f 2230/2230/2230 2231/2231/2231 2228/2228/2228
f 2232/2232/2232 2233/2233/2233 2234/2234/2234
f 2234/2234/2234 2235/2235/2235 2232/2232/2232
f 2236/2236/2236 2237/2237/2237 2238/2238/2238
f 2238/2238/2238 2239/2239/2239 2236/2236/2236
f 2240/2240/2240 2241/2241/2241 2242/2242/2242
f 2242/2242/2242 2243/2243/2243 2240/2240/2240
f 2244/2244/2244 2245/2245/2245 2246/2246/2246
f 2246/2246/2246 2247/2247/2247 2244/2244/2244
f 2248/2248/2248 2249/2249/2249 2250/2250/2250
f 2250/2250/2250 2251/2251/2251 2248/2248/2248
f 2252/2252/2252 2253/2253/2253 2254/2254/2254
f 2254/2254/2254 2255/2255/2255 2252/2252/2252
f 2256/2256/2256 2257/2257/2257 2258/2258/2258
f 2258/2258/2258 2259/2259/2259 2256/2256/2256
f 2260/2260/2260 2261/2261/2261 2262/2262/2262
f 2262/2262/2262 2263/2263/2263 2260/2260/2260
f 2264/2264/2264 2265/2265/2265 2266/2266/2266
f 2266/2266/2266 2267/2267/2267 2264/2264/2264
f 2268/2268/2268 2269/2269/2269 2270/2270/2270
f 2270/2270/2270 2271/2271/2271 2268/2268/2268
f 2272/2272/2272 2273/2273/2273 2274/2274/2274
f 2274/2274/2274 2275/2275/2275 2272/2272/2272
f 2276/2276/2276 2277/2277/2277 2278/2278/2278
f 2278/2278/2278 2279/2279/2279 2276/2276/2276
f 2280/2280/2280 2281/2281/2281 2282/2282/2282
f 2282/2282/2282 2283/2283/2283 2280/2280/2280
f 2284/2284/2284 2285/2285/2285 2286/2286/2286
f 2286/2286/2286 2287/2287/2287 2284/2284/2284
f 2288/2288/2288 2289/2289/2289 2290/2290/2290
f 2290/2290/2290 2291/2291/2291 2288/2288/2288
f 2292/2292/2292 2293/2293/2293 2294/2294/2294
f 2294/2294/2294 2295/2295/2295 2292/2292/2292
f 2296/2296/2296 2297/2297/2297 2298/2298/2298
f 2298/2298/2298 2299/2299/2299 2296/2296/2296
f 2300/2300/2300 2301/2301/2301 2302/2302/2302
f 2302/2302/2302 2303/2303/2303 2300/2300/2300
f 2304/2304/2304 2305/2305/2305 2306/2306/2306
f 2306/2306/2306 2307/2307/2307 2304/2304/2304
f 2308/2308/2308 2309/2309/2309 2310/2310/2310
f 2310/2310/2310 2311/2311/2311 2308/2308/2308
f 2312/2312/2312 2313/2313/2313 2314/2314/2314
f 2314/2314/2314 2315/2315/2315 2312/2312/2312
f 2316/2316/2316 2317/2317/2317 2318/2318/2318
f 2318/2318/2318 2319/2319/2319 2316/2316/2316
f 2320/2320/2320 2321/2321/2321 2322/2322/2322
f 2322/2322/2322 2323/2323/2323 2320/2320/2320
f 2324/2324/2324 2325/2325/2325 2326/2326/2326
f 2326/2326/2326 2327/2327/2327 2324/2324/2324
f 2328/2328/2328 2329/2329/2329 2330/2330/2330
f 2330/2330/2330 2331/2331/2331 2328/2328/2328
f 2332/2332/2332 2333/2333/2333 2334/2334/2334
f 2334/2334/2334 2335/2335/2335 2332/2332/2332
f 2336/2336/2336 2337/2337/2337 2338/2338/2338
f 2338/2338/2338 2339/2339/2339 2336/2336/2336
f 2340/2340/2340 2341/2341/2341 2342/2342/2342
f 2342/2342/2342 2343/2343/2343 2340/2340/2340
f 2344/2344/2344 2345/2345/2345 2346/2346/2346
f 2346/2346/2346 2347/2347/2347 2344/2344/2344
f 2348/2348/2348 2349/2349/2349 2350/2350/2350
f 2350/2350/2350 2351/2351/2351 2348/2348/2348
f 2352/2352/2352 2353/2353/2353 2354/2354/2354
f 2354/2354/2354 2355/2355/2355 2352/2352/2352
f 2356/2356/2356 2357/2357/2357 2358/2358/2358
f 2358/2358/2358 2359/2359/2359 2356/2356/2356
f 2360/2360/2360 2361/2361/2361 2362/2362/2362
f 2362/2362/2362 2363/2363/2363 2360/2360/2360
f 2364/2364/2364 2365/2365/2365 2366/2366/2366
f 2366/2366/2366 2367/2367/2367 2364/2364/2364
f 2368/2368/2368 2369/2369/2369 2370/2370/2370
f 2370/2370/2370 2371/2371/2371 2368/2368/2368
f 2372/2372/2372 2373/2373/2373 2374/2374/2374
f 2374/2374/2374 2375/2375/2375 2372/2372/2372
f 2376/2376/2376 2377/2377/2377 2378/2378/2378
f 2378/2378/2378 2379/2379/2379 2376/2376/2376
f 2380/2380/2380 2381/2381/2381 2382/2382/2382
f 2382/2382/2382 2383/2383/2383 2380/2380/2380
f 2384/2384/2384 2385/2385/2385 2386/2386/2386
f 2386/2386/2386 2387/2387/2387 2384/2384/2384
f 2388/2388/2388 2389/2389/2389 2390/2390/2390
f 2390/2390/2390 2391/2391/2391 2388/2388/2388
f 2392/2392/2392 2393/2393/2393 2394/2394/2394
f 2394/2394/2394 2395/2395/2395 2392/2392/2392
f 2396/2396/2396 2397/2397/2397 2398/2398/2398
f 2398/2398/2398 2399/2399/2399 2396/2396/2396
f 2400/2400/2400 2401/2401/2401 2402/2402/2402
f 2402/2402/2402 2403/2403/2403 2400/2400/2400
f 2404/2404/2404 2405/2405/2405 2406/2406/2406
f 2406/2406/2406 2407/2407/2407 2404/2404/2404
f 2408/2408/2408 2409/2409/2409 2410/2410/2410
f 2410/2410/2410 2411/2411/2411 2408/2408/2408
f 2412/2412/2412 2413/2413/2413 2414/2414/2414
f 2414/2414/2414 2415/2415/2415 2412/2412/2412
f 2416/2416/2416 2417/2417/2417 2418/2418/2418
f 2418/2418/2418 2419/2419/2419 2416/2416/2416
f 2420/2420/2420 2421/2421/2421 2422/2422/2422
f 2422/2422/2422 2423/2423/2423 2420/2420/2420
f 2424/2424/2424 2425/2425/2425 2426/2426/2426
f 2426/2426/2426 2427/2427/2427 2424/2424/2424
f 2428/2428/2428 2429/2429/2429 2430/2430/2430
f 2430/2430/2430 2431/2431/2431 2428/2428/2428
f 2432/2432/2432 2433/2433/2433 2434/2434/2434
f 2434/2434/2434 2435/2435/2435 2432/2432/2432
f 2436/2436/2436 2437/2437/2437 2438/2438/2438
f 2438/2438/2438 2439/2439/2439 2436/2436/2436
f 2440/2440/2440 2441/2441/2441 2442/2442/2442
f 2442/2442/2442 2443/2443/2443 2440/2440/2440
f 2444/2444/2444 2445/2445/2445 2446/2446/2446
f 2445/2445/2445 2447/2447/2447 2446/2446/2446
f 2448/2448/2448 2449/2449/2449 2450/2450/2450
f 2449/2449/2449 2451/2451/2451 2450/2450/2450
f 2452/2452/2452 2453/2453/2453 2454/2454/2454
f 2453/2453/2453 2455/2455/2455 2454/2454/2454
f 2456/2456/2456 2457/2457/2457 2458/2458/2458
f 2458/2458/2458 2459/2459/2459 2456/2456/2456
f 2460/2460/2460 2461/2461/2461 2462/2462/2462
f 2462/2462/2462 2463/2463/2463 2460/2460/2460
f 2464/2464/2464 2465/2465/2465 2466/2466/2466
f 2466/2466/2466 2467/2467/2467 2464/2464/2464
f 2468/2468/2468 2469/2469/2469 2470/2470/2470
f 2470/2470/2470 2471/2471/2471 2468/2468/2468
f 2472/2472/2472 2473/2473/2473 2474/2474/2474
f 2474/2474/2474 2475/2475/2475 2472/2472/2472
f 2476/2476/2476 2477/2477/2477 2478/2478/2478
f 2478/2478/2478 2479/2479/2479 2476/2476/2476
f 2480/2480/2480 2481/2481/2481 2482/2482/2482
f 2482/2482/2482 2483/2483/2483 2480/2480/2480
f 2484/2484/2484 2485/2485/2485 2486/2486/2486
f 2486/2486/2486 2487/2487/2487 2484/2484/2484
f 2488/2488/2488 2489/2489/2489 2490/2490/2490
f 2490/2490/2490 2491/2491/2491 2488/2488/2488
f 2492/2492/2492 2493/2493/2493 2494/2494/2494
f 2494/2494/2494 2495/2495/2495 2492/2492/2492
f 2496/2496/2496 2497/2497/2497 2498/2498/2498
f 2498/2498/2498 2499/2499/2499 2496/2496/2496
f 2500/2500/2500 2501/2501/2501 2502/2502/2502
f 2502/2502/2502 2503/2503/2503 2500/2500/2500
f 2504/2504/2504 2505/2505/2505 2506/2506/2506
f 2506/2506/2506 2507/2507/2507 2504/2504/2504
f 2508/2508/2508 2509/2509/2509 2510/2510/2510
f 2510/2510/2510 2511/2511/2511 2508/2508/2508
f 2512/2512/2512 2513/2513/2513 2514/2514/2514
f 2514/2514/2514 2515/2515/2515 2512/2512/2512
f 2516/2516/2516 2517/2517/2517 2518/2518/2518
f 2518/2518/2518 2519/2519/2519 2516/2516/2516
f 2520/2520/2520 2521/2521/2521 2522/2522/2522
f 2522/2522/2522 2523/2523/2523 2520/2520/2520
f 2524/2524/2524 2525/2525/2525 2526/2526/2526
f 2526/2526/2526 2527/2527/2527 2524/2524/2524
f 2528/2528/2528 2529/2529/2529 2530/2530/2530
f 2530/2530/2530 2531/2531/2531 2528/2528/2528
f 2532/2532/2532 2533/2533/2533 2534/2534/2534
f 2534/2534/2534 2535/2535/2535 2532/2532/2532
f 2536/2536/2536 2537/2537/2537 2538/2538/2538
f 2538/2538/2538 2539/2539/2539 2536/2536/2536
f 2540/2540/2540 2541/2541/2541 2542/2542/2542
f 2542/2542/2542 2543/2543/2543 2540/2540/2540
f 2544/2544/2544 2545/2545/2545 2546/2546/2546
f 2546/2546/2546 2547/2547/2547 2544/2544/2544
f 2548/2548/2548 2549/2549/2549 2550/2550/2550
f 2550/2550/2550 2551/2551/2551 2548/2548/2548
f 2552/2552/2552 2553/2553/2553 2554/2554/2554
f 2554/2554/2554 2555/2555/2555 2552/2552/2552
f 2556/2556/2556 2557/2557/2557 2558/2558/2558
f 2558/2558/2558 2559/2559/2559 2556/2556/2556
f 2560/2560/2560 2561/2561/2561 2562/2562/2562
f 2562/2562/2562 2563/2563/2563 2560/2560/2560
f 2564/2564/2564 2565/2565/2565 2566/2566/2566
f 2566/2566/2566 2567/2567/2567 2564/2564/2564
f 2568/2568/2568 2569/2569/2569 2570/2570/2570
f 2570/2570/2570 2571/2571/2571 2568/2568/2568
f 2572/2572/2572 2573/2573/2573 2574/2574/2574
f 2574/2574/2574 2575/2575/2575 2572/2572/2572
f 2576/2576/2576 2577/2577/2577 2578/2578/2578
f 2578/2578/2578 2579/2579/2579 2576/2576/2576
f 2580/2580/2580 2581/2581/2581 2582/2582/2582
f 2582/2582/2582 2583/2583/2583 2580/2580/2580
f 2584/2584/2584 2585/2585/2585 2586/2586/2586
f 2586/2586/2586 2587/2587/2587 2584/2584/2584
f 2588/2588/2588 2589/2589/2589 2590/2590/2590
f 2590/2590/2590 2591/2591/2591 2588/2588/2588
f 2592/2592/2592 2593/2593/2593 2594/2594/2594
f 2594/2594/2594 2595/2595/2595 2592/2592/2592
f 2596/2596/2596 2597/2597/2597 2598/2598/2598
f 2598/2598/2598 2599/2599/2599 2596/2596/2596
f 2600/2600/2600 2601/2601/2601 2602/2602/2602
f 2602/2602/2602 2603/2603/2603 2600/2600/2600
f 2604/2604/2604 2605/2605/2605 2606/2606/2606
f 2606/2606/2606 2607/2607/2607 2604/2604/2604
f 2608/2608/2608 2609/2609/2609 2610/2610/2610
f 2610/2610/2610 2611/2611/2611 2608/2608/2608
f 2612/2612/2612 2613/2613/2613 2614/2614/2614
f 2614/2614/2614 2615/2615/2615 2612/2612/2612
f 2616/2616/2616 2617/2617/2617 2618/2618/2618
f 2618/2618/2618 2619/2619/2619 2616/2616/2616
f 2620/2620/2620 2621/2621/2621 2622/2622/2622
f 2622/2622/2622 2623/2623/2623 2620/2620/2620
f 2624/2624/2624 2625/2625/2625 2626/2626/2626
f 2626/2626/2626 2627/2627/2627 2624/2624/2624
f 2628/2628/2628 2629/2629/2629 2630/2630/2630
f 2630/2630/2630 2631/2631/2631 2628/2628/2628
f 2632/2632/2632 2633/2633/2633 2634/2634/2634
f 2634/2634/2634 2635/2635/2635 2632/2632/2632
f 2636/2636/2636 2637/2637/2637 2638/2638/2638
f 2638/2638/2638 2639/2639/2639 2636/2636/2636
f 2640/2640/2640 2641/2641/2641 2642/2642/2642
f 2642/2642/2642 2643/2643/2643 2640/2640/2640
f 2644/2644/2644 2645/2645/2645 2646/2646/2646
f 2646/2646/2646 2647/2647/2647 2644/2644/2644
f 2648/2648/2648 2649/2649/2649 2650/2650/2650
f 2650/2650/2650 2651/2651/2651 2648/2648/2648
f 2652/2652/2652 2653/2653/2653 2654/2654/2654
f 2654/2654/2654 2655/2655/2655 2652/2652/2652
f 2656/2656/2656 2657/2657/2657 2658/2658/2658
f 2658/2658/2658 2659/2659/2659 2656/2656/2656
f 2660/2660/2660 2661/2661/2661 2662/2662/2662
f 2662/2662/2662 2663/2663/2663 2660/2660/2660
f 2664/2664/2664 2665/2665/2665 2666/2666/2666
f 2666/2666/2666 2667/2667/2667 2664/2664/2664
f 2668/2668/2668 2669/2669/2669 2670/2670/2670
f 2670/2670/2670 2671/2671/2671 2668/2668/2668
f 2672/2672/2672 2673/2673/2673 2674/2674/2674
f 2674/2674/2674 2675/2675/2675 2672/2672/2672
f 2676/2676/2676 2677/2677/2677 2678/2678/2678
f 2678/2678/2678 2679/2679/2679 2676/2676/2676
f 2680/2680/2680 2681/2681/2681 2682/2682/2682
f 2682/2682/2682 2683/2683/2683 2680/2680/2680
f 2684/2684/2684 2685/2685/2685 2686/2686/2686
f 2686/2686/2686 2687/2687/2687 2684/2684/2684
f 2688/2688/2688 2689/2689/2689 2690/2690/2690
f 2690/2690/2690 2691/2691/2691 2688/2688/2688
f 2692/2692/2692 2693/2693/2693 2694/2694/2694
f 2694/2694/2694 2695/2695/2695 2692/2692/2692
f 2696/2696/2696 2697/2697/2697 2698/2698/2698
f 2698/2698/2698 2699/2699/2699 2696/2696/2696
f 2700/2700/2700 2701/2701/2701 2702/2702/2702
f 2702/2702/2702 2703/2703/2703 2700/2700/2700
f 2704/2704/2704 2705/2705/2705 2706/2706/2706
f 2706/2706/2706 2707/2707/2707 2704/2704/2704
f 2708/2708/2708 2709/2709/2709 2710/2710/2710
f 2710/2710/2710 2711/2711/2711 2708/2708/2708
f 2712/2712/2712 2713/2713/2713 2714/2714/2714
f 2714/2714/2714 2715/2715/2715 2712/2712/2712
f 2716/2716/2716 2717/2717/2717 2718/2718/2718
f 2718/2718/2718 2719/2719/2719 2716/2716/2716
f 2720/2720/2720 2721/2721/2721 2722/2722/2722
f 2722/2722/2722 2723/2723/2723 2720/2720/2720
f 2724/2724/2724 2725/2725/2725 2726/2726/2726
f 2726/2726/2726 2727/2727/2727 2724/2724/2724
f 2728/2728/2728 2729/2729/2729 2730/2730/2730
f 2730/2730/2730 2731/2731/2731 2728/2728/2728
f 2732/2732/2732 2733/2733/2733 2734/2734/2734
f 2734/2734/2734 2735/2735/2735 2732/2732/2732
f 2736/2736/2736 2737/2737/2737 2738/2738/2738
f 2738/2738/2738 2739/2739/2739 2736/2736/2736
f 2740/2740/2740 2741/2741/2741 2742/2742/2742
f 2742/2742/2742 2743/2743/2743 2740/2740/2740
f 2744/2744/2744 2745/2745/2745 2746/2746/2746
f 2746/2746/2746 2747/2747/2747 2744/2744/2744
f 2748/2748/2748 2749/2749/2749 2750/2750/2750
f 2750/2750/2750 2751/2751/2751 2748/2748/2748
f 2752/2752/2752 2753/2753/2753 2754/2754/2754
f 2754/2754/2754 2755/2755/2755 2752/2752/2752
f 2756/2756/2756 2757/2757/2757 2758/2758/2758
f 2758/2758/2758 2759/2759/2759 2756/2756/2756
f 2760/2760/2760 2761/2761/2761 2759/2759/2759
f 2759/2759/2759 2762/2762/2762 2760/2760/2760
f 2763/2763/2763 2764/2764/2764 2765/2765/2765
f 2765/2765/2765 2766/2766/2766 2763/2763/2763
f 2767/2767/2767 2768/2768/2768 2769/2769/2769
f 2769/2769/2769 2770/2770/2770 2767/2767/2767
f 2771/2771/2771 2772/2772/2772 2773/2773/2773
f 2773/2773/2773 2774/2774/2774 2771/2771/2771
f 2775/2775/2775 2776/2776/2776 2777/2777/2777
f 2777/2777/2777 2778/2778/2778 2775/2775/2775
f 2779/2779/2779 2780/2780/2780 2781/2781/2781
f 2781/2781/2781 2782/2782/2782 2779/2779/2779
f 2783/2783/2783 2784/2784/2784 2785/2785/2785
f 2785/2785/2785 2786/2786/2786 2783/2783/2783
f 2787/2787/2787 2788/2788/2788 2789/2789/2789
f 2789/2789/2789 2790/2790/2790 2787/2787/2787
f 2791/2791/2791 2792/2792/2792 2793/2793/2793
f 2793/2793/2793 2794/2794/2794 2791/2791/2791
f 2795/2795/2795 2796/2796/2796 2797/2797/2797
f 2797/2797/2797 2798/2798/2798 2795/2795/2795
f 2799/2799/2799 2800/2800/2800 2801/2801/2801
f 2801/2801/2801 2802/2802/2802 2799/2799/2799
f 2803/2803/2803 2804/2804/2804 2805/2805/2805
f 2806/2806/2806 2805/2805/2805 2804/2804/2804
f 2807/2807/2807 2808/2808/2808 2809/2809/2809
f 2809/2809/2809 2810/2810/2810 2807/2807/2807
f 2811/2811/2811 2812/2812/2812 2813/2813/2813
f 2813/2813/2813 2814/2814/2814 2811/2811/2811
f 2815/2815/2815 2816/2816/2816 2817/2817/2817
f 2817/2817/2817 2818/2818/2818 2815/2815/2815
f 2819/2819/2819 2820/2820/2820 2821/2821/2821
f 2821/2821/2821 2822/2822/2822 2819/2819/2819
f 2823/2823/2823 2824/2824/2824 2825/2825/2825
f 2825/2825/2825 2826/2826/2826 2823/2823/2823
f 2827/2827/2827 2828/2828/2828 2829/2829/2829
f 2829/2829/2829 2830/2830/2830 2827/2827/2827
f 2831/2831/2831 2832/2832/2832 2833/2833/2833
f 2833/2833/2833 2834/2834/2834 2831/2831/2831
f 2835/2835/2835 2836/2836/2836 2837/2837/2837
f 2837/2837/2837 2838/2838/2838 2835/2835/2835
f 2839/2839/2839 2840/2840/2840 2841/2841/2841
f 2841/2841/2841 2842/2842/2842 2839/2839/2839
f 2843/2843/2843 2844/2844/2844 2845/2845/2845
f 2845/2845/2845 2846/2846/2846 2843/2843/2843
f 2847/2847/2847 2848/2848/2848 2849/2849/2849
f 2849/2849/2849 2850/2850/2850 2847/2847/2847
f 2851/2851/2851 2852/2852/2852 2853/2853/2853
f 2853/2853/2853 2854/2854/2854 2851/2851/2851
f 2855/2855/2855 2856/2856/2856 2857/2857/2857
f 2857/2857/2857 2858/2858/2858 2855/2855/2855
f 2859/2859/2859 2860/2860/2860 2861/2861/2861
f 2861/2861/2861 2862/2862/2862 2859/2859/2859
f 2863/2863/2863 2864/2864/2864 2865/2865/2865
f 2865/2865/2865 2866/2866/2866 2863/2863/2863
f 2867/2867/2867 2868/2868/2868 2869/2869/2869
f 2869/2869/2869 2870/2870/2870 2867/2867/2867
f 2871/2871/2871 2872/2872/2872 2873/2873/2873
f 2873/2873/2873 2874/2874/2874 2871/2871/2871
f 2875/2875/2875 2876/2876/2876 2877/2877/2877
f 2877/2877/2877 2878/2878/2878 2875/2875/2875
f 2879/2879/2879 2880/2880/2880 2881/2881/2881
f 2881/2881/2881 2882/2882/2882 2879/2879/2879
f 2883/2883/2883 2884/2884/2884 2885/2885/2885
f 2885/2885/2885 2886/2886/2886 2883/2883/2883
f 2887/2887/2887 2888/2888/2888 2889/2889/2889
f 2889/2889/2889 2890/2890/2890 2887/2887/2887
f 2891/2891/2891 2892/2892/2892 2893/2893/2893
f 2893/2893/2893 2894/2894/2894 2891/2891/2891
f 2895/2895/2895 2896/2896/2896 2897/2897/2897
f 2897/2897/2897 2898/2898/2898 2895/2895/2895
f 2899/2899/2899 2900/2900/2900 2901/2901/2901
f 2901/2901/2901 2902/2902/2902 2899/2899/2899
f 2903/2903/2903 2904/2904/2904 2905/2905/2905
f 2905/2905/2905 2906/2906/2906 2903/2903/2903
f 2907/2907/2907 2908/2908/2908 2909/2909/2909
f 2909/2909/2909 2910/2910/2910 2907/2907/2907
f 2911/2911/2911 2912/2912/2912 2913/2913/2913
f 2913/2913/2913 2914/2914/2914 2911/2911/2911
f 2915/2915/2915 2916/2916/2916 2917/2917/2917
f 2917/2917/2917 2918/2918/2918 2915/2915/2915
f 2919/2919/2919 2920/2920/2920 2921/2921/2921
f 2921/2921/2921 2922/2922/2922 2919/2919/2919
f 2923/2923/2923 2924/2924/2924 2925/2925/2925
f 2925/2925/2925 2926/2926/2926 2923/2923/2923
f 2927/2927/2927 2928/2928/2928 2929/2929/2929
f 2929/2929/2929 2930/2930/2930 2927/2927/2927
f 2931/2931/2931 2932/2932/2932 2933/2933/2933
f 2933/2933/2933 2934/2934/2934 2931/2931/2931
f 2935/2935/2935 2936/2936/2936 2937/2937/2937
f 2937/2937/2937 2938/2938/2938 2935/2935/2935
f 2939/2939/2939 2940/2940/2940 2941/2941/2941
f 2941/2941/2941 2942/2942/2942 2939/2939/2939
f 2943/2943/2943 2944/2944/2944 2945/2945/2945
f 2945/2945/2945 2946/2946/2946 2943/2943/2943
f 2947/2947/2947 2948/2948/2948 2949/2949/2949
f 2949/2949/2949 2950/2950/2950 2947/2947/2947
f 2951/2951/2951 2952/2952/2952 2953/2953/2953
f 2953/2953/2953 2954/2954/2954 2951/2951/2951
f 2955/2955/2955 2956/2956/2956 2957/2957/2957
f 2957/2957/2957 2958/2958/2958 2955/2955/2955
f 2959/2959/2959 2960/2960/2960 2961/2961/2961
f 2961/2961/2961 2962/2962/2962 2959/2959/2959
f 2963/2963/2963 2964/2964/2964 2965/2965/2965
f 2965/2965/2965 2966/2966/2966 2963/2963/2963
f 2967/2967/2967 2968/2968/2968 2969/2969/2969
f 2969/2969/2969 2970/2970/2970 2967/2967/2967
f 2971/2971/2971 2972/2972/2972 2973/2973/2973
f 2973/2973/2973 2974/2974/2974 2971/2971/2971
f 2975/2975/2975 2976/2976/2976 2977/2977/2977
f 2977/2977/2977 2978/2978/2978 2975/2975/2975
f 2979/2979/2979 2980/2980/2980 2981/2981/2981
f 2981/2981/2981 2982/2982/2982 2979/2979/2979
f 2983/2983/2983 2984/2984/2984 2985/2985/2985
f 2985/2985/2985 2986/2986/2986 2983/2983/2983
f 2987/2987/2987 2988/2988/2988 2989/2989/2989
f 2989/2989/2989 2990/2990/2990 2987/2987/2987
f 2991/2991/2991 2992/2992/2992 2993/2993/2993
f 2993/2993/2993 2994/2994/2994 2991/2991/2991
f 2995/2995/2995 2996/2996/2996 2997/2997/2997
f 2997/2997/2997 2998/2998/2998 2995/2995/2995
f 2999/2999/2999 3000/3000/3000 3001/3001/3001
f 3001/3001/3001 3002/3002/3002 2999/2999/2999
f 3003/3003/3003 3004/3004/3004 3005/3005/3005
f 3005/3005/3005 3006/3006/3006 3003/3003/3003
f 3007/3007/3007 3008/3008/3008 3009/3009/3009
f 3009/3009/3009 3010/3010/3010 3007/3007/3007
f 3011/3011/3011 3012/3012/3012 3013/3013/3013
f 3013/3013/3013 3014/3014/3014 3011/3011/3011
f 3015/3015/3015 3016/3016/3016 3017/3017/3017
f 3017/3017/3017 3018/3018/3018 3015/3015/3015
f 3019/3019/3019 3020/3020/3020 3021/3021/3021
f 3021/3021/3021 3022/3022/3022 3019/3019/3019
f 3023/3023/3023 3024/3024/3024 3025/3025/3025
f 3025/3025/3025 3026/3026/3026 3023/3023/3023
f 3027/3027/3027 3028/3028/3028 3029/3029/3029
f 3029/3029/3029 3030/3030/3030 3027/3027/3027
f 3031/3031/3031 3032/3032/3032 3033/3033/3033
f 3033/3033/3033 3034/3034/3034 3031/3031/3031
f 3035/3035/3035 3036/3036/3036 3037/3037/3037
f 3037/3037/3037 3038/3038/3038 3035/3035/3035
f 3039/3039/3039 3040/3040/3040 3041/3041/3041
f 3041/3041/3041 3042/3042/3042 3039/3039/3039
f 3043/3043/3043 3044/3044/3044 3045/3045/3045
f 3045/3045/3045 3046/3046/3046 3043/3043/3043
f 3047/3047/3047 3048/3048/3048 3049/3049/3049
f 3049/3049/3049 3050/3050/3050 3047/3047/3047
f 3051/3051/3051 3052/3052/3052 3053/3053/3053
f 3053/3053/3053 3054/3054/3054 3051/3051/3051
f 3055/3055/3055 3056/3056/3056 3057/3057/3057
f 3057/3057/3057 3058/3058/3058 3055/3055/3055
f 3059/3059/3059 3060/3060/3060 3061/3061/3061
f 3061/3061/3061 3062/3062/3062 3059/3059/3059
f 3063/3063/3063 3064/3064/3064 3065/3065/3065
f 3065/3065/3065 3066/3066/3066 3063/3063/3063
f 3067/3067/3067 3068/3068/3068 3069/3069/3069
f 3069/3069/3069 3070/3070/3070 3067/3067/3067
f 3071/3071/3071 3072/3072/3072 3073/3073/3073
f 3073/3073/3073 3074/3074/3074 3071/3071/3071
f 3075/3075/3075 3076/3076/3076 3077/3077/3077
f 3077/3077/3077 3078/3078/3078 3075/3075/3075
f 3079/3079/3079 3080/3080/3080 3081/3081/3081
f 3081/3081/3081 3082/3082/3082 3079/3079/3079
f 3083/3083/3083 3084/3084/3084 3085/3085/3085
f 3085/3085/3085 3086/3086/3086 3083/3083/3083
f 3087/3087/3087 3088/3088/3088 3089/3089/3089
f 3089/3089/3089 3090/3090/3090 3087/3087/3087
f 3091/3091/3091 3092/3092/3092 3093/3093/3093
f 3093/3093/3093 3094/3094/3094 3091/3091/3091
f 3095/3095/3095 3096/3096/3096 3097/3097/3097
f 3096/3096/3096 3098/3098/3098 3099/3099/3099
f 3100/3100/3100 3095/3095/3095 3101/3101/3101
f 3098/3098/3098 3102/3102/3102 3103/3103/3103
f 3104/3104/3104 3105/3105/3105 3101/3101/3101
f 3102/3102/3102 3104/3104/3104 3106/3106/3106
f 3107/3107/3107 3108/3108/3108 3109/3109/3109
f 3109/3109/3109 3110/3110/3110 3107/3107/3107
f 3111/3111/3111 3112/3112/3112 3113/3113/3113
f 3113/3113/3113 3114/3114/3114 3111/3111/3111
f 3115/3115/3115 3116/3116/3116 3117/3117/3117
f 3117/3117/3117 3118/3118/3118 3115/3115/3115
f 3119/3119/3119 3120/3120/3120 3121/3121/3121
f 3121/3121/3121 3122/3122/3122 3119/3119/3119
f 3123/3123/3123 3124/3124/3124 3125/3125/3125
f 3125/3125/3125 3126/3126/3126 3123/3123/3123
f 3127/3127/3127 3128/3128/3128 3129/3129/3129
f 3129/3129/3129 3130/3130/3130 3127/3127/3127
f 3131/3131/3131 3132/3132/3132 3133/3133/3133
f 3133/3133/3133 3134/3134/3134 3131/3131/3131
f 3135/3135/3135 3136/3136/3136 3137/3137/3137
f 3137/3137/3137 3138/3138/3138 3135/3135/3135
f 3139/3139/3139 3140/3140/3140 3141/3141/3141
f 3141/3141/3141 3142/3142/3142 3139/3139/3139
f 3143/3143/3143 3144/3144/3144 3145/3145/3145
f 3145/3145/3145 3146/3146/3146 3143/3143/3143
f 3147/3147/3147 3148/3148/3148 3149/3149/3149
f 3149/3149/3149 3150/3150/3150 3147/3147/3147
f 3151/3151/3151 3152/3152/3152 3153/3153/3153
f 3153/3153/3153 3154/3154/3154 3151/3151/3151
f 3155/3155/3155 3156/3156/3156 3157/3157/3157
f 3157/3157/3157 3158/3158/3158 3155/3155/3155
f 3159/3159/3159 3160/3160/3160 3161/3161/3161
f 3161/3161/3161 3162/3162/3162 3159/3159/3159
f 3163/3163/3163 3164/3164/3164 3165/3165/3165
f 3165/3165/3165 3166/3166/3166 3163/3163/3163
f 3167/3167/3167 3168/3168/3168 3169/3169/3169
f 3169/3169/3169 3170/3170/3170 3167/3167/3167
f 3171/3171/3171 3172/3172/3172 3173/3173/3173
f 3173/3173/3173 3174/3174/3174 3171/3171/3171
f 3175/3175/3175 3176/3176/3176 3177/3177/3177
f 3177/3177/3177 3178/3178/3178 3175/3175/3175
f 3179/3179/3179 3180/3180/3180 3181/3181/3181
f 3181/3181/3181 3182/3182/3182 3179/3179/3179
f 3183/3183/3183 3184/3184/3184 3185/3185/3185
f 3185/3185/3185 3186/3186/3186 3183/3183/3183
f 3187/3187/3187 3188/3188/3188 3189/3189/3189
f 3189/3189/3189 3190/3190/3190 3187/3187/3187
f 3191/3191/3191 3192/3192/3192 3193/3193/3193
f 3193/3193/3193 3194/3194/3194 3191/3191/3191
f 3195/3195/3195 3196/3196/3196 3197/3197/3197
f 3197/3197/3197 3198/3198/3198 3195/3195/3195
f 3199/3199/3199 3200/3200/3200 3201/3201/3201
f 3201/3201/3201 3202/3202/3202 3199/3199/3199
f 3203/3203/3203 3204/3204/3204 3205/3205/3205
f 3205/3205/3205 3206/3206/3206 3203/3203/3203
f 3207/3207/3207 3208/3208/3208 3209/3209/3209
f 3209/3209/3209 3210/3210/3210 3207/3207/3207
f 3211/3211/3211 3212/3212/3212 3213/3213/3213
f 3213/3213/3213 3214/3214/3214 3211/3211/3211
f 3215/3215/3215 3216/3216/3216 3217/3217/3217
f 3217/3217/3217 3218/3218/3218 3215/3215/3215
f 3219/3219/3219 3220/3220/3220 3221/3221/3221
f 3221/3221/3221 3222/3222/3222 3219/3219/3219
f 3223/3223/3223 3224/3224/3224 3225/3225/3225
f 3225/3225/3225 3226/3226/3226 3223/3223/3223
f 3227/3227/3227 3228/3228/3228 3229/3229/3229
f 3229/3229/3229 3230/3230/3230 3227/3227/3227
f 3231/3231/3231 3232/3232/3232 3233/3233/3233
f 3233/3233/3233 3234/3234/3234 3231/3231/3231
f 3235/3235/3235 3236/3236/3236 3237/3237/3237
f 3237/3237/3237 3238/3238/3238 3235/3235/3235
f 3239/3239/3239 3240/3240/3240 3241/3241/3241
f 3241/3241/3241 3242/3242/3242 3239/3239/3239
f 3243/3243/3243 3244/3244/3244 3245/3245/3245
f 3245/3245/3245 3246/3246/3246 3243/3243/3243
f 3247/3247/3247 3248/3248/3248 3249/3249/3249
f 3249/3249/3249 3250/3250/3250 3247/3247/3247
f 3251/3251/3251 3252/3252/3252 3253/3253/3253
f 3253/3253/3253 3254/3254/3254 3251/3251/3251
f 3255/3255/3255 3256/3256/3256 3257/3257/3257
f 3257/3257/3257 3258/3258/3258 3255/3255/3255
f 3259/3259/3259 3260/3260/3260 3261/3261/3261
f 3261/3261/3261 3262/3262/3262 3259/3259/3259
f 3263/3263/3263 3264/3264/3264 3265/3265/3265
f 3265/3265/3265 3266/3266/3266 3263/3263/3263
f 3267/3267/3267 3268/3268/3268 3269/3269/3269
f 3269/3269/3269 3270/3270/3270 3267/3267/3267
f 3271/3271/3271 3272/3272/3272 3273/3273/3273
f 3273/3273/3273 3274/3274/3274 3271/3271/3271
f 3275/3275/3275 3276/3276/3276 3277/3277/3277
f 3277/3277/3277 3278/3278/3278 3275/3275/3275
f 3279/3279/3279 3280/3280/3280 3281/3281/3281
f 3281/3281/3281 3282/3282/3282 3279/3279/3279
f 3283/3283/3283 3284/3284/3284 3285/3285/3285
f 3285/3285/3285 3286/3286/3286 3283/3283/3283
f 3287/3287/3287 3288/3288/3288 3289/3289/3289
f 3289/3289/3289 3290/3290/3290 3287/3287/3287
f 3291/3291/3291 3292/3292/3292 3293/3293/3293
f 3293/3293/3293 3294/3294/3294 3291/3291/3291
f 3295/3295/3295 3296/3296/3296 3297/3297/3297
f 3297/3297/3297 3298/3298/3298 3295/3295/3295
f 3299/3299/3299 3300/3300/3300 3301/3301/3301
f 3301/3301/3301 3302/3302/3302 3299/3299/3299
f 3303/3303/3303 3304/3304/3304 3305/3305/3305
f 3305/3305/3305 3306/3306/3306 3303/3303/3303
f 3307/3307/3307 3308/3308/3308 3309/3309/3309
f 3309/3309/3309 3310/3310/3310 3307/3307/3307
f 3311/3311/3311 3312/3312/3312 3313/3313/3313
f 3313/3313/3313 3314/3314/3314 3311/3311/3311
f 3315/3315/3315 3316/3316/3316 3317/3317/3317
f 3317/3317/3317 3318/3318/3318 3315/3315/3315
f 3319/3319/3319 3320/3320/3320 3321/3321/3321
f 3321/3321/3321 3322/3322/3322 3319/3319/3319
f 3323/3323/3323 3324/3324/3324 3325/3325/3325
f 3325/3325/3325 3326/3326/3326 3323/3323/3323
f 3327/3327/3327 3328/3328/3328 3329/3329/3329
f 3329/3329/3329 3330/3330/3330 3327/3327/3327
f 3331/3331/3331 3332/3332/3332 3333/3333/3333
f 3333/3333/3333 3334/3334/3334 3331/3331/3331
f 3335/3335/3335 3336/3336/3336 3337/3337/3337
f 3337/3337/3337 3338/3338/3338 3335/3335/3335
f 3339/3339/3339 3340/3340/3340 3341/3341/3341
f 3341/3341/3341 3342/3342/3342 3339/3339/3339
f 3343/3343/3343 3344/3344/3344 3345/3345/3345
f 3345/3345/3345 3346/3346/3346 3343/3343/3343
f 3347/3347/3347 3348/3348/3348 3349/3349/3349
f 3349/3349/3349 3350/3350/3350 3347/3347/3347
f 3351/3351/3351 3352/3352/3352 3353/3353/3353
f 3353/3353/3353 3354/3354/3354 3351/3351/3351
f 3355/3355/3355 3356/3356/3356 3357/3357/3357
f 3357/3357/3357 3358/3358/3358 3355/3355/3355
f 3359/3359/3359 3360/3360/3360 3361/3361/3361
f 3361/3361/3361 3362/3362/3362 3359/3359/3359
f 3363/3363/3363 3364/3364/3364 3365/3365/3365
f 3365/3365/3365 3366/3366/3366 3363/3363/3363
f 3367/3367/3367 3368/3368/3368 3369/3369/3369
f 3369/3369/3369 3370/3370/3370 3367/3367/3367
f 3371/3371/3371 3372/3372/3372 3373/3373/3373
f 3373/3373/3373 3374/3374/3374 3371/3371/3371
f 3375/3375/3375 3376/3376/3376 3377/3377/3377
f 3377/3377/3377 3378/3378/3378 3375/3375/3375
f 3379/3379/3379 3380/3380/3380 3381/3381/3381
f 3381/3381/3381 3382/3382/3382 3379/3379/3379
f 3383/3383/3383 3384/3384/3384 3385/3385/3385
f 3385/3385/3385 3386/3386/3386 3383/3383/3383
f 3387/3387/3387 3388/3388/3388 3389/3389/3389
f 3389/3389/3389 3390/3390/3390 3387/3387/3387
f 3391/3391/3391 3392/3392/3392 3393/3393/3393
f 3393/3393/3393 3392/3392/3392 3394/3394/3394
f 3395/3395/3395 3396/3396/3396 3397/3397/3397
f 3397/3397/3397 3398/3398/3398 3395/3395/3395
f 3399/3399/3399 3400/3400/3400 3401/3401/3401
f 3401/3401/3401 3402/3402/3402 3399/3399/3399
f 3403/3403/3403 3404/3404/3404 3405/3405/3405
f 3405/3405/3405 3406/3406/3406 3403/3403/3403
f 3407/3407/3407 3408/3408/3408 3406/3406/3406
f 3406/3406/3406 3409/3409/3409 3407/3407/3407
f 3410/3410/3410 3411/3411/3411 3409/3409/3409
f 3409/3409/3409 3412/3412/3412 3410/3410/3410
f 3413/3413/3413 3414/3414/3414 3412/3412/3412
f 3412/3412/3412 3415/3415/3415 3413/3413/3413
f 3416/3416/3416 3417/3417/3417 3415/3415/3415
f 3415/3415/3415 3418/3418/3418 3416/3416/3416
f 3419/3419/3419 3420/3420/3420 3418/3418/3418
f 3418/3418/3418 3421/3421/3421 3419/3419/3419
f 3422/3422/3422 3423/3423/3423 3421/3421/3421
f 3421/3421/3421 3424/3424/3424 3422/3422/3422
f 3425/3425/3425 3426/3426/3426 3424/3424/3424
f 3424/3424/3424 3427/3427/3427 3425/3425/3425
f 3428/3428/3428 3429/3429/3429 3430/3430/3430
f 3430/3430/3430 3431/3431/3431 3428/3428/3428
f 3432/3432/3432 3433/3433/3433 3434/3434/3434
f 3434/3434/3434 3435/3435/3435 3432/3432/3432
f 3436/3436/3436 3437/3437/3437 3438/3438/3438
f 3438/3438/3438 3439/3439/3439 3436/3436/3436
f 3440/3440/3440 3441/3441/3441 3442/3442/3442
f 3442/3442/3442 3443/3443/3443 3440/3440/3440
f 3444/3444/3444 3445/3445/3445 3446/3446/3446
f 3446/3446/3446 3447/3447/3447 3444/3444/3444
f 3448/3448/3448 3449/3449/3449 3450/3450/3450
f 3450/3450/3450 3451/3451/3451 3448/3448/3448
f 3452/3452/3452 3453/3453/3453 3454/3454/3454
f 3454/3454/3454 3455/3455/3455 3452/3452/3452
f 3456/3456/3456 3457/3457/3457 3458/3458/3458
f 3458/3458/3458 3459/3459/3459 3456/3456/3456
f 3460/3460/3460 3461/3461/3461 3462/3462/3462
f 3462/3462/3462 3463/3463/3463 3460/3460/3460
f 3464/3464/3464 3465/3465/3465 3466/3466/3466
f 3466/3466/3466 3467/3467/3467 3464/3464/3464
f 3468/3468/3468 3469/3469/3469 3470/3470/3470
f 3470/3470/3470 3471/3471/3471 3468/3468/3468
f 3472/3472/3472 3473/3473/3473 3474/3474/3474
f 3474/3474/3474 3475/3475/3475 3472/3472/3472
f 3476/3476/3476 3477/3477/3477 3478/3478/3478
f 3478/3478/3478 3479/3479/3479 3476/3476/3476
f 3480/3480/3480 3481/3481/3481 3482/3482/3482
f 3482/3482/3482 3483/3483/3483 3480/3480/3480
f 3484/3484/3484 3485/3485/3485 3486/3486/3486
f 3486/3486/3486 3487/3487/3487 3484/3484/3484
f 3488/3488/3488 3489/3489/3489 3490/3490/3490
f 3490/3490/3490 3491/3491/3491 3488/3488/3488
f 3492/3492/3492 3493/3493/3493 3494/3494/3494
f 3494/3494/3494 3495/3495/3495 3492/3492/3492
f 3496/3496/3496 3497/3497/3497 3498/3498/3498
f 3498/3498/3498 3499/3499/3499 3496/3496/3496
f 3500/3500/3500 3501/3501/3501 3502/3502/3502
f 3502/3502/3502 3503/3503/3503 3500/3500/3500
f 3504/3504/3504 3505/3505/3505 3506/3506/3506
f 3506/3506/3506 3507/3507/3507 3504/3504/3504
f 3508/3508/3508 3509/3509/3509 3510/3510/3510
f 3510/3510/3510 3511/3511/3511 3508/3508/3508
f 3512/3512/3512 3513/3513/3513 3514/3514/3514
f 3514/3514/3514 3515/3515/3515 3512/3512/3512
f 3516/3516/3516 3517/3517/3517 3518/3518/3518
f 3518/3518/3518 3519/3519/3519 3516/3516/3516
f 3520/3520/3520 3521/3521/3521 3522/3522/3522
f 3522/3522/3522 3523/3523/3523 3520/3520/3520
f 3524/3524/3524 3525/3525/3525 3526/3526/3526
f 3526/3526/3526 3527/3527/3527 3524/3524/3524
f 3528/3528/3528 3529/3529/3529 3530/3530/3530
f 3530/3530/3530 3531/3531/3531 3528/3528/3528
f 3532/3532/3532 3533/3533/3533 3534/3534/3534
f 3534/3534/3534 3535/3535/3535 3532/3532/3532
f 3536/3536/3536 3537/3537/3537 3538/3538/3538
f 3538/3538/3538 3539/3539/3539 3536/3536/3536
f 3540/3540/3540 3541/3541/3541 3542/3542/3542
f 3542/3542/3542 3543/3543/3543 3540/3540/3540
f 3544/3544/3544 3545/3545/3545 3546/3546/3546
f 3546/3546/3546 3547/3547/3547 3544/3544/3544
f 3548/3548/3548 3549/3549/3549 3550/3550/3550
f 3550/3550/3550 3551/3551/3551 3548/3548/3548
f 3552/3552/3552 3553/3553/3553 3554/3554/3554
f 3554/3554/3554 3555/3555/3555 3552/3552/3552
f 3556/3556/3556 3557/3557/3557 3558/3558/3558
f 3558/3558/3558 3559/3559/3559 3556/3556/3556
f 3560/3560/3560 3561/3561/3561 3562/3562/3562
f 3562/3562/3562 3563/3563/3563 3560/3560/3560
f 3564/3564/3564 3565/3565/3565 3566/3566/3566
f 3566/3566/3566 3567/3567/3567 3564/3564/3564
f 3568/3568/3568 3569/3569/3569 3570/3570/3570
f 3570/3570/3570 3571/3571/3571 3568/3568/3568
f 3572/3572/3572 3573/3573/3573 3574/3574/3574
f 3574/3574/3574 3575/3575/3575 3572/3572/3572
f 3576/3576/3576 3577/3577/3577 3578/3578/3578
f 3578/3578/3578 3579/3579/3579 3576/3576/3576
f 3580/3580/3580 3581/3581/3581 3582/3582/3582
f 3582/3582/3582 3583/3583/3583 3580/3580/3580
f 3584/3584/3584 3585/3585/3585 3586/3586/3586
f 3586/3586/3586 3587/3587/3587 3584/3584/3584
f 3588/3588/3588 3589/3589/3589 3590/3590/3590
f 3590/3590/3590 3591/3591/3591 3588/3588/3588
f 3592/3592/3592 3593/3593/3593 3594/3594/3594
f 3594/3594/3594 3595/3595/3595 3592/3592/3592
f 3596/3596/3596 3597/3597/3597 3598/3598/3598
f 3598/3598/3598 3599/3599/3599 3596/3596/3596
f 3600/3600/3600 3601/3601/3601 3602/3602/3602
f 3602/3602/3602 3603/3603/3603 3600/3600/3600
f 3604/3604/3604 3605/3605/3605 3606/3606/3606
f 3606/3606/3606 3607/3607/3607 3604/3604/3604
f 3608/3608/3608 3609/3609/3609 3610/3610/3610
f 3610/3610/3610 3611/3611/3611 3608/3608/3608
f 3612/3612/3612 3613/3613/3613 3614/3614/3614
f 3614/3614/3614 3615/3615/3615 3612/3612/3612
f 3616/3616/3616 3617/3617/3617 3618/3618/3618
f 3618/3618/3618 3619/3619/3619 3616/3616/3616
f 3620/3620/3620 3621/3621/3621 3622/3622/3622
f 3622/3622/3622 3623/3623/3623 3620/3620/3620
f 3624/3624/3624 3625/3625/3625 3626/3626/3626
f 3626/3626/3626 3627/3627/3627 3624/3624/3624
f 3628/3628/3628 3629/3629/3629 3630/3630/3630
f 3630/3630/3630 3631/3631/3631 3628/3628/3628
f 3632/3632/3632 3633/3633/3633 3634/3634/3634
f 3634/3634/3634 3635/3635/3635 3632/3632/3632
f 3636/3636/3636 3637/3637/3637 3638/3638/3638
f 3638/3638/3638 3639/3639/3639 3636/3636/3636
f 3640/3640/3640 3641/3641/3641 3642/3642/3642
f 3642/3642/3642 3643/3643/3643 3640/3640/3640
f 3644/3644/3644 3645/3645/3645 3646/3646/3646
f 3646/3646/3646 3647/3647/3647 3644/3644/3644
f 3648/3648/3648 3649/3649/3649 3650/3650/3650
f 3650/3650/3650 3651/3651/3651 3648/3648/3648
f 3652/3652/3652 3653/3653/3653 3654/3654/3654
f 3654/3654/3654 3655/3655/3655 3652/3652/3652
f 3656/3656/3656 3657/3657/3657 3658/3658/3658
f 3658/3658/3658 3659/3659/3659 3656/3656/3656
f 3660/3660/3660 3661/3661/3661 3662/3662/3662
f 3662/3662/3662 3663/3663/3663 3660/3660/3660
f 3664/3664/3664 3665/3665/3665 3666/3666/3666
f 3666/3666/3666 3667/3667/3667 3664/3664/3664
f 3668/3668/3668 3669/3669/3669 3670/3670/3670
f 3670/3670/3670 3671/3671/3671 3668/3668/3668
f 3672/3672/3672 3673/3673/3673 3674/3674/3674
f 3674/3674/3674 3675/3675/3675 3672/3672/3672
f 3676/3676/3676 3677/3677/3677 3678/3678/3678
f 3678/3678/3678 3679/3679/3679 3676/3676/3676
f 3680/3680/3680 3681/3681/3681 3682/3682/3682
f 3682/3682/3682 3683/3683/3683 3680/3680/3680
f 3684/3684/3684 3685/3685/3685 3686/3686/3686
f 3686/3686/3686 3687/3687/3687 3684/3684/3684
f 3688/3688/3688 3689/3689/3689 3690/3690/3690
f 3690/3690/3690 3691/3691/3691 3688/3688/3688
f 3692/3692/3692 3693/3693/3693 3694/3694/3694
f 3694/3694/3694 3695/3695/3695 3692/3692/3692
f 3696/3696/3696 3697/3697/3697 3698/3698/3698
f 3698/3698/3698 3699/3699/3699 3696/3696/3696
f 3700/3700/3700 3701/3701/3701 3702/3702/3702
f 3702/3702/3702 3703/3703/3703 3700/3700/3700
f 3704/3704/3704 3705/3705/3705 3706/3706/3706
f 3706/3706/3706 3707/3707/3707 3704/3704/3704
f 3708/3708/3708 3709/3709/3709 3710/3710/3710
f 3710/3710/3710 3711/3711/3711 3708/3708/3708
f 3712/3712/3712 3713/3713/3713 3714/3714/3714
f 3714/3714/3714 3715/3715/3715 3712/3712/3712
f 3716/3716/3716 3717/3717/3717 3718/3718/3718
f 3718/3718/3718 3719/3719/3719 3716/3716/3716
f 3720/3720/3720 3721/3721/3721 3722/3722/3722
f 3722/3722/3722 3723/3723/3723 3720/3720/3720
f 3724/3724/3724 3725/3725/3725 3726/3726/3726
f 3726/3726/3726 3727/3727/3727 3724/3724/3724
f 3728/3728/3728 3729/3729/3729 3730/3730/3730
f 3730/3730/3730 3731/3731/3731 3728/3728/3728
f 3732/3732/3732 3733/3733/3733 3734/3734/3734
f 3734/3734/3734 3735/3735/3735 3732/3732/3732
f 3736/3736/3736 3737/3737/3737 3738/3738/3738
f 3738/3738/3738 3739/3739/3739 3736/3736/3736
f 3740/3740/3740 3741/3741/3741 3742/3742/3742
f 3742/3742/3742 3743/3743/3743 3740/3740/3740
f 3744/3744/3744 3745/3745/3745 3746/3746/3746
f 3746/3746/3746 3747/3747/3747 3744/3744/3744
f 3748/3748/3748 3749/3749/3749 3750/3750/3750
f 3750/3750/3750 3751/3751/3751 3748/3748/3748
f 3752/3752/3752 3753/3753/3753 3754/3754/3754
f 3754/3754/3754 3755/3755/3755 3752/3752/3752
f 3756/3756/3756 3757/3757/3757 3758/3758/3758
f 3758/3758/3758 3759/3759/3759 3756/3756/3756
f 3760/3760/3760 3761/3761/3761 3762/3762/3762
f 3762/3762/3762 3763/3763/3763 3760/3760/3760
f 3764/3764/3764 3765/3765/3765 3766/3766/3766
f 3766/3766/3766 3767/3767/3767 3764/3764/3764
f 3768/3768/3768 3769/3769/3769 3770/3770/3770
f 3770/3770/3770 3771/3771/3771 3768/3768/3768
f 3772/3772/3772 3773/3773/3773 3774/3774/3774
f 3774/3774/3774 3775/3775/3775 3772/3772/3772
f 3776/3776/3776 3777/3777/3777 3778/3778/3778
f 3778/3778/3778 3779/3779/3779 3776/3776/3776
f 3780/3780/3780 3781/3781/3781 3782/3782/3782
f 3782/3782/3782 3783/3783/3783 3780/3780/3780
f 3784/3784/3784 3785/3785/3785 3786/3786/3786
f 3786/3786/3786 3787/3787/3787 3784/3784/3784
f 3788/3788/3788 3789/3789/3789 3790/3790/3790
f 3790/3790/3790 3791/3791/3791 3788/3788/3788
f 3792/3792/3792 3793/3793/3793 3794/3794/3794
f 3794/3794/3794 3795/3795/3795 3792/3792/3792
f 3796/3796/3796 3797/3797/3797 3798/3798/3798
f 3798/3798/3798 3799/3799/3799 3796/3796/3796
f 3800/3800/3800 3801/3801/3801 3802/3802/3802
f 3802/3802/3802 3803/3803/3803 3800/3800/3800
f 3804/3804/3804 3805/3805/3805 3806/3806/3806
f 3806/3806/3806 3807/3807/3807 3804/3804/3804
f 3808/3808/3808 3809/3809/3809 3810/3810/3810
f 3810/3810/3810 3811/3811/3811 3808/3808/3808
f 3812/3812/3812 3813/3813/3813 3814/3814/3814
f 3814/3814/3814 3815/3815/3815 3812/3812/3812
f 3816/3816/3816 3817/3817/3817 3818/3818/3818
f 3818/3818/3818 3819/3819/3819 3816/3816/3816
f 3820/3820/3820 3821/3821/3821 3822/3822/3822
f 3821/3821/3821 3823/3823/3823 3824/3824/3824
f 3825/3825/3825 3820/3820/3820 3826/3826/3826
f 3823/3823/3823 3827/3827/3827 3828/3828/3828
f 3829/3829/3829 3830/3830/3830 3826/3826/3826
f 3827/3827/3827 3829/3829/3829 3831/3831/3831
f 3832/3832/3832 3833/3833/3833 3834/3834/3834
f 3834/3834/3834 3835/3835/3835 3832/3832/3832
f 3836/3836/3836 3837/3837/3837 3838/3838/3838
f 3838/3838/3838 3839/3839/3839 3836/3836/3836
f 3840/3840/3840 3841/3841/3841 3842/3842/3842
f 3842/3842/3842 3843/3843/3843 3840/3840/3840
f 3844/3844/3844 3845/3845/3845 3846/3846/3846
f 3846/3846/3846 3847/3847/3847 3844/3844/3844
f 3848/3848/3848 3849/3849/3849 3850/3850/3850
f 3850/3850/3850 3851/3851/3851 3848/3848/3848
f 3852/3852/3852 3853/3853/3853 3854/3854/3854
f 3854/3854/3854 3855/3855/3855 3852/3852/3852
f 3856/3856/3856 3857/3857/3857 3858/3858/3858
f 3858/3858/3858 3859/3859/3859 3856/3856/3856
f 3860/3860/3860 3861/3861/3861 3862/3862/3862
f 3862/3862/3862 3863/3863/3863 3860/3860/3860
f 3864/3864/3864 3865/3865/3865 3866/3866/3866
f 3866/3866/3866 3867/3867/3867 3864/3864/3864
f 3868/3868/3868 3869/3869/3869 3870/3870/3870
f 3870/3870/3870 3871/3871/3871 3868/3868/3868
f 3872/3872/3872 3873/3873/3873 3874/3874/3874
f 3874/3874/3874 3875/3875/3875 3872/3872/3872
f 3876/3876/3876 3877/3877/3877 3878/3878/3878
f 3878/3878/3878 3879/3879/3879 3876/3876/3876
f 3880/3880/3880 3881/3881/3881 3882/3882/3882
f 3882/3882/3882 3883/3883/3883 3880/3880/3880
f 3884/3884/3884 3885/3885/3885 3886/3886/3886
f 3886/3886/3886 3887/3887/3887 3884/3884/3884
f 3888/3888/3888 3889/3889/3889 3890/3890/3890
f 3890/3890/3890 3891/3891/3891 3888/3888/3888
f 3892/3892/3892 3893/3893/3893 3894/3894/3894
f 3894/3894/3894 3895/3895/3895 3892/3892/3892
f 3896/3896/3896 3897/3897/3897 3898/3898/3898
f 3898/3898/3898 3899/3899/3899 3896/3896/3896
f 3900/3900/3900 3901/3901/3901 3902/3902/3902
f 3902/3902/3902 3903/3903/3903 3900/3900/3900
f 3904/3904/3904 3905/3905/3905 3906/3906/3906
f 3906/3906/3906 3907/3907/3907 3904/3904/3904
f 3908/3908/3908 3909/3909/3909 3910/3910/3910
f 3910/3910/3910 3911/3911/3911 3908/3908/3908
f 3912/3912/3912 3913/3913/3913 3914/3914/3914
f 3914/3914/3914 3915/3915/3915 3912/3912/3912
f 3916/3916/3916 3917/3917/3917 3918/3918/3918
f 3918/3918/3918 3919/3919/3919 3916/3916/3916
f 3920/3920/3920 3921/3921/3921 3922/3922/3922
f 3922/3922/3922 3923/3923/3923 3920/3920/3920
f 3924/3924/3924 3925/3925/3925 3926/3926/3926
f 3926/3926/3926 3927/3927/3927 3924/3924/3924
f 3928/3928/3928 3929/3929/3929 3930/3930/3930
f 3930/3930/3930 3931/3931/3931 3928/3928/3928
f 3932/3932/3932 3933/3933/3933 3934/3934/3934
f 3934/3934/3934 3935/3935/3935 3932/3932/3932
f 3936/3936/3936 3937/3937/3937 3938/3938/3938
f 3938/3938/3938 3939/3939/3939 3936/3936/3936
f 3940/3940/3940 3941/3941/3941 3942/3942/3942
f 3942/3942/3942 3943/3943/3943 3940/3940/3940
f 3944/3944/3944 3945/3945/3945 3946/3946/3946
f 3946/3946/3946 3947/3947/3947 3944/3944/3944
f 3948/3948/3948 3949/3949/3949 3950/3950/3950
f 3950/3950/3950 3951/3951/3951 3948/3948/3948
f 3952/3952/3952 3953/3953/3953 3954/3954/3954
f 3954/3954/3954 3955/3955/3955 3952/3952/3952
f 3956/3956/3956 3957/3957/3957 3958/3958/3958
f 3958/3958/3958 3959/3959/3959 3956/3956/3956
f 3960/3960/3960 3961/3961/3961 3962/3962/3962
f 3962/3962/3962 3963/3963/3963 3960/3960/3960
f 3964/3964/3964 3965/3965/3965 3966/3966/3966
f 3966/3966/3966 3967/3967/3967 3964/3964/3964
f 3968/3968/3968 3969/3969/3969 3970/3970/3970
f 3970/3970/3970 3971/3971/3971 3968/3968/3968
f 3971/3971/3971 3970/3970/3970 3972/3972/3972
f 3972/3972/3972 3973/3973/3973 3971/3971/3971
f 3974/3974/3974 3973/3973/3973 3972/3972/3972
f 3972/3972/3972 3975/3975/3975 3974/3974/3974
f 3976/3976/3976 3974/3974/3974 3975/3975/3975
f 3975/3975/3975 3977/3977/3977 3976/3976/3976
f 3978/3978/3978 3976/3976/3976 3977/3977/3977
f 3977/3977/3977 3979/3979/3979 3978/3978/3978
f 3980/3980/3980 3978/3978/3978 3979/3979/3979
f 3979/3979/3979 3981/3981/3981 3980/3980/3980
f 3982/3982/3982 3983/3983/3983 3984/3984/3984
f 3984/3984/3984 3985/3985/3985 3982/3982/3982
f 3985/3985/3985 3984/3984/3984 3986/3986/3986
f 3986/3986/3986 3987/3987/3987 3985/3985/3985
f 3988/3988/3988 3987/3987/3987 3986/3986/3986
f 3986/3986/3986 3989/3989/3989 3988/3988/3988
f 3990/3990/3990 3988/3988/3988 3989/3989/3989
f 3989/3989/3989 3991/3991/3991 3990/3990/3990
f 3992/3992/3992 3990/3990/3990 3991/3991/3991
f 3991/3991/3991 3993/3993/3993 3992/3992/3992
f 3994/3994/3994 3992/3992/3992 3993/3993/3993
f 3993/3993/3993 3995/3995/3995 3994/3994/3994
f 3996/3996/3996 3997/3997/3997 3998/3998/3998
f 3997/3997/3997 3999/3999/3999 3998/3998/3998
f 3999/3999/3999 4000/4000/4000 3998/3998/3998
f 4001/4001/4001 4002/4002/4002 4003/4003/4003
f 4003/4003/4003 4004/4004/4004 4001/4001/4001
f 4004/4004/4004 4003/4003/4003 4005/4005/4005
f 4005/4005/4005 4006/4006/4006 4004/4004/4004
f 4007/4007/4007 4006/4006/4006 4005/4005/4005
f 4005/4005/4005 4008/4008/4008 4007/4007/4007
f 4007/4007/4007 4008/4008/4008 4009/4009/4009
f 4009/4009/4009 4010/4010/4010 4007/4007/4007
f 4011/4011/4011 4012/4012/4012 4013/4013/4013
f 4013/4013/4013 4014/4014/4014 4011/4011/4011
f 4014/4014/4014 4013/4013/4013 4015/4015/4015
f 4015/4015/4015 4016/4016/4016 4014/4014/4014
f 4016/4016/4016 4015/4015/4015 4017/4017/4017
f 4017/4017/4017 4018/4018/4018 4016/4016/4016
f 4019/4019/4019 4018/4018/4018 4017/4017/4017
f 4017/4017/4017 4020/4020/4020 4019/4019/4019
f 4021/4021/4021 4019/4019/4019 4020/4020/4020
f 4020/4020/4020 4022/4022/4022 4021/4021/4021
f 4023/4023/4023 4024/4024/4024 4025/4025/4025
f 4025/4025/4025 4026/4026/4026 4023/4023/4023
f 4026/4026/4026 4025/4025/4025 4027/4027/4027
f 4027/4027/4027 4028/4028/4028 4026/4026/4026
f 4028/4028/4028 4027/4027/4027 4029/4029/4029
f 4029/4029/4029 4030/4030/4030 4028/4028/4028
f 4031/4031/4031 4030/4030/4030 4029/4029/4029
f 4029/4029/4029 4032/4032/4032 4031/4031/4031
f 4033/4033/4033 4031/4031/4031 4032/4032/4032
f 4032/4032/4032 4034/4034/4034 4033/4033/4033
f 4035/4035/4035 4036/4036/4036 4037/4037/4037
f 4037/4037/4037 4038/4038/4038 4035/4035/4035
f 4038/4038/4038 4037/4037/4037 4039/4039/4039
f 4039/4039/4039 4040/4040/4040 4038/4038/4038
f 4040/4040/4040 4039/4039/4039 4041/4041/4041
f 4041/4041/4041 4042/4042/4042 4040/4040/4040
f 4043/4043/4043 4042/4042/4042 4041/4041/4041
f 4041/4041/4041 4044/4044/4044 4043/4043/4043
f 4045/4045/4045 4043/4043/4043 4044/4044/4044
f 4044/4044/4044 4046/4046/4046 4045/4045/4045
f 4047/4047/4047 4048/4048/4048 4049/4049/4049
f 4049/4049/4049 4050/4050/4050 4047/4047/4047
f 4050/4050/4050 4049/4049/4049 4051/4051/4051
f 4051/4051/4051 4052/4052/4052 4050/4050/4050
f 4052/4052/4052 4051/4051/4051 4053/4053/4053
f 4053/4053/4053 4054/4054/4054 4052/4052/4052
f 4055/4055/4055 4054/4054/4054 4053/4053/4053
f 4053/4053/4053 4056/4056/4056 4055/4055/4055
f 4057/4057/4057 4055/4055/4055 4056/4056/4056
f 4056/4056/4056 4058/4058/4058 4057/4057/4057
f 4059/4059/4059 4060/4060/4060 4061/4061/4061
f 4061/4061/4061 4062/4062/4062 4059/4059/4059
f 4062/4062/4062 4061/4061/4061 4063/4063/4063
f 4063/4063/4063 4064/4064/4064 4062/4062/4062
f 4064/4064/4064 4063/4063/4063 4065/4065/4065
f 4065/4065/4065 4066/4066/4066 4064/4064/4064
f 4067/4067/4067 4066/4066/4066 4065/4065/4065
f 4065/4065/4065 4068/4068/4068 4067/4067/4067
f 4069/4069/4069 4067/4067/4067 4068/4068/4068
f 4068/4068/4068 4070/4070/4070 4069/4069/4069
f 4071/4071/4071 4072/4072/4072 4073/4073/4073
f 4073/4073/4073 4074/4074/4074 4071/4071/4071
f 4074/4074/4074 4073/4073/4073 4075/4075/4075
f 4075/4075/4075 4076/4076/4076 4074/4074/4074
f 4076/4076/4076 4075/4075/4075 4077/4077/4077
f 4077/4077/4077 4078/4078/4078 4076/4076/4076
f 4079/4079/4079 4078/4078/4078 4077/4077/4077
f 4077/4077/4077 4080/4080/4080 4079/4079/4079
f 4081/4081/4081 4082/4082/4082 4083/4083/4083
f 4083/4083/4083 4084/4084/4084 4081/4081/4081
f 4084/4084/4084 4083/4083/4083 4085/4085/4085
f 4085/4085/4085 4086/4086/4086 4084/4084/4084
f 4086/4086/4086 4085/4085/4085 4087/4087/4087
f 4087/4087/4087 4088/4088/4088 4086/4086/4086
f 4089/4089/4089 4088/4088/4088 4087/4087/4087
f 4087/4087/4087 4090/4090/4090 4089/4089/4089
f 4091/4091/4091 4089/4089/4089 4090/4090/4090
f 4090/4090/4090 4092/4092/4092 4091/4091/4091
f 4093/4093/4093 4094/4094/4094 4095/4095/4095
f 4095/4095/4095 4096/4096/4096 4093/4093/4093
f 4096/4096/4096 4095/4095/4095 4097/4097/4097
f 4097/4097/4097 4098/4098/4098 4096/4096/4096
f 4098/4098/4098 4097/4097/4097 4099/4099/4099
f 4099/4099/4099 4100/4100/4100 4098/4098/4098
f 4100/4100/4100 4099/4099/4099 4101/4101/4101
f 4101/4101/4101 4102/4102/4102 4100/4100/4100
f 4102/4102/4102 4101/4101/4101 4103/4103/4103
f 4103/4103/4103 4104/4104/4104 4102/4102/4102
f 4104/4104/4104 4103/4103/4103 4105/4105/4105
f 4105/4105/4105 4106/4106/4106 4104/4104/4104
f 4106/4106/4106 4105/4105/4105 4107/4107/4107
f 4107/4107/4107 4108/4108/4108 4106/4106/4106
f 4109/4109/4109 4110/4110/4110 4111/4111/4111
f 4111/4111/4111 4112/4112/4112 4109/4109/4109
f 4112/4112/4112 4111/4111/4111 4113/4113/4113
f 4113/4113/4113 4114/4114/4114 4112/4112/4112
f 4114/4114/4114 4113/4113/4113 4115/4115/4115
f 4115/4115/4115 4116/4116/4116 4114/4114/4114
f 4116/4116/4116 4115/4115/4115 4117/4117/4117
f 4117/4117/4117 4118/4118/4118 4116/4116/4116
f 4118/4118/4118 4117/4117/4117 4119/4119/4119
f 4119/4119/4119 4120/4120/4120 4118/4118/4118
f 4121/4121/4121 4122/4122/4122 4123/4123/4123
f 4123/4123/4123 4124/4124/4124 4121/4121/4121
f 4124/4124/4124 4123/4123/4123 4125/4125/4125
f 4125/4125/4125 4126/4126/4126 4124/4124/4124
f 4127/4127/4127 4128/4128/4128 4129/4129/4129
f 4129/4129/4129 4130/4130/4130 4127/4127/4127
f 4130/4130/4130 4129/4129/4129 4131/4131/4131
f 4131/4131/4131 4132/4132/4132 4130/4130/4130
f 4132/4132/4132 4131/4131/4131 4133/4133/4133
f 4133/4133/4133 4134/4134/4134 4132/4132/4132
f 4134/4134/4134 4133/4133/4133 4135/4135/4135
f 4135/4135/4135 4136/4136/4136 4134/4134/4134
f 4136/4136/4136 4135/4135/4135 4137/4137/4137
f 4137/4137/4137 4138/4138/4138 4136/4136/4136
f 4139/4139/4139 4140/4140/4140 4141/4141/4141
f 4140/4140/4140 4142/4142/4142 4141/4141/4141
f 4142/4142/4142 4143/4143/4143 4141/4141/4141
f 4144/4144/4144 4145/4145/4145 4146/4146/4146
f 4146/4146/4146 4147/4147/4147 4144/4144/4144
f 4147/4147/4147 4146/4146/4146 4148/4148/4148
f 4148/4148/4148 4149/4149/4149 4147/4147/4147
f 4150/4150/4150 4149/4149/4149 4148/4148/4148
f 4148/4148/4148 4151/4151/4151 4150/4150/4150
f 4150/4150/4150 4151/4151/4151 4152/4152/4152
f 4152/4152/4152 4153/4153/4153 4150/4150/4150
f 4154/4154/4154 4155/4155/4155 4156/4156/4156
f 4156/4156/4156 4157/4157/4157 4154/4154/4154
f 4157/4157/4157 4156/4156/4156 4158/4158/4158
f 4158/4158/4158 4159/4159/4159 4157/4157/4157
f 4159/4159/4159 4158/4158/4158 4160/4160/4160
f 4160/4160/4160 4161/4161/4161 4159/4159/4159
f 4162/4162/4162 4161/4161/4161 4160/4160/4160
f 4160/4160/4160 4163/4163/4163 4162/4162/4162
f 4164/4164/4164 4162/4162/4162 4163/4163/4163
f 4163/4163/4163 4165/4165/4165 4164/4164/4164
f 4166/4166/4166 4167/4167/4167 4168/4168/4168
f 4168/4168/4168 4169/4169/4169 4166/4166/4166
f 4169/4169/4169 4168/4168/4168 4170/4170/4170
f 4170/4170/4170 4171/4171/4171 4169/4169/4169
f 4172/4172/4172 4173/4173/4173 4174/4174/4174
f 4173/4173/4173 4175/4175/4175 4174/4174/4174
f 4175/4175/4175 4176/4176/4176 4174/4174/4174
f 4177/4177/4177 4178/4178/4178 4179/4179/4179
f 4178/4178/4178 4180/4180/4180 4179/4179/4179
f 4180/4180/4180 4181/4181/4181 4179/4179/4179
f 4182/4182/4182 4183/4183/4183 4184/4184/4184
f 4183/4183/4183 4185/4185/4185 4184/4184/4184
f 4185/4185/4185 4186/4186/4186 4184/4184/4184
f 4187/4187/4187 4188/4188/4188 4189/4189/4189
f 4189/4189/4189 4190/4190/4190 4187/4187/4187
f 4190/4190/4190 4189/4189/4189 4191/4191/4191
f 4191/4191/4191 4192/4192/4192 4190/4190/4190
f 4193/4193/4193 4192/4192/4192 4191/4191/4191
f 4191/4191/4191 4194/4194/4194 4193/4193/4193
f 4193/4193/4193 4194/4194/4194 4195/4195/4195
f 4195/4195/4195 4196/4196/4196 4193/4193/4193
f 4197/4197/4197 4198/4198/4198 4199/4199/4199
f 4200/4200/4200 4197/4197/4197 4199/4199/4199
f 4199/4199/4199 4201/4201/4201 4200/4200/4200
f 4202/4202/4202 4203/4203/4203 4204/4204/4204
f 4204/4204/4204 4205/4205/4205 4202/4202/4202
f 4206/4206/4206 4205/4205/4205 4204/4204/4204
f 4205/4205/4205 4206/4206/4206 4207/4207/4207
f 4207/4207/4207 4208/4208/4208 4205/4205/4205
f 4209/4209/4209 4210/4210/4210 4211/4211/4211
f 4210/4210/4210 4212/4212/4212 4211/4211/4211
f 4212/4212/4212 4213/4213/4213 4211/4211/4211
f 4214/4214/4214 4215/4215/4215 4216/4216/4216
f 4216/4216/4216 4217/4217/4217 4214/4214/4214
f 4217/4217/4217 4216/4216/4216 4218/4218/4218
f 4218/4218/4218 4219/4219/4219 4217/4217/4217
f 4219/4219/4219 4218/4218/4218 4220/4220/4220
f 4220/4220/4220 4221/4221/4221 4219/4219/4219
f 4221/4221/4221 4220/4220/4220 4222/4222/4222
f 4222/4222/4222 4223/4223/4223 4221/4221/4221
f 4223/4223/4223 4222/4222/4222 4224/4224/4224
f 4224/4224/4224 4225/4225/4225 4223/4223/4223
f 4226/4226/4226 4227/4227/4227 4228/4228/4228
f 4227/4227/4227 4229/4229/4229 4228/4228/4228
f 4229/4229/4229 4230/4230/4230 4228/4228/4228
f 4231/4231/4231 4232/4232/4232 4233/4233/4233
f 4233/4233/4233 4234/4234/4234 4231/4231/4231
f 4233/4233/4233 4235/4235/4235 4234/4234/4234
f 4236/4236/4236 4237/4237/4237 4238/4238/4238
f 4238/4238/4238 4239/4239/4239 4236/4236/4236
f 4239/4239/4239 4238/4238/4238 4240/4240/4240
f 4240/4240/4240 4241/4241/4241 4239/4239/4239
f 4242/4242/4242 4243/4243/4243 4244/4244/4244
f 4244/4244/4244 4243/4243/4243 4245/4245/4245
f 4245/4245/4245 4246/4246/4246 4244/4244/4244
f 4247/4247/4247 4248/4248/4248 4249/4249/4249
f 4249/4249/4249 4248/4248/4248 4250/4250/4250
f 4250/4250/4250 4251/4251/4251 4249/4249/4249
f 4252/4252/4252 4253/4253/4253 4254/4254/4254
f 4254/4254/4254 4253/4253/4253 4255/4255/4255
f 4255/4255/4255 4256/4256/4256 4254/4254/4254
f 4257/4257/4257 4258/4258/4258 4259/4259/4259
f 4259/4259/4259 4258/4258/4258 4260/4260/4260
f 4260/4260/4260 4261/4261/4261 4259/4259/4259
f 4262/4262/4262 4263/4263/4263 4264/4264/4264
f 4264/4264/4264 4263/4263/4263 4265/4265/4265
f 4265/4265/4265 4266/4266/4266 4264/4264/4264
f 4267/4267/4267 4268/4268/4268 4269/4269/4269
f 4270/4270/4270 4267/4267/4267 4269/4269/4269
f 4269/4269/4269 4271/4271/4271 4270/4270/4270
f 4272/4272/4272 4273/4273/4273 4274/4274/4274
f 4275/4275/4275 4272/4272/4272 4274/4274/4274
f 4274/4274/4274 4276/4276/4276 4275/4275/4275
f 4277/4277/4277 4278/4278/4278 4279/4279/4279
f 4279/4279/4279 4280/4280/4280 4277/4277/4277
f 4279/4279/4279 4281/4281/4281 4280/4280/4280
f 4282/4282/4282 4283/4283/4283 4284/4284/4284
f 4284/4284/4284 4285/4285/4285 4282/4282/4282
f 4284/4284/4284 4286/4286/4286 4285/4285/4285
f 4287/4287/4287 4288/4288/4288 4289/4289/4289
f 4289/4289/4289 4290/4290/4290 4287/4287/4287
f 4289/4289/4289 4291/4291/4291 4290/4290/4290
f 4292/4292/4292 4293/4293/4293 4294/4294/4294
f 4294/4294/4294 4295/4295/4295 4292/4292/4292
f 4294/4294/4294 4296/4296/4296 4295/4295/4295
f 4297/4297/4297 4298/4298/4298 4299/4299/4299
f 4298/4298/4298 4300/4300/4300 4299/4299/4299
f 4300/4300/4300 4301/4301/4301 4299/4299/4299
f 4302/4302/4302 4303/4303/4303 4304/4304/4304
f 4303/4303/4303 4305/4305/4305 4304/4304/4304
f 4305/4305/4305 4306/4306/4306 4304/4304/4304
f 4307/4307/4307 4308/4308/4308 4309/4309/4309
f 4309/4309/4309 4310/4310/4310 4307/4307/4307
f 4310/4310/4310 4309/4309/4309 4311/4311/4311
f 4311/4311/4311 4312/4312/4312 4310/4310/4310
f 4313/4313/4313 4312/4312/4312 4311/4311/4311
f 4311/4311/4311 4314/4314/4314 4313/4313/4313
f 4313/4313/4313 4314/4314/4314 4315/4315/4315
f 4315/4315/4315 4316/4316/4316 4313/4313/4313
f 4317/4317/4317 4318/4318/4318 4319/4319/4319
f 4318/4318/4318 4320/4320/4320 4319/4319/4319
f 4320/4320/4320 4321/4321/4321 4319/4319/4319
f 4322/4322/4322 4323/4323/4323 4324/4324/4324
f 4324/4324/4324 4325/4325/4325 4322/4322/4322
f 4325/4325/4325 4324/4324/4324 4326/4326/4326
f 4326/4326/4326 4327/4327/4327 4325/4325/4325
f 4327/4327/4327 4326/4326/4326 4328/4328/4328
f 4328/4328/4328 4329/4329/4329 4327/4327/4327
f 4330/4330/4330 4329/4329/4329 4328/4328/4328
f 4328/4328/4328 4331/4331/4331 4330/4330/4330
f 4332/4332/4332 4330/4330/4330 4331/4331/4331
f 4331/4331/4331 4333/4333/4333 4332/4332/4332
f 4334/4334/4334 4335/4335/4335 4336/4336/4336
f 4337/4337/4337 4334/4334/4334 4336/4336/4336
f 4336/4336/4336 4338/4338/4338 4337/4337/4337
f 4339/4339/4339 4337/4337/4337 4338/4338/4338
f 4338/4338/4338 4340/4340/4340 4339/4339/4339
f 4341/4341/4341 4339/4339/4339 4340/4340/4340
f 4340/4340/4340 4342/4342/4342 4341/4341/4341
f 4343/4343/4343 4341/4341/4341 4342/4342/4342
f 4342/4342/4342 4344/4344/4344 4343/4343/4343
f 4345/4345/4345 4343/4343/4343 4344/4344/4344
f 4344/4344/4344 4346/4346/4346 4345/4345/4345
f 4347/4347/4347 4345/4345/4345 4346/4346/4346
f 4346/4346/4346 4348/4348/4348 4347/4347/4347
f 4349/4349/4349 4347/4347/4347 4348/4348/4348
f 4348/4348/4348 4350/4350/4350 4349/4349/4349
f 4351/4351/4351 4352/4352/4352 4353/4353/4353
f 4352/4352/4352 4354/4354/4354 4353/4353/4353
f 4354/4354/4354 4355/4355/4355 4353/4353/4353
f 4356/4356/4356 4357/4357/4357 4358/4358/4358
f 4357/4357/4357 4359/4359/4359 4358/4358/4358
f 4359/4359/4359 4360/4360/4360 4358/4358/4358
f 4361/4361/4361 4362/4362/4362 4363/4363/4363
f 4362/4362/4362 4364/4364/4364 4363/4363/4363
f 4364/4364/4364 4365/4365/4365 4363/4363/4363
f 4366/4366/4366 4367/4367/4367 4368/4368/4368
f 4368/4368/4368 4369/4369/4369 4366/4366/4366
f 4369/4369/4369 4368/4368/4368 4370/4370/4370
f 4370/4370/4370 4371/4371/4371 4369/4369/4369
f 4372/4372/4372 4371/4371/4371 4370/4370/4370
f 4370/4370/4370 4373/4373/4373 4372/4372/4372
f 4374/4374/4374 4375/4375/4375 4376/4376/4376
f 4376/4376/4376 4377/4377/4377 4374/4374/4374
f 4377/4377/4377 4376/4376/4376 4378/4378/4378
f 4378/4378/4378 4379/4379/4379 4377/4377/4377
f 4380/4380/4380 4379/4379/4379 4378/4378/4378
f 4378/4378/4378 4381/4381/4381 4380/4380/4380
f 4382/4382/4382 4383/4383/4383 4384/4384/4384
f 4384/4384/4384 4385/4385/4385 4382/4382/4382
f 4385/4385/4385 4384/4384/4384 4386/4386/4386
f 4386/4386/4386 4387/4387/4387 4385/4385/4385
f 4388/4388/4388 4387/4387/4387 4386/4386/4386
f 4386/4386/4386 4389/4389/4389 4388/4388/4388
f 4390/4390/4390 4391/4391/4391 4392/4392/4392
f 4392/4392/4392 4393/4393/4393 4390/4390/4390
f 4393/4393/4393 4392/4392/4392 4394/4394/4394
f 4394/4394/4394 4395/4395/4395 4393/4393/4393
f 4396/4396/4396 4395/4395/4395 4394/4394/4394
f 4394/4394/4394 4397/4397/4397 4396/4396/4396
f 4396/4396/4396 4397/4397/4397 4398/4398/4398
f 4398/4398/4398 4399/4399/4399 4396/4396/4396
f 4400/4400/4400 4401/4401/4401 4402/4402/4402
f 4402/4402/4402 4401/4401/4401 4403/4403/4403
f 4403/4403/4403 4404/4404/4404 4402/4402/4402
f 4405/4405/4405 4406/4406/4406 4407/4407/4407
f 4407/4407/4407 4406/4406/4406 4408/4408/4408
f 4408/4408/4408 4409/4409/4409 4407/4407/4407
f 4410/4410/4410 4411/4411/4411 4412/4412/4412
f 4410/4410/4410 4412/4412/4412 4413/4413/4413
f 4412/4412/4412 4414/4414/4414 4413/4413/4413
f 4414/4414/4414 4415/4415/4415 4413/4413/4413
f 4416/4416/4416 4417/4417/4417 4418/4418/4418
f 4417/4417/4417 4419/4419/4419 4418/4418/4418
f 4419/4419/4419 4420/4420/4420 4418/4418/4418
f 4421/4421/4421 4422/4422/4422 4423/4423/4423
f 4423/4423/4423 4424/4424/4424 4421/4421/4421
f 4424/4424/4424 4423/4423/4423 4425/4425/4425
f 4425/4425/4425 4426/4426/4426 4424/4424/4424
f 4426/4426/4426 4425/4425/4425 4427/4427/4427
f 4427/4427/4427 4428/4428/4428 4426/4426/4426
f 4428/4428/4428 4427/4427/4427 4429/4429/4429
f 4429/4429/4429 4430/4430/4430 4428/4428/4428
f 4431/4431/4431 4432/4432/4432 4433/4433/4433
f 4433/4433/4433 4434/4434/4434 4431/4431/4431
f 4434/4434/4434 4433/4433/4433 4435/4435/4435
f 4435/4435/4435 4436/4436/4436 4434/4434/4434
f 4436/4436/4436 4435/4435/4435 4437/4437/4437
f 4437/4437/4437 4438/4438/4438 4436/4436/4436
f 4438/4438/4438 4437/4437/4437 4439/4439/4439
f 4439/4439/4439 4440/4440/4440 4438/4438/4438
f 4439/4439/4439 4441/4441/4441 4440/4440/4440
f 4439/4439/4439 4442/4442/4442 4441/4441/4441
f 4443/4443/4443 4444/4444/4444 4445/4445/4445
f 4445/4445/4445 4446/4446/4446 4443/4443/4443
f 4446/4446/4446 4445/4445/4445 4447/4447/4447
f 4447/4447/4447 4448/4448/4448 4446/4446/4446
f 4448/4448/4448 4447/4447/4447 4449/4449/4449
f 4449/4449/4449 4450/4450/4450 4448/4448/4448
f 4450/4450/4450 4449/4449/4449 4451/4451/4451
f 4452/4452/4452 4450/4450/4450 4451/4451/4451
f 4453/4453/4453 4454/4454/4454 4455/4455/4455
f 4455/4455/4455 4456/4456/4456 4453/4453/4453
f 4456/4456/4456 4455/4455/4455 4457/4457/4457
f 4457/4457/4457 4458/4458/4458 4456/4456/4456
f 4458/4458/4458 4457/4457/4457 4459/4459/4459
f 4459/4459/4459 4460/4460/4460 4458/4458/4458
f 4459/4459/4459 4461/4461/4461 4460/4460/4460
f 4461/4461/4461 4462/4462/4462 4460/4460/4460
f 4462/4462/4462 4463/4463/4463 4460/4460/4460
f 4464/4464/4464 4465/4465/4465 4466/4466/4466
f 4466/4466/4466 4467/4467/4467 4464/4464/4464
f 4467/4467/4467 4466/4466/4466 4468/4468/4468
f 4468/4468/4468 4469/4469/4469 4467/4467/4467
f 4469/4469/4469 4468/4468/4468 4470/4470/4470
f 4470/4470/4470 4471/4471/4471 4469/4469/4469
f 4471/4471/4471 4470/4470/4470 4472/4472/4472
f 4472/4472/4472 4473/4473/4473 4471/4471/4471
f 4473/4473/4473 4472/4472/4472 4474/4474/4474
f 4474/4474/4474 4475/4475/4475 4473/4473/4473
f 4476/4476/4476 4477/4477/4477 4478/4478/4478
f 4478/4478/4478 4479/4479/4479 4476/4476/4476
f 4479/4479/4479 4478/4478/4478 4480/4480/4480
f 4480/4480/4480 4481/4481/4481 4479/4479/4479
f 4482/4482/4482 4483/4483/4483 4484/4484/4484
f 4484/4484/4484 4483/4483/4483 4485/4485/4485
f 4485/4485/4485 4486/4486/4486 4484/4484/4484
f 4486/4486/4486 4485/4485/4485 4487/4487/4487
f 4487/4487/4487 4488/4488/4488 4486/4486/4486
f 4489/4489/4489 4490/4490/4490 4491/4491/4491
f 4492/4492/4492 4489/4489/4489 4491/4491/4491
f 4491/4491/4491 4493/4493/4493 4492/4492/4492
f 4494/4494/4494 4492/4492/4492 4493/4493/4493
f 4493/4493/4493 4495/4495/4495 4494/4494/4494
f 4496/4496/4496 4497/4497/4497 4498/4498/4498
f 4498/4498/4498 4499/4499/4499 4496/4496/4496
f 4499/4499/4499 4498/4498/4498 4500/4500/4500
f 4500/4500/4500 4501/4501/4501 4499/4499/4499
f 4501/4501/4501 4500/4500/4500 4502/4502/4502
f 4502/4502/4502 4503/4503/4503 4501/4501/4501
f 4503/4503/4503 4502/4502/4502 4504/4504/4504
f 4504/4504/4504 4505/4505/4505 4503/4503/4503
f 4505/4505/4505 4504/4504/4504 4506/4506/4506
f 4506/4506/4506 4507/4507/4507 4505/4505/4505
f 4507/4507/4507 4506/4506/4506 4508/4508/4508
f 4508/4508/4508 4509/4509/4509 4507/4507/4507
f 4510/4510/4510 4511/4511/4511 4512/4512/4512
f 4511/4511/4511 4513/4513/4513 4512/4512/4512
f 4513/4513/4513 4514/4514/4514 4512/4512/4512
f 4515/4515/4515 4516/4516/4516 4517/4517/4517
f 4516/4516/4516 4518/4518/4518 4517/4517/4517
f 4518/4518/4518 4519/4519/4519 4517/4517/4517
f 4520/4520/4520 4521/4521/4521 4522/4522/4522
f 4522/4522/4522 4523/4523/4523 4520/4520/4520
f 4523/4523/4523 4522/4522/4522 4524/4524/4524
f 4525/4525/4525 4523/4523/4523 4524/4524/4524
f 4526/4526/4526 4525/4525/4525 4524/4524/4524
f 4526/4526/4526 4527/4527/4527 4525/4525/4525
f 4527/4527/4527 4526/4526/4526 4528/4528/4528
f 4528/4528/4528 4529/4529/4529 4527/4527/4527
f 4529/4529/4529 4528/4528/4528 4530/4530/4530
f 4530/4530/4530 4531/4531/4531 4529/4529/4529
f 4531/4531/4531 4530/4530/4530 4532/4532/4532
f 4532/4532/4532 4533/4533/4533 4531/4531/4531
f 4533/4533/4533 4532/4532/4532 4534/4534/4534
f 4534/4534/4534 4535/4535/4535 4533/4533/4533
f 4536/4536/4536 4537/4537/4537 4538/4538/4538
f 4538/4538/4538 4539/4539/4539 4536/4536/4536
f 4539/4539/4539 4538/4538/4538 4540/4540/4540
f 4540/4540/4540 4541/4541/4541 4539/4539/4539
f 4542/4542/4542 4543/4543/4543 4544/4544/4544
f 4544/4544/4544 4545/4545/4545 4542/4542/4542
f 4545/4545/4545 4544/4544/4544 4546/4546/4546
f 4546/4546/4546 4547/4547/4547 4545/4545/4545
f 4548/4548/4548 4549/4549/4549 4550/4550/4550
f 4551/4551/4551 4548/4548/4548 4550/4550/4550
f 4550/4550/4550 4552/4552/4552 4551/4551/4551
f 4553/4553/4553 4551/4551/4551 4552/4552/4552
f 4552/4552/4552 4554/4554/4554 4553/4553/4553
f 4555/4555/4555 4553/4553/4553 4556/4556/4556
f 4556/4556/4556 4557/4557/4557 4555/4555/4555
f 4558/4558/4558 4555/4555/4555 4557/4557/4557
f 4557/4557/4557 4559/4559/4559 4558/4558/4558
f 4559/4559/4559 4560/4560/4560 4558/4558/4558
f 4561/4561/4561 4556/4556/4556 4562/4562/4562
f 4562/4562/4562 4563/4563/4563 4561/4561/4561
f 4561/4561/4561 4563/4563/4563 4564/4564/4564
f 4564/4564/4564 4565/4565/4565 4561/4561/4561
f 4564/4564/4564 4566/4566/4566 4565/4565/4565
f 4554/4554/4554 4567/4567/4567 4568/4568/4568
f 4568/4568/4568 4569/4569/4569 4554/4554/4554
f 4568/4568/4568 4567/4567/4567 4570/4570/4570
f 4570/4570/4570 4571/4571/4571 4568/4568/4568
f 4570/4570/4570 4572/4572/4572 4571/4571/4571
f 4573/4573/4573 4574/4574/4574 4569/4569/4569
f 4569/4569/4569 4575/4575/4575 4573/4573/4573
f 4576/4576/4576 4573/4573/4573 4575/4575/4575
f 4575/4575/4575 4577/4577/4577 4576/4576/4576
f 4577/4577/4577 4578/4578/4578 4576/4576/4576
f 4579/4579/4579 4580/4580/4580 4574/4574/4574
f 4574/4574/4574 4581/4581/4581 4579/4579/4579
f 4582/4582/4582 4579/4579/4579 4581/4581/4581
f 4581/4581/4581 4583/4583/4583 4582/4582/4582
f 4583/4583/4583 4584/4584/4584 4582/4582/4582
f 4585/4585/4585 4586/4586/4586 4587/4587/4587
f 4585/4585/4585 4587/4587/4587 4588/4588/4588
f 4588/4588/4588 4589/4589/4589 4585/4585/4585
f 4589/4589/4589 4588/4588/4588 4590/4590/4590
f 4591/4591/4591 4592/4592/4592 4593/4593/4593
f 4593/4593/4593 4594/4594/4594 4591/4591/4591
f 4591/4591/4591 4594/4594/4594 4595/4595/4595
f 4594/4594/4594 4596/4596/4596 4595/4595/4595
f 4596/4596/4596 4597/4597/4597 4595/4595/4595
f 4598/4598/4598 4595/4595/4595 4597/4597/4597
f 4599/4599/4599 4598/4598/4598 4597/4597/4597
f 4600/4600/4600 4599/4599/4599 4597/4597/4597
f 4601/4601/4601 4598/4598/4598 4599/4599/4599
f 4599/4599/4599 4602/4602/4602 4601/4601/4601
f 4603/4603/4603 4601/4601/4601 4602/4602/4602
f 4602/4602/4602 4604/4604/4604 4603/4603/4603
f 4605/4605/4605 4603/4603/4603 4604/4604/4604
f 4604/4604/4604 4606/4606/4606 4605/4605/4605
f 4607/4607/4607 4605/4605/4605 4606/4606/4606
f 4606/4606/4606 4608/4608/4608 4607/4607/4607
f 4609/4609/4609 4607/4607/4607 4608/4608/4608
f 4608/4608/4608 4610/4610/4610 4609/4609/4609
f 4611/4611/4611 4609/4609/4609 4610/4610/4610
f 4612/4612/4612 4611/4611/4611 4610/4610/4610
f 4613/4613/4613 4612/4612/4612 4610/4610/4610
f 4614/4614/4614 4611/4611/4611 4612/4612/4612
f 4612/4612/4612 4615/4615/4615 4614/4614/4614
f 4616/4616/4616 4617/4617/4617 4618/4618/4618
f 4618/4618/4618 4619/4619/4619 4616/4616/4616
f 4620/4620/4620 4616/4616/4616 4619/4619/4619
f 4619/4619/4619 4621/4621/4621 4620/4620/4620
f 4622/4622/4622 4620/4620/4620 4621/4621/4621
f 4621/4621/4621 4623/4623/4623 4622/4622/4622
f 4624/4624/4624 4622/4622/4622 4623/4623/4623
f 4623/4623/4623 4625/4625/4625 4624/4624/4624
f 4626/4626/4626 4624/4624/4624 4625/4625/4625
f 4625/4625/4625 4627/4627/4627 4626/4626/4626
f 4628/4628/4628 4629/4629/4629 4630/4630/4630
f 4630/4630/4630 4631/4631/4631 4628/4628/4628
f 4632/4632/4632 4628/4628/4628 4631/4631/4631
f 4631/4631/4631 4633/4633/4633 4632/4632/4632
f 4634/4634/4634 4635/4635/4635 4636/4636/4636
f 4636/4636/4636 4637/4637/4637 4634/4634/4634
f 4638/4638/4638 4634/4634/4634 4637/4637/4637
f 4637/4637/4637 4639/4639/4639 4638/4638/4638
f 4640/4640/4640 4638/4638/4638 4639/4639/4639
f 4639/4639/4639 4641/4641/4641 4640/4640/4640
f 4640/4640/4640 4641/4641/4641 4642/4642/4642
f 4642/4642/4642 4643/4643/4643 4640/4640/4640
f 4644/4644/4644 4645/4645/4645 4646/4646/4646
f 4646/4646/4646 4647/4647/4647 4644/4644/4644
f 4648/4648/4648 4644/4644/4644 4647/4647/4647
f 4647/4647/4647 4649/4649/4649 4648/4648/4648
f 4648/4648/4648 4649/4649/4649 4650/4650/4650
f 4650/4650/4650 4651/4651/4651 4648/4648/4648
f 4652/4652/4652 4651/4651/4651 4650/4650/4650
f 4650/4650/4650 4653/4653/4653 4652/4652/4652
f 4654/4654/4654 4652/4652/4652 4653/4653/4653
f 4653/4653/4653 4655/4655/4655 4654/4654/4654
f 4656/4656/4656 4657/4657/4657 4658/4658/4658
f 4658/4658/4658 4659/4659/4659 4656/4656/4656
f 4660/4660/4660 4656/4656/4656 4659/4659/4659
f 4659/4659/4659 4661/4661/4661 4660/4660/4660
f 4660/4660/4660 4661/4661/4661 4662/4662/4662
f 4662/4662/4662 4663/4663/4663 4660/4660/4660
f 4664/4664/4664 4663/4663/4663 4662/4662/4662
f 4662/4662/4662 4665/4665/4665 4664/4664/4664
f 4666/4666/4666 4664/4664/4664 4665/4665/4665
f 4665/4665/4665 4667/4667/4667 4666/4666/4666
f 4668/4668/4668 4669/4669/4669 4670/4670/4670
f 4670/4670/4670 4671/4671/4671 4668/4668/4668
f 4672/4672/4672 4668/4668/4668 4671/4671/4671
f 4671/4671/4671 4673/4673/4673 4672/4672/4672
f 4672/4672/4672 4673/4673/4673 4674/4674/4674
f 4674/4674/4674 4675/4675/4675 4672/4672/4672
f 4676/4676/4676 4675/4675/4675 4674/4674/4674
f 4674/4674/4674 4677/4677/4677 4676/4676/4676
f 4678/4678/4678 4676/4676/4676 4677/4677/4677
f 4677/4677/4677 4679/4679/4679 4678/4678/4678
f 4680/4680/4680 4681/4681/4681 4682/4682/4682
f 4682/4682/4682 4683/4683/4683 4680/4680/4680
f 4684/4684/4684 4680/4680/4680 4683/4683/4683
f 4683/4683/4683 4685/4685/4685 4684/4684/4684
f 4684/4684/4684 4685/4685/4685 4686/4686/4686
f 4686/4686/4686 4687/4687/4687 4684/4684/4684
f 4688/4688/4688 4687/4687/4687 4686/4686/4686
f 4686/4686/4686 4689/4689/4689 4688/4688/4688
f 4690/4690/4690 4688/4688/4688 4689/4689/4689
f 4689/4689/4689 4691/4691/4691 4690/4690/4690
f 4692/4692/4692 4693/4693/4693 4694/4694/4694
f 4694/4694/4694 4695/4695/4695 4692/4692/4692
f 4696/4696/4696 4692/4692/4692 4695/4695/4695
f 4695/4695/4695 4697/4697/4697 4696/4696/4696
f 4696/4696/4696 4697/4697/4697 4698/4698/4698
f 4698/4698/4698 4699/4699/4699 4696/4696/4696
f 4700/4700/4700 4699/4699/4699 4698/4698/4698
f 4698/4698/4698 4701/4701/4701 4700/4700/4700
f 4702/4702/4702 4700/4700/4700 4701/4701/4701
f 4701/4701/4701 4703/4703/4703 4702/4702/4702
f 4704/4704/4704 4705/4705/4705 4706/4706/4706
f 4706/4706/4706 4707/4707/4707 4704/4704/4704
f 4708/4708/4708 4704/4704/4704 4707/4707/4707
f 4707/4707/4707 4709/4709/4709 4708/4708/4708
f 4708/4708/4708 4709/4709/4709 4710/4710/4710
f 4710/4710/4710 4711/4711/4711 4708/4708/4708
f 4712/4712/4712 4711/4711/4711 4710/4710/4710
f 4710/4710/4710 4713/4713/4713 4712/4712/4712
f 4714/4714/4714 4715/4715/4715 4716/4716/4716
f 4716/4716/4716 4717/4717/4717 4714/4714/4714
f 4718/4718/4718 4714/4714/4714 4717/4717/4717
f 4717/4717/4717 4719/4719/4719 4718/4718/4718
f 4720/4720/4720 4721/4721/4721 4722/4722/4722
f 4722/4722/4722 4723/4723/4723 4720/4720/4720
f 4724/4724/4724 4720/4720/4720 4723/4723/4723
f 4723/4723/4723 4725/4725/4725 4724/4724/4724
f 4726/4726/4726 4727/4727/4727 4728/4728/4728
f 4728/4728/4728 4729/4729/4729 4726/4726/4726
f 4730/4730/4730 4726/4726/4726 4729/4729/4729
f 4729/4729/4729 4731/4731/4731 4730/4730/4730
f 4732/4732/4732 4733/4733/4733 4734/4734/4734
f 4734/4734/4734 4735/4735/4735 4732/4732/4732
f 4736/4736/4736 4732/4732/4732 4735/4735/4735
f 4735/4735/4735 4737/4737/4737 4736/4736/4736
f 4738/4738/4738 4739/4739/4739 4740/4740/4740
f 4740/4740/4740 4741/4741/4741 4738/4738/4738
f 4742/4742/4742 4738/4738/4738 4741/4741/4741
f 4741/4741/4741 4743/4743/4743 4742/4742/4742
f 4744/4744/4744 4745/4745/4745 4746/4746/4746
f 4746/4746/4746 4747/4747/4747 4744/4744/4744
f 4748/4748/4748 4744/4744/4744 4747/4747/4747
f 4747/4747/4747 4749/4749/4749 4748/4748/4748
f 4748/4748/4748 4749/4749/4749 4750/4750/4750
f 4750/4750/4750 4751/4751/4751 4748/4748/4748
f 4752/4752/4752 4751/4751/4751 4750/4750/4750
f 4750/4750/4750 4753/4753/4753 4752/4752/4752
f 4754/4754/4754 4752/4752/4752 4753/4753/4753
f 4753/4753/4753 4755/4755/4755 4754/4754/4754
f 4756/4756/4756 4757/4757/4757 4758/4758/4758
f 4758/4758/4758 4759/4759/4759 4756/4756/4756
f 4760/4760/4760 4756/4756/4756 4759/4759/4759
f 4759/4759/4759 4761/4761/4761 4760/4760/4760
f 4762/4762/4762 4760/4760/4760 4761/4761/4761
f 4761/4761/4761 4763/4763/4763 4762/4762/4762
f 4764/4764/4764 4762/4762/4762 4763/4763/4763
f 4763/4763/4763 4765/4765/4765 4764/4764/4764
f 4766/4766/4766 4764/4764/4764 4765/4765/4765
f 4765/4765/4765 4767/4767/4767 4766/4766/4766
f 4768/4768/4768 4766/4766/4766 4767/4767/4767
f 4767/4767/4767 4769/4769/4769 4768/4768/4768
f 4770/4770/4770 4771/4771/4771 4772/4772/4772
f 4772/4772/4772 4773/4773/4773 4770/4770/4770
f 4774/4774/4774 4770/4770/4770 4773/4773/4773
f 4773/4773/4773 4775/4775/4775 4774/4774/4774
f 4776/4776/4776 4774/4774/4774 4775/4775/4775
f 4775/4775/4775 4777/4777/4777 4776/4776/4776
f 4776/4776/4776 4777/4777/4777 4778/4778/4778
f 4778/4778/4778 4779/4779/4779 4776/4776/4776
f 4780/4780/4780 4781/4781/4781 4782/4782/4782
f 4782/4782/4782 4783/4783/4783 4780/4780/4780
f 4784/4784/4784 4780/4780/4780 4783/4783/4783
f 4783/4783/4783 4785/4785/4785 4784/4784/4784
f 4784/4784/4784 4785/4785/4785 4786/4786/4786
f 4786/4786/4786 4787/4787/4787 4784/4784/4784
f 4788/4788/4788 4787/4787/4787 4786/4786/4786
f 4786/4786/4786 4789/4789/4789 4788/4788/4788
f 4790/4790/4790 4788/4788/4788 4789/4789/4789
f 4789/4789/4789 4791/4791/4791 4790/4790/4790
f 4792/4792/4792 4793/4793/4793 4794/4794/4794
f 4794/4794/4794 4795/4795/4795 4792/4792/4792
f 4796/4796/4796 4792/4792/4792 4795/4795/4795
f 4795/4795/4795 4797/4797/4797 4796/4796/4796
f 4798/4798/4798 4796/4796/4796 4797/4797/4797
f 4797/4797/4797 4799/4799/4799 4798/4798/4798
f 4800/4800/4800 4798/4798/4798 4799/4799/4799
f 4799/4799/4799 4801/4801/4801 4800/4800/4800
f 4802/4802/4802 4800/4800/4800 4801/4801/4801
f 4801/4801/4801 4803/4803/4803 4802/4802/4802
f 4804/4804/4804 4805/4805/4805 4806/4806/4806
f 4806/4806/4806 4807/4807/4807 4804/4804/4804
f 4808/4808/4808 4804/4804/4804 4807/4807/4807
f 4807/4807/4807 4809/4809/4809 4808/4808/4808
f 4810/4810/4810 4808/4808/4808 4809/4809/4809
f 4809/4809/4809 4811/4811/4811 4810/4810/4810
f 4810/4810/4810 4811/4811/4811 4812/4812/4812
f 4812/4812/4812 4813/4813/4813 4810/4810/4810
f 4814/4814/4814 4815/4815/4815 4816/4816/4816
f 4814/4814/4814 4816/4816/4816 4817/4817/4817
f 4814/4814/4814 4817/4817/4817 4818/4818/4818
f 4817/4817/4817 4819/4819/4819 4818/4818/4818
f 4820/4820/4820 4821/4821/4821 4822/4822/4822
f 4820/4820/4820 4822/4822/4822 4823/4823/4823
f 4820/4820/4820 4823/4823/4823 4824/4824/4824
f 4823/4823/4823 4825/4825/4825 4824/4824/4824
f 4826/4826/4826 4827/4827/4827 4828/4828/4828
f 4829/4829/4829 4828/4828/4828 4827/4827/4827
f 4827/4827/4827 4830/4830/4830 4829/4829/4829
f 4831/4831/4831 4832/4832/4832 4833/4833/4833
f 4833/4833/4833 4834/4834/4834 4831/4831/4831
f 4835/4835/4835 4831/4831/4831 4834/4834/4834
f 4834/4834/4834 4836/4836/4836 4835/4835/4835
f 4837/4837/4837 4835/4835/4835 4836/4836/4836
f 4836/4836/4836 4838/4838/4838 4837/4837/4837
f 4839/4839/4839 4837/4837/4837 4838/4838/4838
f 4838/4838/4838 4840/4840/4840 4839/4839/4839
f 4841/4841/4841 4839/4839/4839 4840/4840/4840
f 4840/4840/4840 4842/4842/4842 4841/4841/4841
f 4843/4843/4843 4841/4841/4841 4842/4842/4842
f 4842/4842/4842 4844/4844/4844 4843/4843/4843
f 4845/4845/4845 4846/4846/4846 4847/4847/4847
f 4847/4847/4847 4848/4848/4848 4845/4845/4845
f 4849/4849/4849 4845/4845/4845 4848/4848/4848
f 4848/4848/4848 4850/4850/4850 4849/4849/4849
f 4851/4851/4851 4852/4852/4852 4853/4853/4853
f 4853/4853/4853 4854/4854/4854 4851/4851/4851
f 4855/4855/4855 4851/4851/4851 4854/4854/4854
f 4854/4854/4854 4856/4856/4856 4855/4855/4855
f 4857/4857/4857 4855/4855/4855 4856/4856/4856
f 4856/4856/4856 4858/4858/4858 4857/4857/4857
f 4857/4857/4857 4858/4858/4858 4859/4859/4859
f 4859/4859/4859 4860/4860/4860 4857/4857/4857
f 4861/4861/4861 4862/4862/4862 4863/4863/4863
f 4863/4863/4863 4864/4864/4864 4861/4861/4861
f 4865/4865/4865 4861/4861/4861 4864/4864/4864
f 4864/4864/4864 4866/4866/4866 4865/4865/4865
f 4865/4865/4865 4866/4866/4866 4867/4867/4867
f 4867/4867/4867 4868/4868/4868 4865/4865/4865
f 4869/4869/4869 4868/4868/4868 4867/4867/4867
f 4867/4867/4867 4870/4870/4870 4869/4869/4869
f 4871/4871/4871 4869/4869/4869 4870/4870/4870
f 4870/4870/4870 4872/4872/4872 4871/4871/4871
f 4873/4873/4873 4874/4874/4874 4875/4875/4875
f 4875/4875/4875 4876/4876/4876 4873/4873/4873
f 4877/4877/4877 4873/4873/4873 4876/4876/4876
f 4876/4876/4876 4878/4878/4878 4877/4877/4877
f 4879/4879/4879 4880/4880/4880 4881/4881/4881
f 4881/4881/4881 4882/4882/4882 4879/4879/4879
f 4883/4883/4883 4879/4879/4879 4882/4882/4882
f 4882/4882/4882 4884/4884/4884 4883/4883/4883
f 4885/4885/4885 4886/4886/4886 4887/4887/4887
f 4887/4887/4887 4888/4888/4888 4885/4885/4885
f 4889/4889/4889 4885/4885/4885 4888/4888/4888
f 4888/4888/4888 4890/4890/4890 4889/4889/4889
f 4891/4891/4891 4892/4892/4892 4893/4893/4893
f 4893/4893/4893 4894/4894/4894 4891/4891/4891
f 4895/4895/4895 4891/4891/4891 4894/4894/4894
f 4894/4894/4894 4896/4896/4896 4895/4895/4895
f 4897/4897/4897 4895/4895/4895 4896/4896/4896
f 4896/4896/4896 4898/4898/4898 4897/4897/4897
f 4897/4897/4897 4898/4898/4898 4899/4899/4899
f 4899/4899/4899 4900/4900/4900 4897/4897/4897
f 4901/4901/4901 4902/4902/4902 4903/4903/4903
f 4904/4904/4904 4902/4902/4902 4901/4901/4901
f 4905/4905/4905 4902/4902/4902 4904/4904/4904
f 4904/4904/4904 4906/4906/4906 4905/4905/4905
f 4907/4907/4907 4905/4905/4905 4906/4906/4906
f 4906/4906/4906 4908/4908/4908 4907/4907/4907
f 4909/4909/4909 4907/4907/4907 4908/4908/4908
f 4908/4908/4908 4910/4910/4910 4909/4909/4909
f 4911/4911/4911 4909/4909/4909 4910/4910/4910
f 4910/4910/4910 4912/4912/4912 4911/4911/4911
f 4913/4913/4913 4911/4911/4911 4912/4912/4912
f 4914/4914/4914 4911/4911/4911 4913/4913/4913
f 4915/4915/4915 4916/4916/4916 4917/4917/4917
f 4917/4917/4917 4918/4918/4918 4915/4915/4915
f 4915/4915/4915 4918/4918/4918 4919/4919/4919
f 4915/4915/4915 4919/4919/4919 4920/4920/4920
f 4921/4921/4921 4922/4922/4922 4923/4923/4923
f 4922/4922/4922 4924/4924/4924 4923/4923/4923
f 4924/4924/4924 4925/4925/4925 4923/4923/4923
f 4925/4925/4925 4926/4926/4926 4923/4923/4923
f 4927/4927/4927 4928/4928/4928 4929/4929/4929
f 4928/4928/4928 4930/4930/4930 4929/4929/4929
f 4930/4930/4930 4931/4931/4931 4929/4929/4929
f 4931/4931/4931 4932/4932/4932 4929/4929/4929
f 4933/4933/4933 4934/4934/4934 4935/4935/4935
f 4935/4935/4935 4936/4936/4936 4933/4933/4933
f 4937/4937/4937 4936/4936/4936 4935/4935/4935
f 4935/4935/4935 4938/4938/4938 4937/4937/4937
f 4939/4939/4939 4940/4940/4940 4941/4941/4941
f 4941/4941/4941 4942/4942/4942 4939/4939/4939
f 4943/4943/4943 4942/4942/4942 4941/4941/4941
f 4941/4941/4941 4944/4944/4944 4943/4943/4943
f 4945/4945/4945 4946/4946/4946 4947/4947/4947
f 4947/4947/4947 4948/4948/4948 4945/4945/4945
f 4949/4949/4949 4948/4948/4948 4947/4947/4947
f 4947/4947/4947 4950/4950/4950 4949/4949/4949
f 4951/4951/4951 4952/4952/4952 4953/4953/4953
f 4953/4953/4953 4954/4954/4954 4951/4951/4951
f 4955/4955/4955 4954/4954/4954 4953/4953/4953
f 4953/4953/4953 4956/4956/4956 4955/4955/4955
f 4957/4957/4957 4958/4958/4958 4959/4959/4959
f 4959/4959/4959 4960/4960/4960 4957/4957/4957
f 4961/4961/4961 4960/4960/4960 4959/4959/4959
f 4959/4959/4959 4962/4962/4962 4961/4961/4961
f 4963/4963/4963 4964/4964/4964 4965/4965/4965
f 4965/4965/4965 4966/4966/4966 4963/4963/4963
f 4967/4967/4967 4966/4966/4966 4965/4965/4965
f 4965/4965/4965 4968/4968/4968 4967/4967/4967
f 4969/4969/4969 4970/4970/4970 4971/4971/4971
f 4971/4971/4971 4972/4972/4972 4969/4969/4969
f 4973/4973/4973 4972/4972/4972 4971/4971/4971
f 4971/4971/4971 4974/4974/4974 4973/4973/4973
f 4975/4975/4975 4976/4976/4976 4977/4977/4977
f 4977/4977/4977 4978/4978/4978 4975/4975/4975
f 4975/4975/4975 4978/4978/4978 4979/4979/4979
f 4979/4979/4979 4980/4980/4980 4975/4975/4975
f 4981/4981/4981 4982/4982/4982 4983/4983/4983
f 4983/4983/4983 4984/4984/4984 4981/4981/4981
f 4985/4985/4985 4984/4984/4984 4983/4983/4983
f 4983/4983/4983 4986/4986/4986 4985/4985/4985
f 4987/4987/4987 4988/4988/4988 4989/4989/4989
f 4989/4989/4989 4990/4990/4990 4987/4987/4987
f 4991/4991/4991 4990/4990/4990 4989/4989/4989
f 4989/4989/4989 4992/4992/4992 4991/4991/4991
f 4993/4993/4993 4994/4994/4994 4995/4995/4995
f 4995/4995/4995 4996/4996/4996 4993/4993/4993
f 4997/4997/4997 4996/4996/4996 4995/4995/4995
f 4995/4995/4995 4998/4998/4998 4997/4997/4997
f 4999/4999/4999 5000/5000/5000 5001/5001/5001
f 5001/5001/5001 5002/5002/5002 4999/4999/4999
f 5003/5003/5003 5002/5002/5002 5001/5001/5001
f 5001/5001/5001 5004/5004/5004 5003/5003/5003
f 5005/5005/5005 5006/5006/5006 5007/5007/5007
f 5008/5008/5008 5005/5005/5005 5007/5007/5007
f 5007/5007/5007 5009/5009/5009 5010/5010/5010
f 5008/5008/5008 5007/5007/5007 5010/5010/5010
f 5008/5008/5008 5010/5010/5010 5011/5011/5011
f 5012/5012/5012 5008/5008/5008 5011/5011/5011
f 5010/5010/5010 5013/5013/5013 5011/5011/5011
f 5014/5014/5014 5015/5015/5015 5016/5016/5016
f 5016/5016/5016 5017/5017/5017 5014/5014/5014
f 5018/5018/5018 5017/5017/5017 5016/5016/5016
f 5016/5016/5016 5019/5019/5019 5018/5018/5018
f 5020/5020/5020 5021/5021/5021 5022/5022/5022
f 5022/5022/5022 5023/5023/5023 5020/5020/5020
f 5020/5020/5020 5023/5023/5023 5024/5024/5024
f 5024/5024/5024 5025/5025/5025 5020/5020/5020
f 5026/5026/5026 5027/5027/5027 5028/5028/5028
f 5028/5028/5028 5029/5029/5029 5026/5026/5026
f 5030/5030/5030 5029/5029/5029 5028/5028/5028
f 5028/5028/5028 5031/5031/5031 5030/5030/5030
f 5032/5032/5032 5033/5033/5033 5034/5034/5034
f 5034/5034/5034 5035/5035/5035 5032/5032/5032
f 5035/5035/5035 5036/5036/5036 5032/5032/5032
f 5036/5036/5036 5037/5037/5037 5032/5032/5032
f 5038/5038/5038 5039/5039/5039 5040/5040/5040
f 5040/5040/5040 5041/5041/5041 5038/5038/5038
f 5038/5038/5038 5042/5042/5042 5043/5043/5043
f 5043/5043/5043 5044/5044/5044 5038/5038/5038
f 5045/5045/5045 5044/5044/5044 5043/5043/5043
f 5043/5043/5043 5046/5046/5046 5045/5045/5045
f 5043/5043/5043 5042/5042/5042 5047/5047/5047
f 5048/5048/5048 5046/5046/5046 5043/5043/5043
f 5047/5047/5047 5049/5049/5049 5043/5043/5043
f 5043/5043/5043 5049/5049/5049 5048/5048/5048
f 5047/5047/5047 5050/5050/5050 5049/5049/5049
f 5051/5051/5051 5048/5048/5048 5049/5049/5049
f 5050/5050/5050 5051/5051/5051 5049/5049/5049
f 5050/5050/5050 5052/5052/5052 5051/5051/5051
f 5053/5053/5053 5054/5054/5054 5055/5055/5055
f 5055/5055/5055 5056/5056/5056 5053/5053/5053
f 5053/5053/5053 5056/5056/5056 5057/5057/5057
f 5057/5057/5057 5058/5058/5058 5053/5053/5053
f 5059/5059/5059 5060/5060/5060 5061/5061/5061
f 5061/5061/5061 5062/5062/5062 5059/5059/5059
f 5059/5059/5059 5062/5062/5062 5063/5063/5063
f 5063/5063/5063 5064/5064/5064 5059/5059/5059
f 5065/5065/5065 5066/5066/5066 5067/5067/5067
f 5067/5067/5067 5068/5068/5068 5065/5065/5065
f 5065/5065/5065 5068/5068/5068 5069/5069/5069
f 5069/5069/5069 5070/5070/5070 5065/5065/5065
f 5071/5071/5071 5072/5072/5072 5073/5073/5073
f 5073/5073/5073 5074/5074/5074 5071/5071/5071
f 5071/5071/5071 5074/5074/5074 5075/5075/5075
f 5075/5075/5075 5076/5076/5076 5071/5071/5071
f 5077/5077/5077 5078/5078/5078 5079/5079/5079
f 5079/5079/5079 5080/5080/5080 5077/5077/5077
f 5077/5077/5077 5080/5080/5080 5081/5081/5081
f 5081/5081/5081 5082/5082/5082 5077/5077/5077
f 5083/5083/5083 5084/5084/5084 5085/5085/5085
f 5085/5085/5085 5086/5086/5086 5083/5083/5083
f 5083/5083/5083 5086/5086/5086 5087/5087/5087
f 5087/5087/5087 5088/5088/5088 5083/5083/5083
f 5089/5089/5089 5090/5090/5090 5091/5091/5091
f 5092/5092/5092 5089/5089/5089 5091/5091/5091
f 5093/5093/5093 5092/5092/5092 5091/5091/5091
f 5094/5094/5094 5093/5093/5093 5091/5091/5091
f 5093/5093/5093 5095/5095/5095 5092/5092/5092
f 5093/5093/5093 5096/5096/5096 5095/5095/5095
f 5093/5093/5093 5097/5097/5097 5096/5096/5096
f 5098/5098/5098 5099/5099/5099 5100/5100/5100
f 5099/5099/5099 5101/5101/5101 5100/5100/5100
f 5101/5101/5101 5102/5102/5102 5100/5100/5100
f 5102/5102/5102 5103/5103/5103 5100/5100/5100
f 5104/5104/5104 5105/5105/5105 5106/5106/5106
f 5106/5106/5106 5107/5107/5107 5104/5104/5104
f 5108/5108/5108 5107/5107/5107 5106/5106/5106
f 5106/5106/5106 5109/5109/5109 5108/5108/5108
f 5110/5110/5110 5111/5111/5111 5112/5112/5112
f 5111/5111/5111 5110/5110/5110 5113/5113/5113
f 5111/5111/5111 5113/5113/5113 5114/5114/5114
f 5111/5111/5111 5114/5114/5114 5115/5115/5115
f 5116/5116/5116 5117/5117/5117 5118/5118/5118
f 5116/5116/5116 5118/5118/5118 5119/5119/5119
f 5120/5120/5120 5121/5121/5121 5119/5119/5119
f 5118/5118/5118 5122/5122/5122 5119/5119/5119
f 5122/5122/5122 5120/5120/5120 5119/5119/5119
f 5122/5122/5122 5123/5123/5123 5120/5120/5120
f 5118/5118/5118 5124/5124/5124 5122/5122/5122
f 5124/5124/5124 5125/5125/5125 5122/5122/5122
f 5126/5126/5126 5127/5127/5127 5128/5128/5128
f 5128/5128/5128 5129/5129/5129 5126/5126/5126
f 5126/5126/5126 5129/5129/5129 5130/5130/5130
f 5130/5130/5130 5131/5131/5131 5126/5126/5126
f 5132/5132/5132 5131/5131/5131 5130/5130/5130
f 5130/5130/5130 5133/5133/5133 5132/5132/5132
f 5134/5134/5134 5135/5135/5135 5136/5136/5136
f 5136/5136/5136 5137/5137/5137 5134/5134/5134
f 5138/5138/5138 5134/5134/5134 5137/5137/5137
f 5137/5137/5137 5136/5136/5136 5139/5139/5139
f 5137/5137/5137 5140/5140/5140 5138/5138/5138
f 5141/5141/5141 5138/5138/5138 5140/5140/5140
f 5140/5140/5140 5142/5142/5142 5141/5141/5141
f 5139/5139/5139 5143/5143/5143 5137/5137/5137
f 5143/5143/5143 5139/5139/5139 5144/5144/5144
f 5145/5145/5145 5140/5140/5140 5137/5137/5137
f 5142/5142/5142 5140/5140/5140 5145/5145/5145
f 5137/5137/5137 5143/5143/5143 5145/5145/5145
f 5145/5145/5145 5146/5146/5146 5142/5142/5142
f 5144/5144/5144 5147/5147/5147 5143/5143/5143
f 5145/5145/5145 5143/5143/5143 5147/5147/5147
f 5147/5147/5147 5144/5144/5144 5148/5148/5148
f 5146/5146/5146 5145/5145/5145 5149/5149/5149
f 5147/5147/5147 5149/5149/5149 5145/5145/5145
f 5149/5149/5149 5150/5150/5150 5146/5146/5146
f 5148/5148/5148 5151/5151/5151 5147/5147/5147
f 5149/5149/5149 5147/5147/5147 5151/5151/5151
f 5151/5151/5151 5148/5148/5148 5152/5152/5152
f 5152/5152/5152 5153/5153/5153 5151/5151/5151
f 5150/5150/5150 5149/5149/5149 5154/5154/5154
f 5151/5151/5151 5154/5154/5154 5149/5149/5149
f 5154/5154/5154 5151/5151/5151 5153/5153/5153
f 5154/5154/5154 5155/5155/5155 5150/5150/5150
f 5153/5153/5153 5156/5156/5156 5154/5154/5154
f 5155/5155/5155 5154/5154/5154 5156/5156/5156
f 5156/5156/5156 5157/5157/5157 5155/5155/5155
f 5158/5158/5158 5159/5159/5159 5160/5160/5160
f 5160/5160/5160 5161/5161/5161 5158/5158/5158
f 5161/5161/5161 5162/5162/5162 5158/5158/5158
f 5160/5160/5160 5163/5163/5163 5161/5161/5161
f 5164/5164/5164 5165/5165/5165 5166/5166/5166
f 5165/5165/5165 5167/5167/5167 5166/5166/5166
f 5167/5167/5167 5168/5168/5168 5166/5166/5166
f 5165/5165/5165 5169/5169/5169 5167/5167/5167
f 5170/5170/5170 5171/5171/5171 5172/5172/5172
f 5171/5171/5171 5173/5173/5173 5172/5172/5172
f 5173/5173/5173 5174/5174/5174 5172/5172/5172
f 5171/5171/5171 5175/5175/5175 5173/5173/5173
f 5176/5176/5176 5177/5177/5177 5178/5178/5178
f 5177/5177/5177 5179/5179/5179 5178/5178/5178
f 5179/5179/5179 5180/5180/5180 5178/5178/5178
f 5177/5177/5177 5181/5181/5181 5179/5179/5179
f 5182/5182/5182 5183/5183/5183 5184/5184/5184
f 5183/5183/5183 5185/5185/5185 5184/5184/5184
f 5185/5185/5185 5186/5186/5186 5184/5184/5184
f 5183/5183/5183 5187/5187/5187 5185/5185/5185
f 5188/5188/5188 5189/5189/5189 5190/5190/5190
f 5189/5189/5189 5191/5191/5191 5190/5190/5190
f 5191/5191/5191 5192/5192/5192 5190/5190/5190
f 5189/5189/5189 5193/5193/5193 5191/5191/5191
f 5194/5194/5194 5195/5195/5195 5196/5196/5196
f 5195/5195/5195 5197/5197/5197 5196/5196/5196
f 5197/5197/5197 5198/5198/5198 5196/5196/5196
f 5195/5195/5195 5199/5199/5199 5197/5197/5197
f 5200/5200/5200 5201/5201/5201 5202/5202/5202
f 5201/5201/5201 5203/5203/5203 5202/5202/5202
f 5203/5203/5203 5204/5204/5204 5202/5202/5202
f 5201/5201/5201 5205/5205/5205 5203/5203/5203
f 5206/5206/5206 5207/5207/5207 5208/5208/5208
f 5207/5207/5207 5206/5206/5206 5209/5209/5209
f 5209/5209/5209 5206/5206/5206 5210/5210/5210
f 5209/5209/5209 5211/5211/5211 5207/5207/5207
f 5212/5212/5212 5213/5213/5213 5214/5214/5214
f 5214/5214/5214 5215/5215/5215 5212/5212/5212
f 5215/5215/5215 5214/5214/5214 5216/5216/5216
f 5217/5217/5217 5212/5212/5212 5215/5215/5215
f 5216/5216/5216 5218/5218/5218 5215/5215/5215
f 5215/5215/5215 5219/5219/5219 5217/5217/5217
f 5215/5215/5215 5218/5218/5218 5220/5220/5220
f 5220/5220/5220 5219/5219/5219 5215/5215/5215
f 5221/5221/5221 5222/5222/5222 5223/5223/5223
f 5222/5222/5222 5224/5224/5224 5223/5223/5223
f 5224/5224/5224 5225/5225/5225 5223/5223/5223
f 5226/5226/5226 5227/5227/5227 5225/5225/5225
f 5223/5223/5223 5225/5225/5225 5227/5227/5227
f 5227/5227/5227 5228/5228/5228 5229/5229/5229
f 5230/5230/5230 5231/5231/5231 5223/5223/5223
f 5232/5232/5232 5227/5227/5227 5229/5229/5229
f 5223/5223/5223 5227/5227/5227 5232/5232/5232
f 5223/5223/5223 5232/5232/5232 5230/5230/5230
f 5233/5233/5233 5232/5232/5232 5229/5229/5229
f 5232/5232/5232 5234/5234/5234 5230/5230/5230
f 5235/5235/5235 5236/5236/5236 5237/5237/5237
f 5237/5237/5237 5238/5238/5238 5239/5239/5239
f 5237/5237/5237 5240/5240/5240 5235/5235/5235
f 5239/5239/5239 5240/5240/5240 5237/5237/5237
f 5241/5241/5241 5235/5235/5235 5240/5240/5240
f 5240/5240/5240 5239/5239/5239 5242/5242/5242
f 5240/5240/5240 5243/5243/5243 5241/5241/5241
f 5242/5242/5242 5243/5243/5243 5240/5240/5240
f 5244/5244/5244 5241/5241/5241 5243/5243/5243
f 5243/5243/5243 5242/5242/5242 5245/5245/5245
f 5243/5243/5243 5246/5246/5246 5244/5244/5244
f 5245/5245/5245 5246/5246/5246 5243/5243/5243
f 5247/5247/5247 5244/5244/5244 5246/5246/5246
f 5246/5246/5246 5245/5245/5245 5248/5248/5248
f 5246/5246/5246 5249/5249/5249 5247/5247/5247
f 5248/5248/5248 5249/5249/5249 5246/5246/5246
f 5250/5250/5250 5247/5247/5247 5249/5249/5249
f 5249/5249/5249 5248/5248/5248 5251/5251/5251
f 5249/5249/5249 5252/5252/5252 5250/5250/5250
f 5251/5251/5251 5252/5252/5252 5249/5249/5249
f 5253/5253/5253 5250/5250/5250 5252/5252/5252
f 5252/5252/5252 5251/5251/5251 5254/5254/5254
f 5252/5252/5252 5255/5255/5255 5253/5253/5253
f 5254/5254/5254 5255/5255/5255 5252/5252/5252
f 5256/5256/5256 5253/5253/5253 5255/5255/5255
f 5255/5255/5255 5254/5254/5254 5257/5257/5257
f 5255/5255/5255 5258/5258/5258 5256/5256/5256
f 5257/5257/5257 5258/5258/5258 5255/5255/5255
f 5259/5259/5259 5256/5256/5256 5258/5258/5258
f 5258/5258/5258 5257/5257/5257 5260/5260/5260
f 5258/5258/5258 5261/5261/5261 5259/5259/5259
f 5260/5260/5260 5261/5261/5261 5258/5258/5258
f 5262/5262/5262 5259/5259/5259 5261/5261/5261
f 5261/5261/5261 5260/5260/5260 5263/5263/5263
f 5261/5261/5261 5264/5264/5264 5262/5262/5262
f 5263/5263/5263 5264/5264/5264 5261/5261/5261
f 5265/5265/5265 5266/5266/5266 5267/5267/5267
f 5267/5267/5267 5268/5268/5268 5269/5269/5269
f 5267/5267/5267 5270/5270/5270 5265/5265/5265
f 5269/5269/5269 5270/5270/5270 5267/5267/5267
f 5271/5271/5271 5265/5265/5265 5270/5270/5270
f 5270/5270/5270 5269/5269/5269 5272/5272/5272
f 5270/5270/5270 5273/5273/5273 5271/5271/5271
f 5272/5272/5272 5273/5273/5273 5270/5270/5270
f 5274/5274/5274 5271/5271/5271 5273/5273/5273
f 5273/5273/5273 5272/5272/5272 5275/5275/5275
f 5273/5273/5273 5276/5276/5276 5274/5274/5274
f 5275/5275/5275 5276/5276/5276 5273/5273/5273
f 5277/5277/5277 5274/5274/5274 5276/5276/5276
f 5276/5276/5276 5275/5275/5275 5278/5278/5278
f 5276/5276/5276 5279/5279/5279 5277/5277/5277
f 5278/5278/5278 5279/5279/5279 5276/5276/5276
f 5280/5280/5280 5277/5277/5277 5279/5279/5279
f 5279/5279/5279 5278/5278/5278 5281/5281/5281
f 5279/5279/5279 5282/5282/5282 5280/5280/5280
f 5281/5281/5281 5282/5282/5282 5279/5279/5279
f 5283/5283/5283 5280/5280/5280 5282/5282/5282
f 5282/5282/5282 5281/5281/5281 5284/5284/5284
f 5282/5282/5282 5285/5285/5285 5283/5283/5283
f 5284/5284/5284 5285/5285/5285 5282/5282/5282
f 5286/5286/5286 5283/5283/5283 5285/5285/5285
f 5285/5285/5285 5284/5284/5284 5287/5287/5287
f 5285/5285/5285 5288/5288/5288 5286/5286/5286
f 5287/5287/5287 5288/5288/5288 5285/5285/5285
f 5289/5289/5289 5286/5286/5286 5288/5288/5288
f 5288/5288/5288 5287/5287/5287 5290/5290/5290
f 5288/5288/5288 5291/5291/5291 5289/5289/5289
f 5290/5290/5290 5291/5291/5291 5288/5288/5288
f 5292/5292/5292 5289/5289/5289 5291/5291/5291
f 5291/5291/5291 5290/5290/5290 5293/5293/5293
f 5291/5291/5291 5294/5294/5294 5292/5292/5292
f 5293/5293/5293 5294/5294/5294 5291/5291/5291
f 5295/5295/5295 5296/5296/5296 5297/5297/5297
f 5298/5298/5298 5299/5299/5299 5297/5297/5297
f 5296/5296/5296 5298/5298/5298 5297/5297/5297
f 5296/5296/5296 5300/5300/5300 5298/5298/5298
f 5300/5300/5300 5301/5301/5301 5298/5298/5298
f 5296/5296/5296 5302/5302/5302 5300/5300/5300
f 5303/5303/5303 5304/5304/5304 5305/5305/5305
f 5306/5306/5306 5307/5307/5307 5305/5305/5305
f 5304/5304/5304 5306/5306/5306 5305/5305/5305
f 5304/5304/5304 5308/5308/5308 5306/5306/5306
f 5308/5308/5308 5309/5309/5309 5306/5306/5306
f 5304/5304/5304 5310/5310/5310 5308/5308/5308
f 5311/5311/5311 5312/5312/5312 5313/5313/5313
f 5314/5314/5314 5315/5315/5315 5311/5311/5311
f 5313/5313/5313 5316/5316/5316 5311/5311/5311
f 5311/5311/5311 5316/5316/5316 5314/5314/5314
f 5317/5317/5317 5316/5316/5316 5313/5313/5313
f 5314/5314/5314 5316/5316/5316 5317/5317/5317
f 5313/5313/5313 5318/5318/5318 5317/5317/5317
f 5317/5317/5317 5319/5319/5319 5314/5314/5314
f 5317/5317/5317 5318/5318/5318 5320/5320/5320
f 5321/5321/5321 5319/5319/5319 5317/5317/5317
f 5320/5320/5320 5322/5322/5322 5317/5317/5317
f 5317/5317/5317 5322/5322/5322 5321/5321/5321
f 5323/5323/5323 5324/5324/5324 5325/5325/5325
f 5326/5326/5326 5323/5323/5323 5325/5325/5325
f 5327/5327/5327 5323/5323/5323 5326/5326/5326
f 5328/5328/5328 5327/5327/5327 5326/5326/5326
f 5329/5329/5329 5327/5327/5327 5328/5328/5328
f 5326/5326/5326 5325/5325/5325 5330/5330/5330
f 5328/5328/5328 5331/5331/5331 5329/5329/5329
f 5332/5332/5332 5329/5329/5329 5331/5331/5331
f 5328/5328/5328 5326/5326/5326 5333/5333/5333
f 5333/5333/5333 5326/5326/5326 5330/5330/5330
f 5328/5328/5328 5334/5334/5334 5331/5331/5331
f 5333/5333/5333 5334/5334/5334 5328/5328/5328
f 5335/5335/5335 5332/5332/5332 5331/5331/5331
f 5336/5336/5336 5332/5332/5332 5335/5335/5335
f 5334/5334/5334 5337/5337/5337 5331/5331/5331
f 5335/5335/5335 5331/5331/5331 5337/5337/5337
f 5338/5338/5338 5336/5336/5336 5335/5335/5335
f 5339/5339/5339 5336/5336/5336 5338/5338/5338
f 5340/5340/5340 5335/5335/5335 5337/5337/5337
f 5338/5338/5338 5335/5335/5335 5340/5340/5340
f 5338/5338/5338 5341/5341/5341 5339/5339/5339
f 5342/5342/5342 5339/5339/5339 5341/5341/5341
f 5340/5340/5340 5343/5343/5343 5338/5338/5338
f 5338/5338/5338 5343/5343/5343 5341/5341/5341
f 5344/5344/5344 5342/5342/5342 5341/5341/5341
f 5345/5345/5345 5342/5342/5342 5344/5344/5344
f 5343/5343/5343 5346/5346/5346 5341/5341/5341
f 5344/5344/5344 5341/5341/5341 5346/5346/5346
f 5347/5347/5347 5345/5345/5345 5344/5344/5344
f 5348/5348/5348 5345/5345/5345 5347/5347/5347
f 5349/5349/5349 5344/5344/5344 5346/5346/5346
f 5347/5347/5347 5344/5344/5344 5349/5349/5349
f 5347/5347/5347 5350/5350/5350 5348/5348/5348
f 5351/5351/5351 5348/5348/5348 5350/5350/5350
f 5349/5349/5349 5352/5352/5352 5347/5347/5347
f 5347/5347/5347 5352/5352/5352 5350/5350/5350
f 5353/5353/5353 5351/5351/5351 5350/5350/5350
f 5354/5354/5354 5351/5351/5351 5353/5353/5353
f 5352/5352/5352 5355/5355/5355 5350/5350/5350
f 5353/5353/5353 5350/5350/5350 5355/5355/5355
f 5356/5356/5356 5354/5354/5354 5353/5353/5353
f 5357/5357/5357 5354/5354/5354 5356/5356/5356
f 5358/5358/5358 5353/5353/5353 5355/5355/5355
f 5356/5356/5356 5353/5353/5353 5358/5358/5358
f 5356/5356/5356 5359/5359/5359 5357/5357/5357
f 5360/5360/5360 5357/5357/5357 5359/5359/5359
f 5358/5358/5358 5361/5361/5361 5356/5356/5356
f 5356/5356/5356 5361/5361/5361 5359/5359/5359
f 5362/5362/5362 5360/5360/5360 5359/5359/5359
f 5363/5363/5363 5360/5360/5360 5362/5362/5362
f 5361/5361/5361 5364/5364/5364 5359/5359/5359
f 5362/5362/5362 5359/5359/5359 5364/5364/5364
f 5365/5365/5365 5363/5363/5363 5362/5362/5362
f 5366/5366/5366 5363/5363/5363 5365/5365/5365
f 5367/5367/5367 5362/5362/5362 5364/5364/5364
f 5365/5365/5365 5362/5362/5362 5367/5367/5367
f 5366/5366/5366 5365/5365/5365 5368/5368/5368
f 5368/5368/5368 5325/5325/5325 5366/5366/5366
f 5368/5368/5368 5365/5365/5365 5369/5369/5369
f 5368/5368/5368 5369/5369/5369 5325/5325/5325
f 5367/5367/5367 5369/5369/5369 5365/5365/5365
f 5369/5369/5369 5330/5330/5330 5325/5325/5325
f 5367/5367/5367 5364/5364/5364 5370/5370/5370
f 5367/5367/5367 5371/5371/5371 5369/5369/5369
f 5370/5370/5370 5371/5371/5371 5367/5367/5367
f 5369/5369/5369 5372/5372/5372 5330/5330/5330
f 5371/5371/5371 5373/5373/5373 5369/5369/5369
f 5373/5373/5373 5372/5372/5372 5369/5369/5369
f 5374/5374/5374 5373/5373/5373 5371/5371/5371
f 5374/5374/5374 5372/5372/5372 5373/5373/5373
f 5372/5372/5372 5375/5375/5375 5330/5330/5330
f 5333/5333/5333 5330/5330/5330 5375/5375/5375
f 5376/5376/5376 5375/5375/5375 5372/5372/5372
f 5374/5374/5374 5376/5376/5376 5372/5372/5372
f 5375/5375/5375 5377/5377/5377 5333/5333/5333
f 5333/5333/5333 5377/5377/5377 5334/5334/5334
f 5376/5376/5376 5378/5378/5378 5375/5375/5375
f 5378/5378/5378 5377/5377/5377 5375/5375/5375
f 5377/5377/5377 5379/5379/5379 5334/5334/5334
f 5334/5334/5334 5379/5379/5379 5337/5337/5337
f 5378/5378/5378 5380/5380/5380 5377/5377/5377
f 5380/5380/5380 5379/5379/5379 5377/5377/5377
f 5378/5378/5378 5376/5376/5376 5381/5381/5381
f 5382/5382/5382 5381/5381/5381 5376/5376/5376
f 5376/5376/5376 5374/5374/5374 5382/5382/5382
f 5381/5381/5381 5383/5383/5383 5378/5378/5378
f 5380/5380/5380 5378/5378/5378 5383/5383/5383
f 5384/5384/5384 5382/5382/5382 5374/5374/5374
f 5383/5383/5383 5385/5385/5385 5380/5380/5380
f 5386/5386/5386 5384/5384/5384 5374/5374/5374
f 5387/5387/5387 5380/5380/5380 5385/5385/5385
f 5380/5380/5380 5387/5387/5387 5379/5379/5379
f 5385/5385/5385 5388/5388/5388 5387/5387/5387
f 5374/5374/5374 5389/5389/5389 5386/5386/5386
f 5389/5389/5389 5374/5374/5374 5371/5371/5371
f 5390/5390/5390 5386/5386/5386 5389/5389/5389
f 5389/5389/5389 5371/5371/5371 5370/5370/5370
f 5389/5389/5389 5391/5391/5391 5390/5390/5390
f 5391/5391/5391 5389/5389/5389 5370/5370/5370
f 5392/5392/5392 5390/5390/5390 5391/5391/5391
f 5391/5391/5391 5370/5370/5370 5393/5393/5393
f 5393/5393/5393 5370/5370/5370 5364/5364/5364
f 5361/5361/5361 5393/5393/5393 5364/5364/5364
f 5391/5391/5391 5394/5394/5394 5392/5392/5392
f 5394/5394/5394 5391/5391/5391 5393/5393/5393
f 5395/5395/5395 5392/5392/5392 5394/5394/5394
f 5396/5396/5396 5393/5393/5393 5361/5361/5361
f 5394/5394/5394 5393/5393/5393 5396/5396/5396
f 5358/5358/5358 5396/5396/5396 5361/5361/5361
f 5394/5394/5394 5397/5397/5397 5395/5395/5395
f 5397/5397/5397 5394/5394/5394 5396/5396/5396
f 5398/5398/5398 5395/5395/5395 5397/5397/5397
f 5399/5399/5399 5396/5396/5396 5358/5358/5358
f 5397/5397/5397 5396/5396/5396 5399/5399/5399
f 5358/5358/5358 5355/5355/5355 5399/5399/5399
f 5397/5397/5397 5400/5400/5400 5398/5398/5398
f 5400/5400/5400 5397/5397/5397 5399/5399/5399
f 5401/5401/5401 5398/5398/5398 5400/5400/5400
f 5402/5402/5402 5399/5399/5399 5355/5355/5355
f 5400/5400/5400 5399/5399/5399 5402/5402/5402
f 5352/5352/5352 5402/5402/5402 5355/5355/5355
f 5400/5400/5400 5403/5403/5403 5401/5401/5401
f 5403/5403/5403 5400/5400/5400 5402/5402/5402
f 5404/5404/5404 5401/5401/5401 5403/5403/5403
f 5405/5405/5405 5402/5402/5402 5352/5352/5352
f 5403/5403/5403 5402/5402/5402 5405/5405/5405
f 5349/5349/5349 5405/5405/5405 5352/5352/5352
f 5403/5403/5403 5406/5406/5406 5404/5404/5404
f 5406/5406/5406 5403/5403/5403 5405/5405/5405
f 5407/5407/5407 5404/5404/5404 5406/5406/5406
f 5408/5408/5408 5405/5405/5405 5349/5349/5349
f 5406/5406/5406 5405/5405/5405 5408/5408/5408
f 5349/5349/5349 5346/5346/5346 5408/5408/5408
f 5406/5406/5406 5409/5409/5409 5407/5407/5407
f 5409/5409/5409 5406/5406/5406 5408/5408/5408
f 5410/5410/5410 5407/5407/5407 5409/5409/5409
f 5411/5411/5411 5408/5408/5408 5346/5346/5346
f 5409/5409/5409 5408/5408/5408 5411/5411/5411
f 5343/5343/5343 5411/5411/5411 5346/5346/5346
f 5409/5409/5409 5412/5412/5412 5410/5410/5410
f 5412/5412/5412 5409/5409/5409 5411/5411/5411
f 5413/5413/5413 5410/5410/5410 5412/5412/5412
f 5414/5414/5414 5411/5411/5411 5343/5343/5343
f 5412/5412/5412 5411/5411/5411 5414/5414/5414
f 5340/5340/5340 5414/5414/5414 5343/5343/5343
f 5412/5412/5412 5415/5415/5415 5413/5413/5413
f 5415/5415/5415 5412/5412/5412 5414/5414/5414
f 5388/5388/5388 5413/5413/5413 5415/5415/5415
f 5415/5415/5415 5387/5387/5387 5388/5388/5388
f 5416/5416/5416 5414/5414/5414 5340/5340/5340
f 5415/5415/5415 5414/5414/5414 5416/5416/5416
f 5387/5387/5387 5415/5415/5415 5416/5416/5416
f 5340/5340/5340 5337/5337/5337 5416/5416/5416
f 5387/5387/5387 5416/5416/5416 5379/5379/5379
f 5379/5379/5379 5416/5416/5416 5337/5337/5337
f 5417/5417/5417 5418/5418/5418 5419/5419/5419
f 5418/5418/5418 5420/5420/5420 5419/5419/5419
f 5421/5421/5421 5417/5417/5417 5419/5419/5419
f 5420/5420/5420 5422/5422/5422 5419/5419/5419
f 5422/5422/5422 5421/5421/5421 5419/5419/5419
f 5423/5423/5423 5424/5424/5424 5425/5425/5425
f 5426/5426/5426 5423/5423/5423 5425/5425/5425
f 5424/5424/5424 5427/5427/5427 5425/5425/5425
f 5428/5428/5428 5426/5426/5426 5425/5425/5425
f 5427/5427/5427 5428/5428/5428 5425/5425/5425
f 5429/5429/5429 5430/5430/5430 5431/5431/5431
f 5430/5430/5430 5432/5432/5432 5431/5431/5431
f 5433/5433/5433 5429/5429/5429 5431/5431/5431
f 5432/5432/5432 5434/5434/5434 5431/5431/5431
f 5434/5434/5434 5433/5433/5433 5431/5431/5431
f 5435/5435/5435 5436/5436/5436 5437/5437/5437
f 5438/5438/5438 5435/5435/5435 5437/5437/5437
f 5436/5436/5436 5439/5439/5439 5437/5437/5437
f 5440/5440/5440 5438/5438/5438 5437/5437/5437
f 5439/5439/5439 5440/5440/5440 5437/5437/5437
f 5441/5441/5441 5442/5442/5442 5443/5443/5443
f 5443/5443/5443 5444/5444/5444 5441/5441/5441
f 5441/5441/5441 5444/5444/5444 5445/5445/5445
f 5446/5446/5446 5443/5443/5443 5442/5442/5442
f 5447/5447/5447 5446/5446/5446 5442/5442/5442
f 5444/5444/5444 5448/5448/5448 5445/5445/5445
f 5449/5449/5449 5445/5445/5445 5448/5448/5448
f 5444/5444/5444 5443/5443/5443 5450/5450/5450
f 5443/5443/5443 5446/5446/5446 5450/5450/5450
f 5448/5448/5448 5444/5444/5444 5451/5451/5451
f 5451/5451/5451 5444/5444/5444 5450/5450/5450
f 5448/5448/5448 5452/5452/5452 5449/5449/5449
f 5452/5452/5452 5448/5448/5448 5451/5451/5451
f 5449/5449/5449 5452/5452/5452 5453/5453/5453
f 5451/5451/5451 5450/5450/5450 5454/5454/5454
f 5452/5452/5452 5455/5455/5455 5453/5453/5453
f 5456/5456/5456 5453/5453/5453 5455/5455/5455
f 5457/5457/5457 5452/5452/5452 5451/5451/5451
f 5455/5455/5455 5452/5452/5452 5457/5457/5457
f 5457/5457/5457 5451/5451/5451 5454/5454/5454
f 5455/5455/5455 5458/5458/5458 5456/5456/5456
f 5458/5458/5458 5455/5455/5455 5457/5457/5457
f 5456/5456/5456 5458/5458/5458 5459/5459/5459
f 5460/5460/5460 5457/5457/5457 5454/5454/5454
f 5460/5460/5460 5458/5458/5458 5457/5457/5457
f 5458/5458/5458 5461/5461/5461 5459/5459/5459
f 5461/5461/5461 5458/5458/5458 5460/5460/5460
f 5462/5462/5462 5459/5459/5459 5461/5461/5461
f 5463/5463/5463 5460/5460/5460 5454/5454/5454
f 5450/5450/5450 5463/5463/5463 5454/5454/5454
f 5450/5450/5450 5446/5446/5446 5463/5463/5463
f 5464/5464/5464 5461/5461/5461 5460/5460/5460
f 5461/5461/5461 5464/5464/5464 5462/5462/5462
f 5463/5463/5463 5464/5464/5464 5460/5460/5460
f 5462/5462/5462 5464/5464/5464 5465/5465/5465
f 5446/5446/5446 5466/5466/5466 5463/5463/5463
f 5466/5466/5466 5464/5464/5464 5463/5463/5463
f 5464/5464/5464 5466/5466/5466 5465/5465/5465
f 5466/5466/5466 5446/5446/5446 5447/5447/5447
f 5447/5447/5447 5465/5465/5465 5466/5466/5466
f 5467/5467/5467 5468/5468/5468 5469/5469/5469
f 5470/5470/5470 5467/5467/5467 5469/5469/5469
f 5471/5471/5471 5467/5467/5467 5470/5470/5470
f 5469/5469/5469 5468/5468/5468 5472/5472/5472
f 5468/5468/5468 5473/5473/5473 5472/5472/5472
f 5474/5474/5474 5470/5470/5470 5469/5469/5469
f 5474/5474/5474 5469/5469/5469 5472/5472/5472
f 5475/5475/5475 5471/5471/5471 5470/5470/5470
f 5476/5476/5476 5471/5471/5471 5475/5475/5475
f 5472/5472/5472 5473/5473/5473 5477/5477/5477
f 5473/5473/5473 5478/5478/5478 5477/5477/5477
f 5479/5479/5479 5476/5476/5476 5475/5475/5475
f 5480/5480/5480 5476/5476/5476 5479/5479/5479
f 5475/5475/5475 5470/5470/5470 5481/5481/5481
f 5481/5481/5481 5479/5479/5479 5475/5475/5475
f 5481/5481/5481 5470/5470/5470 5474/5474/5474
f 5482/5482/5482 5480/5480/5480 5479/5479/5479
f 5483/5483/5483 5480/5480/5480 5482/5482/5482
f 5484/5484/5484 5479/5479/5479 5481/5481/5481
f 5484/5484/5484 5482/5482/5482 5479/5479/5479
f 5481/5481/5481 5474/5474/5474 5485/5485/5485
f 5485/5485/5485 5484/5484/5484 5481/5481/5481
f 5486/5486/5486 5483/5483/5483 5482/5482/5482
f 5484/5484/5484 5486/5486/5486 5482/5482/5482
f 5487/5487/5487 5483/5483/5483 5486/5486/5486
f 5485/5485/5485 5488/5488/5488 5484/5484/5484
f 5488/5488/5488 5486/5486/5486 5484/5484/5484
f 5485/5485/5485 5474/5474/5474 5489/5489/5489
f 5485/5485/5485 5489/5489/5489 5488/5488/5488
f 5474/5474/5474 5472/5472/5472 5489/5489/5489
f 5489/5489/5489 5472/5472/5472 5477/5477/5477
f 5490/5490/5490 5487/5487/5487 5486/5486/5486
f 5488/5488/5488 5490/5490/5490 5486/5486/5486
f 5491/5491/5491 5487/5487/5487 5490/5490/5490
f 5489/5489/5489 5492/5492/5492 5488/5488/5488
f 5488/5488/5488 5492/5492/5492 5490/5490/5490
f 5489/5489/5489 5477/5477/5477 5492/5492/5492
f 5492/5492/5492 5491/5491/5491 5490/5490/5490
f 5477/5477/5477 5478/5478/5478 5492/5492/5492
f 5478/5478/5478 5491/5491/5491 5492/5492/5492
f 5493/5493/5493 5494/5494/5494 5495/5495/5495
f 5495/5495/5495 5496/5496/5496 5493/5493/5493
f 5493/5493/5493 5496/5496/5496 5497/5497/5497
f 5498/5498/5498 5495/5495/5495 5494/5494/5494
f 5499/5499/5499 5498/5498/5498 5494/5494/5494
f 5496/5496/5496 5495/5495/5495 5500/5500/5500
f 5495/5495/5495 5498/5498/5498 5500/5500/5500
f 5496/5496/5496 5501/5501/5501 5497/5497/5497
f 5497/5497/5497 5501/5501/5501 5502/5502/5502
f 5503/5503/5503 5496/5496/5496 5500/5500/5500
f 5501/5501/5501 5496/5496/5496 5503/5503/5503
f 5501/5501/5501 5504/5504/5504 5502/5502/5502
f 5505/5505/5505 5502/5502/5502 5504/5504/5504
f 5506/5506/5506 5501/5501/5501 5503/5503/5503
f 5504/5504/5504 5501/5501/5501 5506/5506/5506
f 5504/5504/5504 5507/5507/5507 5505/5505/5505
f 5507/5507/5507 5504/5504/5504 5506/5506/5506
f 5505/5505/5505 5507/5507/5507 5508/5508/5508
f 5506/5506/5506 5503/5503/5503 5509/5509/5509
f 5507/5507/5507 5510/5510/5510 5508/5508/5508
f 5508/5508/5508 5510/5510/5510 5511/5511/5511
f 5512/5512/5512 5507/5507/5507 5506/5506/5506
f 5510/5510/5510 5507/5507/5507 5512/5512/5512
f 5512/5512/5512 5506/5506/5506 5509/5509/5509
f 5510/5510/5510 5513/5513/5513 5511/5511/5511
f 5514/5514/5514 5511/5511/5511 5513/5513/5513
f 5515/5515/5515 5510/5510/5510 5512/5512/5512
f 5513/5513/5513 5510/5510/5510 5515/5515/5515
f 5513/5513/5513 5516/5516/5516 5514/5514/5514
f 5516/5516/5516 5513/5513/5513 5515/5515/5515
f 5514/5514/5514 5516/5516/5516 5517/5517/5517
f 5515/5515/5515 5512/5512/5512 5518/5518/5518
f 5518/5518/5518 5512/5512/5512 5509/5509/5509
f 5519/5519/5519 5516/5516/5516 5515/5515/5515
f 5519/5519/5519 5515/5515/5515 5518/5518/5518
f 5516/5516/5516 5520/5520/5520 5517/5517/5517
f 5520/5520/5520 5516/5516/5516 5519/5519/5519
f 5517/5517/5517 5520/5520/5520 5521/5521/5521
f 5522/5522/5522 5519/5519/5519 5518/5518/5518
f 5520/5520/5520 5523/5523/5523 5521/5521/5521
f 5524/5524/5524 5521/5521/5521 5523/5523/5523
f 5525/5525/5525 5520/5520/5520 5519/5519/5519
f 5523/5523/5523 5520/5520/5520 5525/5525/5525
f 5525/5525/5525 5519/5519/5519 5522/5522/5522
f 5523/5523/5523 5526/5526/5526 5524/5524/5524
f 5526/5526/5526 5523/5523/5523 5525/5525/5525
f 5524/5524/5524 5526/5526/5526 5527/5527/5527
f 5528/5528/5528 5526/5526/5526 5525/5525/5525
f 5528/5528/5528 5525/5525/5525 5522/5522/5522
f 5526/5526/5526 5529/5529/5529 5527/5527/5527
f 5529/5529/5529 5526/5526/5526 5528/5528/5528
f 5527/5527/5527 5529/5529/5529 5530/5530/5530
f 5531/5531/5531 5528/5528/5528 5522/5522/5522
f 5529/5529/5529 5532/5532/5532 5530/5530/5530
f 5533/5533/5533 5530/5530/5530 5532/5532/5532
f 5534/5534/5534 5529/5529/5529 5528/5528/5528
f 5532/5532/5532 5529/5529/5529 5534/5534/5534
f 5534/5534/5534 5528/5528/5528 5531/5531/5531
f 5532/5532/5532 5535/5535/5535 5533/5533/5533
f 5535/5535/5535 5532/5532/5532 5534/5534/5534
f 5533/5533/5533 5535/5535/5535 5499/5499/5499
f 5535/5535/5535 5498/5498/5498 5499/5499/5499
f 5536/5536/5536 5535/5535/5535 5534/5534/5534
f 5498/5498/5498 5535/5535/5535 5536/5536/5536
f 5536/5536/5536 5534/5534/5534 5531/5531/5531
f 5500/5500/5500 5498/5498/5498 5536/5536/5536
f 5500/5500/5500 5536/5536/5536 5537/5537/5537
f 5537/5537/5537 5536/5536/5536 5531/5531/5531
f 5503/5503/5503 5500/5500/5500 5537/5537/5537
f 5509/5509/5509 5503/5503/5503 5537/5537/5537
f 5537/5537/5537 5531/5531/5531 5538/5538/5538
f 5509/5509/5509 5537/5537/5537 5538/5538/5538
f 5531/5531/5531 5522/5522/5522 5538/5538/5538
f 5518/5518/5518 5509/5509/5509 5538/5538/5538
f 5522/5522/5522 5518/5518/5518 5538/5538/5538
f 5539/5539/5539 5540/5540/5540 5541/5541/5541
f 5541/5541/5541 5542/5542/5542 5539/5539/5539
f 5539/5539/5539 5542/5542/5542 5543/5543/5543
f 5544/5544/5544 5541/5541/5541 5540/5540/5540
f 5545/5545/5545 5544/5544/5544 5540/5540/5540
f 5542/5542/5542 5546/5546/5546 5543/5543/5543
f 5547/5547/5547 5543/5543/5543 5546/5546/5546
f 5542/5542/5542 5541/5541/5541 5548/5548/5548
f 5541/5541/5541 5544/5544/5544 5548/5548/5548
f 5546/5546/5546 5542/5542/5542 5549/5549/5549
f 5549/5549/5549 5542/5542/5542 5548/5548/5548
f 5546/5546/5546 5550/5550/5550 5547/5547/5547
f 5550/5550/5550 5546/5546/5546 5549/5549/5549
f 5547/5547/5547 5550/5550/5550 5551/5551/5551
f 5549/5549/5549 5548/5548/5548 5552/5552/5552
f 5550/5550/5550 5553/5553/5553 5551/5551/5551
f 5554/5554/5554 5551/5551/5551 5553/5553/5553
f 5555/5555/5555 5550/5550/5550 5549/5549/5549
f 5553/5553/5553 5550/5550/5550 5555/5555/5555
f 5555/5555/5555 5549/5549/5549 5552/5552/5552
f 5553/5553/5553 5556/5556/5556 5554/5554/5554
f 5556/5556/5556 5553/5553/5553 5555/5555/5555
f 5554/5554/5554 5556/5556/5556 5557/5557/5557
f 5558/5558/5558 5555/5555/5555 5552/5552/5552
f 5558/5558/5558 5556/5556/5556 5555/5555/5555
f 5556/5556/5556 5559/5559/5559 5557/5557/5557
f 5559/5559/5559 5556/5556/5556 5558/5558/5558
f 5560/5560/5560 5557/5557/5557 5559/5559/5559
f 5561/5561/5561 5558/5558/5558 5552/5552/5552
f 5548/5548/5548 5561/5561/5561 5552/5552/5552
f 5548/5548/5548 5544/5544/5544 5561/5561/5561
f 5562/5562/5562 5559/5559/5559 5558/5558/5558
f 5559/5559/5559 5562/5562/5562 5560/5560/5560
f 5561/5561/5561 5562/5562/5562 5558/5558/5558
f 5560/5560/5560 5562/5562/5562 5563/5563/5563
f 5544/5544/5544 5564/5564/5564 5561/5561/5561
f 5564/5564/5564 5562/5562/5562 5561/5561/5561
f 5562/5562/5562 5564/5564/5564 5563/5563/5563
f 5564/5564/5564 5544/5544/5544 5545/5545/5545
f 5545/5545/5545 5563/5563/5563 5564/5564/5564
f 5565/5565/5565 5566/5566/5566 5567/5567/5567
f 5567/5567/5567 5568/5568/5568 5565/5565/5565
f 5565/5565/5565 5568/5568/5568 5569/5569/5569
f 5570/5570/5570 5567/5567/5567 5566/5566/5566
f 5571/5571/5571 5570/5570/5570 5566/5566/5566
f 5568/5568/5568 5567/5567/5567 5572/5572/5572
f 5567/5567/5567 5570/5570/5570 5572/5572/5572
f 5568/5568/5568 5573/5573/5573 5569/5569/5569
f 5569/5569/5569 5573/5573/5573 5574/5574/5574
f 5575/5575/5575 5568/5568/5568 5572/5572/5572
f 5573/5573/5573 5568/5568/5568 5575/5575/5575
f 5573/5573/5573 5576/5576/5576 5574/5574/5574
f 5577/5577/5577 5574/5574/5574 5576/5576/5576
f 5578/5578/5578 5573/5573/5573 5575/5575/5575
f 5576/5576/5576 5573/5573/5573 5578/5578/5578
f 5576/5576/5576 5579/5579/5579 5577/5577/5577
f 5579/5579/5579 5576/5576/5576 5578/5578/5578
f 5577/5577/5577 5579/5579/5579 5580/5580/5580
f 5578/5578/5578 5575/5575/5575 5581/5581/5581
f 5579/5579/5579 5582/5582/5582 5580/5580/5580
f 5580/5580/5580 5582/5582/5582 5583/5583/5583
f 5584/5584/5584 5579/5579/5579 5578/5578/5578
f 5582/5582/5582 5579/5579/5579 5584/5584/5584
f 5584/5584/5584 5578/5578/5578 5581/5581/5581
f 5582/5582/5582 5585/5585/5585 5583/5583/5583
f 5586/5586/5586 5583/5583/5583 5585/5585/5585
f 5587/5587/5587 5582/5582/5582 5584/5584/5584
f 5585/5585/5585 5582/5582/5582 5587/5587/5587
f 5585/5585/5585 5588/5588/5588 5586/5586/5586
f 5588/5588/5588 5585/5585/5585 5587/5587/5587
f 5586/5586/5586 5588/5588/5588 5589/5589/5589
f 5587/5587/5587 5584/5584/5584 5590/5590/5590
f 5590/5590/5590 5584/5584/5584 5581/5581/5581
f 5591/5591/5591 5588/5588/5588 5587/5587/5587
f 5591/5591/5591 5587/5587/5587 5590/5590/5590
f 5588/5588/5588 5592/5592/5592 5589/5589/5589
f 5592/5592/5592 5588/5588/5588 5591/5591/5591
f 5589/5589/5589 5592/5592/5592 5593/5593/5593
f 5594/5594/5594 5591/5591/5591 5590/5590/5590
f 5592/5592/5592 5595/5595/5595 5593/5593/5593
f 5596/5596/5596 5593/5593/5593 5595/5595/5595
f 5597/5597/5597 5592/5592/5592 5591/5591/5591
f 5595/5595/5595 5592/5592/5592 5597/5597/5597
f 5597/5597/5597 5591/5591/5591 5594/5594/5594
f 5595/5595/5595 5598/5598/5598 5596/5596/5596
f 5598/5598/5598 5595/5595/5595 5597/5597/5597
f 5596/5596/5596 5598/5598/5598 5599/5599/5599
f 5600/5600/5600 5598/5598/5598 5597/5597/5597
f 5600/5600/5600 5597/5597/5597 5594/5594/5594
f 5598/5598/5598 5601/5601/5601 5599/5599/5599
f 5601/5601/5601 5598/5598/5598 5600/5600/5600
f 5599/5599/5599 5601/5601/5601 5602/5602/5602
f 5603/5603/5603 5600/5600/5600 5594/5594/5594
f 5601/5601/5601 5604/5604/5604 5602/5602/5602
f 5605/5605/5605 5602/5602/5602 5604/5604/5604
f 5606/5606/5606 5601/5601/5601 5600/5600/5600
f 5604/5604/5604 5601/5601/5601 5606/5606/5606
f 5606/5606/5606 5600/5600/5600 5603/5603/5603
f 5604/5604/5604 5607/5607/5607 5605/5605/5605
f 5607/5607/5607 5604/5604/5604 5606/5606/5606
f 5605/5605/5605 5607/5607/5607 5571/5571/5571
f 5607/5607/5607 5570/5570/5570 5571/5571/5571
f 5608/5608/5608 5607/5607/5607 5606/5606/5606
f 5570/5570/5570 5607/5607/5607 5608/5608/5608
f 5608/5608/5608 5606/5606/5606 5603/5603/5603
f 5572/5572/5572 5570/5570/5570 5608/5608/5608
f 5572/5572/5572 5608/5608/5608 5609/5609/5609
f 5609/5609/5609 5608/5608/5608 5603/5603/5603
f 5575/5575/5575 5572/5572/5572 5609/5609/5609
f 5581/5581/5581 5575/5575/5575 5609/5609/5609
f 5609/5609/5609 5603/5603/5603 5610/5610/5610
f 5581/5581/5581 5609/5609/5609 5610/5610/5610
f 5603/5603/5603 5594/5594/5594 5610/5610/5610
f 5590/5590/5590 5581/5581/5581 5610/5610/5610
f 5594/5594/5594 5590/5590/5590 5610/5610/5610
f 5611/5611/5611 5612/5612/5612 5613/5613/5613
f 5612/5612/5612 5614/5614/5614 5613/5613/5613
f 5615/5615/5615 5613/5613/5613 5614/5614/5614
f 5616/5616/5616 5612/5612/5612 5611/5611/5611
f 5611/5611/5611 5617/5617/5617 5616/5616/5616
f 5618/5618/5618 5615/5615/5615 5614/5614/5614
f 5619/5619/5619 5615/5615/5615 5618/5618/5618
f 5616/5616/5616 5617/5617/5617 5620/5620/5620
f 5617/5617/5617 5621/5621/5621 5620/5620/5620
f 5618/5618/5618 5622/5622/5622 5619/5619/5619
f 5619/5619/5619 5622/5622/5622 5623/5623/5623
f 5624/5624/5624 5620/5620/5620 5621/5621/5621
f 5625/5625/5625 5624/5624/5624 5621/5621/5621
f 5622/5622/5622 5626/5626/5626 5623/5623/5623
f 5627/5627/5627 5623/5623/5623 5626/5626/5626
f 5628/5628/5628 5624/5624/5624 5625/5625/5625
f 5625/5625/5625 5629/5629/5629 5628/5628/5628
f 5630/5630/5630 5627/5627/5627 5626/5626/5626
f 5631/5631/5631 5627/5627/5627 5630/5630/5630
f 5628/5628/5628 5629/5629/5629 5632/5632/5632
f 5629/5629/5629 5633/5633/5633 5632/5632/5632
f 5630/5630/5630 5634/5634/5634 5631/5631/5631
f 5631/5631/5631 5634/5634/5634 5635/5635/5635
f 5636/5636/5636 5632/5632/5632 5633/5633/5633
f 5637/5637/5637 5636/5636/5636 5633/5633/5633
f 5634/5634/5634 5638/5638/5638 5635/5635/5635
f 5639/5639/5639 5635/5635/5635 5638/5638/5638
f 5637/5637/5637 5639/5639/5639 5640/5640/5640
f 5640/5640/5640 5639/5639/5639 5638/5638/5638
f 5640/5640/5640 5636/5636/5636 5637/5637/5637
f 5634/5634/5634 5641/5641/5641 5638/5638/5638
f 5640/5640/5640 5638/5638/5638 5642/5642/5642
f 5641/5641/5641 5642/5642/5642 5638/5638/5638
f 5640/5640/5640 5643/5643/5643 5636/5636/5636
f 5642/5642/5642 5643/5643/5643 5640/5640/5640
f 5636/5636/5636 5644/5644/5644 5632/5632/5632
f 5643/5643/5643 5644/5644/5644 5636/5636/5636
f 5644/5644/5644 5645/5645/5645 5632/5632/5632
f 5628/5628/5628 5632/5632/5632 5645/5645/5645
f 5643/5643/5643 5642/5642/5642 5646/5646/5646
f 5642/5642/5642 5641/5641/5641 5646/5646/5646
f 5644/5644/5644 5643/5643/5643 5647/5647/5647
f 5647/5647/5647 5643/5643/5643 5646/5646/5646
f 5645/5645/5645 5644/5644/5644 5648/5648/5648
f 5648/5648/5648 5644/5644/5644 5647/5647/5647
f 5645/5645/5645 5649/5649/5649 5628/5628/5628
f 5649/5649/5649 5645/5645/5645 5648/5648/5648
f 5628/5628/5628 5649/5649/5649 5624/5624/5624
f 5648/5648/5648 5647/5647/5647 5650/5650/5650
f 5649/5649/5649 5651/5651/5651 5624/5624/5624
f 5624/5624/5624 5651/5651/5651 5620/5620/5620
f 5652/5652/5652 5649/5649/5649 5648/5648/5648
f 5651/5651/5651 5649/5649/5649 5652/5652/5652
f 5652/5652/5652 5648/5648/5648 5650/5650/5650
f 5651/5651/5651 5653/5653/5653 5620/5620/5620
f 5616/5616/5616 5620/5620/5620 5653/5653/5653
f 5654/5654/5654 5651/5651/5651 5652/5652/5652
f 5653/5653/5653 5651/5651/5651 5654/5654/5654
f 5653/5653/5653 5655/5655/5655 5616/5616/5616
f 5655/5655/5655 5653/5653/5653 5654/5654/5654
f 5616/5616/5616 5655/5655/5655 5612/5612/5612
f 5654/5654/5654 5652/5652/5652 5656/5656/5656
f 5656/5656/5656 5652/5652/5652 5650/5650/5650
f 5657/5657/5657 5655/5655/5655 5654/5654/5654
f 5657/5657/5657 5654/5654/5654 5656/5656/5656
f 5655/5655/5655 5658/5658/5658 5612/5612/5612
f 5658/5658/5658 5655/5655/5655 5657/5657/5657
f 5612/5612/5612 5658/5658/5658 5614/5614/5614
f 5659/5659/5659 5657/5657/5657 5656/5656/5656
f 5658/5658/5658 5660/5660/5660 5614/5614/5614
f 5618/5618/5618 5614/5614/5614 5660/5660/5660
f 5661/5661/5661 5658/5658/5658 5657/5657/5657
f 5660/5660/5660 5658/5658/5658 5661/5661/5661
f 5661/5661/5661 5657/5657/5657 5659/5659/5659
f 5660/5660/5660 5662/5662/5662 5618/5618/5618
f 5662/5662/5662 5660/5660/5660 5661/5661/5661
f 5618/5618/5618 5662/5662/5662 5622/5622/5622
f 5663/5663/5663 5662/5662/5662 5661/5661/5661
f 5663/5663/5663 5661/5661/5661 5659/5659/5659
f 5662/5662/5662 5664/5664/5664 5622/5622/5622
f 5664/5664/5664 5662/5662/5662 5663/5663/5663
f 5622/5622/5622 5664/5664/5664 5626/5626/5626
f 5665/5665/5665 5663/5663/5663 5659/5659/5659
f 5664/5664/5664 5666/5666/5666 5626/5626/5626
f 5630/5630/5630 5626/5626/5626 5666/5666/5666
f 5667/5667/5667 5664/5664/5664 5663/5663/5663
f 5666/5666/5666 5664/5664/5664 5667/5667/5667
f 5667/5667/5667 5663/5663/5663 5665/5665/5665
f 5666/5666/5666 5668/5668/5668 5630/5630/5630
f 5668/5668/5668 5666/5666/5666 5667/5667/5667
f 5630/5630/5630 5668/5668/5668 5634/5634/5634
f 5668/5668/5668 5641/5641/5641 5634/5634/5634
f 5669/5669/5669 5668/5668/5668 5667/5667/5667
f 5641/5641/5641 5668/5668/5668 5669/5669/5669
f 5669/5669/5669 5667/5667/5667 5665/5665/5665
f 5646/5646/5646 5641/5641/5641 5669/5669/5669
f 5646/5646/5646 5669/5669/5669 5670/5670/5670
f 5670/5670/5670 5669/5669/5669 5665/5665/5665
f 5647/5647/5647 5646/5646/5646 5670/5670/5670
f 5650/5650/5650 5647/5647/5647 5670/5670/5670
f 5670/5670/5670 5665/5665/5665 5671/5671/5671
f 5650/5650/5650 5670/5670/5670 5671/5671/5671
f 5665/5665/5665 5659/5659/5659 5671/5671/5671
f 5656/5656/5656 5650/5650/5650 5671/5671/5671
f 5659/5659/5659 5656/5656/5656 5671/5671/5671
f 5672/5672/5672 5673/5673/5673 5674/5674/5674
f 5675/5675/5675 5674/5674/5674 5673/5673/5673
f 5673/5673/5673 5676/5676/5676 5675/5675/5675
f 5674/5674/5674 5677/5677/5677 5672/5672/5672
f 5678/5678/5678 5672/5672/5672 5677/5677/5677
f 5679/5679/5679 5675/5675/5675 5676/5676/5676
f 5676/5676/5676 5680/5680/5680 5679/5679/5679
f 5677/5677/5677 5681/5681/5681 5678/5678/5678
f 5682/5682/5682 5678/5678/5678 5681/5681/5681
f 5683/5683/5683 5679/5679/5679 5680/5680/5680
f 5680/5680/5680 5684/5684/5684 5683/5683/5683
f 5681/5681/5681 5685/5685/5685 5682/5682/5682
f 5686/5686/5686 5682/5682/5682 5685/5685/5685
f 5687/5687/5687 5683/5683/5683 5684/5684/5684
f 5684/5684/5684 5688/5688/5688 5687/5687/5687
f 5685/5685/5685 5689/5689/5689 5686/5686/5686
f 5690/5690/5690 5686/5686/5686 5689/5689/5689
f 5691/5691/5691 5687/5687/5687 5688/5688/5688
f 5688/5688/5688 5692/5692/5692 5691/5691/5691
f 5689/5689/5689 5693/5693/5693 5690/5690/5690
f 5694/5694/5694 5690/5690/5690 5693/5693/5693
f 5695/5695/5695 5691/5691/5691 5692/5692/5692
f 5692/5692/5692 5696/5696/5696 5695/5695/5695
f 5693/5693/5693 5697/5697/5697 5694/5694/5694
f 5698/5698/5698 5694/5694/5694 5697/5697/5697
f 5699/5699/5699 5695/5695/5695 5696/5696/5696
f 5696/5696/5696 5700/5700/5700 5699/5699/5699
f 5700/5700/5700 5698/5698/5698 5701/5701/5701
f 5701/5701/5701 5699/5699/5699 5700/5700/5700
f 5697/5697/5697 5701/5701/5701 5698/5698/5698
f 5695/5695/5695 5699/5699/5699 5702/5702/5702
f 5699/5699/5699 5701/5701/5701 5703/5703/5703
f 5703/5703/5703 5702/5702/5702 5699/5699/5699
f 5701/5701/5701 5697/5697/5697 5704/5704/5704
f 5704/5704/5704 5703/5703/5703 5701/5701/5701
f 5705/5705/5705 5704/5704/5704 5697/5697/5697
f 5697/5697/5697 5693/5693/5693 5705/5705/5705
f 5706/5706/5706 5703/5703/5703 5704/5704/5704
f 5706/5706/5706 5704/5704/5704 5705/5705/5705
f 5707/5707/5707 5702/5702/5702 5703/5703/5703
f 5706/5706/5706 5707/5707/5707 5703/5703/5703
f 5702/5702/5702 5708/5708/5708 5695/5695/5695
f 5707/5707/5707 5708/5708/5708 5702/5702/5702
f 5691/5691/5691 5695/5695/5695 5708/5708/5708
f 5708/5708/5708 5709/5709/5709 5691/5691/5691
f 5687/5687/5687 5691/5691/5691 5709/5709/5709
f 5707/5707/5707 5710/5710/5710 5708/5708/5708
f 5710/5710/5710 5709/5709/5709 5708/5708/5708
f 5709/5709/5709 5711/5711/5711 5687/5687/5687
f 5710/5710/5710 5711/5711/5711 5709/5709/5709
f 5683/5683/5683 5687/5687/5687 5711/5711/5711
f 5712/5712/5712 5710/5710/5710 5707/5707/5707
f 5712/5712/5712 5707/5707/5707 5706/5706/5706
f 5710/5710/5710 5713/5713/5713 5711/5711/5711
f 5712/5712/5712 5713/5713/5713 5710/5710/5710
f 5711/5711/5711 5714/5714/5714 5683/5683/5683
f 5713/5713/5713 5714/5714/5714 5711/5711/5711
f 5679/5679/5679 5683/5683/5683 5714/5714/5714
f 5714/5714/5714 5715/5715/5715 5679/5679/5679
f 5713/5713/5713 5715/5715/5715 5714/5714/5714
f 5675/5675/5675 5679/5679/5679 5715/5715/5715
f 5713/5713/5713 5716/5716/5716 5715/5715/5715
f 5712/5712/5712 5716/5716/5716 5713/5713/5713
f 5715/5715/5715 5717/5717/5717 5675/5675/5675
f 5716/5716/5716 5717/5717/5717 5715/5715/5715
f 5674/5674/5674 5675/5675/5675 5717/5717/5717
f 5717/5717/5717 5718/5718/5718 5674/5674/5674
f 5716/5716/5716 5718/5718/5718 5717/5717/5717
f 5677/5677/5677 5674/5674/5674 5718/5718/5718
f 5716/5716/5716 5719/5719/5719 5718/5718/5718
f 5712/5712/5712 5719/5719/5719 5716/5716/5716
f 5718/5718/5718 5720/5720/5720 5677/5677/5677
f 5719/5719/5719 5720/5720/5720 5718/5718/5718
f 5681/5681/5681 5677/5677/5677 5720/5720/5720
f 5720/5720/5720 5721/5721/5721 5681/5681/5681
f 5719/5719/5719 5721/5721/5721 5720/5720/5720
f 5685/5685/5685 5681/5681/5681 5721/5721/5721
f 5712/5712/5712 5722/5722/5722 5719/5719/5719
f 5719/5719/5719 5722/5722/5722 5721/5721/5721
f 5685/5685/5685 5721/5721/5721 5723/5723/5723
f 5721/5721/5721 5722/5722/5722 5723/5723/5723
f 5689/5689/5689 5685/5685/5685 5723/5723/5723
f 5712/5712/5712 5724/5724/5724 5722/5722/5722
f 5712/5712/5712 5706/5706/5706 5724/5724/5724
f 5724/5724/5724 5706/5706/5706 5705/5705/5705
f 5722/5722/5722 5725/5725/5725 5723/5723/5723
f 5722/5722/5722 5724/5724/5724 5725/5725/5725
f 5723/5723/5723 5725/5725/5725 5689/5689/5689
f 5724/5724/5724 5705/5705/5705 5725/5725/5725
f 5693/5693/5693 5689/5689/5689 5725/5725/5725
f 5725/5725/5725 5705/5705/5705 5693/5693/5693
