v 0.06674308 0.2520557 0.0016551699999999845
v 0.06733634999999999 0.26003881 0.026930439999999983
v 0.06045614 0.30608262999999997 0.001655169999999981
v 0.11536826 0.25576701999999996 0.0016551699999999842
v 0.13521923 0.29766655999999997 0.0016551699999999816
v 0.11317926999999998 0.26367469 0.027470819999999983
v 0.21671411 0.17811548 0.0016551699999999888
v 0.22845979 0.17815935 0.033732749999999985
v 0.18971601999999999 0.16814919999999997 0.02258484999999999
v 0.16596964 0.17627211999999998 -1.0793554376845907e-17
v 0.12497496999999999 0.18393706999999998 -1.1262897201002132e-17
v 0.09732088 0.13177769 0.14674104999999998
v -0.7044353499999999 -0.66742588 0.050098310000000035
v -0.68285705 -0.66077486 0.010082310000000039
v -0.69315379 -0.6406795299999999 0.050098310000000035
v -0.56498328 0.8520480599999999 0.32267286999999995
v -0.63696493 0.69538583 0.3235346899999999
v -0.62772025 0.6847475599999999 0.11227685999999994
v -0.62772025 0.6847475599999999 0.11227685999999994
v -0.55661887 0.84724573 0.11227685999999994
v -0.56498328 0.8520480599999999 0.32267286999999995
v 0.11838749999999999 0.24507995999999996 0.001655169999999985
v 0.11863309 0.24600983999999998 0.03475897999999998
v 0.13525981999999998 0.28514926 0.0016551699999999823
v 0.13603308 0.23154298999999998 0.0016551699999999856
v 0.17418276 0.27308665 0.0016551699999999832
v 0.14627774999999998 0.23910093000000002 0.022001829999999986
v 0.22033646 0.23627315999999998 0.0016551699999999853
v 0.17829301 0.19711036999999998 0.03297506999999999
v 0.18465538999999997 0.20542680999999996 0.0016551699999999873
v 0.03135434 0.22403629999999997 0.001655169999999986
v 0.03135434 0.22403629999999997 0.02902307999999999
v 0.010544789999999998 0.28827591999999996 0.001655169999999982
v -0.0726807 0.15113256 0.03260811999999999
v -0.07764088 0.15009197999999999 0.0016551699999999905
v -0.11165488999999999 0.14870454 0.0030520399999999907
v -0.10563691 0.08285607999999998 0.0017621799999999947
v -0.048529239999999994 0.09060876999999999 0.03525302999999999
v -0.04733204 0.09401422999999999 0.0014431999999999943
v -0.048529239999999994 0.09060876999999999 0.03525302999999999
v -0.043824079999999994 0.06412031 0.03807792999999999
v -0.04273717 0.062220779999999996 0.0014431999999999963
v -0.04273717 0.062220779999999996 0.0014431999999999963
v -0.04733204 0.09401422999999999 0.0014431999999999943
v -0.048529239999999994 0.09060876999999999 0.03525302999999999
v -0.07972285999999999 0.04632015999999999 0.001974149999999997
v -0.02654094 0.06746468 0.01917693
v -0.02739046 0.06472137 0.001655169999999996
v -0.03399556 0.008354569999999999 0.0016551699999999994
v -0.03620177 0.010621050000000002 0.019793159999999997
v -0.06786893999999999 -0.00285319 0.0019741499999999996
v -0.04273717 0.062220779999999996 0.0014431999999999963
v -0.043824079999999994 0.06412031 0.03807792999999999
v -0.09652383999999999 0.051949050000000004 0.0017621799999999967
v 0.13064281 0.0005576000000000016 0.026813589999999998
v 0.12530255999999998 0.01075307 0.0016551699999999992
v 0.15764622999999997 -0.016609509999999997 0.001655170000000001
v 0.18520028 0.04871989 0.001655169999999997
v 0.19049543 0.0477978 0.03463433999999999
v 0.21859109 0.025712330000000002 0.0016551699999999983
v 0.25839307 0.13738608 0.0016596799999999915
v 0.22910471999999996 0.12599505 0.043319779999999995
v 0.21234596999999997 0.13443818 0.0016551699999999916
v 0.07306487 0.22898213 0.001655169999999986
v 0.0498519 0.30269725999999997 0.0016551699999999814
v 0.06832485999999999 0.23165738 0.03046750999999999
v 0.17727621 0.059981770000000004 0.0016551699999999962
v 0.23734776999999999 0.03572698999999999 0.0016551699999999977
v 0.18564349 0.05502487 0.032139079999999993
v 0.07824194 -0.008653869999999998 0.02521008
v 0.07698651999999999 -0.020707049999999998 0.0016551700000000012
v 0.10145778 -0.06254591 0.0016551700000000038
v 0.5103126499999999 0.79431473 0.2869635099999999
v 0.51030322 0.7942889 0.27488244999999994
v 0.47446511999999996 0.6951332699999999 0.27471885999999995
v 0.43861718 0.5959522199999999 0.2869446499999999
v 0.47446511999999996 0.6951332699999999 0.27471885999999995
v 0.4386266099999999 0.5959780499999999 0.27486358999999994
v 1.03362804 -0.20149081 0.12482409000000003
v 1.03362804 -0.20149081 0.0016551700000000122
v 1.01969747 -0.20149081 0.0016551700000000122
v 1.01969747 -0.20149081 0.0016551700000000122
v 1.01969747 -0.20149081 0.12482409000000003
v 1.03362804 -0.20149081 0.12482409000000003
v 0.8915097399999999 -0.75359312 0.12482409000000005
v 0.8915097399999999 -0.75359312 0.001655170000000046
v 0.87757917 -0.75359312 0.001655170000000046
v 0.87757917 -0.75359312 0.001655170000000046
v 0.87757917 -0.75359312 0.12482409000000005
v 0.8915097399999999 -0.75359312 0.12482409000000005
v 0.07751214 -0.82081016 0.045967970000000045
v 0.08262648 -0.84782752 0.047247580000000046
v 0.20683884999999996 -0.8202201699999999 0.04589130000000005
v 0.20683884999999996 -0.8202201699999999 0.04589130000000005
v 0.19634079999999998 -0.79393507 0.044630960000000046
v 0.07751214 -0.82081016 0.045967970000000045
v 0.20498032 -0.64846666 0.04596797000000003
v 0.20721235999999996 -0.6196493999999999 0.04724758000000003
v 0.08016566 -0.6087393 0.04589130000000004
v 0.08016566 -0.6087393 0.04589130000000004
v 0.08331445999999999 -0.6387185 0.04463096000000003
v 0.20498032 -0.64846666 0.04596797000000003
v -0.8027246499999999 0.23082384999999997 0.22634254999999998
v -0.8029398999999999 0.22998662999999997 0.30705965999999996
v -0.7098489899999999 0.57944808 0.3976622799999999
v -0.57835748 0.8515999299999999 0.7382119699999998
v -0.62589944 0.9935739099999998 0.7705027499999999
v -0.6545412199999999 0.9627529799999999 0.7710205799999998
v -1.0297847 0.18834088 0.0016551699999999884
v -1.0819678599999998 0.41546242999999994 0.0016551699999999743
v -1.0852011199999998 0.41504464 0.06201003999999997
v -1.0852011199999998 0.41504464 0.06201003999999997
v -1.03466657 0.18223762000000002 0.21485188999999996
v -1.0297847 0.18834088 0.0016551699999999884
v -0.8910784199999999 0.38645124 0.001655169999999976
v -0.8781441499999999 0.38607937 0.26332823999999994
v -0.8381851399999999 0.38644755 0.28803114999999996
v -0.66195689 -0.8788755899999999 0.11985161000000004
v -0.67060256 -0.86264779 0.08445836000000005
v -0.68770325 -0.9682928999999999 0.11965194000000005
v -1.02407914 -0.33902531 0.12396473000000001
v -1.02160848 -0.26801331 0.08528369000000001
v -1.0369879899999999 -0.27839082 0.14844378
v 0.035420719999999996 0.5861187800000001 0.0019237199999999639
v 0.029867269999999998 0.5727167 0.019574629999999964
v 0.11884834 0.5872626799999999 0.025506099999999962
v -0.38206424 0.74629307 0.24421444999999994
v -0.3606975 0.80972007 0.24419271999999995
v -0.44513781999999996 0.85773148 0.24689584999999992
v -0.46836842 0.7946300199999999 0.24699301999999995
v -0.38206424 0.74629307 0.24421444999999994
v -0.3181846 0.79001793 0.24424355999999994
v -0.34886531 0.72888857 0.24423617999999991
v -0.26961846 0.6862092099999999 0.24265029999999993
v -0.24334647999999998 0.7452508499999999 0.24271876999999994
v -0.3181846 0.79001793 0.24424355999999994
v -0.69315379 -0.6406795299999999 0.050098310000000035
v -0.68285705 -0.66077486 0.010082310000000039
v -0.6648547699999999 -0.64714482 0.050098310000000035
v -0.68285705 -0.66077486 0.010082310000000039
v -0.66071664 -0.6701134299999999 0.050098310000000035
v -0.68005388 -0.68318054 0.050098310000000035
v -0.68285705 -0.66077486 0.010082310000000039
v -0.7044353499999999 -0.66742588 0.050098310000000035
v -0.0409262 0.0008064700000000001 0.0016551699999999999
v -0.045387819999999995 0.005101630000000001 0.02269596
v -0.01717531 0.017817370000000003 0.04243951
v -0.01717531 0.017817370000000003 0.04243951
v -0.00588596 0.02426995 0.0016551699999999983
v -0.01717531 0.017817370000000003 0.04243951
v 0.07824194 -0.008653869999999998 0.02521008
v 0.08096434 0.0001947500000000001 0.0016551699999999999
v 0.11863309 0.24600983999999998 0.03475897999999998
v 0.11838749999999999 0.24507995999999996 0.001655169999999985
v 0.13603308 0.23154298999999998 0.0016551699999999856
v 0.14627774999999998 0.23910093000000002 0.022001829999999986
v 0.11863309 0.24600983999999998 0.03475897999999998
v 0.13521923 0.29766655999999997 0.0016551699999999816
v 0.06045614 0.30608262999999997 0.001655169999999981
v 0.06733634999999999 0.26003881 0.026930439999999983
v 0.06733634999999999 0.26003881 0.026930439999999983
v 0.11317926999999998 0.26367469 0.027470819999999983
v 0.14097809 0.23813414999999996 0.015911689999999985
v 0.13603308 0.23154298999999998 0.0016551699999999856
v 0.18465538999999997 0.20542680999999996 0.0016551699999999873
v 0.17829301 0.19711036999999998 0.03297506999999999
v 0.14097809 0.23813414999999996 0.015911689999999985
v -0.08791014999999999 0.15515097 0.0016551699999999903
v -0.06674348999999999 0.14932897 0.034253039999999985
v -0.03755149 0.19730676 0.030330979999999987
v -0.03755149 0.19730676 0.030330979999999987
v -0.0724552 0.24568552999999999 0.0022738599999999848
v 0.0092906 0.27336668 0.04386425999999998
v 0.004812169999999999 0.29383101 0.0016551699999999816
v 0.0092906 0.27336668 0.04386425999999998
v -0.03755149 0.19730676 0.030330979999999987
v -0.06674348999999999 0.14932897 0.034253039999999985
v -0.05019343 0.14466317 0.001655169999999991
v -0.02581442 0.21179328999999997 0.001655169999999987
v 0.01796579 0.24035389 0.0016551699999999853
v 0.01796579 0.24035389 0.03518865999999998
v 0.0092906 0.27336668 0.04386425999999998
v 0.07824194 -0.008653869999999998 0.02521008
v 0.10145778 -0.06254591 0.0016551700000000038
v 0.13698182 -0.00383965 0.00165517
v 0.11881758999999999 0.02493784 0.019006779999999997
v 0.07824194 -0.008653869999999998 0.02521008
v 0.08096434 0.0001947500000000001 0.0016551699999999999
v 0.07824194 -0.008653869999999998 0.02521008
v 0.11930835999999999 0.02867991 0.0016551699999999981
v 0.18776852 0.0769898 0.001655169999999995
v 0.17727621 0.059981770000000004 0.0016551699999999962
v 0.18564349 0.05502487 0.032139079999999993
v 0.18564349 0.05502487 0.032139079999999993
v 0.19062458 0.07656135 0.03176966999999999
v 0.24150968 0.07224487 0.0016551699999999955
v 0.19062458 0.07656135 0.03176966999999999
v 0.18564349 0.05502487 0.032139079999999993
v 0.18564349 0.05502487 0.032139079999999993
v 0.23734776999999999 0.03572698999999999 0.0016551699999999977
v 0.21671411 0.17811548 0.0016551699999999888
v 0.23475328999999998 0.18753113 0.0016551699999999884
v 0.22845979 0.17815935 0.033732749999999985
v 0.22845979 0.17815935 0.033732749999999985
v 0.21280312 0.22888086 0.001655169999999986
v 0.17847628 0.19937111 0.025241239999999988
v 0.18971601999999999 0.16814919999999997 0.02258484999999999
v 0.18971601999999999 0.16814919999999997 0.0016551699999999895
v 0.17847628 0.19937111 0.025241239999999988
v 0.18465538999999997 0.20542680999999996 0.0016551699999999873
v -0.046310729999999994 0.09442791999999998 0.019102309999999994
v -0.047374269999999996 0.09399700999999999 0.0016551699999999942
v -0.05019343 0.14466317 0.001655169999999991
v -0.0726807 0.15113256 0.03260811999999999
v -0.046310729999999994 0.09442791999999998 0.019102309999999994
v -0.09168092 0.08465269999999998 0.0030520399999999946
v -0.0726807 0.15113256 0.03260811999999999
v -0.11165488999999999 0.14870454 0.0030520399999999907
v 0.07306487 0.22898213 0.001655169999999986
v 0.06832485999999999 0.23165738 0.03046750999999999
v 0.03135434 0.22403629999999997 0.02902307999999999
v 0.03135434 0.22403629999999997 0.02902307999999999
v 0.03135434 0.22403629999999997 0.001655169999999986
v 0.60858063 -0.30696781999999995 0.16355638
v 0.59132455 -0.31309527 0.16355638
v 0.59163902 -0.31295422999999994 0.35401737
v 0.60831905 -0.30716749 0.35401737
v 0.60858063 -0.30696781999999995 0.16355638
v 0.12145676 0.72401695 0.27823624999999996
v 0.12142559999999998 0.72393454 0.11907055999999995
v 0.10952739999999998 0.72411166 0.11906809999999995
v 0.10952739999999998 0.72411166 0.11906809999999995
v 0.10955856 0.72419366 0.2782337899999999
v 0.19097430999999998 0.9085759899999999 0.27375330999999997
v 0.19097430999999998 0.9085759899999999 0.11458802999999994
v 0.17827661 0.9115538199999998 0.11458802999999994
v 0.17827661 0.9115538199999998 0.11458802999999994
v 0.17827661 0.9115538199999998 0.27375330999999997
v 0.7970051499999999 1.04940361 0.14211214999999994
v 0.7869068499999999 1.05318791 0.07855517999999992
v 0.7619357999999999 0.9954881999999999 0.08044732999999994
v 0.7619357999999999 0.9954881999999999 0.08044732999999994
v 0.7735609399999999 0.9937899800000001 0.12675354999999994
v 0.76193457 -0.4755823699999999 0.16343133
v 0.74455918 -0.47892714999999997 0.16343133
v 0.74487406 -0.47878652 0.35389232000000004
v 0.76167299 -0.47578203999999996 0.35389191000000003
v 0.76193457 -0.4755823699999999 0.16343133
v 0.84906285 0.35919115999999995 0.06655283999999997
v 0.8472736099999999 0.36363638 0.05150009999999997
v 0.64189354 0.26946921999999995 0.051500099999999986
v 0.64380209 0.26507853 0.06655283999999999
v 0.84906285 0.35919115999999995 0.06655283999999997
v -0.6013408499999999 0.09144435000000001 0.11786187999999999
v -0.26774311999999995 0.69206483 0.11786228999999994
v -0.26774311999999995 0.69206483 0.13132668999999994
v -0.26774311999999995 0.69206483 0.13132668999999994
v -0.6013408499999999 0.09144435000000001 0.13132669
v 0.9664384699999999 0.017088800000000008 0.12482409
v 0.9664384699999999 0.0170888 0.0016551699999999988
v 0.9525078999999999 0.0170888 0.0016551699999999988
v 0.9525078999999999 0.017088800000000008 0.12482409
v 0.9664384699999999 0.017088800000000008 0.12482409
v 0.9525078999999999 -0.007038879999999999 0.00165517
v 0.9525078999999999 -0.007038879999999992 0.12482409
v 0.9525078999999999 0.017088800000000008 0.12482409
v 0.9525078999999999 0.0170888 0.0016551699999999988
v 0.9525078999999999 -0.007038879999999999 0.00165517
v 0.9525078999999999 -0.007038879999999992 0.12482409
v 0.9525078999999999 -0.007038879999999999 0.00165517
v 0.9664384699999999 -0.007038879999999999 0.00165517
v 0.9664384699999999 -0.007038879999999999 0.00165517
v 0.9664384699999999 -0.007038879999999992 0.12482409
v 1.01969747 -0.22561889999999996 0.12482409000000003
v 1.01969747 -0.22561889999999996 0.0016551700000000137
v 1.03362804 -0.22561889999999996 0.0016551700000000137
v 1.03362804 -0.22561889999999996 0.0016551700000000137
v 1.03362804 -0.22561889999999996 0.12482409000000003
v 1.0269458599999999 -0.50646275 0.12482409000000003
v 1.0269458599999999 -0.50646275 0.0016551700000000307
v 1.01301529 -0.50646275 0.0016551700000000307
v 1.01301529 -0.50646275 0.12482409000000003
v 1.0269458599999999 -0.50646275 0.12482409000000003
v 1.01301529 -0.53059125 0.0016551700000000322
v 1.01301529 -0.53059125 0.12482409000000003
v 1.01301529 -0.50646275 0.12482409000000003
v 1.01301529 -0.50646275 0.0016551700000000307
v 1.01301529 -0.53059125 0.0016551700000000322
v 1.01301529 -0.53059125 0.12482409000000003
v 1.01301529 -0.53059125 0.0016551700000000322
v 1.0269458599999999 -0.53059125 0.0016551700000000322
v 1.0269458599999999 -0.53059125 0.0016551700000000322
v 1.0269458599999999 -0.53059125 0.12482409000000003
v 0.87757917 -0.7777212099999999 0.12482409000000005
v 0.87757917 -0.7777212099999999 0.0016551700000000476
v 0.8915097399999999 -0.7777212099999999 0.0016551700000000476
v 0.8915097399999999 -0.7777212099999999 0.0016551700000000476
v 0.8915097399999999 -0.7777212099999999 0.12482409000000005
v -0.7098489899999999 0.57944808 0.3976622799999999
v -0.42844836 0.2934234700000001 0.40161139999999995
v -0.43070008 0.29628445 0.31370370999999997
v -0.7070958399999999 0.58042593 0.3082527599999999
v -0.7098489899999999 0.57944808 0.3976622799999999
v -0.68107027 0.73446826 0.75304003
v -0.65623862 0.6999532300000001 0.7545779399999999
v -0.64654335 0.69749774 0.50619502
v -0.6737964599999999 0.7325552 0.50555993
v -0.68107027 0.73446826 0.75304003
v -0.6778247099999999 0.9842853599999999 0.6110152099999998
v -0.6545412199999999 0.9627529799999999 0.7710205799999998
v -0.62589944 0.9935739099999998 0.7705027499999999
v -0.6493662 1.01921654 0.6112316899999999
v -0.6778247099999999 0.9842853599999999 0.6110152099999998
v -0.91523972 0.75058864 0.7275839499999999
v -0.91472107 0.7467223399999999 0.6135129299999998
v -0.9500548699999999 0.7138182 0.6147158699999999
v -0.9500548699999999 0.7138182 0.6147158699999999
v -0.9515919599999999 0.7176873699999999 0.7290218199999999
v -0.9522290999999998 0.80299197 0.6109209099999999
v -0.9485140899999999 0.8009530399999999 0.7305945799999999
v -0.9901327799999999 0.78565348 0.7322485199999998
v -0.99529837 0.78680107 0.6123140899999999
v -0.9522290999999998 0.80299197 0.6109209099999999
v 0.71426305 0.61336123 0.29969031999999995
v 0.84893001 0.72653066 0.30638725999999994
v 0.8533535 0.73847683 0.19445807999999995
v 0.72628056 0.6252418 0.16086800999999995
v 0.71426305 0.61336123 0.29969031999999995
v 0.12679290999999998 0.58045996 0.0077260399999999636
v 0.11884834 0.5872626799999999 0.025506099999999962
v 0.029867269999999998 0.5727167 0.019574629999999964
v 0.029867269999999998 0.5727167 0.019574629999999964
v 0.03560152999999999 0.5689643799999999 0.003124199999999965
v 0.5625650999999999 -0.18625110999999997 0.06225440000000001
v 0.55445243 -0.17965872 0.07760234
v 0.46304866999999994 -0.20781710999999997 0.04707087000000001
v 0.46304866999999994 -0.20781710999999997 0.04707087000000001
v 0.46680714 -0.21765752 0.025867310000000008
v 0.45490197 -0.17561858 0.007329980000000012
v 0.46641436 -0.17583300999999998 0.01916791000000001
v 0.47452989999999995 -0.07080453999999999 0.017304460000000004
v 0.47452989999999995 -0.07080453999999999 0.017304460000000004
v 0.46887599999999996 -0.07342689999999999 0.0021508600000000044
v 0.54644431 -0.11351997999999999 0.03378318
v 0.5318913599999999 -0.09053169 0.06255903
v 0.46854840999999997 -0.1981161 0.058506180000000005
v 0.46854840999999997 -0.1981161 0.058506180000000005
v 0.48028670999999995 -0.20193484 0.009154480000000012
v 0.33946442 -0.34528437 0.04794499000000002
v 0.46854840999999997 -0.1981161 0.058506180000000005
v 0.32349205 -0.34258657 0.002868770000000021
v 0.46854840999999997 -0.1981161 0.058506180000000005
v 0.32133462999999995 -0.32328704999999996 0.06420149000000003
v 0.5318913599999999 -0.09053169 0.06255903
v 0.51417157 -0.0717582 0.03224896000000001
v 0.44244124999999995 -0.17469321 0.03986635000000001
v 0.29502247 -0.31019041999999997 0.040244780000000015
v 0.45197128999999997 -0.18569145999999997 0.005310730000000011
v 0.30947045999999995 -0.31326624 0.007118010000000018
v 0.44244124999999995 -0.17469321 0.03986635000000001
v 0.5318692199999999 -0.08127061 0.013140090000000005
v 0.44244124999999995 -0.17469321 0.03986635000000001
v 0.44244124999999995 -0.17469321 0.03986635000000001
v 0.51417157 -0.0717582 0.03224896000000001
v -0.78593269 0.16501269999999998 0.0016551699999999899
v -0.77582783 0.15532973 0.0016551699999999903
v -0.79454638 0.20527018999999996 0.30406092
v -0.79454638 0.20527018999999996 0.30406092
v -0.80455735 0.21467763999999998 0.30055337
v -0.73166099 0.58855582 0.0016551699999999639
v -0.74768461 0.587571 0.0016551699999999639
v -0.71068416 0.56852978 0.3889104199999999
v -0.70171582 0.5701090999999999 0.3874245799999999
v -0.73166099 0.58855582 0.0016551699999999639
v -0.45046782 0.22975374999999998 0.0016551699999999856
v -0.43597021999999996 0.22333233 0.0016551699999999862
v -0.44268602 0.29403806 0.38944752
v -0.44268602 0.29403806 0.38944752
v -0.45718361999999996 0.30045948000000006 0.38343856
v 0.82099671 0.69294059 0.0016551699999999576
v 0.84694643 0.72367624 0.3014807899999999
v 0.85044086 0.71125447 0.30130940999999994
v 0.8244899099999999 0.68051759 0.0016551699999999582
v 0.82099671 0.69294059 0.0016551699999999576
v 0.98082045 0.37002171999999994 0.001655169999999977
v 0.99163092 0.36626119999999995 0.0016551699999999773
v 1.0282594999999999 0.3666179 0.30172556
v 1.0282594999999999 0.3666179 0.30172556
v 1.01744452 0.37037801 0.30278951
v -0.21699291 0.6608224199999999 0.25976123999999995
v -0.26128275 0.6922878699999999 0.5249578500000001
v -0.27730473 0.68836581 0.36592130999999994
v -0.26128275 0.6922878699999999 0.5249578500000001
v -0.31353151 0.70905687 0.45249937
v -0.26961846 0.6862092099999999 0.24265029999999993
v -0.21699291 0.6608224199999999 0.25976123999999995
v -0.21916017000000002 0.6665698 0.0016551699999999589
v -0.21699291 0.6608224199999999 0.25976123999999995
v -0.32681509999999997 0.7158780399999999 0.45473592
v -0.26128275 0.6922878699999999 0.5249578500000001
v -0.21916017000000002 0.6665698 0.0016551699999999589
v -0.34886531 0.72888857 0.24423617999999991
v -0.26128275 0.6922878699999999 0.5249578500000001
v -0.39343845999999993 0.75094739 0.5404021399999999
v -0.42165343 0.76626663 0.45696549999999986
v -0.34806253 0.7276548799999999 0.36943828999999995
v -0.43388741999999997 0.7747068899999999 0.45822378999999985
v -0.39103176 0.75055379 0.36968264999999995
v -0.51273411 0.82378922 0.6086864099999999
v -0.38206424 0.74629307 0.24421444999999994
v -0.47074683 0.7915980699999999 0.37325005999999994
v -0.57787778 0.8419887100000001 0.0016551699999999483
v -0.21916017000000002 0.6665698 0.0016551699999999589
v -0.46836842 0.7946300199999999 0.24699301999999995
v -0.58017993 0.8536364 0.7336318599999999
v -0.52950762 0.83833848 0.6687120499999999
v -0.24334647999999998 0.7452508499999999 0.24271876999999994
v -0.1950862 0.71227209 0.25868006999999993
v -0.18891201 0.71899076 0.0016551699999999556
v -0.18891201 0.71899076 0.0016551699999999556
v -0.3181846 0.79001793 0.24424355999999994
v -0.25130908999999996 0.7558940399999999 0.3659016299999999
v -0.1950862 0.71227209 0.25868006999999993
v -0.2857249 0.76794845 0.4523927699999999
v -0.23932847999999998 0.7357154799999999 0.5243731899999999
v -0.29914133 0.77818861 0.4543443699999999
v -0.23932847999999998 0.7357154799999999 0.5243731899999999
v -0.23932847999999998 0.7357154799999999 0.5243731899999999
v -0.1950862 0.71227209 0.25868006999999993
v -0.21916017000000002 0.6665698 0.0016551699999999589
v -0.18891201 0.71899076 0.0016551699999999556
v -0.21699291 0.6608224199999999 0.25976123999999995
v -0.26128275 0.6922878699999999 0.5249578500000001
v -0.3606975 0.80972007 0.24419271999999995
v -0.18891201 0.71899076 0.0016551699999999556
v -0.31888733999999996 0.7877153699999999 0.3693702299999999
v -0.36817221 0.81399842 0.36962524999999996
v -0.39412889999999995 0.82665512 0.45655426999999993
v -0.36824847 0.8058139999999999 0.5384665299999999
v -0.23932847999999998 0.7357154799999999 0.5243731899999999
v -0.40890078999999996 0.83736924 0.4580048499999999
v -0.49405163999999996 0.88603091 0.6103112399999999
v -0.44411487 0.85420302 0.37298929999999997
v -0.59555329 0.91613967 0.7312448399999999
v -0.51456476 0.8890485099999998 0.6703975599999998
v -0.5750524699999999 0.9195307799999999 0.0016551699999999437
v -0.44513781999999996 0.85773148 0.24689584999999992
v -0.18891201 0.71899076 0.0016551699999999556
v -0.46836842 0.7946300199999999 0.24699301999999995
v -0.44513781999999996 0.85773148 0.24689584999999992
v -0.44411487 0.85420302 0.37298929999999997
v -0.47074683 0.7915980699999999 0.37325005999999994
v -0.46836842 0.7946300199999999 0.24699301999999995
v -0.40890078999999996 0.83736924 0.4580048499999999
v -0.43388741999999997 0.7747068899999999 0.45822378999999985
v -0.6353987299999999 -0.29627132999999994 0.03481474000000002
v -0.66848204 -0.27106739999999996 0.0025399500000000165
v -0.67691861 -0.28135839999999995 0.002439910000000017
v -0.67691861 -0.28135839999999995 0.002439910000000017
v -0.6438353 -0.30656232999999994 0.034714700000000015
v -0.64421127 -0.28971092 0.07663433000000001
v -0.6526478399999999 -0.30000192 0.07653429000000002
v -0.79049927 -0.50330944 0.03401606000000003
v -0.82358258 -0.47810591999999996 0.0017412700000000291
v -0.8320191499999999 -0.48839691999999996 0.0016412300000000295
v -0.8320191499999999 -0.48839691999999996 0.0016412300000000295
v -0.79893625 -0.51360085 0.03391602000000003
v -0.79931181 -0.49674903 0.07583565000000003
v -0.8077487899999999 -0.50704003 0.07573561000000002
v 0.6816947 0.68727357 0.02922602999999996
v 0.7038966099999999 0.66047802 0.0022213799999999595
v 0.7160219499999999 0.67070219 0.0021377399999999588
v 0.7160219499999999 0.67070219 0.0021377399999999588
v 0.6938196299999999 0.69749774 0.029142389999999956
v 0.6876380599999999 0.68026052 0.06421665999999994
v 0.69976299 0.69048469 0.06413301999999996
v 0.50822452 0.53961248 0.03278728999999996
v 0.53104389 0.5133405 0.005783049999999968
v 0.5429281499999999 0.5238438799999999 0.005699409999999968
v 0.5429281499999999 0.5238438799999999 0.005699409999999968
v 0.52010878 0.55011586 0.032703649999999966
v 0.5143294199999999 0.53273965 0.06777791999999995
v 0.52621327 0.54324303 0.06769427999999997
v 0.33803557 -0.5179029799999999 0.043443600000000034
v 0.29824507 -0.55371648 0.0018999400000000337
v 0.3092425 -0.5668487799999999 0.0017716100000000348
v 0.3092425 -0.5668487799999999 0.0017716100000000348
v 0.34903341 -0.5310352799999999 0.04331486000000003
v 0.32763018 -0.52747976 0.09727332000000002
v 0.33862760999999997 -0.54061165 0.09714458000000004
v -1.10879498 0.10913666999999999 0.010433679999999992
v -0.8069529799999999 0.10617565 0.0016551699999999934
v -0.8145441299999999 0.11231458000000002 0.25119757
v -1.03543573 0.11292958000000003 0.22646636999999997
v -1.10888067 0.11138552 0.15975731999999998
v -0.8145441299999999 0.11231458000000002 0.25119757
v 0.52135928 -0.71794895 0.04344360000000004
v 0.48156837 -0.75376245 0.001899940000000046
v 0.49256579999999994 -0.76689475 0.001771610000000047
v 0.49256579999999994 -0.76689475 0.001771610000000047
v 0.53235671 -0.73108125 0.043314860000000045
v 0.51095348 -0.72752573 0.09727332000000004
v 0.52195132 -0.7406576199999999 0.09714458000000005
v -1.10879498 0.10913666999999999 0.010433679999999992
v -1.10888067 0.11138552 0.15975731999999998
v -1.10562281 0.18459102000000002 0.22411256
v -1.11158462 0.27016581 0.010433679999999982
v -1.10879498 0.10913666999999999 0.010433679999999992
v -1.11728936 0.40512714999999994 0.05544224999999998
v -1.11601795 0.40373684 0.001655169999999975
v -1.0819678599999998 0.41546242999999994 0.0016551699999999743
v -1.0852011199999998 0.41504464 0.06201003999999997
v -0.87669767 0.28717507 0.27614525
v -0.8781441499999999 0.38607937 0.26332823999999994
v -0.8910784199999999 0.38645124 0.001655169999999976
v -0.8910784199999999 0.38645124 0.001655169999999976
v -0.8897471499999999 0.26262877999999995 0.0016551699999999838
v -0.88839907 0.18619289000000003 0.26168085999999996
v -0.8917676299999999 0.19326989999999997 0.0016551699999999882
v -0.88839907 0.18619289000000003 0.26168085999999996
v 0.6515002499999999 -0.85599021 0.08048177000000005
v 0.55231182 -0.9350025399999999 0.08044692000000005
v 0.5858941 -0.9881537099999999 0.07855518000000004
v 0.5858941 -0.9881537099999999 0.07855518000000004
v 0.69233379 -0.8940607599999999 0.07518949000000005
v 0.6528315199999999 -0.8341691899999999 0.05643855000000004
v 0.7121630299999999 -0.8863064299999999 0.05324178000000005
v 0.7912729399999999 -0.77923042 0.0016551700000000476
v 0.73840221 -0.74338371 0.0016551700000000454
v -0.25130908999999996 0.7558940399999999 0.3659016299999999
v -0.24334647999999998 0.7452508499999999 0.24271876999999994
v -0.26961846 0.6862092099999999 0.24265029999999993
v -0.26961846 0.6862092099999999 0.24265029999999993
v -0.27730473 0.68836581 0.36592130999999994
v -0.31353151 0.70905687 0.45249937
v -0.2857249 0.76794845 0.4523927699999999
v -0.6684381699999999 -0.64985779 0.0016551700000000395
v -0.6911042 -0.64467949 0.0016551700000000393
v -0.69315379 -0.6406795299999999 0.050098310000000035
v -0.69315379 -0.6406795299999999 0.050098310000000035
v -0.6648547699999999 -0.64714482 0.050098310000000035
v -0.66071664 -0.6701134299999999 0.050098310000000035
v -0.6651237299999999 -0.6682544899999999 0.0016551700000000406
v -0.68061189 -0.6787205599999999 0.0016551700000000415
v -0.68005388 -0.68318054 0.050098310000000035
v -0.7001397799999999 -0.6661019899999999 0.0016551700000000406
v -0.7044353499999999 -0.66742588 0.050098310000000035
v 0.00269042 -0.026415889999999997 0.0016551700000000016
v 0.07698651999999999 -0.020707049999999998 0.0016551700000000012
v 0.07824194 -0.008653869999999998 0.02521008
v 0.07824194 -0.008653869999999998 0.02521008
v -0.01717531 0.017817370000000003 0.04243951
v -0.045387819999999995 0.005101630000000001 0.02269596
v -0.0409262 0.0008064700000000001 0.0016551699999999999
v 0.7970051499999999 1.04940361 0.14211214999999994
v 0.7735609399999999 0.9937899800000001 0.12675354999999994
v 0.8378313099999999 0.95621061 0.12482326999999993
v 0.8633042 1.0078128 0.12505737999999994
v 0.7970051499999999 1.04940361 0.14211214999999994
v 0.88048812 1.00531426 0.07778355999999993
v 0.84356721 0.9408323299999999 0.08024765999999994
v 0.97161144 0.92136594 0.07938255999999995
v 0.9136706499999999 0.8856270599999999 0.07904061999999994
v 0.9335691799999999 0.86141123 0.14276896999999994
v 0.9889331199999999 0.88748436 0.15050484999999994
v 0.9796855699999999 0.78093971 0.15610216999999993
v 1.0398116599999998 0.7985102599999999 0.15747443999999994
v 1.05035112 0.7870622399999999 0.12496430999999994
v 0.98619432 0.77133915 0.12329970999999995
v 1.06098242 0.74418608 0.11690903999999995
v 0.99807653 0.72904642 0.11607796999999995
v 1.07185152 0.73370894 0.09417945999999995
v 0.99963453 0.7194466799999999 0.08611065999999995
v 1.0352040799999997 0.63829169 0.07475119999999996
v 1.08833721 0.64087756 0.035923379999999956
v 1.0227667299999998 0.62866079 0.045350099999999956
v 1.0781778199999998 0.58815771 0.0014235199999999637
v 1.1098933699999998 0.60960481 0.0016551699999999626
v 1.02419353 0.63170012 0.001655169999999961
v 1.0317092399999999 0.36295290999999996 0.30949382999999997
v 1.02985317 0.36637354 0.27922844999999996
v 0.9740242899999999 0.56873683 0.2796995399999999
v 0.85342689 0.72369305 0.28085819999999995
v 0.84893001 0.72653066 0.30638725999999994
v 0.9641678899999999 0.56391646 0.30829048
v 1.0317092399999999 0.36295290999999996 0.30949382999999997
v 0.84893001 0.72653066 0.30638725999999994
v 0.71426305 0.61336123 0.29969031999999995
v 0.7838379999999999 0.48067456999999997 0.3036722399999999
v 1.0317092399999999 0.36295290999999996 0.30949382999999997
v 0.85536619 0.34972672 0.2993984
v 0.8763028399999999 0.34393096 0.16394259999999997
v 1.05159096 0.36042484999999996 0.19903736999999996
v 0.21565302999999997 0.07461712999999999 0.015745639999999995
v 0.16546041999999997 0.08849522 0.015885449999999995
v 0.16546041999999997 0.08849522 0.0016551699999999944
v 0.16546041999999997 0.08849522 0.0016551699999999944
v 0.18776852 0.0769898 0.001655169999999995
v 0.24060112 0.13132218 0.02030237999999999
v 0.24150968 0.07224487 0.0016551699999999955
v 0.25839225 0.13738772 0.0016551699999999912
v 0.18467138 0.11564132 0.017973989999999995
v 0.21234596999999997 0.13443818 0.0016551699999999916
v 0.16546041999999997 0.08849522 0.015885449999999995
v 0.17629179999999997 0.11986309 0.0016551699999999923
v 0.16546041999999997 0.08849522 0.0016551699999999944
v -0.7878916699999999 1.0707961799999999 0.8139315899999998
v -0.7887768599999999 1.0250803599999998 0.8143547099999999
v -0.78113979 1.0264792799999998 0.7770902199999999
v -0.78441938 1.07028532 0.7763833799999998
v -0.7878916699999999 1.0707961799999999 0.8139315899999998
v -0.77820378 1.0714169199999999 0.6821977699999998
v -0.70773954 1.0589106899999998 0.6731970399999999
v -0.73326901 1.01581682 0.7933848499999998
v -0.6913604499999999 1.0514236799999999 0.6118065099999999
v -0.70833568 1.00837532 0.6121135999999999
v -0.70833568 1.00837532 0.6121135999999999
v -0.6778247099999999 0.9842853599999999 0.6110152099999998
v -0.6493662 1.01921654 0.6112316899999999
v -0.5423479999999999 -0.4241204 0.09946969000000001
v -0.5423484099999999 -0.4241204 0.000665430000000026
v -0.4412247799999999 -0.44265321999999996 0.0006654300000000272
v -0.4412247799999999 -0.44265321999999996 0.09946969000000001
v -0.53916927 -0.40714598999999996 0.0006654300000000249
v -0.53916927 -0.40714598999999996 0.09946969000000001
v -0.43804563999999996 -0.42567922 0.09946969000000001
v -0.43804563999999996 -0.42567922 0.0006654300000000261
v -0.5846001399999999 -0.6742011299999999 0.09715442000000005
v -0.5846001399999999 -0.6742011299999999 0.0006654300000000413
v -0.48406977999999995 -0.6932329199999999 0.0006654300000000425
v -0.48406977999999995 -0.6932329199999999 0.09715442000000005
v -0.58115573 -0.65610742 0.0006654300000000402
v -0.58115573 -0.65610742 0.09715442000000005
v -0.48078321999999996 -0.67595511 0.09715442000000005
v -0.48078321999999996 -0.67595511 0.0006654300000000415
v 0.8208167199999999 0.41494009 0.12243583999999998
v 0.8208167199999999 0.41494009 -0.0005711300000000254
v 0.8745205699999999 0.2994353 -0.0005711300000000182
v 0.8745205699999999 0.2994353 0.12243583999999998
v 0.83645043 0.42140168999999994 -0.0005711300000000257
v 0.83645043 0.42140168999999994 0.12243583999999998
v 0.89015387 0.30589648999999997 0.12243583999999998
v 0.89015387 0.30589648999999997 -0.0005711300000000187
v 0.5153380200000001 0.8184305199999999 0.10381527999999994
v 0.5153380200000001 0.8184309299999999 -0.00270272000000005
v 0.41109634 0.8544965799999998 -0.002702720000000052
v 0.41109674999999996 0.8544965799999998 0.10381527999999994
v 0.50961729 0.80491979 -0.002702720000000049
v 0.50961688 0.80491979 0.10381527999999994
v 0.4053752 0.8409858499999999 0.10381527999999994
v 0.40537560999999994 0.8409858499999999 -0.002702720000000051
v 0.19428834 0.9392878599999999 0.07882618999999995
v 0.19428916 0.9392878599999999 -0.0014013800000000573
v 0.11114608 0.9348824099999999 -0.0014013800000000573
v 0.11114608 0.9348824099999999 0.07882618999999995
v 0.19369588999999998 0.92462749 -0.0014013800000000564
v 0.19369588999999998 0.92462749 0.07882618999999995
v 0.11055281 0.9202224499999999 0.07882618999999995
v 0.11055281 0.92022204 -0.0014013800000000562
v 0.21018198999999996 0.70119594 0.07882618999999995
v 0.21018198999999996 0.70119594 -0.0014013800000000427
v 0.12723858 0.69395206 -0.0014013800000000425
v 0.12723858 0.69395206 0.07882618999999995
v 0.21009055999999998 0.68652409 -0.0014013800000000419
v 0.21009014999999998 0.68652368 0.07882618999999995
v 0.12714673999999998 0.6792802099999999 0.07882618999999995
v 0.12714673999999998 0.6792797999999999 -0.0014013800000000414
v 0.4348788 0.59119827 0.10465905999999994
v 0.4348788 0.59119827 -0.0018589400000000361
v 0.33063712 0.62726433 -0.0018589400000000383
v 0.33063712 0.62726433 0.10465905999999994
v 0.42915766 0.5776871299999999 -0.001858940000000035
v 0.42915766 0.5776871299999999 0.10465905999999994
v 0.32491598 0.61375319 0.10465905999999994
v 0.32491598 0.61375319 -0.0018589400000000374
v 0.60655072 0.31643144 0.12243583999999998
v 0.60655072 0.31643144 -0.0005711300000000193
v 0.66025457 0.20092664999999998 -0.0005711300000000122
v 0.66025457 0.20092664999999998 0.12243583999999998
v 0.62292735 0.32251666 -0.0005711300000000197
v 0.62292735 0.32251666 0.12243583999999998
v 0.6766312 0.20701187 0.12243583999999998
v 0.6766312 0.20701187 -0.0005711300000000127
v 0.5219054 -0.33159857 0.10415435000000002
v 0.5219054 -0.33159857 -0.00038498999999997966
v 0.4799201699999999 -0.43138068 -0.00038498999999997353
v 0.4799201699999999 -0.43138068 0.10415435000000002
v 0.5372586699999999 -0.33893962 -0.0003849899999999792
v 0.5372586699999999 -0.33893962 0.10415435000000002
v 0.49368059 -0.43803661999999993 0.10415435000000002
v 0.49368059 -0.43803621 -0.00038498999999997315
v 0.7733038699999999 -0.437183 0.10007034000000002
v 0.7733038699999999 -0.437183 0.0006949500000000266
v 0.7328569599999999 -0.53507829 0.0006949500000000327
v 0.7328569599999999 -0.53507829 0.10007034000000004
v 0.7892868999999999 -0.44425713999999994 0.0003903200000000272
v 0.7892868999999999 -0.44425755 0.09997276000000002
v 0.7485943999999999 -0.54298596 0.09997276000000002
v 0.7485943999999999 -0.54298596 0.0003903200000000332
v -0.48687212999999996 0.7848310199999999 0.11980158999999994
v -0.5678664 0.8311786499999999 0.6538237199999999
v -0.60845845 0.74785312 0.6547827099999999
v -0.5276179299999999 0.7012197199999999 0.12076467999999994
v -0.4702052199999999 -0.41678303999999994 0.32606480000000004
v -0.5135750199999999 -0.38411301 0.4044609
v -0.58161288 -0.3328605499999999 0.40446089999999996
v -0.62498268 -0.30019011 0.32461873
v -0.6861239299999999 -0.61130344 0.4044609
v -0.64273978 -0.64395461 0.32557608000000005
v -0.7975688999999999 -0.52743015 0.3250152
v -0.75418434 -0.56008132 0.4044609
v -0.46630243 -0.41160187000000004 0.32606480000000004
v -0.62107989 -0.29500894 0.32461873
v -0.57776257 -0.3276396099999999 0.40446089999999996
v -0.5096197499999999 -0.37897119999999995 0.4044609
v -0.80146923 -0.53261337 0.3250152
v -0.64664011 -0.64913742 0.32557608000000005
v -0.6899717799999999 -0.61652602 0.4044609
v -0.75813756 -0.56522436 0.4044609
v 0.06505634 0.10888451999999998 0.12433496000000001
v 0.06645403 0.03702423 -2.26708023801977e-18
v 0.12721111 0.055971969999999996 -3.4272946951235838e-18
v 0.09732088 0.11414481999999998 0.14674104999999998
v 0.06505634 0.14764428 0.12433496000000001
v 0.06505634 0.10888451999999998 0.12433496000000001
v 0.09732088 0.11414481999999998 0.14674104999999998
v 0.09732088 0.13177769 0.14674104999999998
v 0.7431196699999999 0.21232095999999998 0.09897522999999998
v 0.7269095 0.24777447999999996 0.09963901999999998
v 0.72655075 0.25138781 0.0016551699999999845
v 0.7610251899999999 0.17307616999999997 0.0016551699999999892
v 0.7393042099999999 0.25773994 0.0016551699999999842
v 0.73966296 0.2541262 0.09963614999999999
v 0.7560584499999999 0.2180749 0.09906706999999998
v 0.77377906 0.17942707 0.0016551699999999888
v 0.77377906 0.17942707 0.0016551699999999888
v 0.7560584499999999 0.2180749 0.09906706999999998
v 0.7431196699999999 0.21232095999999998 0.09897522999999998
v 0.7610251899999999 0.17307616999999997 0.0016551699999999892
v 0.7560584499999999 0.2180749 0.09906706999999998
v 0.73966296 0.2541262 0.09963614999999999
v 0.7269095 0.24777447999999996 0.09963901999999998
v 0.7431196699999999 0.21232095999999998 0.09897522999999998
v 0.8266100200000001 0.25078757 0.09897522999999998
v 0.8103998499999999 0.28624109 0.09963901999999997
v 0.8100411 0.28985442 0.001655169999999982
v 0.84451554 0.21154277999999999 0.001655169999999987
v 0.8227945600000001 0.29620614 0.0016551699999999816
v 0.8231533099999999 0.29259281 0.09963614999999998
v 0.8395488 0.25654109999999997 0.09906706999999998
v 0.85726941 0.21789368 0.0016551699999999862
v 0.85726941 0.21789368 0.0016551699999999862
v 0.8395488 0.25654109999999997 0.09906706999999998
v 0.8266100200000001 0.25078757 0.09897522999999998
v 0.84451554 0.21154277999999999 0.001655169999999987
v 0.8395488 0.25654109999999997 0.09906706999999998
v 0.8231533099999999 0.29259281 0.09963614999999998
v 0.8103998499999999 0.28624109 0.09963901999999997
v 0.8266100200000001 0.25078757 0.09897522999999998
v -0.6911042 -0.64467949 0.0016551700000000393
v -0.7001397799999999 -0.6661019899999999 0.0016551700000000406
v -0.7044353499999999 -0.66742588 0.050098310000000035
v -0.69315379 -0.6406795299999999 0.050098310000000035
v 0.6111111499999999 0.36296521 0.28512793999999997
v 0.57738947 0.43057421 0.2851209699999999
v 0.57741038 0.43059142999999994 0.21267642999999997
v 0.61117101 0.36291600999999996 0.21268175999999997
v -0.66567928 -0.5857645399999999 0.28080162000000003
v -0.73322965 -0.53198238 0.28079465
v -0.73322022 -0.53195737 0.12522138000000002
v -0.6656030199999999 -0.58577807 0.12522671000000005
v -0.60575409 0.7326335099999999 0.39360081999999996
v -0.63696493 0.69538583 0.3235346899999999
v -0.56498328 0.8520480599999999 0.32267286999999995
v -0.57415662 0.8010137199999999 0.39579841999999993
v 0.06674308 0.2520557 0.0016551699999999845
v 0.11536826 0.25576701999999996 0.0016551699999999842
v 0.11317926999999998 0.26367469 0.027470819999999983
v 0.06733634999999999 0.26003881 0.026930439999999983
v 0.22910471999999996 0.12599505 0.043319779999999995
v 0.25839307 0.13738608 0.0016596799999999915
v 0.21671411 0.17811548 0.0016551699999999888
v 0.18971601999999999 0.16814919999999997 0.02258484999999999
v 0.21234596999999997 0.13443818 0.0016551699999999916
v 0.22910471999999996 0.12599505 0.043319779999999995
v 0.18971601999999999 0.16814919999999997 0.0016551699999999895
v -0.10563691 0.08285607999999998 0.0017621799999999947
v -0.09652383999999999 0.051949050000000004 0.0017621799999999967
v -0.043824079999999994 0.06412031 0.03807792999999999
v -0.048529239999999994 0.09060876999999999 0.03525302999999999
v 0.01796579 0.24035389 0.0016551699999999853
v 0.004812169999999999 0.29383101 0.0016551699999999816
v 0.0092906 0.27336668 0.04386425999999998
v 0.01796579 0.24035389 0.03518865999999998
v 0.0498519 0.30269725999999997 0.0016551699999999814
v 0.010544789999999998 0.28827591999999996 0.001655169999999982
v 0.03135434 0.22403629999999997 0.02902307999999999
v 0.06832485999999999 0.23165738 0.03046750999999999
v 0.14627774999999998 0.23910093000000002 0.022001829999999986
v 0.17418276 0.27308665 0.0016551699999999832
v 0.13525981999999998 0.28514926 0.0016551699999999823
v 0.11863309 0.24600983999999998 0.03475897999999998
v 0.17829301 0.19711036999999998 0.03297506999999999
v 0.22033646 0.23627315999999998 0.0016551699999999853
v 0.16559612999999998 0.26974187 0.0016551699999999834
v 0.14097809 0.23813414999999996 0.015911689999999985
v 0.05098145 0.8655678099999999 0.17802199999999993
v -0.08572033999999999 0.80208546 0.20930950999999995
v -0.08572033999999999 0.80208546 0.28269212999999993
v 0.05098145 0.8655678099999999 0.26494733
v 0.050056489999999995 0.8309207599999999 0.24372859999999993
v 0.04432468999999999 0.88811535 0.25792976999999995
v -0.09093923 0.82570802 0.27173774999999994
v -0.07454374 0.783264 0.25974934999999993
v 0.05098145 0.8629573399999999 0.17802199999999993
v 0.05098145 0.8629573399999999 0.26494733
v -0.08571993 0.79947499 0.28269212999999993
v -0.08572033999999999 0.79947499 0.20930950999999995
v 0.7288241999999999 0.25101717 0.10500017999999997
v 0.8121886799999999 0.28918366 0.10339584999999997
v 0.8122173799999999 0.28909715 0.30106996999999996
v 0.7288582299999999 0.25092082 0.30332824999999997
v 0.7466382899999999 0.63500103 -0.0031963600000000387
v 0.6867126899999999 0.7070347499999999 -0.003196360000000043
v 0.6867126899999999 0.7070347499999999 0.08625497999999995
v 0.7466382899999999 0.63500103 0.08625497999999997
v 0.73279997 0.62429019 -0.003196360000000038
v 0.73279997 0.62429019 0.08625497999999997
v 0.6728743699999999 0.6963239099999999 0.08625497999999995
v 0.6728743699999999 0.6963239099999999 -0.0031963600000000426
v 0.5723124399999999 0.48771303999999993 0.0014407399999999701
v 0.51238684 0.5597467599999999 0.0014407399999999658
v 0.51238684 0.5597467599999999 0.09089248999999996
v 0.5723124399999999 0.48771303999999993 0.09089248999999996
v 0.5590678 0.47719859 0.0014407399999999708
v 0.5590678 0.47719859 0.09089248999999996
v 0.49914261 0.54923231 0.09089248999999996
v 0.49914261 0.54923231 0.0014407399999999664
v -0.62788548 -0.30145988 0.002497310000000018
v -0.7065193799999999 -0.24108205 0.0024973100000000147
v -0.7065193799999999 -0.24108205 0.09714171
v -0.62788548 -0.30145988 0.09714171000000002
v -0.6366697299999999 -0.31291077 0.002497310000000019
v -0.6366697299999999 -0.31291077 0.09714171000000002
v -0.71530363 -0.25253253 0.09714171
v -0.71530363 -0.25253253 0.002497310000000015
v -0.78425702 -0.5091568599999999 0.0022176900000000313
v -0.86289133 -0.44877861999999996 0.0022176900000000273
v -0.86289133 -0.44877861999999996 0.09686168000000002
v -0.78425702 -0.5091568599999999 0.09686168000000003
v -0.7923807599999999 -0.5205163199999999 0.0022176900000000317
v -0.7923807599999999 -0.5205163199999999 0.09686168000000003
v -0.87101466 -0.46013807999999995 0.09686168000000002
v -0.87101466 -0.46013807999999995 0.0022176900000000278
v 0.5302616099999999 -0.70772601 -0.0004751899999999567
v 0.43165948000000004 -0.7965299599999999 -0.0004751899999999512
v 0.43165948000000004 -0.7965299599999999 0.12620333000000003
v 0.5302616099999999 -0.70772601 0.12620333000000003
v 0.54331396 -0.72261393 -0.0004751899999999557
v 0.54331396 -0.72261393 0.12620333000000003
v 0.44471224 -0.81141829 0.12620333000000003
v 0.44471224 -0.81141829 -0.0004751899999999503
v 0.26021716 -0.61203119 -0.0004751899999999625
v 0.35881928999999996 -0.5232268299999999 -0.000475189999999968
v 0.35881928999999996 -0.5232268299999999 0.12620333000000003
v 0.26021716 -0.61203119 0.12620333000000003
v 0.24716480999999996 -0.59714327 -0.00047518999999996347
v 0.24716480999999996 -0.59714327 0.12620333000000003
v 0.34576652999999996 -0.50833891 0.12620333000000003
v 0.34576652999999996 -0.50833891 -0.0004751899999999689
v 0.9328906299999999 0.16112343999999998 0.0016551699999999899
v 0.94302952 0.09437420999999999 0.0016551699999999942
v 1.01291484 -0.12782488 0.11471102999999999
v 1.02098323 -0.11399107 0.14155578
v 1.0221037599999998 -0.12703604 0.11471102999999999
v 0.95221885 0.09516305 0.0016551699999999942
v 0.9328906299999999 0.16112343999999998 0.0016551699999999899
v 1.02098323 -0.11399107 0.14155578
v 1.03491339 -0.19330023999999998 0.11145194000000003
v 1.0245941 -0.19068239 0.08158467000000001
v 1.0094896999999998 -0.51871355 0.08158467000000003
v 1.0198094 -0.5213313999999999 0.11145194000000003
v 1.0198094 -0.5213313999999999 0.08158467000000003
v 1.03491339 -0.19330023999999998 0.08158467000000001
v 1.03491339 -0.19330023999999998 0.11145194000000003
v 1.0198094 -0.5213313999999999 0.11145194000000003
v 0.7800709199999999 -0.8362167300000001 0.001655170000000051
v 0.69440552 -0.89920954 0.001655170000000055
v 0.89078937 -0.75544796 0.07949654000000005
v 0.89856748 -0.74919587 0.051172510000000046
v 0.78600198 -0.84405716 0.0016551700000000515
v 0.90347436 -0.75888171 0.05076538000000004
v 0.89078937 -0.75544796 0.07949654000000005
v 0.69440552 -0.89920954 0.001655170000000055
v 0.54525121 0.59558281 0.044917959999999965
v 0.59196866 0.5597934999999999 0.044320999999999965
v 0.59828635 0.56732151 0.049684619999999964
v 0.5516271199999999 0.60299766 0.05241562999999997
v 0.6449000699999999 0.62412865 0.04911143999999996
v 0.6502395 0.63071981 0.04504546999999996
v 0.6031452599999999 0.6675550299999999 0.044903609999999955
v 0.5984487099999999 0.6605112299999999 0.051226629999999954
v 0.33299093 0.62263543 0.25497161999999995
v 0.30530199 0.64359709 0.25497161999999995
v 0.30530199 0.64359709 0.17682889999999996
v 0.33299093 0.62263543 0.17682889999999996
v 0.24010665999999997 0.6677583899999999 0.25497161999999995
v 0.20616891 0.66038905 0.25497161999999995
v 0.20616891 0.66038905 0.17682889999999996
v 0.24010665999999997 0.6677583899999999 0.17682889999999996
v 0.40701765999999995 0.8543908 0.25499293999999995
v 0.40701724999999994 0.8543908 0.17680798999999994
v 0.37553826999999995 0.8396234199999999 0.17680798999999994
v 0.37553826999999995 0.8396234199999999 0.25499293999999995
v 0.3080289 0.8725156699999999 0.25444968999999995
v 0.31498865 0.8627802199999999 0.17718600999999995
v 0.28618245999999997 0.88161029 0.17221844999999994
v 0.27922312 0.8913453299999999 0.2494821299999999
v 0.6812760899999999 -0.58457021 0.29379903
v 0.63937737 -0.59772547 0.29379903
v 0.63937737 -0.59772547 0.21703104000000004
v 0.6812760899999999 -0.58457021 0.21703104000000004
v 0.56924195 -0.6605468999999999 0.29379903
v 0.57494997 -0.70408972 0.29379903
v 0.57494997 -0.70408972 0.21703104000000004
v 0.5692415399999999 -0.6605468999999999 0.21703104000000004
v 0.4820575 -0.37579944 0.29379903
v 0.4820575 -0.37579944 0.21703104000000004
v 0.47629372 -0.4193348799999999 0.21703104000000004
v 0.47629372 -0.4193348799999999 0.29379903
v 0.40708531 -0.48200461 0.29379903
v 0.40708531 -0.48200501999999995 0.21703104000000004
v 0.36636575 -0.49845094 0.21703104000000004
v 0.36636575 -0.49845094 0.29379903
v 0.6024597399999999 -0.35779346999999995 0.05614499000000002
v 0.5864791699999999 -0.42144105 0.056158110000000025
v 0.59446351 -0.42476245999999995 0.06457459000000002
v 0.6095183 -0.36044248 0.06656801000000002
v 0.67260992 -0.45225665 0.06453728000000002
v 0.6812137699999999 -0.45316029 0.05621920000000002
v 0.6951427 -0.39041676 0.056128180000000014
v 0.6872153499999999 -0.38805352 0.06844581000000002
v -0.79491907 -0.6170561499999999 0.05241768000000003
v -0.7922261899999999 -0.6158855999999999 0.0016551700000000376
v -0.74035914 -0.66013731 0.0016551700000000404
v -0.74035914 -0.66013731 0.052417680000000036
v -0.7673494399999999 -0.57765433 0.001655170000000035
v -0.7922261899999999 -0.6158855999999999 0.0016551700000000376
v -0.79491907 -0.6170561499999999 0.05241768000000003
v -0.7673494399999999 -0.57765433 0.05241768000000003
v -0.74035914 -0.66013731 0.0016551700000000404
v -0.710489 -0.6204611999999999 0.0016551700000000378
v -0.710489 -0.6204611999999999 0.05241768000000003
v -0.74035914 -0.66013731 0.052417680000000036
v -0.7406576199999999 -0.5333845799999999 0.0016551700000000326
v -0.77070529 -0.57329644 0.001655170000000035
v -0.77453387 -0.57041414 0.06963522000000003
v -0.7444862 -0.5305018699999999 0.06963522000000003
v -0.77070529 -0.57329644 0.001655170000000035
v -0.7174372699999999 -0.6133985399999999 0.0016551700000000376
v -0.7174372699999999 -0.6133985399999999 0.06963522000000003
v -0.77453387 -0.57041414 0.06963522000000003
v -0.7174372699999999 -0.6133985399999999 0.0016551700000000376
v -0.68739001 -0.57348668 0.001655170000000035
v -0.68739001 -0.57348668 0.06963522000000003
v -0.7174372699999999 -0.6133985399999999 0.06963522000000003
v 0.6479271 -0.22861682 0.28328949999999997
v 0.65829805 -0.25312006 0.16375851000000002
v 0.66662515 -0.21421926 0.14594073000000002
v 0.65621853 -0.18216997 0.25927333999999996
v 0.6353884799999999 -0.22511295999999997 0.14206951
v 0.6479271 -0.22861682 0.28328949999999997
v 0.65621853 -0.18216997 0.25927333999999996
v 0.6527970799999999 -0.19262250999999997 0.13529713000000002
v 0.64082221 -0.10771684 0.05902278000000001
v 0.6762269399999999 -0.05719540999999999 0.05124016000000001
v 0.6742224499999999 -0.04519921999999999 0.22679723999999998
v 0.66598309 -0.10760859999999998 0.23474673
v 0.6412002299999999 -0.10369228 0.0656
v 0.66598309 -0.10760859999999998 0.23474673
v 0.6742224499999999 -0.04519921999999999 0.22679723999999998
v 0.66721555 -0.05479076 0.06151845
v 0.6100414599999999 -0.23444210000000001 0.20953091000000001
v 0.6280994999999999 -0.08533371 0.177653
v 0.6242241799999999 -0.08704709999999999 0.26490428
v 0.60374181 -0.23409524 0.31080623999999996
v 0.6223406399999999 -0.09028076999999998 0.17361368
v 0.5993203699999999 -0.22947863999999998 0.22722856
v 0.60374181 -0.23409524 0.31080623999999996
v 0.6242241799999999 -0.08704709999999999 0.26490428
v 0.63394323 0.038585100000000004 0.10588865
v 0.6266891 -0.06022120999999999 0.10711988
v 0.62738692 -0.06026794999999998 0.26271078
v 0.6411022399999999 0.03708655000000001 0.25667722
v 0.6381461399999999 0.030936960000000003 0.11563968000000001
v 0.6411022399999999 0.03708655000000001 0.25667722
v 0.62738692 -0.06026794999999998 0.26271078
v 0.63092399 -0.06351268999999998 0.11648715
v 0.67662136 0.13419095 0.09189124999999998
v 0.6399226699999999 0.08478061999999999 0.08304427
v 0.64562413 0.06605592 0.25793058999999996
v 0.6554424 0.12792369 0.26802806999999995
v 0.67630156 0.12992777 0.09831922999999998
v 0.6554424 0.12792369 0.26802806999999995
v 0.64562413 0.06605592 0.25793058999999996
v 0.6491074899999999 0.08179090000000001 0.09301095999999999
v 0.24516277999999997 -0.5949362399999999 0.33554441000000007
v 0.25260878999999997 -0.60312353 0.33554441000000007
v 0.25260878999999997 -0.60312353 0.37071298
v 0.24516277999999997 -0.5949362399999999 0.37071298
v 0.59196456 -0.2795216 0.33622008999999997
v 0.59196456 -0.2795216 0.36951742
v 0.59941057 -0.28770889 0.36951742
v 0.59941057 -0.28770889 0.33622008999999997
v 0.43300796999999996 -0.80147456 0.33436935
v 0.44045439 -0.80966144 0.33436935
v 0.44045439 -0.80966144 0.36953792
v 0.43300796999999996 -0.80147456 0.36953792
v 0.77981016 -0.4860599199999999 0.33504503
v 0.77981016 -0.4860599199999999 0.36834236000000004
v 0.7872561699999999 -0.49424680000000004 0.36834236000000004
v 0.7872561699999999 -0.49424680000000004 0.33504503
v 0.60332361 -0.32291682 0.16355638
v 0.60858063 -0.30696781999999995 0.16355638
v 0.60831905 -0.30716749 0.35401737
v 0.60345563 -0.32257529 0.35401737
v 0.8093170399999999 -0.43166439999999995 0.16369988000000002
v 0.65687166 -0.26390961999999996 0.16369988000000002
v 0.58766612 -0.30778823 0.16369988000000002
v 0.75928802 -0.49635583999999994 0.16369988000000002
v 0.26441309999999996 -0.60178529 0.15045934000000005
v 0.26471773 -0.6030776099999999 0.11577539000000003
v 0.43472956 -0.78998759 0.11577539000000003
v 0.43603172 -0.7903557699999999 0.15045934000000005
v 0.43603172 -0.7903557699999999 0.15045934000000005
v 0.43472956 -0.78998759 0.11577539000000003
v 0.7749971699999999 -0.48155074 0.11577539
v 0.77487663 -0.48227602999999997 0.15045934000000002
v 0.77487663 -0.48227602999999997 0.15045934000000002
v 0.60328302 -0.29347430999999996 0.15045934000000002
v 0.26441309999999996 -0.60178529 0.15045934000000005
v 0.43603172 -0.7903557699999999 0.15045934000000005
v 0.7749971699999999 -0.48155074 0.11577539
v 0.60400011 -0.29347513 0.11577539
v 0.60328302 -0.29347430999999996 0.15045934000000002
v 0.77487663 -0.48227602999999997 0.15045934000000002
v 0.60400011 -0.29347513 0.11577539
v 0.26471773 -0.6030776099999999 0.11577539000000003
v 0.26441309999999996 -0.60178529 0.15045934000000005
v 0.60328302 -0.29347430999999996 0.15045934000000002
v 0.5930227699999999 -0.31490214 0.3349454
v 0.75346479 -0.49131038 0.33518812000000003
v 0.75346479 -0.49131038 0.12213777000000002
v 0.5930227699999999 -0.31490214 0.12213777000000002
v 0.75346479 -0.49131038 0.12213777000000002
v 0.75346479 -0.49131038 0.33518812000000003
v 0.44237524 -0.77424482 0.33518812000000003
v 0.44237524 -0.77424482 0.12213777000000005
v 0.28193322 -0.59783658 0.33518812000000003
v 0.5930227699999999 -0.31490214 0.3349454
v 0.5930227699999999 -0.31490214 0.12213777000000002
v 0.28193322 -0.59783658 0.12213777000000005
v 0.44237524 -0.77424482 0.12213777000000005
v 0.44237524 -0.77424482 0.33518812000000003
v 0.28193322 -0.59783658 0.33518812000000003
v 0.28193322 -0.59783658 0.12213777000000005
v -0.5401069399999999 -0.71922077 0.12591715000000006
v -0.36894178 -0.49178884999999994 0.12591715000000003
v -0.71756396 -0.22941632 0.12591715000000003
v -0.8887291199999998 -0.45684823999999996 0.12591715000000003
v -0.88885663 -0.45683635 0.10390261000000002
v -0.5400602 -0.7193400799999999 0.09894776000000004
v -0.5401069399999999 -0.71922077 0.12591715000000006
v -0.8887291199999998 -0.45684823999999996 0.12591715000000003
v -0.7176106999999999 -0.22929701 0.10390261000000002
v -0.88885663 -0.45683635 0.10390261000000002
v -0.8887291199999998 -0.45684823999999996 0.12591715000000003
v -0.71756396 -0.22941632 0.12591715000000003
v -0.36881427 -0.49180033 0.09894776000000002
v -0.36894178 -0.49178884999999994 0.12591715000000003
v -0.5401069399999999 -0.71922077 0.12591715000000006
v -0.5400602 -0.7193400799999999 0.09894776000000004
v -0.36881427 -0.49180033 0.09894776000000002
v -0.7176106999999999 -0.22929701 0.10390261000000002
v -0.71756396 -0.22941632 0.12591715000000003
v -0.36894178 -0.49178884999999994 0.12591715000000003
v -0.68597633 -0.57376261 0.07202060000000003
v -0.74759113 -0.52769009 0.07202060000000003
v -0.7785703199999999 -0.5684387599999999 0.07111040000000003
v -0.71751517 -0.61661335 0.07111040000000003
v -0.7078088299999999 -0.62198066 0.055637410000000026
v -0.7694330599999999 -0.57583885 0.05553901000000003
v -0.8000781 -0.61622508 0.05279570000000003
v -0.73934767 -0.66483099 0.05279570000000004
v 1.03558046 -0.25421352999999997 0.08158467000000001
v 1.03558046 -0.25421352999999997 0.11145194000000003
v 0.94544729 0.05487071000000001 0.11145194
v 0.94544729 0.054870709999999996 0.08158467
v 1.04650245 -0.25193269999999995 0.08158467000000001
v 0.9563688699999999 0.05715194999999999 0.08158467
v 0.94544729 0.05487071000000001 0.11145194
v 1.03558046 -0.25421352999999997 0.11145194000000003
v 1.03171211 -0.50343531 0.11145194000000003
v 1.02456007 -0.49761248999999996 0.08158467000000003
v 0.86718485 -0.78582363 0.08158467000000004
v 0.8743368899999999 -0.79164686 0.11145194000000004
v 0.8755640199999999 -0.7917194299999999 0.08158467000000004
v 1.03293924 -0.50350829 0.08158467000000003
v 1.03171211 -0.50343531 0.11145194000000003
v 0.8743368899999999 -0.79164686 0.11145194000000004
v 0.64105304 -0.04181877 0.008714960000000002
v 0.63111997 -0.03875074 0.006068820000000002
v 0.5881942 -0.2201618 0.0045042600000000125
v 0.5990247599999999 -0.21935738 0.009996210000000012
v 0.7566783699999999 -0.27540889 0.009252060000000017
v 0.7666208699999999 -0.28154084999999995 0.0045202500000000164
v 0.8094363499999999 -0.10059718999999999 0.0060934200000000065
v 0.7988169399999999 -0.09740533999999999 0.007961790000000005
v 0.58473462 -0.37413238 0.06172755000000002
v 0.5986848699999999 -0.37246901 0.07034903000000002
v 0.63058697 -0.21969439999999998 0.010918710000000012
v 0.61727386 -0.21830121999999996 0.0011086400000000132
v 0.70474039 -0.4144944199999999 0.06167179000000002
v 0.7417211599999999 -0.26055746 0.0012066300000000158
v 0.72911735 -0.25317336 0.010795710000000016
v 0.69268147 -0.40716075 0.07093410000000001
v 0.58416021 -0.36154415 0.061454490000000014
v 0.5822865099999999 -0.36856211999999994 0.06596941000000002
v 0.70781129 -0.41018327 0.06573899000000002
v 0.70968458 -0.4031653 0.06122366000000001
v 0.59260006 -0.21003767 0.006267260000000012
v 0.58928193 -0.21957509 0.008148750000000012
v 0.76417973 -0.277611 0.008750220000000017
v 0.76749786 -0.26807358 0.0068687300000000165
v 0.10955856 0.72419366 0.2782337899999999
v 0.10952739999999998 0.72411166 0.11906809999999995
v 0.11939733 0.71668574 0.11906358999999996
v 0.11942889999999999 0.7167677399999999 0.2782292799999999
v 0.17827661 0.9115538199999998 0.27375330999999997
v 0.17827661 0.9115538199999998 0.11458802999999994
v 0.18832734999999998 0.9013944299999999 0.11458802999999994
v 0.18832734999999998 0.9013944299999999 0.27375330999999997
v 0.55073373 0.57709099 0.04556985999999996
v 0.5558156799999999 0.5893331799999999 0.05051568999999996
v 0.43697800000000003 0.67789564 0.010147499999999959
v 0.42953199 0.6674156299999999 0.004398479999999959
v 0.6257411799999999 0.6664468 0.04448622999999996
v 0.50780755 0.7601002299999999 0.003366919999999954
v 0.4978835 0.75080225 0.009288959999999954
v 0.6141172699999999 0.65849895 0.049815409999999956
v 0.41959728 0.6477836 0.007881019999999959
v 0.42612653 0.6411698899999999 0.007791229999999959
v 0.5340762499999999 0.77400046 0.008240999999999953
v 0.52754741 0.78061417 0.00833078999999995
v 0.5405927899999999 0.58130907 0.04663503999999996
v 0.54677477 0.57598563 0.05017866999999996
v 0.62415899 0.6695205699999999 0.04848700999999996
v 0.6179770099999999 0.6748436 0.044943379999999956
v 0.8673250699999999 0.31360079999999996 0.30215893
v 0.8122173799999999 0.28909715 0.30106996999999996
v 0.8121886799999999 0.28918366 0.10339584999999997
v 0.8635071499999999 0.31194439999999996 0.10508832999999998
v 0.70753618 0.6514678599999999 0.10508832999999995
v 0.5220931799999999 0.5665667 0.10508832999999995
v 0.5182481999999999 0.56479386 0.30215892999999994
v 0.71140125 0.6532497199999999 0.30215892999999994
v 0.5220931799999999 0.5665667 0.10508832999999995
v 0.67806415 0.22704364999999996 0.10508832999999998
v 0.67430896 0.22520438999999998 0.30366814
v 0.5182481999999999 0.56479386 0.30215892999999994
v 0.7288582299999999 0.25092082 0.30332824999999997
v 0.67430896 0.22520438999999998 0.30366814
v 0.67806415 0.22704364999999996 0.10508832999999998
v 0.7288241999999999 0.25101717 0.10500017999999997
v 0.71140125 0.6532497199999999 0.30215892999999994
v 0.8673250699999999 0.31360079999999996 0.30215893
v 0.8635071499999999 0.31194439999999996 0.10508832999999998
v 0.70753618 0.6514678599999999 0.10508832999999995
v 0.86141779 0.32609801 0.30063249999999997
v 0.85048801 0.31865650999999995 0.30063249999999997
v 0.85398449 0.3069957 0.30063249999999997
v 0.8734471899999999 0.30919494 0.30063249999999997
v 0.85398449 0.3069957 0.30063249999999997
v 0.85643178 0.30601785 0.07352119999999998
v 0.86473592 0.30982797999999995 0.07352119999999998
v 0.8734471899999999 0.30919494 0.30063249999999997
v 0.86141779 0.32609801 0.30063249999999997
v 0.8734471899999999 0.30919494 0.30063249999999997
v 0.86473592 0.30982797999999995 0.07352119999999998
v 0.85976877 0.32063599 0.07352119999999998
v 0.6690556299999999 0.23765116999999997 0.30063249999999997
v 0.6739260199999999 0.21817576 0.30063249999999997
v 0.68571229 0.23047207 0.30063249999999997
v 0.6817156099999999 0.24174542999999998 0.30063249999999997
v 0.68571229 0.23047207 0.30063249999999997
v 0.6739260199999999 0.21817576 0.30063249999999997
v 0.6794077199999999 0.22364843999999998 0.07335924999999999
v 0.6887458799999999 0.22793294 0.07335924999999999
v 0.6794077199999999 0.22364843999999998 0.07335924999999999
v 0.6739260199999999 0.21817576 0.30063249999999997
v 0.6690556299999999 0.23765116999999997 0.30063249999999997
v 0.67405804 0.23529079999999997 0.07335924999999999
v -0.73004518 -0.25411759 0.12515619000000003
v -0.86728489 -0.43641958 0.12515619000000003
v -0.86728489 -0.43641958 0.31642816
v -0.73004518 -0.25411759 0.31642816
v -0.8640409699999999 -0.43329415 0.12514348
v -0.53043791 -0.6840612199999999 0.12514348000000003
v -0.53043791 -0.6840612199999999 0.31649294000000006
v -0.8640409699999999 -0.43329415 0.31649294000000006
v -0.53043791 -0.6840612199999999 0.12514348000000003
v -0.40011612999999996 -0.51089895 0.12521892
v -0.40011612999999996 -0.51089895 0.31649294000000006
v -0.53043791 -0.6840612199999999 0.31649294000000006
v -0.40011612999999996 -0.51089895 0.31649294000000006
v -0.40011612999999996 -0.51089895 0.12521892
v -0.7332419499999999 -0.25970466 0.12514348
v -0.7332419499999999 -0.25970466 0.31649294
v -0.8884240800000001 -0.46148534 0.31239007
v -0.8900292299999999 -0.46361816 0.33747756
v -0.8985924900000001 -0.45716352999999993 0.33747756
v -0.8969877499999999 -0.45503111999999996 0.31330068000000005
v -0.8652410399999999 -0.43068163 0.33822417000000005
v -0.87382152 -0.42424955000000003 0.33820367000000007
v -0.8985924900000001 -0.45716352999999993 0.33747756
v -0.8900292299999999 -0.46361816 0.33747756
v -0.71279894 -0.22812686999999998 0.33747755999999995
v -0.7213626099999999 -0.22167264999999997 0.33747755999999995
v -0.7483389699999999 -0.25751730999999994 0.33828526
v -0.73977489 -0.26397071 0.33828444
v -0.71279894 -0.22812686999999998 0.33747755999999995
v -0.7152122 -0.23133347999999998 0.31239006999999996
v -0.72377587 -0.22487926 0.31330027
v -0.7213626099999999 -0.22167264999999997 0.33747755999999995
v -0.53951572 -0.72323549 0.31201943000000004
v -0.54112087 -0.7253683099999999 0.33710692000000003
v -0.54968454 -0.7189136799999999 0.33710692000000003
v -0.5480793899999999 -0.71678127 0.31293004
v -0.51633268 -0.6924317799999999 0.33785394
v -0.52491316 -0.6859997 0.33783303000000003
v -0.54968454 -0.7189136799999999 0.33710692000000003
v -0.54112087 -0.7253683099999999 0.33710692000000003
v -0.36389058 -0.48987702 0.33710692000000003
v -0.37245425 -0.48342279999999993 0.33710733000000004
v -0.39943060999999996 -0.5192674599999999 0.33791462
v -0.39086653 -0.52572086 0.33791421000000005
v -0.36389058 -0.48987702 0.33710692000000003
v -0.36630384 -0.49308362999999994 0.31201943000000004
v -0.37486750999999996 -0.48662941 0.31292963
v -0.37245425 -0.48342279999999993 0.33710733000000004
v -0.69578517 -0.6055507299999999 0.40171267
v -0.6541467999999999 -0.6368759599999999 0.32868757000000004
v -0.4812334 -0.4070521 0.32868757000000004
v -0.52287177 -0.37572686999999994 0.40171267
v -0.52287177 -0.37572686999999994 0.40171267
v -0.5743345599999999 -0.3369962199999999 0.40171266999999994
v -0.7473139699999999 -0.56677006 0.40171267
v -0.69578517 -0.6055507299999999 0.40171267
v -0.7889412699999999 -0.53543007 0.32868757000000004
v -0.7473139699999999 -0.56677006 0.40171267
v -0.5743345599999999 -0.3369962199999999 0.40171266999999994
v -0.61596145 -0.30565581999999997 0.32868757
v 0.00927707 0.86343745 0.007534569999999947
v 0.009348819999999999 0.8701573499999999 0.0033296099999999464
v -0.13635001 0.8608220599999998 0.0010639499999999474
v -0.1362676 0.85437891 0.0038404699999999474
v -0.12765022 0.7238521299999999 0.002767089999999955
v -0.12752927 0.71667098 0.003563309999999956
v 0.01791659 0.72646998 0.004365269999999955
v 0.01725116 0.7330385899999999 0.006639539999999954
v 0.0056657899999999995 0.74707863 0.00009265999999995424
v 0.12655347 0.7583753599999999 0.04685930999999995
v 0.12156787 0.76910834 0.05088468999999995
v 0.0030380999999999997 0.75803219 0.005030289999999954
v 0.12004717999999999 0.8565535499999999 0.04720739999999995
v -0.0008208199999999999 0.84918544 0.000564159999999948
v -0.00246082 0.8378021999999998 0.005386169999999948
v 0.11666468 0.84506371 0.051357009999999946
v 0.1186909 0.7554463199999999 0.047029459999999954
v 0.12239812 0.7551355399999999 0.052360689999999946
v 0.11463230999999999 0.8574399699999999 0.05219709999999994
v 0.11094149 0.8577790399999998 0.046851519999999945
v 0.007515709999999999 0.7258148 0.004441529999999956
v 0.01535081 0.7254753199999999 0.005879399999999956
v 0.00458995 0.8697448899999999 0.006344749999999946
v -0.0032455599999999998 0.87008478 0.004906879999999946
v 0.10702599 0.72217277 0.09283014999999994
v 0.17452757 0.90893228 0.09283014999999994
v 0.12065725999999999 0.90643538 0.09283014999999994
v 0.06721868 0.75858446 0.09283014999999994
v 0.12065725999999999 0.90643538 0.07848916999999994
v 0.06721868 0.75858446 0.07848916999999994
v 0.06721868 0.75858446 0.09283014999999994
v 0.12065725999999999 0.90643538 0.09283014999999994
v 0.10840604999999999 0.72167339 0.07848916999999994
v 0.10702599 0.72217277 0.09283014999999994
v 0.06721868 0.75858446 0.09283014999999994
v 0.06721868 0.75858446 0.07848916999999994
v 0.17590762999999998 0.9084324899999998 0.07848916999999994
v 0.17452757 0.90893228 0.09283014999999994
v 0.10702599 0.72217277 0.09283014999999994
v 0.10840604999999999 0.72167339 0.07848916999999994
v 0.17590762999999998 0.9084324899999998 0.07848916999999994
v 0.12065725999999999 0.90643538 0.07848916999999994
v 0.12065725999999999 0.90643538 0.09283014999999994
v 0.17452757 0.90893228 0.09283014999999994
v -0.63112202 0.09177317 0.0016551699999999942
v -0.6129840299999999 0.08179745999999999 0.0016551699999999949
v -0.60735473 0.07762448000000001 0.09996579
v -0.65122514 0.10791077 0.09996578999999998
v -0.6129840299999999 0.08179745999999999 0.0016551699999999949
v -0.60649619 0.09444678 0.0016551699999999942
v -0.60086689 0.0902738 0.09996579
v -0.60735473 0.07762448000000001 0.09996579
v -0.60600747 0.07487338 0.09816301999999999
v -0.6062956999999999 0.07480081000000001 0.13920361
v -0.8139508599999999 0.21670796 0.13931020999999996
v -0.8139557799999999 0.21669812 0.09815276999999999
v -0.59811169 0.09065305 0.09816014999999999
v -0.59811169 0.09065305 0.13927822999999998
v -0.6062956999999999 0.07480081000000001 0.13920361
v -0.60600747 0.07487338 0.09816301999999999
v -0.59811169 0.09065305 0.13927822999999998
v -0.80569715 0.23283612999999997 0.13934915999999997
v -0.8139508599999999 0.21670796 0.13931020999999996
v -0.6062956999999999 0.07480081000000001 0.13920361
v -0.28384833 0.67638561 0.12344443999999996
v -0.16550265 0.61496761 0.0018298299999999622
v -0.19962161999999997 0.63167224 0.001655169999999961
v -0.28697827 0.67784931 0.07940305999999996
v -0.32663347 0.59567916 0.12344443999999996
v -0.20828779 0.5342611599999999 0.0018298299999999672
v -0.24240675999999997 0.55096579 0.001655169999999966
v -0.32976382 0.5971428599999999 0.07940305999999997
v -0.24774209 0.53953007 0.0016551699999999667
v -0.21362352999999998 0.52282544 0.001831059999999968
v -0.33215617 0.58437382 0.12340343999999993
v -0.33509873999999995 0.58570714 0.07940510999999996
v -0.28937103000000003 0.6650802699999999 0.12340343999999993
v -0.17083798 0.60353189 0.001831059999999963
v -0.16550265 0.61496761 0.0018298299999999622
v -0.28384833 0.67638561 0.12344443999999996
v -0.20495654 0.62023652 0.0016551699999999617
v -0.17083798 0.60353189 0.001831059999999963
v -0.28937103000000003 0.6650802699999999 0.12340343999999993
v -0.2923136 0.66641359 0.07940510999999996
v -0.33215617 0.58437382 0.12340343999999993
v -0.21362352999999998 0.52282544 0.001831059999999968
v -0.20828779 0.5342611599999999 0.0018298299999999672
v -0.32663347 0.59567916 0.12344443999999996
v -0.55103549 0.18666438999999999 0.12339564999999997
v -0.43793781 0.11856297999999998 0.0014809199999999928
v -0.47004777999999997 0.1370056 0.0016551699999999912
v -0.55447088 0.18835031 0.07940305999999998
v -0.5985946699999999 0.10867542 0.12339564999999998
v -0.48549657999999996 0.040574009999999994 0.0014809199999999976
v -0.51760655 0.05901703999999999 0.0016551699999999962
v -0.60203006 0.11036134 0.07940305999999998
v -0.5236196099999999 0.04792244 0.001655169999999997
v -0.49150963999999997 0.029479819999999997 0.001481739999999998
v -0.6047869 0.09772227000000001 0.12335506
v -0.60804271 0.09926673999999999 0.07940510999999999
v -0.55722772 0.17571124 0.12335506
v -0.44395087 0.10746879 0.0014817399999999933
v -0.43793781 0.11856297999999998 0.0014809199999999928
v -0.55103549 0.18666438999999999 0.12339564999999997
v -0.4760604299999999 0.12591141 0.001655169999999992
v -0.44395087 0.10746879 0.0014817399999999933
v -0.55722772 0.17571124 0.12335506
v -0.56048353 0.17725571 0.07940510999999999
v -0.6047869 0.09772227000000001 0.12335506
v -0.49150963999999997 0.029479819999999997 0.001481739999999998
v -0.48549657999999996 0.040574009999999994 0.0014809199999999976
v -0.5985946699999999 0.10867542 0.12339564999999998
v 0.10003466999999999 0.7148772299999999 0.11992171999999994
v 0.17355012999999997 0.91591622 0.11483648999999994
v 0.17359071999999998 0.91588547 0.08809382999999994
v 0.10008550999999999 0.71487477 0.09317905999999995
v 0.5181940799999999 0.7983700399999999 0.11992171999999994
v 0.44255687 0.58910153 0.11992130999999995
v 0.44252488999999995 0.58915647 0.09317864999999996
v 0.51813422 0.79834831 0.09317905999999995
v 0.17355012999999997 0.91591622 0.11483648999999994
v 0.10003466999999999 0.7148772299999999 0.11992171999999994
v 0.44255687 0.58910153 0.11992130999999995
v 0.5181940799999999 0.7983700399999999 0.11992171999999994
v 0.44252488999999995 0.58915647 0.09317864999999996
v 0.44255687 0.58910153 0.11992130999999995
v 0.10003466999999999 0.7148772299999999 0.11992171999999994
v 0.10008550999999999 0.71487477 0.09317905999999995
v 0.51813422 0.79834831 0.09317905999999995
v 0.17359071999999998 0.91588547 0.08809382999999994
v 0.17355012999999997 0.91591622 0.11483648999999994
v 0.5181940799999999 0.7983700399999999 0.11992171999999994
v -0.32521650999999996 0.58337137 0.09802894999999996
v -0.29968827 0.57014067 0.09054521999999997
v -0.25856034999999994 0.65142932 0.09054521999999995
v -0.28408859 0.6646600199999999 0.09802894999999995
v -0.30209251 0.57589584 0.07429076999999996
v -0.27656427 0.56266555 0.06680703999999997
v -0.23543635000000002 0.6439541999999999 0.06680703999999997
v -0.26096459 0.65718449 0.07429076999999995
v -0.28022762 0.5618980299999999 0.051720269999999964
v -0.25469896999999997 0.54866774 0.04423653999999996
v -0.21357104999999996 0.6299563899999999 0.044236539999999956
v -0.23909929 0.64318668 0.051720269999999964
v -0.2576604 0.5514541 0.028850879999999964
v -0.23213216 0.53822381 0.021367149999999967
v -0.19100424 0.61951246 0.021367149999999963
v -0.21653248 0.6327427499999999 0.028850879999999957
v -0.5987615399999999 0.0960015 0.09802853999999998
v -0.5740750299999999 0.08126077 0.09054481
v -0.52813535 0.15993033999999998 0.09054480999999999
v -0.55282186 0.17467106999999998 0.09802853999999998
v -0.5761291299999999 0.0871496 0.07429076999999999
v -0.5514422099999999 0.07240886999999999 0.06680704
v -0.50550253 0.15107843999999998 0.06680703999999998
v -0.53018945 0.16581917 0.07429076999999998
v -0.55514451 0.07186316 0.05172027
v -0.530458 0.057122019999999996 0.04423653999999999
v -0.48451791 0.13579159 0.04423653999999999
v -0.5092048299999999 0.15053273 0.05172026999999999
v -0.533246 0.0600814 0.028850469999999993
v -0.5085590799999999 0.04534067 0.021366739999999995
v -0.46261939999999996 0.12401024 0.02136673999999999
v -0.48730632 0.13875097 0.028850469999999993
v -0.81351093 -0.43401616 0.05189780000000002
v -0.8267654099999999 -0.44772656 0.10885254000000003
v -0.7087272299999999 -0.28612916 0.10885254000000003
v -0.7177542 -0.30298794999999995 0.05189821000000002
v -0.81351093 -0.43401616 0.05189780000000002
v -0.59184648 -0.59723101 0.05189780000000003
v -0.5920719799999999 -0.62047104 0.10885254000000004
v -0.8267654099999999 -0.44772656 0.10885254000000003
v -0.49608934 -0.46620238999999997 0.05189780000000003
v -0.7177542 -0.30298794999999995 0.05189821000000002
v -0.7087272299999999 -0.28612916 0.10885254000000003
v -0.47403175 -0.45887077 0.10885254000000003
v -0.59184648 -0.59723101 0.05189780000000003
v -0.49608934 -0.46620238999999997 0.05189780000000003
v -0.47403175 -0.45887077 0.10885254000000003
v -0.5920719799999999 -0.62047104 0.10885254000000004
v 0.75661769 -0.4922952 0.16343133
v 0.76193457 -0.4755823699999999 0.16343133
v 0.76167299 -0.47578203999999996 0.35389191000000003
v 0.7567497099999999 -0.49195366999999995 0.35389232000000004
v 0.7435038399999999 0.5822328 0.0016551699999999643
v 0.8134564 0.65001564 0.00165516999999996
v 0.8435741799999998 0.7010171799999999 0.29610732999999995
v 0.7355248299999999 0.61165481 0.29434104999999994
v 0.81144617 0.6510636 0.00165516999999996
v 0.74149361 0.58328035 0.0016551699999999643
v 0.7335146 0.61270236 0.29434104999999994
v 0.8415639500000001 0.7020647299999999 0.29610732999999995
v 0.9793879099999999 0.38498999999999994 0.0016551699999999764
v 0.8709822700000001 0.3689016 0.0034870499999999772
v 0.8677518799999998 0.35375128 0.29064654
v 1.02315459 0.38463001999999996 0.30071244999999996
v 0.8709822700000001 0.36598854999999997 0.0034870499999999772
v 0.9793879099999999 0.38207694999999997 0.0016551699999999764
v 1.02315459 0.38171656 0.30071244999999996
v 0.8677518799999998 0.35083823 0.29064654
v -0.27330682 0.7014895 0.07790942999999995
v -0.27323506999999997 0.70156412 0.11872779999999995
v -0.60494147 0.09159605 0.1187278
v -0.60501363 0.09152184 0.07790942999999999
v -0.53879576 -0.67999853 0.041952020000000034
v -0.5273210899999999 -0.68294438 0.04264492000000004
v -0.48238549999999997 -0.42133527 0.042644920000000024
v -0.49385648 -0.41837055999999995 0.04195202000000003
v -0.83612038 -0.48617431 0.04236489000000003
v -0.82836318 -0.49152809 0.04055679000000003
v -0.66470717 -0.27309238999999996 0.040545720000000014
v -0.6724729799999999 -0.26773204999999994 0.042356690000000016
v 0.47220766 0.83053987 0.040136129999999944
v 0.45407827999999995 0.8366025399999999 0.041371049999999944
v 0.36845346999999995 0.5996799399999999 0.04137104999999996
v 0.38657054999999996 0.5935836499999999 0.040136129999999964
v 0.15418706 0.9358602599999999 0.032390819999999945
v 0.14656311 0.9354830599999999 0.03286518999999994
v 0.16288275 0.6834236699999999 0.032865189999999954
v 0.17050792999999997 0.6837803699999999 0.03239081999999996
v 0.85294719 0.35093170999999995 0.054006019999999974
v 0.84906285 0.35919115999999995 0.06655283999999997
v 0.64380209 0.26507853 0.06655283999999999
v 0.64757901 0.25676988 0.05400601999999999
v 0.52698161 0.5177012599999999 0.036872529999999966
v 0.5336309899999999 0.51035201 0.03713697999999997
v 0.71955615 0.6658892 0.03630795999999996
v 0.71290062 0.6732458299999999 0.03604309999999996
v 0.48836698999999995 -0.77120795 0.05437174000000004
v 0.49586670999999993 -0.7637992499999999 0.052128220000000045
v 0.30139140999999997 -0.55049388 0.052114280000000034
v 0.29388185 -0.5579116 0.05436149000000003
v 0.65757358 -0.26385139999999996 0.15071067000000002
v 0.58794492 -0.30910392 0.15071067000000002
v 0.58766612 -0.30778823 0.16369988000000002
v 0.65687166 -0.26390961999999996 0.16369988000000002
v 0.5076140299999999 -0.37734759999999995 0.04312298000000002
v 0.50413108 -0.38678579999999996 0.04251085000000002
v 0.76074434 -0.49951611999999995 0.042510850000000024
v 0.76420351 -0.49006726 0.043122980000000026
v 0.9664384699999999 0.017088800000000008 0.12482409
v 0.9525078999999999 0.017088800000000008 0.12482409
v 0.9525078999999999 -0.007038879999999992 0.12482409
v 0.9664384699999999 -0.007038879999999992 0.12482409
v 0.9664384699999999 -0.007038879999999999 0.00165517
v 0.9664384699999999 0.0170888 0.0016551699999999988
v 0.9664384699999999 0.017088800000000008 0.12482409
v 0.9664384699999999 -0.007038879999999992 0.12482409
v 1.03362804 -0.20149081 0.12482409000000003
v 1.01969747 -0.20149081 0.12482409000000003
v 1.01969747 -0.22561889999999996 0.12482409000000003
v 1.03362804 -0.22561889999999996 0.12482409000000003
v 1.01969747 -0.22561889999999996 0.0016551700000000137
v 1.01969747 -0.22561889999999996 0.12482409000000003
v 1.01969747 -0.20149081 0.12482409000000003
v 1.01969747 -0.20149081 0.0016551700000000122
v 1.03362804 -0.22561889999999996 0.0016551700000000137
v 1.03362804 -0.20149081 0.0016551700000000122
v 1.03362804 -0.20149081 0.12482409000000003
v 1.03362804 -0.22561889999999996 0.12482409000000003
v 1.0269458599999999 -0.50646275 0.12482409000000003
v 1.01301529 -0.50646275 0.12482409000000003
v 1.01301529 -0.53059125 0.12482409000000003
v 1.0269458599999999 -0.53059125 0.12482409000000003
v 1.0269458599999999 -0.53059125 0.0016551700000000322
v 1.0269458599999999 -0.50646275 0.0016551700000000307
v 1.0269458599999999 -0.50646275 0.12482409000000003
v 1.0269458599999999 -0.53059125 0.12482409000000003
v 0.8915097399999999 -0.75359312 0.12482409000000005
v 0.87757917 -0.75359312 0.12482409000000005
v 0.87757917 -0.7777212099999999 0.12482409000000005
v 0.8915097399999999 -0.7777212099999999 0.12482409000000005
v 0.87757917 -0.7777212099999999 0.0016551700000000476
v 0.87757917 -0.7777212099999999 0.12482409000000005
v 0.87757917 -0.75359312 0.12482409000000005
v 0.87757917 -0.75359312 0.001655170000000046
v 0.8915097399999999 -0.7777212099999999 0.0016551700000000476
v 0.8915097399999999 -0.75359312 0.001655170000000046
v 0.8915097399999999 -0.75359312 0.12482409000000005
v 0.8915097399999999 -0.7777212099999999 0.12482409000000005
v 0.7030179799999999 0.65014807 0.10514121999999995
v 0.5252464899999999 0.56811568 0.10514121999999995
v 0.6821182299999999 0.22551558 0.10514121999999997
v 0.8632238400000001 0.31037779 0.10514121999999997
v 0.68698001 0.6403023299999999 0.05350130999999996
v 0.7030179799999999 0.65014807 0.10514121999999995
v 0.8632238400000001 0.31037779 0.10514121999999997
v 0.84091123 0.31420391 0.053501309999999976
v 0.6937753499999999 0.24490161 0.05350130999999998
v 0.84091123 0.31420391 0.053501309999999976
v 0.8632238400000001 0.31037779 0.10514121999999997
v 0.6821182299999999 0.22551558 0.10514121999999997
v 0.54318112 0.5738319 0.05350130999999996
v 0.6937753499999999 0.24490161 0.05350130999999998
v 0.6821182299999999 0.22551558 0.10514121999999997
v 0.5252464899999999 0.56811568 0.10514121999999995
v 0.68698001 0.6403023299999999 0.05350130999999996
v 0.54318112 0.5738319 0.05350130999999996
v 0.5252464899999999 0.56811568 0.10514121999999995
v 0.7030179799999999 0.65014807 0.10514121999999995
v 0.20410046 -0.82929552 0.00039114000000005074
v 0.1999283 -0.7852988299999999 -0.00022959999999995186
v 0.19634079999999998 -0.79393507 0.044630960000000046
v 0.20683884999999996 -0.8202201699999999 0.04589130000000005
v 0.07646459 -0.81328051 0.0004510000000000498
v 0.08262894 -0.85734239 0.0010742000000000525
v 0.08262648 -0.84782752 0.047247580000000046
v 0.07751214 -0.82081016 0.045967970000000045
v 0.08262648 -0.84782752 0.047247580000000046
v 0.08262894 -0.85734239 0.0010742000000000525
v 0.20410046 -0.82929552 0.00039114000000005074
v 0.20683884999999996 -0.8202201699999999 0.04589130000000005
v 0.07646459 -0.81328051 0.0004510000000000498
v 0.07751214 -0.82081016 0.045967970000000045
v 0.19634079999999998 -0.79393507 0.044630960000000046
v 0.1999283 -0.7852988299999999 -0.00022959999999995186
v 0.08227715999999999 -0.60209812 0.0007302100000000369
v 0.07976591 -0.64553598 0.0007347200000000395
v 0.08331445999999999 -0.6387185 0.04463096000000003
v 0.08016566 -0.6087393 0.04589130000000004
v 0.20614677 -0.6559196399999999 0.0014157300000000401
v 0.20788885999999998 -0.61221569 0.0014136800000000376
v 0.20721235999999996 -0.6196493999999999 0.04724758000000003
v 0.20498032 -0.64846666 0.04596797000000003
v 0.20721235999999996 -0.6196493999999999 0.04724758000000003
v 0.20788885999999998 -0.61221569 0.0014136800000000376
v 0.08227715999999999 -0.60209812 0.0007302100000000369
v 0.08016566 -0.6087393 0.04589130000000004
v 0.20614677 -0.6559196399999999 0.0014157300000000401
v 0.20498032 -0.64846666 0.04596797000000003
v 0.08331445999999999 -0.6387185 0.04463096000000003
v 0.07976591 -0.64553598 0.0007347200000000395
v -0.99529837 0.78680107 0.6123140899999999
v -0.9500548699999999 0.7138182 0.6147158699999999
v -0.91472107 0.7467223399999999 0.6135129299999998
v -0.9522290999999998 0.80299197 0.6109209099999999
v -1.03466657 0.18223762000000002 0.21485188999999996
v -0.88839907 0.18619289000000003 0.26168085999999996
v -0.8917676299999999 0.19326989999999997 0.0016551699999999882
v -1.0297847 0.18834088 0.0016551699999999884
v -0.9691949 -0.33952059 0.08445385000000002
v -0.97345726 -0.27838754 0.07621039
v -1.02160848 -0.26801331 0.08528369000000001
v -1.02407914 -0.33902531 0.12396473000000001
v -0.9725072899999999 -0.40744078 0.07979051000000002
v -0.9691949 -0.33952059 0.08445385000000002
v -1.0768047299999999 -0.40401728 0.09962713000000001
v -1.0369879899999999 -0.27839082 0.14844378
v -1.06980357 -0.27712760999999997 0.15053642
v -1.0784939299999998 -0.49625539 0.08708400000000004
v -0.9656914499999999 -0.47743351999999994 0.08117344000000003
v -0.9725072899999999 -0.40744078 0.07979051000000002
v -1.06720745 -0.5103188 0.15862859
v -0.9713359199999999 -0.48618127999999994 0.11742728000000001
v -0.9656914499999999 -0.47743351999999994 0.08117344000000003
v -1.0784939299999998 -0.49625539 0.08708400000000004
v -0.8611635899999999 -0.9193864599999999 0.08320253000000005
v -0.84298091 -0.9183118499999999 0.11824318000000003
v -0.7886669799999999 -0.8330281599999999 0.11843957000000004
v -0.79249474 -0.8164370999999999 0.08414348000000003
v -0.66195689 -0.8788755899999999 0.11985161000000004
v -0.68770325 -0.9682928999999999 0.11965194000000005
v -0.64077875 -0.9663191600000001 0.11865851000000005
v -0.63481489 -0.87339471 0.11866630000000004
v -0.52935428 -0.9601675199999999 0.0017523400000000586
v -0.5498661699999999 -0.8626994499999999 -0.00024107999999994716
v -0.63481489 -0.87339471 0.11866630000000004
v -0.64077875 -0.9663191600000001 0.11865851000000005
v 0.47708666 -0.97554908 0.12482286000000006
v 0.5053496000000001 -1.02567773 0.12505697000000005
v 0.57841898 -0.99219508 0.12809507000000006
v 0.54435618 -0.9436473899999999 0.12675355000000008
v 0.57841898 -0.99219508 0.12809507000000006
v 0.5858941 -0.9881537099999999 0.07855518000000004
v 0.55231182 -0.9350025399999999 0.08044692000000005
v 0.54435618 -0.9436473899999999 0.12675355000000008
v -0.22303958999999998 -0.51467546 0.007391890000000031
v -0.24140799999999998 -0.5115996399999999 0.010746100000000031
v -0.26897189 -0.68046101 0.01038530000000004
v -0.25060307 -0.6835364199999999 0.00703150000000004
v 0.11845187 0.71443074 0.27738836999999994
v 0.18825806 0.9075669799999999 0.27738836999999994
v 0.18825806 0.9075669799999999 0.11690452999999995
v 0.11845187 0.71443074 0.11690411999999994
v 0.18825806 0.9075669799999999 0.11690452999999995
v 0.18825806 0.9075669799999999 0.27738836999999994
v 0.51070871 0.7889133899999999 0.27738836999999994
v 0.51065582 0.7890080999999999 0.11690411999999994
v 0.44095376999999997 0.59591204 0.27870200999999994
v 0.11845187 0.71443074 0.27738836999999994
v 0.11845187 0.71443074 0.11690411999999994
v 0.44084922 0.59587227 0.11690411999999994
v 0.51065582 0.7890080999999999 0.11690411999999994
v 0.51070871 0.7889133899999999 0.27738836999999994
v 0.44095376999999997 0.59591204 0.27870200999999994
v 0.44084922 0.59587227 0.11690411999999994
v 0.7360812 0.24905286000000001 0.08963747999999998
v 0.7516915399999999 0.21275924999999998 0.08150184999999997
v 0.8367566999999999 0.25132097999999997 0.08150184999999997
v 0.8211459499999999 0.28761459 0.08963747999999996
v 0.7392943699999999 0.23528916 0.06122283999999999
v 0.75490471 0.19899555 0.05308720999999999
v 0.8399694600000001 0.23755728 0.05308720999999999
v 0.82435912 0.27385088999999996 0.06122283999999999
v 0.7459031599999999 0.22354388999999997 0.031722109999999984
v 0.7615135 0.18725028 0.02358647999999999
v 0.8465786599999999 0.22581200999999995 0.023586479999999986
v 0.8309679099999999 0.26210562 0.03172210999999998
v 0.8401445299999999 -0.09322662 0.0016551700000000055
v 0.87218685 -0.05755046999999999 0.07862446999999999
v 0.6952575 0.06392268999999999 0.07862446999999999
v 0.67995507 0.01315444 0.0016551699999999992
v 0.1603346 0.55408548 0.05593301999999996
v 0.16058510999999998 0.55423431 0.001655169999999966
v 0.29377156 0.46131395999999997 0.0016551699999999717
v 0.01689118 0.62447141 0.0016551699999999615
v 0.1603346 0.55408548 0.05593301999999996
v 0.1603346 0.55408548 0.05593301999999996
v 0.02322691 0.61350063 0.03904183999999996
v 0.30533437999999996 0.45886871999999995 0.04904296999999997
v 0.1603346 0.55408548 0.05593301999999996
v 0.31048848999999995 0.48353062999999996 0.06420148999999996
v 0.1669192 0.58829383 0.06151311999999996
v 0.03441171 0.6288616899999999 0.06255902999999996
v 0.32773267999999994 0.50622864 0.04794539999999997
v 0.054619379999999995 0.65443298 0.033783179999999954
v 0.03441171 0.6288616899999999 0.06255902999999996
v 0.1669192 0.58829383 0.06151311999999996
v 0.17178016 0.60104114 0.0016551699999999632
v 0.1669192 0.58829383 0.06151311999999996
v 0.32877612999999994 0.49006356999999995 0.00165516999999997
v 0.55445243 -0.17965872 0.07760234
v 0.55675089 -0.17187569 0.061554120000000004
v 0.46891208 -0.19566429999999999 0.02401165000000001
v 0.46304866999999994 -0.20781710999999997 0.04707087000000001
v 0.47452989999999995 -0.07080453999999999 0.017304460000000004
v 0.46641436 -0.17583300999999998 0.01916791000000001
v 0.47549667999999995 -0.17486623 0.00592163000000001
v 0.48436703 -0.07914188999999999 0.010306990000000004
v 0.15262004 -0.8301089599999999 0.11813986000000004
v 0.16216524999999998 -0.63090103 0.11603738000000004
v 0.12588639999999998 -0.63199491 0.11690863000000003
v 0.1325612 -0.8306981299999999 0.12114393000000004
v -0.77582783 0.15532973 0.0016551699999999903
v -0.7682809599999999 0.16663548 0.0016551699999999895
v -0.7869154599999999 0.21633075999999998 0.30207119
v -0.79454638 0.20527018999999996 0.30406092
v -0.73635016 0.57913935 0.0016551699999999643
v -0.73166099 0.58855582 0.0016551699999999639
v -0.70171582 0.5701090999999999 0.3874245799999999
v -0.7064054 0.5606926299999999 0.38490225999999994
v -0.43597021999999996 0.22333233 0.0016551699999999862
v -0.43872623999999993 0.23980407999999998 0.0016551699999999853
v -0.44544245 0.31050981000000005 0.38789403
v -0.44268602 0.29403806 0.38944752
v -0.16998231 -0.53246741 0.000005740000000032604
v -0.16726113999999997 -0.5159460499999999 -0.0010155699999999683
v -0.5278053 -0.45500857 0.06514490000000002
v -0.53105004 -0.47251434 0.06620926000000002
v -0.18510762 -0.62001635 0.000005740000000037965
v -0.18238644999999998 -0.60349499 -0.001015569999999963
v -0.54113276 -0.52973394 0.06514490000000003
v -0.5443775 -0.5472397099999999 0.06620926000000002
v -0.19882417 -0.7031602499999999 0.000005740000000043056
v -0.19586807 -0.6871846 -0.0010155699999999579
v -0.5546139699999999 -0.61342396 0.06484683000000004
v -0.55809405 -0.63038361 0.06591078000000003
v 0.17549926999999999 0.90939558 0.09496173999999993
v 0.47818874 0.79746476 0.09496173999999995
v 0.45901549999999997 0.7840421799999999 0.05002040999999995
v 0.17150258999999998 0.8904806399999999 0.05002040999999994
v 0.40390535 0.6317927799999999 0.05002040999999996
v 0.45901549999999997 0.7840421799999999 0.05002040999999995
v 0.47818874 0.79746476 0.09496173999999995
v 0.41016441000000003 0.6092599999999999 0.09496173999999996
v 0.41016441000000003 0.6092599999999999 0.09496173999999996
v 0.10747657999999999 0.72119451 0.09496173999999995
v 0.11639203 0.7382316499999999 0.05002040999999995
v 0.40390535 0.6317927799999999 0.05002040999999996
v 0.11639203 0.7382316499999999 0.05002040999999995
v 0.10747657999999999 0.72119451 0.09496173999999995
v 0.17549926999999999 0.90939558 0.09496173999999993
v 0.17150258999999998 0.8904806399999999 0.05002040999999994
v 0.43824489999999994 -0.7659193599999999 0.11572660000000004
v 0.28900612999999997 -0.60185335 0.11572660000000004
v 0.32981425 -0.61237354 0.06592595000000002
v 0.43174967999999997 -0.7244130099999999 0.06592595000000004
v 0.5978091099999999 -0.32098326 0.11572660000000003
v 0.74703886 -0.4850849399999999 0.11572660000000003
v 0.7032033 -0.47868689 0.06592595000000002
v 0.6001908 -0.36531082 0.06592595000000001
v 0.32981425 -0.61237354 0.06592595000000002
v 0.28900612999999997 -0.60185335 0.11572660000000004
v 0.5978091099999999 -0.32098326 0.11572660000000003
v 0.6001908 -0.36531082 0.06592595000000001
v 0.74703886 -0.4850849399999999 0.11572660000000003
v 0.43824489999999994 -0.7659193599999999 0.11572660000000004
v 0.43174967999999997 -0.7244130099999999 0.06592595000000004
v 0.7032033 -0.47868689 0.06592595000000002
v 0.82099671 0.69294059 0.0016551699999999576
v 0.81455315 0.68625472 0.0016551699999999578
v 0.8404938499999999 0.71697479 0.3026033699999999
v 0.84694643 0.72367624 0.3014807899999999
v 0.9173622899999999 0.54032629 0.0029675799999999667
v 0.9235700999999998 0.54928028 -0.0005895800000000336
v 0.9704490899999999 0.56659007 0.29385027999999996
v 0.96373452 0.5573769599999999 0.29581622999999996
v 0.9235700999999998 0.54928028 -0.0005895800000000336
v 0.9110860099999999 0.55144959 0.002844989999999966
v 0.95751318 0.56853019 0.2958502599999999
v 0.9704490899999999 0.56659007 0.29385027999999996
v 0.99163092 0.36626119999999995 0.0016551699999999773
v 0.9878769599999999 0.37763623999999996 0.0016551699999999767
v 1.02451415 0.37799375999999996 0.3016874299999999
v 1.0282594999999999 0.3666179 0.30172556
v -0.26128275 0.6922878699999999 0.5249578500000001
v -0.23932847999999998 0.7357154799999999 0.5243731899999999
v -0.36824847 0.8058139999999999 0.5384665299999999
v -0.39343845999999993 0.75094739 0.5404021399999999
v -0.36824847 0.8058139999999999 0.5384665299999999
v -0.49405163999999996 0.88603091 0.6103112399999999
v -0.51273411 0.82378922 0.6086864099999999
v -0.51456476 0.8890485099999998 0.6703975599999998
v -0.52950762 0.83833848 0.6687120499999999
v -0.58017993 0.8536364 0.7336318599999999
v -0.59555329 0.91613967 0.7312448399999999
v -0.3606975 0.80972007 0.24419271999999995
v -0.38206424 0.74629307 0.24421444999999994
v -0.39103176 0.75055379 0.36968264999999995
v -0.36817221 0.81399842 0.36962524999999996
v -0.42165343 0.76626663 0.45696549999999986
v -0.39412889999999995 0.82665512 0.45655426999999993
v -0.34886531 0.72888857 0.24423617999999991
v -0.3181846 0.79001793 0.24424355999999994
v -0.31888733999999996 0.7877153699999999 0.3693702299999999
v -0.34806253 0.7276548799999999 0.36943828999999995
v -0.29914133 0.77818861 0.4543443699999999
v -0.32681509999999997 0.7158780399999999 0.45473592
v 0.09732088 0.13177769 0.14674104999999998
v 0.12497496999999999 0.18393706999999998 -1.1262897201002132e-17
v 0.054652179999999995 0.18824699 -1.1526803687631189e-17
v 0.06505634 0.14764428 0.12433496000000001
v 0.00560716 0.14015234999999998 -8.581856341023977e-18
v 0.06505634 0.10888451999999998 0.12433496000000001
v 0.00946895 0.09242876 -5.659629254157945e-18
v 0.06645403 0.03702423 -2.26708023801977e-18
v 0.76305428 -0.50909167 0.34112697000000003
v 0.7974422099999999 -0.48899879999999996 0.33583510000000005
v 0.7570055499999999 -0.44453921999999996 0.40522022
v 0.72827029 -0.47064474 0.38209048
v 0.69846247 -0.38017003999999993 0.43135033999999994
v 0.66974156 -0.40629154999999995 0.40820133000000003
v 0.61121242 -0.34193835999999994 0.38209047999999995
v 0.6387763099999999 -0.31666021999999994 0.40520259
v 0.57434604 -0.3014033 0.34119174999999996
v 0.59878327 -0.27268402999999997 0.33534187
v -0.2629699 0.7612798 0.0016551699999999532
v -0.26125159 0.7557776 0.20485526999999995
v -0.12682775999999998 0.9505255499999999 0.18021754999999992
v -0.06659179 1.0182493499999998 0.0016551699999999376
v -0.06789723 1.0205055799999998 0.14376936999999992
v 0.11121168 1.0755279899999999 0.13576042999999993
v 0.10572137 1.0717826400000001 0.001655169999999934
v 0.16260640999999998 1.0879653399999998 0.03429485999999993
v 0.21300442999999997 1.08431429 0.0011438999999999336
v -0.76604113 0.63986773 0.49315660999999994
v -0.7749405899999999 0.5124918 0.49436693
v -0.7694486399999999 0.44703612 0.3657376299999999
v -0.76867497 0.6436704799999999 0.0016551699999999604
v -0.7689172799999999 0.38189573 0.30199574999999995
v -0.7768991599999999 0.37232633 0.001655169999999977
v -0.84191163 0.67568369 0.0016551699999999587
v -0.83812979 0.37390482999999997 0.001655169999999977
v -0.8355964 0.38677185999999997 0.29976534999999993
v -0.8248359500000001 0.66581376 0.49094424999999997
v -0.84145694 0.45845953999999994 0.3657179499999999
v -0.8300376199999999 0.50929708 0.48320509
v 0.38039348999999995 0.36872612 0.037115249999999975
v 0.39631460999999996 0.38191254 0.05707568999999997
v 0.42321798999999993 0.38553037999999995 0.04982237999999997
v 0.3872983 0.36140352 0.0016551699999999777
v 0.43207358 0.39000060999999997 0.001655169999999976
v 0.55277512 0.16827384 0.05641517999999998
v 0.52996395 0.14671604 0.06468528999999998
v 0.5007149599999999 0.15511612 0.04193725999999999
v 0.55830151 0.17199213 0.0016551699999999892
v 0.51426013 0.13822617 0.0016551699999999912
v 0.16652068 -0.57218698 0.04643619000000003
v 0.11755765999999998 -0.56675817 0.042240250000000035
v 0.10082556 -0.5737019299999999 0.08664858000000003
v 0.17898714 -0.57144365 0.08829801000000002
v 0.14398830999999998 -0.56196609 0.11754577000000004
v 0.24516277999999997 -0.5949362399999999 0.33554441000000007
v 0.24516277999999997 -0.5949362399999999 0.37071298
v 0.32894997 -0.51853233 0.36682618
v 0.41885272 -0.4367664399999999 0.32359742
v 0.35217851999999994 -0.49740626 0.39532733000000003
v 0.48474997 -0.3768334599999999 0.39532733000000003
v 0.5091441499999999 -0.35464671999999997 0.36682618
v 0.59196456 -0.2795216 0.33622008999999997
v 0.59196456 -0.2795216 0.36951742
v 0.43300796999999996 -0.80147456 0.33436935
v 0.43300796999999996 -0.80147456 0.36953792
v 0.51679557 -0.7250706499999999 0.36565071000000005
v 0.6066983199999999 -0.64330435 0.32242195
v 0.54002412 -0.70394417 0.39415227
v 0.67259516 -0.58337137 0.39415227
v 0.69698975 -0.56118463 0.36565071000000005
v 0.77981016 -0.4860599199999999 0.33504503
v 0.77981016 -0.4860599199999999 0.36834236000000004
v 0.56724279 -0.68021624 0.36634402000000005
v 0.64958719 -0.60532441 0.3637028
v 0.61801555 -0.57061094 0.3888768
v 0.53567115 -0.64550277 0.39151761
v 0.55947165 -0.5062413499999999 0.41557681999999996
v 0.47712724999999995 -0.5811331799999999 0.41684494999999994
v 0.50092898 -0.44187298999999997 0.39024948000000004
v 0.41858457999999993 -0.51676482 0.39024948000000004
v 0.38553571 -0.48042734000000004 0.36507589
v 0.46788052 -0.40553551 0.36507589
v -0.87382152 -0.42424955000000003 0.33820367000000007
v -0.8652410399999999 -0.43068163 0.33822417000000005
v -0.8311712699999999 -0.3854118899999999 0.38597564
v -0.83973494 -0.3789576699999999 0.38597523
v -0.7720058099999999 -0.30679684999999995 0.38597153999999995
v -0.78056948 -0.30034262999999994 0.38597194999999995
v -0.73977489 -0.26397071 0.33828444
v -0.7483389699999999 -0.25751730999999994 0.33828526
v -0.52491316 -0.6859997 0.33783303000000003
v -0.51633268 -0.6924317799999999 0.33785394
v -0.48226290999999993 -0.64716204 0.38560500000000003
v -0.49082658 -0.64070823 0.38560459
v -0.42309744999999993 -0.568547 0.3856009
v -0.43166111999999995 -0.56209319 0.38560131000000003
v -0.39086653 -0.52572086 0.33791421000000005
v -0.39943060999999996 -0.5192674599999999 0.33791462
v 0.7993462499999999 0.31751671000000004 0.38408307999999997
v 0.8668576699999999 0.34573496 0.30004538
v 0.75840652 0.2963111 0.29925202999999995
v 0.71283666 0.27395052000000003 0.38926383999999997
v 0.65016857 0.24642557999999998 0.30155909999999997
v 0.72489476 0.24779990000000002 0.38926383999999997
v 0.66243577 0.21981124999999996 0.30155828
v 0.7708906099999999 0.26923674999999997 0.29925202999999995
v 0.81140435 0.29136609 0.38408267
v 0.87912856 0.31912227 0.30004579
v 0.65016857 0.24642557999999998 0.30155909999999997
v 0.66243577 0.21981124999999996 0.30155828
v 0.72489476 0.24779990000000002 0.38926383999999997
v 0.71283666 0.27395052000000003 0.38926383999999997
v 0.81140435 0.29136609 0.38408267
v 0.7993462499999999 0.31751671000000004 0.38408307999999997
v 0.8668576699999999 0.34573496 0.30004538
v 0.87912856 0.31912227 0.30004579
v 0.6577986699999999 0.63186289 0.37842056999999996
v 0.72180828 0.66158625 0.29859520999999994
v 0.61335672 0.61216239 0.2992520299999999
v 0.5672309 0.59144468 0.3810109499999999
v 0.5051191799999999 0.5622768699999999 0.30010892999999994
v 0.57929105 0.5652948799999999 0.3810109499999999
v 0.51738597 0.53566254 0.30010810999999993
v 0.6258408099999999 0.5850880399999999 0.2992520299999999
v 0.66985841 0.6057134999999999 0.37842056999999996
v 0.7340787599999999 0.6349735599999999 0.29859520999999994
v 0.23494189 0.8969369099999999 0.26172062999999995
v 0.15231909999999999 0.92684969 0.28748256999999994
v 0.20839931 0.9065464899999999 0.3215474199999999
v 0.26173579999999996 0.8872367199999999 0.27722026999999994
v 0.47683245999999996 0.8093633699999999 0.3215355299999999
v 0.4213200999999999 0.82946075 0.2772194499999999
v 0.44903856 0.8194255899999999 0.26171939999999994
v 0.52743056 0.79104498 0.2874743699999999
v 0.15231909999999999 0.92684969 0.28748256999999994
v 0.14913668 0.9180449399999999 0.28748256999999994
v 0.20521811999999998 0.89774133 0.3215474199999999
v 0.20839931 0.9065464899999999 0.3215474199999999
v 0.47364757999999996 0.80055944 0.3215355299999999
v 0.47683245999999996 0.8093633699999999 0.3215355299999999
v 0.52424814 0.7822402299999999 0.2874743699999999
v 0.52743056 0.79104498 0.2874743699999999
v 0.16404182 0.7007748699999999 0.26172062999999995
v 0.08141903 0.7306876499999999 0.28748256999999994
v 0.13749924 0.71038445 0.3215474199999999
v 0.19083572999999998 0.6910742699999999 0.27722026999999994
v 0.40593239 0.61320133 0.3215355299999999
v 0.35042003 0.63329871 0.2772194499999999
v 0.37813849 0.6232635499999999 0.26171939999999994
v 0.45653048999999996 0.59488294 0.2874743699999999
v 0.08141903 0.7306876499999999 0.28748256999999994
v 0.07823661 0.7218829 0.28748256999999994
v 0.13431805 0.70157929 0.3215474199999999
v 0.13749924 0.71038445 0.3215474199999999
v 0.40274751 0.6043974 0.3215355299999999
v 0.40593239 0.61320133 0.3215355299999999
v 0.45653048999999996 0.59488294 0.2874743699999999
v 0.45334806999999994 0.5860781899999999 0.2874743699999999
v 0.5009027399999999 1.10367654 0.0014481199999999324
v 0.49989659999999997 1.04245001 -0.001427210000000064
v 0.56540558 1.03416063 0.04642839999999993
v 0.57698726 1.09830472 0.04646078999999993
v 0.6219863999999999 1.0216744899999999 0.05643895999999994
v 0.631605 1.100071 0.05324218999999993
v 0.64918785 1.08806333 0.07518948999999993
v 0.6407603 1.0328752799999998 0.08048217999999993
v 0.7619357999999999 0.9954881999999999 0.08044732999999994
v 0.7869068499999999 1.05318791 0.07855517999999992
v 0.56540558 1.03416063 0.04642839999999993
v 0.49989659999999997 1.04245001 -0.001427210000000064
v 0.6005491399999999 1.02389833 0.0016551699999999372
v 0.6219863999999999 1.0216744899999999 0.05643895999999994
v 0.7915521499999999 0.96881975 0.0016551699999999404
v 0.7619357999999999 0.9954881999999999 0.08044732999999994
v 0.6407603 1.0328752799999998 0.08048217999999993
v 0.84356721 0.9408323299999999 0.08024765999999994
v 0.7735609399999999 0.9937899800000001 0.12675354999999994
v 0.8378313099999999 0.95621061 0.12482326999999993
v 0.9136706499999999 0.8856270599999999 0.07904061999999994
v 0.95777394 0.78911511 0.0016551699999999515
v 0.98619432 0.77133915 0.12329970999999995
v 0.9335691799999999 0.86141123 0.14276896999999994
v 0.9796855699999999 0.78093971 0.15610216999999993
v 0.99807653 0.72904642 0.11607796999999995
v 0.99963453 0.7194466799999999 0.08611065999999995
v 1.0227667299999998 0.62866079 0.045350099999999956
v 1.0352040799999997 0.63829169 0.07475119999999996
v 1.02419353 0.63170012 0.001655169999999961
v -0.82226935 0.611351 0.13132668999999994
v -0.8204838 0.22858565999999997 0.13132668999999997
v -0.6013408499999999 0.09144435000000001 0.13132669
v -0.55797597 0.8506528299999999 0.13132668999999994
v -0.26774311999999995 0.69206483 0.13132668999999994
v -0.6545412199999999 0.9627529799999999 0.7710205799999998
v -0.6241475099999999 0.84841177 0.7357162999999999
v -0.57835748 0.8515999299999999 0.7382119699999998
v -0.6189622399999999 0.8394983699999999 0.5055234399999999
v -0.57525788 0.8458833 0.5068936599999999
v -0.64654335 0.69749774 0.50619502
v -0.65623862 0.6999532300000001 0.7545779399999999
v -0.68743511 0.67331307 0.73642642
v -0.6774401299999999 0.67163043 0.50700395
v -0.76897058 0.65237068 0.6161234
v -0.75841595 0.6440845799999999 0.5067337599999999
v -0.8439808999999999 0.64502553 0.50692359
v -0.8403089399999999 0.6522251299999999 0.6164411499999999
v -0.9198579599999999 0.6831649599999999 0.5069756599999999
v -0.91625898 0.6918274400000001 0.79959348
v -0.9500548699999999 0.7138182 0.6147158699999999
v -1.00615681 0.8281655599999999 0.5069088299999999
v -0.9515919599999999 0.7176873699999999 0.7290218199999999
v -0.99529837 0.78680107 0.6123140899999999
v -0.9952438399999999 0.81408452 0.8089222099999999
v -0.9901327799999999 0.78565348 0.7322485199999998
v -0.98341698 0.9522331999999999 0.7393427499999998
v -0.97431539 0.9892693199999999 0.5070855399999998
v -0.90482244 1.04132497 0.7104328299999999
v -0.82313855 1.07609461 0.50687562
v -0.8424151099999999 1.06060932 0.7989227199999999
v -0.7878916699999999 1.0707961799999999 0.8139315899999998
v -0.78441938 1.07028532 0.7763833799999998
v -0.77820378 1.0714169199999999 0.6821977699999998
v -0.6913604499999999 1.0514236799999999 0.6118065099999999
v -0.70773954 1.0589106899999998 0.6731970399999999
v -0.6684791699999999 1.04172062 0.5073483499999999
v -0.6493662 1.01921654 0.6112316899999999
v -0.57525788 0.8458833 0.5068936599999999
v -0.57835748 0.8515999299999999 0.7382119699999998
v -0.62589944 0.9935739099999998 0.7705027499999999
v -0.76604113 0.63986773 0.49315660999999994
v -0.8248359500000001 0.66581376 0.49094424999999997
v -0.8300376199999999 0.50929708 0.48320509
v -0.7749405899999999 0.5124918 0.49436693
v -0.84145694 0.45845953999999994 0.3657179499999999
v -0.7694486399999999 0.44703612 0.3657376299999999
v -0.8355964 0.38677185999999997 0.29976534999999993
v -0.7689172799999999 0.38189573 0.30199574999999995
v -0.7768991599999999 0.37232633 0.001655169999999977
v -0.83812979 0.37390482999999997 0.001655169999999977
v -0.96828716 -0.27212315 0.0016551700000000166
v -0.97345726 -0.27838754 0.07621039
v -0.9691949 -0.33952059 0.08445385000000002
v -0.9449909599999999 -0.52389431 0.0016551700000000317
v -0.9725072899999999 -0.40744078 0.07979051000000002
v -0.9656914499999999 -0.47743351999999994 0.08117344000000003
v -0.9713359199999999 -0.48618127999999994 0.11742728000000001
v -0.88427652 -0.7290497 0.10159718000000004
v -0.8652599000000001 -0.73421242 0.0016551700000000445
v -0.82905321 -0.79234304 0.08562768000000004
v -0.8611586699999999 -0.7574868899999999 0.12041167000000003
v -0.7268057699999999 -0.83083917 0.0016551700000000506
v -0.79249474 -0.8164370999999999 0.08414348000000003
v -0.7886669799999999 -0.8330281599999999 0.11843957000000004
v -0.7180698999999999 -0.8564727799999999 0.09385351000000006
v -0.67060256 -0.86264779 0.08445836000000005
v -0.5498661699999999 -0.8626994499999999 -0.00024107999999994716
v -0.66195689 -0.8788755899999999 0.11985161000000004
v -0.63481489 -0.87339471 0.11866630000000004
v 0.29377156 0.46131395999999997 0.0016551699999999717
v 0.32877612999999994 0.49006356999999995 0.00165516999999997
v 0.32773267999999994 0.50622864 0.04794539999999997
v 0.30533437999999996 0.45886871999999995 0.04904296999999997
v 0.31048848999999995 0.48353062999999996 0.06420148999999996
v 0.02322691 0.61350063 0.03904183999999996
v 0.03441171 0.6288616899999999 0.06255902999999996
v 0.054619379999999995 0.65443298 0.033783179999999954
v 0.01689118 0.62447141 0.0016551699999999615
v 0.03576799 0.6577929299999999 0.0016551699999999595
v 0.30947045999999995 -0.31326624 0.007118010000000018
v 0.32349205 -0.34258657 0.002868770000000021
v 0.33946442 -0.34528437 0.04794499000000002
v 0.29502247 -0.31019041999999997 0.040244780000000015
v 0.32133462999999995 -0.32328704999999996 0.06420149000000003
v 0.51417157 -0.0717582 0.03224896000000001
v 0.5318913599999999 -0.09053169 0.06255903
v 0.54644431 -0.11351997999999999 0.03378318
v 0.5318692199999999 -0.08127061 0.013140090000000005
v 0.55404489 -0.09594451 0.020833330000000004
v 0.21678217 1.0319761499999998 0.0017929299999999366
v 0.21300442999999997 1.08431429 0.0011438999999999336
v 0.16260640999999998 1.0879653399999998 0.03429485999999993
v 0.16877034999999999 1.02313532 0.03404803999999994
v 0.11121168 1.0755279899999999 0.13576042999999993
v 0.11805949999999998 1.0229622999999999 0.13542053999999992
v -0.06789723 1.0205055799999998 0.14376936999999992
v -0.03438014 0.9727077799999999 0.13776983999999992
v -0.12682775999999998 0.9505255499999999 0.18021754999999992
v -0.08516765999999999 0.91091627 0.18185139999999994
v -0.22509615 0.73397298 0.20418450999999993
v -0.26125159 0.7557776 0.20485526999999995
v 0.21678217 1.0319761499999998 0.0017929299999999366
v 0.16877034999999999 1.02313532 0.03404803999999994
v 0.11980773999999998 1.01392836 0.0016551699999999376
v 0.11805949999999998 1.0229622999999999 0.13542053999999992
v -0.028518369999999994 0.9673445699999998 0.0016551699999999404
v -0.03438014 0.9727077799999999 0.13776983999999992
v -0.08516765999999999 0.91091627 0.18185139999999994
v -0.21480924999999998 0.7315465999999999 0.001655169999999955
v -0.22509615 0.73397298 0.20418450999999993
v -0.49165887999999996 -0.6913596299999999 0.03542523000000004
v -0.52009648 -0.68602225 0.0016551700000000417
v -0.5170095899999999 -0.6691446 0.0016551700000000406
v -0.48857239999999996 -0.6744815699999999 0.035502720000000036
v -0.49672402 -0.6906441799999999 0.07868269000000004
v -0.49363713000000004 -0.6737661199999999 0.07875977000000003
v -0.5360007899999999 -0.68357209 0.09613803000000004
v -0.53291349 -0.6666940299999999 0.09621552000000004
v -0.57490569 -0.67639668 0.07791025000000004
v -0.5718188 -0.6595186199999999 0.07798733000000004
v -0.5790692399999999 -0.67543031 0.03456177000000003
v -0.5759819399999999 -0.6585526599999999 0.03463885000000004
v -0.54995924 -0.68058032 0.0016551700000000415
v -0.54687235 -0.6637026699999999 0.0016551700000000404
v -0.44758388 -0.44141952999999995 0.03542523000000002
v -0.47602147999999994 -0.43608255999999995 0.0016551700000000265
v -0.47293459 -0.41920491 0.0016551700000000254
v -0.44449699 -0.42454188 0.03550272000000003
v -0.45264860999999995 -0.44070408 0.07868269000000001
v -0.44956172 -0.42382643 0.07875977000000002
v -0.49192496999999996 -0.43363198999999997 0.09613844000000002
v -0.48883848999999996 -0.41675434 0.09621552000000001
v -0.53083028 -0.42645658 0.07791025000000001
v -0.52774339 -0.40957892999999995 0.07798733000000002
v -0.53499383 -0.42549062 0.034561770000000026
v -0.5319069399999999 -0.40861255999999996 0.03463885000000002
v -0.50588424 -0.43064062999999997 0.001655170000000026
v -0.5027973499999999 -0.41376257 0.001655170000000025
v 0.13160631 0.69404636 0.025125209999999957
v 0.15586477999999998 0.69556623 0.0016551699999999571
v 0.15669298 0.6825737399999999 0.0016551699999999578
v 0.13243450999999998 0.68105428 0.025162929999999955
v 0.13481866 0.6943452499999999 0.060514359999999955
v 0.13564685999999998 0.68135276 0.06055207999999996
v 0.16691346 0.69647971 0.07561998999999994
v 0.16774166 0.68348722 0.07565770999999995
v 0.19950681999999997 0.6985735799999999 0.06161684999999995
v 0.20033501999999997 0.6855815 0.061654979999999956
v 0.2039299 0.6987740699999999 0.02635766999999995
v 0.2047581 0.68578199 0.026395799999999962
v 0.18057342999999998 0.6971812199999999 0.0016551699999999571
v 0.18140162999999998 0.68418914 0.0016551699999999578
v 0.33692324 0.6245427499999999 0.03521489999999996
v 0.36583972 0.61391719 0.0016551699999999621
v 0.36141541 0.60172215 0.0016551699999999628
v 0.33249893 0.61234771 0.03535675999999995
v 0.34176534 0.62320533 0.08088602999999996
v 0.33734103 0.61101029 0.08102788999999996
v 0.38131107 0.6092358099999999 0.09964967999999995
v 0.37688676 0.5970403599999999 0.09979153999999996
v 0.42070633 0.5949961 0.08077245999999995
v 0.41628160999999997 0.5828010599999999 0.08091472999999996
v 0.42518188999999995 0.59300432 0.03508820999999997
v 0.42075757999999996 0.58080928 0.03523006999999997
v 0.39599235 0.60314239 0.0016551699999999628
v 0.39156803999999995 0.5909469399999999 0.0016551699999999636
v 0.41868462 0.8508287199999999 0.03408739999999995
v 0.44760068999999997 0.84020275 0.0016551699999999483
v 0.44317638 0.8280077100000001 0.001655169999999949
v 0.41425989999999996 0.8386332699999999 0.03422966999999995
v 0.42352630999999996 0.8494908899999999 0.07975852999999994
v 0.41910159 0.83729585 0.07990079999999994
v 0.46307162999999996 0.8355213699999998 0.09852217999999996
v 0.4586477299999999 0.82332592 0.09866444999999995
v 0.50246689 0.82128207 0.07964536999999995
v 0.49804258 0.80908703 0.07978722999999995
v 0.50694286 0.8192898799999999 0.03396070999999995
v 0.5025185499999999 0.80709484 0.03410297999999995
v 0.4777533199999999 0.8294279499999999 0.001655169999999949
v 0.4733286 0.81723291 0.0016551699999999498
v 0.11618006 0.9333026799999999 0.025125209999999943
v 0.14043852999999998 0.9348221399999999 0.0016551699999999426
v 0.14126714 0.9218300599999999 0.0016551699999999433
v 0.11700825999999998 0.9203101899999999 0.02516292999999994
v 0.11939282 0.9336011599999999 0.06051435999999994
v 0.12022101999999998 0.92060908 0.060552079999999946
v 0.15148762 0.9357360299999999 0.07561998999999993
v 0.15231541 0.9227435399999999 0.07565770999999993
v 0.18408097999999998 0.9378298999999999 0.06161684999999994
v 0.18490876999999997 0.9248378199999999 0.06165497999999994
v 0.18850364999999997 0.93803039 0.02635807999999994
v 0.18933185 0.9250383099999999 0.026395799999999945
v 0.16514759 0.9364375399999999 0.0016551699999999426
v 0.16597538 0.9234454599999999 0.0016551699999999433
v 0.6568253299999999 0.20893025999999998 0.041228779999999986
v 0.64202679 0.24136535999999997 0.001655169999999985
v 0.65655104 0.24798972999999996 0.0016551699999999845
v 0.6713495799999999 0.21555462999999997 0.04132389999999999
v 0.6540155999999999 0.21457021999999998 0.09453041999999998
v 0.66854026 0.22119458999999997 0.09462553999999998
v 0.63335529 0.25919462 0.11603901999999996
v 0.64787995 0.26581899 0.11613413999999997
v 0.61301601 0.30349553 0.09357839999999996
v 0.62754108 0.3101199 0.09367351999999997
v 0.6109865099999999 0.30835156999999996 0.04016441999999998
v 0.6255111699999999 0.31497593999999995 0.04025953999999998
v 0.6263664299999999 0.27533181 0.0016551699999999832
v 0.6408910899999999 0.28195618 0.0016551699999999823
v 0.87106509 0.30687475 0.04122877999999998
v 0.8562665500000001 0.33930984999999997 0.0016551699999999793
v 0.8707912099999999 0.34593421999999996 0.0016551699999999784
v 0.8855897500000001 0.31349911999999996 0.04132389999999998
v 0.8682553599999999 0.31251471 0.09453041999999996
v 0.8827796099999999 0.31913907999999996 0.09462553999999997
v 0.8475954599999999 0.35713911 0.11603901999999996
v 0.8621197099999999 0.36376348 0.11613413999999997
v 0.82725618 0.40144002 0.09357839999999996
v 0.8417804299999999 0.40806439 0.09367351999999997
v 0.8252262699999999 0.40629605999999996 0.04016441999999997
v 0.8397509299999999 0.41292042999999995 0.040259539999999976
v 0.8406061899999999 0.37327629999999995 0.001655169999999977
v 0.8551308499999999 0.37990067 0.0016551699999999767
v 0.48278975999999996 -0.42471161999999996 0.034297730000000026
v 0.49488967999999994 -0.39658767 0.001655170000000024
v 0.51042294 -0.40320834999999994 0.0016551700000000244
v 0.49832342999999996 -0.43133270999999995 0.034379320000000026
v 0.48471799 -0.41965467999999995 0.08007095000000002
v 0.50025166 -0.42627577 0.08015254000000002
v 0.50114054 -0.38074978 0.09854186000000002
v 0.51667462 -0.38737087 0.09862345000000002
v 0.5175729299999999 -0.3422475 0.07925341000000002
v 0.53310619 -0.34886859 0.07933500000000002
v 0.51952248 -0.33816799999999997 0.03338384000000002
v 0.5350557399999999 -0.34478868 0.03346543000000002
v 0.50743896 -0.36702051999999996 0.0016551700000000222
v 0.52297263 -0.37364161 0.0016551700000000226
v 0.73481102 -0.53009966 0.03429773000000003
v 0.74691053 -0.5019752999999999 0.0016551700000000304
v 0.7624442 -0.50859639 0.001655170000000031
v 0.7503446899999999 -0.53672075 0.03437932000000003
v 0.7367388399999999 -0.52504272 0.08007095000000003
v 0.75227251 -0.5316634 0.08015254000000004
v 0.7531618 -0.48613782 0.09854186000000004
v 0.7686950599999999 -0.4927585 0.09862345000000003
v 0.7695933699999999 -0.44763553999999994 0.07925341000000002
v 0.78512704 -0.45425622 0.07933500000000002
v 0.77154333 -0.44355563000000003 0.033383840000000026
v 0.7870769999999999 -0.45017672000000003 0.033465430000000025
v 0.75945981 -0.4724085599999999 0.0016551700000000287
v 0.77499348 -0.47902923999999997 0.001655170000000029
v 0.13407861 0.11100585999999998 -6.79714855677996e-18
v 0.09732088 0.11414481999999998 0.14674104999999998
v 0.12721111 0.055971969999999996 -3.4272946951235838e-18
v 0.09732088 0.13177769 0.14674104999999998
v 0.16596964 0.17627211999999998 -1.0793554376845907e-17
v -0.9199428299999999 0.68479553 0.50895801
v -0.75831427 0.64560896 0.50896211
v -0.67866562 0.67471404 0.50902935
v -0.59045945 0.76917845 0.5089998299999998
v -1.00652417 0.8267920599999999 0.5089580099999998
v -0.57715003 0.8938135299999999 0.5092794499999999
v -0.9677758899999999 0.98873058 0.5099202799999999
v -0.8254468500000001 1.07486051 0.5099596399999998
v -0.66371333 1.0358190799999998 0.5089600599999998
v 0.39360205 -0.7750525199999999 0.40522022
v 0.43403829999999993 -0.81951292 0.33583510000000005
v 0.4572935 -0.7871794999999999 0.34438401
v 0.42230902 -0.74891543 0.38207285
v 0.33505896999999996 -0.71068375 0.43135033999999994
v 0.36377987999999994 -0.6845618299999999 0.4081837
v 0.27747898 -0.645258 0.40520259000000003
v 0.30525114999999997 -0.62020864 0.38207285
v 0.26838436 -0.5796735799999999 0.34444838000000005
v 0.23748307000000002 -0.60128509 0.33534187000000004
v 0.24512957 -0.59423186 0.33515327000000006
v -0.6415228999999999 -0.30892926 0.03255031000000002
v -0.6650126199999999 -0.29100119 0.0015510300000000177
v -0.65635875 -0.27963517 0.001551030000000017
v -0.6328690299999999 -0.29756364999999996 0.032626570000000014
v -0.64401488 -0.30726055999999996 0.07137444000000001
v -0.6353610099999999 -0.29589454 0.07145111000000003
v -0.6772662899999999 -0.28218331999999996 0.09427622000000002
v -0.6686128299999999 -0.2708173 0.09435289000000001
v -0.70988835 -0.25741235 0.07202839000000001
v -0.7012348899999999 -0.24604632999999998 0.07210465
v -0.71293834 -0.25489823 0.03274588000000001
v -0.7042844699999999 -0.24353220999999997 0.032822140000000014
v -0.6894108999999999 -0.27254175999999997 0.0015510300000000166
v -0.68075703 -0.26117615 0.001551030000000016
v -0.7091938099999999 -0.25707943 0.03473397000000002
v -0.67691861 -0.28135839999999995 0.002439910000000017
v -0.66848204 -0.27106739999999996 0.0025399500000000165
v -0.70075683 -0.24678842999999998 0.03483360000000001
v -0.70096511 -0.26348977999999995 0.07612757
v -0.6925281299999999 -0.25319878 0.07622761
v -0.79662344 -0.5159792599999999 0.032550310000000034
v -0.8201131599999999 -0.4980511899999999 0.0015510300000000305
v -0.8114592899999999 -0.48668516999999994 0.0015510300000000298
v -0.78796957 -0.50461324 0.03262657000000002
v -0.79911501 -0.51431056 0.07137444000000003
v -0.79046155 -0.50294454 0.07145111000000004
v -0.8323668299999999 -0.48923331999999997 0.09427622000000004
v -0.8237133699999999 -0.47786729999999994 0.09435289000000002
v -0.86498889 -0.4644619399999999 0.07202839000000003
v -0.85633543 -0.45309633 0.07210465000000002
v -0.86803888 -0.46194822999999996 0.032745880000000026
v -0.85938501 -0.45058221 0.03282214000000003
v -0.84451144 -0.47959176000000003 0.0015510300000000292
v -0.8358575699999999 -0.46822614999999995 0.0015510300000000285
v -0.86429435 -0.46411753999999994 0.03393529000000003
v -0.8320191499999999 -0.48839691999999996 0.0016412300000000295
v -0.82358258 -0.47810591999999996 0.0017412700000000291
v -0.8558577799999999 -0.45382654 0.03403533000000003
v -0.85606565 -0.47052829999999995 0.07532930000000003
v -0.8476290799999998 -0.46023729999999996 0.07542893000000002
v 0.69184302 0.70016397 0.027999309999999954
v 0.7076005499999999 0.68111168 0.0020622999999999584
v 0.69509514 0.6700523399999999 0.002062299999999959
v 0.67933761 0.68910463 0.028063269999999956
v 0.69355846 0.69833291 0.06048360999999996
v 0.68105346 0.68727357 0.06054797999999995
v 0.7159219099999999 0.6716087 0.07964577999999994
v 0.7034164999999999 0.66054936 0.07970973999999995
v 0.7378298499999999 0.64525267 0.06103095999999996
v 0.72532444 0.63419374 0.06109491999999996
v 0.73984049 0.64262744 0.02816289999999996
v 0.7273350799999999 0.6315681 0.02822685999999996
v 0.7239984999999999 0.6614550499999999 0.0020622999999999592
v 0.7114930899999999 0.65039571 0.00206229999999996
v 0.7377400599999999 0.6448127399999999 0.02915837999999996
v 0.7160219499999999 0.67070219 0.0021377399999999588
v 0.7038966099999999 0.66047802 0.0022213799999999595
v 0.7256147199999999 0.6345885699999999 0.029242019999999955
v 0.73224442 0.65159332 0.06379271999999996
v 0.72011949 0.64136874 0.06387635999999995
v 0.51807354 0.55274232 0.03156097999999997
v 0.53426977 0.5340614899999999 0.005623969999999967
v 0.5220251199999999 0.52271433 0.005623969999999968
v 0.50582889 0.54139516 0.03162493999999996
v 0.51983121 0.55095144 0.06404527999999997
v 0.50758656 0.5396042799999999 0.06410923999999997
v 0.54280966 0.52475449 0.08320744999999996
v 0.5305650099999999 0.5134073299999999 0.08327140999999996
v 0.5653244 0.49891505999999997 0.06459221999999995
v 0.55307975 0.48756831 0.06465617999999997
v 0.5673957199999999 0.4963369799999999 0.03172456999999997
v 0.55515107 0.48499022999999997 0.031788529999999975
v 0.55111995 0.51479108 0.005623969999999969
v 0.5388753 0.50344433 0.0056239699999999695
v 0.56524199 0.49846652 0.03272004999999997
v 0.5429281499999999 0.5238438799999999 0.005699409999999968
v 0.53104389 0.5133405 0.005783049999999968
v 0.5533581399999999 0.48796313999999996 0.03280368999999997
v 0.5595905499999999 0.5051171299999999 0.06735397999999997
v 0.5477062899999999 0.49461374999999996 0.06743761999999996
v 0.35240771 -0.52810214 0.041556780000000036
v 0.32411361 -0.55352255 0.0016551700000000337
v 0.31180869 -0.5398584799999999 0.0016551700000000328
v 0.34010279 -0.51443848 0.04165518000000003
v 0.34970089 -0.5308548799999999 0.09153086000000003
v 0.33739597 -0.51719081 0.09162926000000002
v 0.31003010999999997 -0.5669111 0.12100986000000005
v 0.29772477999999997 -0.5532474399999999 0.12110826000000001
v 0.27089683999999997 -0.6022449 0.09237259000000003
v 0.25859150999999997 -0.58858124 0.09247099000000003
v 0.26698749 -0.6055007099999999 0.041808520000000036
v 0.25468257 -0.59183705 0.04190692000000003
v 0.29493062999999997 -0.57996509 0.0016551700000000354
v 0.28262571 -0.5663010199999999 0.0016551700000000348
v 0.27081443 -0.6018611399999999 0.04333987000000003
v 0.3092425 -0.5668487799999999 0.0017716100000000348
v 0.29824507 -0.55371648 0.0018999400000000337
v 0.25981659 -0.5887288399999999 0.04346861000000003
v 0.28089059 -0.5929871 0.09662142000000003
v 0.26989275 -0.57985521 0.09674975000000002
v 0.19049543 0.0477978 0.03463433999999999
v 0.18520028 0.04871989 0.001655169999999997
v 0.12530255999999998 0.01075307 0.0016551699999999992
v 0.13064281 0.0005576000000000016 0.026813589999999998
v 0.21859109 0.025712330000000002 0.0016551699999999983
v 0.15764622999999997 -0.016609509999999997 0.001655170000000001
v 0.53573101 -0.7281481099999999 0.04155678000000004
v 0.50743732 -0.75356852 0.001655170000000046
v 0.4951319899999999 -0.7399044499999999 0.001655170000000045
v 0.52342609 -0.7144844499999999 0.04165518000000004
v 0.5330246 -0.7309008499999999 0.09153086000000003
v 0.52071927 -0.7172367799999999 0.09162926000000003
v 0.49335340999999994 -0.76695748 0.12100986000000005
v 0.48104849 -0.7532934099999999 0.12110826000000004
v 0.45422013999999994 -0.80229087 0.09237259000000005
v 0.44191521999999994 -0.7886272099999999 0.09247099000000003
v 0.45031119999999997 -0.80554668 0.04180852000000004
v 0.4380058699999999 -0.79188302 0.04190692000000005
v 0.47825434 -0.78001065 0.0016551700000000476
v 0.46594900999999994 -0.76634699 0.0016551700000000467
v 0.45413772999999996 -0.8019071099999999 0.043339870000000044
v 0.49256579999999994 -0.76689475 0.001771610000000047
v 0.48156837 -0.75376245 0.001899940000000046
v 0.44314029999999993 -0.7887748099999999 0.043468610000000046
v 0.46421388999999996 -0.7930330699999999 0.09662142000000004
v 0.45321646000000004 -0.77990118 0.09674975000000004
v 0.10553318 -0.87860335 0.08667851000000004
v 0.11647320999999998 -0.88627732 0.054381170000000055
v 0.16160027 -0.87965582 0.04420292000000005
v 0.18498953999999998 -0.88742081 0.09081951000000006
v 0.14527038 -0.88284972 0.12021118000000004
v 0.33659524 -0.52693815 0.36682618
v 0.25260878999999997 -0.60312353 0.37071298
v 0.25260878999999997 -0.60312353 0.33554441000000007
v 0.42649798999999994 -0.44517185 0.32359742
v 0.35982379 -0.5058116699999999 0.39532733000000003
v 0.49239482999999995 -0.3852392799999999 0.39532733000000003
v 0.5167894199999999 -0.36305254 0.36682618
v 0.59941057 -0.28770889 0.36951742
v 0.59941057 -0.28770889 0.33622008999999997
v 0.5167894199999999 -0.36305254 0.36682618
v 0.59941057 -0.28770889 0.36951742
v 0.59196456 -0.2795216 0.36951742
v 0.5091441499999999 -0.35464671999999997 0.36682618
v 0.49239482999999995 -0.3852392799999999 0.39532733000000003
v 0.48474997 -0.3768334599999999 0.39532733000000003
v 0.35217851999999994 -0.49740626 0.39532733000000003
v 0.35982379 -0.5058116699999999 0.39532733000000003
v 0.33659524 -0.52693815 0.36682618
v 0.32894997 -0.51853233 0.36682618
v 0.25260878999999997 -0.60312353 0.37071298
v 0.24516277999999997 -0.5949362399999999 0.37071298
v 0.52444043 -0.7334764699999999 0.36565071000000005
v 0.44045439 -0.80966144 0.36953792
v 0.44045439 -0.80966144 0.33436935
v 0.6143431799999999 -0.65171017 0.32242195
v 0.54766898 -0.71234999 0.39415227
v 0.68024002 -0.59177719 0.39415227
v 0.7046346099999999 -0.56959045 0.36565071000000005
v 0.7872561699999999 -0.49424680000000004 0.36834236000000004
v 0.7872561699999999 -0.49424680000000004 0.33504503
v 0.7046346099999999 -0.56959045 0.36565071000000005
v 0.7872561699999999 -0.49424680000000004 0.36834236000000004
v 0.77981016 -0.4860599199999999 0.36834236000000004
v 0.69698975 -0.56118463 0.36565071000000005
v 0.68024002 -0.59177719 0.39415227
v 0.67259516 -0.58337137 0.39415227
v 0.54002412 -0.70394417 0.39415227
v 0.54766898 -0.71234999 0.39415227
v 0.52444043 -0.7334764699999999 0.36565071000000005
v 0.51679557 -0.7250706499999999 0.36565071000000005
v 0.44045439 -0.80966144 0.36953792
v 0.43300796999999996 -0.80147456 0.36953792
v 0.8035717099999999 0.30597767 0.36754203999999996
v 0.8628109700000001 0.34564926999999995 0.30620603999999996
v 0.72637199 0.64154791 0.3062064499999999
v 0.66634799 0.6049918999999999 0.36754203999999996
v 0.72076852 0.27201163 0.36873965
v 0.5835452099999999 0.57102627 0.3687396499999999
v 0.6545485999999999 0.24738293 0.30364968999999997
v 0.51810921 0.5432819799999999 0.3036496899999999
v -0.8652599000000001 -0.42253738999999996 0.33154814000000005
v -0.8905712499999999 -0.45615779999999995 0.32860639
v -0.54240048 -0.7182851499999999 0.32860639
v -0.5170915899999999 -0.68466761 0.33154814000000005
v -0.8340671 -0.38110155999999995 0.37910486
v -0.48590493999999995 -0.6432403899999999 0.37910486
v -0.7761377899999999 -0.30415234999999996 0.37910486
v -0.42797603999999995 -0.5662911799999999 0.37910486
v -0.74528734 -0.26317161999999994 0.33144809999999997
v -0.39711903 -0.5253018399999999 0.3314481
v -0.72027529 -0.22994849999999997 0.32860639
v -0.37210452 -0.49207585 0.32860639
v -0.7483389699999999 -0.25751730999999994 0.33828526
v -0.7213626099999999 -0.22167264999999997 0.33747755999999995
v -0.72377587 -0.22487926 0.31330027
v -0.8103297399999999 -0.33988630999999997 0.31243517
v -0.78056948 -0.30034262999999994 0.38597194999999995
v -0.83973494 -0.3789576699999999 0.38597523
v -0.87382152 -0.42424955000000003 0.33820367000000007
v -0.8985924900000001 -0.45716352999999993 0.33747756
v -0.8969877499999999 -0.45503111999999996 0.31330068000000005
v 0.66985841 0.6057134999999999 0.37842056999999996
v 0.7340787599999999 0.6349735599999999 0.29859520999999994
v 0.72180828 0.66158625 0.29859520999999994
v 0.6577986699999999 0.63186289 0.37842056999999996
v 0.57929105 0.5652948799999999 0.3810109499999999
v 0.5672309 0.59144468 0.3810109499999999
v 0.51738597 0.53566254 0.30010810999999993
v 0.5051191799999999 0.5622768699999999 0.30010892999999994
v 0.23176029 0.88813216 0.26172062999999995
v 0.20521811999999998 0.89774133 0.3215474199999999
v 0.14913668 0.9180449399999999 0.28748256999999994
v 0.25855379 0.8784319699999998 0.27722026999999994
v 0.47364757999999996 0.80055944 0.3215355299999999
v 0.41813726999999995 0.8206564099999999 0.2772194499999999
v 0.4458545 0.8106216599999999 0.26171939999999994
v 0.47357214 0.8005869099999999 0.2772194499999999
v 0.52424814 0.7822402299999999 0.2874743699999999
v 0.16086022 0.6919701199999999 0.26172062999999995
v 0.13431805 0.70157929 0.3215474199999999
v 0.07823661 0.7218829 0.28748256999999994
v 0.18765372 0.6822699299999999 0.27722026999999994
v 0.40274751 0.6043974 0.3215355299999999
v 0.34723719999999997 0.62449437 0.2772194499999999
v 0.37495442999999995 0.61445962 0.26171939999999994
v 0.45334806999999994 0.5860781899999999 0.2874743699999999
v 0.60712513 1.1017651199999998 0.0016551699999999322
v 0.5009027399999999 1.10367654 0.0014481199999999324
v 0.57698726 1.09830472 0.04646078999999993
v 0.631605 1.100071 0.05324218999999993
v 0.8353614699999999 1.03581334 0.0016551699999999365
v 0.64918785 1.08806333 0.07518948999999993
v 0.7869068499999999 1.05318791 0.07855517999999992
v 0.88048812 1.00531426 0.07778355999999993
v 0.7970051499999999 1.04940361 0.14211214999999994
v 0.8633042 1.0078128 0.12505737999999994
v 1.0254567399999999 0.8406537499999999 0.0016551699999999483
v 0.97161144 0.92136594 0.07938255999999995
v 1.05035112 0.7870622399999999 0.12496430999999994
v 0.9889331199999999 0.88748436 0.15050484999999994
v 1.0398116599999998 0.7985102599999999 0.15747443999999994
v 1.08599652 0.69665724 0.0016551699999999571
v 1.07185152 0.73370894 0.09417945999999995
v 1.06098242 0.74418608 0.11690903999999995
v 1.08833721 0.64087756 0.035923379999999956
v 1.1098933699999998 0.60960481 0.0016551699999999626
v -0.41113160000000004 0.25096714999999997 0.11286971999999997
v -0.43041472 0.21756854999999997 0.11286971999999997
v -0.41113160000000004 0.18416995 0.11286971999999998
v -0.37256617999999997 0.18416995 0.11286971999999998
v -0.37256617999999997 0.25096714999999997 0.11286971999999997
v -0.35328347 0.21756854999999997 0.11286971999999997
v -0.41180031 0.2521254 0.0016551699999999845
v -0.43175213999999995 0.21756854999999997 0.0016551699999999866
v -0.43041472 0.21756854999999997 0.11286971999999997
v -0.41113160000000004 0.25096714999999997 0.11286971999999997
v -0.37189746999999995 0.2521254 0.0016551699999999845
v -0.37256617999999997 0.25096714999999997 0.11286971999999997
v -0.35328347 0.21756854999999997 0.11286971999999997
v -0.35194604999999995 0.21756854999999997 0.0016551699999999866
v -0.37189746999999995 0.18301169999999997 0.0016551699999999884
v -0.37256617999999997 0.18416995 0.11286971999999998
v -0.41180031 0.18301169999999997 0.0016551699999999884
v -0.41113160000000004 0.18416995 0.11286971999999998
v -0.43175213999999995 0.21756854999999997 0.0016551699999999866
v -0.43041472 0.21756854999999997 0.11286971999999997
v -0.71076493 0.71480548 0.73591269
v -0.68107027 0.73446826 0.75304003
v -0.6737964599999999 0.7325552 0.50555993
v -0.70178142 0.71759553 0.5055136
v -0.7783337499999999 0.69285654 0.61578146
v -0.7661711 0.6922382599999999 0.5053815799999999
v -0.8294804299999999 0.69813406 0.61559286
v -0.8319199299999999 0.69507054 0.5054328299999999
v -0.8906536599999999 0.7235548799999999 0.5055558299999999
v -0.8907992099999998 0.72758395 0.7964249999999999
v -0.91523972 0.75058864 0.7275839499999999
v -0.91472107 0.7467223399999999 0.6135129299999998
v -0.9485140899999999 0.8009530399999999 0.7305945799999999
v -0.9522290999999998 0.80299197 0.6109209099999999
v -0.95119836 0.82370599 0.8038603499999998
v -0.96012488 0.83515073 0.5056931799999999
v -0.9422074699999999 0.93223873 0.7372509299999999
v -0.93099561 0.9584447 0.5057239299999999
v -0.87980875 1.00270789 0.7057785099999999
v -0.8156769599999999 1.0285870899999998 0.5056480799999998
v -0.8274181299999999 1.0299076999999999 0.7947517899999998
v -0.7887768599999999 1.0250803599999998 0.8143547099999999
v -0.78113979 1.0264792799999998 0.7770902199999999
v -0.73326901 1.01581682 0.7933848499999998
v -0.70833568 1.00837532 0.6121135999999999
v -0.6868443 0.9905194099999999 0.5054397999999999
v -0.6778247099999999 0.9842853599999999 0.6110152099999998
v -0.6189622399999999 0.8394983699999999 0.5055234399999999
v -0.6241475099999999 0.84841177 0.7357162999999999
v -0.6545412199999999 0.9627529799999999 0.7710205799999998
v -0.80841545 0.28741491999999996 0.30737372
v -0.81237605 0.38644755 0.001655169999999976
v -0.81197261 0.38203307999999997 0.26637986999999996
v -0.8069529799999999 0.10617565 0.0016551699999999934
v -0.8145441299999999 0.11231458000000002 0.25119757
v -0.9029261900000001 -0.8855253799999999 0.08452027000000005
v -0.8611635899999999 -0.9193864599999999 0.08320253000000005
v -0.79249474 -0.8164370999999999 0.08414348000000003
v -0.82905321 -0.79234304 0.08562768000000004
v -0.9556993399999999 -0.81815254 0.12350717000000003
v -0.8611586699999999 -0.7574868899999999 0.12041167000000003
v -0.9556993399999999 -0.81815254 0.12350717000000003
v -0.88427652 -0.7290497 0.10159718000000004
v -0.9902004299999999 -0.7495128 0.12227840000000004
v -1.06720745 -0.5103188 0.15862859
v -0.9713359199999999 -0.48618127999999994 0.11742728000000001
v 0.17616798 -1.04034589 0.11690904000000006
v 0.12464738 -1.02279256 0.09138408000000006
v 0.03358556 -0.9871553599999999 0.0016551700000000604
v 0.25726352 -1.06367899 0.001655170000000065
v 0.21757552 -1.05573442 0.12496390000000006
v 0.33514342999999996 -1.06161382 0.15050485000000005
v 0.23297266 -1.0534822899999998 0.15747403000000007
v 0.36686554 -1.06708896 0.07606484000000006
v 0.40241376999999995 -1.0667613699999998 0.0016551700000000653
v 0.49359899999999995 -1.03846276 0.07778315000000006
v 0.5858941 -0.9881537099999999 0.07855518000000004
v 0.5053496000000001 -1.02567773 0.12505697000000005
v 0.57841898 -0.99219508 0.12809507000000006
v 0.64626947 -0.94439564 0.0016551700000000578
v 0.69233379 -0.8940607599999999 0.07518949000000005
v 0.7121630299999999 -0.8863064299999999 0.05324178000000005
v 0.7912729399999999 -0.77923042 0.0016551700000000476
v 0.49359899999999995 -1.03846276 0.07778315000000006
v 0.5053496000000001 -1.02567773 0.12505697000000005
v 0.47708666 -0.97554908 0.12482286000000006
v 0.46115159999999994 -0.971618 0.08024766000000005
v 0.36686554 -1.06708896 0.07606484000000006
v 0.37367850999999996 -0.9990236299999999 0.07723211000000006
v 0.34481697 -1.00118679 0.14276897000000005
v 0.33514342999999996 -1.06161382 0.15050485000000005
v 0.25235294999999996 -0.99391503 0.15610176000000006
v 0.23297266 -1.0534822899999998 0.15747403000000007
v 0.21757552 -1.05573442 0.12496390000000006
v 0.24075404999999997 -0.99387936 0.12329971000000008
v 0.17616798 -1.04034589 0.11690904000000006
v 0.19912347 -0.9798532600000001 0.11607797000000006
v 0.14244547999999999 -0.9596505099999999 0.08485524000000005
v 0.12464738 -1.02279256 0.09138408000000006
v 0.048448469999999993 -0.96294609 0.0016551700000000588
v 0.03358556 -0.9871553599999999 0.0016551700000000604
v 0.10399568 -0.94655019 0.0016551700000000578
v 0.11161266 0.7853221999999999 0.32512466999999995
v 0.09008806999999999 0.72576929 0.2903013199999999
v 0.44054540999999997 0.59825519 0.29033903999999994
v 0.46207 0.6578080999999999 0.3251619799999999
v 0.13773089 0.8575847 0.32512466999999995
v 0.48818823 0.73007019 0.3251619799999999
v 0.15925589 0.9171380199999999 0.2903378099999999
v 0.50971282 0.7896230999999999 0.29033903999999994
v 0.44000913 -0.79490882 0.34749878000000006
v 0.44017312999999997 -0.7950892199999999 0.33547266000000003
v 0.77596395 -0.48968923999999997 0.33547266000000003
v 0.77579995 -0.48950883999999995 0.34749919
v 0.40911644999999996 -0.76094237 0.38388587
v 0.74490727 -0.45554238999999996 0.38388587
v 0.35057336999999994 -0.69657319 0.40997868
v 0.6863641899999999 -0.39117320999999994 0.40997868
v 0.29203029 -0.63220442 0.38388587
v 0.6278206999999999 -0.3268044399999999 0.38388586999999996
v 0.26113760999999996 -0.59823756 0.34749919
v 0.59692843 -0.29283758 0.34749918999999996
v 0.26097360999999997 -0.59805716 0.33547266000000003
v 0.5967644299999999 -0.29265718 0.33547266
v -0.43287225999999995 0.34075592 0.0016551699999999788
v -0.47094486 0.32880893 0.0016551699999999795
v -0.46996003999999997 0.32790406 0.11286971999999997
v -0.43316336 0.33945048 0.11286971999999997
v -0.40348961 0.31375741999999995 0.0016551699999999806
v -0.40476593999999994 0.31335684999999996 0.11286971999999997
v -0.41316437999999994 0.27571721 0.11286971999999997
v -0.41217956 0.27481234 0.0016551699999999832
v -0.45025216 0.26286535 0.0016551699999999838
v -0.44996105999999997 0.26417079 0.11286971999999997
v -0.4796348099999999 0.28986385 0.001655169999999982
v -0.4783588899999999 0.29026400999999996 0.11286971999999997
v -0.47094486 0.32880893 0.0016551699999999795
v -0.46996003999999997 0.32790406 0.11286971999999997
v -0.48613987 0.25337262 0.0016551699999999842
v -0.52180331 0.23547365999999997 0.0016551699999999853
v -0.52068606 0.23473852999999997 0.11286971999999997
v -0.48621817999999994 0.25203725 0.11286971999999997
v -0.45280728 0.23143679999999997 0.0016551699999999856
v -0.45400283999999996 0.23083696999999997 0.11286971999999997
v -0.45625538 0.19233714999999998 0.11286971999999997
v -0.45513813 0.19160201999999998 0.0016551699999999882
v -0.49080156999999996 0.17370306 0.0016551699999999892
v -0.49072325999999994 0.17503802 0.11286971999999998
v -0.5241341599999999 0.19563888 0.0016551699999999877
v -0.52293901 0.19623870999999998 0.11286971999999997
v -0.52180331 0.23547365999999997 0.0016551699999999853
v -0.52068606 0.23473852999999997 0.11286971999999997
v 0.70619261 0.07414809 0.08085692
v 0.72416414 0.13705767 0.0024185899999999913
v 0.6865581199999999 0.08137762 0.0016551699999999949
v 0.67299573 0.05724051 0.0016551699999999962
v 0.6952575 0.06392268999999999 0.07862446999999999
v 0.67995507 0.01315444 0.0016551699999999992
v 0.8401445299999999 -0.09322662 0.0016551700000000055
v 0.90814918 -0.04771375 0.0016551700000000027
v 0.87218685 -0.05755046999999999 0.07862446999999999
v 0.8729145999999999 -0.04013940999999999 0.0838163
v 0.89992171 0.017127339999999998 0.0024185899999999987
v 0.8729145999999999 -0.04013940999999999 0.0838163
v 0.89992171 0.017127339999999998 0.0024185899999999987
v 0.72416414 0.13705767 0.0024185899999999913
v 0.70619261 0.07414809 0.08085692
v 0.87218685 -0.05755046999999999 0.07862446999999999
v 0.6952575 0.06392268999999999 0.07862446999999999
v -0.56381765 0.89541786 0.001655169999999945
v -0.65577327 1.04669638 0.001655169999999936
v -0.66019184 1.04064314 0.4830947999999999
v -0.57123045 0.8947425899999999 0.4830947999999999
v -0.55661887 0.84724573 0.11227685999999994
v -0.56498328 0.8520480599999999 0.32267286999999995
v -0.57415662 0.8010137199999999 0.39579841999999993
v -0.57482902 0.8076987699999999 0.4831468699999999
v -0.60575409 0.7326335099999999 0.39360081999999996
v -0.6100959899999999 0.72767374 0.48330430999999996
v -0.6755934899999999 0.6696763699999999 0.48308946999999997
v -0.63696493 0.69538583 0.3235346899999999
v -0.62772025 0.6847475599999999 0.11227685999999994
v -0.7562044099999999 0.6320551799999999 0.001655169999999961
v -0.75739054 0.63969717 0.48308864999999995
v -0.9279144599999999 0.6738714899999999 0.0016551699999999587
v -0.9257267 0.67673739 0.48346995
v -1.01984097 0.8247133600000001 0.0016551699999999493
v -1.01467702 0.8251163899999999 0.48336539999999995
v -0.98089507 0.9980507 0.0016551699999999387
v -0.9749287499999999 0.9939580800000001 0.48318909999999987
v -0.8274230499999998 1.08832983 0.0016551699999999333
v -0.82626439 1.08090473 0.4830947999999999
v -0.65577327 1.04669638 0.001655169999999936
v -0.66019184 1.04064314 0.4830947999999999
v -0.02739046 0.06472137 0.001655169999999996
v -0.02654094 0.06746468 0.01917693
v -0.03620177 0.010621050000000002 0.019793159999999997
v -0.03399556 0.008354569999999999 0.0016551699999999994
v -0.07972285999999999 0.04632015999999999 0.001974149999999997
v -0.06786893999999999 -0.00285319 0.0019741499999999996
v -0.02654094 0.06746468 0.01917693
v 0.47708666 -0.97554908 0.12482286000000006
v 0.54435618 -0.9436473899999999 0.12675355000000008
v 0.55231182 -0.9350025399999999 0.08044692000000005
v 0.46115159999999994 -0.971618 0.08024766000000005
v 0.5768593399999999 -0.9066904 0.0016551700000000554
v 0.6515002499999999 -0.85599021 0.08048177000000005
v 0.6528315199999999 -0.8341691899999999 0.05643855000000004
v 0.73840221 -0.74338371 0.0016551700000000454
v 0.38859553999999996 -0.9886088099999999 0.0016551700000000604
v 0.37367850999999996 -0.9990236299999999 0.07723211000000006
v 0.24075404999999997 -0.99387936 0.12329971000000008
v 0.34481697 -1.00118679 0.14276897000000005
v 0.25235294999999996 -0.99391503 0.15610176000000006
v 0.16804096 -0.95873006 0.0016551700000000584
v 0.19912347 -0.9798532600000001 0.11607797000000006
v 0.14244547999999999 -0.9596505099999999 0.08485524000000005
v 0.10399568 -0.94655019 0.0016551700000000578
v -0.45400283999999996 0.23083696999999997 0.11286971999999997
v -0.48621817999999994 0.25203725 0.11286971999999997
v -0.52068606 0.23473852999999997 0.11286971999999997
v -0.52293901 0.19623870999999998 0.11286971999999997
v -0.49072325999999994 0.17503802 0.11286971999999998
v -0.45625538 0.19233714999999998 0.11286971999999997
v -0.40476593999999994 0.31335684999999996 0.11286971999999997
v -0.43316336 0.33945048 0.11286971999999997
v -0.46996003999999997 0.32790406 0.11286971999999997
v -0.4783588899999999 0.29026400999999996 0.11286971999999997
v -0.44996105999999997 0.26417079 0.11286971999999997
v -0.41316437999999994 0.27571721 0.11286971999999997
v 0.7974422099999999 -0.48899879999999996 0.33583510000000005
v 0.69804099 -0.38053247999999995 0.3351463
v 0.7570055499999999 -0.44453921999999996 0.40522022
v 0.69846247 -0.38017003999999993 0.43135033999999994
v 0.6387763099999999 -0.31666021999999994 0.40520259
v 0.59878327 -0.27268402999999997 0.33534187
v 0.39360205 -0.7750525199999999 0.40522022
v 0.33545953999999994 -0.71029835 0.3351463
v 0.43403829999999993 -0.81951292 0.33583510000000005
v 0.33505896999999996 -0.71068375 0.43135033999999994
v 0.27747898 -0.645258 0.40520259000000003
v 0.23748307000000002 -0.60128509 0.33534187000000004
v 0.4609876 0.65784541 0.32397420999999993
v 0.43861718 0.5959522199999999 0.2869446499999999
v 0.44802257999999995 0.59254717 0.29463091999999996
v 0.47039299999999995 0.6544403599999999 0.3316604799999999
v 0.49734722 0.72901649 0.3316604799999999
v 0.4879422299999999 0.7324215399999999 0.32397420999999993
v 0.5103126499999999 0.79431473 0.2869635099999999
v 0.51971764 0.7909092699999999 0.29463091999999996
v 0.10270499999999999 0.7875628499999999 0.33457967999999993
v 0.08033457999999999 0.72566966 0.2975505299999999
v 0.08973998 0.72226461 0.2879942499999999
v 0.11210998999999999 0.7841577999999999 0.32502339999999996
v 0.13906461999999997 0.8587339299999999 0.32502339999999996
v 0.12965963 0.8621389799999999 0.33457967999999993
v 0.15203005 0.92403217 0.2975689799999999
v 0.16143503999999997 0.92062712 0.2879942499999999
v -0.8014311 0.18104493000000002 0.20015175
v -0.43819324 0.27415552 0.28441331
v -0.42844836 0.2934234700000001 0.40161139999999995
v -0.80240649 0.20134444 0.30705965999999996
v -0.8029398999999999 0.22998662999999997 0.30705965999999996
v -0.7098489899999999 0.57944808 0.3976622799999999
v -0.66371333 1.0358190799999998 0.5089600599999998
v -0.57715003 0.8938135299999999 0.5092794499999999
v -0.5603010799999999 0.8964076 0.4828155899999999
v -0.6532607899999999 1.0501190599999999 0.48285166999999984
v -0.82846691 1.09460242 0.4818172399999999
v -0.8254468500000001 1.07486051 0.5099596399999998
v -0.98382452 0.9999633499999999 0.47990376999999984
v -0.9677758899999999 0.98873058 0.5099202799999999
v -1.02289875 0.8243193499999999 0.4829582699999999
v -1.00652417 0.8267920599999999 0.5089580099999998
v -0.93241052 0.66817372 0.48192875999999996
v -0.9199428299999999 0.68479553 0.50895801
v -0.7551388199999999 0.6222856999999999 0.48092179999999995
v -0.75831427 0.64560896 0.50896211
v -0.66325823 0.6501279799999999 0.4772769
v -0.67866562 0.67471404 0.50902935
v -0.57359738 0.76108751 0.4828442899999999
v -0.59045945 0.76917845 0.5089998299999998
v -0.57715003 0.8938135299999999 0.5092794499999999
v -0.5603010799999999 0.8964076 0.4828155899999999
v -0.65623862 0.6999532300000001 0.7545779399999999
v -0.68107027 0.73446826 0.75304003
v -0.71076493 0.71480548 0.73591269
v -0.68743511 0.67331307 0.73642642
v -0.76897058 0.65237068 0.6161234
v -0.7783337499999999 0.69285654 0.61578146
v -0.8294804299999999 0.69813406 0.61559286
v -0.8403089399999999 0.6522251299999999 0.6164411499999999
v -0.91625898 0.6918274400000001 0.79959348
v -0.8907992099999998 0.72758395 0.7964249999999999
v -0.9952438399999999 0.81408452 0.8089222099999999
v -0.95119836 0.82370599 0.8038603499999998
v -0.98341698 0.9522331999999999 0.7393427499999998
v -0.9422074699999999 0.93223873 0.7372509299999999
v -0.87980875 1.00270789 0.7057785099999999
v -0.90482244 1.04132497 0.7104328299999999
v -0.8274181299999999 1.0299076999999999 0.7947517899999998
v -0.8424151099999999 1.06060932 0.7989227199999999
v -0.7878916699999999 1.0707961799999999 0.8139315899999998
v -0.7887768599999999 1.0250803599999998 0.8143547099999999
v -1.0852011199999998 0.41504464 0.06201003999999997
v -1.11728936 0.40512714999999994 0.05544224999999998
v -1.10562281 0.18459102000000002 0.22411256
v -1.03466657 0.18223762000000002 0.21485188999999996
v -1.03543573 0.11292958000000003 0.22646636999999997
v -1.10888067 0.11138552 0.15975731999999998
v -0.88839907 0.18619289000000003 0.26168085999999996
v -0.8145441299999999 0.11231458000000002 0.25119757
v -0.80841545 0.28741491999999996 0.30737372
v -0.87669767 0.28717507 0.27614525
v -0.8381851399999999 0.38644755 0.28803114999999996
v -0.8781441499999999 0.38607937 0.26332823999999994
v -0.81197261 0.38203307999999997 0.26637986999999996
v -0.7491983299999999 -0.9616599199999999 0.12442024000000007
v -0.68770325 -0.9682928999999999 0.11965194000000005
v -0.67060256 -0.86264779 0.08445836000000005
v -0.7180698999999999 -0.8564727799999999 0.09385351000000006
v -0.7886669799999999 -0.8330281599999999 0.11843957000000004
v -0.84298091 -0.9183118499999999 0.11824318000000003
v -1.0768047299999999 -0.40401728 0.09962713000000001
v -1.06980357 -0.27712760999999997 0.15053642
v -1.07513193 -0.26904815 0.08450428000000001
v -1.07545542 -0.26860452999999995 0.0016551700000000161
v -1.06920579 -0.54497692 0.0016551700000000333
v -1.0784939299999998 -0.49625539 0.08708400000000004
v -1.06720745 -0.5103188 0.15862859
v -0.9902004299999999 -0.7495128 0.12227840000000004
v -0.97944531 -0.7849126099999999 0.0016551700000000478
v -0.9556993399999999 -0.81815254 0.12350717000000003
v -0.9029261900000001 -0.8855253799999999 0.08452027000000005
v -0.77572082 -0.9513098799999999 0.0016551700000000582
v -0.8611635899999999 -0.9193864599999999 0.08320253000000005
v -0.84298091 -0.9183118499999999 0.11824318000000003
v -0.7491983299999999 -0.9616599199999999 0.12442024000000007
v -0.68770325 -0.9682928999999999 0.11965194000000005
v -0.64077875 -0.9663191600000001 0.11865851000000005
v -0.52935428 -0.9601675199999999 0.0017523400000000586
v 0.6529372999999999 0.6197223799999999 0.05327211999999996
v 0.63656887 0.63221303 0.05327211999999996
v 0.62021971 0.59616706 0.053413159999999966
v 0.59624947 0.62746031 0.05327211999999996
v 0.57990031 0.59141393 0.05327211999999996
v 0.58750212 0.57261133 0.05327211999999996
v 0.55277512 0.16827384 0.05641517999999998
v 0.55830151 0.17199213 0.0016551699999999892
v 0.43207358 0.39000060999999997 0.001655169999999976
v 0.42321798999999993 0.38553037999999995 0.04982237999999997
v 0.39631460999999996 0.38191254 0.05707568999999997
v 0.52996395 0.14671604 0.06468528999999998
v 0.38039348999999995 0.36872612 0.037115249999999975
v 0.5007149599999999 0.15511612 0.04193725999999999
v 0.3872983 0.36140352 0.0016551699999999777
v 0.51426013 0.13822617 0.0016551699999999912
v 0.5007149599999999 0.15511612 0.04193725999999999
v 0.44802257999999995 0.59254717 0.29463091999999996
v 0.44803201000000004 0.592573 0.27488244999999994
v 0.48387011 0.6917282199999999 0.27473730999999996
v 0.47039299999999995 0.6544403599999999 0.3316604799999999
v 0.49734722 0.72901649 0.3316604799999999
v 0.51971764 0.7909092699999999 0.29463091999999996
v 0.51970821 0.79088344 0.27488244999999994
v 0.15203005 0.92403217 0.2975689799999999
v 0.15202062 0.92400634 0.27488244999999994
v 0.11618252 0.8248507099999999 0.27471885999999995
v 0.12965963 0.8621389799999999 0.33457967999999993
v 0.10270499999999999 0.7875628499999999 0.33457967999999993
v 0.08033457999999999 0.72566966 0.2975505299999999
v 0.08034401 0.7256959 0.27486358999999994
v 0.16160027 -0.87965582 0.04420292000000005
v 0.16652068 -0.57218698 0.04643619000000003
v 0.17898714 -0.57144365 0.08829801000000002
v 0.18498953999999998 -0.88742081 0.09081951000000006
v 0.15262004 -0.8301089599999999 0.11813986000000004
v 0.18498953999999998 -0.88742081 0.09081951000000006
v 0.14527038 -0.88284972 0.12021118000000004
v 0.16216524999999998 -0.63090103 0.11603738000000004
v 0.1325612 -0.8306981299999999 0.12114393000000004
v 0.14398830999999998 -0.56196609 0.11754577000000004
v 0.10553318 -0.87860335 0.08667851000000004
v 0.12588639999999998 -0.63199491 0.11690863000000003
v 0.10082556 -0.5737019299999999 0.08664858000000003
v 0.11647320999999998 -0.88627732 0.054381170000000055
v 0.11755765999999998 -0.56675817 0.042240250000000035
v -1.02160848 -0.26801331 0.08528369000000001
v -1.06980357 -0.27712760999999997 0.15053642
v -1.0369879899999999 -0.27839082 0.14844378
v -1.07513193 -0.26904815 0.08450428000000001
v -1.07545542 -0.26860452999999995 0.0016551700000000161
v -1.02126285 -0.25712453 0.0016551700000000155
v -0.96828716 -0.27212315 0.0016551700000000166
v -0.97345726 -0.27838754 0.07621039
v -0.54112087 -0.7253683099999999 0.33710692000000003
v -0.53951572 -0.72323549 0.31201943000000004
v -0.45285770999999997 -0.6080902699999999 0.31115433
v -0.51633268 -0.6924317799999999 0.33785394
v -0.48226290999999993 -0.64716204 0.38560500000000003
v -0.42309744999999993 -0.568547 0.3856009
v -0.39086653 -0.52572086 0.33791421000000005
v -0.36389058 -0.48987702 0.33710692000000003
v -0.36630384 -0.49308362999999994 0.31201943000000004
vt 0.254623 0.298416
vt 0.256392 0.289372
vt 0.252854 0.307460
vt 0.270868 0.301880
vt 0.267195 0.316141
vt 0.265230 0.292299
vt 0.286735 0.267443
vt 0.290903 0.269111
vt 0.282567 0.265774
vt 0.739924 0.852532
vt 0.736069 0.870660
vt 0.708543 0.842939
vt 0.945574 0.575520
vt 0.937999 0.586641
vt 0.944366 0.564681
vt 0.828381 0.821837
vt 0.836122 0.821782
vt 0.836406 0.833293
vt 0.836406 0.833293
vt 0.828427 0.833301
vt 0.828381 0.821837
vt 0.266786 0.279562
vt 0.268732 0.289297
vt 0.267429 0.305483
vt 0.278824 0.306606
vt 0.276621 0.312118
vt 0.274564 0.290375
vt 0.289810 0.294755
vt 0.280354 0.276113
vt 0.280374 0.274524
vt 0.249818 0.270544
vt 0.248526 0.279710
vt 0.245012 0.274125
vt 0.228557 0.251460
vt 0.221076 0.254477
vt 0.218858 0.244372
vt 0.224691 0.216235
vt 0.235691 0.228787
vt 0.237030 0.242666
vt 0.235691 0.228787
vt 0.238698 0.222253
vt 0.243858 0.225086
vt 0.243858 0.225086
vt 0.237030 0.242666
vt 0.235691 0.228787
vt 0.243606 0.228160
vt 0.242573 0.220926
vt 0.245469 0.224913
vt 0.240224 0.189816
vt 0.244240 0.202641
vt 0.236319 0.192190
vt 0.243858 0.225086
vt 0.238698 0.222253
vt 0.228562 0.205695
vt 0.273710 0.191653
vt 0.272066 0.178616
vt 0.281867 0.179050
vt 0.291118 0.206092
vt 0.283426 0.211929
vt 0.292038 0.198474
vt 0.296898 0.247736
vt 0.287448 0.251704
vt 0.282781 0.247266
vt 0.256217 0.273382
vt 0.252432 0.312815
vt 0.253992 0.282255
vt 0.288882 0.202763
vt 0.295823 0.215017
vt 0.282502 0.214845
vt 0.263472 0.183817
vt 0.261206 0.169191
vt 0.268966 0.162948
vt 0.408853 0.101894
vt 0.408858 0.091897
vt 0.428166 0.091838
vt 0.447480 0.101890
vt 0.428166 0.091838
vt 0.447475 0.091892
vt 0.248754 0.242088
vt 0.271614 0.242088
vt 0.271614 0.247190
vt 0.271614 0.247190
vt 0.248754 0.247190
vt 0.248754 0.242088
vt 0.055071 0.042240
vt 0.077931 0.042240
vt 0.077931 0.047343
vt 0.077931 0.047343
vt 0.055071 0.047343
vt 0.055071 0.042240
vt 0.128196 0.022926
vt 0.128337 0.031652
vt 0.105038 0.031725
vt 0.105038 0.031725
vt 0.105878 0.022420
vt 0.128196 0.022926
vt 0.131242 0.033447
vt 0.131177 0.024295
vt 0.154516 0.023225
vt 0.154516 0.023225
vt 0.153617 0.033161
vt 0.131242 0.033447
vt 0.378674 0.157969
vt 0.377025 0.178618
vt 0.307669 0.162508
vt 0.048154 0.382114
vt 0.076808 0.382114
vt 0.075578 0.398757
vt 0.218849 0.556067
vt 0.175446 0.561265
vt 0.174815 0.537589
vt 0.174815 0.537589
vt 0.217940 0.477324
vt 0.218849 0.556067
vt 0.279856 0.559135
vt 0.282187 0.462743
vt 0.289545 0.453691
vt 0.503817 0.550737
vt 0.498020 0.550737
vt 0.499240 0.512252
vt 0.338956 0.530918
vt 0.324293 0.534023
vt 0.328242 0.518717
vt 0.040076 0.615206
vt 0.037114 0.617394
vt 0.037107 0.583814
vt 0.143408 0.349885
vt 0.143115 0.325213
vt 0.162740 0.325213
vt 0.162606 0.349885
vt 0.143408 0.349885
vt 0.272872 0.328539
vt 0.272652 0.352766
vt 0.255106 0.352766
vt 0.254562 0.328539
vt 0.272872 0.328539
vt 0.943978 0.611172
vt 0.937999 0.586641
vt 0.945077 0.603133
vt 0.937999 0.586641
vt 0.945779 0.594920
vt 0.945980 0.586597
vt 0.937999 0.586641
vt 0.945574 0.575520
vt 0.248456 0.210658
vt 0.242262 0.198742
vt 0.248414 0.198877
vt 0.248414 0.198877
vt 0.251702 0.210326
vt 0.248414 0.198877
vt 0.264386 0.188710
vt 0.263275 0.196850
vt 0.268732 0.289297
vt 0.266786 0.279562
vt 0.271129 0.278219
vt 0.274564 0.290375
vt 0.268732 0.289297
vt 0.267195 0.316141
vt 0.252854 0.307460
vt 0.256392 0.289372
vt 0.256392 0.289372
vt 0.265230 0.292299
vt 0.272722 0.283815
vt 0.271129 0.278219
vt 0.280374 0.274524
vt 0.280354 0.276113
vt 0.272722 0.283815
vt 0.219298 0.255637
vt 0.229981 0.250813
vt 0.235892 0.267355
vt 0.235892 0.267355
vt 0.225827 0.288663
vt 0.243869 0.295223
vt 0.239375 0.310074
vt 0.243869 0.295223
vt 0.235892 0.267355
vt 0.229981 0.250813
vt 0.236641 0.248529
vt 0.241448 0.264787
vt 0.247386 0.270758
vt 0.245634 0.283011
vt 0.243869 0.295223
vt 0.263472 0.183817
vt 0.268966 0.162948
vt 0.278700 0.177041
vt 0.270649 0.199329
vt 0.263472 0.183817
vt 0.263275 0.196850
vt 0.263472 0.183817
vt 0.269929 0.205045
vt 0.277566 0.224675
vt 0.276922 0.220200
vt 0.282502 0.214845
vt 0.282502 0.214845
vt 0.282072 0.224104
vt 0.291531 0.228754
vt 0.282072 0.224104
vt 0.282502 0.214845
vt 0.282502 0.214845
vt 0.295823 0.215017
vt 0.297638 0.272956
vt 0.296227 0.277662
vt 0.290903 0.269111
vt 0.290903 0.269111
vt 0.288952 0.292316
vt 0.280374 0.274524
vt 0.282567 0.265774
vt 0.278501 0.261795
vt 0.280374 0.274524
vt 0.276081 0.269808
vt 0.235821 0.233397
vt 0.238963 0.236799
vt 0.236641 0.248529
vt 0.228557 0.251460
vt 0.235821 0.233397
vt 0.223645 0.222658
vt 0.228557 0.251460
vt 0.218858 0.244372
vt 0.256217 0.273382
vt 0.253992 0.282255
vt 0.248526 0.279710
vt 0.248526 0.279710
vt 0.249818 0.270544
vt 0.834534 0.481028
vt 0.834537 0.471879
vt 0.869417 0.471892
vt 0.869414 0.481090
vt 0.834534 0.481028
vt 0.485770 0.915747
vt 0.485804 0.974070
vt 0.483485 0.974004
vt 0.483485 0.974004
vt 0.483470 0.915733
vt 0.530700 0.926377
vt 0.501553 0.926094
vt 0.501576 0.921709
vt 0.501576 0.921709
vt 0.530718 0.921784
vt 0.639702 0.783828
vt 0.628307 0.783828
vt 0.629235 0.763167
vt 0.629235 0.763167
vt 0.637681 0.763167
vt 0.834447 0.458894
vt 0.834449 0.452038
vt 0.869327 0.452144
vt 0.869327 0.458956
vt 0.834447 0.458894
vt 0.976765 0.227226
vt 0.979657 0.227143
vt 0.979657 0.309897
vt 0.976765 0.309932
vt 0.976765 0.227226
vt 0.397622 0.139443
vt 0.523441 0.138802
vt 0.523448 0.143734
vt 0.523448 0.143734
vt 0.397628 0.144375
vt 0.142797 0.485247
vt 0.165657 0.485247
vt 0.165657 0.490350
vt 0.142797 0.490350
vt 0.142797 0.485247
vt 0.165657 0.469940
vt 0.142797 0.469940
vt 0.142797 0.462287
vt 0.165657 0.462287
vt 0.165657 0.469940
vt 0.142797 0.469940
vt 0.165657 0.469940
vt 0.165657 0.475043
vt 0.165657 0.475043
vt 0.142797 0.475043
vt 0.248754 0.226781
vt 0.271614 0.226781
vt 0.271614 0.231884
vt 0.271614 0.231884
vt 0.248754 0.231884
vt 0.079943 0.042441
vt 0.102804 0.042441
vt 0.102804 0.047543
vt 0.079943 0.047543
vt 0.079943 0.042441
vt 0.102804 0.027134
vt 0.079943 0.027134
vt 0.079943 0.019480
vt 0.102804 0.019480
vt 0.102804 0.027134
vt 0.079943 0.027134
vt 0.102804 0.027134
vt 0.102804 0.032236
vt 0.102804 0.032236
vt 0.079943 0.032236
vt 0.055071 0.026934
vt 0.077931 0.026934
vt 0.077931 0.032036
vt 0.077931 0.032036
vt 0.055071 0.032036
vt 0.307669 0.162508
vt 0.336898 0.310701
vt 0.321787 0.310787
vt 0.296110 0.183225
vt 0.307669 0.162508
vt 0.365961 0.402506
vt 0.365649 0.382315
vt 0.411089 0.382315
vt 0.412506 0.402506
vt 0.365961 0.402506
vt 0.107252 0.398757
vt 0.075578 0.398757
vt 0.076808 0.382114
vt 0.107206 0.382114
vt 0.107252 0.398757
vt 0.319947 0.574651
vt 0.319947 0.618561
vt 0.311387 0.615615
vt 0.311387 0.615615
vt 0.311387 0.573754
vt 0.319947 0.645008
vt 0.319947 0.689402
vt 0.311387 0.689305
vt 0.311387 0.647204
vt 0.319947 0.645008
vt 0.171831 0.137819
vt 0.170030 0.201796
vt 0.148469 0.201865
vt 0.146531 0.135972
vt 0.171831 0.137819
vt 0.032622 0.582159
vt 0.037107 0.583814
vt 0.037114 0.617394
vt 0.037114 0.617394
vt 0.033279 0.616767
vt 0.289425 0.011909
vt 0.289049 0.019449
vt 0.270592 0.018232
vt 0.270592 0.018232
vt 0.269939 0.007263
vt 0.621636 0.221011
vt 0.617648 0.221073
vt 0.617716 0.182182
vt 0.617716 0.182182
vt 0.621228 0.182871
vt 0.973551 0.752514
vt 0.967007 0.754250
vt 0.966832 0.709861
vt 0.966832 0.709861
vt 0.977289 0.710719
vt 0.969100 0.636869
vt 0.966832 0.709861
vt 0.978133 0.634434
vt 0.966832 0.709861
vt 0.963398 0.638585
vt 0.967007 0.754250
vt 0.957957 0.757382
vt 0.958977 0.710767
vt 0.955726 0.636531
vt 0.951811 0.710121
vt 0.949330 0.640772
vt 0.958977 0.710767
vt 0.952081 0.759777
vt 0.958977 0.710767
vt 0.958977 0.710767
vt 0.957957 0.757382
vt 0.377870 0.056692
vt 0.377589 0.052392
vt 0.435998 0.052243
vt 0.435998 0.052243
vt 0.435776 0.056581
vt 0.361269 0.021150
vt 0.361314 0.013441
vt 0.436672 0.014920
vt 0.436627 0.022628
vt 0.361269 0.021150
vt 0.299026 0.056460
vt 0.299062 0.049507
vt 0.375537 0.049537
vt 0.375537 0.049537
vt 0.375501 0.056490
vt 0.567005 0.522449
vt 0.568427 0.636841
vt 0.566821 0.636521
vt 0.565414 0.522046
vt 0.567005 0.522449
vt 0.674302 0.753559
vt 0.674324 0.748038
vt 0.731607 0.748868
vt 0.731607 0.748868
vt 0.731519 0.754379
vt 0.395852 0.899906
vt 0.397852 0.797304
vt 0.404930 0.858165
vt 0.397852 0.797304
vt 0.410836 0.824881
vt 0.406190 0.907259
vt 0.395852 0.899906
vt 0.399405 0.994270
vt 0.395852 0.899906
vt 0.419461 0.822412
vt 0.397852 0.797304
vt 0.399405 0.994270
vt 0.423899 0.905368
vt 0.397852 0.797304
vt 0.429447 0.791179
vt 0.435355 0.819574
vt 0.423527 0.854374
vt 0.443694 0.817061
vt 0.430142 0.853662
vt 0.459338 0.763567
vt 0.430770 0.904464
vt 0.449063 0.846565
vt 0.472229 0.994565
vt 0.399405 0.994270
vt 0.450816 0.899817
vt 0.472251 0.722211
vt 0.464008 0.741578
vt 0.379410 0.907250
vt 0.389037 0.898927
vt 0.387810 0.994252
vt 0.387810 0.994252
vt 0.360751 0.905817
vt 0.379913 0.858356
vt 0.389037 0.898927
vt 0.374545 0.825374
vt 0.388030 0.800372
vt 0.366049 0.823643
vt 0.388030 0.800372
vt 0.388030 0.800372
vt 0.389037 0.898927
vt 0.399405 0.994270
vt 0.387810 0.994252
vt 0.395852 0.899906
vt 0.397852 0.797304
vt 0.353474 0.905255
vt 0.387810 0.994252
vt 0.361479 0.855600
vt 0.354659 0.854774
vt 0.350560 0.821603
vt 0.351579 0.788560
vt 0.388030 0.800372
vt 0.342131 0.820423
vt 0.328320 0.761261
vt 0.336674 0.851484
vt 0.309111 0.713429
vt 0.324800 0.737897
vt 0.310052 0.993959
vt 0.333194 0.902530
vt 0.387810 0.994252
vt 0.162606 0.349885
vt 0.162740 0.325213
vt 0.187494 0.325213
vt 0.187308 0.349885
vt 0.162606 0.349885
vt 0.203833 0.325213
vt 0.203732 0.349885
vt 0.650247 0.739923
vt 0.639237 0.739937
vt 0.639149 0.733663
vt 0.639149 0.733663
vt 0.650207 0.733650
vt 0.659460 0.739975
vt 0.659494 0.733688
vt 0.650247 0.739923
vt 0.639237 0.739937
vt 0.639149 0.733663
vt 0.639149 0.733663
vt 0.650207 0.733650
vt 0.659460 0.739975
vt 0.659494 0.733688
vt 0.650247 0.739923
vt 0.639237 0.739937
vt 0.639149 0.733663
vt 0.639149 0.733663
vt 0.650207 0.733650
vt 0.659460 0.739975
vt 0.659494 0.733688
vt 0.650247 0.739923
vt 0.639237 0.739937
vt 0.639149 0.733663
vt 0.639149 0.733663
vt 0.650207 0.733650
vt 0.659460 0.739975
vt 0.659494 0.733688
vt 0.650247 0.739923
vt 0.639237 0.739937
vt 0.639149 0.733663
vt 0.639149 0.733663
vt 0.650207 0.733650
vt 0.659460 0.739975
vt 0.659494 0.733688
vt 0.112048 0.559537
vt 0.055614 0.562118
vt 0.056935 0.470794
vt 0.098209 0.479797
vt 0.112026 0.504196
vt 0.056935 0.470794
vt 0.650247 0.739923
vt 0.639237 0.739937
vt 0.639149 0.733663
vt 0.639149 0.733663
vt 0.650207 0.733650
vt 0.659460 0.739975
vt 0.659494 0.733688
vt 0.112048 0.559537
vt 0.112026 0.504196
vt 0.125263 0.480109
vt 0.142453 0.558010
vt 0.112048 0.559537
vt 0.167867 0.540098
vt 0.167884 0.561433
vt 0.175446 0.561265
vt 0.174815 0.537589
vt 0.264114 0.456269
vt 0.282187 0.462743
vt 0.279856 0.559135
vt 0.279856 0.559135
vt 0.257175 0.556905
vt 0.245095 0.460102
vt 0.244504 0.556060
vt 0.245095 0.460102
vt 0.548485 0.765212
vt 0.548485 0.718865
vt 0.561136 0.719779
vt 0.561136 0.719779
vt 0.561136 0.768589
vt 0.548485 0.774795
vt 0.561136 0.779501
vt 0.561136 0.828942
vt 0.548485 0.824735
vt 0.230499 0.328539
vt 0.254562 0.328539
vt 0.255106 0.352766
vt 0.255106 0.352766
vt 0.231022 0.352766
vt 0.213875 0.352766
vt 0.213456 0.328539
vt 0.925803 0.579500
vt 0.924835 0.570065
vt 0.933855 0.564670
vt 0.933855 0.564670
vt 0.935156 0.577342
vt 0.935430 0.587040
vt 0.926007 0.586722
vt 0.925682 0.593926
vt 0.934993 0.596714
vt 0.924555 0.603287
vt 0.933478 0.609291
vt 0.247902 0.177411
vt 0.261206 0.169191
vt 0.264386 0.188710
vt 0.264386 0.188710
vt 0.248414 0.198877
vt 0.242262 0.198742
vt 0.240224 0.189816
vt 0.639702 0.783828
vt 0.637681 0.763167
vt 0.652894 0.763167
vt 0.653759 0.783828
vt 0.639702 0.783828
vt 0.662213 0.783828
vt 0.661777 0.763167
vt 0.684110 0.783828
vt 0.679032 0.763167
vt 0.692988 0.763167
vt 0.698188 0.783828
vt 0.711701 0.763167
vt 0.716765 0.783828
vt 0.723041 0.783828
vt 0.718406 0.763167
vt 0.730290 0.783828
vt 0.726729 0.763167
vt 0.733483 0.783828
vt 0.732218 0.763167
vt 0.748129 0.765736
vt 0.754484 0.783828
vt 0.754774 0.763167
vt 0.766774 0.780773
vt 0.762929 0.789774
vt 0.762170 0.763167
vt 0.245489 0.165830
vt 0.245703 0.174605
vt 0.208809 0.205917
vt 0.171984 0.208995
vt 0.170030 0.201796
vt 0.207979 0.197178
vt 0.245489 0.165830
vt 0.170030 0.201796
vt 0.171831 0.137819
vt 0.198772 0.128283
vt 0.245489 0.165830
vt 0.223997 0.115853
vt 0.246516 0.091727
vt 0.262537 0.141442
vt 0.286524 0.227359
vt 0.277487 0.231029
vt 0.275208 0.230496
vt 0.275208 0.230496
vt 0.277566 0.224675
vt 0.289807 0.247561
vt 0.294221 0.226892
vt 0.297719 0.249189
vt 0.279722 0.239307
vt 0.280887 0.250486
vt 0.277487 0.231029
vt 0.276503 0.241842
vt 0.275208 0.230496
vt 0.161285 0.382315
vt 0.163507 0.402506
vt 0.156133 0.402506
vt 0.154211 0.382315
vt 0.161285 0.382315
vt 0.139743 0.373502
vt 0.128551 0.382114
vt 0.147370 0.414399
vt 0.116860 0.382114
vt 0.114966 0.398757
vt 0.114966 0.398757
vt 0.107252 0.398757
vt 0.107206 0.382114
vt 0.493596 0.746160
vt 0.495952 0.782040
vt 0.476484 0.787154
vt 0.474127 0.751273
vt 0.496521 0.785048
vt 0.496521 0.747367
vt 0.516188 0.747367
vt 0.516188 0.785048
vt 0.516482 0.786362
vt 0.517387 0.822797
vt 0.497337 0.824787
vt 0.496433 0.788353
vt 0.474727 0.822648
vt 0.475330 0.787368
vt 0.495346 0.788737
vt 0.494743 0.824016
vt 0.474917 0.748092
vt 0.474917 0.784449
vt 0.494610 0.784449
vt 0.494610 0.748092
vt 0.474917 0.784449
vt 0.474917 0.748092
vt 0.494610 0.748092
vt 0.494610 0.784449
vt 0.306941 0.120015
vt 0.306941 0.160819
vt 0.286125 0.160819
vt 0.286125 0.120015
vt 0.266324 0.160819
vt 0.266324 0.120015
vt 0.286638 0.120015
vt 0.286638 0.160819
vt 0.180480 0.054590
vt 0.180480 0.085029
vt 0.164199 0.085029
vt 0.164199 0.054590
vt 0.180485 0.085029
vt 0.180485 0.054590
vt 0.196154 0.054590
vt 0.196154 0.085029
vt 0.147742 0.054549
vt 0.147742 0.085184
vt 0.132164 0.085184
vt 0.132125 0.054549
vt 0.148264 0.085184
vt 0.148264 0.054549
vt 0.163615 0.054549
vt 0.163615 0.085184
vt 0.266209 0.055547
vt 0.266209 0.094447
vt 0.244687 0.094447
vt 0.244687 0.055547
vt 0.219268 0.094447
vt 0.219268 0.055547
vt 0.240678 0.055547
vt 0.240678 0.094447
vt 0.542660 0.772955
vt 0.542660 0.819562
vt 0.518748 0.819562
vt 0.518748 0.772955
vt 0.475171 0.748366
vt 0.475171 0.786186
vt 0.494848 0.786186
vt 0.494848 0.748366
vt 0.779580 0.645824
vt 0.780739 0.686013
vt 0.760164 0.688518
vt 0.759006 0.648329
vt 0.492433 0.828253
vt 0.473108 0.820739
vt 0.476755 0.783223
vt 0.496080 0.790738
vt 0.493555 0.786484
vt 0.475852 0.786491
vt 0.475848 0.748253
vt 0.493551 0.748245
vt 0.518926 0.819526
vt 0.518926 0.774672
vt 0.542372 0.774672
vt 0.542372 0.819825
vt 0.528583 0.759085
vt 0.528604 0.559159
vt 0.545025 0.559102
vt 0.545046 0.759031
vt 0.943745 0.317208
vt 0.930661 0.297321
vt 0.930661 0.266121
vt 0.943745 0.246234
vt 0.931336 0.149622
vt 0.944420 0.129735
vt 0.944420 0.200709
vt 0.931336 0.180822
vt 0.931831 0.378313
vt 0.931572 0.307923
vt 0.944865 0.327608
vt 0.944865 0.358855
vt 0.931244 0.257794
vt 0.931083 0.187424
vt 0.944327 0.207060
vt 0.944327 0.238307
vt 0.580706 0.740822
vt 0.608243 0.731784
vt 0.608565 0.756988
vt 0.577299 0.754233
vt 0.186723 0.491727
vt 0.193812 0.496297
vt 0.187493 0.508555
vt 0.184266 0.506474
vt 0.642775 0.227701
vt 0.642928 0.241944
vt 0.624756 0.243365
vt 0.624488 0.211993
vt 0.649240 0.144703
vt 0.648543 0.181057
vt 0.641320 0.180796
vt 0.633490 0.143984
vt 0.083717 0.367461
vt 0.063200 0.368104
vt 0.063144 0.362921
vt 0.083714 0.362241
vt 0.063200 0.368104
vt 0.055947 0.368296
vt 0.056004 0.363080
vt 0.063144 0.362921
vt 0.669712 0.167278
vt 0.669865 0.181521
vt 0.651693 0.182942
vt 0.651426 0.151570
vt 0.628411 0.209070
vt 0.629108 0.172716
vt 0.636331 0.172977
vt 0.644161 0.209790
vt 0.378540 0.000518
vt 0.399056 0.001281
vt 0.399021 0.006465
vt 0.378465 0.005725
vt 0.399056 0.001281
vt 0.406308 0.001590
vt 0.406160 0.006799
vt 0.399021 0.006465
vt 0.924835 0.570065
vt 0.923598 0.563272
vt 0.932194 0.555542
vt 0.933855 0.564670
vt 0.835615 0.815216
vt 0.835615 0.828553
vt 0.825080 0.828575
vt 0.825080 0.815198
vt 0.835615 0.815216
vt 0.835615 0.828553
vt 0.825080 0.828575
vt 0.825080 0.815198
vt 0.834001 0.817909
vt 0.836122 0.821782
vt 0.828381 0.821837
vt 0.830622 0.817803
vt 0.258127 0.279060
vt 0.265042 0.281256
vt 0.265230 0.292299
vt 0.256392 0.289372
vt 0.287448 0.251704
vt 0.296898 0.247736
vt 0.297638 0.272956
vt 0.282567 0.265774
vt 0.282781 0.247266
vt 0.287448 0.251704
vt 0.278501 0.261795
vt 0.224691 0.216235
vt 0.228562 0.205695
vt 0.238698 0.222253
vt 0.235691 0.228787
vt 0.244917 0.312195
vt 0.239375 0.310074
vt 0.243869 0.295223
vt 0.247464 0.300103
vt 0.252432 0.312815
vt 0.245385 0.312598
vt 0.248526 0.279710
vt 0.253992 0.282255
vt 0.274564 0.290375
vt 0.276621 0.312118
vt 0.267429 0.305483
vt 0.268732 0.289297
vt 0.280354 0.276113
vt 0.289810 0.294755
vt 0.278719 0.307313
vt 0.272722 0.283815
vt 0.182473 0.703602
vt 0.213911 0.690230
vt 0.213910 0.658879
vt 0.182472 0.666465
vt 0.476842 0.746427
vt 0.473971 0.720735
vt 0.505913 0.725699
vt 0.505600 0.746613
vt 0.182473 0.703602
vt 0.182472 0.666465
vt 0.213910 0.658879
vt 0.213911 0.690230
vt 0.835580 0.814781
vt 0.835617 0.833702
vt 0.825509 0.833351
vt 0.825421 0.814513
vt 0.182658 0.649835
vt 0.217846 0.649835
vt 0.217846 0.581080
vt 0.182658 0.581080
vt 0.182658 0.649835
vt 0.182658 0.581080
vt 0.217846 0.581080
vt 0.217846 0.649835
vt 0.182658 0.649835
vt 0.217846 0.649835
vt 0.217846 0.581080
vt 0.182658 0.581080
vt 0.182658 0.649835
vt 0.182658 0.581080
vt 0.217846 0.581080
vt 0.217846 0.649835
vt 0.182658 0.649835
vt 0.217846 0.649835
vt 0.217846 0.581080
vt 0.182658 0.581080
vt 0.182658 0.649835
vt 0.182658 0.581080
vt 0.217846 0.581080
vt 0.217846 0.649835
vt 0.182658 0.649835
vt 0.217846 0.649835
vt 0.217846 0.581080
vt 0.182658 0.581080
vt 0.182658 0.649835
vt 0.182658 0.581080
vt 0.217846 0.581080
vt 0.217846 0.649835
vt 0.182658 0.649835
vt 0.217846 0.649835
vt 0.217846 0.581080
vt 0.182658 0.581080
vt 0.182658 0.649835
vt 0.182658 0.581080
vt 0.217846 0.581080
vt 0.217846 0.649835
vt 0.182658 0.649835
vt 0.217846 0.649835
vt 0.217846 0.581080
vt 0.182658 0.581080
vt 0.182658 0.649835
vt 0.182658 0.581080
vt 0.217846 0.581080
vt 0.217846 0.649835
vt 0.871225 0.509704
vt 0.882373 0.497951
vt 0.931157 0.497013
vt 0.931632 0.508221
vt 0.981502 0.629421
vt 0.932717 0.628418
vt 0.921227 0.616621
vt 0.981632 0.618214
vt 0.876137 0.015356
vt 0.875745 0.004272
vt 0.935882 0.004278
vt 0.936274 0.015356
vt 0.938018 0.003773
vt 0.998155 0.003773
vt 0.998155 0.014713
vt 0.938018 0.014713
vt 0.023149 0.015167
vt 0.004034 0.003496
vt 0.052250 0.002975
vt 0.052372 0.014251
vt 0.023300 0.019581
vt 0.052204 0.020569
vt 0.052432 0.031852
vt 0.004192 0.031417
vt 0.456412 0.563966
vt 0.467190 0.563747
vt 0.468045 0.569803
vt 0.456050 0.572494
vt 0.382913 0.557845
vt 0.382237 0.563899
vt 0.371288 0.563951
vt 0.371700 0.554837
vt 0.605481 0.088902
vt 0.605481 0.101622
vt 0.591171 0.101622
vt 0.591170 0.088902
vt 0.403075 0.254900
vt 0.403074 0.267620
vt 0.388764 0.267620
vt 0.388764 0.254900
vt 0.499601 0.037053
vt 0.513919 0.037052
vt 0.513919 0.049788
vt 0.499601 0.049788
vt 0.435229 0.565110
vt 0.449545 0.565660
vt 0.449422 0.578393
vt 0.435107 0.577843
vt 0.752961 0.719225
vt 0.744918 0.719226
vt 0.744918 0.691108
vt 0.752961 0.691108
vt 0.760736 0.755698
vt 0.752694 0.755697
vt 0.752694 0.727579
vt 0.760737 0.727580
vt 0.778216 0.744628
vt 0.778216 0.716511
vt 0.786258 0.716512
vt 0.786258 0.744629
vt 0.769951 0.779457
vt 0.769950 0.751339
vt 0.777993 0.751339
vt 0.777993 0.779456
vt 0.722811 0.944744
vt 0.710867 0.942071
vt 0.710723 0.936512
vt 0.722799 0.934967
vt 0.719440 0.924257
vt 0.719303 0.929790
vt 0.707543 0.930734
vt 0.707490 0.920971
vt 0.864888 0.600396
vt 0.865143 0.581072
vt 0.877620 0.581076
vt 0.877620 0.600392
vt 0.856812 0.579854
vt 0.865143 0.581072
vt 0.864888 0.600396
vt 0.856110 0.599120
vt 0.877620 0.581076
vt 0.886715 0.581076
vt 0.886715 0.600393
vt 0.877620 0.600392
vt 0.555735 0.383078
vt 0.564863 0.384335
vt 0.563985 0.409829
vt 0.554858 0.408573
vt 0.564863 0.384335
vt 0.577073 0.384335
vt 0.577073 0.409829
vt 0.563985 0.409829
vt 0.577073 0.384335
vt 0.586222 0.384335
vt 0.586222 0.409829
vt 0.577073 0.409829
vt 0.270968 0.060253
vt 0.252609 0.034058
vt 0.255347 0.018630
vt 0.273584 0.041879
vt 0.297149 0.049722
vt 0.270968 0.060253
vt 0.273584 0.041879
vt 0.296513 0.035562
vt 0.355661 0.007802
vt 0.355601 0.030716
vt 0.322965 0.027381
vt 0.322682 0.003925
vt 0.291467 0.010433
vt 0.322682 0.003925
vt 0.322965 0.027381
vt 0.292047 0.031529
vt 0.961840 0.037889
vt 0.954989 0.092638
vt 0.940306 0.077979
vt 0.944196 0.021479
vt 0.955863 0.091294
vt 0.965185 0.039277
vt 0.979975 0.037079
vt 0.973628 0.093333
vt 0.878740 0.060375
vt 0.877721 0.024145
vt 0.906465 0.020253
vt 0.906690 0.056433
vt 0.933178 0.057592
vt 0.906690 0.056433
vt 0.906465 0.020253
vt 0.933843 0.022164
vt 0.995536 0.857808
vt 0.984098 0.859150
vt 0.983702 0.793784
vt 0.995293 0.791782
vt 0.989911 0.729657
vt 0.995293 0.791782
vt 0.983702 0.793784
vt 0.979340 0.732583
vt 0.649569 0.641038
vt 0.651595 0.641038
vt 0.651596 0.653919
vt 0.649569 0.653919
vt 0.739478 0.641281
vt 0.739478 0.653476
vt 0.737451 0.653476
vt 0.737451 0.641281
vt 0.739254 0.694448
vt 0.737228 0.694449
vt 0.737227 0.681568
vt 0.739254 0.681568
vt 0.649345 0.694206
vt 0.649345 0.682010
vt 0.651372 0.682010
vt 0.651372 0.694206
vt 0.834538 0.489333
vt 0.834534 0.481028
vt 0.869414 0.481090
vt 0.869418 0.489071
vt 0.746586 0.475960
vt 0.788098 0.475926
vt 0.790680 0.505491
vt 0.743986 0.505458
vt 0.615121 0.441203
vt 0.614977 0.453911
vt 0.568694 0.454532
vt 0.568441 0.441829
vt 0.829612 0.441124
vt 0.829744 0.453835
vt 0.745646 0.453828
vt 0.745738 0.441124
vt 0.656751 0.462127
vt 0.656767 0.555572
vt 0.572868 0.555542
vt 0.572883 0.462154
vt 0.745646 0.453828
vt 0.699104 0.453912
vt 0.699008 0.441207
vt 0.745738 0.441124
vt 0.699104 0.453912
vt 0.614977 0.453911
vt 0.615121 0.441203
vt 0.699008 0.441207
vt 0.742512 0.795509
vt 0.786180 0.795827
vt 0.786110 0.873839
vt 0.742397 0.873554
vt 0.792223 0.786890
vt 0.792223 0.708857
vt 0.869232 0.708857
vt 0.869232 0.786890
vt 0.791987 0.794556
vt 0.868996 0.794556
vt 0.868996 0.872589
vt 0.791987 0.872589
vt 0.823830 0.575055
vt 0.823830 0.497023
vt 0.867499 0.497023
vt 0.867499 0.575055
vt 0.874460 0.218590
vt 0.926587 0.218231
vt 0.926863 0.378039
vt 0.874735 0.378398
vt 0.696214 0.067774
vt 0.616279 0.069592
vt 0.616280 0.059715
vt 0.696196 0.059711
vt 0.748350 0.067031
vt 0.696214 0.067774
vt 0.696196 0.059711
vt 0.748340 0.058969
vt 0.564135 0.069685
vt 0.564143 0.059807
vt 0.616280 0.059715
vt 0.616279 0.069592
vt 0.828281 0.068844
vt 0.748350 0.067031
vt 0.748340 0.058969
vt 0.828261 0.058967
vt 0.034696 0.053929
vt 0.020608 0.054304
vt 0.020408 0.035561
vt 0.034640 0.034443
vt 0.050732 0.054168
vt 0.036634 0.054122
vt 0.036572 0.035610
vt 0.050810 0.034737
vt 0.432521 0.304753
vt 0.432521 0.315692
vt 0.373560 0.315692
vt 0.373560 0.304753
vt 0.432611 0.300918
vt 0.373650 0.300933
vt 0.373491 0.289782
vt 0.432452 0.289782
vt 0.981552 0.164240
vt 0.987022 0.163624
vt 0.987022 0.283897
vt 0.981552 0.284514
vt 0.987391 0.039806
vt 0.987391 0.160080
vt 0.981921 0.159888
vt 0.981921 0.039614
vt 0.821164 0.463737
vt 0.821464 0.468935
vt 0.787362 0.470592
vt 0.786874 0.462822
vt 0.826129 0.477881
vt 0.826628 0.486407
vt 0.792624 0.484205
vt 0.792613 0.479012
vt 0.690866 0.996178
vt 0.691193 0.984093
vt 0.721900 0.984582
vt 0.721948 0.996287
vt 0.683327 0.995827
vt 0.652393 0.995361
vt 0.652041 0.983635
vt 0.683159 0.984297
vt 0.814856 0.509531
vt 0.814882 0.515356
vt 0.790664 0.515421
vt 0.790637 0.509434
vt 0.815479 0.520943
vt 0.815524 0.527021
vt 0.781777 0.526854
vt 0.781733 0.521165
vt 0.483470 0.915733
vt 0.483485 0.974004
vt 0.481352 0.974021
vt 0.481248 0.915734
vt 0.530718 0.921784
vt 0.501576 0.921709
vt 0.501559 0.916144
vt 0.530722 0.916139
vt 0.710767 0.004958
vt 0.710283 0.014181
vt 0.681927 0.013214
vt 0.681594 0.004106
vt 0.382816 0.491475
vt 0.411871 0.492114
vt 0.411651 0.501229
vt 0.383242 0.500743
vt 0.697930 0.380862
vt 0.695362 0.381121
vt 0.695462 0.317883
vt 0.697937 0.318170
vt 0.243546 0.361725
vt 0.243629 0.366917
vt 0.221114 0.366561
vt 0.221312 0.361559
vt 0.785654 0.315386
vt 0.774610 0.315575
vt 0.774611 0.243174
vt 0.784892 0.243206
vt 0.762238 0.158255
vt 0.799589 0.158255
vt 0.800364 0.230435
vt 0.761459 0.230435
vt 0.871567 0.231882
vt 0.803142 0.231710
vt 0.803170 0.158955
vt 0.871614 0.159684
vt 0.799669 0.316022
vt 0.788627 0.316466
vt 0.788868 0.243719
vt 0.799147 0.243390
vt 0.803097 0.236273
vt 0.871541 0.236284
vt 0.871521 0.308478
vt 0.803097 0.308468
vt 0.651512 0.399709
vt 0.651546 0.393514
vt 0.654874 0.393564
vt 0.654840 0.399809
vt 0.654874 0.393564
vt 0.696343 0.395828
vt 0.696269 0.399600
vt 0.654840 0.399809
vt 0.654867 0.406553
vt 0.654840 0.399809
vt 0.696269 0.399600
vt 0.696380 0.404307
vt 0.648164 0.398580
vt 0.644836 0.398661
vt 0.644801 0.392451
vt 0.648129 0.392385
vt 0.644801 0.392451
vt 0.644836 0.398661
vt 0.603359 0.398526
vt 0.603279 0.394424
vt 0.603359 0.398526
vt 0.644836 0.398661
vt 0.644821 0.405364
vt 0.603283 0.403521
vt 0.918551 0.212728
vt 0.876762 0.212728
vt 0.876762 0.142672
vt 0.918551 0.142672
vt 0.873187 0.664880
vt 0.873187 0.512021
vt 0.908229 0.512021
vt 0.908229 0.664880
vt 0.872027 0.131687
vt 0.832338 0.131659
vt 0.832338 0.061602
vt 0.872027 0.061602
vt 0.910879 0.825797
vt 0.875850 0.825797
vt 0.875836 0.672985
vt 0.910879 0.672985
vt 0.925361 0.995805
vt 0.925362 0.986562
vt 0.927325 0.986562
vt 0.927325 0.995474
vt 0.925367 0.971455
vt 0.927330 0.971464
vt 0.927325 0.986562
vt 0.925362 0.986562
vt 0.925383 0.864580
vt 0.927347 0.864586
vt 0.927329 0.881026
vt 0.925365 0.881021
vt 0.925383 0.864580
vt 0.925389 0.855272
vt 0.927353 0.855607
vt 0.927347 0.864586
vt 0.921199 0.983532
vt 0.921207 0.974290
vt 0.923171 0.974296
vt 0.923164 0.983208
vt 0.921223 0.959183
vt 0.923187 0.959197
vt 0.923171 0.974296
vt 0.921207 0.974290
vt 0.921203 0.852314
vt 0.923167 0.852313
vt 0.923164 0.868753
vt 0.921200 0.868754
vt 0.921203 0.852314
vt 0.921201 0.843006
vt 0.923164 0.843334
vt 0.923167 0.852313
vt 0.902483 0.387024
vt 0.918912 0.387025
vt 0.918911 0.492366
vt 0.902482 0.492364
vt 0.902482 0.492364
vt 0.890687 0.492367
vt 0.890673 0.387027
vt 0.902483 0.387024
vt 0.874244 0.387036
vt 0.890673 0.387027
vt 0.890687 0.492367
vt 0.874258 0.492376
vt 0.421774 0.779141
vt 0.421364 0.785041
vt 0.394627 0.784375
vt 0.394574 0.779492
vt 0.362061 0.787957
vt 0.361954 0.783152
vt 0.388606 0.777907
vt 0.389035 0.783910
vt 0.071316 0.571037
vt 0.095282 0.572479
vt 0.095347 0.580023
vt 0.071180 0.580107
vt 0.030909 0.578385
vt 0.006998 0.578182
vt 0.006916 0.569106
vt 0.030486 0.570313
vt 0.363090 0.457505
vt 0.362982 0.453738
vt 0.381772 0.453785
vt 0.381884 0.457550
vt 0.436467 0.001761
vt 0.436610 0.006257
vt 0.410116 0.006216
vt 0.409973 0.001720
vt 0.039374 0.079865
vt 0.003007 0.079833
vt 0.006795 0.061592
vt 0.035585 0.061617
vt 0.128999 0.077395
vt 0.100207 0.077510
vt 0.100204 0.072257
vt 0.128993 0.072142
vt 0.090047 0.077520
vt 0.090183 0.072253
vt 0.100204 0.072257
vt 0.100207 0.077510
vt 0.053808 0.077079
vt 0.053689 0.071812
vt 0.090183 0.072253
vt 0.090047 0.077520
vt 0.053808 0.077079
vt 0.043662 0.077073
vt 0.043662 0.071820
vt 0.053689 0.071812
vt 0.158115 0.619998
vt 0.154354 0.619050
vt 0.155421 0.582339
vt 0.165059 0.584732
vt 0.154354 0.619050
vt 0.151753 0.618819
vt 0.152821 0.582083
vt 0.155421 0.582339
vt 0.293551 0.452174
vt 0.301078 0.452246
vt 0.301074 0.544366
vt 0.293549 0.544365
vt 0.358248 0.501912
vt 0.350771 0.500138
vt 0.351173 0.493629
vt 0.358631 0.495494
vt 0.350771 0.500138
vt 0.304693 0.500158
vt 0.305113 0.493622
vt 0.351173 0.493629
vt 0.132615 0.309902
vt 0.099251 0.312030
vt 0.104887 0.301207
vt 0.128028 0.299773
vt 0.193228 0.731618
vt 0.160271 0.724118
vt 0.166258 0.716041
vt 0.189381 0.718373
vt 0.064166 0.872899
vt 0.069874 0.862086
vt 0.069197 0.927195
vt 0.063343 0.919174
vt 0.631966 0.849337
vt 0.596597 0.851731
vt 0.596525 0.847027
vt 0.632016 0.846504
vt 0.174210 0.311883
vt 0.168603 0.300862
vt 0.201155 0.299898
vt 0.197362 0.311896
vt 0.593288 0.847158
vt 0.558016 0.849469
vt 0.558004 0.844508
vt 0.593171 0.844010
vt 0.165845 0.306851
vt 0.132295 0.309892
vt 0.137663 0.300431
vt 0.160620 0.294428
vt 0.141856 0.703131
vt 0.108248 0.701283
vt 0.113988 0.692639
vt 0.137108 0.690198
vt 0.058869 0.920252
vt 0.054762 0.930734
vt 0.052843 0.864902
vt 0.059428 0.873961
vt 0.589681 0.922198
vt 0.589393 0.992099
vt 0.587025 0.991970
vt 0.587237 0.922125
vt 0.232061 0.305449
vt 0.237397 0.313850
vt 0.203819 0.318279
vt 0.208911 0.304811
vt 0.594669 0.922744
vt 0.595230 0.992641
vt 0.592896 0.992592
vt 0.592339 0.922751
vt 0.109908 0.088540
vt 0.148234 0.088557
vt 0.148235 0.098352
vt 0.109907 0.098335
vt 0.001771 0.088688
vt 0.042519 0.088539
vt 0.042525 0.098334
vt 0.001788 0.098483
vt 0.140784 0.139084
vt 0.140697 0.215743
vt 0.073793 0.217697
vt 0.073885 0.136197
vt 0.042525 0.098334
vt 0.042519 0.088539
vt 0.109908 0.088540
vt 0.109907 0.098335
vt 0.215614 0.098352
vt 0.148235 0.098352
vt 0.148234 0.088557
vt 0.215623 0.088557
vt 0.245851 0.763499
vt 0.245902 0.776766
vt 0.229219 0.776768
vt 0.229168 0.763491
vt 0.245765 0.783651
vt 0.245816 0.796918
vt 0.229132 0.796920
vt 0.229081 0.783644
vt 0.300992 0.818602
vt 0.301043 0.831868
vt 0.284360 0.831870
vt 0.284309 0.818594
vt 0.266325 0.764426
vt 0.266375 0.777693
vt 0.249692 0.777695
vt 0.249641 0.764418
vt 0.287367 0.745313
vt 0.287418 0.758582
vt 0.270734 0.758582
vt 0.270683 0.745307
vt 0.266427 0.783511
vt 0.266478 0.796779
vt 0.249794 0.796779
vt 0.249743 0.783505
vt 0.266377 0.745341
vt 0.266427 0.758610
vt 0.249744 0.758610
vt 0.249693 0.745335
vt 0.245675 0.744115
vt 0.245725 0.757384
vt 0.229042 0.757383
vt 0.228991 0.744109
vt 0.644895 0.076821
vt 0.648354 0.097703
vt 0.611706 0.097703
vt 0.615174 0.076820
vt 0.612611 0.102822
vt 0.663021 0.102828
vt 0.665511 0.124801
vt 0.612144 0.124801
vt 0.652762 0.076093
vt 0.703173 0.076100
vt 0.703672 0.098082
vt 0.650304 0.098082
vt 0.671034 0.103601
vt 0.700755 0.103609
vt 0.704221 0.125046
vt 0.667572 0.125041
vt 0.834441 0.466001
vt 0.834447 0.458894
vt 0.869327 0.458956
vt 0.869328 0.465739
vt 0.496239 0.003798
vt 0.494815 0.043800
vt 0.439451 0.055361
vt 0.441194 0.004211
vt 0.950044 0.232578
vt 0.969716 0.228797
vt 0.971314 0.338768
vt 0.948033 0.343738
vt 0.952384 0.354970
vt 0.974219 0.355999
vt 0.970318 0.465676
vt 0.942867 0.464858
vt 0.950029 0.104314
vt 0.972409 0.107045
vt 0.978863 0.217883
vt 0.949929 0.214226
vt 0.996794 0.275038
vt 0.989318 0.275074
vt 0.989318 0.020767
vt 0.996794 0.020730
vt 0.756105 0.074320
vt 0.756114 0.089513
vt 0.706622 0.089665
vt 0.706610 0.074473
vt 0.706020 0.107511
vt 0.706016 0.094717
vt 0.756965 0.094637
vt 0.756969 0.107452
vt 0.101530 0.003283
vt 0.101527 0.016927
vt 0.055130 0.016923
vt 0.055126 0.003278
vt 0.308413 0.686891
vt 0.301735 0.686930
vt 0.301734 0.594193
vt 0.308412 0.594146
vt 0.973923 0.227194
vt 0.976765 0.227226
vt 0.976765 0.309932
vt 0.973923 0.309942
vt 0.324660 0.582182
vt 0.329983 0.582220
vt 0.330154 0.673713
vt 0.324480 0.673675
vt 0.568635 0.437030
vt 0.568635 0.421154
vt 0.622049 0.421141
vt 0.622049 0.437043
vt 0.742404 0.469806
vt 0.727257 0.469806
vt 0.727407 0.464264
vt 0.742334 0.464264
vt 0.628041 0.435624
vt 0.628036 0.422800
vt 0.681193 0.422796
vt 0.681185 0.435627
vt 0.942376 0.480217
vt 0.942376 0.475114
vt 0.946795 0.475114
vt 0.946795 0.480216
vt 0.165657 0.475043
vt 0.165657 0.485247
vt 0.142797 0.485247
vt 0.142797 0.475043
vt 0.947066 0.491414
vt 0.947066 0.486311
vt 0.951485 0.486311
vt 0.951485 0.491414
vt 0.271614 0.257395
vt 0.248754 0.257395
vt 0.248754 0.247190
vt 0.271614 0.247190
vt 0.271614 0.231884
vt 0.271614 0.242088
vt 0.248754 0.242088
vt 0.248754 0.231884
vt 0.935320 0.504275
vt 0.935320 0.499173
vt 0.939739 0.499173
vt 0.939739 0.504275
vt 0.102804 0.032236
vt 0.102804 0.042441
vt 0.079943 0.042441
vt 0.079943 0.032236
vt 0.944955 0.504606
vt 0.944955 0.499504
vt 0.949374 0.499504
vt 0.949374 0.504606
vt 0.077931 0.054996
vt 0.055071 0.054996
vt 0.055071 0.047343
vt 0.077931 0.047343
vt 0.077931 0.032036
vt 0.077931 0.042240
vt 0.055071 0.042240
vt 0.055071 0.032036
vt 0.773402 0.344990
vt 0.773325 0.416699
vt 0.704319 0.416806
vt 0.703495 0.343632
vt 0.646385 0.248013
vt 0.646766 0.268129
vt 0.576855 0.268139
vt 0.579228 0.248041
vt 0.570318 0.270022
vt 0.540563 0.270022
vt 0.537077 0.250586
vt 0.573673 0.250494
vt 0.541867 0.277784
vt 0.608118 0.277753
vt 0.610459 0.297864
vt 0.541454 0.297899
vt 0.645108 0.293991
vt 0.616096 0.293991
vt 0.612676 0.275058
vt 0.648530 0.275060
vt 0.448720 0.622727
vt 0.439799 0.624637
vt 0.441181 0.608417
vt 0.446442 0.607429
vt 0.344219 0.589768
vt 0.334900 0.591535
vt 0.336271 0.575299
vt 0.341481 0.574947
vt 0.128337 0.031652
vt 0.128733 0.049537
vt 0.105955 0.050191
vt 0.105038 0.031725
vt 0.128165 0.005593
vt 0.128196 0.022926
vt 0.105878 0.022420
vt 0.104983 0.004827
vt 0.343472 0.575125
vt 0.345817 0.559662
vt 0.354021 0.565850
vt 0.352404 0.576240
vt 0.334048 0.616255
vt 0.336012 0.600792
vt 0.344360 0.606854
vt 0.342615 0.616629
vt 0.131177 0.024295
vt 0.131101 0.005670
vt 0.154084 0.004600
vt 0.154516 0.023225
vt 0.130842 0.050245
vt 0.131242 0.033447
vt 0.153617 0.033161
vt 0.154148 0.050839
vt 0.311387 0.647204
vt 0.311387 0.615615
vt 0.319947 0.618561
vt 0.319947 0.645008
vt 0.217940 0.477324
vt 0.245095 0.460102
vt 0.244504 0.556060
vt 0.218849 0.556067
vt 0.338830 0.550737
vt 0.328227 0.550737
vt 0.324293 0.534023
vt 0.338956 0.530918
vt 0.354301 0.554568
vt 0.341745 0.554074
vt 0.351633 0.512252
vt 0.328242 0.518717
vt 0.325495 0.512252
vt 0.367701 0.512252
vt 0.370952 0.550737
vt 0.357935 0.550737
vt 0.379022 0.512252
vt 0.377517 0.550737
vt 0.370952 0.550737
vt 0.367701 0.512252
vt 0.465229 0.512252
vt 0.470926 0.512252
vt 0.470634 0.550737
vt 0.463270 0.550737
vt 0.503817 0.550737
vt 0.499240 0.512252
vt 0.507939 0.512252
vt 0.509709 0.550737
vt 0.542202 0.512334
vt 0.540713 0.550567
vt 0.509709 0.550737
vt 0.507939 0.512252
vt 0.550122 0.674010
vt 0.560221 0.672570
vt 0.560628 0.700541
vt 0.550332 0.700005
vt 0.561136 0.702973
vt 0.561136 0.719779
vt 0.548485 0.718865
vt 0.548485 0.701787
vt 0.045302 0.698688
vt 0.045339 0.708071
vt 0.029341 0.708071
vt 0.029305 0.698688
vt 0.134499 0.225861
vt 0.172108 0.225688
vt 0.172190 0.284469
vt 0.134535 0.284635
vt 0.068790 0.284469
vt 0.068790 0.225697
vt 0.131713 0.225681
vt 0.131698 0.284483
vt 0.001250 0.224401
vt 0.064172 0.224895
vt 0.064172 0.283671
vt 0.001266 0.283662
vt 0.176271 0.284744
vt 0.176287 0.225965
vt 0.213870 0.225492
vt 0.213880 0.284753
vt 0.543492 0.436278
vt 0.543351 0.418830
vt 0.560456 0.418830
vt 0.560596 0.436277
vt 0.018590 0.036109
vt 0.018731 0.053557
vt 0.001627 0.053557
vt 0.001486 0.036110
vt 0.529906 0.429505
vt 0.538630 0.429224
vt 0.538630 0.463431
vt 0.529906 0.463712
vt 0.915012 0.903593
vt 0.917089 0.943629
vt 0.879054 0.948456
vt 0.879814 0.906311
vt 0.967335 0.530458
vt 0.977400 0.530180
vt 0.977174 0.590328
vt 0.976455 0.470459
vt 0.967335 0.530458
vt 0.967335 0.530458
vt 0.970442 0.475101
vt 0.969942 0.594743
vt 0.967335 0.530458
vt 0.963949 0.592314
vt 0.962030 0.526438
vt 0.964082 0.476774
vt 0.958252 0.593677
vt 0.956134 0.477941
vt 0.964082 0.476774
vt 0.962030 0.526438
vt 0.950746 0.526030
vt 0.962030 0.526438
vt 0.949187 0.595515
vt 0.289049 0.019449
vt 0.288727 0.027273
vt 0.270969 0.029608
vt 0.270592 0.018232
vt 0.617716 0.182182
vt 0.617648 0.221073
vt 0.614272 0.220254
vt 0.614625 0.184870
vt 0.722343 0.115550
vt 0.751173 0.115169
vt 0.752486 0.130613
vt 0.721811 0.128547
vt 0.377589 0.052392
vt 0.377582 0.048537
vt 0.435783 0.048412
vt 0.435998 0.052243
vt 0.361252 0.025005
vt 0.361269 0.021150
vt 0.436627 0.022628
vt 0.436609 0.026482
vt 0.299062 0.049507
vt 0.299053 0.046409
vt 0.375528 0.046438
vt 0.375537 0.049537
vt 0.828131 0.117745
vt 0.828210 0.129536
vt 0.760155 0.129424
vt 0.760007 0.117110
vt 0.828562 0.097206
vt 0.828584 0.108999
vt 0.760443 0.109506
vt 0.760346 0.097169
vt 0.828627 0.077520
vt 0.828635 0.089313
vt 0.760497 0.089584
vt 0.760417 0.077246
vt 0.325009 0.086421
vt 0.265908 0.086438
vt 0.268348 0.068533
vt 0.324493 0.068533
vt 0.267102 0.098392
vt 0.296754 0.098392
vt 0.300260 0.115575
vt 0.263612 0.115584
vt 0.364667 0.116002
vt 0.305566 0.116019
vt 0.306014 0.098137
vt 0.362159 0.098137
vt 0.360994 0.069698
vt 0.364484 0.086185
vt 0.327836 0.086188
vt 0.331342 0.069698
vt 0.699920 0.502473
vt 0.659303 0.502469
vt 0.665758 0.482361
vt 0.693497 0.482361
vt 0.698396 0.482419
vt 0.739016 0.482401
vt 0.732751 0.503352
vt 0.704698 0.503353
vt 0.666265 0.530574
vt 0.662048 0.508217
vt 0.738492 0.508421
vt 0.733339 0.530574
vt 0.662362 0.534651
vt 0.738801 0.534651
vt 0.734567 0.556960
vt 0.667513 0.556783
vt 0.567005 0.522449
vt 0.568598 0.522205
vt 0.570019 0.636663
vt 0.568427 0.636841
vt 0.568992 0.645379
vt 0.571456 0.645496
vt 0.571874 0.759821
vt 0.569414 0.760104
vt 0.565154 0.645513
vt 0.567899 0.645437
vt 0.568319 0.760112
vt 0.565574 0.759983
vt 0.674324 0.748038
vt 0.674312 0.745834
vt 0.731637 0.746667
vt 0.731607 0.748868
vt 0.092396 0.331057
vt 0.092603 0.351633
vt 0.065869 0.351633
vt 0.065337 0.330993
vt 0.065080 0.355930
vt 0.035468 0.351633
vt 0.037312 0.331057
vt 0.024134 0.351633
vt 0.025701 0.331057
vt 0.010113 0.331057
vt 0.005944 0.351633
vt 0.143115 0.325213
vt 0.143408 0.349885
vt 0.118940 0.349885
vt 0.118695 0.325213
vt 0.101995 0.349885
vt 0.102144 0.325213
vt 0.272652 0.352766
vt 0.272872 0.328539
vt 0.297180 0.328539
vt 0.296971 0.352766
vt 0.313124 0.328539
vt 0.312815 0.352766
vt 0.181646 0.504628
vt 0.169513 0.448129
vt 0.182875 0.441375
vt 0.186723 0.491727
vt 0.196344 0.441725
vt 0.193812 0.496297
vt 0.205203 0.448199
vt 0.217609 0.467150
vt 0.579636 0.622758
vt 0.578922 0.609675
vt 0.592247 0.608332
vt 0.590438 0.624076
vt 0.608891 0.607836
vt 0.608883 0.623622
vt 0.627275 0.623787
vt 0.625685 0.609508
vt 0.637760 0.622751
vt 0.638981 0.610875
vt 0.478384 0.906123
vt 0.477313 0.830307
vt 0.520820 0.839890
vt 0.537755 0.905502
vt 0.537646 0.852888
vt 0.571953 0.855833
vt 0.570797 0.905806
vt 0.581628 0.892990
vt 0.592035 0.907932
vt 0.396788 0.574643
vt 0.420215 0.573061
vt 0.432602 0.619845
vt 0.397918 0.756677
vt 0.444741 0.642772
vt 0.447633 0.756619
vt 0.389904 0.753521
vt 0.334531 0.753497
vt 0.337301 0.641743
vt 0.389045 0.572057
vt 0.350536 0.617709
vt 0.359892 0.574183
vt 0.551304 0.057127
vt 0.554720 0.049232
vt 0.559648 0.052025
vt 0.552126 0.069363
vt 0.561841 0.068554
vt 0.470253 0.321014
vt 0.467201 0.310874
vt 0.470142 0.300943
vt 0.479870 0.318336
vt 0.477475 0.298645
vt 0.608339 0.005003
vt 0.617287 0.007117
vt 0.619032 0.024005
vt 0.604817 0.019690
vt 0.610389 0.032494
vt 0.651820 0.620295
vt 0.651820 0.607414
vt 0.672586 0.608837
vt 0.694841 0.624671
vt 0.678336 0.598398
vt 0.711153 0.598398
vt 0.717192 0.608837
vt 0.737669 0.620048
vt 0.737669 0.607852
vt 0.737713 0.716087
vt 0.737713 0.728969
vt 0.716947 0.727545
vt 0.694692 0.711712
vt 0.711197 0.737984
vt 0.678379 0.737984
vt 0.672341 0.727545
vt 0.651863 0.716335
vt 0.651863 0.728530
vt 0.820703 0.535697
vt 0.820665 0.576465
vt 0.809812 0.576455
vt 0.809811 0.535686
vt 0.793148 0.576455
vt 0.793148 0.535687
vt 0.776485 0.576456
vt 0.776485 0.535688
vt 0.765177 0.535689
vt 0.765178 0.576457
vt 0.927330 0.971464
vt 0.925367 0.971455
vt 0.925356 0.944156
vt 0.927319 0.944150
vt 0.925349 0.907521
vt 0.927313 0.907521
vt 0.925365 0.881021
vt 0.927329 0.881026
vt 0.923187 0.959197
vt 0.921223 0.959183
vt 0.921222 0.931886
vt 0.923186 0.931881
vt 0.921204 0.895253
vt 0.923168 0.895248
vt 0.921200 0.868754
vt 0.923164 0.868753
vt 0.667742 0.297935
vt 0.652477 0.272701
vt 0.674303 0.270107
vt 0.681757 0.299780
vt 0.696129 0.273257
vt 0.681887 0.235481
vt 0.696070 0.261683
vt 0.674244 0.264829
vt 0.667828 0.236285
vt 0.652418 0.262236
vt 0.868507 0.139969
vt 0.868492 0.150702
vt 0.847171 0.150767
vt 0.847746 0.140215
vt 0.825581 0.149398
vt 0.825655 0.138832
vt 0.804455 0.139674
vt 0.804438 0.150408
vt 0.733132 0.268427
vt 0.746154 0.295207
vt 0.724327 0.297801
vt 0.714907 0.267795
vt 0.702502 0.294651
vt 0.714608 0.333332
vt 0.702047 0.306402
vt 0.723874 0.303257
vt 0.732913 0.332717
vt 0.745700 0.305849
vt 0.511231 0.055513
vt 0.527147 0.068316
vt 0.515632 0.078036
vt 0.505423 0.061363
vt 0.463495 0.078074
vt 0.474104 0.061329
vt 0.468047 0.055458
vt 0.452984 0.068423
vt 0.526934 0.085223
vt 0.526933 0.088652
vt 0.514849 0.088643
vt 0.514850 0.085214
vt 0.462568 0.088639
vt 0.462569 0.085211
vt 0.451447 0.088635
vt 0.451448 0.085207
vt 0.061604 0.101608
vt 0.077444 0.115061
vt 0.065887 0.124212
vt 0.055711 0.107479
vt 0.013800 0.124280
vt 0.024355 0.107427
vt 0.018158 0.101530
vt 0.003208 0.115410
vt 0.155148 0.127410
vt 0.155147 0.130839
vt 0.143063 0.130832
vt 0.143065 0.127403
vt 0.090782 0.130827
vt 0.090783 0.127398
vt 0.079662 0.127395
vt 0.079661 0.130824
vt 0.573055 0.783809
vt 0.576096 0.763093
vt 0.590758 0.763167
vt 0.589784 0.783828
vt 0.601819 0.763167
vt 0.598907 0.783828
vt 0.604407 0.783828
vt 0.606386 0.763167
vt 0.629235 0.763167
vt 0.628307 0.783828
vt 0.723274 0.962087
vt 0.734420 0.978343
vt 0.716644 0.978033
vt 0.712731 0.958577
vt 0.679576 0.977479
vt 0.686709 0.949179
vt 0.709635 0.949099
vt 0.668775 0.949459
vt 0.684888 0.932171
vt 0.671038 0.932628
vt 0.652597 0.946194
vt 0.632688 0.977938
vt 0.627261 0.933959
vt 0.645963 0.923627
vt 0.628878 0.921659
vt 0.619456 0.938384
vt 0.618325 0.949629
vt 0.601060 0.962424
vt 0.602317 0.949174
vt 0.601423 0.977800
vt 0.461425 0.307250
vt 0.400218 0.238919
vt 0.397628 0.144375
vt 0.523184 0.264869
vt 0.523448 0.143734
vt 0.075578 0.398757
vt 0.049249 0.398757
vt 0.048154 0.382114
vt 0.005869 0.398757
vt 0.005878 0.382114
vt 0.002517 0.806537
vt 0.002501 0.708026
vt 0.013384 0.715716
vt 0.009883 0.806545
vt 0.028311 0.761605
vt 0.025492 0.806569
vt 0.041185 0.806588
vt 0.041727 0.763139
vt 0.056962 0.806603
vt 0.059693 0.697470
vt 0.065287 0.765651
vt 0.089220 0.806619
vt 0.067024 0.724196
vt 0.081669 0.767266
vt 0.087234 0.695724
vt 0.081511 0.723619
vt 0.113536 0.721044
vt 0.120281 0.806623
vt 0.135997 0.731779
vt 0.152824 0.806615
vt 0.148087 0.698910
vt 0.158250 0.693245
vt 0.158961 0.706966
vt 0.160477 0.741306
vt 0.178097 0.766070
vt 0.174191 0.743806
vt 0.182937 0.806597
vt 0.188439 0.765961
vt 0.224227 0.806616
vt 0.224222 0.721335
vt 0.196289 0.707741
vt 0.443084 0.327937
vt 0.447560 0.351947
vt 0.418356 0.351947
vt 0.419667 0.327937
vt 0.393892 0.351947
vt 0.392604 0.327937
vt 0.375796 0.351947
vt 0.375807 0.327937
vt 0.319849 0.327937
vt 0.319906 0.351947
vt 0.718658 0.790211
vt 0.718711 0.819362
vt 0.707570 0.823483
vt 0.672532 0.790412
vt 0.695094 0.823228
vt 0.682100 0.824684
vt 0.680777 0.838243
vt 0.633270 0.831769
vt 0.631113 0.790363
vt 0.618434 0.823546
vt 0.626726 0.836747
vt 0.598974 0.790190
vt 0.610678 0.822609
vt 0.608570 0.835577
vt 0.595297 0.824451
vt 0.586484 0.820824
vt 0.566872 0.791640
vt 0.584185 0.834743
vt 0.579227 0.832570
vt 0.529223 0.098517
vt 0.532737 0.084580
vt 0.541750 0.085152
vt 0.538230 0.103740
vt 0.543131 0.096491
vt 0.653018 0.940153
vt 0.653986 0.926487
vt 0.661427 0.930837
vt 0.657455 0.947760
vt 0.662027 0.938662
vt 0.451970 0.333045
vt 0.452691 0.321469
vt 0.461688 0.320279
vt 0.457409 0.340055
vt 0.463613 0.331326
vt 0.603636 0.943935
vt 0.603023 0.926360
vt 0.610056 0.929114
vt 0.608621 0.944047
vt 0.611544 0.936450
vt 0.404007 0.414375
vt 0.401816 0.441465
vt 0.379136 0.441181
vt 0.392212 0.414576
vt 0.365115 0.441181
vt 0.371964 0.414576
vt 0.337073 0.441181
vt 0.341548 0.414576
vt 0.323052 0.441181
vt 0.324987 0.414576
vt 0.283277 0.414576
vt 0.280988 0.441181
vt 0.480964 0.993750
vt 0.489643 0.980793
vt 0.498877 0.993120
vt 0.498823 0.943416
vt 0.527531 0.993297
vt 0.528078 0.942917
vt 0.542667 0.927324
vt 0.582769 0.994460
vt 0.584212 0.918893
vt 0.626798 0.876580
vt 0.635632 0.876725
vt 0.635660 0.870065
vt 0.626818 0.869920
vt 0.617968 0.876519
vt 0.617969 0.869858
vt 0.609133 0.876580
vt 0.609124 0.869920
vt 0.600287 0.876635
vt 0.600289 0.869975
vt 0.591438 0.876557
vt 0.591460 0.869896
vt 0.582596 0.876394
vt 0.582627 0.869734
vt 0.630948 0.880830
vt 0.640281 0.880692
vt 0.640311 0.886976
vt 0.630969 0.887115
vt 0.621620 0.880888
vt 0.621621 0.887172
vt 0.612287 0.880828
vt 0.612276 0.887112
vt 0.602942 0.880772
vt 0.602943 0.887056
vt 0.593593 0.880839
vt 0.593615 0.887123
vt 0.584252 0.880985
vt 0.584283 0.887269
vt 0.096092 0.064211
vt 0.089303 0.064485
vt 0.089257 0.059717
vt 0.096072 0.059444
vt 0.102867 0.064317
vt 0.102905 0.059550
vt 0.109682 0.064449
vt 0.109700 0.059681
vt 0.116480 0.064570
vt 0.116512 0.059803
vt 0.123314 0.064640
vt 0.123285 0.059873
vt 0.130128 0.064329
vt 0.130075 0.059561
vt 0.203992 0.111920
vt 0.212787 0.111834
vt 0.212785 0.117578
vt 0.203987 0.117664
vt 0.195198 0.111894
vt 0.195186 0.117638
vt 0.186398 0.111712
vt 0.186389 0.117456
vt 0.177593 0.111552
vt 0.177597 0.117296
vt 0.168787 0.111616
vt 0.168807 0.117360
vt 0.159988 0.111863
vt 0.160014 0.117608
vt 0.674265 0.132816
vt 0.665151 0.132728
vt 0.665152 0.138569
vt 0.674270 0.138658
vt 0.683378 0.132790
vt 0.683391 0.138632
vt 0.692497 0.132603
vt 0.692507 0.138445
vt 0.701622 0.132439
vt 0.701618 0.138281
vt 0.710748 0.132504
vt 0.710727 0.138346
vt 0.719867 0.132759
vt 0.719839 0.138601
vt 0.051657 0.063718
vt 0.044868 0.063992
vt 0.044822 0.059224
vt 0.051637 0.058950
vt 0.058432 0.063823
vt 0.058469 0.059056
vt 0.065248 0.063933
vt 0.065263 0.059165
vt 0.072046 0.064032
vt 0.072076 0.059264
vt 0.078878 0.064101
vt 0.078850 0.059334
vt 0.085693 0.063789
vt 0.085639 0.059022
vt 0.674148 0.143354
vt 0.663869 0.143423
vt 0.663893 0.149270
vt 0.674165 0.149201
vt 0.684434 0.143314
vt 0.684434 0.149161
vt 0.694719 0.143327
vt 0.694706 0.149174
vt 0.704996 0.143340
vt 0.704985 0.149188
vt 0.715268 0.143320
vt 0.715267 0.149167
vt 0.725541 0.143318
vt 0.725546 0.149165
vt 0.593539 0.886945
vt 0.584255 0.886876
vt 0.584277 0.881029
vt 0.593555 0.881098
vt 0.602830 0.886984
vt 0.602830 0.881137
vt 0.612119 0.886970
vt 0.612107 0.881124
vt 0.621402 0.886956
vt 0.621391 0.881109
vt 0.630679 0.886974
vt 0.630679 0.881126
vt 0.639959 0.886971
vt 0.639962 0.881124
vt 0.595048 0.869450
vt 0.586220 0.869566
vt 0.586246 0.875751
vt 0.595067 0.875635
vt 0.603883 0.869389
vt 0.603883 0.875574
vt 0.612714 0.869419
vt 0.612705 0.875604
vt 0.621536 0.869445
vt 0.621536 0.875630
vt 0.630353 0.869374
vt 0.630370 0.875559
vt 0.639173 0.869254
vt 0.639198 0.875438
vt 0.714473 0.142908
vt 0.724166 0.143012
vt 0.724140 0.149197
vt 0.714455 0.149093
vt 0.704773 0.142857
vt 0.704775 0.149042
vt 0.695077 0.142895
vt 0.695088 0.149080
vt 0.685391 0.142927
vt 0.685392 0.149112
vt 0.675710 0.142863
vt 0.675692 0.149048
vt 0.666025 0.142752
vt 0.665999 0.148936
vt 0.738032 0.832715
vt 0.708618 0.836229
vt 0.737253 0.810972
vt 0.708543 0.842939
vt 0.739924 0.852532
vt 0.281212 0.726744
vt 0.251366 0.738875
vt 0.236989 0.727134
vt 0.222972 0.690924
vt 0.298028 0.675957
vt 0.219909 0.645554
vt 0.292045 0.616154
vt 0.266586 0.582682
vt 0.236721 0.594762
vt 0.625350 0.627718
vt 0.642884 0.631593
vt 0.639633 0.644375
vt 0.627142 0.643265
vt 0.608676 0.627036
vt 0.608677 0.642483
vt 0.591989 0.628280
vt 0.590281 0.643566
vt 0.579813 0.642373
vt 0.579204 0.629452
vt 0.579061 0.633237
vt 0.638097 0.857259
vt 0.648918 0.857260
vt 0.648907 0.863994
vt 0.638090 0.863994
vt 0.628316 0.857235
vt 0.628315 0.863973
vt 0.616447 0.857236
vt 0.616456 0.863971
vt 0.604749 0.857235
vt 0.604763 0.863969
vt 0.594803 0.857290
vt 0.594816 0.864025
vt 0.583985 0.857388
vt 0.583997 0.864122
vt 0.628206 0.733700
vt 0.639149 0.733663
vt 0.639237 0.739937
vt 0.628222 0.739965
vt 0.617940 0.733629
vt 0.617903 0.739947
vt 0.638097 0.857259
vt 0.648918 0.857260
vt 0.648907 0.863994
vt 0.638090 0.863994
vt 0.628316 0.857235
vt 0.628315 0.863973
vt 0.616447 0.857236
vt 0.616456 0.863971
vt 0.604749 0.857235
vt 0.604763 0.863969
vt 0.594803 0.857290
vt 0.594816 0.864025
vt 0.583985 0.857388
vt 0.583997 0.864122
vt 0.628206 0.733700
vt 0.639149 0.733663
vt 0.639237 0.739937
vt 0.628222 0.739965
vt 0.617940 0.733629
vt 0.617903 0.739947
vt 0.638097 0.857259
vt 0.648918 0.857260
vt 0.648907 0.863994
vt 0.638090 0.863994
vt 0.628316 0.857235
vt 0.628315 0.863973
vt 0.616447 0.857236
vt 0.616456 0.863971
vt 0.604749 0.857235
vt 0.604763 0.863969
vt 0.594803 0.857290
vt 0.594816 0.864025
vt 0.583985 0.857388
vt 0.583997 0.864122
vt 0.628206 0.733700
vt 0.639149 0.733663
vt 0.639237 0.739937
vt 0.628222 0.739965
vt 0.617940 0.733629
vt 0.617903 0.739947
vt 0.638097 0.857259
vt 0.648918 0.857260
vt 0.648907 0.863994
vt 0.638090 0.863994
vt 0.628316 0.857235
vt 0.628315 0.863973
vt 0.616447 0.857236
vt 0.616456 0.863971
vt 0.604749 0.857235
vt 0.604763 0.863969
vt 0.594803 0.857290
vt 0.594816 0.864025
vt 0.583985 0.857388
vt 0.583997 0.864122
vt 0.628206 0.733700
vt 0.639149 0.733663
vt 0.639237 0.739937
vt 0.628222 0.739965
vt 0.617940 0.733629
vt 0.617903 0.739947
vt 0.638097 0.857259
vt 0.648918 0.857260
vt 0.648907 0.863994
vt 0.638090 0.863994
vt 0.628316 0.857235
vt 0.628315 0.863973
vt 0.616447 0.857236
vt 0.616456 0.863971
vt 0.604749 0.857235
vt 0.604763 0.863969
vt 0.594803 0.857290
vt 0.594816 0.864025
vt 0.583985 0.857388
vt 0.583997 0.864122
vt 0.628206 0.733700
vt 0.639149 0.733663
vt 0.639237 0.739937
vt 0.628222 0.739965
vt 0.617940 0.733629
vt 0.617903 0.739947
vt 0.283426 0.211929
vt 0.277031 0.217797
vt 0.271610 0.204557
vt 0.273710 0.191653
vt 0.292038 0.198474
vt 0.281867 0.179050
vt 0.638097 0.857259
vt 0.648918 0.857260
vt 0.648907 0.863994
vt 0.638090 0.863994
vt 0.628316 0.857235
vt 0.628315 0.863973
vt 0.616447 0.857236
vt 0.616456 0.863971
vt 0.604749 0.857235
vt 0.604763 0.863969
vt 0.594803 0.857290
vt 0.594816 0.864025
vt 0.583985 0.857388
vt 0.583997 0.864122
vt 0.628206 0.733700
vt 0.639149 0.733663
vt 0.639237 0.739937
vt 0.628222 0.739965
vt 0.617940 0.733629
vt 0.617903 0.739947
vt 0.627511 0.152309
vt 0.626488 0.168949
vt 0.618084 0.172724
vt 0.614141 0.156212
vt 0.621171 0.144819
vt 0.672364 0.652493
vt 0.651596 0.653919
vt 0.651595 0.641038
vt 0.694619 0.636660
vt 0.678114 0.662932
vt 0.710932 0.662932
vt 0.716971 0.652492
vt 0.737451 0.653476
vt 0.737451 0.641281
vt 0.720693 0.628430
vt 0.741626 0.628484
vt 0.741626 0.632538
vt 0.720693 0.632592
vt 0.712707 0.628430
vt 0.712707 0.632592
vt 0.679884 0.632592
vt 0.679884 0.628430
vt 0.672114 0.628430
vt 0.672114 0.632592
vt 0.650854 0.628484
vt 0.650854 0.632538
vt 0.716459 0.682993
vt 0.737227 0.681568
vt 0.737228 0.694449
vt 0.694204 0.698827
vt 0.710709 0.672554
vt 0.677891 0.672555
vt 0.671852 0.682994
vt 0.651372 0.682010
vt 0.651372 0.694206
vt 0.717761 0.703449
vt 0.738693 0.703503
vt 0.738693 0.707556
vt 0.717761 0.707610
vt 0.709774 0.703449
vt 0.709774 0.707610
vt 0.676952 0.707610
vt 0.676952 0.703449
vt 0.669181 0.703449
vt 0.669181 0.707610
vt 0.647922 0.703503
vt 0.647922 0.707556
vt 0.853152 0.312106
vt 0.868626 0.315590
vt 0.868568 0.434934
vt 0.852977 0.432717
vt 0.834815 0.313479
vt 0.834883 0.433958
vt 0.819316 0.315268
vt 0.819258 0.434612
vt 0.529834 0.130291
vt 0.529834 0.108942
vt 0.609645 0.108942
vt 0.609646 0.130291
vt 0.529837 0.156390
vt 0.609648 0.156383
vt 0.529840 0.192248
vt 0.609652 0.192240
vt 0.529843 0.218188
vt 0.609654 0.218188
vt 0.529844 0.239378
vt 0.609655 0.239378
vt 0.940592 0.907089
vt 0.940728 0.890657
vt 0.945157 0.892115
vt 0.945351 0.944834
vt 0.931872 0.926743
vt 0.931896 0.962781
vt 0.940658 0.983519
vt 0.940801 0.998606
vt 0.945228 0.997617
vt 0.752902 0.148381
vt 0.731074 0.148314
vt 0.731093 0.137581
vt 0.753054 0.137831
vt 0.773045 0.148161
vt 0.773492 0.137589
vt 0.795128 0.148639
vt 0.795144 0.137906
vt 0.511235 0.116669
vt 0.515767 0.094241
vt 0.527184 0.104520
vt 0.505526 0.110846
vt 0.463591 0.094239
vt 0.474255 0.110855
vt 0.468366 0.116688
vt 0.462917 0.110373
vt 0.453237 0.104735
vt 0.099242 0.100299
vt 0.094655 0.122684
vt 0.083290 0.112220
vt 0.104908 0.106112
vt 0.146842 0.122679
vt 0.136159 0.106111
vt 0.141987 0.100294
vt 0.157125 0.111923
vt 0.615883 0.917188
vt 0.596142 0.917276
vt 0.610313 0.902024
vt 0.620399 0.899339
vt 0.659820 0.917188
vt 0.623886 0.891082
vt 0.650363 0.889868
vt 0.669535 0.890103
vt 0.652355 0.866674
vt 0.666864 0.872538
vt 0.708980 0.917188
vt 0.691575 0.888552
vt 0.720206 0.871826
vt 0.698585 0.861945
vt 0.717459 0.859735
vt 0.737608 0.917188
vt 0.730681 0.881143
vt 0.728342 0.874518
vt 0.747719 0.902369
vt 0.753155 0.917188
vt 0.511821 0.291819
vt 0.507380 0.302801
vt 0.500403 0.300599
vt 0.497869 0.287414
vt 0.509287 0.278634
vt 0.502311 0.276432
vt 0.757039 0.008315
vt 0.764726 0.008343
vt 0.763928 0.051897
vt 0.756518 0.051892
vt 0.748852 0.008340
vt 0.748587 0.051891
vt 0.740598 0.051891
vt 0.740601 0.008356
vt 0.732347 0.008341
vt 0.732609 0.051891
vt 0.724160 0.008316
vt 0.724679 0.051892
vt 0.716475 0.008344
vt 0.717271 0.051897
vt 0.173666 0.600644
vt 0.180525 0.595892
vt 0.177968 0.685907
vt 0.172183 0.685156
vt 0.158438 0.642838
vt 0.159648 0.683580
vt 0.148390 0.642368
vt 0.147828 0.682829
vt 0.136009 0.682765
vt 0.134314 0.576331
vt 0.128739 0.602018
vt 0.129846 0.643428
vt 0.117254 0.601237
vt 0.116951 0.644961
vt 0.113103 0.574422
vt 0.111081 0.683628
vt 0.092428 0.598552
vt 0.086929 0.683330
vt 0.073607 0.610341
vt 0.061229 0.684171
vt 0.062270 0.577349
vt 0.055448 0.571359
vt 0.054088 0.584949
vt 0.044992 0.579327
vt 0.040654 0.645566
vt 0.035733 0.684896
vt 0.033264 0.646359
vt 0.004189 0.686291
vt 0.005318 0.602304
vt 0.026776 0.588057
vt 0.024686 0.447181
vt 0.004119 0.557900
vt 0.007022 0.460696
vt 0.055614 0.562118
vt 0.056935 0.470794
vt 0.456427 0.512252
vt 0.465229 0.512252
vt 0.463270 0.550737
vt 0.454377 0.550737
vt 0.440003 0.512252
vt 0.439939 0.550737
vt 0.438706 0.509028
vt 0.430665 0.550737
vt 0.424627 0.512252
vt 0.379022 0.512252
vt 0.377517 0.550737
vt 0.512613 0.442003
vt 0.519464 0.451723
vt 0.537160 0.483380
vt 0.496325 0.483234
vt 0.504551 0.438521
vt 0.483030 0.427953
vt 0.501962 0.426335
vt 0.476731 0.454806
vt 0.469723 0.483241
vt 0.452374 0.452623
vt 0.432424 0.454238
vt 0.448796 0.435339
vt 0.433839 0.435815
vt 0.419749 0.484149
vt 0.409579 0.460580
vt 0.404830 0.467225
vt 0.380072 0.476991
vt 0.561136 0.654728
vt 0.561136 0.671233
vt 0.548485 0.671049
vt 0.548485 0.652584
vt 0.561136 0.609686
vt 0.548485 0.617603
vt 0.548485 0.588386
vt 0.561136 0.581913
vt 0.548485 0.550261
vt 0.561136 0.543695
vt 0.561136 0.530482
vt 0.548485 0.536717
vt 0.561136 0.514918
vt 0.548485 0.520439
vt 0.548485 0.492253
vt 0.561136 0.492686
vt 0.557786 0.447139
vt 0.561046 0.446028
vt 0.548485 0.451319
vt 0.001584 0.161070
vt 0.001546 0.134462
vt 0.069842 0.133825
vt 0.069880 0.160433
vt 0.001622 0.189911
vt 0.069918 0.189274
vt 0.001659 0.216512
vt 0.069954 0.215883
vt 0.869210 0.994361
vt 0.869210 0.998768
vt 0.786086 0.998768
vt 0.786086 0.994360
vt 0.869210 0.971658
vt 0.786086 0.971657
vt 0.869210 0.938267
vt 0.786087 0.938266
vt 0.869211 0.904877
vt 0.786087 0.904876
vt 0.869211 0.882173
vt 0.786087 0.882173
vt 0.869211 0.877765
vt 0.786087 0.877765
vt 0.810519 0.007807
vt 0.818198 0.007815
vt 0.817283 0.051647
vt 0.809883 0.051607
vt 0.802336 0.007820
vt 0.801950 0.051598
vt 0.793950 0.051595
vt 0.794082 0.007828
vt 0.785797 0.007826
vt 0.786001 0.051590
vt 0.777575 0.007816
vt 0.778112 0.051599
vt 0.769888 0.007826
vt 0.770701 0.051637
vt 0.864401 0.007484
vt 0.872079 0.007492
vt 0.870970 0.052209
vt 0.863577 0.052200
vt 0.856224 0.007515
vt 0.855646 0.052197
vt 0.847646 0.052195
vt 0.847975 0.007538
vt 0.839692 0.007541
vt 0.839699 0.052193
vt 0.831472 0.007531
vt 0.831809 0.052194
vt 0.823790 0.007557
vt 0.824391 0.052201
vt 0.891478 0.868513
vt 0.905275 0.893400
vt 0.890839 0.895402
vt 0.884982 0.895469
vt 0.887907 0.869845
vt 0.875492 0.893599
vt 0.912782 0.840286
vt 0.914371 0.867099
vt 0.904613 0.855982
vt 0.903934 0.867810
vt 0.915618 0.888173
vt 0.914719 0.953728
vt 0.912159 0.997691
vt 0.873263 0.997478
vt 0.877765 0.951384
vt 0.916525 0.948044
vt 0.877196 0.946385
vt 0.036258 0.992252
vt 0.003036 0.992095
vt 0.004550 0.815224
vt 0.036414 0.815899
vt 0.045205 0.951777
vt 0.044275 0.874704
vt 0.053996 0.847917
vt 0.052693 0.815945
vt 0.068027 0.848668
vt 0.069184 0.815806
vt 0.085771 0.816372
vt 0.076987 0.874684
vt 0.076852 0.952314
vt 0.101369 0.993725
vt 0.102232 0.816772
vt 0.134233 0.994573
vt 0.135253 0.817571
vt 0.167619 0.995387
vt 0.167684 0.818404
vt 0.200975 0.995921
vt 0.200201 0.818449
vt 0.234249 0.994561
vt 0.232527 0.817699
vt 0.267272 0.992973
vt 0.264589 0.816158
vt 0.245469 0.224913
vt 0.242573 0.220926
vt 0.244240 0.202641
vt 0.248456 0.210658
vt 0.231730 0.203984
vt 0.236319 0.192190
vt 0.242573 0.220926
vt 0.482346 0.424544
vt 0.468541 0.425832
vt 0.466469 0.408880
vt 0.484242 0.407827
vt 0.460006 0.380608
vt 0.443569 0.409344
vt 0.440699 0.399845
vt 0.418164 0.384815
vt 0.497886 0.379690
vt 0.500802 0.406966
vt 0.524822 0.423652
vt 0.505945 0.430810
vt 0.522873 0.435605
vt 0.539176 0.379697
vt 0.532696 0.421061
vt 0.543680 0.409549
vt 0.551116 0.379530
vt 0.527295 0.278140
vt 0.529464 0.291583
vt 0.524727 0.302060
vt 0.517822 0.299096
vt 0.515653 0.285653
vt 0.520390 0.275175
vt 0.482834 0.304431
vt 0.480696 0.290968
vt 0.485457 0.280534
vt 0.492355 0.283562
vt 0.494493 0.297024
vt 0.489733 0.307459
vt 0.635363 0.709988
vt 0.608648 0.722724
vt 0.624527 0.696925
vt 0.608610 0.687492
vt 0.592685 0.697088
vt 0.581858 0.722568
vt 0.592851 0.656298
vt 0.608735 0.682090
vt 0.581814 0.681476
vt 0.608773 0.646856
vt 0.624703 0.656471
vt 0.634946 0.682579
vt 0.370189 0.135553
vt 0.384106 0.135541
vt 0.384104 0.139205
vt 0.370192 0.139216
vt 0.355309 0.139277
vt 0.355305 0.135613
vt 0.341394 0.135614
vt 0.341393 0.139277
vt 0.370109 0.126682
vt 0.384026 0.126670
vt 0.384024 0.130334
vt 0.370112 0.130346
vt 0.355230 0.130408
vt 0.355225 0.126744
vt 0.341314 0.126747
vt 0.341313 0.130411
vt 0.396422 0.204244
vt 0.357822 0.313163
vt 0.336898 0.310701
vt 0.381648 0.189928
vt 0.377025 0.178618
vt 0.307669 0.162508
vt 0.041124 0.435297
vt 0.008156 0.435625
vt 0.007131 0.421185
vt 0.040396 0.420047
vt 0.074112 0.419615
vt 0.074164 0.434241
vt 0.107748 0.418888
vt 0.107634 0.434906
vt 0.141216 0.422644
vt 0.141244 0.434708
vt 0.174748 0.419164
vt 0.174756 0.434966
vt 0.207980 0.419185
vt 0.208119 0.434787
vt 0.225292 0.417849
vt 0.224799 0.435200
vt 0.250155 0.424985
vt 0.249716 0.438927
vt 0.274201 0.438658
vt 0.275141 0.427244
vt 0.365649 0.382315
vt 0.365961 0.402506
vt 0.356312 0.402506
vt 0.356553 0.382315
vt 0.328174 0.382315
vt 0.327077 0.402506
vt 0.317146 0.402506
vt 0.315803 0.382315
vt 0.274723 0.382315
vt 0.273931 0.402506
vt 0.247475 0.382315
vt 0.248595 0.402506
vt 0.217365 0.382315
vt 0.218003 0.402506
vt 0.197260 0.402506
vt 0.194673 0.382315
vt 0.174668 0.402506
vt 0.173789 0.382315
vt 0.161285 0.382315
vt 0.163507 0.402506
vt 0.524167 0.706783
vt 0.523488 0.718785
vt 0.472039 0.709135
vt 0.473375 0.683305
vt 0.459633 0.684274
vt 0.456017 0.719012
vt 0.469997 0.624979
vt 0.452133 0.605001
vt 0.483309 0.580044
vt 0.488362 0.609622
vt 0.503074 0.583258
vt 0.506011 0.599754
vt 0.502039 0.570592
vt 0.488538 0.512252
vt 0.499240 0.512252
vt 0.498020 0.550737
vt 0.488096 0.550737
vt 0.470634 0.550737
vt 0.470926 0.512252
vt 0.659926 0.329030
vt 0.688460 0.311781
vt 0.689679 0.341309
vt 0.689701 0.375450
vt 0.628863 0.375433
vt 0.639633 0.331959
vt 0.636309 0.300880
vt 0.580599 0.316734
vt 0.573032 0.375433
vt 0.564015 0.316269
vt 0.545603 0.332897
vt 0.513604 0.375426
vt 0.534126 0.332850
vt 0.531056 0.316990
vt 0.508456 0.311352
vt 0.494471 0.312057
vt 0.483971 0.312211
vt 0.457432 0.372315
vt 0.509627 0.573305
vt 0.510956 0.566247
vt 0.516994 0.574267
vt 0.517678 0.559895
vt 0.523717 0.567917
vt 0.524361 0.575233
vt 0.961456 0.862674
vt 0.951300 0.861658
vt 0.952449 0.769226
vt 0.961176 0.769221
vt 0.965880 0.765295
vt 0.967215 0.865121
vt 0.971091 0.766241
vt 0.973041 0.864290
vt 0.977600 0.769082
vt 0.980055 0.863734
vt 0.973041 0.864290
vt 0.447451 0.076086
vt 0.447445 0.086084
vt 0.428137 0.086134
vt 0.435399 0.062521
vt 0.420877 0.062520
vt 0.408824 0.076081
vt 0.408829 0.086079
vt 0.407080 0.075963
vt 0.407075 0.085961
vt 0.387767 0.086020
vt 0.395028 0.062407
vt 0.380506 0.062406
vt 0.368454 0.075969
vt 0.368459 0.085966
vt 0.947386 0.989531
vt 0.952140 0.878598
vt 0.959187 0.877264
vt 0.958999 0.991400
vt 0.966246 0.972207
vt 0.958999 0.991400
vt 0.968935 0.991556
vt 0.965475 0.899096
vt 0.969867 0.972004
vt 0.967728 0.876835
vt 0.978927 0.988809
vt 0.971814 0.898890
vt 0.978848 0.876997
vt 0.985595 0.992263
vt 0.988777 0.875497
vt 0.324293 0.534023
vt 0.325495 0.512252
vt 0.328242 0.518717
vt 0.316734 0.512252
vt 0.305279 0.512252
vt 0.311865 0.541281
vt 0.318333 0.550737
vt 0.328227 0.550737
vt 0.943098 0.717407
vt 0.947692 0.718397
vt 0.947814 0.771181
vt 0.942951 0.732505
vt 0.934192 0.753233
vt 0.934169 0.789271
vt 0.942889 0.808926
vt 0.943026 0.825357
vt 0.947621 0.823899
vn -0.991525 -0.115377 0.059722000000000004
vn -0.991525 -0.115377 0.059722000000000004
vn -0.991525 -0.115377 0.059722000000000004
vn 0.884809 -0.419202 0.20342700000000002
vn 0.884809 -0.419202 0.20342700000000002
vn 0.884809 -0.419202 0.20342700000000002
vn 0.275683 -0.95607 -0.09964199999999994
vn 0.275683 -0.95607 -0.09964199999999994
vn 0.275683 -0.95607 -0.09964199999999994
vn 0.171568 0.917627 0.35850399999999993
vn 0.114701 0.929009 0.35183299999999995
vn 0.163665 0.930099 0.32883199999999996
vn 0.832276 0.25652900000000006 0.491436
vn -0.1139 0.04804000000000006 0.99233
vn 0.397156 -0.775086 0.49143500000000007
vn 0.907125 -0.416465 0.06066900000000003
vn 0.907125 -0.416465 0.06066900000000003
vn 0.907125 -0.416465 0.06066900000000003
vn 0.91519 -0.400443 0.04552400000000003
vn 0.91519 -0.400443 0.04552400000000003
vn 0.91519 -0.400443 0.04552400000000003
vn -0.9666 -0.255886 0.014359000000000016
vn -0.610933 -0.47928799999999994 0.630114
vn -0.154196 0.599772 0.785174
vn 0.210936 -0.945422 0.24835900000000005
vn 0.727943 -0.20623099999999997 0.653887
vn 0.527386 -0.29996999999999996 0.79491
vn 0.722826 -0.26591799999999993 0.637817
vn 0.188267 -0.40905699999999995 0.892876
vn -0.172733 -0.983724 0.04950400000000006
vn -0.539421 -0.842036 -1.99999999994844E-06
vn -0.327277 -0.587567 0.740037
vn -0.758783 0.03136900000000004 0.650588
vn -0.030506 0.31445600000000007 0.948782
vn -0.041848 0.998763 -0.026861000000000062
vn -0.490695 0.636781 0.594751
vn -0.530082 0.35494500000000007 0.770082
vn 0.611782 0.621446 0.48941499999999993
vn 0.57875 0.809103 0.10198299999999995
vn 0.611782 0.621446 0.48941499999999993
vn 0.064576 -0.47583999999999993 0.877158
vn 0.954773 -0.292089 0.05561000000000002
vn 0.954773 -0.292089 0.05561000000000002
vn 0.57875 0.809103 0.10198299999999995
vn 0.611782 0.621446 0.48941499999999993
vn -0.501921 0.40275800000000006 0.765416
vn 0.272439 0.698708 0.661502
vn 0.929228 0.369369 -0.010098000000000022
vn 0.764756 -0.621311 0.17064900000000002
vn 0.522484 -0.44032499999999997 0.730153
vn -0.094604 -0.705935 0.70193
vn 0.954773 -0.292089 0.05561000000000002
vn 0.064576 -0.47583999999999993 0.877158
vn -0.234313 -0.767152 0.59714
vn -0.229385 -0.554336 0.800059
vn -0.900904 0.39656 0.17638399999999999
vn -0.185052 -0.892832 0.41061800000000004
vn 0.020394 0.999488 0.02467399999999994
vn -0.090028 0.831084 0.548812
vn 0.67294 -0.15568499999999993 0.723128
vn 0.778246 -0.467451 0.41931100000000004
vn 0.145107 -0.2844419999999999 0.947648
vn -0.57898 -0.815185 -0.015982999999999952
vn 0.598298 -0.792388 0.11899900000000004
vn 0.303529 0.4286360000000001 0.850965
vn 0.644696 -0.20323599999999994 0.736928
vn -0.922163 -0.331567 0.19919700000000004
vn 0.091409 -0.764006 0.638702
vn -0.482453 -0.14821799999999993 0.86329
vn -0.029483 0.0014220000000000612 0.999564
vn -0.825794 -0.482999 0.29116500000000006
vn -0.307371 -0.48916599999999993 0.816235
vn -0.940456 0.339915 -3.000000000020814E-06
vn -0.940456 0.339915 -3.000000000020814E-06
vn -0.940456 0.339915 -3.000000000020814E-06
vn -0.940456 0.339915 -4.000000000020814E-06
vn -0.940456 0.339915 -4.000000000020814E-06
vn -0.940456 0.339915 -4.000000000020814E-06
vn 0.707107 0.707107 -4.329781621023438E-17
vn 0.707107 0.707107 -4.329781621023438E-17
vn -0.447215 0.894427 9.99999999945232E-07
vn -0.447215 0.894427 9.99999999945232E-07
vn -0.894428 0.447212 9.99999999972616E-07
vn 0.707107 0.707107 -4.329781621023438E-17
vn 0.707107 0.707107 -4.329781621023438E-17
vn 0.707107 0.707107 -4.329781621023438E-17
vn -0.447214 0.894427 -5.4767858131048484E-17
vn -0.447214 0.894427 -5.4767858131048484E-17
vn -0.894427 0.447214 -2.738395968169422E-17
vn 0.707107 0.707107 -4.329781621023438E-17
vn -0.089011 0.43780500000000006 0.894653
vn 0.185334 -0.791514 0.582372
vn 0.091886 -0.36767599999999995 0.925403
vn 0.091886 -0.36767599999999995 0.925403
vn -0.178848 0.815567 0.550331
vn -0.089011 0.43780500000000006 0.894653
vn -0.045339 -0.4434449999999999 0.895154
vn 0.063018 0.825524 0.560838
vn 0.023278 0.38603400000000004 0.922191
vn 0.023278 0.38603400000000004 0.922191
vn -0.073264 -0.833573 0.547529
vn -0.045339 -0.4434449999999999 0.895154
vn -0.966309 0.257387 8.899999999998423E-05
vn -0.592682 0.02507900000000005 0.805046
vn 0.141807 0.819094 0.555856
vn 0.115748 -0.770732 0.626557
vn -0.586525 0.513786 0.626109
vn -0.254802 0.09517800000000005 0.962298
vn 0.795147 0.604676 0.045922999999999964
vn 0.164446 0.986369 0.005783999999999939
vn 0.76035 0.648634 0.033792999999999955
vn 0.76035 0.648634 0.033792999999999955
vn 0.374736 0.926469 0.035052999999999945
vn 0.795147 0.604676 0.045922999999999964
vn -0.897607 0.438537 0.04458299999999997
vn -0.712767 0.700465 0.03622599999999996
vn -0.010405 0.999944 0.0019339999999999388
vn -0.903976 0.259527 0.339814
vn -0.903976 0.259527 0.339814
vn -0.903976 0.259527 0.339814
vn 0.962361 0.10341700000000001 0.251329
vn 0.962361 0.10341700000000001 0.251329
vn 0.962361 0.10341700000000001 0.251329
vn -0.169822 0.809871 0.561489
vn 0.037064 -0.654826 0.75487
vn -0.049741 -0.10091499999999995 0.993651
vn -0.416356 0.14072600000000005 0.898245
vn -0.866061 0.302134 0.398313
vn 0.441961 -0.16150299999999995 0.882376
vn 0.83567 -0.330311 0.438804
vn -0.416356 0.14072600000000005 0.898245
vn 0.411314 -0.20661099999999993 0.887768
vn 0.805451 -0.397847 0.43928
vn -0.673263 0.27801500000000007 0.685146
vn -0.67054 0.29758100000000004 0.679575
vn 0.411314 -0.20661099999999993 0.887768
vn 0.397156 -0.775086 0.49143500000000007
vn -0.1139 0.04804000000000006 0.99233
vn -0.62565 -0.608133 0.48860600000000004
vn -0.1139 0.04804000000000006 0.99233
vn -0.789918 0.3331740000000001 0.514806
vn -0.001141 0.872504 0.48860599999999993
vn -0.1139 0.04804000000000006 0.99233
vn 0.832276 0.25652900000000006 0.491436
vn -0.816847 0.562908 -0.12607700000000002
vn -0.763382 -0.500303 0.40858800000000006
vn -0.362561 0.640227 0.677244
vn -0.362561 0.640227 0.677244
vn -0.003391 0.977525 0.21079099999999995
vn -0.362561 0.640227 0.677244
vn -0.029483 0.0014220000000000612 0.999564
vn 0.248626 0.896917 0.3656829999999999
vn -0.610933 -0.47928799999999994 0.630114
vn -0.9666 -0.255886 0.014359000000000016
vn -0.353732 -0.910962 0.21218200000000006
vn 0.527386 -0.29996999999999996 0.79491
vn -0.610933 -0.47928799999999994 0.630114
vn -0.002079 0.560183 0.828367
vn 0.054794 0.48676400000000003 0.871813
vn 0.034688 0.08332800000000005 0.995918
vn 0.034688 0.08332800000000005 0.995918
vn 0.045665 -0.680029 0.731762
vn -0.555232 -0.581656 0.59447
vn 0.210936 -0.945422 0.24835900000000005
vn -0.172733 -0.983724 0.04950400000000006
vn 0.188267 -0.40905699999999995 0.892876
vn -0.555232 -0.581656 0.59447
vn -0.644488 0.28810800000000003 0.708258
vn 0.076634 0.03482400000000006 0.996451
vn 0.279441 -0.4426709999999999 0.85203
vn 0.279441 -0.4426709999999999 0.85203
vn -0.542066 0.36046600000000006 0.759097
vn 0.385522 0.42629300000000003 0.81832
vn 0.410161 0.836976 0.36227099999999995
vn 0.385522 0.42629300000000003 0.81832
vn 0.279441 -0.4426709999999999 0.85203
vn 0.076634 0.03482400000000006 0.996451
vn 0.857823 -0.388976 0.335912
vn 0.783199 -0.621738 0.006471000000000038
vn 0.93871 -0.340194 -0.05560899999999998
vn 0.804615 -0.36833899999999997 0.465747
vn 0.385522 0.42629300000000003 0.81832
vn -0.029483 0.0014220000000000612 0.999564
vn -0.307371 -0.48916599999999993 0.816235
vn 0.377651 -0.26083699999999993 0.88845
vn -0.415774 0.647213 0.638943
vn -0.029483 0.0014220000000000612 0.999564
vn -0.596052 0.780934 0.18672099999999994
vn -0.029483 0.0014220000000000612 0.999564
vn -0.589184 0.793116 0.15436899999999995
vn -0.906634 0.369752 0.20321999999999998
vn -0.922163 -0.331567 0.19919700000000004
vn -0.482453 -0.14821799999999993 0.86329
vn -0.482453 -0.14821799999999993 0.86329
vn -0.43789 0.11656000000000005 0.89144
vn 0.496051 -0.07852299999999994 0.864736
vn -0.43789 0.11656000000000005 0.89144
vn -0.482453 -0.14821799999999993 0.86329
vn -0.482453 -0.14821799999999993 0.86329
vn 0.091409 -0.764006 0.638702
vn 0.456303 -0.874224 -0.16589099999999996
vn 0.945891 -0.310288 0.09492500000000001
vn 0.517908 -0.017466999999999948 0.855258
vn 0.517908 -0.017466999999999948 0.855258
vn 0.528688 0.564233 0.634137
vn -0.803146 -0.03183499999999997 0.594932
vn -0.735047 -0.31565799999999994 0.600055
vn -0.960736 -0.237581 -0.14332199999999998
vn -0.803146 -0.03183499999999997 0.594932
vn -0.950643 -0.12905200000000003 -0.282177
vn 0.747218 -0.01402399999999996 0.66443
vn 0.996527 0.055445999999999995 -0.062124
vn 0.954771 0.16068500000000002 0.250185
vn -0.030506 0.31445600000000007 0.948782
vn 0.747218 -0.01402399999999996 0.66443
vn -0.426462 -0.26288399999999995 0.86546
vn -0.030506 0.31445600000000007 0.948782
vn -0.490695 0.636781 0.594751
vn 0.598298 -0.792388 0.11899900000000004
vn 0.644696 -0.20323599999999994 0.736928
vn -0.327277 -0.587567 0.740037
vn -0.327277 -0.587567 0.740037
vn -0.539421 -0.842036 -1.99999999994844E-06
vn 0.179597 0.98374 0.0008569999999999397
vn -0.334606 0.942358 -0.0001440000000000577
vn -0.331185 0.943566 0.0001979999999999422
vn 0.978677 0.205403 0.0008659999999999874
vn 0.179597 0.98374 0.0008569999999999397
vn 0.014859 0.99989 -0.0005180000000000613
vn 0.014862 0.999889 -0.0005190000000000613
vn -0.429763 0.902942 -0.0003810000000000553
vn -0.429763 0.902942 -0.0003810000000000553
vn -0.893053 -0.449952 0.00040700000000002757
vn 0.228333 0.973583 -5.961476523271388E-17
vn 0.228333 0.973583 -5.961476523271388E-17
vn -0.200246 0.979746 -5.999214014387113E-17
vn -0.200246 0.979746 -5.999214014387113E-17
vn -0.940039 -0.341068 2.0884391724579474E-17
vn -0.587117 0.13326900000000005 0.798457
vn -0.593277 0.28147900000000003 0.754183
vn -0.578119 0.27088600000000007 0.769674
vn -0.578119 0.27088600000000007 0.769674
vn -0.642531 0.05989700000000005 0.763915
vn 0.333234 0.942844 0.0007739999999999423
vn -0.18905 0.981968 -0.0004140000000000601
vn -0.182559 0.983195 0.0001879999999999398
vn 0.975614 0.219489 0.0009219999999999865
vn 0.333234 0.942844 0.0007739999999999423
vn -0.281974 0.614989 0.736396
vn -0.397183 0.866263 0.30304099999999995
vn -0.397183 0.866262 0.30304299999999995
vn 0.17073 -0.3723659999999999 0.912247
vn -0.281974 0.614989 0.736396
vn 0.874207 -0.485554 2.9731607595659694E-17
vn 0.874207 -0.485554 2.9731607595659694E-17
vn 0.781914 -0.434292 0.447214
vn 0.781914 -0.434292 0.447214
vn 0.276449 -0.15354599999999993 0.948683
vn 0.707107 0.707107 -4.329781621023438E-17
vn 0.707107 0.707107 -4.329781621023438E-17
vn -0.447214 0.894427 -5.4767858131048484E-17
vn -0.894427 0.447214 -2.738395968169422E-17
vn 0.707107 0.707107 -4.329781621023438E-17
vn -0.894427 -0.447214 2.738395968169422E-17
vn -0.447214 -0.894427 5.4767858131048484E-17
vn -0.894427 0.447214 -2.738395968169422E-17
vn -0.447214 0.894427 -5.4767858131048484E-17
vn -0.894427 -0.447214 2.738395968169422E-17
vn -0.447214 -0.894427 5.4767858131048484E-17
vn -0.894427 -0.447214 2.738395968169422E-17
vn 0.707107 -0.707107 4.329781621023438E-17
vn 0.707107 -0.707107 4.329781621023438E-17
vn 0.707107 -0.707107 4.329781621023438E-17
vn -0.447214 -0.894427 5.4767858131048484E-17
vn -0.894426 -0.447215 2.7384020914034178E-17
vn 0.707107 -0.707107 4.329781621023438E-17
vn 0.707107 -0.707107 4.329781621023438E-17
vn 0.707107 -0.707107 4.329781621023438E-17
vn 0.707107 0.707107 -4.329781621023438E-17
vn 0.707107 0.707107 -4.329781621023438E-17
vn -0.447214 0.894427 -5.4767858131048484E-17
vn -0.894427 0.447214 -2.738395968169422E-17
vn 0.707107 0.707107 -4.329781621023438E-17
vn -0.894427 -0.447213 2.7383898449354267E-17
vn -0.447214 -0.894427 5.4767858131048484E-17
vn -0.894427 0.447214 -2.738395968169422E-17
vn -0.447214 0.894427 -5.4767858131048484E-17
vn -0.894427 -0.447213 2.7383898449354267E-17
vn -0.447214 -0.894427 5.4767858131048484E-17
vn -0.894427 -0.447213 2.7383898449354267E-17
vn 0.707106 -0.707107 4.329781621023438E-17
vn 0.707106 -0.707107 4.329781621023438E-17
vn 0.707107 -0.707107 4.329781621023438E-17
vn -0.447214 -0.894427 -9.99999999945232E-07
vn -0.894427 -0.447214 2.738395968169422E-17
vn 0.707107 -0.707107 -9.999999999567022E-07
vn 0.707107 -0.707107 -9.999999999567022E-07
vn 0.707107 -0.707107 -9.999999999567022E-07
vn 0.141807 0.819094 0.555856
vn 0.241563 -0.518144 0.820472
vn 0.714567 0.699358 0.017122999999999958
vn 0.716209 0.697255 0.02967499999999996
vn 0.141807 0.819094 0.555856
vn 0.671834 0.531058 0.516349
vn 0.04134 0.08924100000000006 0.995152
vn 0.800209 0.599312 0.022165999999999964
vn 0.789212 0.613844 0.01845199999999996
vn 0.671834 0.531058 0.516349
vn -0.46747 0.41282500000000005 0.781695
vn -0.254802 0.09517800000000005 0.962298
vn -0.586525 0.513786 0.626109
vn -0.485986 0.39108200000000004 0.781584
vn -0.46747 0.41282500000000005 0.781695
vn -0.676584 0.735713 -0.030985000000000044
vn -0.298619 0.36647300000000005 0.881206
vn -0.605948 0.675302 0.42046799999999995
vn -0.605948 0.675302 0.42046799999999995
vn -0.671389 0.740321 -0.03408800000000005
vn 0.325708 -0.83865 0.43655600000000006
vn 0.343983 -0.938597 -0.02666699999999994
vn 0.347543 -0.937321 -0.02537299999999994
vn 0.167623 -0.38908199999999993 0.905824
vn 0.325708 -0.83865 0.43655600000000006
vn -0.47528 0.519439 0.710135
vn 0.338418 0.742988 0.577444
vn -0.655347 0.754688 0.031080999999999956
vn -0.666181 0.745765 0.006151999999999954
vn -0.47528 0.519439 0.710135
vn 0.115205 -0.936856 0.33019400000000004
vn -0.049741 -0.10091499999999995 0.993651
vn 0.037064 -0.654826 0.75487
vn 0.037064 -0.654826 0.75487
vn 0.10811 -0.960408 0.25676600000000005
vn 0.125285 -0.888672 0.4410970000000001
vn -0.411753 0.526518 0.743801
vn -0.084408 -0.59636 0.798267
vn -0.084408 -0.59636 0.798267
vn 0.12658 -0.891024 0.43595300000000003
vn -0.845496 0.10857600000000003 0.522827
vn 0.087666 0.01090000000000006 0.99609
vn -0.121488 0.02880600000000006 0.992175
vn -0.121488 0.02880600000000006 0.992175
vn -0.935027 0.14427300000000004 0.323897
vn 0.718327 -0.529581 0.45116600000000007
vn -0.02697 -0.02176999999999994 0.999399
vn 0.24722 -0.21140299999999995 0.945617
vn 0.24722 -0.21140299999999995 0.945617
vn 0.72881 -0.682018 0.06072200000000004
vn 0.668234 -0.671993 0.31920000000000004
vn 0.24722 -0.21140299999999995 0.945617
vn 0.648533 -0.710798 -0.2723439999999999
vn 0.24722 -0.21140299999999995 0.945617
vn -0.151775 0.19496500000000005 0.968996
vn -0.02697 -0.02176999999999994 0.999399
vn -0.778053 0.501198 0.3787289999999999
vn -0.712677 0.658777 0.24104999999999996
vn -0.673807 0.738838 0.010161999999999954
vn -0.659555 0.653679 -0.37106800000000006
vn -0.629771 0.698642 -0.33954000000000006
vn -0.712677 0.658777 0.24104999999999996
vn -0.670173 0.47942899999999994 -0.566583
vn -0.712677 0.658777 0.24104999999999996
vn -0.712677 0.658777 0.24104999999999996
vn -0.778053 0.501198 0.3787289999999999
vn -0.693296 -0.71667 0.07565800000000004
vn 0.46067 -0.870662 0.17242400000000005
vn -0.269679 -0.952596 0.14083400000000004
vn -0.269679 -0.952596 0.14083400000000004
vn -0.696719 -0.7134 0.07512500000000004
vn 0.397831 0.917345 0.014442999999999944
vn -0.061243 0.996614 0.05485499999999994
vn -0.112522 0.99199 0.05739299999999994
vn 0.994707 0.071111 -0.074176
vn 0.397831 0.917345 0.014442999999999944
vn -0.426638 -0.890826 0.15623300000000007
vn 0.936486 -0.341804 0.07850800000000002
vn 0.080908 -0.980049 0.18154400000000007
vn 0.080908 -0.980049 0.18154400000000007
vn -0.452988 -0.878003 0.15463600000000005
vn 0.236315 0.964323 -0.11931800000000005
vn 0.235568 0.964512 -0.11926300000000005
vn 0.956559 0.269793 -0.11048100000000001
vn 0.956776 0.269034 -0.11045600000000001
vn 0.236315 0.964323 -0.11931800000000005
vn -0.326424 -0.944339 0.040893000000000054
vn 0.972404 -0.200975 -0.11848499999999998
vn 0.181117 -0.983237 -0.02103399999999994
vn 0.181117 -0.983237 -0.02103399999999994
vn -0.324565 -0.944992 0.04059100000000006
vn 0.354497 -0.930431 0.09290000000000005
vn -0.160573 -0.980056 0.11707600000000006
vn -0.381611 -0.923639 0.03556900000000006
vn -0.160573 -0.980056 0.11707600000000006
vn -0.410406 -0.907854 0.08583200000000006
vn -0.445469 -0.895108 -0.018418999999999946
vn 0.354497 -0.930431 0.09290000000000005
vn 0.12281 -0.992304 -0.01581399999999994
vn 0.354497 -0.930431 0.09290000000000005
vn -0.44483 -0.894644 0.04169700000000005
vn -0.160573 -0.980056 0.11707600000000006
vn 0.12281 -0.992304 -0.01581399999999994
vn -0.460682 -0.88756 -0.003016999999999946
vn -0.160573 -0.980056 0.11707600000000006
vn -0.488978 -0.871873 0.027165000000000054
vn -0.494053 -0.86941 0.006257000000000053
vn -0.468557 -0.883418 -0.0051389999999999466
vn -0.521475 -0.852835 0.027153000000000052
vn -0.470316 -0.882484 -0.004893999999999946
vn -0.38415 -0.920899 0.06614100000000006
vn -0.471564 -0.881682 0.016254000000000057
vn -0.443422 -0.896244 0.011159000000000056
vn -0.437547 -0.899089 0.013860000000000056
vn 0.12281 -0.992304 -0.01581399999999994
vn -0.41576 -0.909419 0.010030000000000056
vn -0.190375 -0.973107 0.12969300000000006
vn 0.013049 -0.970936 0.23898300000000006
vn 0.547472 0.836787 0.007903999999999948
vn 0.968917 0.242701 0.04791899999999999
vn 0.686606 0.727016 0.004455999999999956
vn 0.686606 0.727016 0.004455999999999956
vn 0.452123 0.891956 2.1999999999945383E-05
vn 0.577887 0.815626 0.028312999999999953
vn 0.968917 0.242701 0.04791899999999999
vn 0.548452 0.835923 0.020810999999999948
vn 0.846911 0.517427 0.12252499999999997
vn 0.495287 0.868148 0.031783999999999944
vn 0.846911 0.517427 0.12252499999999997
vn 0.846911 0.517427 0.12252499999999997
vn 0.968917 0.242701 0.04791899999999999
vn 0.12281 -0.992304 -0.01581399999999994
vn 0.686606 0.727016 0.004455999999999956
vn 0.354497 -0.930431 0.09290000000000005
vn -0.160573 -0.980056 0.11707600000000006
vn 0.453324 0.891229 -0.014433000000000053
vn 0.686606 0.727016 0.004455999999999956
vn 0.454002 0.890998 0.0021979999999999452
vn 0.465241 0.885182 -0.002133000000000054
vn 0.500756 0.864836 0.036100999999999946
vn 0.521871 0.850536 0.06510899999999994
vn 0.846911 0.517427 0.12252499999999997
vn 0.538786 0.842307 0.015134999999999947
vn 0.437481 0.898994 0.020518999999999944
vn 0.449225 0.893408 -0.004372000000000055
vn 0.334386 0.941298 0.04630399999999994
vn 0.369538 0.925794 0.07966799999999995
vn 0.427217 0.904132 -0.005669000000000056
vn 0.444564 0.895694 -0.009795000000000055
vn 0.686606 0.727016 0.004455999999999956
vn 0.83567 -0.330311 0.438804
vn 0.441961 -0.16150299999999995 0.882376
vn 0.916716 -0.372284 -0.14503899999999997
vn 0.884085 -0.369573 -0.286025
vn 0.83567 -0.330311 0.438804
vn 0.836956 -0.346496 -0.42361
vn 0.837999 -0.335656 -0.430225
vn -0.664276 0.53955 0.517323
vn 0.197561 -0.17133799999999993 0.965201
vn -0.195536 0.15088700000000005 0.96902
vn -0.195536 0.15088700000000005 0.96902
vn -0.769161 0.629492 0.11013799999999996
vn -0.746809 0.614703 -0.25380500000000006
vn -0.746809 0.614703 -0.25380400000000003
vn -0.664276 0.539549 0.517323
vn 0.19756 -0.17133899999999994 0.965201
vn -0.195537 0.15088600000000005 0.96902
vn -0.195537 0.15088600000000005 0.96902
vn -0.769161 0.629492 0.11013799999999996
vn -0.746809 0.614703 -0.25380500000000006
vn -0.746809 0.614703 -0.25380400000000003
vn 0.553759 -0.652482 0.517318
vn -0.164346 0.20280000000000006 0.96533
vn 0.163107 -0.18550399999999995 0.969012
vn 0.163107 -0.18550399999999995 0.969012
vn 0.64117 -0.759481 0.10995400000000004
vn 0.622454 -0.740264 -0.25408699999999995
vn 0.622455 -0.740263 -0.25408699999999995
vn 0.568778 -0.639432 0.517319
vn -0.169016 0.19892400000000005 0.96533
vn 0.167376 -0.18166099999999993 0.969012
vn 0.167376 -0.18166099999999993 0.969012
vn 0.658655 -0.744368 0.10995500000000004
vn 0.639497 -0.725591 -0.25408699999999995
vn 0.6395 -0.72559 -0.2540859999999999
vn -0.653601 -0.552433 0.517324
vn 0.205069 0.16227600000000006 0.965201
vn -0.184596 -0.16408899999999996 0.96902
vn -0.184596 -0.16408899999999996 0.96902
vn -0.761468 -0.638777 0.11013800000000004
vn -0.742783 -0.619561 -0.25380499999999995
vn -0.742783 -0.619562 -0.25380499999999995
vn -0.559303 -0.828676 0.02184000000000005
vn 0.888645 -0.458071 0.02194000000000003
vn 0.433599 -0.9005 0.033046000000000054
vn 0.001201 -0.999852 0.01714700000000006
vn -0.720501 -0.693382 0.010029000000000041
vn 0.433599 -0.9005 0.033046000000000054
vn -0.653601 -0.552433 0.517323
vn 0.205069 0.16227700000000006 0.965201
vn -0.184596 -0.16408899999999996 0.96902
vn -0.184596 -0.16408899999999996 0.96902
vn -0.761468 -0.638777 0.11013800000000004
vn -0.742783 -0.619562 -0.2538059999999999
vn -0.742783 -0.619562 -0.2538059999999999
vn -0.559303 -0.828676 0.02184000000000005
vn -0.720501 -0.693382 0.010029000000000041
vn -0.740223 0.15082000000000004 0.655228
vn -0.999469 -0.032482 0.0026350000000000024
vn -0.559303 -0.828676 0.02184000000000005
vn -0.764366 0.618364 0.18267599999999998
vn -0.823644 0.566081 -0.03409900000000003
vn 0.164446 0.986369 0.005783999999999939
vn 0.76035 0.648634 0.033792999999999955
vn -0.998521 0.030311000000000005 0.04514
vn -0.712767 0.700465 0.03622599999999996
vn -0.897607 0.438537 0.04458299999999997
vn -0.897607 0.438537 0.04458299999999997
vn -0.998532 0.042763 0.033242
vn -0.871674 0.488915 0.03385999999999997
vn -0.46695 0.883769 0.030158999999999943
vn -0.871674 0.488915 0.03385999999999997
vn 0.261401 0.18404100000000007 0.947522
vn 0.682325 0.43953500000000006 0.584159
vn 0.389283 0.18542600000000006 0.902262
vn 0.389283 0.18542600000000006 0.902262
vn 0.439744 0.39035000000000003 0.808858
vn 0.41978 0.44214700000000007 0.792647
vn 0.404006 0.4096040000000001 0.817927
vn 0.248928 0.29319100000000003 0.923079
vn 0.228072 0.33638400000000007 0.91369
vn -0.892997 0.375907 -0.24748900000000001
vn -0.67054 0.29758100000000004 0.679575
vn -0.673263 0.27801500000000007 0.685146
vn -0.673263 0.27801500000000007 0.685146
vn -0.903209 0.34763 -0.251728
vn -0.83908 0.359004 -0.40873
vn -0.83418 0.39317 -0.38673
vn 0.720049 0.687826 -0.09178500000000005
vn -0.676196 0.731326 -0.08899800000000004
vn -0.198652 0.976021 -0.08899700000000006
vn -0.198652 0.976021 -0.08899700000000006
vn 0.720049 0.687827 -0.09178500000000005
vn 0.916936 -0.386748 -0.09825899999999997
vn 0.916936 -0.386748 -0.09825899999999997
vn 0.223968 -0.970253 -0.09190599999999995
vn -0.204526 -0.974951 -0.08740399999999994
vn -0.837636 -0.53893 -0.08899899999999997
vn -0.995688 -0.026149000000000006 -0.088999
vn -0.18307 -0.838366 0.513447
vn 0.068361 -0.889615 0.45156700000000005
vn -0.029483 0.0014220000000000612 0.999564
vn -0.029483 0.0014220000000000612 0.999564
vn -0.362561 0.640227 0.677244
vn -0.763382 -0.500303 0.40858800000000006
vn -0.816847 0.562908 -0.12607700000000002
vn -0.587117 0.13326900000000005 0.798457
vn -0.642531 0.05989700000000005 0.763915
vn 0.532361 -0.36392399999999997 0.764297
vn 0.593314 -0.29627999999999993 0.748463
vn -0.587117 0.13326900000000005 0.798457
vn 0.683025 -0.34528799999999993 0.643625
vn 0.346714 -0.18453999999999995 0.919638
vn -0.259799 0.45400300000000005 0.852283
vn -0.278258 0.44296800000000003 0.852263
vn -0.396629 0.592718 0.700979
vn -0.236923 0.3322820000000001 0.912938
vn 0.081759 -0.529889 0.844117
vn 0.129019 -0.508004 0.851637
vn 0.183287 -0.749226 0.636448
vn 0.100119 -0.48222399999999993 0.870308
vn 0.088524 -0.43478399999999995 0.896173
vn 0.140523 -0.730996 0.667756
vn 0.730595 -0.3352609999999999 0.594836
vn 0.043985 -0.651282 0.75756
vn -0.029495 -0.617871 0.785727
vn 0.669071 -0.42813599999999996 0.60749
vn -0.740529 -0.51695 0.4293950000000001
vn -0.014705 -0.791485 0.611012
vn 0.749466 -0.18116199999999996 0.636774
vn -0.626266 -0.776048 -0.07443399999999996
vn 0.562307 -0.43407899999999994 0.703837
vn 0.963563 0.265901 -0.029032000000000016
vn 0.875165 0.443427 0.19353999999999996
vn 0.78745 0.612318 0.07064299999999996
vn 0.338418 0.742988 0.577444
vn 0.3781 0.20442000000000005 0.902913
vn 0.562307 -0.43407899999999994 0.703837
vn 0.338418 0.742988 0.577444
vn -0.47528 0.519439 0.710135
vn -0.036283 -0.016716999999999937 0.999202
vn 0.562307 -0.43407899999999994 0.703837
vn 0.012851 -0.709308 0.704782
vn 0.078827 -0.995827 0.045981000000000063
vn 0.086017 -0.995558 0.03826900000000006
vn -0.056055 -0.513496 0.856259
vn -0.790994 -0.09210199999999996 0.604852
vn -0.730323 -0.623257 0.27960500000000005
vn -0.730323 -0.623257 0.27960500000000005
vn -0.365387 -0.708462 0.6038
vn 0.287858 0.09236600000000006 0.953209
vn 0.602212 -0.23186299999999996 0.763924
vn 0.740494 -0.19190799999999997 0.64408
vn -0.324979 0.48055100000000006 0.81453
vn -0.2984 0.837211 0.4582959999999999
vn -0.790994 -0.09210199999999996 0.604852
vn -0.73147 0.599968 0.32402299999999995
vn -0.730323 -0.623257 0.27960500000000005
vn 0.521177 -0.06351499999999995 0.851082
vn 0.435729 -0.00010799999999994488 0.900078
vn 0.8231 0.49074 0.28579699999999997
vn 0.994022 0.075692 0.078685
vn 0.521177 -0.06351499999999995 0.851082
vn 0.746356 0.59228 0.30357499999999993
vn 0.501634 0.76409 0.40562299999999996
vn 0.891462 0.306645 0.333564
vn 0.625131 -0.08756699999999996 0.775593
vn 0.622273 -0.24006299999999994 0.745081
vn 0.622273 -0.24006299999999994 0.745081
vn -0.46747 0.41282500000000005 0.781695
vn -0.485986 0.39108200000000004 0.781584
vn -0.180269 -0.983617 6.02291705318461E-17
vn -0.180269 -0.983617 6.02291705318461E-17
vn -0.180269 -0.983617 6.02291705318461E-17
vn -0.180269 -0.983617 6.02291705318461E-17
vn 0.18027 0.983617 -6.02291705318461E-17
vn 0.18027 0.983617 -6.02291705318461E-17
vn 0.18027 0.983617 -6.02291705318461E-17
vn 0.180269 0.983617 9.999999999397708E-07
vn -0.186008 -0.982548 6.016371316043167E-17
vn -0.186007 -0.982548 1.0000000000601636E-06
vn -0.186008 -0.982548 6.016371316043167E-17
vn -0.186008 -0.982548 6.016371316043167E-17
vn 0.193985 0.981004 -6.00691704275375E-17
vn 0.193985 0.981004 -6.00691704275375E-17
vn 0.193985 0.981004 -6.00691704275375E-17
vn 0.193985 0.981004 -6.00691704275375E-17
vn -0.90678 -0.421605 2.5815860687725994E-17
vn -0.90678 -0.421605 2.5815860687725994E-17
vn -0.90678 -0.421605 2.5815860687725994E-17
vn -0.90678 -0.421605 2.5815860687725994E-17
vn 0.90678 0.421605 -2.5815860687725994E-17
vn 0.90678 0.421605 -2.5815860687725994E-17
vn 0.90678 0.421605 -2.5815860687725994E-17
vn 0.90678 0.421605 -2.5815860687725994E-17
vn 0.326969 0.945035 -5.786670439161094E-17
vn 0.326968 0.945035 9.999999999421332E-07
vn 0.326969 0.945035 -5.786670439161094E-17
vn 0.326969 0.945035 -5.786670439161094E-17
vn -0.326969 -0.945035 -9.999999999421332E-07
vn -0.326969 -0.945035 -1.999999999942133E-06
vn -0.326969 -0.945035 -9.999999999421332E-07
vn -0.326968 -0.945035 -9.999999999421332E-07
vn -0.052916 0.998599 -6.114655344908739E-17
vn -0.052915 0.998599 -6.114655344908739E-17
vn -0.052916 0.998599 -6.114655344908739E-17
vn -0.052916 0.998599 -6.114655344908739E-17
vn 0.052912 -0.998599 1.0000000000611464E-06
vn 0.052911 -0.998599 6.114655344908739E-17
vn 0.052912 -0.998599 1.0000000000611464E-06
vn 0.052912 -0.998599 2.0000000000611464E-06
vn -0.087002 0.996208 -6.100014692424932E-17
vn -0.087001 0.996208 -1.000000000061E-06
vn -0.087002 0.996208 -6.100014692424932E-17
vn -0.087003 0.996208 9.999999999389998E-07
vn 0.087004 -0.996208 6.100014692424932E-17
vn 0.087003 -0.996208 -9.999999999389998E-07
vn 0.087004 -0.996208 6.100014692424932E-17
vn 0.087005 -0.996208 1.000000000061E-06
vn 0.326967 0.945036 9.999999999421332E-07
vn 0.326968 0.945036 9.999999999421332E-07
vn 0.326967 0.945036 9.999999999421332E-07
vn 0.326967 0.945036 9.999999999421332E-07
vn -0.326967 -0.945036 -9.999999999421332E-07
vn -0.326968 -0.945036 -9.999999999421332E-07
vn -0.326967 -0.945036 -9.999999999421332E-07
vn -0.326967 -0.945036 -9.999999999421332E-07
vn -0.906778 -0.421608 2.5816044384745862E-17
vn -0.906778 -0.421608 2.5816044384745862E-17
vn -0.906778 -0.421608 2.5816044384745862E-17
vn -0.906778 -0.421608 2.5816044384745862E-17
vn 0.906779 0.421606 -2.5815921920065948E-17
vn 0.906779 0.421606 -2.5815921920065948E-17
vn 0.906779 0.421606 -2.5815921920065948E-17
vn 0.906779 0.421606 -2.5815921920065948E-17
vn -0.921729 0.387834 -2.374798333502573E-17
vn -0.921729 0.387834 -2.374798333502573E-17
vn -0.921729 0.387834 -2.374798333502573E-17
vn -0.921729 0.387834 -2.374798333502573E-17
vn 0.915398 -0.402551 2.464913968217831E-17
vn 0.915398 -0.402551 2.464913968217831E-17
vn 0.915398 -0.402551 2.464913968217831E-17
vn 0.915398 -0.402551 2.464913968217831E-17
vn -0.924222 0.381856 -2.3381936406760584E-17
vn -0.924222 0.381856 -2.3381936406760584E-17
vn -0.924222 0.381856 -2.3381936406760584E-17
vn -0.924222 0.381856 -2.3381936406760584E-17
vn 0.924547 -0.381067 1.0000000000233336E-06
vn 0.924547 -0.381068 2.333368532287418E-17
vn 0.924547 -0.381067 1.0000000000233336E-06
vn 0.924548 -0.381066 2.0000000000233335E-06
vn 0.886391 -0.429904 0.17173600000000003
vn 0.88642 -0.42984 0.17174700000000004
vn 0.886391 -0.429904 0.17173600000000003
vn 0.886362 -0.429969 0.17172500000000002
vn -0.601682 -0.798736 4.8908474288188014E-17
vn -0.601681 -0.798736 4.8908474288188014E-17
vn -0.601682 -0.798736 4.8908474288188014E-17
vn -0.601682 -0.798736 -9.999999999510914E-07
vn 0.601328 0.799002 -1.0000000000489248E-06
vn 0.601328 0.799002 -1.0000000000489248E-06
vn 0.601328 0.799002 -1.0000000000489248E-06
vn 0.601328 0.799003 -4.8924823322956635E-17
vn 0.601682 0.798736 -4.8908474288188014E-17
vn 0.601682 0.798736 -4.8908474288188014E-17
vn 0.601682 0.798736 -4.8908474288188014E-17
vn 0.601682 0.798736 9.999999999510914E-07
vn -0.601329 -0.799002 1.0000000000489248E-06
vn -0.601329 -0.799002 1.0000000000489248E-06
vn -0.601329 -0.799002 1.0000000000489248E-06
vn -0.601329 -0.799002 1.0000000000489248E-06
vn -0.576268 -0.631247 0.519079
vn -0.217592 -0.846111 0.48657000000000006
vn 0.085965 -0.900532 0.42620800000000003
vn -0.091662 -0.931958 0.35078700000000007
vn -0.5704 5.02942233737632E-17 0.821367
vn -0.5704 5.02942233737632E-17 0.821367
vn -0.5704 5.02942233737632E-17 0.821367
vn -0.5704 5.02942233737632E-17 0.821367
vn -0.91237 -0.409268 -0.008955999999999976
vn -0.909464 -0.41561 -0.011995999999999974
vn -0.91237 -0.409268 -0.008955999999999976
vn -0.915224 -0.402902 -0.005913999999999976
vn 0.912776 0.408355 0.009285999999999977
vn 0.910293 0.413793 0.011926999999999974
vn 0.912776 0.408355 0.009285999999999977
vn 0.91522 0.4029 0.0066439999999999754
vn 0.388883 -0.828664 0.40259800000000007
vn 0.37004 -0.8385 0.39998600000000006
vn 0.388883 -0.828664 0.40259800000000007
vn 0.407548 -0.818449 0.40502600000000005
vn 0.003809 -0.01552099999999994 0.999872
vn 0.0066 -0.01278199999999994 0.999897
vn 0.003809 -0.01552099999999994 0.999872
vn 0.001017 -0.018259999999999936 0.999833
vn -0.912371 -0.409267 -0.008954999999999975
vn -0.909465 -0.415608 -0.011994999999999974
vn -0.912371 -0.409267 -0.008954999999999975
vn -0.915223 -0.402903 -0.005914999999999976
vn 0.912776 0.408356 0.009285999999999977
vn 0.910293 0.413793 0.011926999999999974
vn 0.912776 0.408356 0.009285999999999977
vn 0.915219 0.402901 0.0066439999999999754
vn 0.388883 -0.828664 0.40259800000000007
vn 0.37004 -0.8385 0.39998600000000006
vn 0.388883 -0.828664 0.40259800000000007
vn 0.407548 -0.818449 0.40502600000000005
vn 0.003809 -0.01552099999999994 0.999872
vn 0.0066 -0.01278199999999994 0.999897
vn 0.003809 -0.01552099999999994 0.999872
vn 0.001017 -0.018259999999999936 0.999833
vn -0.676196 0.731326 -0.08899800000000004
vn -0.837636 -0.53893 -0.08899899999999997
vn -0.995688 -0.026149000000000006 -0.088999
vn -0.198652 0.976021 -0.08899700000000006
vn -0.894834 -0.446398 -0.0004329999999999727
vn -0.894865 -0.446337 -0.0003619999999999727
vn -0.894834 -0.446398 -0.0004329999999999727
vn -0.894834 -0.446398 -0.0004329999999999727
vn -0.622768 -0.782407 -0.0002379999999999521
vn -0.622872 -0.782324 -0.0001639999999999521
vn -0.622768 -0.782407 -0.0002379999999999521
vn -0.622768 -0.782407 -0.0002379999999999521
vn 0.894912 -0.410074 -0.17598799999999998
vn 0.893579 -0.411561 -0.17925799999999997
vn 0.894912 -0.410074 -0.17598799999999998
vn 0.896232 -0.408581 -0.17271599999999998
vn 0.0723 -0.951732 0.29829500000000003
vn 0.072652 -0.951882 0.29773000000000005
vn 0.045665 -0.680029 0.731762
vn 0.034688 0.08332800000000005 0.995918
vn 0.145107 -0.2844419999999999 0.947648
vn 0.778246 -0.467451 0.41931100000000004
vn 0.448774 0.620659 0.64295
vn -0.776796 -0.3292629999999999 0.536819
vn -0.57898 -0.815185 -0.015982999999999952
vn 0.145107 -0.2844419999999999 0.947648
vn -0.830273 -0.557357 -9.999999999658717E-07
vn -0.530082 0.35494500000000007 0.770082
vn -0.234313 -0.767152 0.59714
vn 0.064576 -0.47583999999999993 0.877158
vn 0.611782 0.621446 0.48941499999999993
vn 0.93871 -0.340194 -0.05560899999999998
vn 0.410161 0.836976 0.36227099999999995
vn 0.385522 0.42629300000000003 0.81832
vn 0.804615 -0.36833899999999997 0.465747
vn 0.303529 0.4286360000000001 0.850965
vn -0.758783 0.03136900000000004 0.650588
vn -0.327277 -0.587567 0.740037
vn 0.644696 -0.20323599999999994 0.736928
vn 0.527386 -0.29996999999999996 0.79491
vn 0.727943 -0.20623099999999997 0.653887
vn -0.154196 0.599772 0.785174
vn -0.610933 -0.47928799999999994 0.630114
vn 0.188267 -0.40905699999999995 0.892876
vn 0.722826 -0.26591799999999993 0.637817
vn 0.139024 0.4125170000000001 0.900279
vn -0.555232 -0.581656 0.59447
vn -0.421187 0.906974 -5.553614030049358E-17
vn -0.421187 0.906974 -5.553614030049358E-17
vn -0.421187 0.906974 -5.553614030049358E-17
vn -0.421187 0.906974 9.999999999444638E-07
vn 0.197985 -0.20617199999999994 0.958277
vn 0.197909 -0.21747999999999995 0.95579
vn 0.197985 -0.20617199999999994 0.958277
vn 0.198035 -0.19483699999999995 0.960636
vn 0.421187 -0.906974 5.553614030049358E-17
vn 0.421187 -0.906974 -9.999999999444638E-07
vn 0.421187 -0.906974 5.553614030049358E-17
vn 0.421187 -0.906974 5.553614030049358E-17
vn 0.41632 -0.909218 -0.00048499999999994435
vn 0.416267 -0.909243 -0.00045799999999994435
vn 0.41632 -0.909218 -0.00048499999999994435
vn 0.416372 -0.909194 -0.0005119999999999444
vn 0.768759 0.639538 -3.9160408231655004E-17
vn 0.768759 0.639538 -3.9160408231655004E-17
vn 0.768759 0.639538 -3.9160408231655004E-17
vn 0.768759 0.639538 -3.9160408231655004E-17
vn -0.76876 -0.639538 3.9160408231655004E-17
vn -0.76876 -0.639538 3.9160408231655004E-17
vn -0.76876 -0.639538 3.9160408231655004E-17
vn -0.76876 -0.639538 3.9160408231655004E-17
vn 0.768759 0.639538 -3.9160408231655004E-17
vn 0.768759 0.639538 -3.9160408231655004E-17
vn 0.768759 0.639538 -3.9160408231655004E-17
vn 0.768759 0.639538 -3.9160408231655004E-17
vn -0.768759 -0.639538 3.9160408231655004E-17
vn -0.768759 -0.639538 3.9160408231655004E-17
vn -0.768759 -0.639538 3.9160408231655004E-17
vn -0.768759 -0.639538 3.9160408231655004E-17
vn 0.609016 0.793158 -4.8566920295905823E-17
vn 0.609016 0.793158 -4.8566920295905823E-17
vn 0.609016 0.793158 -4.8566920295905823E-17
vn 0.609016 0.793158 -4.8566920295905823E-17
vn -0.609017 -0.793158 4.8566920295905823E-17
vn -0.609017 -0.793158 4.8566920295905823E-17
vn -0.609017 -0.793158 4.8566920295905823E-17
vn -0.609017 -0.793158 4.8566920295905823E-17
vn 0.609016 0.793158 -4.8566920295905823E-17
vn 0.609016 0.793158 -4.8566920295905823E-17
vn 0.609016 0.793158 -4.8566920295905823E-17
vn 0.609016 0.793158 -4.8566920295905823E-17
vn -0.609016 -0.793158 4.8566920295905823E-17
vn -0.609016 -0.793158 4.8566920295905823E-17
vn -0.609016 -0.793158 4.8566920295905823E-17
vn -0.609016 -0.793158 4.8566920295905823E-17
vn -0.669225 0.74306 -4.5499302528721614E-17
vn -0.669225 0.74306 -4.5499302528721614E-17
vn -0.669225 0.74306 -4.5499302528721614E-17
vn -0.669225 0.74306 -4.5499302528721614E-17
vn 0.669225 -0.74306 4.5499302528721614E-17
vn 0.669225 -0.74306 4.5499302528721614E-17
vn 0.669225 -0.74306 4.5499302528721614E-17
vn 0.669225 -0.74306 4.5499302528721614E-17
vn 0.669225 -0.74306 4.5499302528721614E-17
vn 0.669225 -0.74306 4.5499302528721614E-17
vn 0.669225 -0.74306 4.5499302528721614E-17
vn 0.669225 -0.74306 4.5499302528721614E-17
vn -0.669225 0.74306 -4.5499302528721614E-17
vn -0.669225 0.74306 -4.5499302528721614E-17
vn -0.669225 0.74306 -4.5499302528721614E-17
vn -0.669225 0.74306 -4.5499302528721614E-17
vn 0.078079 0.47162300000000007 0.878337
vn -0.942714 -0.14319199999999999 0.301309
vn -0.937136 -0.13336499999999998 0.322475
vn 0.101649 0.4765980000000001 0.873225
vn 0.960132 0.272093 -0.06413000000000002
vn 0.958862 0.280969 -0.04050500000000001
vn 0.078079 0.47162300000000007 0.878337
vn 0.101649 0.4765980000000001 0.873225
vn 0.167009 -0.007689999999999939 0.985925
vn -0.943099 0.04342500000000002 0.329664
vn -0.943099 0.04342500000000002 0.329666
vn 0.16701 -0.007689999999999939 0.985925
vn 0.998942 -0.045996 2.816442708679083E-18
vn 0.998942 -0.045996 2.816442708679083E-18
vn 0.167009 -0.007689999999999939 0.985925
vn 0.16701 -0.007689999999999939 0.985925
vn -0.593992 0.804406 0.010211999999999952
vn -0.326044 -0.06526199999999995 0.943099
vn -0.344795 -0.06716799999999995 0.936272
vn -0.595577 0.803181 0.013737999999999952
vn 0.484059 -0.826042 0.28868900000000003
vn 0.471257 -0.826886 0.30688200000000004
vn -0.344795 -0.06716799999999995 0.936272
vn -0.326044 -0.06526199999999995 0.943099
vn -0.31397 -0.44800199999999996 0.837088
vn -0.28468 -0.38624499999999995 0.877367
vn -0.31397 -0.44800199999999996 0.837088
vn -0.341283 -0.50694 0.791541
vn 0.330448 0.40053500000000003 0.85462
vn 0.264662 0.34184500000000007 0.901718
vn 0.330448 0.40053500000000003 0.85462
vn 0.392932 0.45522300000000004 0.798984
vn -0.603587 -0.797297 4.882036095098937E-17
vn -0.603587 -0.797297 4.882036095098937E-17
vn -0.603587 -0.797297 4.882036095098937E-17
vn -0.603586 -0.797298 -9.999999999511795E-07
vn 0.212195 -0.977227 2.0000000000598377E-06
vn 0.212196 -0.977227 2.0000000000598377E-06
vn 0.212195 -0.977227 2.0000000000598377E-06
vn 0.212194 -0.977228 2.0000000000598377E-06
vn -0.42471 0.905329 9.999999999445646E-07
vn -0.424711 0.905329 9.999999999445646E-07
vn -0.42471 0.905329 9.999999999445646E-07
vn -0.42471 0.90533 -5.5435474333603663E-17
vn 0.552944 0.831404 -0.05495000000000005
vn 0.552944 0.831405 -0.05495000000000005
vn 0.552944 0.831404 -0.05495000000000005
vn 0.552944 0.831404 -0.05495000000000005
vn 0.299557 -0.954078 5.842042844184542E-17
vn 0.299557 -0.954078 5.842042844184542E-17
vn 0.299557 -0.954078 5.842042844184542E-17
vn 0.299557 -0.954078 5.842042844184542E-17
vn 0.991516 0.129982 -7.959102012338563E-18
vn 0.991517 0.129981 -7.959040779998607E-18
vn 0.991516 0.129982 -7.959102012338563E-18
vn 0.991516 0.129982 -1.000000000007959E-06
vn -0.991349 0.13125 -8.036744619404506E-18
vn -0.991349 0.13125 -8.036744619404506E-18
vn -0.991349 0.13125 -8.036744619404506E-18
vn -0.991349 0.13125 -8.036744619404506E-18
vn -0.374492 0.92723 -5.677646257867002E-17
vn -0.374491 0.92723 -1.0000000000567764E-06
vn -0.374492 0.92723 -5.677646257867002E-17
vn -0.374494 0.92723 9.999999999432235E-07
vn -0.74087 0.17024400000000003 0.649714
vn -0.680244 0.17094200000000007 0.712774
vn -0.74087 0.17024400000000003 0.649714
vn -0.795826 0.16824200000000003 0.581683
vn 0.744559 -0.18404599999999996 0.641684
vn 0.679061 -0.14971399999999996 0.718653
vn 0.744559 -0.18404599999999996 0.641684
vn 0.801575 -0.21628099999999997 0.557405
vn -0.634271 -0.772674 -0.025966999999999952
vn -0.648176 -0.75972 -0.05190699999999995
vn -0.634271 -0.772674 -0.025966999999999952
vn -0.619711 -0.78483 -9.99999999951943E-07
vn -0.828775 0.559355 -0.015942000000000036
vn -0.837757 0.545112 -0.031876000000000036
vn -0.828775 0.559355 -0.015942000000000036
vn -0.819347 0.573298 -3.510437803287896E-17
vn 0.798907 -0.601455 -9.999999999631714E-07
vn 0.798906 -0.601455 3.682849702905856E-17
vn 0.798907 -0.601455 -9.999999999631714E-07
vn 0.798907 -0.601455 -9.999999999631714E-07
vn -0.79693 0.599964 -0.07032400000000004
vn -0.79693 0.599965 -0.07032400000000004
vn -0.79693 0.599964 -0.07032400000000004
vn -0.79693 0.599964 -0.07032500000000004
vn -0.601453 -0.798909 1.000000000048919E-06
vn -0.601451 -0.79891 4.89191287153406E-17
vn -0.601453 -0.798909 1.000000000048919E-06
vn -0.601454 -0.798908 3.000000000048919E-06
vn 0.798907 -0.601454 3.682843579671861E-17
vn 0.798908 -0.601454 -9.999999999631716E-07
vn 0.798907 -0.601454 3.682843579671861E-17
vn 0.798907 -0.601454 3.682843579671861E-17
vn 0.983638 -0.134547 0.11980600000000001
vn 0.98074 -0.156296 0.11713200000000001
vn 0.983638 -0.134547 0.11980600000000001
vn 0.986055 -0.11273199999999998 0.122422
vn -0.936393 0.348821 0.03861599999999998
vn -0.97101 0.220756 0.09169099999999998
vn -0.936393 0.348821 0.03861599999999998
vn -0.88266 0.469765 -0.01524700000000003
vn 0.9283 -0.3688 -0.04737899999999998
vn 0.82145 -0.56824 0.04820900000000004
vn 0.9283 -0.3688 -0.04737899999999998
vn 0.979147 -0.147111 -0.140109
vn -0.945976 0.314278 0.07974699999999998
vn -0.978071 0.147812 0.146727
vn -0.945976 0.314278 0.07974699999999998
vn -0.882448 0.470301 0.01011799999999997
vn 0.992006 -0.114984 0.05198500000000001
vn 0.992904 -0.111287 0.04191500000000001
vn 0.992006 -0.114984 0.05198500000000001
vn 0.990994 -0.118667 0.062048000000000006
vn -0.985621 0.16446 0.038780999999999996
vn -0.980563 0.186102 0.06215399999999999
vn -0.985621 0.16446 0.038780999999999996
vn -0.989654 0.142647 0.015367999999999991
vn -0.993813 0.107869 0.026445999999999994
vn -0.997301 0.073278 0.0044949999999999955
vn -0.993813 0.107869 0.026445999999999994
vn -0.988645 0.142279 0.04835199999999999
vn 0.994107 -0.108262 0.005589000000000007
vn 0.98999 -0.140378 -0.014628999999999991
vn 0.994107 -0.108262 0.005589000000000007
vn 0.996775 -0.075987 0.025799000000000002
vn -0.920606 0.390318 -0.011695000000000025
vn -0.807164 0.583609 0.08880099999999996
vn -0.920606 0.390318 -0.011695000000000025
vn -0.978507 0.17348 -0.11148500000000001
vn 0.940229 -0.337466 0.04566900000000002
vn 0.977566 -0.174409 0.11809600000000002
vn 0.940229 -0.337466 0.04566900000000002
vn 0.871652 -0.489309 -0.02827499999999997
vn -0.73979 -0.672838 4.119944515223534E-17
vn -0.739789 -0.672838 4.119944515223534E-17
vn -0.73979 -0.672838 4.119944515223534E-17
vn -0.739791 -0.672837 1.0000000000411994E-06
vn 0.739791 0.672837 -4.1199383919895386E-17
vn 0.739791 0.672837 -4.1199383919895386E-17
vn 0.739791 0.672837 -4.1199383919895386E-17
vn 0.739791 0.672837 -4.1199383919895386E-17
vn -0.739791 -0.672837 4.1199383919895386E-17
vn -0.739791 -0.672837 4.1199383919895386E-17
vn -0.739791 -0.672837 4.1199383919895386E-17
vn -0.739791 -0.672837 4.1199383919895386E-17
vn 0.739791 0.672837 -4.1199383919895386E-17
vn 0.739791 0.672837 -4.1199383919895386E-17
vn 0.739791 0.672837 -4.1199383919895386E-17
vn 0.739791 0.672837 -4.1199383919895386E-17
vn 0.951695 -0.307045 0.00042700000000001884
vn 0.179597 0.98374 0.0008569999999999397
vn 0.978677 0.205403 0.0008659999999999874
vn 0.953616 -0.301024 -0.00012199999999998157
vn -0 6.123233995736766E-17 1
vn -0 6.123233995736766E-17 1
vn -0 6.123233995736766E-17 1
vn 0 6.123233995736766E-17 1
vn -0.73952 -0.67285 0.01959200000000004
vn -0.739627 -0.67276 0.01857600000000004
vn -0.73952 -0.67285 0.01959200000000004
vn -0.739411 -0.672939 0.020607000000000042
vn 0.671982 -0.740207 -0.023094999999999956
vn 0.671236 -0.740507 -0.03305799999999995
vn 0.671982 -0.740207 -0.023094999999999956
vn 0.672662 -0.739834 -0.013129999999999954
vn 0 6.123233995736766E-17 1
vn 0 6.123233995736766E-17 1
vn 0 6.123233995736766E-17 1
vn 0 6.123233995736766E-17 1
vn 0.73987 0.672561 0.01595899999999996
vn 0.739815 0.672637 0.015278999999999958
vn 0.73987 0.672561 0.01595899999999996
vn 0.739924 0.672485 0.01663899999999996
vn -0.673325 0.738968 -0.023675000000000047
vn -0.673682 0.738265 -0.03342000000000005
vn -0.673325 0.738968 -0.023675000000000047
vn -0.672903 0.7396 -0.013928000000000045
vn 0.739791 0.672836 -4.119932268755543E-17
vn 0.739791 0.672836 -4.119932268755543E-17
vn 0.739791 0.672836 -4.119932268755543E-17
vn 0.739791 0.672836 -4.119932268755543E-17
vn 0.672836 -0.739791 4.529913400940098E-17
vn 0.672836 -0.739791 4.529913400940098E-17
vn 0.672836 -0.739791 4.529913400940098E-17
vn 0.672836 -0.739791 4.529913400940098E-17
vn -0.672836 0.739791 -4.529913400940098E-17
vn -0.672836 0.739791 -4.529913400940098E-17
vn -0.672836 0.739791 -4.529913400940098E-17
vn -0.672836 0.739791 -4.529913400940098E-17
vn -0.739791 -0.672836 4.119932268755543E-17
vn -0.739791 -0.672836 4.119932268755543E-17
vn -0.739791 -0.672836 4.119932268755543E-17
vn -0.739791 -0.672836 4.119932268755543E-17
vn -0 6.123233995736766E-17 1
vn 0 6.123233995736766E-17 1
vn -0 6.123233995736766E-17 1
vn -0 6.123233995736766E-17 1
vn -0.601315 -0.799008 0.002776000000000049
vn -0.601304 -0.799017 0.002495000000000049
vn -0.601315 -0.799008 0.002776000000000049
vn -0.601325 -0.798998 0.003057000000000049
vn -0.798992 0.601321 0.004951999999999963
vn -0.798992 0.601321 0.004953999999999964
vn -0.798992 0.601321 0.004951999999999963
vn -0.798992 0.601321 0.004950999999999963
vn 0.798996 -0.601323 0.004043000000000036
vn 0.798996 -0.601323 0.004043000000000036
vn 0.798996 -0.601323 0.004043000000000036
vn 0.798996 -0.601323 0.004042000000000036
vn 0.60134 0.798989 0.002776999999999951
vn 0.601353 0.798978 0.003058999999999951
vn 0.60134 0.798989 0.002776999999999951
vn 0.601326 0.799 0.002494999999999951
vn -0.010624 -0.01383699999999994 0.999848
vn -0.010647 -0.01423899999999994 0.999842
vn -0.010624 -0.01383699999999994 0.999848
vn -0.010601 -0.01343499999999994 0.999854
vn -0.03338 -0.04207999999999994 0.998556
vn -0.033405 -0.04248299999999994 0.998539
vn -0.03338 -0.04207999999999994 0.998556
vn -0.033356 -0.041675999999999935 0.998574
vn -0.960014 -0.279953 1.7142177268084948E-17
vn -0.170229 -0.049640999999999935 0.984153
vn -0.170229 -0.049640999999999935 0.984153
vn -0.960014 -0.279953 1.7142177268084948E-17
vn 0.899644 0.262349 0.349019
vn 0.899644 0.262349 0.349018
vn -0.170229 -0.049640999999999935 0.984153
vn -0.170229 -0.049640999999999935 0.984153
vn 0.112715 -0.061546999999999935 0.991719
vn -0.839825 0.45858 0.29051399999999994
vn -0.839825 0.458579 0.29051399999999994
vn 0.112716 -0.061546999999999935 0.991719
vn 0.877072 -0.478917 0.03719600000000003
vn 0.877072 -0.478917 0.03719600000000003
vn 0.112715 -0.061546999999999935 0.991719
vn 0.112716 -0.061546999999999935 0.991719
vn -0.351994 0.08231500000000005 0.932376
vn -0.2429 0.04912000000000006 0.968807
vn -0.351994 0.08231500000000005 0.932376
vn -0.456045 0.11433000000000006 0.882583
vn 0.272839 -0.06499999999999995 0.959861
vn 0.378015 -0.09744999999999994 0.920656
vn 0.272839 -0.06499999999999995 0.959861
vn 0.163938 -0.03166199999999994 0.985962
vn -0.515556 0.40201400000000004 0.756695
vn -0.515575 0.40201500000000007 0.756682
vn -0.515556 0.40201400000000004 0.756695
vn -0.515538 0.40201200000000004 0.756708
vn 0.651845 0.13674300000000006 0.745922
vn 0.649549 0.13766700000000007 0.747752
vn 0.651845 0.13674300000000006 0.745922
vn 0.654135 0.13581700000000005 0.744084
vn 0.167792 0.501338 0.848826
vn 0.167792 0.501338 0.848826
vn 0.167792 0.501338 0.848826
vn 0.167793 0.501339 0.848826
vn 0.054669 0.17494200000000004 0.98306
vn 0.054669 0.17494200000000004 0.98306
vn 0.054669 0.17494200000000004 0.98306
vn 0.054669 0.17494200000000004 0.98306
vn -0.893053 -0.449952 0.00040700000000002757
vn -0.429763 0.902942 -0.0003810000000000553
vn -0.601192 -0.799104 0.0005300000000000489
vn -0.601195 -0.799102 0.0005300000000000489
vn -0.940039 -0.341068 2.0884391724579474E-17
vn -0.200246 0.979746 -5.999214014387113E-17
vn -0.710895 -0.703298 4.306458222733676E-17
vn -0.710895 -0.703298 4.306458222733676E-17
vn -0.432583 -0.17754599999999995 0.88394
vn -0.432582 -0.17754599999999995 0.88394
vn -0.432583 -0.17754599999999995 0.88394
vn -0.432583 -0.17754599999999995 0.88394
vn 0.074429 0.47799100000000005 0.875206
vn 0.07443 0.47799200000000003 0.875205
vn 0.074429 0.47799100000000005 0.875206
vn 0.074428 0.4779900000000001 0.875206
vn 0.005659 -0.00798499999999994 0.999952
vn 0.005659 -0.00798499999999994 0.999952
vn 0.005659 -0.00798499999999994 0.999952
vn 0.005659 -0.00798499999999994 0.999952
vn -0.29869 0.2637050000000001 0.917193
vn -0.29869 0.2637050000000001 0.917194
vn -0.29869 0.2637050000000001 0.917193
vn -0.298691 0.26370600000000005 0.917193
vn 0.405873 -0.91393 -0.00031399999999994404
vn 0.406306 -0.913737 -0.0004579999999999441
vn 0.405873 -0.91393 -0.00031399999999994404
vn 0.405439 -0.914122 -0.00016999999999994404
vn -0.416324 0.909217 9.999999999443264E-07
vn -0.416275 0.909239 5.7999999999944327E-05
vn -0.416324 0.909217 9.999999999443264E-07
vn -0.416373 0.909194 -5.600000000005567E-05
vn -0.90845 -0.417453 -0.021262999999999976
vn -0.908502 -0.41735 -0.021045999999999974
vn -0.90845 -0.417453 -0.021262999999999976
vn -0.908397 -0.417556 -0.021479999999999975
vn 0.426739 -0.904375 -0.0004119999999999446
vn 0.426422 -0.904524 -0.0003129999999999446
vn 0.426739 -0.904375 -0.0004119999999999446
vn 0.427057 -0.904225 -0.0005119999999999446
vn 0.90855 0.417231 -0.021350000000000025
vn 0.908608 0.417117 -0.021108000000000023
vn 0.90855 0.417231 -0.021350000000000025
vn 0.908492 0.417345 -0.021592000000000024
vn -0 1.0000000000612324E-06 1
vn -1E-06 1.0000000000612324E-06 1
vn -0 1.0000000000612324E-06 1
vn 1E-06 1.0000000000612324E-06 1
vn 0.268024 -0.963412 0.000673000000000059
vn 0.417003 -0.908866 0.008406000000000056
vn 0.268024 -0.963412 0.000673000000000059
vn 0.112282 -0.993651 -0.007076999999999939
vn 0.865276 0.500758 -0.02323300000000003
vn 0.814391 0.57956 -0.029621000000000036
vn 0.865276 0.500758 -0.02323300000000003
vn 0.908512 0.417529 -0.016638000000000024
vn 0 6.123233995736766E-17 1
vn 0 6.123233995736766E-17 1
vn 0 6.123233995736766E-17 1
vn 0 6.123233995736766E-17 1
vn 0.579694 -0.814791 0.00838300000000005
vn 0.72192 -0.691976 0.0007500000000000424
vn 0.579694 -0.814791 0.00838300000000005
vn 0.416963 -0.908788 0.015719000000000056
vn -0.94321 -0.331432 -0.02254299999999998
vn -0.969708 -0.242513 -0.029227999999999987
vn -0.94321 -0.331432 -0.02254299999999998
vn -0.90855 -0.417482 -0.015661999999999975
vn -0.79892 0.601437 -3.6827394846939333E-17
vn -0.79892 0.601437 -3.6827394846939333E-17
vn -0.79892 0.601437 -3.6827394846939333E-17
vn -0.79892 0.601437 -3.6827394846939333E-17
vn -0.600866 -0.79935 4.894607094492184E-17
vn -0.600866 -0.79935 4.894607094492184E-17
vn -0.600866 -0.79935 4.894607094492184E-17
vn -0.600866 -0.79935 4.894607094492184E-17
vn 0.799002 -0.601328 3.682072052188398E-17
vn 0.799002 -0.601328 3.682072052188398E-17
vn 0.799002 -0.601328 3.682072052188398E-17
vn 0.799002 -0.601328 3.682072052188398E-17
vn 0.602069 0.798444 -4.8890594444920466E-17
vn 0.602069 0.798444 -4.8890594444920466E-17
vn 0.602069 0.798444 -4.8890594444920466E-17
vn 0.602069 0.798444 -4.8890594444920466E-17
vn -0.602105 -0.791111 -0.10776199999999996
vn -0.598516 -0.794095 -0.10579299999999994
vn -0.602105 -0.791111 -0.10776199999999996
vn -0.605678 -0.788108 -0.10972799999999996
vn -0.011515 -0.01369299999999994 0.99984
vn -0.012119 -0.01293299999999994 0.999843
vn -0.011515 -0.01369299999999994 0.99984
vn -0.010911 -0.014453999999999939 0.999836
vn 0.01086 0.01434500000000006 0.999838
vn 0.010849 0.01435800000000006 0.999838
vn 0.01086 0.01434500000000006 0.999838
vn 0.01087 0.01433200000000006 0.999838
vn 0.58868 0.7922 -0.16085500000000005
vn 0.58357 0.796554 -0.15795000000000006
vn 0.58868 0.7922 -0.16085500000000005
vn 0.593759 0.787804 -0.16375100000000006
vn -0.602107 -0.791109 -0.10776299999999996
vn -0.598521 -0.79409 -0.10579599999999995
vn -0.602107 -0.791109 -0.10776299999999996
vn -0.605678 -0.788108 -0.10972699999999996
vn -0.011516 -0.01369299999999994 0.99984
vn -0.01212 -0.01293199999999994 0.999843
vn -0.011516 -0.01369299999999994 0.99984
vn -0.010911 -0.01445499999999994 0.999836
vn 0.010859 0.01434500000000006 0.999838
vn 0.010847 0.01436000000000006 0.999838
vn 0.010859 0.01434500000000006 0.999838
vn 0.010871 0.01433100000000006 0.999838
vn 0.588678 0.792201 -0.16085700000000006
vn 0.583566 0.796556 -0.15795100000000006
vn 0.588678 0.792201 -0.16085700000000006
vn 0.593759 0.787804 -0.16375400000000007
vn 0.650476 -0.4894009999999999 0.580834
vn 0.650476 -0.4894009999999999 0.580834
vn 0.650476 -0.4894009999999999 0.580834
vn 0.650476 -0.4894009999999999 0.580834
vn -0 6.123233995736766E-17 1
vn -0 6.123233995736766E-17 1
vn -0 6.123233995736766E-17 1
vn -0 6.123233995736766E-17 1
vn -0.650335 0.4895880000000001 0.580834
vn -0.650335 0.4895880000000001 0.580834
vn -0.650335 0.4895880000000001 0.580834
vn -0.650335 0.4895880000000001 0.580833
vn -0.047637 0.4638650000000001 0.884624
vn -0.047138 0.530205 0.846558
vn -0.047637 0.4638650000000001 0.884624
vn -0.047859 0.39481200000000005 0.917515
vn -0.008905 -0.11153299999999994 0.993721
vn -0.01289 0.11000200000000006 0.993848
vn -0.008905 -0.11153299999999994 0.993721
vn -0.004482 -0.32759199999999994 0.944809
vn -0.285339 -0.44991899999999996 0.846259
vn -0.285339 -0.44991799999999993 0.84626
vn -0.285339 -0.44991899999999996 0.846259
vn -0.285339 -0.44991899999999996 0.846259
vn -0.350272 0.40768800000000005 0.843268
vn -0.350272 0.4076870000000001 0.843268
vn -0.350272 0.40768800000000005 0.843268
vn -0.350272 0.4076890000000001 0.843267
vn -0.822166 -0.061388999999999964 0.565927
vn -0.821141 -0.061423999999999965 0.56741
vn -0.822166 -0.061388999999999964 0.565927
vn -0.823189 -0.061354999999999965 0.564443
vn -0.181196 -0.016687999999999942 0.983306
vn -0.181197 -0.016687999999999942 0.983305
vn -0.181196 -0.016687999999999942 0.983306
vn -0.181195 -0.016687999999999942 0.983306
vn -0 6.123233995736766E-17 1
vn 0 6.123233995736766E-17 1
vn -0 6.123233995736766E-17 1
vn -0 6.123233995736766E-17 1
vn -0.940456 0.339915 -2.081379083660863E-17
vn -0.940456 0.339915 -2.081379083660863E-17
vn -0.940456 0.339915 -2.081379083660863E-17
vn -0.940456 0.339915 -2.081379083660863E-17
vn -0.671045 -0.741157 -0.019607999999999955
vn -0.674419 -0.737307 -0.03920899999999995
vn -0.671045 -0.741157 -0.019607999999999955
vn -0.667396 -0.744703 4.559990726327157E-17
vn 0.93557 -0.338149 0.10179900000000001
vn 0.93557 -0.338149 0.10180200000000002
vn 0.93557 -0.338149 0.10179900000000001
vn 0.935571 -0.338149 0.10179600000000001
vn -0.041205 0.998958 -0.019618000000000062
vn -0.036127 0.999347 -6.11923552393755E-17
vn -0.041205 0.998958 -0.019618000000000062
vn -0.046266 0.998159 -0.03922800000000006
vn -0.525688 -0.850665 0.004661000000000052
vn -0.481892 -0.876178 -0.009598999999999946
vn -0.525688 -0.850665 0.004661000000000052
vn -0.568027 -0.822793 0.018908000000000053
vn 0.887607 -0.455229 -0.07014899999999998
vn 0.887607 -0.455229 -0.07014899999999998
vn 0.887607 -0.455229 -0.07014899999999998
vn 0.887607 -0.455229 -0.07014899999999998
vn -0.563832 -0.825885 -0.002576999999999949
vn -0.56421 -0.825614 -0.00541999999999995
vn -0.563832 -0.825885 -0.002576999999999949
vn -0.56345 -0.82615 0.0002660000000000506
vn 0.891449 -0.453113 0.002742000000000028
vn 0.888571 -0.458739 -4.999999999971911E-06
vn 0.891449 -0.453113 0.002742000000000028
vn 0.894285 -0.447464 0.005489000000000028
vn -0.001487 -0.0027989999999999387 0.999995
vn -0.000972 -0.001916999999999939 0.999998
vn -0.001487 -0.0027989999999999387 0.999995
vn -0.002002 -0.003679999999999939 0.999991
vn 0.452322 0.891736 -0.014574000000000054
vn 0.439688 0.897788 -0.025533000000000056
vn 0.452322 0.891736 -0.014574000000000054
vn 0.464813 0.885401 -0.003610000000000054
vn 0.452322 0.891736 -0.014573000000000053
vn 0.439688 0.897787 -0.025533000000000056
vn 0.452322 0.891736 -0.014573000000000053
vn 0.464813 0.885402 -0.003610000000000054
vn -0.452106 -0.891838 0.015024000000000053
vn -0.439685 -0.897781 0.025825000000000056
vn -0.452106 -0.891838 0.015024000000000053
vn -0.464389 -0.885621 0.004218000000000055
vn 0.607448 -0.29134099999999996 0.739004
vn 0.610342 -0.28469099999999997 0.739212
vn 0.607448 -0.29134099999999996 0.739004
vn 0.604522 -0.29797499999999993 0.738758
vn -0.452107 -0.891837 0.015023000000000054
vn -0.439687 -0.89778 0.025824000000000055
vn -0.452107 -0.891837 0.015023000000000054
vn -0.464389 -0.885621 0.004218000000000055
vn 0.607448 -0.29133999999999993 0.739004
vn 0.610342 -0.28468999999999994 0.739212
vn 0.607448 -0.29133999999999993 0.739004
vn 0.604522 -0.29797499999999993 0.738758
vn 0.506293 0.862233 -0.014897000000000053
vn 0.49784 0.866978 -0.022457000000000053
vn 0.506293 0.862233 -0.014897000000000053
vn 0.51467 0.857357 -0.0073360000000000525
vn 0.506293 0.862233 -0.014897000000000053
vn 0.49784 0.866978 -0.022456000000000052
vn 0.506293 0.862233 -0.014897000000000053
vn 0.51467 0.857357 -0.0073360000000000525
vn -0.506078 -0.862351 0.015350000000000053
vn -0.497836 -0.866973 0.022738000000000053
vn -0.506078 -0.862351 0.015350000000000053
vn -0.514247 -0.857605 0.007959000000000053
vn 0.592849 -0.32953699999999997 0.734803
vn 0.596162 -0.3230489999999999 0.735003
vn 0.592849 -0.32953699999999997 0.734803
vn 0.589505 -0.33600699999999994 0.734563
vn -0.506078 -0.862351 0.015349000000000052
vn -0.497837 -0.866972 0.02273600000000005
vn -0.506078 -0.862351 0.015349000000000052
vn -0.514246 -0.857606 0.007959000000000053
vn 0.592849 -0.32953799999999994 0.734803
vn 0.596163 -0.3230469999999999 0.735004
vn 0.592849 -0.32953799999999994 0.734803
vn 0.589503 -0.3360099999999999 0.734563
vn -0.939189 0.343395 -0.001817000000000021
vn -0.939189 0.343395 -0.0018190000000000211
vn -0.939189 0.343395 -0.001817000000000021
vn -0.939189 0.343395 -0.001815000000000021
vn 0.940455 -0.339914 -0.0018239999999999793
vn 0.940455 -0.339914 -0.0018229999999999792
vn 0.940455 -0.339914 -0.0018239999999999793
vn 0.940455 -0.339914 -0.0018239999999999793
vn -0.002474 0.01352100000000006 0.999906
vn 0.008186 0.022293000000000063 0.999718
vn -0.002474 0.01352100000000006 0.999906
vn -0.013134 0.004747000000000062 0.999902
vn -0.344666 -0.938725 -0.0010479999999999426
vn -0.344699 -0.938712 -0.0015199999999999426
vn -0.344666 -0.938725 -0.0010479999999999426
vn -0.344634 -0.938737 -0.0005759999999999426
vn 0.322852 0.946449 -0.0010450000000000578
vn 0.322877 0.946441 -0.000598000000000058
vn 0.322852 0.946449 -0.0010450000000000578
vn 0.322826 0.946457 -0.001492000000000058
vn 0.224765 -0.11371999999999995 0.967754
vn 0.224765 -0.11371999999999995 0.967754
vn 0.224765 -0.11371999999999995 0.967754
vn 0.224765 -0.11371999999999995 0.967754
vn 0.224765 -0.11371999999999995 0.967754
vn 0.224765 -0.11371999999999995 0.967754
vn 0.224765 -0.11371999999999995 0.967754
vn 0.224765 -0.11371999999999995 0.967754
vn 0.224765 -0.11371999999999995 0.967754
vn 0.224765 -0.11371999999999995 0.967754
vn 0.224765 -0.11371999999999995 0.967754
vn 0.224765 -0.11371999999999995 0.967754
vn 0.224765 -0.11371999999999995 0.967754
vn 0.224765 -0.11371999999999995 0.967754
vn 0.224765 -0.11371999999999995 0.967754
vn 0.224765 -0.11371999999999995 0.967754
vn 0.217523 -0.12702399999999994 0.967754
vn 0.217523 -0.12702399999999994 0.967754
vn 0.217523 -0.12702399999999994 0.967754
vn 0.217523 -0.12702399999999994 0.967754
vn 0.217523 -0.12702399999999994 0.967754
vn 0.217523 -0.12702399999999994 0.967754
vn 0.217523 -0.12702399999999994 0.967754
vn 0.217523 -0.12702399999999994 0.967754
vn 0.217523 -0.12702399999999994 0.967754
vn 0.217523 -0.12702399999999994 0.967754
vn 0.217523 -0.12702399999999994 0.967754
vn 0.217523 -0.12702499999999994 0.967754
vn 0.217523 -0.12702399999999994 0.967754
vn 0.217523 -0.12702399999999994 0.967754
vn 0.217523 -0.12702399999999994 0.967754
vn 0.217523 -0.12702399999999994 0.967754
vn -0.806581 0.58931 -0.046264000000000034
vn -0.806665 0.589225 -0.04588800000000003
vn -0.806581 0.58931 -0.046264000000000034
vn -0.806497 0.589395 -0.046640000000000036
vn -0.562759 -0.764432 -0.3145569999999999
vn -0.562902 -0.764484 -0.3141729999999999
vn -0.562759 -0.764432 -0.3145569999999999
vn -0.562616 -0.764379 -0.31494099999999997
vn 0.562516 0.764113 -0.31576300000000007
vn 0.562664 0.764165 -0.31537400000000004
vn 0.562516 0.764113 -0.31576300000000007
vn 0.562368 0.764062 -0.31615200000000004
vn 0.785663 -0.574027 -0.23070999999999997
vn 0.785661 -0.574169 -0.23036199999999998
vn 0.785663 -0.574027 -0.23070999999999997
vn 0.785664 -0.573884 -0.23105799999999999
vn 0.954817 -0.297194 0.0004240000000000182
vn 0.333234 0.942844 0.0007739999999999423
vn 0.975614 0.219489 0.0009219999999999865
vn 0.956652 -0.291234 -0.00014099999999998218
vn 0.664898 -0.743272 0.07387600000000004
vn 0.6949 -0.71714 0.05313800000000004
vn 0.664898 -0.743272 0.07387600000000004
vn 0.633557 -0.767907 0.09446500000000004
vn -0.664655 0.742897 -0.07960500000000004
vn -0.693009 0.71519 -0.09078600000000005
vn -0.664655 0.742897 -0.07960500000000004
vn -0.635174 0.769344 -0.06828900000000004
vn -0.171291 0.984398 0.040239999999999936
vn -0.145781 0.988028 0.050486999999999935
vn -0.171291 0.984398 0.040239999999999936
vn -0.196669 0.980012 0.02996299999999994
vn 0.172135 -0.984414 -0.036035999999999936
vn 0.146391 -0.988968 -0.02261499999999994
vn 0.172135 -0.984414 -0.036035999999999936
vn 0.19773 -0.97901 -0.049426999999999936
vn 0.878502 -0.477738 -0.0006749999999999708
vn 0.878502 -0.477738 -0.0006749999999999708
vn 0.878502 -0.477738 -0.0006749999999999708
vn 0.878502 -0.477738 -0.0006749999999999708
vn -0.05773 0.00991600000000006 0.998283
vn -0.05773 0.00991600000000006 0.998283
vn -0.05773 0.00991600000000006 0.998283
vn -0.057731 0.00991600000000006 0.998283
vn 0.15094 -0.11303899999999995 0.982059
vn 0.150907 -0.11301199999999995 0.982067
vn 0.15094 -0.11303899999999995 0.982059
vn 0.150973 -0.11306499999999994 0.982051
vn 0.060644 -0.02191599999999994 0.997919
vn 0.060644 -0.02191599999999994 0.997919
vn 0.060644 -0.02191599999999994 0.997919
vn 0.060643 -0.02191599999999994 0.997919
vn 0.061873 0.004006000000000061 0.998076
vn 0.061873 0.004006000000000061 0.998076
vn 0.061873 0.004006000000000061 0.998076
vn 0.061873 0.004006000000000061 0.998076
vn 0.337043 -0.735095 0.58825
vn -0.281974 0.614989 0.736396
vn 0.17073 -0.3723659999999999 0.912247
vn 0.337043 -0.735096 0.588248
vn -0.014602 0.02278400000000006 0.999634
vn -0.014597 0.02277700000000006 0.999634
vn -0.014602 0.02278400000000006 0.999634
vn -0.014607 0.022790000000000064 0.999634
vn 0.15394 0.14041300000000007 0.978052
vn 0.153914 0.14039000000000004 0.97806
vn 0.15394 0.14041300000000007 0.978052
vn 0.153967 0.14043500000000006 0.978045
vn -0.539209 0.839982 -0.060694000000000047
vn -0.542412 0.83459 -0.09617000000000006
vn -0.539209 0.839982 -0.060694000000000047
vn -0.535306 0.844284 -0.025138000000000053
vn -0.024478 -0.055718999999999935 0.998146
vn -0.024477 -0.055718999999999935 0.998147
vn -0.024478 -0.055718999999999935 0.998146
vn -0.024478 -0.055718999999999935 0.998146
vn 0 6.123233995736766E-17 1
vn 0 6.123233995736766E-17 1
vn 0 6.123233995736766E-17 1
vn 0 6.123233995736766E-17 1
vn 0.707107 -0.707107 4.329781621023438E-17
vn 0.707107 0.707107 -4.329781621023438E-17
vn 0.707107 0.707107 -4.329781621023438E-17
vn 0.707107 -0.707107 4.329781621023438E-17
vn 0 6.123233995736766E-17 1
vn 0 6.123233995736766E-17 1
vn 0 6.123233995736766E-17 1
vn 0 6.123233995736766E-17 1
vn -0.894426 -0.447215 2.7384020914034178E-17
vn -0.447214 -0.894427 5.4767858131048484E-17
vn -0.894428 0.447212 9.99999999972616E-07
vn -0.447215 0.894427 9.99999999945232E-07
vn 0.707107 -0.707107 4.329781621023438E-17
vn 0.707107 0.707107 -4.329781621023438E-17
vn 0.707107 0.707107 -4.329781621023438E-17
vn 0.707107 -0.707107 4.329781621023438E-17
vn 0 6.123233995736766E-17 1
vn 0 6.123233995736766E-17 1
vn 0 6.123233995736766E-17 1
vn 0 6.123233995736766E-17 1
vn 0.707106 -0.707107 4.329781621023438E-17
vn 0.707107 0.707107 -4.329781621023438E-17
vn 0.707107 0.707107 -4.329781621023438E-17
vn 0.707107 -0.707107 4.329781621023438E-17
vn 0 6.123233995736766E-17 1
vn 0 6.123233995736766E-17 1
vn 0 6.123233995736766E-17 1
vn 0 6.123233995736766E-17 1
vn -0.894427 -0.447214 2.738395968169422E-17
vn -0.447214 -0.894427 -9.99999999945232E-07
vn -0.894427 0.447214 -2.738395968169422E-17
vn -0.447214 0.894427 -5.4767858131048484E-17
vn 0.707107 -0.707107 -9.999999999567022E-07
vn 0.707107 0.707107 -4.329781621023438E-17
vn 0.707107 0.707107 -4.329781621023438E-17
vn 0.707107 -0.707107 -9.999999999567022E-07
vn 0 6.123233995736766E-17 1
vn -0 6.123233995736766E-17 1
vn 0 6.123233995736766E-17 1
vn 0 6.123233995736766E-17 1
vn 0.850762 0.401369 -0.339275
vn 0.850424 0.400985 -0.340574
vn 0.850762 0.401369 -0.339275
vn 0.851098 0.401752 -0.337975
vn 0.412739 -0.878556 -0.24038699999999993
vn 0.413275 -0.877423 -0.24358199999999994
vn 0.412739 -0.878556 -0.24038699999999993
vn 0.412198 -0.879678 -0.23718999999999996
vn -0.855019 -0.391477 -0.340129
vn -0.855073 -0.391478 -0.339993
vn -0.855019 -0.391477 -0.340129
vn -0.854966 -0.391476 -0.340265
vn -0.418882 0.90697 -0.04407600000000005
vn -0.41916 0.906786 -0.04520500000000006
vn -0.418882 0.90697 -0.04407600000000005
vn -0.418603 0.907153 -0.042947000000000055
vn 0.972436 0.232663 -0.015397000000000013
vn 0.990653 0.095322 0.097572
vn 0.972436 0.232663 -0.015397000000000013
vn 0.923143 0.362568 -0.12787500000000002
vn -0.986688 -0.162311 0.01009700000000001
vn -0.990011 -0.138103 0.028406000000000008
vn -0.986688 -0.162311 0.01009700000000001
vn -0.982446 -0.186368 -0.008220999999999987
vn 0.185334 -0.791514 0.582372
vn 0.221624 -0.955062 0.19682300000000005
vn 0.218491 -0.957619 0.18769000000000005
vn 0.091886 -0.36767599999999995 0.925403
vn -0.216432 0.962085 0.16597999999999993
vn -0.089011 0.43780500000000006 0.894653
vn -0.178848 0.815567 0.550331
vn -0.217021 0.961641 0.16777299999999995
vn -0.999741 -0.022183 0.005118000000000002
vn -0.995773 0.057580000000000006 0.07156
vn -0.999741 -0.022183 0.005118000000000002
vn -0.992919 -0.101708 -0.061378999999999996
vn 0.997952 -0.059378 0.023791000000000003
vn 0.999173 -0.03982 0.008285000000000002
vn 0.997952 -0.059378 0.023791000000000003
vn 0.996108 -0.078898 0.039282000000000004
vn 0.063018 0.825524 0.560838
vn 0.078375 0.983882 0.16072599999999995
vn 0.080704 0.98465 0.15476099999999995
vn 0.023278 0.38603400000000004 0.922191
vn -0.081135 -0.983629 0.16090500000000005
vn -0.045339 -0.4434449999999999 0.895154
vn -0.073264 -0.833573 0.547529
vn -0.081691 -0.983828 0.15940200000000004
vn 0.167623 -0.38908199999999993 0.905824
vn -0.605948 0.675302 0.42046799999999995
vn -0.298619 0.36647300000000005 0.881206
vn 0.325708 -0.83865 0.43655600000000006
vn 0.374736 0.926469 0.035052999999999945
vn -0.871674 0.488915 0.03385999999999997
vn -0.46695 0.883769 0.030158999999999943
vn 0.795147 0.604676 0.045922999999999964
vn 0.462439 0.15542900000000007 0.872921
vn 0.213324 0.14514800000000005 0.966139
vn 0.387614 0.27389700000000006 0.880191
vn 0.294999 -0.19366499999999995 0.935665
vn 0.321473 -0.17393399999999995 0.930807
vn 0.462439 0.15542900000000007 0.872921
vn 0.114351 -0.23625699999999994 0.964939
vn 0.045217 -0.3656829999999999 0.929641
vn 0.039003 -0.3697099999999999 0.928328
vn 0.074411 -0.13571199999999994 0.98795
vn 0.131869 -0.04927599999999994 0.990042
vn 0.321473 -0.17393399999999995 0.930807
vn -0.151582 0.965597 0.21129499999999996
vn -0.153265 0.965793 0.20917199999999994
vn -0.151582 0.965597 0.21129499999999996
vn -0.149898 0.965393 0.21341499999999994
vn -0.781178 0.50733 0.36383599999999994
vn -0.777666 0.494368 0.3883769999999999
vn -0.781178 0.50733 0.36383599999999994
vn -0.784079 0.519895 0.33901099999999995
vn 0.032874 -0.005676999999999938 0.999443
vn 0.02152 -0.00842999999999994 0.999733
vn 0.032874 -0.005676999999999938 0.999443
vn 0.044222 -0.002921999999999939 0.999018
vn 0.764999 0.06667400000000004 0.640571
vn 0.7929 0.17877800000000002 0.582536
vn 0.764999 0.06667400000000004 0.640571
vn 0.724312 -0.04654399999999996 0.6879
vn -0.537099 -0.27610099999999993 0.797053
vn -0.519166 -0.28895199999999993 0.804347
vn 0.509417 0.35069300000000003 0.785817
vn 0.486728 0.36345900000000003 0.794351
vn 0.509417 0.35069300000000003 0.785817
vn 0.389283 0.18542600000000006 0.902262
vn 0.682325 0.43953500000000006 0.584159
vn 0.486728 0.36345900000000003 0.794351
vn 0.174582 -0.030598999999999942 0.984167
vn 0.174582 -0.030598999999999942 0.984167
vn 0.174582 -0.030598999999999942 0.984167
vn 0.174582 -0.030598999999999942 0.984167
vn -0.940456 0.339915 -2.081379083660863E-17
vn -0.940456 0.339915 -2.081379083660863E-17
vn -0.940456 0.339915 -2.081379083660863E-17
vn -0.940456 0.339915 -2.081379083660863E-17
vn 0.345239 0.938515 0.00021999999999994255
vn 0.345335 0.938479 -5.746526517085044E-17
vn 0.345239 0.938515 0.00021999999999994255
vn 0.345143 0.93855 0.00043899999999994253
vn -0.345042 -0.938587 0.00022700000000005745
vn -0.344942 -0.938624 5.747414386014427E-17
vn -0.345042 -0.938587 0.00022700000000005745
vn -0.345143 -0.93855 0.00045500000000005746
vn 0.940458 -0.339911 -0.0005179999999999792
vn 0.940459 -0.339906 -0.0005119999999999792
vn 0.940458 -0.339911 -0.0005179999999999792
vn 0.940456 -0.339915 -0.0005239999999999792
vn 0.083287 -0.18372699999999995 0.979443
vn 0.083287 -0.18372699999999995 0.979443
vn 0.083287 -0.18372699999999995 0.979443
vn 0.083287 -0.18372699999999995 0.979443
vn 0.083287 -0.18372699999999995 0.979443
vn 0.083287 -0.18372699999999995 0.979443
vn 0.083287 -0.18372699999999995 0.979443
vn 0.083287 -0.18372699999999995 0.979443
vn 0.083287 -0.18372699999999995 0.979443
vn 0.083287 -0.18372699999999995 0.979442
vn 0.083287 -0.18372699999999995 0.979443
vn 0.083287 -0.18372699999999995 0.979443
vn -0.153415 -0.864535 0.47858500000000004
vn 0.183386 -0.558493 0.808984
vn -0.706786 -0.2548639999999999 0.659923
vn -0.763955 -0.45834099999999994 0.45419800000000005
vn -0.446487 -0.753537 0.48252600000000007
vn -0.507169 -0.861834 -0.004702999999999947
vn -0.558637 -0.828327 0.04241300000000005
vn -0.405862 -0.907911 -0.10475899999999995
vn -0.446487 -0.753537 0.48252600000000007
vn -0.446487 -0.753537 0.48252600000000007
vn -0.322548 -0.750575 0.576715
vn -0.450913 -0.724403 0.521458
vn -0.446487 -0.753537 0.48252600000000007
vn -0.037668 -0.07157299999999994 0.996724
vn 0.17534 0.35206300000000007 0.919406
vn -0.016569 -0.07981899999999995 0.996672
vn 0.504839 0.800992 0.32179099999999994
vn 0.346085 0.795901 0.4967559999999999
vn -0.016569 -0.07981899999999995 0.996672
vn 0.17534 0.35206300000000007 0.919406
vn 0.503801 0.861643 0.061286999999999946
vn 0.17534 0.35206300000000007 0.919406
vn 0.55697 0.787926 -0.2625970000000001
vn -0.411753 0.526518 0.743801
vn -0.38354 0.85134 0.35793499999999995
vn -0.382376 0.852827 0.3556329999999999
vn -0.084408 -0.59636 0.798267
vn -0.121488 0.02880600000000006 0.992175
vn 0.087666 0.01090000000000006 0.99609
vn 0.691106 -0.07224199999999996 0.719134
vn 0.527065 -0.08756599999999995 0.845302
vn 0.085692 0.01775400000000006 0.996163
vn 0.023724 0.009414000000000061 0.999674
vn 0.085692 0.01775400000000006 0.996163
vn 0.147324 0.02602500000000006 0.988746
vn 0.46067 -0.870662 0.17242400000000005
vn 0.823297 -0.549567 0.14197900000000002
vn 0.824927 -0.547225 0.14156300000000002
vn -0.269679 -0.952596 0.14083400000000004
vn 0.896262 -0.434166 -0.09062899999999997
vn 0.397831 0.917345 0.014442999999999944
vn 0.994707 0.071111 -0.074176
vn 0.900941 -0.424332 -0.09081899999999997
vn 0.936486 -0.341804 0.07850800000000002
vn 0.986203 0.165022 -0.01306100000000001
vn 0.986303 0.164438 -0.01292700000000001
vn 0.080908 -0.980049 0.18154400000000007
vn 0.184866 0.02786700000000006 0.982368
vn 0.185341 0.03019200000000006 0.98221
vn 0.184866 0.02786700000000006 0.982368
vn 0.184391 0.025542000000000058 0.982521
vn 0.186659 0.02753500000000006 0.982039
vn 0.187218 0.02986300000000006 0.981864
vn 0.186659 0.02753500000000006 0.982039
vn 0.1861 0.02520700000000006 0.982207
vn 0.185577 0.026010000000000057 0.982285
vn 0.186135 0.02834300000000006 0.982115
vn 0.185577 0.026010000000000057 0.982285
vn 0.185019 0.023676000000000058 0.98245
vn 0.319149 0.862572 -0.39257300000000006
vn 0.318846 0.862238 -0.39355200000000007
vn 0.319149 0.862572 -0.39257300000000006
vn 0.319451 0.862905 -0.39159400000000005
vn 0.900603 -0.325753 -0.287748
vn 0.900763 -0.326053 -0.286905
vn 0.900603 -0.325753 -0.287748
vn 0.900442 -0.325452 -0.28859
vn -0.319583 -0.86373 -0.3896629999999999
vn -0.319285 -0.863395 -0.39064899999999997
vn -0.319583 -0.86373 -0.3896629999999999
vn -0.319881 -0.864065 -0.38867499999999994
vn -0.938761 0.339555 -0.05857000000000002
vn -0.938894 0.33935 -0.05761500000000002
vn -0.938761 0.339555 -0.05857000000000002
vn -0.938627 0.33976 -0.05952500000000002
vn -0.67094 -0.610368 -0.42105799999999993
vn -0.671022 -0.610379 -0.4209129999999999
vn -0.67094 -0.610368 -0.42105799999999993
vn -0.670859 -0.610358 -0.42120399999999997
vn 0.644542 0.585877 -0.49123700000000003
vn 0.644194 0.585813 -0.49177000000000004
vn 0.644542 0.585877 -0.49123700000000003
vn 0.64489 0.585941 -0.49070400000000003
vn -0.55233 0.605847 -0.572609
vn -0.549249 0.603873 -0.577636
vn -0.55233 0.605847 -0.572609
vn -0.555389 0.607798 -0.56756
vn 0.551752 -0.608106 -0.570769
vn 0.55007 -0.604834 -0.575847
vn 0.551752 -0.608106 -0.570769
vn 0.553412 -0.611355 -0.565668
vn 0.236315 0.964323 -0.11931800000000005
vn -0.720005 0.693914 -0.008771000000000041
vn -0.720528 0.693372 -0.008694000000000042
vn 0.235568 0.964512 -0.11926300000000005
vn 0.798052 -0.595544 -0.09187399999999996
vn 0.61157 0.7782 -0.14278100000000005
vn 0.982023 -0.11541700000000002 -0.149367
vn 0.795431 -0.599162 -0.09106899999999996
vn 0.61157 0.7782 -0.14278100000000005
vn 0.148956 0.985516 -0.08105200000000005
vn 0.142376 0.986545 -0.08036500000000006
vn 0.982023 -0.11541700000000002 -0.149367
vn 0.972404 -0.200975 -0.11848499999999998
vn 0.943274 0.311259 -0.11555300000000002
vn 0.943433 0.310778 -0.11555200000000002
vn 0.181117 -0.983237 -0.02103399999999994
vn 0.100246 -0.02390399999999994 0.994676
vn 0.091061 -0.03263399999999994 0.99531
vn 0.207079 -0.06941399999999995 0.975859
vn 0.31847 -0.10894999999999995 0.941651
vn 0.207079 -0.06941399999999995 0.975859
vn 0.620576 -0.20971599999999996 0.755583
vn 0.796633 -0.25249299999999997 0.549202
vn 0.831683 -0.16027499999999997 0.531615
vn 0.834982 -0.26212299999999994 0.483835
vn 0.701477 -0.028117999999999956 0.712138
vn 0.628975 0.18355500000000005 0.755446
vn -0.866061 0.302134 0.398313
vn -0.416356 0.14072600000000005 0.898245
vn -0.929218 0.327209 -0.17172400000000002
vn -0.901697 0.351813 -0.251335
vn -0.871245 0.35399 -0.340035
vn -0.864377 0.391834 -0.315148
vn 0.805451 -0.397847 0.43928
vn 0.411314 -0.20661099999999993 0.887768
vn 0.894029 -0.43922 -0.08830499999999997
vn 0.889488 -0.42047 -0.17893299999999998
vn 0.87489 -0.407693 -0.261446
vn 0.878576 -0.391915 -0.27296
vn 0.163665 0.930099 0.32883199999999996
vn 0.114701 0.929009 0.35183299999999995
vn -0.130135 0.934371 0.33168699999999995
vn -0.57085 0.699068 0.43062199999999995
vn -0.888401 0.21914900000000004 0.403383
vn -0.576268 -0.631247 0.519079
vn -0.820406 -0.389744 0.41837
vn -0.217592 -0.846111 0.48657000000000006
vn 0.264572 -0.666873 0.696622
vn 0.454471 -0.605804 0.653037
vn 0.111211 -0.635035 0.764436
vn -0.112768 -0.586581 0.802001
vn -0.379679 -0.34896199999999994 0.856778
vn -0.378874 -0.3445849999999999 0.858904
vn -0.594678 -0.07398499999999994 0.800552
vn -0.612154 0.17437100000000005 0.771273
vn -0.620188 0.34229600000000004 0.705833
vn -0.50983 0.565807 0.648025
vn -0.808298 0.588724 -0.0076730000000000366
vn -0.821454 0.569836 0.022375999999999965
vn -0.795622 0.605696 -0.010857000000000037
vn -0.563616 0.825721 -0.022845000000000053
vn -0.554845 0.831752 -0.018301000000000053
vn -0.28538 0.958278 -0.01616000000000006
vn -0.227304 0.968306 -0.10352300000000006
vn -0.19111 0.970342 -0.14802900000000005
vn -0.112794 0.954346 -0.27658900000000003
vn 0.99849 -0.041456 0.036039
vn 0.994622 -0.068755 0.077455
vn 0.99933 -0.026309 0.02545
vn 0.99987 -0.013458 -0.00893
vn 0.999857 -0.01316 -0.010662
vn 0.999214 -0.030286 -0.025589999999999998
vn -0.999755 0.0009570000000000013 0.022106
vn -0.999881 -0.01253 0.009038
vn -0.984383 0.11419199999999999 -0.133979
vn -0.985736 0.128916 -0.10819300000000001
vn -0.965279 0.187325 -0.18206
vn -0.996021 0.028936000000000003 0.084287
vn -0.259681 0.908772 -0.32664800000000005
vn -0.227967 0.886103 -0.40355100000000005
vn -0.35983 0.904493 -0.22894200000000006
vn -0.420153 0.897191 -0.13608800000000004
vn -0.538149 0.842594 -0.020746000000000053
vn 0.326197 -0.860815 -0.39063299999999995
vn 0.351758 -0.635775 -0.687064
vn 0.442731 -0.891259 -0.09821899999999995
vn 0.417783 -0.879239 0.22890200000000005
vn 0.535966 -0.699064 0.47333900000000007
vn 0.032043 0.99544 0.08985099999999994
vn 0.092338 0.977878 0.18769199999999994
vn 0.01482 0.998546 -0.05182900000000006
vn -0.024823 0.984792 -0.17195300000000005
vn -0.020299 0.943725 -0.33010700000000004
vn -0.673589 0.739105 -0.0010330000000000454
vn -0.6738 0.738914 -1.0000000000452455E-06
vn -0.673339 0.739334 -0.0006880000000000453
vn -0.672834 0.739793 -0.0008340000000000453
vn -0.672836 0.739791 -4.529913400940098E-17
vn -0.672836 0.739791 -4.529913400940098E-17
vn -0.672326 0.740255 -0.0007020000000000454
vn -0.672071 0.740486 -0.0010520000000000453
vn -0.671858 0.74068 -4.535356955962308E-17
vn -0.67359 0.739105 -0.0010320000000000453
vn -0.6738 0.738914 -4.5245433247258364E-17
vn -0.673339 0.739334 -0.0006880000000000453
vn -0.672835 0.739793 -0.0008340000000000453
vn -0.672836 0.739791 9.999999999547008E-07
vn -0.672836 0.739791 -4.529913400940098E-17
vn -0.672326 0.740255 -0.0007020000000000454
vn -0.672071 0.740486 -0.0010530000000000452
vn -0.671858 0.74068 -4.535356955962308E-17
vn 0.333479 -0.3355969999999999 0.881003
vn 0.333482 -0.33559799999999995 0.881001
vn 0.294928 -0.29219699999999993 0.909746
vn 0.249038 -0.24668899999999994 0.936549
vn 0.079652 -0.06467499999999994 0.994723
vn -0.062425 0.07988300000000005 0.994848
vn -0.248648 0.2774730000000001 0.927999
vn -0.252767 0.27792000000000006 0.926752
vn -0.306876 0.33741400000000005 0.889932
vn -0.306876 0.3374130000000001 0.889932
vn -0.387791 -0.514698 0.764659
vn -0.387719 -0.514767 0.76465
vn -0.273212 -0.36260499999999996 0.890995
vn -0.136616 -0.18126599999999995 0.973899
vn 0.141561 0.18783000000000005 0.971947
vn 0.283108 0.37562100000000004 0.882473
vn 0.400066 0.530823 0.747111
vn 0.400067 0.530822 0.747111
vn -0.38779 -0.5147 0.764659
vn -0.38772 -0.514766 0.76465
vn -0.27321 -0.36260699999999996 0.890995
vn -0.136613 -0.18126799999999996 0.973899
vn 0.141564 0.18782800000000005 0.971947
vn 0.283109 0.37562000000000006 0.882473
vn 0.400066 0.530822 0.747111
vn 0.400067 0.530822 0.747111
vn -0.432325 0.901563 -0.016724000000000055
vn -0.414369 0.909696 -0.027423000000000055
vn -0.427701 0.903897 -0.006530000000000056
vn -0.434265 0.900777 0.003919999999999944
vn -0.418287 0.908209 0.013854999999999944
vn 0.432693 -0.901519 0.006403000000000055
vn 0.4146 -0.909991 -0.004859999999999944
vn 0.427871 -0.903687 0.016646000000000057
vn 0.434399 -0.900304 0.027397000000000057
vn 0.418059 -0.907661 0.03712100000000006
vn -0.71596 -0.3300739999999999 0.615184
vn -0.715973 -0.33002699999999996 0.615195
vn -0.512412 -0.23623199999999994 0.825608
vn -0.229236 -0.10570199999999995 0.967615
vn 0.398348 0.18367500000000006 0.898656
vn 0.398348 0.18367500000000006 0.898656
vn 0.685076 0.3158850000000001 0.656421
vn 0.685078 0.31588200000000005 0.65642
vn -0.411079 0.911591 0.003919999999999944
vn -0.414651 0.909958 0.0063319999999999444
vn -0.413595 0.910461 0.0006009999999999442
vn -0.413061 0.9107 -0.002265000000000056
vn -0.418603 0.908149 -0.006037000000000055
vn 0.411263 -0.911417 0.013513000000000056
vn 0.414742 -0.909801 0.015885000000000055
vn 0.413712 -0.91035 0.010297000000000056
vn 0.413192 -0.910613 0.007503000000000056
vn 0.418588 -0.908168 0.0038660000000000556
vn 0.340415 0.940275 -3.0000000000575754E-06
vn 0.340416 0.940275 -2.0000000000575753E-06
vn 0.340415 0.940275 -2.0000000000575753E-06
vn 0.340416 0.940275 -1.0000000000575751E-06
vn 0.340416 0.940275 9.999999999424248E-07
vn 0.340416 0.940275 -5.757523845341387E-17
vn 0.340415 0.940275 9.999999999424248E-07
vn 0.340415 0.940275 9.999999999424248E-07
vn -0.466433 0.16855200000000006 0.86835
vn -0.466417 0.16858300000000007 0.868352
vn -0.32046 0.11580300000000006 0.940157
vn -0.160215 0.05788500000000006 0.985383
vn 0.173757 -0.06285799999999994 0.98278
vn 0.347498 -0.12565499999999993 0.929223
vn 0.502951 -0.18186699999999995 0.844964
vn 0.502987 -0.18179799999999993 0.844958
vn 0.340417 0.940275 9.999999999424248E-07
vn 0.340417 0.940275 1.9999999999424245E-06
vn 0.340416 0.940275 9.999999999424248E-07
vn 0.340416 0.940275 9.999999999424248E-07
vn 0.340416 0.940275 9.999999999424248E-07
vn 0.340417 0.940275 9.999999999424248E-07
vn 0.340416 0.940275 -5.757523845341387E-17
vn 0.340415 0.940275 9.999999999424248E-07
vn -0.466433 0.16855000000000006 0.86835
vn -0.466418 0.16857900000000006 0.868352
vn -0.32046 0.11580200000000006 0.940157
vn -0.160215 0.05788500000000006 0.985384
vn 0.261848 -0.09468399999999995 0.960454
vn 0.261839 -0.09472399999999995 0.960452
vn 0.502952 -0.18186799999999995 0.844964
vn 0.502969 -0.18179099999999995 0.84497
vn -0.548889 0.031184000000000052 0.835313
vn -0.591971 -0.02810199999999995 0.805469
vn -0.429675 0.03130900000000005 0.902441
vn -0.269424 0.05957500000000006 0.961177
vn -0.499027 0.10277400000000006 0.860471
vn -0.463263 0.09277500000000005 0.881351
vn -0.430426 0.11871700000000006 0.894785
vn -0.447158 0.15279600000000004 0.881308
vn -0.578119 0.27088600000000007 0.769674
vn -0.593277 0.28147900000000003 0.754183
vn -0.203261 -0.977005 0.06439800000000005
vn -0.183063 -0.979768 0.08088500000000005
vn -0.227794 -0.971466 0.06605900000000006
vn -0.246436 -0.940372 0.23445800000000006
vn -0.483012 -0.855575 0.18625300000000006
vn -0.406185 -0.878014 0.2531900000000001
vn -0.244186 -0.791956 0.559625
vn -0.553203 -0.822122 0.13446600000000006
vn -0.520837 -0.83679 0.16885100000000006
vn -0.486296 -0.843417 0.22839200000000007
vn -0.765792 -0.616219 0.18394800000000003
vn -0.886989 -0.434164 0.15732800000000002
vn -0.886335 -0.454538 0.08834800000000002
vn -0.861033 -0.508031 0.02297900000000003
vn -0.865531 -0.500213 -0.02534699999999997
vn -0.92205 -0.363075 0.13416600000000004
vn -0.883658 -0.393291 0.253911
vn -0.740529 -0.51695 0.4293950000000001
vn -0.029495 -0.617871 0.785727
vn -0.919843 -0.388118 -0.05703799999999998
vn 0 6.123233995736766E-17 1
vn 0 6.123233995736766E-17 1
vn 0.276449 -0.15354599999999993 0.948683
vn 0 6.123233995736766E-17 1
vn 0.781914 -0.434292 0.447214
vn -0.254802 0.09517800000000005 0.962298
vn 0.022231 -0.794387 0.607005
vn 0.115748 -0.770732 0.626557
vn 0.105545 -0.993858 0.03327000000000006
vn 0.143703 -0.989269 0.02637300000000006
vn 0.640072 -0.767604 0.03305000000000005
vn 0.638044 -0.769313 0.032510000000000046
vn 0.514217 -0.85719 0.028371000000000052
vn 0.404276 -0.913157 0.052015000000000054
vn 0.13568 -0.988584 0.06551400000000006
vn 0.156866 -0.983544 0.08963400000000006
vn -0.155755 -0.985101 0.07290800000000006
vn -0.288227 -0.955784 0.058323000000000055
vn -0.60949 -0.792723 0.010619000000000049
vn -0.636149 -0.76799 0.07420000000000004
vn -0.754379 -0.655087 -0.04211599999999996
vn -0.980274 -0.194939 -0.032573999999999985
vn -0.776288 -0.618889 0.11980800000000004
vn -0.941733 -0.335857 -0.01838299999999998
vn -0.953035 -0.288813 0.09116100000000002
vn -0.917681 -0.388571 0.08290900000000002
vn -0.940411 0.337812 0.03885399999999998
vn -0.787224 0.616629 0.006908999999999962
vn -0.53279 0.84604 0.018770999999999947
vn -0.102254 0.994713 -0.009492000000000061
vn -0.189032 0.9819 0.01178999999999994
vn -0.175689 0.984 -0.02963400000000006
vn -0.169959 0.985347 -0.01431000000000006
vn 0.031256 0.999419 -0.01361100000000006
vn 0.304826 0.952157 -0.02185500000000006
vn 0.164832 0.983393 -0.07595700000000005
vn 0.617725 0.786137 -0.02012800000000005
vn 0.865573 0.500186 -0.024448000000000032
vn 0.911107 0.410672 -0.035099000000000026
vn 0.930796 0.363228 -0.04104500000000002
vn 0.938892 0.333647 -0.08462000000000001
vn -0.129521 -0.01208699999999994 0.991503
vn -0.058427 -0.04736299999999994 0.997167
vn -0.111214 -0.36577799999999994 0.924034
vn -0.143035 -0.691021 0.708541
vn -0.093619 -0.841012 0.532855
vn -0.10914 -0.763593 0.636408
vn -0.076161 -0.909297 0.40911900000000007
vn -0.080151 -0.912251 0.40171500000000004
vn -0.049895 -0.998011 0.03853600000000006
vn -0.025744 -0.998729 0.043326000000000066
vn 0.993059 0.08565 0.080609
vn 0.993964 0.079496 0.07561
vn 0.979357 0.03325100000000002 0.199384
vn 0.968131 0.156174 0.195786
vn 0.949033 0.012955000000000019 0.314911
vn 0.975657 0.11127200000000001 0.188977
vn 0.962842 0.227928 0.14485799999999996
vn 0.859529 0.499525 0.10809499999999997
vn 0.768203 0.608777 0.19812899999999997
vn 0.660202 0.726258 0.19152799999999995
vn 0.758734 0.649523 0.04942799999999996
vn 0.380935 0.886507 0.26266699999999993
vn 0.463127 0.839437 0.28435599999999994
vn 0.404766 0.840055 0.3612099999999999
vn 0.344164 0.898322 0.27307299999999995
vn 0.198916 0.938043 0.28373799999999993
vn 0.076835 0.979032 0.18866099999999994
vn 0.025261 0.987344 0.15656799999999996
vn -0.199938 0.978272 -0.05484700000000006
vn 0.787452 -0.61605 0.020030000000000037
vn 0.610514 -0.743339 0.27334900000000006
vn 0.824281 -0.549267 0.13735900000000004
vn 0.902877 -0.425594 0.060679000000000025
vn 0.849432 -0.393577 0.351516
vn -0.776258 0.613806 0.14375799999999997
vn -0.79452 0.606954 -0.018587000000000038
vn -0.783876 0.561623 0.2647979999999999
vn -0.754122 0.521295 0.39943899999999993
vn -0.758476 0.42968400000000007 0.489985
vn -0.758698 -0.649681 0.04787900000000004
vn -0.851283 -0.446928 0.274902
vn -0.718804 -0.682594 0.13185900000000006
vn -0.62453 -0.779171 0.05343200000000005
vn -0.623729 -0.726738 0.28777300000000006
vn 0.779087 0.607717 0.15395799999999998
vn 0.789878 0.607253 -0.08565200000000005
vn 0.611594 0.666092 0.42693699999999996
vn 0.440411 0.616692 0.65248
vn 0.089647 0.565369 0.819952
vn 0.551058 0.04965800000000005 0.832988
vn 0.551396 0.05013100000000005 0.832736
vn 0.68179 0.06234600000000004 0.728887
vn 0.79831 0.08396600000000004 0.596365
vn 0.689147 0.07377600000000004 0.720856
vn 0.372681 0.007456000000000057 0.92793
vn 0.160493 0.020373000000000058 0.986827
vn 0.254852 0.14675300000000005 0.955779
vn 0.206046 0.17560900000000004 0.962656
vn 0.183801 0.23271600000000006 0.955019
vn 0.056246 0.08457900000000006 0.994828
vn 0.066608 0.07984900000000006 0.994579
vn 0.182963 -0.983116 0.0028760000000000604
vn 0.1618 -0.986176 0.03573600000000006
vn 0.208022 -0.97701 0.046668000000000064
vn 0.251729 -0.965762 0.06273500000000005
vn 0.571983 -0.818065 0.06004500000000005
vn 0.577637 -0.814304 0.05696300000000005
vn 0.787064 -0.614623 0.05262300000000004
vn 0.784992 -0.617493 0.049901000000000036
vn 0.786391 -0.615913 0.04732100000000004
vn 0.890119 -0.16192400000000004 -0.425992
vn 0.746999 -0.13662800000000003 -0.650634
vn 0.747626 -0.13525500000000001 -0.650201
vn 0.972756 -0.177229 -0.149452
vn 0.885717 -0.16397899999999999 0.4343
vn 0.665582 -0.12509699999999996 0.735766
vn 0.135349 -0.02928299999999994 0.990365
vn -0.155859 0.02399200000000006 0.987488
vn -0.680702 0.12119900000000004 0.722465
vn -0.894539 0.16170800000000002 0.416714
vn -0.969192 0.178046 -0.170193
vn -0.880262 0.16193999999999997 -0.445997
vn -0.731884 0.13538899999999998 -0.667844
vn -0.732535 0.13397699999999998 -0.667415
vn 0.890119 -0.16192200000000004 -0.425993
vn 0.747001 -0.13662300000000002 -0.650634
vn 0.747626 -0.13525200000000004 -0.650201
vn 0.972755 -0.177231 -0.149453
vn 0.885717 -0.16398299999999996 0.434298
vn 0.665584 -0.12509899999999993 0.735764
vn 0.135351 -0.029283999999999942 0.990365
vn -0.155858 0.023991000000000057 0.987488
vn -0.680702 0.12119300000000004 0.722466
vn -0.89454 0.16170400000000001 0.416713
vn -0.969193 0.178043 -0.170193
vn -0.880263 0.16193999999999997 -0.445997
vn -0.731886 0.13538899999999998 -0.667842
vn -0.732536 0.13397699999999998 -0.667413
vn -0.868913 -0.05607600000000003 -0.491778
vn -0.693213 -0.044193000000000045 -0.719377
vn -0.693438 -0.04526400000000004 -0.719093
vn -0.978563 -0.06297000000000001 -0.196085
vn -0.910279 -0.05684199999999997 0.410075
vn -0.695374 -0.042236999999999955 0.717406
vn -0.16468 -0.007618999999999939 0.986318
vn 0.130732 0.01122800000000006 0.991354
vn 0.670344 0.04489800000000005 0.740691
vn 0.895674 0.05838100000000003 0.440862
vn 0.985181 0.062328999999999996 -0.159791
vn 0.888488 0.05602699999999997 -0.455467
vn 0.724695 0.04518299999999996 -0.687587
vn 0.724893 0.046199999999999956 -0.687311
vn -0.840542 0.302559 -0.449386
vn -0.692507 0.25124699999999994 -0.676246
vn -0.69444 0.24801199999999998 -0.675458
vn -0.927744 0.334655 -0.16521700000000003
vn -0.848569 0.312828 0.426695
vn -0.639695 0.24058700000000005 0.730006
vn -0.134248 0.060226000000000064 0.989116
vn 0.144057 -0.04074899999999994 0.98873
vn 0.646934 -0.22622999999999993 0.728214
vn 0.852802 -0.304452 0.42431
vn 0.925951 -0.337892 -0.16865199999999997
vn 0.837687 -0.306313 -0.452165
vn 0.689807 -0.25420400000000004 -0.677899
vn 0.691729 -0.25095100000000004 -0.677152
vn -0.835493 0.30067199999999994 -0.459943
vn -0.68158 0.24726799999999993 -0.6887
vn -0.683567 0.24399399999999993 -0.687897
vn -0.926948 0.334319 -0.17028700000000002
vn -0.848568 0.312835 0.426693
vn -0.639696 0.24058300000000005 0.730006
vn -0.134249 0.060227000000000065 0.989116
vn 0.144057 -0.04074899999999994 0.98873
vn 0.646935 -0.22622399999999995 0.728215
vn 0.852799 -0.304459 0.42431
vn 0.925094 -0.337654 -0.17375699999999997
vn 0.832542 -0.3045240000000001 -0.462752
vn 0.678795 -0.25029500000000005 -0.690355
vn 0.680777 -0.24698900000000004 -0.689593
vn -0.868914 -0.056053000000000026 -0.49178
vn -0.693217 -0.04419400000000004 -0.719372
vn -0.693439 -0.04525100000000004 -0.719093
vn -0.978564 -0.06294600000000002 -0.196087
vn -0.910279 -0.05682799999999997 0.410076
vn -0.695372 -0.04223399999999996 0.717408
vn -0.164679 -0.007618999999999939 0.986318
vn 0.130732 0.01122600000000006 0.991354
vn 0.670348 0.04488500000000005 0.740688
vn 0.895677 0.05837800000000003 0.440857
vn 0.98518 0.062333999999999994 -0.159794
vn 0.888488 0.05603899999999997 -0.455465
vn 0.724697 0.04518999999999996 -0.687584
vn 0.724893 0.046198999999999955 -0.68731
vn 0.373397 -0.815837 -0.44157099999999994
vn 0.308304 -0.675976 -0.669332
vn 0.31028 -0.675512 -0.668887
vn 0.410671 -0.898177 -0.15692999999999993
vn 0.371432 -0.820629 0.43428900000000004
vn 0.27704 -0.617998 0.735749
vn 0.052075 -0.12839499999999995 0.990355
vn -0.070754 0.14096300000000006 0.987483
vn -0.290812 0.627272 0.722466
vn -0.379468 0.826048 0.41671199999999997
vn -0.407374 0.895769 -0.17788700000000005
vn -0.366884 0.807494 -0.46189800000000003
vn -0.299783 0.662237 -0.686711
vn -0.301819 0.661766 -0.686273
vn 0.373391 -0.81584 -0.44157099999999994
vn 0.308298 -0.675978 -0.669332
vn 0.310275 -0.675514 -0.668887
vn 0.410669 -0.898179 -0.15692899999999996
vn 0.371431 -0.820629 0.43429000000000006
vn 0.277044 -0.617997 0.735749
vn 0.052076 -0.12839599999999995 0.990355
vn -0.070755 0.14096300000000006 0.987483
vn -0.290818 0.627269 0.722467
vn -0.379472 0.826046 0.41671199999999997
vn -0.407378 0.895767 -0.17788700000000005
vn -0.366884 0.807494 -0.46189900000000006
vn -0.299781 0.662236 -0.686713
vn -0.301814 0.661766 -0.686276
vn -0.348436 -0.820013 -0.45406099999999994
vn -0.285993 -0.670974 -0.684106
vn -0.28464 -0.672016 -0.683648
vn -0.386137 -0.907942 -0.16291099999999994
vn -0.355122 -0.827813 0.43429700000000004
vn -0.268814 -0.621606 0.735762
vn -0.058678 -0.12545199999999995 0.990363
vn 0.057413 0.14687700000000006 0.987487
vn 0.267885 0.637402 0.722465
vn 0.354583 0.837032 0.41671099999999994
vn 0.386225 0.903857 -0.18404500000000004
vn 0.346098 0.80928 -0.47463900000000003
vn 0.280964 0.654849 -0.701592
vn 0.279577 0.655926 -0.70114
vn -0.348434 -0.820013 -0.45406199999999997
vn -0.285989 -0.670975 -0.684107
vn -0.284637 -0.672016 -0.683649
vn -0.386136 -0.907942 -0.16291199999999995
vn -0.355122 -0.827813 0.43429700000000004
vn -0.268816 -0.621605 0.735762
vn -0.058677 -0.12545199999999995 0.990363
vn 0.057413 0.14687700000000006 0.987487
vn 0.267884 0.637402 0.722466
vn 0.354578 0.837033 0.41671299999999994
vn 0.38622 0.90386 -0.18404300000000007
vn 0.346095 0.809281 -0.47463900000000003
vn 0.280963 0.654849 -0.701593
vn 0.279577 0.655925 -0.701141
vn 0.948308 -0.18384799999999998 0.258674
vn 0.967969 -0.06015799999999999 0.243756
vn 0.9624 -0.12009799999999998 0.243643
vn 0.939439 -0.21619099999999997 0.265925
vn 0.863566 -0.421961 0.276047
vn -0.204939 -0.37492999999999993 0.904117
vn 0.086214 -0.5995 0.795718
vn 0.317343 -0.39069999999999994 0.864088
vn 0.323546 -0.14838799999999994 0.934505
vn -0.439841 -0.12917699999999993 0.888737
vn 0.395068 0.044695000000000054 0.917564
vn -0.494917 0.26172700000000004 0.828587
vn -0.156925 0.52489 0.836579
vn 0.422347 0.570345 0.704507
vn 0.606849 -0.17412999999999995 0.775508
vn 0.520971 -0.547785 0.654616
vn 0.617381 -0.33295899999999995 0.712726
vn 0.588548 0.06722800000000005 0.805662
vn 0.436916 0.27811900000000006 0.855427
vn 0.326099 0.40756200000000004 0.852967
vn -0.037389 0.593345 0.804079
vn 0.105765 0.608757 0.786275
vn -0.403384 0.650448 0.643583
vn -0.579883 0.594386 0.557172
vn -0.595938 0.658388 0.45976399999999995
vn 0.702994 -0.53376 -0.4699999999999999
vn 0.575906 -0.43847400000000003 -0.68998
vn 0.577356 -0.43726800000000005 -0.689534
vn 0.781269 -0.593544 -0.19319699999999998
vn 0.73336 -0.560946 0.38408600000000004
vn 0.579542 -0.44583399999999995 0.682175
vn 0.141451 -0.11430999999999994 0.983323
vn -0.143743 0.10282300000000005 0.984259
vn -0.578263 0.4356360000000001 0.689807
vn -0.730291 0.553331 0.40062499999999995
vn -0.782645 0.59707 -0.17599500000000004
vn -0.705637 0.538683 -0.46032200000000006
vn -0.578165 0.44250799999999996 -0.685501
vn -0.579604 0.44129899999999994 -0.685065
vn 0.662654 -0.548202 0.510258
vn -0.195536 0.15088700000000005 0.96902
vn 0.197561 -0.17133799999999993 0.965201
vn 0.767835 -0.630576 0.11315000000000004
vn 0.751072 -0.613361 -0.24429399999999998
vn 0.751069 -0.613364 -0.24429499999999998
vn 0.702993 -0.533761 -0.4699999999999999
vn 0.575906 -0.43847400000000003 -0.68998
vn 0.577356 -0.43726800000000005 -0.689534
vn 0.781268 -0.593544 -0.19319699999999998
vn 0.73336 -0.560947 0.38408600000000004
vn 0.579542 -0.44583399999999995 0.682175
vn 0.141451 -0.11430999999999994 0.983323
vn -0.143743 0.10282300000000005 0.984259
vn -0.578263 0.4356360000000001 0.689807
vn -0.730291 0.553331 0.40062499999999995
vn -0.782645 0.59707 -0.17599600000000004
vn -0.705637 0.538683 -0.46032200000000006
vn -0.578164 0.44250799999999996 -0.685502
vn -0.579604 0.44129899999999994 -0.685065
vn 0.662654 -0.548203 0.510258
vn -0.195537 0.15088600000000005 0.96902
vn 0.19756 -0.17133899999999994 0.965201
vn 0.767835 -0.630576 0.11315000000000004
vn 0.751072 -0.613361 -0.24429399999999998
vn 0.751069 -0.613364 -0.24429499999999998
vn -0.585454 0.660717 -0.46978400000000003
vn -0.479645 0.542347 -0.689783
vn -0.480926 0.541807 -0.689315
vn -0.650571 0.734507 -0.19302100000000005
vn -0.610542 0.692582 0.38414699999999996
vn -0.482435 0.549451 0.682173
vn -0.11758 0.13864000000000007 0.983338
vn 0.11998 -0.12997199999999995 0.984232
vn 0.481719 -0.540709 0.689623
vn 0.608191 -0.685387 0.40043600000000007
vn 0.651617 -0.737825 -0.17609199999999994
vn 0.587511 -0.665546 -0.46030199999999993
vn 0.481393 -0.546311 -0.685423
vn 0.482666 -0.545765 -0.684963
vn -0.552193 0.659031 0.510648
vn 0.163107 -0.18550399999999995 0.969012
vn -0.164346 0.20280000000000006 0.96533
vn -0.640029 0.759949 0.11331299999999996
vn -0.626089 0.740491 -0.24430600000000005
vn -0.626088 0.740492 -0.24430700000000005
vn -0.600658 0.646926 -0.46978400000000003
vn -0.492124 0.531049 -0.689783
vn -0.493393 0.530478 -0.689316
vn -0.667473 0.719182 -0.19302100000000005
vn -0.626479 0.678199 0.38414699999999996
vn -0.495079 0.538086 0.682173
vn -0.120771 0.13586800000000004 0.983338
vn 0.12297 -0.12714799999999996 0.984232
vn 0.49416 -0.529363 0.689623
vn 0.623961 -0.671062 0.40043600000000007
vn 0.668595 -0.722477 -0.17609199999999994
vn 0.602825 -0.651708 -0.46030299999999996
vn 0.493963 -0.534971 -0.685424
vn 0.495223 -0.534396 -0.684963
vn -0.567363 0.646017 0.510648
vn 0.167376 -0.18166099999999993 0.969012
vn -0.169016 0.19892400000000005 0.96533
vn -0.657523 0.744865 0.11331399999999996
vn -0.643134 0.725737 -0.24430500000000005
vn -0.643133 0.725737 -0.24430600000000005
vn 0.655106 0.591555 -0.46999900000000006
vn 0.537866 0.4843819999999999 -0.689982
vn 0.536947 0.48603599999999997 -0.689534
vn 0.728394 0.657356 -0.19319500000000003
vn 0.687463 0.616338 0.38408699999999996
vn 0.545773 0.4865900000000001 0.682175
vn 0.138608 0.11774300000000006 0.983323
vn -0.127745 -0.12213099999999995 0.984259
vn -0.535511 -0.48723099999999997 0.689807
vn -0.679409 -0.614738 0.40062600000000004
vn -0.732116 -0.658051 -0.17599399999999998
vn -0.660435 -0.593236 -0.46032199999999995
vn -0.542246 -0.48585700000000004 -0.685501
vn -0.541325 -0.48749800000000004 -0.685064
vn 0.661802 0.54923 0.510259
vn -0.184596 -0.16408899999999996 0.96902
vn 0.205069 0.16227600000000006 0.965201
vn 0.762286 0.637273 0.11314999999999996
vn 0.742255 0.624001 -0.24429400000000004
vn 0.742256 0.624 -0.24429400000000004
vn -0.090028 0.831084 0.548812
vn 0.020394 0.999488 0.02467399999999994
vn -0.900904 0.39656 0.17638399999999999
vn -0.229385 -0.554336 0.800059
vn 0.67294 -0.15568499999999993 0.723128
vn -0.185052 -0.892832 0.41061800000000004
vn 0.655106 0.591555 -0.46999900000000006
vn 0.537866 0.4843819999999999 -0.689982
vn 0.536947 0.48603599999999997 -0.689534
vn 0.728394 0.657356 -0.19319500000000003
vn 0.687463 0.616338 0.38408699999999996
vn 0.545772 0.48659100000000005 0.682175
vn 0.138608 0.11774300000000006 0.983323
vn -0.127744 -0.12213199999999995 0.984259
vn -0.535511 -0.48723199999999994 0.689807
vn -0.679408 -0.614738 0.40062600000000004
vn -0.732116 -0.658052 -0.17599499999999998
vn -0.660435 -0.593236 -0.46032199999999995
vn -0.542246 -0.48585700000000004 -0.685502
vn -0.541325 -0.48749800000000004 -0.685065
vn 0.661802 0.549231 0.510259
vn -0.184596 -0.16408899999999996 0.96902
vn 0.205069 0.16227700000000006 0.965201
vn 0.762286 0.637274 0.11314999999999996
vn 0.742255 0.624002 -0.24429400000000004
vn 0.742256 0.624 -0.24429500000000004
vn -0.003956 -0.99802 0.06277600000000005
vn 0.202798 -0.935027 0.29085600000000006
vn 0.051187 -0.994424 0.09220400000000005
vn -0.107368 -0.992764 -0.05377899999999994
vn -0.110561 -0.993856 0.005162000000000061
vn 0.672333 -0.740248 -0.0006879999999999547
vn 0.671871 -0.740668 4.535283477154359E-17
vn 0.672082 -0.740476 -0.0010319999999999546
vn 0.672998 -0.739643 -0.0010119999999999548
vn 0.672836 -0.739791 4.529913400940098E-17
vn 0.672836 -0.739791 4.529913400940098E-17
vn 0.67336 -0.739312 -0.002002999999999955
vn 0.673593 -0.7391 -0.002002999999999955
vn 0.673304 -0.739366 4.52731102649191E-17
vn 0.158823 0.14444900000000005 0.976683
vn -0.017801 -0.016189999999999937 0.99971
vn -0.017801 -0.016189999999999937 0.99971
vn 0.336572 0.3061110000000001 0.890514
vn 0.258101 0.23474100000000006 0.937166
vn 0.258101 0.23474200000000006 0.937166
vn -0.266506 -0.24238799999999994 0.932857
vn -0.266505 -0.24238899999999994 0.932857
vn -0.345494 -0.3142269999999999 0.884249
vn -0.159194 -0.14478699999999994 0.976573
vn 0.025345 0.023050000000000063 0.999413
vn 0.025346 0.023050000000000063 0.999413
vn 0.672334 -0.740248 -0.0006879999999999547
vn 0.671872 -0.740668 4.535283477154359E-17
vn 0.672082 -0.740476 -0.0010319999999999546
vn 0.672998 -0.739643 -0.0010109999999999546
vn 0.672836 -0.739791 4.529913400940098E-17
vn 0.672836 -0.739791 4.529913400940098E-17
vn 0.673359 -0.739313 -0.0020019999999999548
vn 0.673593 -0.7391 -0.0020019999999999548
vn 0.673304 -0.739366 4.52731102649191E-17
vn 0.158823 0.14444900000000005 0.976683
vn -0.017801 -0.016189999999999937 0.99971
vn -0.017801 -0.016190999999999938 0.99971
vn 0.336572 0.3061110000000001 0.890514
vn 0.2581 0.23474100000000006 0.937166
vn 0.258099 0.23474300000000006 0.937166
vn -0.266507 -0.24238699999999994 0.932857
vn -0.266505 -0.24238899999999994 0.932857
vn -0.345495 -0.31422599999999995 0.884248
vn -0.159195 -0.14478599999999994 0.976573
vn 0.025344 0.02305100000000006 0.999413
vn 0.025345 0.02305100000000006 0.999413
vn 0.4261 0.19600400000000007 0.883188
vn 0.596505 0.27504800000000007 0.75401
vn 0.598219 0.27518400000000004 0.7526
vn 0.220166 0.10103800000000006 0.970215
vn -0.210742 -0.09671399999999994 0.972746
vn -0.433163 -0.19926299999999994 0.879013
vn -0.615106 -0.28295299999999995 0.735923
vn -0.61348 -0.28287499999999993 0.737309
vn -0.171992 -0.22844399999999995 0.958244
vn -0.041943 -0.055710999999999934 0.997566
vn -0.041946 -0.05571499999999994 0.997565
vn -0.299872 -0.3982879999999999 0.866858
vn -0.288395 -0.38304399999999994 0.877557
vn -0.144209 -0.19153199999999995 0.970834
vn 0.14538 0.19308700000000006 0.970351
vn 0.290737 0.38615400000000005 0.875418
vn 0.301914 0.40099900000000005 0.864898
vn 0.172543 0.22917600000000005 0.95797
vn 0.041003 0.054461000000000065 0.997674
vn 0.041 0.05445900000000006 0.997674
vn -0.799002 0.601328 -3.682072052188398E-17
vn -0.799002 0.601328 -1.0000000000368207E-06
vn -0.799002 0.601328 -3.682072052188398E-17
vn -0.799002 0.601328 9.999999999631792E-07
vn -0.799002 0.601328 -3.682072052188398E-17
vn -0.799002 0.601328 -3.682072052188398E-17
vn -0.799002 0.601328 2.9999999999631796E-06
vn -0.799002 0.601329 3.999999999963179E-06
vn -0.799002 0.601328 9.999999999631792E-07
vn 0.498037 0.22966300000000006 0.83619
vn 0.680359 0.31370600000000004 0.662345
vn 0.680341 0.31373100000000004 0.662351
vn 0.261808 0.12074100000000006 0.957538
vn -0.235442 -0.10858299999999994 0.965804
vn -0.496881 -0.22909499999999994 0.837033
vn -0.69255 -0.31931299999999996 0.646849
vn -0.692593 -0.3192519999999999 0.646834
vn -0.340415 -0.940275 1.0000000000575751E-06
vn -0.340416 -0.940275 1.0000000000575751E-06
vn -0.340417 -0.940275 1.0000000000575751E-06
vn -0.340416 -0.940275 5.757523845341387E-17
vn -0.340416 -0.940275 -9.999999999424248E-07
vn -0.340417 -0.940275 5.757523845341387E-17
vn -0.340416 -0.940275 5.757523845341387E-17
vn -0.340415 -0.940275 -9.999999999424248E-07
vn -0.340417 -0.940275 -9.999999999424248E-07
vn -0.340416 -0.940275 -1.9999999999424245E-06
vn -0.340416 -0.940275 -1.9999999999424245E-06
vn -0.340417 -0.940275 -1.9999999999424245E-06
vn -0.340416 -0.940275 -1.9999999999424245E-06
vn -0.340416 -0.940275 -1.9999999999424245E-06
vn -0.340416 -0.940275 -9.999999999424248E-07
vn -0.340416 -0.940275 -9.999999999424248E-07
vn -0.340416 -0.940275 -9.999999999424248E-07
vn 0.086237 0.996182 0.013601999999999939
vn 0.017744 0.995887 0.08885299999999995
vn -0.010441 0.997491 0.07001799999999994
vn 0.193346 0.979156 0.06221099999999994
vn 0.444361 0.894546 -0.04828100000000005
vn 0.224927 0.919358 0.32278199999999996
vn 0.362673 0.92746 0.09103499999999995
vn 0.577535 0.815369 -0.04033300000000005
vn 0.507354 0.858911 0.06974599999999995
vn 0.553584 0.817666 0.15800899999999996
vn 0.802514 0.588382 -0.09888700000000004
vn 0.804141 0.590957 -0.06424600000000004
vn 0.904553 0.416788 0.08984199999999998
vn 0.858815 0.507522 0.06970299999999997
vn 0.860001 0.499831 0.10279499999999997
vn 0.952232 0.285774 0.10764299999999999
vn 0.730595 -0.3352609999999999 0.594836
vn 0.917202 0.15876900000000002 0.36542
vn 0.669071 -0.42813599999999996 0.60749
vn 0.749466 -0.18116199999999996 0.636774
vn 0 6.123233995736766E-17 1
vn 0 6.123233995736766E-17 1
vn 0 6.123233995736766E-17 1
vn 0 6.123233995736766E-17 1
vn 0 6.123233995736766E-17 1
vn 0 6.123233995736766E-17 1
vn -0.654608 0.755876 0.011807999999999954
vn -0.981912 -0.188969 0.011808000000000013
vn -0.981912 0.188969 0.011807999999999989
vn -0.327304 0.944845 0.011807999999999944
vn 0.499964 0.865963 0.012024999999999945
vn 0.499964 0.865963 0.012024999999999945
vn 0.999928 7.36318887987346E-19 0.012025
vn 0.999928 7.36318887987346E-19 0.012025
vn 0.654608 -0.755876 0.011808000000000048
vn 0.327304 -0.944845 0.011808000000000058
vn -0.327304 -0.944845 0.011808000000000058
vn -0.654608 -0.755876 0.011808000000000048
vn -0.981912 -0.188969 0.011808000000000013
vn -0.981912 0.188969 0.011807999999999989
vn -0.443468 0.896231 -0.010276000000000056
vn -0.542923 0.839482 -0.022446000000000053
vn -0.50762 0.861449 -0.015088000000000053
vn -0.382953 0.923593 -0.017959000000000055
vn -0.19491 0.980725 -0.013738000000000061
vn -0.075151 0.996898 -0.02336700000000006
vn 0.250258 0.968015 -0.01782800000000006
vn 0.244601 0.969084 -0.03236600000000006
vn 0.660024 0.751109 0.014229999999999953
vn 0.711328 0.699509 -0.06855500000000005
vn 0.72715 0.684828 -0.04757500000000004
vn 0.741566 0.670538 0.02142599999999996
vn 0.928217 0.364338 -0.07530500000000002
vn 0.906555 0.419585 0.045899999999999976
vn 0.974442 0.214613 -0.06636400000000002
vn 0.993867 0.110351 0.007144999999999993
vn 0.937244 -0.348193 -0.01833499999999998
vn 0.785833 -0.618303 0.012944000000000039
vn 0.571212 -0.820705 0.01260900000000005
vn 0.031916 -0.999061 0.029287000000000063
vn 0.160362 -0.986997 0.011022000000000061
vn -0.017334 -0.999801 -0.009844999999999939
vn -0.068317 -0.997663 0.000946000000000061
vn -0.210863 -0.977368 0.01701400000000006
vn -0.374328 -0.926356 0.04175800000000006
vn -0.643667 -0.763109 0.05795100000000005
vn -0.878244 -0.476563 0.03969300000000003
vn -0.919998 -0.391212 0.023596000000000023
vn -0.943044 -0.329316 0.047107000000000024
vn -0.953414 -0.284448 0.10045800000000002
vn 0.999961 0.0038280000000000002 0.00797
vn 0.999593 0.028262 -0.003795000000000002
vn 0.999308 0.037178 -0.0009030000000000023
vn 0.888645 -0.458071 0.02194000000000003
vn 0.433599 -0.9005 0.033046000000000054
vn 0.123287 -0.10786199999999994 0.986492
vn 0.015667 -0.019586999999999938 0.999685
vn 0.01859 -0.024258999999999937 0.999533
vn 0.236723 -0.27097799999999994 0.933024
vn 0.167372 -0.06957899999999995 0.983436
vn 0.065732 -0.051590999999999936 0.996503
vn 0.167372 -0.06957899999999995 0.983436
vn 0.137384 0.12996000000000005 0.981955
vn 0.189575 0.01096000000000006 0.981805
vn 0.294024 -0.0033099999999999415 0.955792
vn 0.377674 0.07523100000000006 0.922877
vn -0.313501 -0.947607 -0.061298999999999944
vn -0.276728 -0.955857 -0.09878999999999995
vn -0.300339 -0.951438 -0.06754099999999995
vn -0.188606 -0.981954 -0.013908999999999939
vn -0.13445 -0.990234 0.03688300000000006
vn -0.066105 -0.99497 0.07526500000000005
vn -0.071942 -0.992097 0.10279500000000005
vn 0.018955 -0.99882 0.044719000000000064
vn 0.285092 -0.95514 -0.08018699999999994
vn 0.394975 -0.918656 -0.008158999999999944
vn 0.499943 -0.86516 -0.039436999999999944
vn -0.519166 -0.28895199999999993 0.804347
vn 0.509417 0.35069300000000003 0.785817
vn 0.612402 -0.790391 -0.01569699999999995
vn 0.607194 -0.779626 0.15329500000000004
vn 0.661749 -0.749725 -0.001048999999999954
vn 0.734395 -0.644746 -0.21205399999999996
vn -0.674419 -0.37118899999999994 0.638261
vn -0.519166 -0.28895199999999993 0.804347
vn -0.537099 -0.27610099999999993 0.797053
vn -0.360625 -0.19369699999999995 0.912377
vn 0.538155 -0.07419399999999994 0.839574
vn 0.532375 -0.06775699999999994 0.843792
vn 0.742757 -0.034473999999999956 0.668673
vn 0.429653 0.002761000000000055 0.90299
vn -0.483763 0.23117200000000004 0.844117
vn -0.492327 0.17980000000000004 0.851637
vn -0.722162 0.27095500000000006 0.636448
vn -0.454742 0.18913800000000006 0.870308
vn -0.281239 0.13397000000000006 0.95024
vn -0.290852 0.12340400000000006 0.948777
vn -0.475955 0.42895800000000006 0.767764
vn -0.541934 0.27448300000000003 0.794334
vn -0.5448 0.558245 0.625745
vn -0.581122 0.35676500000000005 0.731448
vn -0.272479 0.923128 0.27127699999999993
vn -0.113082 -0.31051299999999993 0.943819
vn -0.164844 -0.4527959999999999 0.876243
vn -0.164844 -0.4527959999999999 0.876243
vn -0.05659 -0.15523899999999993 0.986255
vn 0.056354 0.15517200000000006 0.986279
vn 0.112882 0.31043300000000007 0.943869
vn 0.164652 0.45265700000000003 0.876351
vn 0.164759 0.45282600000000006 0.876244
vn 0.641837 -0.705708 0.3000360000000001
vn 0.672698 -0.739639 0.020276000000000044
vn 0.672698 -0.739639 0.020275000000000046
vn 0.549092 -0.603733 0.577932
vn 0.348559 -0.38324499999999995 0.855354
vn 0.272474 -0.29958899999999994 0.914333
vn 0.066925 -0.07358399999999994 0.995041
vn -0.066925 0.07358400000000005 0.995041
vn -0.272474 0.29958900000000005 0.914333
vn -0.348559 0.38324500000000006 0.855354
vn -0.549092 0.603732 0.577932
vn -0.641837 0.705707 0.30003699999999994
vn -0.672698 0.739639 0.020275999999999954
vn -0.672698 0.739639 0.020274999999999956
vn 0.029407 0.999498 0.01180899999999994
vn -0.850887 0.525216 0.011808999999999967
vn -0.595173 0.803511 0.011808999999999951
vn 0.398274 0.91719 0.011807999999999945
vn 0.95406 0.299374 0.01202499999999998
vn 0.95406 0.299374 0.01202499999999998
vn 0.736296 -0.676553 0.01202500000000004
vn 0.736296 -0.676553 0.01202500000000004
vn -0.029407 -0.999498 0.011808000000000062
vn -0.398275 -0.91719 0.011808000000000056
vn -0.880294 -0.474281 0.01180800000000003
vn -0.993447 -0.11368 0.011808000000000008
vn -0.850887 0.525216 0.011808999999999967
vn -0.595173 0.803511 0.011808999999999951
vn -0.131293 0.991273 0.01180799999999994
vn -0.924114 0.381934 0.011807999999999978
vn -0.71635 0.697641 0.011807999999999957
vn 0.246 0.969198 0.011808999999999941
vn 0.893687 0.44853 0.012024999999999971
vn 0.893687 0.44853 0.012024999999999971
vn 0.835282 -0.549691 0.012025000000000032
vn 0.835282 -0.549691 0.012025000000000032
vn 0.131293 -0.991273 0.011808000000000062
vn -0.246 -0.969198 0.01180800000000006
vn -0.792821 -0.60934 0.011808000000000039
vn -0.96235 -0.271557 0.011808000000000018
vn -0.924114 0.381934 0.011807999999999978
vn -0.71635 0.697641 0.011807999999999957
vn -0.504374 0.45490600000000003 0.73394
vn 0.032947 0.779829 0.625125
vn -0.82452 0.507262 0.2507039999999999
vn -0.895102 0.372912 0.24439399999999997
vn -0.706786 -0.2548639999999999 0.659923
vn -0.763955 -0.45834099999999994 0.45419800000000005
vn -0.153415 -0.864535 0.47858500000000004
vn 0.880406 -0.322205 0.347949
vn 0.183386 -0.558493 0.808984
vn 0.271711 0.41375600000000007 0.868895
vn 0.73617 0.41392200000000007 0.535464
vn 0.271711 0.41375600000000007 0.868895
vn 0.73617 0.41392200000000007 0.535464
vn 0.032947 0.779829 0.625125
vn -0.504374 0.45490600000000003 0.73394
vn 0.183386 -0.558493 0.808984
vn -0.706786 -0.2548639999999999 0.659923
vn 0.91041 0.413444 0.014761999999999975
vn 0.473922 0.880432 0.015433999999999946
vn 0.69478 0.719061 0.015236999999999957
vn 0.992705 0.116963 0.029264999999999992
vn 0.995568 0.089864 0.027718999999999994
vn 0.997615 -0.046314 0.051176
vn 0.98173 -0.186435 0.038065000000000015
vn 0.955804 -0.292993 0.024390000000000016
vn 0.814075 -0.580082 0.028057000000000033
vn 0.807678 -0.589588 0.006495000000000036
vn 0.575166 -0.817529 0.028842000000000048
vn 0.718265 -0.692981 0.06223000000000004
vn 0.563385 -0.825265 0.03919300000000005
vn 0.166488 -0.985941 0.01419400000000006
vn -0.037168 -0.999225 0.012935000000000061
vn -0.467446 -0.883962 0.010240000000000055
vn -0.69171 -0.722126 0.008396000000000044
vn -0.95688 -0.290328 0.009569000000000017
vn -0.999653 -0.023433 0.012077000000000001
vn -0.882213 0.470654 0.01361099999999997
vn -0.712557 0.701451 0.015126999999999956
vn -0.276531 0.960885 0.015161999999999941
vn -0.011939 0.99981 0.01543499999999994
vn 0.473922 0.880432 0.015433999999999946
vn 0.69478 0.719061 0.015236999999999957
vn 0.929228 0.369369 -0.010098000000000022
vn 0.272439 0.698708 0.661502
vn 0.522484 -0.44032499999999997 0.730153
vn 0.764756 -0.621311 0.17064900000000002
vn -0.501921 0.40275800000000006 0.765416
vn -0.094604 -0.705935 0.70193
vn 0.272439 0.698708 0.661502
vn -0.537099 -0.27610099999999993 0.797053
vn 0.486728 0.36345900000000003 0.794351
vn -0.448704 0.880632 0.15215599999999996
vn -0.356653 0.919387 0.16590799999999994
vn -0.590772 0.783624 0.19215199999999993
vn -0.712333 0.654426 0.25359099999999996
vn -0.754657 0.612118 0.23622899999999997
vn -0.709865 0.702197 0.05486699999999996
vn -0.121255 0.980734 0.15315999999999994
vn -0.050923 0.994041 0.09637999999999994
vn 0.13295 0.986362 0.09702399999999994
vn 0.066915 0.997618 0.016771999999999936
vn 0.074744 0.996881 -0.025347000000000064
vn 0.227615 0.96685 0.11572399999999994
vn 0.294528 0.950856 0.09552799999999995
vn 0.236326 0.968087 0.08341699999999995
vn 0.18639 0.980107 0.06818799999999994
vn -0 6.123233995736766E-17 1
vn 0 6.123233995736766E-17 1
vn 0 6.123233995736766E-17 1
vn 0 6.123233995736766E-17 1
vn -0 6.123233995736766E-17 1
vn -0 6.123233995736766E-17 1
vn 0 6.123233995736766E-17 1
vn 0 6.123233995736766E-17 1
vn 0 6.123233995736766E-17 1
vn 0 6.123233995736766E-17 1
vn 0 6.123233995736766E-17 1
vn 0 6.123233995736766E-17 1
vn 0.737249 0.675613 -0.0032550000000000413
vn 0.7354 0.677629 -0.0024380000000000417
vn 0.737931 0.674861 -0.0045150000000000415
vn 0.734259 0.678845 -0.005773000000000042
vn 0.732856 0.680384 -0.0003620000000000417
vn 0.735799 0.677181 0.005048999999999958
vn -0.741631 -0.670793 -0.004513999999999959
vn -0.744147 -0.668012 -0.0024379999999999593
vn -0.742315 -0.670043 -0.0032539999999999587
vn -0.74525 -0.666761 -0.00577299999999996
vn -0.746649 -0.665218 -0.0003609999999999593
vn -0.743739 -0.668451 0.0050490000000000404
vn -0.631326 0.006739000000000048 0.775488
vn -0.661933 -0.19393299999999994 0.724041
vn -0.661933 -0.19393299999999994 0.724041
vn -0.631326 0.006739000000000048 0.775489
vn -0.489365 0.39841400000000005 0.77575
vn -0.489632 0.39837300000000003 0.775603
vn -0.384218 0.572227 0.724523
vn -0.383669 0.572285 0.724767
vn 0.572254 -0.41100699999999996 0.709647
vn 0.473547 -0.571905 0.669834
vn 0.473547 -0.571906 0.669834
vn 0.572253 -0.41100699999999996 0.709647
vn 0.703014 -0.05010799999999996 0.709409
vn 0.702865 -0.050014999999999955 0.709563
vn 0.73025 0.13645700000000002 0.669414
vn 0.730553 0.13627300000000003 0.669121
vn 0.2029 -0.965546 0.16295100000000007
vn 0.215008 -0.96638 0.14099900000000007
vn 0.241563 -0.518144 0.820472
vn -0.035416 -0.642333 0.765607
vn -0.592682 0.02507900000000005 0.805046
vn 0.141807 0.819094 0.555856
vn 0.422347 0.570345 0.704507
vn 0.395068 0.044695000000000054 0.917564
vn 0.793774 0.2770850000000001 0.541431
vn 0.491708 0.665605 0.56142
vn -0.012489 0.821581 0.569956
vn -0.156925 0.52489 0.836579
vn -0.602462 0.575387 0.553145
vn -0.494917 0.26172700000000004 0.828587
vn -0.84355 -0.014759999999999968 0.536848
vn -0.439841 -0.12917699999999993 0.888737
vn -0.572841 -0.575871 0.583289
vn -0.204939 -0.37492999999999993 0.904117
vn -0.047785 -0.779794 0.62421
vn 0.086214 -0.5995 0.795718
vn 0.363353 -0.652685 0.664813
vn 0.317343 -0.39069999999999994 0.864088
vn 0.735651 -0.31810099999999997 0.598022
vn 0.323546 -0.14838799999999994 0.934505
vn 0.395068 0.044695000000000054 0.917564
vn 0.793774 0.2770850000000001 0.541431
vn 0.04134 0.08924100000000006 0.995152
vn 0.671834 0.531058 0.516349
vn -0.601751 -0.26437799999999995 0.753658
vn -0.565842 -0.30869199999999997 0.764547
vn -0.448055 -0.16201499999999994 0.879203
vn -0.485547 -0.10496599999999995 0.867886
vn 0.505317 -0.21197199999999994 0.836494
vn 0.531252 -0.10977999999999995 0.840071
vn 0.685689 -0.27733199999999997 0.672991
vn 0.389935 -0.20208399999999996 0.898395
vn 0.082138 0.15294400000000005 0.984816
vn 0.137104 0.32116700000000004 0.937045
vn 0.18865 0.32367500000000005 0.927171
vn 0.229567 0.37938900000000003 0.896305
vn -0.086915 -0.06849599999999995 0.993858
vn -0.434366 -0.34112299999999995 0.833643
vn -0.538851 -0.30122999999999994 0.786702
vn -0.481184 -0.34454699999999994 0.80607
vn 0.521177 -0.06351499999999995 0.851082
vn 0.435729 -0.00010799999999994488 0.900078
vn -0.104703 0.57836 0.809035
vn -0.764366 0.618364 0.18267599999999998
vn -0.740223 0.15082000000000004 0.655228
vn -0.016224 0.30846400000000007 0.951098
vn -0.231804 -0.12449999999999994 0.964763
vn -0.720501 -0.693382 0.010029000000000041
vn -0.253586 -0.11843599999999994 0.960035
vn -0.135748 -0.27092999999999995 0.952979
vn -0.1032 0.0005170000000000609 0.99466
vn -0.453342 0.024305000000000056 0.891005
vn -0.121181 0.19120100000000007 0.974042
vn -0.523779 0.10193800000000006 0.845733
vn 0.633902 0.32741000000000003 0.700694
vn 0.163108 0.17771500000000007 0.970471
vn 0.105771 0.29882800000000004 0.948427
vn 0.161425 0.2564850000000001 0.952973
vn 0.294562 0.18526100000000006 0.937503
vn 0.16373 0.09588600000000005 0.981834
vn -0.051616 0.030571000000000063 0.998199
vn -0.999696 0.011903999999999998 -0.021568
vn -0.996311 0.021652000000000005 0.083044
vn -0.998903 0.017258000000000003 0.043541
vn -0.999778 -0.004876000000000001 -0.020511
vn -0.979843 -0.199753 0.0025330000000000122
vn -0.988564 -0.149125 -0.02243199999999999
vn -0.94313 -0.321878 0.08307100000000002
vn -0.926669 -0.372383 0.05113300000000002
vn -0.830415 -0.552525 -0.07160499999999997
vn -0.846116 -0.53264 0.01958700000000003
vn -0.673469 -0.700985 -0.23464899999999994
vn -0.292872 -0.947847 -0.12574899999999994
vn -0.434488 -0.894529 -0.10506099999999995
vn -0.323598 -0.942794 0.08015500000000006
vn -0.269618 -0.962695 -0.02291199999999994
vn -0.037058 -0.992648 -0.11522599999999994
vn 0.00103 -0.991721 -0.12840699999999994
vn -0.035761 -0.995612 -0.08647399999999994
vn 0.002223 0.002913000000000061 0.999993
vn 0.000867 0.003528000000000061 0.999994
vn -0.001329 0.0018460000000000611 0.999997
vn -0.002096 0.002911000000000061 0.999994
vn -0.003525 0.00016300000000006124 0.999994
vn -0.003346 -0.0013529999999999389 0.999994
vn 0.634951 0.39218100000000006 0.665606
vn 0.859102 0.497424 0.12047299999999997
vn 0.849608 0.502254 0.16095499999999996
vn 0.625129 0.39324500000000007 0.674219
vn -0.066649 -0.003816999999999939 0.997769
vn -0.39628 -0.19753699999999993 0.896628
vn -0.821613 -0.454893 0.34354700000000005
vn -0.82499 -0.457198 0.33220600000000006
vn -0.867242 -0.49336 -0.06698799999999998
vn -0.867275 -0.491918 -0.07649099999999998
vn -0.82499 -0.457198 0.33220600000000006
vn 0.940456 -0.339915 2.081379083660863E-17
vn 0.940456 -0.339915 1.0000000000208137E-06
vn 0.940456 -0.339915 2.081379083660863E-17
vn 0.940456 -0.339915 2.081379083660863E-17
vn 0.940456 -0.339915 2.081379083660863E-17
vn 0.940456 -0.339915 2.081379083660863E-17
vn 0.940456 -0.339915 2.081379083660863E-17
vn -0.940456 0.339915 -2.0000000000208136E-06
vn -0.940456 0.339915 -4.000000000020814E-06
vn -0.940456 0.339915 -1.0000000000208137E-06
vn -0.940456 0.339914 -1.0000000000208137E-06
vn -0.940456 0.339915 -2.081379083660863E-17
vn -0.940456 0.339915 -1.0000000000208137E-06
vn -0.940456 0.339915 -1.0000000000208137E-06
vn 0.930095 8.29999999999775E-05 -0.36732
vn 0.958385 -0.013266000000000017 -0.285171
vn 0.957896 0.03262800000000002 0.285256
vn 0.889013 -0.0076999999999999725 0.457817
vn 0.606723 -0.013643999999999951 0.794796
vn 0.889013 -0.0076999999999999725 0.457817
vn 0.036036 -0.07969899999999995 0.996167
vn 0.581727 0.03860400000000005 0.812467
vn -0.567475 -0.04889099999999995 0.821938
vn 0.031703 0.11441300000000006 0.992927
vn -0.911327 -0.07580599999999997 0.404644
vn -0.491411 0.04338300000000005 0.869847
vn -0.947422 0.023078000000000022 0.319154
vn -0.941824 -0.01247500000000002 -0.335874
vn -0.935201 -0.010276000000000021 -0.353969
vn 0.050782 0.992639 0.10994699999999995
vn 0.013987 0.988821 0.14844799999999994
vn 0.048921 0.983614 0.17352199999999995
vn -0.020225 0.997721 0.06437399999999995
vn -0.113211 0.991384 0.06588799999999995
vn 0.033289 0.991063 0.12917799999999993
vn 0.248763 0.962145 0.11132799999999994
vn 0.227086 0.969015 0.09716999999999995
vn 0.799002 -0.601328 1.0000000000368207E-06
vn 0.799002 -0.601328 1.0000000000368207E-06
vn 0.799002 -0.601328 1.0000000000368207E-06
vn 0.799002 -0.601328 1.0000000000368207E-06
vn 0.799002 -0.601328 3.682072052188398E-17
vn 0.799002 -0.601328 -9.999999999631792E-07
vn 0.799002 -0.601329 4.00000000003682E-06
vn 0.799002 -0.601329 3.000000000036821E-06
vn 0.799002 -0.601328 -2.9999999999631796E-06
g orig_orig_orig_Standard_7
f 1/1/1 2/2/2 3/3/3
f 4/4/4 5/5/5 6/6/6
f 7/7/7 8/8/8 9/9/9
f 10/10/10 11/11/11 12/12/12
f 13/13/13 14/14/14 15/15/15
f 16/16/16 17/17/17 18/18/18
f 19/19/19 20/20/20 21/21/21
f 22/22/22 23/23/23 24/24/24
f 25/25/25 26/26/26 27/27/27
f 28/28/28 29/29/29 30/30/30
f 31/31/31 32/32/32 33/33/33
f 34/34/34 35/35/35 36/36/36
f 37/37/37 38/38/38 39/39/39
f 40/40/40 41/41/41 42/42/42
f 43/43/43 44/44/44 45/45/45
f 46/46/46 47/47/47 48/48/48
f 49/49/49 50/50/50 51/51/51
f 52/52/52 53/53/53 54/54/54
f 55/55/55 56/56/56 57/57/57
f 58/58/58 59/59/59 60/60/60
f 61/61/61 62/62/62 63/63/63
f 64/64/64 65/65/65 66/66/66
f 67/67/67 68/68/68 69/69/69
f 70/70/70 71/71/71 72/72/72
f 73/73/73 74/74/74 75/75/75
f 76/76/76 77/77/77 78/78/78
f 79/79/79 80/80/80 81/81/81
f 82/82/82 83/83/83 84/84/84
f 85/85/85 86/86/86 87/87/87
f 88/88/88 89/89/89 90/90/90
f 91/91/91 92/92/92 93/93/93
f 94/94/94 95/95/95 96/96/96
f 97/97/97 98/98/98 99/99/99
f 100/100/100 101/101/101 102/102/102
f 103/103/103 104/104/104 105/105/105
f 106/106/106 107/107/107 108/108/108
f 109/109/109 110/110/110 111/111/111
f 112/112/112 113/113/113 114/114/114
f 115/115/115 116/116/116 117/117/117
f 118/118/118 119/119/119 120/120/120
f 121/121/121 122/122/122 123/123/123
f 124/124/124 125/125/125 126/126/126
f 127/127/127 128/128/128 129/129/129
f 129/129/129 130/130/130 131/131/131
f 132/132/132 133/133/133 134/134/134
f 134/134/134 135/135/135 136/136/136
f 137/137/137 138/138/138 139/139/139
f 139/139/139 140/140/140 141/141/141
f 141/141/141 140/140/140 142/142/142
f 142/142/142 143/143/143 144/144/144
f 145/145/145 146/146/146 147/147/147
f 148/148/148 149/149/149 145/145/145
f 149/149/149 150/150/150 151/151/151
f 151/151/151 152/152/152 149/149/149
f 153/153/153 154/154/154 155/155/155
f 155/155/155 156/156/156 157/157/157
f 158/158/158 159/159/159 160/160/160
f 161/161/161 162/162/162 158/158/158
f 163/163/163 164/164/164 165/165/165
f 165/165/165 166/166/166 167/167/167
f 168/168/168 169/169/169 170/170/170
f 171/171/171 172/172/172 168/168/168
f 172/172/172 173/173/173 174/174/174
f 175/175/175 172/172/172 176/176/176
f 176/176/176 177/177/177 178/178/178
f 178/178/178 179/179/179 176/176/176
f 176/176/176 179/179/179 180/180/180
f 180/180/180 181/181/181 176/176/176
f 176/176/176 181/181/181 182/182/182
f 183/183/183 184/184/184 185/185/185
f 185/185/185 186/186/186 187/187/187
f 188/188/188 189/189/189 186/186/186
f 186/186/186 190/190/190 188/188/188
f 191/191/191 192/192/192 193/193/193
f 194/194/194 195/195/195 191/191/191
f 196/196/196 197/197/197 198/198/198
f 199/199/199 200/200/200 196/196/196
f 201/201/201 202/202/202 203/203/203
f 204/204/204 202/202/202 205/205/205
f 204/204/204 205/205/205 206/206/206
f 207/207/207 204/204/204 206/206/206
f 208/208/208 207/207/207 206/206/206
f 209/209/209 210/210/210 208/208/208
f 211/211/211 212/212/212 213/213/213
f 213/213/213 214/214/214 215/215/215
f 216/216/216 215/215/215 217/217/217
f 217/217/217 218/218/218 216/216/216
f 219/219/219 220/220/220 221/221/221
f 222/222/222 223/223/223 219/219/219
f 224/224/224 225/225/225 226/226/226
f 226/226/226 227/227/227 228/228/228
f 229/229/229 230/230/230 231/231/231
f 232/232/232 233/233/233 229/229/229
f 234/234/234 235/235/235 236/236/236
f 237/237/237 238/238/238 234/234/234
f 239/239/239 240/240/240 241/241/241
f 242/242/242 243/243/243 239/239/239
f 244/244/244 245/245/245 246/246/246
f 246/246/246 247/247/247 248/248/248
f 249/249/249 250/250/250 251/251/251
f 251/251/251 252/252/252 253/253/253
f 254/254/254 255/255/255 256/256/256
f 257/257/257 258/258/258 254/254/254
f 259/259/259 260/260/260 261/261/261
f 261/261/261 262/262/262 263/263/263
f 264/264/264 265/265/265 266/266/266
f 266/266/266 267/267/267 268/268/268
f 269/269/269 270/270/270 271/271/271
f 272/272/272 273/273/273 269/269/269
f 274/274/274 275/275/275 276/276/276
f 277/277/277 278/278/278 274/274/274
f 279/279/279 280/280/280 281/281/281
f 281/281/281 282/282/282 283/283/283
f 284/284/284 285/285/285 286/286/286
f 286/286/286 287/287/287 288/288/288
f 289/289/289 290/290/290 291/291/291
f 292/292/292 293/293/293 289/289/289
f 294/294/294 295/295/295 296/296/296
f 297/297/297 298/298/298 294/294/294
f 299/299/299 300/300/300 301/301/301
f 301/301/301 302/302/302 303/303/303
f 304/304/304 305/305/305 306/306/306
f 306/306/306 307/307/307 308/308/308
f 309/309/309 310/310/310 311/311/311
f 311/311/311 312/312/312 313/313/313
f 314/314/314 315/315/315 316/316/316
f 317/317/317 318/318/318 314/314/314
f 319/319/319 320/320/320 321/321/321
f 321/321/321 322/322/322 323/323/323
f 324/324/324 325/325/325 326/326/326
f 326/326/326 327/327/327 328/328/328
f 329/329/329 330/330/330 331/331/331
f 332/332/332 333/333/333 329/329/329
f 334/334/334 335/335/335 336/336/336
f 337/337/337 338/338/338 334/334/334
f 339/339/339 340/340/340 341/341/341
f 342/342/342 343/343/343 339/339/339
f 344/344/344 345/345/345 346/346/346
f 347/347/347 348/348/348 344/344/344
f 349/349/349 348/348/348 350/350/350
f 349/349/349 351/351/351 348/348/348
f 349/349/349 352/352/352 353/353/353
f 352/352/352 354/354/354 355/355/355
f 355/355/355 356/356/356 352/352/352
f 353/353/353 352/352/352 356/356/356
f 356/356/356 357/357/357 353/353/353
f 358/358/358 359/359/359 357/357/357
f 357/357/357 360/360/360 358/358/358
f 361/361/361 358/358/358 362/362/362
f 363/363/363 364/364/364 361/361/361
f 365/365/365 366/366/366 367/367/367
f 368/368/368 369/369/369 365/365/365
f 370/370/370 371/371/371 372/372/372
f 372/372/372 373/373/373 374/374/374
f 375/375/375 376/376/376 377/377/377
f 378/378/378 379/379/379 375/375/375
f 380/380/380 381/381/381 382/382/382
f 382/382/382 383/383/383 384/384/384
f 385/385/385 386/386/386 387/387/387
f 388/388/388 389/389/389 385/385/385
f 390/390/390 391/391/391 392/392/392
f 392/392/392 393/393/393 394/394/394
f 395/395/395 396/396/396 392/392/392
f 397/397/397 398/398/398 395/395/395
f 399/399/399 394/394/394 400/400/400
f 401/401/401 395/395/395 402/402/402
f 403/403/403 404/404/404 399/399/399
f 404/404/404 405/405/405 399/399/399
f 406/406/406 399/399/399 405/405/405
f 407/407/407 405/405/405 404/404/404
f 405/405/405 408/408/408 406/406/406
f 404/404/404 409/409/409 407/407/407
f 406/406/406 408/408/408 410/410/410
f 410/410/410 402/402/402 406/406/406
f 411/411/411 407/407/407 409/409/409
f 402/402/402 410/410/410 412/412/412
f 412/412/412 413/413/413 402/402/402
f 414/414/414 412/412/412 410/410/410
f 411/411/411 412/412/412 414/414/414
f 412/412/412 411/411/411 409/409/409
f 412/412/412 409/409/409 415/415/415
f 409/409/409 416/416/416 415/415/415
f 417/417/417 418/418/418 419/419/419
f 417/417/417 420/420/420 421/421/421
f 422/422/422 423/423/423 417/417/417
f 424/424/424 425/425/425 422/422/422
f 424/424/424 426/426/426 427/427/427
f 428/428/428 429/429/429 422/422/422
f 430/430/430 431/431/431 429/429/429
f 429/429/429 432/432/432 430/430/430
f 432/432/432 429/429/429 428/428/428
f 428/428/428 433/433/433 432/432/432
f 434/434/434 421/421/421 435/435/435
f 436/436/436 421/421/421 434/434/434
f 434/434/434 437/437/437 436/436/436
f 426/426/426 436/436/436 437/437/437
f 437/437/437 438/438/438 426/426/426
f 426/426/426 438/438/438 439/439/439
f 439/439/439 440/440/440 426/426/426
f 439/439/439 438/438/438 441/441/441
f 441/441/441 442/442/442 439/439/439
f 443/443/443 442/442/442 441/441/441
f 444/444/444 445/445/445 442/442/442
f 444/444/444 442/442/442 446/446/446
f 443/443/443 446/446/446 442/442/442
f 443/443/443 447/447/447 446/446/446
f 446/446/446 447/447/447 434/434/434
f 448/448/448 446/446/446 434/434/434
f 449/449/449 450/450/450 451/451/451
f 451/451/451 452/452/452 453/453/453
f 452/452/452 451/451/451 454/454/454
f 454/454/454 455/455/455 452/452/452
f 456/456/456 457/457/457 458/458/458
f 459/459/459 460/460/460 456/456/456
f 461/461/461 456/456/456 460/460/460
f 460/460/460 462/462/462 461/461/461
f 463/463/463 464/464/464 465/465/465
f 466/466/466 467/467/467 463/463/463
f 468/468/468 463/463/463 467/467/467
f 467/467/467 469/469/469 468/468/468
f 470/470/470 471/471/471 472/472/472
f 473/473/473 474/474/474 470/470/470
f 475/475/475 470/470/470 474/474/474
f 474/474/474 476/476/476 475/475/475
f 477/477/477 478/478/478 479/479/479
f 480/480/480 481/481/481 477/477/477
f 482/482/482 477/477/477 481/481/481
f 481/481/481 483/483/483 482/482/482
f 484/484/484 485/485/485 486/486/486
f 487/487/487 488/488/488 484/484/484
f 489/489/489 484/484/484 488/488/488
f 488/488/488 490/490/490 489/489/489
f 491/491/491 492/492/492 493/493/493
f 491/491/491 494/494/494 495/495/495
f 496/496/496 494/494/494 491/491/491
f 497/497/497 498/498/498 499/499/499
f 500/500/500 501/501/501 497/497/497
f 502/502/502 497/497/497 501/501/501
f 501/501/501 503/503/503 502/502/502
f 504/504/504 505/505/505 506/506/506
f 506/506/506 507/507/507 508/508/508
f 507/507/507 506/506/506 509/509/509
f 509/509/509 510/510/510 507/507/507
f 511/511/511 510/510/510 509/509/509
f 509/509/509 512/512/512 511/511/511
f 513/513/513 514/514/514 515/515/515
f 516/516/516 517/517/517 513/513/513
f 518/518/518 513/513/513 517/517/517
f 517/517/517 519/519/519 520/520/520
f 521/521/521 522/522/522 523/523/523
f 524/524/524 525/525/525 521/521/521
f 526/526/526 521/521/521 525/525/525
f 525/525/525 527/527/527 526/526/526
f 526/526/526 527/527/527 528/528/528
f 528/528/528 529/529/529 526/526/526
f 530/530/530 531/531/531 532/532/532
f 533/533/533 534/534/534 530/530/530
f 530/530/530 534/534/534 535/535/535
f 535/535/535 536/536/536 530/530/530
f 537/537/537 538/538/538 539/539/539
f 540/540/540 541/541/541 537/537/537
f 537/537/537 541/541/541 542/542/542
f 542/542/542 543/543/543 537/537/537
f 544/544/544 543/543/543 542/542/542
f 542/542/542 545/545/545 544/544/544
f 546/546/546 544/544/544 545/545/545
f 545/545/545 547/547/547 546/546/546
f 548/548/548 549/549/549 550/550/550
f 551/551/551 552/552/552 548/548/548
f 553/553/553 548/548/548 552/552/552
f 553/553/553 554/554/554 548/548/548
f 555/555/555 556/556/556 557/557/557
f 557/557/557 558/558/558 559/559/559
f 560/560/560 558/558/558 557/557/557
f 557/557/557 561/561/561 560/560/560
f 562/562/562 560/560/560 561/561/561
f 561/561/561 563/563/563 562/562/562
f 562/562/562 563/563/563 564/564/564
f 564/564/564 565/565/565 562/562/562
f 565/565/565 564/564/564 566/566/566
f 566/566/566 567/567/567 565/565/565
f 568/568/568 567/567/567 566/566/566
f 566/566/566 569/569/569 568/568/568
f 570/570/570 568/568/568 569/569/569
f 569/569/569 571/571/571 570/570/570
f 572/572/572 570/570/570 571/571/571
f 571/571/571 573/573/573 572/572/572
f 573/573/573 574/574/574 572/572/572
f 574/574/574 575/575/575 572/572/572
f 575/575/575 574/574/574 576/576/576
f 575/575/575 576/576/576 577/577/577
f 577/577/577 578/578/578 575/575/575
f 577/577/577 576/576/576 579/579/579
f 580/580/580 581/581/581 582/582/582
f 582/582/582 583/583/583 584/584/584
f 582/582/582 585/585/585 586/586/586
f 587/587/587 585/585/585 582/582/582
f 585/585/585 587/587/587 588/588/588
f 588/588/588 589/589/589 585/585/585
f 590/590/590 585/585/585 589/589/589
f 589/589/589 591/591/591 590/590/590
f 590/590/590 591/591/591 592/592/592
f 592/592/592 593/593/593 590/590/590
f 594/594/594 595/595/595 596/596/596
f 597/597/597 598/598/598 594/594/594
f 599/599/599 594/594/594 600/600/600
f 600/600/600 601/601/601 599/599/599
f 594/594/594 599/599/599 602/602/602
f 602/602/602 599/599/599 603/603/603
f 602/602/602 604/604/604 594/594/594
f 603/603/603 605/605/605 602/602/602
f 604/604/604 602/602/602 605/605/605
f 605/605/605 606/606/606 604/604/604
f 607/607/607 608/608/608 609/609/609
f 609/609/609 610/610/610 611/611/611
f 612/612/612 610/610/610 609/609/609
f 613/613/613 612/612/612 609/609/609
f 609/609/609 614/614/614 613/613/613
f 615/615/615 613/613/613 614/614/614
f 614/614/614 616/616/616 615/615/615
f 615/615/615 617/617/617 618/618/618
f 618/618/618 619/619/619 615/615/615
f 620/620/620 621/621/621 622/622/622
f 622/622/622 623/623/623 620/620/620
f 624/624/624 625/625/625 626/626/626
f 626/626/626 627/627/627 624/624/624
f 628/628/628 629/629/629 630/630/630
f 630/630/630 631/631/631 628/628/628
f 632/632/632 633/633/633 634/634/634
f 634/634/634 635/635/635 632/632/632
f 636/636/636 637/637/637 638/638/638
f 638/638/638 639/639/639 636/636/636
f 640/640/640 641/641/641 642/642/642
f 642/642/642 643/643/643 640/640/640
f 644/644/644 645/645/645 646/646/646
f 646/646/646 647/647/647 644/644/644
f 648/648/648 649/649/649 650/650/650
f 650/650/650 651/651/651 648/648/648
f 652/652/652 653/653/653 654/654/654
f 654/654/654 655/655/655 652/652/652
f 656/656/656 657/657/657 658/658/658
f 658/658/658 659/659/659 656/656/656
f 660/660/660 661/661/661 662/662/662
f 662/662/662 663/663/663 660/660/660
f 664/664/664 665/665/665 666/666/666
f 666/666/666 667/667/667 664/664/664
f 668/668/668 669/669/669 670/670/670
f 670/670/670 671/671/671 668/668/668
f 672/672/672 673/673/673 674/674/674
f 674/674/674 675/675/675 672/672/672
f 676/676/676 677/677/677 678/678/678
f 678/678/678 679/679/679 676/676/676
f 680/680/680 681/681/681 682/682/682
f 682/682/682 683/683/683 680/680/680
f 684/684/684 685/685/685 686/686/686
f 686/686/686 687/687/687 684/684/684
f 688/688/688 689/689/689 690/690/690
f 690/690/690 691/691/691 688/688/688
f 692/692/692 693/693/693 694/694/694
f 694/694/694 695/695/695 692/692/692
f 696/696/696 697/697/697 698/698/698
f 698/698/698 699/699/699 696/696/696
f 700/700/700 701/701/701 702/702/702
f 702/702/702 703/703/703 700/700/700
f 704/704/704 705/705/705 706/706/706
f 706/706/706 707/707/707 704/704/704
f 708/708/708 709/709/709 710/710/710
f 710/710/710 711/711/711 708/708/708
f 712/712/712 713/713/713 714/714/714
f 714/714/714 715/715/715 712/712/712
f 716/716/716 717/717/717 718/718/718
f 718/718/718 719/719/719 716/716/716
f 720/720/720 721/721/721 722/722/722
f 722/722/722 723/723/723 720/720/720
f 724/724/724 725/725/725 726/726/726
f 726/726/726 727/727/727 724/724/724
f 728/728/728 729/729/729 730/730/730
f 731/731/731 728/728/728 730/730/730
f 732/732/732 733/733/733 734/734/734
f 732/732/732 734/734/734 735/735/735
f 736/736/736 737/737/737 738/738/738
f 738/738/738 739/739/739 736/736/736
f 740/740/740 741/741/741 742/742/742
f 742/742/742 743/743/743 740/740/740
f 744/744/744 745/745/745 746/746/746
f 747/747/747 744/744/744 746/746/746
f 748/748/748 749/749/749 750/750/750
f 748/748/748 750/750/750 751/751/751
f 752/752/752 753/753/753 754/754/754
f 754/754/754 755/755/755 752/752/752
f 756/756/756 757/757/757 758/758/758
f 758/758/758 759/759/759 756/756/756
f 760/760/760 761/761/761 762/762/762
f 762/762/762 763/763/763 760/760/760
f 764/764/764 765/765/765 766/766/766
f 766/766/766 767/767/767 764/764/764
f 768/768/768 769/769/769 770/770/770
f 770/770/770 771/771/771 768/768/768
f 772/772/772 773/773/773 774/774/774
f 774/774/774 775/775/775 772/772/772
f 776/776/776 777/777/777 778/778/778
f 778/778/778 779/779/779 776/776/776
f 780/780/780 781/781/781 782/782/782
f 782/782/782 783/783/783 780/780/780
f 784/784/784 785/785/785 783/783/783
f 783/783/783 786/786/786 784/784/784
f 787/787/787 788/788/788 789/789/789
f 789/789/789 790/790/790 787/787/787
f 791/791/791 792/792/792 793/793/793
f 793/793/793 794/794/794 791/791/791
f 795/795/795 796/796/796 797/797/797
f 797/797/797 798/798/798 795/795/795
f 799/799/799 800/800/800 801/801/801
f 801/801/801 802/802/802 799/799/799
f 803/803/803 804/804/804 805/805/805
f 805/805/805 806/806/806 803/803/803
f 807/807/807 808/808/808 809/809/809
f 809/809/809 810/810/810 807/807/807
f 811/811/811 812/812/812 813/813/813
f 813/813/813 814/814/814 811/811/811
f 815/815/815 816/816/816 817/817/817
f 817/817/817 818/818/818 815/815/815
f 819/819/819 820/820/820 821/821/821
f 821/821/821 822/822/822 819/819/819
f 823/823/823 824/824/824 825/825/825
f 825/825/825 826/826/826 823/823/823
f 827/827/827 828/828/828 829/829/829
f 829/829/829 830/830/830 827/827/827
f 831/831/831 832/832/832 833/833/833
f 833/833/833 834/834/834 831/831/831
f 835/835/835 836/836/836 837/837/837
f 837/837/837 838/838/838 835/835/835
f 839/839/839 840/840/840 841/841/841
f 841/841/841 842/842/842 839/839/839
f 843/843/843 844/844/844 845/845/845
f 845/845/845 846/846/846 843/843/843
f 847/847/847 848/848/848 849/849/849
f 849/849/849 850/850/850 847/847/847
f 851/851/851 852/852/852 853/853/853
f 853/853/853 854/854/854 851/851/851
f 855/855/855 856/856/856 857/857/857
f 857/857/857 858/858/858 855/855/855
f 859/859/859 860/860/860 861/861/861
f 861/861/861 862/862/862 859/859/859
f 863/863/863 864/864/864 865/865/865
f 865/865/865 866/866/866 863/863/863
f 867/867/867 868/868/868 869/869/869
f 869/869/869 870/870/870 867/867/867
f 871/871/871 872/872/872 873/873/873
f 873/873/873 874/874/874 871/871/871
f 875/875/875 876/876/876 877/877/877
f 877/877/877 878/878/878 875/875/875
f 879/879/879 880/880/880 881/881/881
f 881/881/881 882/882/882 879/879/879
f 883/883/883 884/884/884 885/885/885
f 885/885/885 886/886/886 883/883/883
f 887/887/887 888/888/888 889/889/889
f 889/889/889 890/890/890 887/887/887
f 891/891/891 892/892/892 893/893/893
f 893/893/893 894/894/894 891/891/891
f 895/895/895 896/896/896 897/897/897
f 897/897/897 898/898/898 895/895/895
f 899/899/899 900/900/900 901/901/901
f 901/901/901 902/902/902 899/899/899
f 903/903/903 904/904/904 905/905/905
f 905/905/905 906/906/906 903/903/903
f 907/907/907 908/908/908 909/909/909
f 909/909/909 910/910/910 907/907/907
f 911/911/911 912/912/912 913/913/913
f 913/913/913 914/914/914 911/911/911
f 915/915/915 916/916/916 917/917/917
f 917/917/917 918/918/918 915/915/915
f 919/919/919 920/920/920 921/921/921
f 921/921/921 922/922/922 919/919/919
f 923/923/923 924/924/924 925/925/925
f 925/925/925 926/926/926 923/923/923
f 927/927/927 928/928/928 929/929/929
f 929/929/929 930/930/930 927/927/927
f 931/931/931 932/932/932 933/933/933
f 933/933/933 934/934/934 931/931/931
f 935/935/935 936/936/936 937/937/937
f 937/937/937 938/938/938 935/935/935
f 939/939/939 940/940/940 941/941/941
f 941/941/941 942/942/942 939/939/939
f 943/943/943 944/944/944 945/945/945
f 945/945/945 946/946/946 943/943/943
f 947/947/947 948/948/948 949/949/949
f 949/949/949 950/950/950 947/947/947
f 951/951/951 952/952/952 953/953/953
f 953/953/953 954/954/954 951/951/951
f 955/955/955 956/956/956 957/957/957
f 957/957/957 958/958/958 955/955/955
f 959/959/959 960/960/960 961/961/961
f 961/961/961 962/962/962 959/959/959
f 963/963/963 964/964/964 965/965/965
f 965/965/965 966/966/966 963/963/963
f 967/967/967 968/968/968 969/969/969
f 969/969/969 970/970/970 967/967/967
f 971/971/971 972/972/972 973/973/973
f 973/973/973 974/974/974 971/971/971
f 975/975/975 976/976/976 977/977/977
f 977/977/977 978/978/978 975/975/975
f 979/979/979 980/980/980 981/981/981
f 981/981/981 982/982/982 979/979/979
f 983/983/983 984/984/984 985/985/985
f 985/985/985 986/986/986 983/983/983
f 987/987/987 988/988/988 989/989/989
f 989/989/989 990/990/990 987/987/987
f 991/991/991 992/992/992 993/993/993
f 993/993/993 994/994/994 991/991/991
f 995/995/995 996/996/996 997/997/997
f 997/997/997 998/998/998 995/995/995
f 999/999/999 1000/1000/1000 1001/1001/1001
f 1001/1001/1001 1002/1002/1002 999/999/999
f 1003/1003/1003 1004/1004/1004 1005/1005/1005
f 1005/1005/1005 1006/1006/1006 1003/1003/1003
f 1007/1007/1007 1008/1008/1008 1009/1009/1009
f 1009/1009/1009 1010/1010/1010 1007/1007/1007
f 1011/1011/1011 1012/1012/1012 1013/1013/1013
f 1013/1013/1013 1014/1014/1014 1011/1011/1011
f 1015/1015/1015 1016/1016/1016 1017/1017/1017
f 1017/1017/1017 1018/1018/1018 1015/1015/1015
f 1019/1019/1019 1020/1020/1020 1021/1021/1021
f 1021/1021/1021 1022/1022/1022 1019/1019/1019
f 1023/1023/1023 1024/1024/1024 1025/1025/1025
f 1025/1025/1025 1026/1026/1026 1023/1023/1023
f 1027/1027/1027 1028/1028/1028 1029/1029/1029
f 1029/1029/1029 1030/1030/1030 1027/1027/1027
f 1031/1031/1031 1032/1032/1032 1033/1033/1033
f 1033/1033/1033 1034/1034/1034 1031/1031/1031
f 1035/1035/1035 1036/1036/1036 1037/1037/1037
f 1037/1037/1037 1038/1038/1038 1035/1035/1035
f 1039/1039/1039 1040/1040/1040 1041/1041/1041
f 1041/1041/1041 1042/1042/1042 1039/1039/1039
f 1043/1043/1043 1044/1044/1044 1045/1045/1045
f 1045/1045/1045 1046/1046/1046 1043/1043/1043
f 1047/1047/1047 1048/1048/1048 1049/1049/1049
f 1049/1049/1049 1050/1050/1050 1047/1047/1047
f 1051/1051/1051 1052/1052/1052 1053/1053/1053
f 1053/1053/1053 1054/1054/1054 1051/1051/1051
f 1055/1055/1055 1056/1056/1056 1057/1057/1057
f 1057/1057/1057 1058/1058/1058 1055/1055/1055
f 1059/1059/1059 1060/1060/1060 1061/1061/1061
f 1061/1061/1061 1062/1062/1062 1059/1059/1059
f 1063/1063/1063 1064/1064/1064 1065/1065/1065
f 1065/1065/1065 1066/1066/1066 1063/1063/1063
f 1067/1067/1067 1068/1068/1068 1069/1069/1069
f 1069/1069/1069 1070/1070/1070 1067/1067/1067
f 1071/1071/1071 1072/1072/1072 1073/1073/1073
f 1073/1073/1073 1074/1074/1074 1071/1071/1071
f 1075/1075/1075 1076/1076/1076 1077/1077/1077
f 1077/1077/1077 1078/1078/1078 1075/1075/1075
f 1079/1079/1079 1080/1080/1080 1081/1081/1081
f 1081/1081/1081 1082/1082/1082 1079/1079/1079
f 1083/1083/1083 1084/1084/1084 1085/1085/1085
f 1085/1085/1085 1086/1086/1086 1083/1083/1083
f 1087/1087/1087 1088/1088/1088 1089/1089/1089
f 1089/1089/1089 1090/1090/1090 1087/1087/1087
f 1091/1091/1091 1092/1092/1092 1093/1093/1093
f 1093/1093/1093 1094/1094/1094 1091/1091/1091
f 1095/1095/1095 1096/1096/1096 1097/1097/1097
f 1097/1097/1097 1098/1098/1098 1095/1095/1095
f 1099/1099/1099 1100/1100/1100 1101/1101/1101
f 1101/1101/1101 1102/1102/1102 1099/1099/1099
f 1103/1103/1103 1104/1104/1104 1105/1105/1105
f 1105/1105/1105 1106/1106/1106 1103/1103/1103
f 1107/1107/1107 1108/1108/1108 1109/1109/1109
f 1109/1109/1109 1110/1110/1110 1107/1107/1107
f 1111/1111/1111 1112/1112/1112 1113/1113/1113
f 1113/1113/1113 1114/1114/1114 1111/1111/1111
f 1115/1115/1115 1116/1116/1116 1117/1117/1117
f 1117/1117/1117 1118/1118/1118 1115/1115/1115
f 1119/1119/1119 1120/1120/1120 1121/1121/1121
f 1121/1121/1121 1122/1122/1122 1119/1119/1119
f 1123/1123/1123 1124/1124/1124 1125/1125/1125
f 1125/1125/1125 1126/1126/1126 1123/1123/1123
f 1127/1127/1127 1128/1128/1128 1129/1129/1129
f 1129/1129/1129 1130/1130/1130 1127/1127/1127
f 1131/1131/1131 1132/1132/1132 1133/1133/1133
f 1133/1133/1133 1134/1134/1134 1131/1131/1131
f 1135/1135/1135 1136/1136/1136 1137/1137/1137
f 1137/1137/1137 1138/1138/1138 1135/1135/1135
f 1139/1139/1139 1140/1140/1140 1141/1141/1141
f 1141/1141/1141 1142/1142/1142 1139/1139/1139
f 1143/1143/1143 1144/1144/1144 1145/1145/1145
f 1145/1145/1145 1146/1146/1146 1143/1143/1143
f 1147/1147/1147 1148/1148/1148 1149/1149/1149
f 1149/1149/1149 1150/1150/1150 1147/1147/1147
f 1151/1151/1151 1152/1152/1152 1153/1153/1153
f 1153/1153/1153 1154/1154/1154 1151/1151/1151
f 1155/1155/1155 1156/1156/1156 1157/1157/1157
f 1157/1157/1157 1158/1158/1158 1155/1155/1155
f 1159/1159/1159 1160/1160/1160 1161/1161/1161
f 1161/1161/1161 1162/1162/1162 1159/1159/1159
f 1163/1163/1163 1164/1164/1164 1165/1165/1165
f 1165/1165/1165 1166/1166/1166 1163/1163/1163
f 1167/1167/1167 1168/1168/1168 1169/1169/1169
f 1169/1169/1169 1170/1170/1170 1167/1167/1167
f 1171/1171/1171 1172/1172/1172 1173/1173/1173
f 1173/1173/1173 1174/1174/1174 1171/1171/1171
f 1175/1175/1175 1176/1176/1176 1177/1177/1177
f 1177/1177/1177 1178/1178/1178 1175/1175/1175
f 1179/1179/1179 1180/1180/1180 1181/1181/1181
f 1181/1181/1181 1182/1182/1182 1179/1179/1179
f 1183/1183/1183 1184/1184/1184 1185/1185/1185
f 1185/1185/1185 1186/1186/1186 1183/1183/1183
f 1187/1187/1187 1188/1188/1188 1189/1189/1189
f 1189/1189/1189 1190/1190/1190 1187/1187/1187
f 1191/1191/1191 1192/1192/1192 1193/1193/1193
f 1193/1193/1193 1194/1194/1194 1191/1191/1191
f 1195/1195/1195 1196/1196/1196 1197/1197/1197
f 1197/1197/1197 1198/1198/1198 1195/1195/1195
f 1199/1199/1199 1200/1200/1200 1201/1201/1201
f 1201/1201/1201 1202/1202/1202 1199/1199/1199
f 1203/1203/1203 1204/1204/1204 1205/1205/1205
f 1205/1205/1205 1206/1206/1206 1203/1203/1203
f 1207/1207/1207 1208/1208/1208 1209/1209/1209
f 1209/1209/1209 1210/1210/1210 1207/1207/1207
f 1211/1211/1211 1212/1212/1212 1213/1213/1213
f 1213/1213/1213 1214/1214/1214 1211/1211/1211
f 1215/1215/1215 1216/1216/1216 1217/1217/1217
f 1217/1217/1217 1218/1218/1218 1215/1215/1215
f 1219/1219/1219 1220/1220/1220 1221/1221/1221
f 1221/1221/1221 1222/1222/1222 1219/1219/1219
f 1223/1223/1223 1224/1224/1224 1225/1225/1225
f 1225/1225/1225 1226/1226/1226 1223/1223/1223
f 1227/1227/1227 1228/1228/1228 1229/1229/1229
f 1229/1229/1229 1230/1230/1230 1227/1227/1227
f 1231/1231/1231 1232/1232/1232 1233/1233/1233
f 1233/1233/1233 1234/1234/1234 1231/1231/1231
f 1235/1235/1235 1236/1236/1236 1237/1237/1237
f 1237/1237/1237 1238/1238/1238 1235/1235/1235
f 1239/1239/1239 1240/1240/1240 1241/1241/1241
f 1241/1241/1241 1242/1242/1242 1239/1239/1239
f 1243/1243/1243 1244/1244/1244 1245/1245/1245
f 1245/1245/1245 1246/1246/1246 1243/1243/1243
f 1247/1247/1247 1248/1248/1248 1249/1249/1249
f 1249/1249/1249 1250/1250/1250 1247/1247/1247
f 1251/1251/1251 1252/1252/1252 1253/1253/1253
f 1253/1253/1253 1254/1254/1254 1251/1251/1251
f 1255/1255/1255 1256/1256/1256 1257/1257/1257
f 1257/1257/1257 1258/1258/1258 1255/1255/1255
f 1259/1259/1259 1260/1260/1260 1261/1261/1261
f 1261/1261/1261 1262/1262/1262 1259/1259/1259
f 1263/1263/1263 1264/1264/1264 1265/1265/1265
f 1265/1265/1265 1266/1266/1266 1263/1263/1263
f 1267/1267/1267 1268/1268/1268 1269/1269/1269
f 1269/1269/1269 1270/1270/1270 1267/1267/1267
f 1271/1271/1271 1272/1272/1272 1273/1273/1273
f 1273/1273/1273 1274/1274/1274 1271/1271/1271
f 1275/1275/1275 1276/1276/1276 1277/1277/1277
f 1277/1277/1277 1278/1278/1278 1275/1275/1275
f 1279/1279/1279 1280/1280/1280 1281/1281/1281
f 1281/1281/1281 1282/1282/1282 1279/1279/1279
f 1283/1283/1283 1284/1284/1284 1285/1285/1285
f 1285/1285/1285 1286/1286/1286 1283/1283/1283
f 1287/1287/1287 1288/1288/1288 1289/1289/1289
f 1289/1289/1289 1290/1290/1290 1287/1287/1287
f 1291/1291/1291 1292/1292/1292 1293/1293/1293
f 1293/1293/1293 1294/1294/1294 1291/1291/1291
f 1295/1295/1295 1296/1296/1296 1297/1297/1297
f 1297/1297/1297 1298/1298/1298 1295/1295/1295
f 1299/1299/1299 1300/1300/1300 1301/1301/1301
f 1301/1301/1301 1302/1302/1302 1299/1299/1299
f 1303/1303/1303 1304/1304/1304 1305/1305/1305
f 1305/1305/1305 1306/1306/1306 1303/1303/1303
f 1307/1307/1307 1308/1308/1308 1309/1309/1309
f 1309/1309/1309 1310/1310/1310 1307/1307/1307
f 1311/1311/1311 1312/1312/1312 1313/1313/1313
f 1313/1313/1313 1314/1314/1314 1311/1311/1311
f 1315/1315/1315 1316/1316/1316 1317/1317/1317
f 1317/1317/1317 1318/1318/1318 1315/1315/1315
f 1319/1319/1319 1320/1320/1320 1321/1321/1321
f 1321/1321/1321 1322/1322/1322 1319/1319/1319
f 1323/1323/1323 1324/1324/1324 1325/1325/1325
f 1325/1325/1325 1326/1326/1326 1323/1323/1323
f 1327/1327/1327 1328/1328/1328 1329/1329/1329
f 1329/1329/1329 1330/1330/1330 1327/1327/1327
f 1331/1331/1331 1332/1332/1332 1333/1333/1333
f 1333/1333/1333 1334/1334/1334 1331/1331/1331
f 1335/1335/1335 1336/1336/1336 1337/1337/1337
f 1337/1337/1337 1338/1338/1338 1335/1335/1335
f 1339/1339/1339 1340/1340/1340 1341/1341/1341
f 1341/1341/1341 1342/1342/1342 1339/1339/1339
f 1343/1343/1343 1344/1344/1344 1345/1345/1345
f 1345/1345/1345 1346/1346/1346 1343/1343/1343
f 1347/1347/1347 1348/1348/1348 1349/1349/1349
f 1349/1349/1349 1350/1350/1350 1347/1347/1347
f 1351/1351/1351 1352/1352/1352 1353/1353/1353
f 1353/1353/1353 1354/1354/1354 1351/1351/1351
f 1355/1355/1355 1356/1356/1356 1357/1357/1357
f 1357/1357/1357 1358/1358/1358 1355/1355/1355
f 1359/1359/1359 1360/1360/1360 1361/1361/1361
f 1361/1361/1361 1362/1362/1362 1359/1359/1359
f 1363/1363/1363 1364/1364/1364 1365/1365/1365
f 1365/1365/1365 1366/1366/1366 1363/1363/1363
f 1367/1367/1367 1368/1368/1368 1369/1369/1369
f 1369/1369/1369 1370/1370/1370 1367/1367/1367
f 1371/1371/1371 1372/1372/1372 1373/1373/1373
f 1373/1373/1373 1374/1374/1374 1371/1371/1371
f 1375/1375/1375 1376/1376/1376 1377/1377/1377
f 1377/1377/1377 1378/1378/1378 1375/1375/1375
f 1379/1379/1379 1380/1380/1380 1381/1381/1381
f 1381/1381/1381 1382/1382/1382 1379/1379/1379
f 1383/1383/1383 1384/1384/1384 1385/1385/1385
f 1385/1385/1385 1386/1386/1386 1383/1383/1383
f 1387/1387/1387 1388/1388/1388 1389/1389/1389
f 1389/1389/1389 1390/1390/1390 1387/1387/1387
f 1391/1391/1391 1392/1392/1392 1393/1393/1393
f 1393/1393/1393 1394/1394/1394 1391/1391/1391
f 1395/1395/1395 1396/1396/1396 1397/1397/1397
f 1397/1397/1397 1398/1398/1398 1395/1395/1395
f 1399/1399/1399 1400/1400/1400 1401/1401/1401
f 1401/1401/1401 1402/1402/1402 1399/1399/1399
f 1403/1403/1403 1404/1404/1404 1405/1405/1405
f 1405/1405/1405 1406/1406/1406 1403/1403/1403
f 1407/1407/1407 1408/1408/1408 1409/1409/1409
f 1409/1409/1409 1410/1410/1410 1407/1407/1407
f 1411/1411/1411 1412/1412/1412 1413/1413/1413
f 1413/1413/1413 1414/1414/1414 1411/1411/1411
f 1415/1415/1415 1416/1416/1416 1417/1417/1417
f 1417/1417/1417 1418/1418/1418 1415/1415/1415
f 1419/1419/1419 1420/1420/1420 1421/1421/1421
f 1421/1421/1421 1422/1422/1422 1419/1419/1419
f 1423/1423/1423 1424/1424/1424 1425/1425/1425
f 1425/1425/1425 1426/1426/1426 1423/1423/1423
f 1427/1427/1427 1428/1428/1428 1429/1429/1429
f 1429/1429/1429 1430/1430/1430 1427/1427/1427
f 1431/1431/1431 1432/1432/1432 1433/1433/1433
f 1433/1433/1433 1434/1434/1434 1431/1431/1431
f 1435/1435/1435 1436/1436/1436 1437/1437/1437
f 1437/1437/1437 1438/1438/1438 1435/1435/1435
f 1439/1439/1439 1440/1440/1440 1441/1441/1441
f 1441/1441/1441 1442/1442/1442 1439/1439/1439
f 1443/1443/1443 1444/1444/1444 1445/1445/1445
f 1445/1445/1445 1446/1446/1446 1443/1443/1443
f 1447/1447/1447 1448/1448/1448 1449/1449/1449
f 1449/1449/1449 1450/1450/1450 1447/1447/1447
f 1451/1451/1451 1452/1452/1452 1453/1453/1453
f 1453/1453/1453 1454/1454/1454 1451/1451/1451
f 1455/1455/1455 1456/1456/1456 1457/1457/1457
f 1457/1457/1457 1458/1458/1458 1455/1455/1455
f 1459/1459/1459 1460/1460/1460 1461/1461/1461
f 1461/1461/1461 1462/1462/1462 1459/1459/1459
f 1463/1463/1463 1464/1464/1464 1465/1465/1465
f 1465/1465/1465 1466/1466/1466 1463/1463/1463
f 1467/1467/1467 1468/1468/1468 1469/1469/1469
f 1469/1469/1469 1470/1470/1470 1467/1467/1467
f 1471/1471/1471 1472/1472/1472 1473/1473/1473
f 1473/1473/1473 1474/1474/1474 1471/1471/1471
f 1475/1475/1475 1476/1476/1476 1477/1477/1477
f 1477/1477/1477 1478/1478/1478 1475/1475/1475
f 1479/1479/1479 1480/1480/1480 1481/1481/1481
f 1481/1481/1481 1482/1482/1482 1479/1479/1479
f 1483/1483/1483 1484/1484/1484 1485/1485/1485
f 1485/1485/1485 1486/1486/1486 1483/1483/1483
f 1487/1487/1487 1488/1488/1488 1489/1489/1489
f 1489/1489/1489 1490/1490/1490 1487/1487/1487
f 1491/1491/1491 1492/1492/1492 1493/1493/1493
f 1493/1493/1493 1494/1494/1494 1491/1491/1491
f 1495/1495/1495 1496/1496/1496 1497/1497/1497
f 1497/1497/1497 1498/1498/1498 1495/1495/1495
f 1499/1499/1499 1500/1500/1500 1501/1501/1501
f 1501/1501/1501 1502/1502/1502 1499/1499/1499
f 1503/1503/1503 1504/1504/1504 1505/1505/1505
f 1505/1505/1505 1506/1506/1506 1503/1503/1503
f 1507/1507/1507 1508/1508/1508 1509/1509/1509
f 1509/1509/1509 1510/1510/1510 1507/1507/1507
f 1511/1511/1511 1512/1512/1512 1513/1513/1513
f 1513/1513/1513 1514/1514/1514 1511/1511/1511
f 1515/1515/1515 1516/1516/1516 1517/1517/1517
f 1517/1517/1517 1518/1518/1518 1515/1515/1515
f 1519/1519/1519 1520/1520/1520 1521/1521/1521
f 1521/1521/1521 1522/1522/1522 1519/1519/1519
f 1523/1523/1523 1524/1524/1524 1525/1525/1525
f 1525/1525/1525 1526/1526/1526 1523/1523/1523
f 1527/1527/1527 1528/1528/1528 1529/1529/1529
f 1529/1529/1529 1530/1530/1530 1527/1527/1527
f 1531/1531/1531 1532/1532/1532 1533/1533/1533
f 1533/1533/1533 1534/1534/1534 1531/1531/1531
f 1535/1535/1535 1536/1536/1536 1537/1537/1537
f 1537/1537/1537 1538/1538/1538 1535/1535/1535
f 1539/1539/1539 1540/1540/1540 1541/1541/1541
f 1541/1541/1541 1542/1542/1542 1539/1539/1539
f 1543/1543/1543 1544/1544/1544 1545/1545/1545
f 1545/1545/1545 1546/1546/1546 1543/1543/1543
f 1547/1547/1547 1548/1548/1548 1549/1549/1549
f 1549/1549/1549 1550/1550/1550 1547/1547/1547
f 1551/1551/1551 1552/1552/1552 1553/1553/1553
f 1553/1553/1553 1554/1554/1554 1551/1551/1551
f 1555/1555/1555 1556/1556/1556 1557/1557/1557
f 1557/1557/1557 1558/1558/1558 1555/1555/1555
f 1559/1559/1559 1560/1560/1560 1561/1561/1561
f 1561/1561/1561 1562/1562/1562 1559/1559/1559
f 1563/1563/1563 1564/1564/1564 1565/1565/1565
f 1565/1565/1565 1566/1566/1566 1563/1563/1563
f 1567/1567/1567 1568/1568/1568 1569/1569/1569
f 1569/1569/1569 1570/1570/1570 1567/1567/1567
f 1571/1571/1571 1572/1572/1572 1573/1573/1573
f 1573/1573/1573 1574/1574/1574 1571/1571/1571
f 1575/1575/1575 1576/1576/1576 1577/1577/1577
f 1577/1577/1577 1578/1578/1578 1575/1575/1575
f 1579/1579/1579 1580/1580/1580 1581/1581/1581
f 1581/1581/1581 1582/1582/1582 1579/1579/1579
f 1583/1583/1583 1584/1584/1584 1585/1585/1585
f 1585/1585/1585 1586/1586/1586 1583/1583/1583
f 1587/1587/1587 1588/1588/1588 1589/1589/1589
f 1589/1589/1589 1590/1590/1590 1587/1587/1587
f 1591/1591/1591 1592/1592/1592 1593/1593/1593
f 1593/1593/1593 1594/1594/1594 1591/1591/1591
f 1595/1595/1595 1596/1596/1596 1597/1597/1597
f 1597/1597/1597 1598/1598/1598 1595/1595/1595
f 1599/1599/1599 1600/1600/1600 1601/1601/1601
f 1601/1601/1601 1602/1602/1602 1599/1599/1599
f 1603/1603/1603 1604/1604/1604 1605/1605/1605
f 1605/1605/1605 1606/1606/1606 1603/1603/1603
f 1607/1607/1607 1608/1608/1608 1606/1606/1606
f 1606/1606/1606 1609/1609/1609 1607/1607/1607
f 1606/1606/1606 1610/1610/1610 1611/1611/1611
f 1611/1611/1611 1609/1609/1609 1606/1606/1606
f 1609/1609/1609 1612/1612/1612 1613/1613/1613
f 1613/1613/1613 1614/1614/1614 1609/1609/1609
f 1615/1615/1615 1616/1616/1616 1617/1617/1617
f 1617/1617/1617 1618/1618/1618 1615/1615/1615
f 1619/1619/1619 1620/1620/1620 1621/1621/1621
f 1621/1621/1621 1622/1622/1622 1619/1619/1619
f 1623/1623/1623 1624/1624/1624 1625/1625/1625
f 1625/1625/1625 1626/1626/1626 1623/1623/1623
f 1627/1627/1627 1628/1628/1628 1629/1629/1629
f 1629/1629/1629 1630/1630/1630 1627/1627/1627
f 1631/1631/1631 1632/1632/1632 1633/1633/1633
f 1633/1633/1633 1634/1634/1634 1631/1631/1631
f 1635/1635/1635 1636/1636/1636 1637/1637/1637
f 1637/1637/1637 1638/1638/1638 1635/1635/1635
f 1639/1639/1639 1640/1640/1640 1641/1641/1641
f 1641/1641/1641 1642/1642/1642 1639/1639/1639
f 1643/1643/1643 1644/1644/1644 1645/1645/1645
f 1645/1645/1645 1646/1646/1646 1643/1643/1643
f 1647/1647/1647 1648/1648/1648 1649/1649/1649
f 1649/1649/1649 1650/1650/1650 1647/1647/1647
f 1651/1651/1651 1652/1652/1652 1653/1653/1653
f 1653/1653/1653 1654/1654/1654 1651/1651/1651
f 1655/1655/1655 1656/1656/1656 1657/1657/1657
f 1657/1657/1657 1658/1658/1658 1655/1655/1655
f 1659/1659/1659 1660/1660/1660 1661/1661/1661
f 1661/1661/1661 1662/1662/1662 1659/1659/1659
f 1663/1663/1663 1664/1664/1664 1665/1665/1665
f 1665/1665/1665 1666/1666/1666 1663/1663/1663
f 1667/1667/1667 1668/1668/1668 1669/1669/1669
f 1669/1669/1669 1670/1670/1670 1667/1667/1667
f 1671/1671/1671 1672/1672/1672 1673/1673/1673
f 1673/1673/1673 1674/1674/1674 1671/1671/1671
f 1675/1675/1675 1676/1676/1676 1677/1677/1677
f 1678/1678/1678 1676/1676/1676 1679/1679/1679
f 1680/1680/1680 1681/1681/1681 1678/1678/1678
f 1677/1677/1677 1682/1682/1682 1683/1683/1683
f 1683/1683/1683 1682/1682/1682 1684/1684/1684
f 1681/1681/1681 1683/1683/1683 1685/1685/1685
f 1684/1684/1684 1685/1685/1685 1683/1683/1683
f 1685/1685/1685 1686/1686/1686 1681/1681/1681
f 1687/1687/1687 1685/1685/1685 1684/1684/1684
f 1688/1688/1688 1689/1689/1689 1685/1685/1685
f 1690/1690/1690 1691/1691/1691 1688/1688/1688
f 1687/1687/1687 1691/1691/1691 1692/1692/1692
f 1687/1687/1687 1693/1693/1693 1691/1691/1691
f 1694/1694/1694 1695/1695/1695 1696/1696/1696
f 1696/1696/1696 1697/1697/1697 1694/1694/1694
f 1698/1698/1698 1699/1699/1699 1700/1700/1700
f 1700/1700/1700 1701/1701/1701 1698/1698/1698
f 1702/1702/1702 1703/1703/1703 1704/1704/1704
f 1704/1704/1704 1705/1705/1705 1702/1702/1702
f 1706/1706/1706 1707/1707/1707 1708/1708/1708
f 1708/1708/1708 1709/1709/1709 1706/1706/1706
f 1710/1710/1710 1711/1711/1711 1712/1712/1712
f 1712/1712/1712 1713/1713/1713 1710/1710/1710
f 1714/1714/1714 1715/1715/1715 1716/1716/1716
f 1716/1716/1716 1717/1717/1717 1714/1714/1714
f 1718/1718/1718 1719/1719/1719 1720/1720/1720
f 1720/1720/1720 1721/1721/1721 1718/1718/1718
f 1722/1722/1722 1723/1723/1723 1724/1724/1724
f 1724/1724/1724 1725/1725/1725 1722/1722/1722
f 1726/1726/1726 1727/1727/1727 1728/1728/1728
f 1728/1728/1728 1729/1729/1729 1726/1726/1726
f 1730/1730/1730 1731/1731/1731 1732/1732/1732
f 1732/1732/1732 1733/1733/1733 1730/1730/1730
f 1734/1734/1734 1735/1735/1735 1736/1736/1736
f 1736/1736/1736 1737/1737/1737 1734/1734/1734
f 1738/1738/1738 1739/1739/1739 1740/1740/1740
f 1740/1740/1740 1741/1741/1741 1738/1738/1738
f 1742/1742/1742 1743/1743/1743 1744/1744/1744
f 1744/1744/1744 1745/1745/1745 1742/1742/1742
f 1746/1746/1746 1747/1747/1747 1748/1748/1748
f 1748/1748/1748 1749/1749/1749 1746/1746/1746
f 1750/1750/1750 1751/1751/1751 1752/1752/1752
f 1752/1752/1752 1753/1753/1753 1750/1750/1750
f 1754/1754/1754 1755/1755/1755 1756/1756/1756
f 1756/1756/1756 1757/1757/1757 1754/1754/1754
f 1758/1758/1758 1759/1759/1759 1760/1760/1760
f 1760/1760/1760 1761/1761/1761 1758/1758/1758
f 1762/1762/1762 1763/1763/1763 1764/1764/1764
f 1764/1764/1764 1765/1765/1765 1762/1762/1762
f 1766/1766/1766 1767/1767/1767 1768/1768/1768
f 1768/1768/1768 1769/1769/1769 1766/1766/1766
f 1770/1770/1770 1771/1771/1771 1772/1772/1772
f 1772/1772/1772 1773/1773/1773 1770/1770/1770
f 1774/1774/1774 1775/1775/1775 1776/1776/1776
f 1776/1776/1776 1777/1777/1777 1774/1774/1774
f 1778/1778/1778 1779/1779/1779 1780/1780/1780
f 1780/1780/1780 1781/1781/1781 1778/1778/1778
f 1781/1781/1781 1782/1782/1782 1783/1783/1783
f 1783/1783/1783 1784/1784/1784 1781/1781/1781
f 1784/1784/1784 1783/1783/1783 1785/1785/1785
f 1785/1785/1785 1786/1786/1786 1784/1784/1784
f 1787/1787/1787 1786/1786/1786 1785/1785/1785
f 1785/1785/1785 1788/1788/1788 1787/1787/1787
f 1789/1789/1789 1790/1790/1790 1791/1791/1791
f 1791/1791/1791 1792/1792/1792 1789/1789/1789
f 1792/1792/1792 1791/1791/1791 1793/1793/1793
f 1793/1793/1793 1794/1794/1794 1792/1792/1792
f 1795/1795/1795 1796/1796/1796 1797/1797/1797
f 1797/1797/1797 1798/1798/1798 1795/1795/1795
f 1798/1798/1798 1797/1797/1797 1799/1799/1799
f 1799/1799/1799 1800/1800/1800 1798/1798/1798
f 1801/1801/1801 1802/1802/1802 1803/1803/1803
f 1803/1803/1803 1804/1804/1804 1801/1801/1801
f 1804/1804/1804 1803/1803/1803 1805/1805/1805
f 1806/1806/1806 1804/1804/1804 1805/1805/1805
f 1805/1805/1805 1807/1807/1807 1806/1806/1806
f 1808/1808/1808 1806/1806/1806 1807/1807/1807
f 1809/1809/1809 1810/1810/1810 1811/1811/1811
f 1812/1812/1812 1809/1809/1809 1811/1811/1811
f 1812/1812/1812 1811/1811/1811 1813/1813/1813
f 1813/1813/1813 1814/1814/1814 1812/1812/1812
f 1815/1815/1815 1814/1814/1814 1813/1813/1813
f 1813/1813/1813 1816/1816/1816 1815/1815/1815
f 1817/1817/1817 1815/1815/1815 1816/1816/1816
f 1817/1817/1817 1816/1816/1816 1818/1818/1818
f 1819/1819/1819 1820/1820/1820 1821/1821/1821
f 1821/1821/1821 1822/1822/1822 1819/1819/1819
f 1822/1822/1822 1821/1821/1821 1823/1823/1823
f 1822/1822/1822 1823/1823/1823 1824/1824/1824
f 1824/1824/1824 1825/1825/1825 1822/1822/1822
f 1824/1824/1824 1826/1826/1826 1825/1825/1825
f 1825/1825/1825 1826/1826/1826 1827/1827/1827
f 1828/1828/1828 1829/1829/1829 1830/1830/1830
f 1831/1831/1831 1828/1828/1828 1830/1830/1830
f 1830/1830/1830 1832/1832/1832 1831/1831/1831
f 1833/1833/1833 1831/1831/1831 1832/1832/1832
f 1834/1834/1834 1835/1835/1835 1836/1836/1836
f 1837/1837/1837 1834/1834/1834 1836/1836/1836
f 1836/1836/1836 1838/1838/1838 1837/1837/1837
f 1837/1837/1837 1838/1838/1838 1839/1839/1839
f 1840/1840/1840 1841/1841/1841 1842/1842/1842
f 1843/1843/1843 1840/1840/1840 1842/1842/1842
f 1842/1842/1842 1844/1844/1844 1843/1843/1843
f 1845/1845/1845 1846/1846/1846 1847/1847/1847
f 1848/1848/1848 1845/1845/1845 1847/1847/1847
f 1847/1847/1847 1849/1849/1849 1848/1848/1848
f 1850/1850/1850 1851/1851/1851 1852/1852/1852
f 1852/1852/1852 1853/1853/1853 1850/1850/1850
f 1853/1853/1853 1852/1852/1852 1854/1854/1854
f 1855/1855/1855 1856/1856/1856 1857/1857/1857
f 1857/1857/1857 1858/1858/1858 1855/1855/1855
f 1857/1857/1857 1859/1859/1859 1858/1858/1858
f 1859/1859/1859 1860/1860/1860 1858/1858/1858
f 1860/1860/1860 1861/1861/1861 1858/1858/1858
f 1862/1862/1862 1858/1858/1858 1861/1861/1861
f 1861/1861/1861 1863/1863/1863 1862/1862/1862
f 1864/1864/1864 1865/1865/1865 1866/1866/1866
f 1866/1866/1866 1867/1867/1867 1864/1864/1864
f 1866/1866/1866 1868/1868/1868 1867/1867/1867
f 1868/1868/1868 1869/1869/1869 1867/1867/1867
f 1869/1869/1869 1870/1870/1870 1867/1867/1867
f 1871/1871/1871 1867/1867/1867 1870/1870/1870
f 1870/1870/1870 1872/1872/1872 1871/1871/1871
f 1873/1873/1873 1874/1874/1874 1875/1875/1875
f 1875/1875/1875 1876/1876/1876 1873/1873/1873
f 1876/1876/1876 1875/1875/1875 1877/1877/1877
f 1877/1877/1877 1878/1878/1878 1876/1876/1876
f 1878/1878/1878 1877/1877/1877 1879/1879/1879
f 1879/1879/1879 1880/1880/1880 1878/1878/1878
f 1881/1881/1881 1880/1880/1880 1879/1879/1879
f 1879/1879/1879 1882/1882/1882 1881/1881/1881
f 1883/1883/1883 1884/1884/1884 1885/1885/1885
f 1885/1885/1885 1886/1886/1886 1883/1883/1883
f 1886/1886/1886 1885/1885/1885 1887/1887/1887
f 1887/1887/1887 1888/1888/1888 1886/1886/1886
f 1888/1888/1888 1887/1887/1887 1889/1889/1889
f 1889/1889/1889 1890/1890/1890 1888/1888/1888
f 1891/1891/1891 1892/1892/1892 1893/1893/1893
f 1893/1893/1893 1894/1894/1894 1891/1891/1891
f 1894/1894/1894 1893/1893/1893 1895/1895/1895
f 1895/1895/1895 1896/1896/1896 1894/1894/1894
f 1896/1896/1896 1895/1895/1895 1897/1897/1897
f 1897/1897/1897 1898/1898/1898 1896/1896/1896
f 1899/1899/1899 1900/1900/1900 1901/1901/1901
f 1902/1902/1902 1899/1899/1899 1901/1901/1901
f 1902/1902/1902 1901/1901/1901 1903/1903/1903
f 1904/1904/1904 1905/1905/1905 1906/1906/1906
f 1907/1907/1907 1904/1904/1904 1906/1906/1906
f 1908/1908/1908 1907/1907/1907 1906/1906/1906
f 1909/1909/1909 1910/1910/1910 1911/1911/1911
f 1911/1911/1911 1912/1912/1912 1909/1909/1909
f 1912/1912/1912 1911/1911/1911 1913/1913/1913
f 1913/1913/1913 1914/1914/1914 1912/1912/1912
f 1915/1915/1915 1914/1914/1914 1913/1913/1913
f 1913/1913/1913 1916/1916/1916 1915/1915/1915
f 1917/1917/1917 1918/1918/1918 1919/1919/1919
f 1920/1920/1920 1917/1917/1917 1919/1919/1919
f 1921/1921/1921 1920/1920/1920 1919/1919/1919
f 1922/1922/1922 1923/1923/1923 1924/1924/1924
f 1925/1925/1925 1922/1922/1922 1924/1924/1924
f 1926/1926/1926 1925/1925/1925 1924/1924/1924
f 1927/1927/1927 1928/1928/1928 1929/1929/1929
f 1930/1930/1930 1927/1927/1927 1929/1929/1929
f 1930/1930/1930 1929/1929/1929 1931/1931/1931
f 1931/1931/1931 1932/1932/1932 1930/1930/1930
f 1933/1933/1933 1932/1932/1932 1931/1931/1931
f 1934/1934/1934 1933/1933/1933 1931/1931/1931
f 1935/1935/1935 1936/1936/1936 1937/1937/1937
f 1937/1937/1937 1938/1938/1938 1935/1935/1935
f 1938/1938/1938 1937/1937/1937 1939/1939/1939
f 1939/1939/1939 1940/1940/1940 1938/1938/1938
f 1940/1940/1940 1939/1939/1939 1941/1941/1941
f 1941/1941/1941 1942/1942/1942 1940/1940/1940
f 1943/1943/1943 1944/1944/1944 1945/1945/1945
f 1946/1946/1946 1943/1943/1943 1945/1945/1945
f 1946/1946/1946 1945/1945/1945 1947/1947/1947
f 1947/1947/1947 1948/1948/1948 1946/1946/1946
f 1949/1949/1949 1948/1948/1948 1947/1947/1947
f 1950/1950/1950 1949/1949/1949 1947/1947/1947
f 1951/1951/1951 1952/1952/1952 1953/1953/1953
f 1953/1953/1953 1954/1954/1954 1951/1951/1951
f 1954/1954/1954 1953/1953/1953 1955/1955/1955
f 1955/1955/1955 1956/1956/1956 1954/1954/1954
f 1957/1957/1957 1956/1956/1956 1955/1955/1955
f 1955/1955/1955 1958/1958/1958 1957/1957/1957
f 1959/1959/1959 1960/1960/1960 1961/1961/1961
f 1961/1961/1961 1962/1962/1962 1959/1959/1959
f 1962/1962/1962 1961/1961/1961 1963/1963/1963
f 1963/1963/1963 1964/1964/1964 1962/1962/1962
f 1965/1965/1965 1964/1964/1964 1963/1963/1963
f 1963/1963/1963 1966/1966/1966 1965/1965/1965
f 1965/1965/1965 1966/1966/1966 1967/1967/1967
f 1967/1967/1967 1968/1968/1968 1965/1965/1965
f 1969/1969/1969 1970/1970/1970 1971/1971/1971
f 1971/1971/1971 1972/1972/1972 1969/1969/1969
f 1972/1972/1972 1971/1971/1971 1973/1973/1973
f 1974/1974/1974 1975/1975/1975 1972/1972/1972
f 1972/1972/1972 1973/1973/1973 1974/1974/1974
f 1973/1973/1973 1976/1976/1976 1974/1974/1974
f 1977/1977/1977 1974/1974/1974 1976/1976/1976
f 1976/1976/1976 1978/1978/1978 1977/1977/1977
f 1979/1979/1979 1976/1976/1976 1973/1973/1973
f 1973/1973/1973 1980/1980/1980 1979/1979/1979
f 1981/1981/1981 1979/1979/1979 1980/1980/1980
f 1982/1982/1982 1979/1979/1979 1981/1981/1981
f 1981/1981/1981 1983/1983/1983 1982/1982/1982
f 1984/1984/1984 1981/1981/1981 1980/1980/1980
f 1980/1980/1980 1985/1985/1985 1984/1984/1984
f 1985/1985/1985 1980/1980/1980 1986/1986/1986
f 1986/1986/1986 1987/1987/1987 1985/1985/1985
f 1986/1986/1986 1980/1980/1980 1988/1988/1988
f 1989/1989/1989 1990/1990/1990 1991/1991/1991
f 1992/1992/1992 1989/1989/1989 1991/1991/1991
f 1991/1991/1991 1993/1993/1993 1992/1992/1992
f 1994/1994/1994 1995/1995/1995 1996/1996/1996
f 1996/1996/1996 1995/1995/1995 1997/1997/1997
f 1997/1997/1997 1998/1998/1998 1996/1996/1996
f 1999/1999/1999 2000/2000/2000 2001/2001/2001
f 2001/2001/2001 2002/2002/2002 1999/1999/1999
f 2003/2003/2003 2002/2002/2002 2001/2001/2001
f 2003/2003/2003 2004/2004/2004 2002/2002/2002
f 2005/2005/2005 2004/2004/2004 2003/2003/2003
f 2003/2003/2003 2006/2006/2006 2005/2005/2005
f 2006/2006/2006 2007/2007/2007 2005/2005/2005
f 2007/2007/2007 2006/2006/2006 2008/2008/2008
f 2009/2009/2009 2007/2007/2007 2008/2008/2008
f 2010/2010/2010 2007/2007/2007 2009/2009/2009
f 2008/2008/2008 2011/2011/2011 2009/2009/2009
f 2009/2009/2009 2012/2012/2012 2010/2010/2010
f 2011/2011/2011 2008/2008/2008 2013/2013/2013
f 2013/2013/2013 2010/2010/2010 2012/2012/2012
f 2013/2013/2013 2014/2014/2014 2011/2011/2011
f 2012/2012/2012 2014/2014/2014 2013/2013/2013
f 2010/2010/2010 2013/2013/2013 2015/2015/2015
f 2015/2015/2015 2016/2016/2016 2010/2010/2010
f 2017/2017/2017 2016/2016/2016 2015/2015/2015
f 2017/2017/2017 2018/2018/2018 2016/2016/2016
f 2018/2018/2018 2017/2017/2017 2019/2019/2019
f 2020/2020/2020 2021/2021/2021 2019/2019/2019
f 2019/2019/2019 2021/2021/2021 2022/2022/2022
f 2022/2022/2022 2018/2018/2018 2019/2019/2019
f 2023/2023/2023 2018/2018/2018 2022/2022/2022
f 2022/2022/2022 2024/2024/2024 2023/2023/2023
f 2023/2023/2023 2025/2025/2025 2018/2018/2018
f 2023/2023/2023 2026/2026/2026 2025/2025/2025
f 2026/2026/2026 2027/2027/2027 2025/2025/2025
f 2028/2028/2028 2027/2027/2027 2026/2026/2026
f 2026/2026/2026 2029/2029/2029 2028/2028/2028
f 2030/2030/2030 2031/2031/2031 2032/2032/2032
f 2032/2032/2032 2033/2033/2033 2030/2030/2030
f 2033/2033/2033 2032/2032/2032 2034/2034/2034
f 2034/2034/2034 2035/2035/2035 2033/2033/2033
f 2035/2035/2035 2034/2034/2034 2036/2036/2036
f 2036/2036/2036 2037/2037/2037 2035/2035/2035
f 2038/2038/2038 2037/2037/2037 2036/2036/2036
f 2036/2036/2036 2039/2039/2039 2038/2038/2038
f 2040/2040/2040 2041/2041/2041 2042/2042/2042
f 2043/2043/2043 2040/2040/2040 2042/2042/2042
f 2042/2042/2042 2044/2044/2044 2043/2043/2043
f 2044/2044/2044 2045/2045/2045 2043/2043/2043
f 2045/2045/2045 2046/2046/2046 2043/2043/2043
f 2046/2046/2046 2047/2047/2047 2043/2043/2043
f 2047/2047/2047 2048/2048/2048 2043/2043/2043
f 2049/2049/2049 2048/2048/2048 2047/2047/2047
f 2047/2047/2047 2050/2050/2050 2049/2049/2049
f 2049/2049/2049 2051/2051/2051 2048/2048/2048
f 2051/2051/2051 2049/2049/2049 2052/2052/2052
f 2052/2052/2052 2053/2053/2053 2054/2054/2054
f 2054/2054/2054 2051/2051/2051 2052/2052/2052
f 2054/2054/2054 2055/2055/2055 2051/2051/2051
f 2056/2056/2056 2051/2051/2051 2055/2055/2055
f 2056/2056/2056 2055/2055/2055 2057/2057/2057
f 2056/2056/2056 2057/2057/2057 2058/2058/2058
f 2059/2059/2059 2060/2060/2060 2061/2061/2061
f 2061/2061/2061 2062/2062/2062 2059/2059/2059
f 2061/2061/2061 2063/2063/2063 2062/2062/2062
f 2064/2064/2064 2065/2065/2065 2066/2066/2066
f 2067/2067/2067 2064/2064/2064 2066/2066/2066
f 2066/2066/2066 2068/2068/2068 2067/2067/2067
f 2069/2069/2069 2070/2070/2070 2071/2071/2071
f 2071/2071/2071 2072/2072/2072 2069/2069/2069
f 2072/2072/2072 2071/2071/2071 2073/2073/2073
f 2074/2074/2074 2075/2075/2075 2076/2076/2076
f 2077/2077/2077 2074/2074/2074 2076/2076/2076
f 2076/2076/2076 2078/2078/2078 2077/2077/2077
f 2079/2079/2079 2080/2080/2080 2081/2081/2081
f 2081/2081/2081 2082/2082/2082 2079/2079/2079
f 2082/2082/2082 2081/2081/2081 2083/2083/2083
f 2083/2083/2083 2084/2084/2084 2082/2082/2082
f 2084/2084/2084 2083/2083/2083 2085/2085/2085
f 2085/2085/2085 2086/2086/2086 2084/2084/2084
f 2086/2086/2086 2085/2085/2085 2087/2087/2087
f 2087/2087/2087 2088/2088/2088 2086/2086/2086
f 2089/2089/2089 2088/2088/2088 2087/2087/2087
f 2087/2087/2087 2090/2090/2090 2089/2089/2089
f 2091/2091/2091 2092/2092/2092 2093/2093/2093
f 2093/2093/2093 2092/2092/2092 2094/2094/2094
f 2095/2095/2095 2093/2093/2093 2094/2094/2094
f 2094/2094/2094 2096/2096/2096 2095/2095/2095
f 2097/2097/2097 2095/2095/2095 2096/2096/2096
f 2098/2098/2098 2095/2095/2095 2097/2097/2097
f 2097/2097/2097 2099/2099/2099 2098/2098/2098
f 2100/2100/2100 2101/2101/2101 2102/2102/2102
f 2102/2102/2102 2103/2103/2103 2100/2100/2100
f 2104/2104/2104 2100/2100/2100 2103/2103/2103
f 2103/2103/2103 2105/2105/2105 2104/2104/2104
f 2106/2106/2106 2104/2104/2104 2105/2105/2105
f 2105/2105/2105 2107/2107/2107 2106/2106/2106
f 2108/2108/2108 2106/2106/2106 2107/2107/2107
f 2107/2107/2107 2109/2109/2109 2108/2108/2108
f 2110/2110/2110 2108/2108/2108 2109/2109/2109
f 2109/2109/2109 2111/2111/2111 2110/2110/2110
f 2112/2112/2112 2110/2110/2110 2111/2111/2111
f 2111/2111/2111 2113/2113/2113 2112/2112/2112
f 2114/2114/2114 2115/2115/2115 2116/2116/2116
f 2116/2116/2116 2117/2117/2117 2114/2114/2114
f 2118/2118/2118 2114/2114/2114 2117/2117/2117
f 2117/2117/2117 2119/2119/2119 2118/2118/2118
f 2120/2120/2120 2118/2118/2118 2119/2119/2119
f 2119/2119/2119 2121/2121/2121 2120/2120/2120
f 2122/2122/2122 2120/2120/2120 2121/2121/2121
f 2121/2121/2121 2123/2123/2123 2122/2122/2122
f 2124/2124/2124 2122/2122/2122 2123/2123/2123
f 2123/2123/2123 2125/2125/2125 2124/2124/2124
f 2126/2126/2126 2124/2124/2124 2125/2125/2125
f 2125/2125/2125 2127/2127/2127 2126/2126/2126
f 2128/2128/2128 2129/2129/2129 2130/2130/2130
f 2130/2130/2130 2131/2131/2131 2128/2128/2128
f 2132/2132/2132 2128/2128/2128 2131/2131/2131
f 2131/2131/2131 2133/2133/2133 2132/2132/2132
f 2134/2134/2134 2132/2132/2132 2133/2133/2133
f 2133/2133/2133 2135/2135/2135 2134/2134/2134
f 2136/2136/2136 2134/2134/2134 2135/2135/2135
f 2135/2135/2135 2137/2137/2137 2136/2136/2136
f 2138/2138/2138 2136/2136/2136 2137/2137/2137
f 2137/2137/2137 2139/2139/2139 2138/2138/2138
f 2140/2140/2140 2138/2138/2138 2139/2139/2139
f 2139/2139/2139 2141/2141/2141 2140/2140/2140
f 2142/2142/2142 2143/2143/2143 2144/2144/2144
f 2144/2144/2144 2145/2145/2145 2142/2142/2142
f 2146/2146/2146 2142/2142/2142 2145/2145/2145
f 2145/2145/2145 2147/2147/2147 2146/2146/2146
f 2148/2148/2148 2146/2146/2146 2147/2147/2147
f 2147/2147/2147 2149/2149/2149 2148/2148/2148
f 2150/2150/2150 2148/2148/2148 2149/2149/2149
f 2149/2149/2149 2151/2151/2151 2150/2150/2150
f 2152/2152/2152 2150/2150/2150 2151/2151/2151
f 2151/2151/2151 2153/2153/2153 2152/2152/2152
f 2154/2154/2154 2152/2152/2152 2153/2153/2153
f 2153/2153/2153 2155/2155/2155 2154/2154/2154
f 2156/2156/2156 2157/2157/2157 2158/2158/2158
f 2158/2158/2158 2159/2159/2159 2156/2156/2156
f 2160/2160/2160 2156/2156/2156 2159/2159/2159
f 2159/2159/2159 2161/2161/2161 2160/2160/2160
f 2162/2162/2162 2160/2160/2160 2161/2161/2161
f 2161/2161/2161 2163/2163/2163 2162/2162/2162
f 2164/2164/2164 2162/2162/2162 2163/2163/2163
f 2163/2163/2163 2165/2165/2165 2164/2164/2164
f 2166/2166/2166 2164/2164/2164 2165/2165/2165
f 2165/2165/2165 2167/2167/2167 2166/2166/2166
f 2168/2168/2168 2166/2166/2166 2167/2167/2167
f 2167/2167/2167 2169/2169/2169 2168/2168/2168
f 2170/2170/2170 2171/2171/2171 2172/2172/2172
f 2172/2172/2172 2173/2173/2173 2170/2170/2170
f 2174/2174/2174 2170/2170/2170 2173/2173/2173
f 2173/2173/2173 2175/2175/2175 2174/2174/2174
f 2176/2176/2176 2174/2174/2174 2175/2175/2175
f 2175/2175/2175 2177/2177/2177 2176/2176/2176
f 2178/2178/2178 2176/2176/2176 2177/2177/2177
f 2177/2177/2177 2179/2179/2179 2178/2178/2178
f 2180/2180/2180 2178/2178/2178 2179/2179/2179
f 2179/2179/2179 2181/2181/2181 2180/2180/2180
f 2182/2182/2182 2180/2180/2180 2181/2181/2181
f 2181/2181/2181 2183/2183/2183 2182/2182/2182
f 2184/2184/2184 2185/2185/2185 2186/2186/2186
f 2186/2186/2186 2187/2187/2187 2184/2184/2184
f 2188/2188/2188 2184/2184/2184 2187/2187/2187
f 2187/2187/2187 2189/2189/2189 2188/2188/2188
f 2190/2190/2190 2188/2188/2188 2189/2189/2189
f 2189/2189/2189 2191/2191/2191 2190/2190/2190
f 2192/2192/2192 2190/2190/2190 2191/2191/2191
f 2191/2191/2191 2193/2193/2193 2192/2192/2192
f 2194/2194/2194 2192/2192/2192 2193/2193/2193
f 2193/2193/2193 2195/2195/2195 2194/2194/2194
f 2196/2196/2196 2194/2194/2194 2195/2195/2195
f 2195/2195/2195 2197/2197/2197 2196/2196/2196
f 2198/2198/2198 2199/2199/2199 2200/2200/2200
f 2200/2200/2200 2201/2201/2201 2198/2198/2198
f 2202/2202/2202 2198/2198/2198 2201/2201/2201
f 2201/2201/2201 2203/2203/2203 2202/2202/2202
f 2204/2204/2204 2202/2202/2202 2203/2203/2203
f 2203/2203/2203 2205/2205/2205 2204/2204/2204
f 2206/2206/2206 2204/2204/2204 2205/2205/2205
f 2205/2205/2205 2207/2207/2207 2206/2206/2206
f 2208/2208/2208 2206/2206/2206 2207/2207/2207
f 2207/2207/2207 2209/2209/2209 2208/2208/2208
f 2210/2210/2210 2208/2208/2208 2209/2209/2209
f 2209/2209/2209 2211/2211/2211 2210/2210/2210
f 2212/2212/2212 2213/2213/2213 2214/2214/2214
f 2214/2214/2214 2215/2215/2215 2212/2212/2212
f 2216/2216/2216 2212/2212/2212 2215/2215/2215
f 2215/2215/2215 2217/2217/2217 2216/2216/2216
f 2218/2218/2218 2216/2216/2216 2217/2217/2217
f 2217/2217/2217 2219/2219/2219 2218/2218/2218
f 2220/2220/2220 2218/2218/2218 2219/2219/2219
f 2219/2219/2219 2221/2221/2221 2220/2220/2220
f 2222/2222/2222 2220/2220/2220 2221/2221/2221
f 2221/2221/2221 2223/2223/2223 2222/2222/2222
f 2224/2224/2224 2222/2222/2222 2223/2223/2223
f 2223/2223/2223 2225/2225/2225 2224/2224/2224
f 2226/2226/2226 2227/2227/2227 2228/2228/2228
f 2228/2228/2228 2229/2229/2229 2226/2226/2226
f 2230/2230/2230 2226/2226/2226 2229/2229/2229
f 2229/2229/2229 2231/2231/2231 2230/2230/2230
f 2232/2232/2232 2230/2230/2230 2231/2231/2231
f 2231/2231/2231 2233/2233/2233 2232/2232/2232
f 2234/2234/2234 2232/2232/2232 2233/2233/2233
f 2233/2233/2233 2235/2235/2235 2234/2234/2234
f 2236/2236/2236 2234/2234/2234 2235/2235/2235
f 2235/2235/2235 2237/2237/2237 2236/2236/2236
f 2238/2238/2238 2236/2236/2236 2237/2237/2237
f 2237/2237/2237 2239/2239/2239 2238/2238/2238
f 2240/2240/2240 2241/2241/2241 2242/2242/2242
f 2243/2243/2243 2241/2241/2241 2240/2240/2240
f 2240/2240/2240 2244/2244/2244 2243/2243/2243
f 2245/2245/2245 2246/2246/2246 2247/2247/2247
f 2245/2245/2245 2247/2247/2247 2248/2248/2248
f 2248/2248/2248 2249/2249/2249 2245/2245/2245
f 2249/2249/2249 2248/2248/2248 2250/2250/2250
f 2250/2250/2250 2251/2251/2251 2249/2249/2249
f 2252/2252/2252 2251/2251/2251 2250/2250/2250
f 2250/2250/2250 2253/2253/2253 2252/2252/2252
f 2254/2254/2254 2255/2255/2255 2256/2256/2256
f 2254/2254/2254 2256/2256/2256 2257/2257/2257
f 2258/2258/2258 2254/2254/2254 2257/2257/2257
f 2257/2257/2257 2259/2259/2259 2258/2258/2258
f 2260/2260/2260 2258/2258/2258 2259/2259/2259
f 2259/2259/2259 2261/2261/2261 2260/2260/2260
f 2260/2260/2260 2261/2261/2261 2262/2262/2262
f 2263/2263/2263 2260/2260/2260 2262/2262/2262
f 2262/2262/2262 2264/2264/2264 2263/2263/2263
f 2265/2265/2265 2266/2266/2266 2267/2267/2267
f 2267/2267/2267 2268/2268/2268 2265/2265/2265
f 2269/2269/2269 2265/2265/2265 2268/2268/2268
f 2268/2268/2268 2270/2270/2270 2269/2269/2269
f 2271/2271/2271 2269/2269/2269 2270/2270/2270
f 2270/2270/2270 2272/2272/2272 2271/2271/2271
f 2273/2273/2273 2271/2271/2271 2272/2272/2272
f 2272/2272/2272 2274/2274/2274 2273/2273/2273
f 2275/2275/2275 2273/2273/2273 2274/2274/2274
f 2274/2274/2274 2276/2276/2276 2275/2275/2275
f 2277/2277/2277 2275/2275/2275 2276/2276/2276
f 2276/2276/2276 2278/2278/2278 2277/2277/2277
f 2279/2279/2279 2280/2280/2280 2281/2281/2281
f 2281/2281/2281 2282/2282/2282 2279/2279/2279
f 2283/2283/2283 2279/2279/2279 2282/2282/2282
f 2282/2282/2282 2284/2284/2284 2283/2283/2283
f 2285/2285/2285 2286/2286/2286 2287/2287/2287
f 2287/2287/2287 2288/2288/2288 2285/2285/2285
f 2289/2289/2289 2285/2285/2285 2288/2288/2288
f 2288/2288/2288 2290/2290/2290 2289/2289/2289
f 2291/2291/2291 2289/2289/2289 2290/2290/2290
f 2290/2290/2290 2292/2292/2292 2291/2291/2291
f 2293/2293/2293 2291/2291/2291 2292/2292/2292
f 2292/2292/2292 2294/2294/2294 2293/2293/2293
f 2295/2295/2295 2293/2293/2293 2294/2294/2294
f 2294/2294/2294 2296/2296/2296 2295/2295/2295
f 2297/2297/2297 2295/2295/2295 2296/2296/2296
f 2296/2296/2296 2298/2298/2298 2297/2297/2297
f 2299/2299/2299 2300/2300/2300 2301/2301/2301
f 2301/2301/2301 2302/2302/2302 2299/2299/2299
f 2303/2303/2303 2299/2299/2299 2302/2302/2302
f 2302/2302/2302 2304/2304/2304 2303/2303/2303
f 2305/2305/2305 2306/2306/2306 2307/2307/2307
f 2307/2307/2307 2308/2308/2308 2305/2305/2305
f 2309/2309/2309 2305/2305/2305 2308/2308/2308
f 2308/2308/2308 2310/2310/2310 2309/2309/2309
f 2311/2311/2311 2309/2309/2309 2310/2310/2310
f 2310/2310/2310 2312/2312/2312 2311/2311/2311
f 2313/2313/2313 2311/2311/2311 2312/2312/2312
f 2312/2312/2312 2314/2314/2314 2313/2313/2313
f 2315/2315/2315 2313/2313/2313 2314/2314/2314
f 2314/2314/2314 2316/2316/2316 2315/2315/2315
f 2317/2317/2317 2315/2315/2315 2316/2316/2316
f 2316/2316/2316 2318/2318/2318 2317/2317/2317
f 2319/2319/2319 2320/2320/2320 2321/2321/2321
f 2321/2321/2321 2322/2322/2322 2319/2319/2319
f 2323/2323/2323 2319/2319/2319 2322/2322/2322
f 2322/2322/2322 2324/2324/2324 2323/2323/2323
f 2325/2325/2325 2326/2326/2326 2327/2327/2327
f 2327/2327/2327 2328/2328/2328 2325/2325/2325
f 2329/2329/2329 2325/2325/2325 2328/2328/2328
f 2328/2328/2328 2330/2330/2330 2329/2329/2329
f 2331/2331/2331 2329/2329/2329 2330/2330/2330
f 2330/2330/2330 2332/2332/2332 2331/2331/2331
f 2333/2333/2333 2331/2331/2331 2332/2332/2332
f 2332/2332/2332 2334/2334/2334 2333/2333/2333
f 2335/2335/2335 2333/2333/2333 2334/2334/2334
f 2334/2334/2334 2336/2336/2336 2335/2335/2335
f 2337/2337/2337 2335/2335/2335 2336/2336/2336
f 2336/2336/2336 2338/2338/2338 2337/2337/2337
f 2339/2339/2339 2340/2340/2340 2341/2341/2341
f 2341/2341/2341 2342/2342/2342 2339/2339/2339
f 2343/2343/2343 2339/2339/2339 2342/2342/2342
f 2342/2342/2342 2344/2344/2344 2343/2343/2343
f 2345/2345/2345 2346/2346/2346 2347/2347/2347
f 2347/2347/2347 2348/2348/2348 2345/2345/2345
f 2349/2349/2349 2345/2345/2345 2348/2348/2348
f 2348/2348/2348 2350/2350/2350 2349/2349/2349
f 2351/2351/2351 2349/2349/2349 2350/2350/2350
f 2350/2350/2350 2352/2352/2352 2351/2351/2351
f 2353/2353/2353 2351/2351/2351 2352/2352/2352
f 2352/2352/2352 2354/2354/2354 2353/2353/2353
f 2355/2355/2355 2353/2353/2353 2354/2354/2354
f 2354/2354/2354 2356/2356/2356 2355/2355/2355
f 2357/2357/2357 2355/2355/2355 2356/2356/2356
f 2356/2356/2356 2358/2358/2358 2357/2357/2357
f 2359/2359/2359 2360/2360/2360 2361/2361/2361
f 2361/2361/2361 2362/2362/2362 2359/2359/2359
f 2363/2363/2363 2359/2359/2359 2362/2362/2362
f 2362/2362/2362 2364/2364/2364 2363/2363/2363
f 2365/2365/2365 2366/2366/2366 2367/2367/2367
f 2367/2367/2367 2368/2368/2368 2365/2365/2365
f 2369/2369/2369 2365/2365/2365 2368/2368/2368
f 2368/2368/2368 2370/2370/2370 2369/2369/2369
f 2371/2371/2371 2372/2372/2372 2373/2373/2373
f 2373/2373/2373 2374/2374/2374 2371/2371/2371
f 2375/2375/2375 2371/2371/2371 2374/2374/2374
f 2374/2374/2374 2376/2376/2376 2375/2375/2375
f 2377/2377/2377 2375/2375/2375 2376/2376/2376
f 2376/2376/2376 2378/2378/2378 2377/2377/2377
f 2379/2379/2379 2377/2377/2377 2378/2378/2378
f 2378/2378/2378 2380/2380/2380 2379/2379/2379
f 2381/2381/2381 2379/2379/2379 2380/2380/2380
f 2380/2380/2380 2382/2382/2382 2381/2381/2381
f 2383/2383/2383 2381/2381/2381 2382/2382/2382
f 2382/2382/2382 2384/2384/2384 2383/2383/2383
f 2385/2385/2385 2386/2386/2386 2387/2387/2387
f 2387/2387/2387 2388/2388/2388 2385/2385/2385
f 2389/2389/2389 2385/2385/2385 2388/2388/2388
f 2388/2388/2388 2390/2390/2390 2389/2389/2389
f 2391/2391/2391 2392/2392/2392 2393/2393/2393
f 2393/2393/2393 2394/2394/2394 2391/2391/2391
f 2395/2395/2395 2391/2391/2391 2394/2394/2394
f 2396/2396/2396 2397/2397/2397 2398/2398/2398
f 2398/2398/2398 2399/2399/2399 2396/2396/2396
f 2400/2400/2400 2396/2396/2396 2399/2399/2399
f 2401/2401/2401 2400/2400/2400 2399/2399/2399
f 2402/2402/2402 2401/2401/2401 2399/2399/2399
f 2403/2403/2403 2402/2402/2402 2399/2399/2399
f 2399/2399/2399 2404/2404/2404 2403/2403/2403
f 2405/2405/2405 2406/2406/2406 2407/2407/2407
f 2407/2407/2407 2408/2408/2408 2405/2405/2405
f 2409/2409/2409 2405/2405/2405 2408/2408/2408
f 2408/2408/2408 2410/2410/2410 2409/2409/2409
f 2409/2409/2409 2410/2410/2410 2411/2411/2411
f 2411/2411/2411 2412/2412/2412 2409/2409/2409
f 2413/2413/2413 2412/2412/2412 2411/2411/2411
f 2411/2411/2411 2414/2414/2414 2413/2413/2413
f 2415/2415/2415 2413/2413/2413 2414/2414/2414
f 2414/2414/2414 2416/2416/2416 2415/2415/2415
f 2417/2417/2417 2418/2418/2418 2419/2419/2419
f 2419/2419/2419 2420/2420/2420 2417/2417/2417
f 2421/2421/2421 2417/2417/2417 2420/2420/2420
f 2422/2422/2422 2421/2421/2421 2420/2420/2420
f 2423/2423/2423 2422/2422/2422 2420/2420/2420
f 2424/2424/2424 2423/2423/2423 2420/2420/2420
f 2420/2420/2420 2425/2425/2425 2424/2424/2424
f 2426/2426/2426 2427/2427/2427 2428/2428/2428
f 2428/2428/2428 2429/2429/2429 2426/2426/2426
f 2430/2430/2430 2426/2426/2426 2429/2429/2429
f 2429/2429/2429 2431/2431/2431 2430/2430/2430
f 2430/2430/2430 2431/2431/2431 2432/2432/2432
f 2432/2432/2432 2433/2433/2433 2430/2430/2430
f 2434/2434/2434 2433/2433/2433 2432/2432/2432
f 2432/2432/2432 2435/2435/2435 2434/2434/2434
f 2436/2436/2436 2434/2434/2434 2435/2435/2435
f 2435/2435/2435 2437/2437/2437 2436/2436/2436
f 2438/2438/2438 2439/2439/2439 2440/2440/2440
f 2440/2440/2440 2441/2441/2441 2438/2438/2438
f 2442/2442/2442 2438/2438/2438 2441/2441/2441
f 2441/2441/2441 2443/2443/2443 2442/2442/2442
f 2444/2444/2444 2442/2442/2442 2443/2443/2443
f 2443/2443/2443 2445/2445/2445 2444/2444/2444
f 2446/2446/2446 2447/2447/2447 2448/2448/2448
f 2448/2448/2448 2449/2449/2449 2446/2446/2446
f 2450/2450/2450 2446/2446/2446 2449/2449/2449
f 2449/2449/2449 2451/2451/2451 2450/2450/2450
f 2452/2452/2452 2450/2450/2450 2451/2451/2451
f 2451/2451/2451 2453/2453/2453 2452/2452/2452
f 2454/2454/2454 2452/2452/2452 2453/2453/2453
f 2453/2453/2453 2455/2455/2455 2454/2454/2454
f 2456/2456/2456 2454/2454/2454 2455/2455/2455
f 2455/2455/2455 2457/2457/2457 2456/2456/2456
f 2458/2458/2458 2459/2459/2459 2460/2460/2460
f 2460/2460/2460 2461/2461/2461 2458/2458/2458
f 2461/2461/2461 2462/2462/2462 2458/2458/2458
f 2461/2461/2461 2463/2463/2463 2462/2462/2462
f 2461/2461/2461 2464/2464/2464 2463/2463/2463
f 2465/2465/2465 2464/2464/2464 2461/2461/2461
f 2461/2461/2461 2466/2466/2466 2465/2465/2465
f 2467/2467/2467 2468/2468/2468 2469/2469/2469
f 2469/2469/2469 2470/2470/2470 2467/2467/2467
f 2471/2471/2471 2467/2467/2467 2470/2470/2470
f 2470/2470/2470 2472/2472/2472 2471/2471/2471
f 2473/2473/2473 2471/2471/2471 2472/2472/2472
f 2472/2472/2472 2474/2474/2474 2473/2473/2473
f 2475/2475/2475 2476/2476/2476 2477/2477/2477
f 2475/2475/2475 2478/2478/2478 2476/2476/2476
f 2479/2479/2479 2476/2476/2476 2478/2478/2478
f 2478/2478/2478 2480/2480/2480 2479/2479/2479
f 2480/2480/2480 2481/2481/2481 2479/2479/2479
f 2481/2481/2481 2482/2482/2482 2479/2479/2479
f 2479/2479/2479 2482/2482/2482 2483/2483/2483
f 2484/2484/2484 2485/2485/2485 2486/2486/2486
f 2484/2484/2484 2487/2487/2487 2485/2485/2485
f 2488/2488/2488 2485/2485/2485 2487/2487/2487
f 2487/2487/2487 2489/2489/2489 2488/2488/2488
f 2489/2489/2489 2490/2490/2490 2488/2488/2488
f 2490/2490/2490 2491/2491/2491 2488/2488/2488
f 2492/2492/2492 2493/2493/2493 2494/2494/2494
f 2494/2494/2494 2495/2495/2495 2492/2492/2492
f 2492/2492/2492 2495/2495/2495 2496/2496/2496
f 2495/2495/2495 2497/2497/2497 2498/2498/2498
f 2498/2498/2498 2496/2496/2496 2495/2495/2495
f 2496/2496/2496 2498/2498/2498 2499/2499/2499
f 2499/2499/2499 2498/2498/2498 2500/2500/2500
f 2500/2500/2500 2501/2501/2501 2499/2499/2499
f 2502/2502/2502 2496/2496/2496 2499/2499/2499
f 2499/2499/2499 2503/2503/2503 2502/2502/2502
f 2503/2503/2503 2504/2504/2504 2502/2502/2502
f 2504/2504/2504 2503/2503/2503 2505/2505/2505
f 2505/2505/2505 2506/2506/2506 2504/2504/2504
f 2507/2507/2507 2502/2502/2502 2504/2504/2504
f 2508/2508/2508 2504/2504/2504 2509/2509/2509
f 2504/2504/2504 2508/2508/2508 2507/2507/2507
f 2507/2507/2507 2508/2508/2508 2510/2510/2510
f 2510/2510/2510 2511/2511/2511 2507/2507/2507
f 2512/2512/2512 2513/2513/2513 2514/2514/2514
f 2514/2514/2514 2515/2515/2515 2512/2512/2512
f 2516/2516/2516 2512/2512/2512 2515/2515/2515
f 2515/2515/2515 2517/2517/2517 2516/2516/2516
f 2518/2518/2518 2519/2519/2519 2520/2520/2520
f 2520/2520/2520 2521/2521/2521 2518/2518/2518
f 2522/2522/2522 2518/2518/2518 2521/2521/2521
f 2521/2521/2521 2523/2523/2523 2522/2522/2522
f 2522/2522/2522 2523/2523/2523 2524/2524/2524
f 2524/2524/2524 2525/2525/2525 2522/2522/2522
f 2526/2526/2526 2525/2525/2525 2524/2524/2524
f 2524/2524/2524 2527/2527/2527 2526/2526/2526
f 2528/2528/2528 2526/2526/2526 2527/2527/2527
f 2527/2527/2527 2529/2529/2529 2528/2528/2528
f 2530/2530/2530 2528/2528/2528 2529/2529/2529
f 2529/2529/2529 2531/2531/2531 2530/2530/2530
f 2532/2532/2532 2533/2533/2533 2534/2534/2534
f 2534/2534/2534 2535/2535/2535 2532/2532/2532
f 2535/2535/2535 2536/2536/2536 2532/2532/2532
f 2535/2535/2535 2537/2537/2537 2536/2536/2536
f 2538/2538/2538 2536/2536/2536 2537/2537/2537
f 2537/2537/2537 2539/2539/2539 2538/2538/2538
f 2539/2539/2539 2540/2540/2540 2538/2538/2538
f 2538/2538/2538 2540/2540/2540 2541/2541/2541
f 2542/2542/2542 2541/2541/2541 2540/2540/2540
f 2540/2540/2540 2543/2543/2543 2542/2542/2542
f 2541/2541/2541 2542/2542/2542 2544/2544/2544
f 2545/2545/2545 2543/2543/2543 2540/2540/2540
f 2544/2544/2544 2546/2546/2546 2541/2541/2541
f 2540/2540/2540 2547/2547/2547 2545/2545/2545
f 2544/2544/2544 2545/2545/2545 2547/2547/2547
f 2547/2547/2547 2546/2546/2546 2544/2544/2544
f 2548/2548/2548 2546/2546/2546 2547/2547/2547
f 2547/2547/2547 2549/2549/2549 2548/2548/2548
f 2550/2550/2550 2548/2548/2548 2549/2549/2549
f 2549/2549/2549 2551/2551/2551 2550/2550/2550
f 2552/2552/2552 2550/2550/2550 2551/2551/2551
f 2553/2553/2553 2552/2552/2552 2551/2551/2551
f 2551/2551/2551 2554/2554/2554 2553/2553/2553
f 2555/2555/2555 2554/2554/2554 2551/2551/2551
f 2551/2551/2551 2556/2556/2556 2555/2555/2555
f 2551/2551/2551 2557/2557/2557 2556/2556/2556
f 2557/2557/2557 2558/2558/2558 2556/2556/2556
f 2557/2557/2557 2559/2559/2559 2558/2558/2558
f 2558/2558/2558 2559/2559/2559 2560/2560/2560
f 2560/2560/2560 2561/2561/2561 2558/2558/2558
f 2562/2562/2562 2563/2563/2563 2564/2564/2564
f 2565/2565/2565 2563/2563/2563 2562/2562/2562
f 2562/2562/2562 2566/2566/2566 2565/2565/2565
f 2567/2567/2567 2568/2568/2568 2569/2569/2569
f 2569/2569/2569 2570/2570/2570 2567/2567/2567
f 2571/2571/2571 2567/2567/2567 2570/2570/2570
f 2570/2570/2570 2572/2572/2572 2571/2571/2571
f 2573/2573/2573 2572/2572/2572 2574/2574/2574
f 2574/2574/2574 2575/2575/2575 2573/2573/2573
f 2576/2576/2576 2575/2575/2575 2574/2574/2574
f 2574/2574/2574 2577/2577/2577 2576/2576/2576
f 2578/2578/2578 2579/2579/2579 2580/2580/2580
f 2580/2580/2580 2581/2581/2581 2578/2578/2578
f 2581/2581/2581 2582/2582/2582 2578/2578/2578
f 2583/2583/2583 2584/2584/2584 2582/2582/2582
f 2582/2582/2582 2585/2585/2585 2583/2583/2583
f 2581/2581/2581 2585/2585/2585 2582/2582/2582
f 2581/2581/2581 2586/2586/2586 2585/2585/2585
f 2587/2587/2587 2585/2585/2585 2586/2586/2586
f 2588/2588/2588 2587/2587/2587 2586/2586/2586
f 2589/2589/2589 2587/2587/2587 2588/2588/2588
f 2588/2588/2588 2590/2590/2590 2589/2589/2589
f 2586/2586/2586 2591/2591/2591 2588/2588/2588
f 2592/2592/2592 2588/2588/2588 2591/2591/2591
f 2591/2591/2591 2593/2593/2593 2592/2592/2592
f 2593/2593/2593 2591/2591/2591 2594/2594/2594
f 2595/2595/2595 2596/2596/2596 2597/2597/2597
f 2597/2597/2597 2598/2598/2598 2595/2595/2595
f 2599/2599/2599 2595/2595/2595 2598/2598/2598
f 2598/2598/2598 2600/2600/2600 2599/2599/2599
f 2599/2599/2599 2600/2600/2600 2601/2601/2601
f 2601/2601/2601 2602/2602/2602 2599/2599/2599
f 2602/2602/2602 2601/2601/2601 2603/2603/2603
f 2603/2603/2603 2604/2604/2604 2602/2602/2602
f 2605/2605/2605 2604/2604/2604 2603/2603/2603
f 2603/2603/2603 2606/2606/2606 2605/2605/2605
f 2607/2607/2607 2605/2605/2605 2606/2606/2606
f 2606/2606/2606 2608/2608/2608 2607/2607/2607
f 2607/2607/2607 2608/2608/2608 2609/2609/2609
f 2609/2609/2609 2610/2610/2610 2607/2607/2607
f 2610/2610/2610 2609/2609/2609 2611/2611/2611
f 2611/2611/2611 2612/2612/2612 2610/2610/2610
f 2611/2611/2611 2609/2609/2609 2613/2613/2613
f 2614/2614/2614 2615/2615/2615 2616/2616/2616
f 2616/2616/2616 2617/2617/2617 2614/2614/2614
f 2618/2618/2618 2614/2614/2614 2617/2617/2617
f 2617/2617/2617 2619/2619/2619 2618/2618/2618
f 2620/2620/2620 2618/2618/2618 2619/2619/2619
f 2619/2619/2619 2621/2621/2621 2620/2620/2620
f 2622/2622/2622 2623/2623/2623 2624/2624/2624
f 2624/2624/2624 2625/2625/2625 2622/2622/2622
f 2626/2626/2626 2622/2622/2622 2625/2625/2625
f 2625/2625/2625 2627/2627/2627 2626/2626/2626
f 2628/2628/2628 2626/2626/2626 2627/2627/2627
f 2627/2627/2627 2629/2629/2629 2628/2628/2628
f 2630/2630/2630 2628/2628/2628 2629/2629/2629
f 2629/2629/2629 2631/2631/2631 2630/2630/2630
f 2632/2632/2632 2630/2630/2630 2631/2631/2631
f 2631/2631/2631 2633/2633/2633 2632/2632/2632
f 2634/2634/2634 2632/2632/2632 2633/2633/2633
f 2633/2633/2633 2635/2635/2635 2634/2634/2634
f 2636/2636/2636 2637/2637/2637 2638/2638/2638
f 2638/2638/2638 2639/2639/2639 2636/2636/2636
f 2640/2640/2640 2636/2636/2636 2639/2639/2639
f 2639/2639/2639 2641/2641/2641 2640/2640/2640
f 2640/2640/2640 2641/2641/2641 2642/2642/2642
f 2642/2642/2642 2643/2643/2643 2640/2640/2640
f 2644/2644/2644 2643/2643/2643 2642/2642/2642
f 2642/2642/2642 2645/2645/2645 2644/2644/2644
f 2646/2646/2646 2644/2644/2644 2645/2645/2645
f 2645/2645/2645 2647/2647/2647 2646/2646/2646
f 2648/2648/2648 2646/2646/2646 2647/2647/2647
f 2647/2647/2647 2649/2649/2649 2648/2648/2648
f 2650/2650/2650 2651/2651/2651 2652/2652/2652
f 2652/2652/2652 2653/2653/2653 2650/2650/2650
f 2654/2654/2654 2650/2650/2650 2653/2653/2653
f 2653/2653/2653 2655/2655/2655 2654/2654/2654
f 2654/2654/2654 2655/2655/2655 2656/2656/2656
f 2656/2656/2656 2657/2657/2657 2654/2654/2654
f 2658/2658/2658 2657/2657/2657 2656/2656/2656
f 2656/2656/2656 2659/2659/2659 2658/2658/2658
f 2660/2660/2660 2658/2658/2658 2659/2659/2659
f 2659/2659/2659 2661/2661/2661 2660/2660/2660
f 2662/2662/2662 2660/2660/2660 2661/2661/2661
f 2661/2661/2661 2663/2663/2663 2662/2662/2662
f 2664/2664/2664 2665/2665/2665 2666/2666/2666
f 2664/2664/2664 2666/2666/2666 2667/2667/2667
f 2667/2667/2667 2668/2668/2668 2664/2664/2664
f 2668/2668/2668 2667/2667/2667 2669/2669/2669
f 2670/2670/2670 2671/2671/2671 2672/2672/2672
f 2671/2671/2671 2673/2673/2673 2672/2672/2672
f 2671/2671/2671 2674/2674/2674 2673/2673/2673
f 2675/2675/2675 2676/2676/2676 2677/2677/2677
f 2677/2677/2677 2678/2678/2678 2675/2675/2675
f 2679/2679/2679 2675/2675/2675 2678/2678/2678
f 2678/2678/2678 2680/2680/2680 2679/2679/2679
f 2681/2681/2681 2682/2682/2682 2683/2683/2683
f 2683/2683/2683 2684/2684/2684 2681/2681/2681
f 2685/2685/2685 2681/2681/2681 2684/2684/2684
f 2684/2684/2684 2686/2686/2686 2685/2685/2685
f 2687/2687/2687 2686/2686/2686 2684/2684/2684
f 2684/2684/2684 2688/2688/2688 2687/2687/2687
f 2689/2689/2689 2687/2687/2687 2688/2688/2688
f 2688/2688/2688 2690/2690/2690 2689/2689/2689
f 2689/2689/2689 2690/2690/2690 2691/2691/2691
f 2691/2691/2691 2692/2692/2692 2689/2689/2689
f 2693/2693/2693 2692/2692/2692 2691/2691/2691
f 2691/2691/2691 2694/2694/2694 2693/2693/2693
f 2695/2695/2695 2694/2694/2694 2691/2691/2691
f 2696/2696/2696 2694/2694/2694 2695/2695/2695
f 2695/2695/2695 2697/2697/2697 2696/2696/2696
f 2698/2698/2698 2696/2696/2696 2697/2697/2697
f 2697/2697/2697 2699/2699/2699 2698/2698/2698
f 2700/2700/2700 2698/2698/2698 2699/2699/2699
f 2699/2699/2699 2701/2701/2701 2700/2700/2700
f 2702/2702/2702 2700/2700/2700 2701/2701/2701
f 2701/2701/2701 2703/2703/2703 2702/2702/2702
f 2704/2704/2704 2702/2702/2702 2703/2703/2703
f 2703/2703/2703 2705/2705/2705 2704/2704/2704
f 2706/2706/2706 2707/2707/2707 2708/2708/2708
f 2708/2708/2708 2709/2709/2709 2706/2706/2706
f 2710/2710/2710 2711/2711/2711 2708/2708/2708
f 2708/2708/2708 2712/2712/2712 2710/2710/2710
f 2713/2713/2713 2714/2714/2714 2715/2715/2715
f 2715/2715/2715 2716/2716/2716 2713/2713/2713
f 2716/2716/2716 2715/2715/2715 2717/2717/2717
f 2717/2717/2717 2715/2715/2715 2718/2718/2718
f 2718/2718/2718 2719/2719/2719 2717/2717/2717
f 2717/2717/2717 2719/2719/2719 2720/2720/2720
f 2717/2717/2717 2721/2721/2721 2716/2716/2716
f 2722/2722/2722 2716/2716/2716 2721/2721/2721
f 2723/2723/2723 2722/2722/2722 2721/2721/2721
f 2724/2724/2724 2722/2722/2722 2723/2723/2723
f 2723/2723/2723 2725/2725/2725 2724/2724/2724
f 2721/2721/2721 2726/2726/2726 2723/2723/2723
f 2727/2727/2727 2723/2723/2723 2726/2726/2726
f 2728/2728/2728 2727/2727/2727 2726/2726/2726
f 2728/2728/2728 2726/2726/2726 2729/2729/2729
f 2730/2730/2730 2731/2731/2731 2732/2732/2732
f 2732/2732/2732 2733/2733/2733 2730/2730/2730
f 2730/2730/2730 2733/2733/2733 2734/2734/2734
f 2734/2734/2734 2735/2735/2735 2730/2730/2730
f 2736/2736/2736 2737/2737/2737 2738/2738/2738
f 2738/2738/2738 2739/2739/2739 2736/2736/2736
f 2736/2736/2736 2739/2739/2739 2740/2740/2740
f 2740/2740/2740 2741/2741/2741 2736/2736/2736
f 2742/2742/2742 2743/2743/2743 2744/2744/2744
f 2745/2745/2745 2744/2744/2744 2743/2743/2743
f 2746/2746/2746 2745/2745/2745 2743/2743/2743
f 2747/2747/2747 2746/2746/2746 2743/2743/2743
f 2748/2748/2748 2749/2749/2749 2750/2750/2750
f 2748/2748/2748 2751/2751/2751 2749/2749/2749
f 2751/2751/2751 2752/2752/2752 2749/2749/2749
f 2752/2752/2752 2753/2753/2753 2749/2749/2749
f 2754/2754/2754 2755/2755/2755 2756/2756/2756
f 2756/2756/2756 2757/2757/2757 2754/2754/2754
f 2754/2754/2754 2757/2757/2757 2758/2758/2758
f 2758/2758/2758 2759/2759/2759 2754/2754/2754
f 2760/2760/2760 2759/2759/2759 2758/2758/2758
f 2758/2758/2758 2761/2761/2761 2760/2760/2760
f 2762/2762/2762 2763/2763/2763 2764/2764/2764
f 2764/2764/2764 2765/2765/2765 2762/2762/2762
f 2762/2762/2762 2765/2765/2765 2766/2766/2766
f 2766/2766/2766 2767/2767/2767 2762/2762/2762
f 2768/2768/2768 2767/2767/2767 2766/2766/2766
f 2766/2766/2766 2769/2769/2769 2768/2768/2768
f 2770/2770/2770 2771/2771/2771 2772/2772/2772
f 2772/2772/2772 2773/2773/2773 2770/2770/2770
f 2774/2774/2774 2773/2773/2773 2772/2772/2772
f 2772/2772/2772 2775/2775/2775 2774/2774/2774
f 2776/2776/2776 2777/2777/2777 2778/2778/2778
f 2778/2778/2778 2779/2779/2779 2776/2776/2776
f 2776/2776/2776 2779/2779/2779 2780/2780/2780
f 2780/2780/2780 2781/2781/2781 2776/2776/2776
f 2781/2781/2781 2780/2780/2780 2782/2782/2782
f 2782/2782/2782 2783/2783/2783 2781/2781/2781
f 2783/2783/2783 2782/2782/2782 2784/2784/2784
f 2784/2784/2784 2785/2785/2785 2783/2783/2783
f 2785/2785/2785 2784/2784/2784 2786/2786/2786
f 2786/2786/2786 2787/2787/2787 2785/2785/2785
f 2787/2787/2787 2786/2786/2786 2788/2788/2788
f 2788/2788/2788 2789/2789/2789 2787/2787/2787
f 2789/2789/2789 2788/2788/2788 2790/2790/2790
f 2790/2790/2790 2791/2791/2791 2789/2789/2789
f 2791/2791/2791 2790/2790/2790 2792/2792/2792
f 2792/2792/2792 2793/2793/2793 2791/2791/2791
f 2794/2794/2794 2793/2793/2793 2792/2792/2792
f 2792/2792/2792 2795/2795/2795 2794/2794/2794
f 2796/2796/2796 2797/2797/2797 2798/2798/2798
f 2798/2798/2798 2799/2799/2799 2796/2796/2796
f 2800/2800/2800 2799/2799/2799 2798/2798/2798
f 2798/2798/2798 2801/2801/2801 2800/2800/2800
f 2800/2800/2800 2801/2801/2801 2802/2802/2802
f 2802/2802/2802 2803/2803/2803 2800/2800/2800
f 2804/2804/2804 2803/2803/2803 2802/2802/2802
f 2802/2802/2802 2805/2805/2805 2804/2804/2804
f 2806/2806/2806 2804/2804/2804 2805/2805/2805
f 2805/2805/2805 2807/2807/2807 2806/2806/2806
f 2808/2808/2808 2806/2806/2806 2807/2807/2807
f 2807/2807/2807 2809/2809/2809 2808/2808/2808
f 2808/2808/2808 2809/2809/2809 2810/2810/2810
f 2810/2810/2810 2811/2811/2811 2808/2808/2808
f 2811/2811/2811 2810/2810/2810 2812/2812/2812
f 2812/2812/2812 2813/2813/2813 2811/2811/2811
f 2814/2814/2814 2813/2813/2813 2812/2812/2812
f 2812/2812/2812 2815/2815/2815 2814/2814/2814
f 2816/2816/2816 2817/2817/2817 2818/2818/2818
f 2818/2818/2818 2819/2819/2819 2816/2816/2816
f 2818/2818/2818 2820/2820/2820 2819/2819/2819
f 2818/2818/2818 2821/2821/2821 2820/2820/2820
f 2822/2822/2822 2819/2819/2819 2820/2820/2820
f 2820/2820/2820 2823/2823/2823 2822/2822/2822
f 2822/2822/2822 2823/2823/2823 2824/2824/2824
f 2824/2824/2824 2825/2825/2825 2822/2822/2822
f 2825/2825/2825 2824/2824/2824 2826/2826/2826
f 2826/2826/2826 2827/2827/2827 2825/2825/2825
f 2824/2824/2824 2828/2828/2828 2826/2826/2826
f 2829/2829/2829 2830/2830/2830 2831/2831/2831
f 2831/2831/2831 2832/2832/2832 2829/2829/2829
f 2829/2829/2829 2832/2832/2832 2833/2833/2833
f 2833/2833/2833 2834/2834/2834 2829/2829/2829
f 2835/2835/2835 2836/2836/2836 2837/2837/2837
f 2835/2835/2835 2837/2837/2837 2838/2838/2838
f 2838/2838/2838 2839/2839/2839 2835/2835/2835
f 2840/2840/2840 2835/2835/2835 2839/2839/2839
f 2841/2841/2841 2840/2840/2840 2839/2839/2839
f 2842/2842/2842 2841/2841/2841 2839/2839/2839
f 2843/2843/2843 2842/2842/2842 2839/2839/2839
f 2843/2843/2843 2844/2844/2844 2842/2842/2842
f 2845/2845/2845 2844/2844/2844 2843/2843/2843
f 2843/2843/2843 2846/2846/2846 2845/2845/2845
f 2847/2847/2847 2845/2845/2845 2846/2846/2846
f 2848/2848/2848 2847/2847/2847 2846/2846/2846
f 2846/2846/2846 2849/2849/2849 2848/2848/2848
f 2846/2846/2846 2850/2850/2850 2849/2849/2849
f 2851/2851/2851 2850/2850/2850 2846/2846/2846
f 2851/2851/2851 2846/2846/2846 2852/2852/2852
f 2853/2853/2853 2854/2854/2854 2855/2855/2855
f 2854/2854/2854 2856/2856/2856 2855/2855/2855
f 2856/2856/2856 2857/2857/2857 2855/2855/2855
f 2857/2857/2857 2858/2858/2858 2855/2855/2855
f 2859/2859/2859 2860/2860/2860 2861/2861/2861
f 2861/2861/2861 2862/2862/2862 2859/2859/2859
f 2859/2859/2859 2862/2862/2862 2863/2863/2863
f 2863/2863/2863 2864/2864/2864 2859/2859/2859
f 2864/2864/2864 2863/2863/2863 2865/2865/2865
f 2865/2865/2865 2866/2866/2866 2864/2864/2864
f 2865/2865/2865 2867/2867/2867 2868/2868/2868
f 2868/2868/2868 2869/2869/2869 2865/2865/2865
f 2870/2870/2870 2871/2871/2871 2872/2872/2872
f 2873/2873/2873 2870/2870/2870 2872/2872/2872
f 2874/2874/2874 2873/2873/2873 2872/2872/2872
f 2875/2875/2875 2874/2874/2874 2872/2872/2872
f 2875/2875/2875 2872/2872/2872 2876/2876/2876
f 2877/2877/2877 2878/2878/2878 2879/2879/2879
f 2880/2880/2880 2877/2877/2877 2879/2879/2879
f 2881/2881/2881 2880/2880/2880 2879/2879/2879
f 2882/2882/2882 2881/2881/2881 2879/2879/2879
f 2882/2882/2882 2879/2879/2879 2883/2883/2883
f 2884/2884/2884 2885/2885/2885 2886/2886/2886
f 2886/2886/2886 2887/2887/2887 2884/2884/2884
f 2888/2888/2888 2889/2889/2889 2886/2886/2886
f 2888/2888/2888 2890/2890/2890 2889/2889/2889
f 2886/2886/2886 2891/2891/2891 2888/2888/2888
f 2888/2888/2888 2892/2892/2892 2890/2890/2890
f 2886/2886/2886 2893/2893/2893 2891/2891/2891
f 2892/2892/2892 2894/2894/2894 2890/2890/2890
f 2891/2891/2891 2893/2893/2893 2895/2895/2895
f 2895/2895/2895 2893/2893/2893 2896/2896/2896
f 2892/2892/2892 2895/2895/2895 2896/2896/2896
f 2896/2896/2896 2894/2894/2894 2892/2892/2892
f 2897/2897/2897 2894/2894/2894 2896/2896/2896
f 2896/2896/2896 2898/2898/2898 2897/2897/2897
f 2899/2899/2899 2900/2900/2900 2901/2901/2901
f 2902/2902/2902 2900/2900/2900 2899/2899/2899
f 2903/2903/2903 2902/2902/2902 2899/2899/2899
f 2899/2899/2899 2904/2904/2904 2903/2903/2903
f 2905/2905/2905 2904/2904/2904 2899/2899/2899
f 2899/2899/2899 2906/2906/2906 2905/2905/2905
f 2907/2907/2907 2908/2908/2908 2909/2909/2909
f 2909/2909/2909 2910/2910/2910 2907/2907/2907
f 2911/2911/2911 2910/2910/2910 2909/2909/2909
f 2912/2912/2912 2911/2911/2911 2909/2909/2909
f 2913/2913/2913 2912/2912/2912 2909/2909/2909
f 2914/2914/2914 2913/2913/2913 2909/2909/2909
f 2909/2909/2909 2915/2915/2915 2914/2914/2914
