v -1.10383488 -0.5104799999999999 0.23626944000000002
v -1.11255936 -0.5059344 0.24610656000000006
v -1.18605888 -0.7103510399999999 0.24681696000000006
v -1.18605888 -0.7103510399999999 0.24681696000000006
v -1.17700608 -0.7111401599999999 0.23697984000000002
v -1.10383488 -0.5104799999999999 0.23626944000000002
v -0.16790304 -0.84123936 0.21808896000000003
v -0.16146912 -0.84243648 0.22635072000000003
v -0.09057888 -0.36681696 0.23429376000000002
v -1.05662688 -0.8988624 5.503944805169539e-17
v -1.05709728 -0.8986646399999999 0.04961952000000005
v -1.0433616 -0.89303808 0.04949952000000005
v -1.0433616 -0.89303808 0.04949952000000005
v -1.04370624 -0.89381376 5.4730308010893024e-17
v -1.05662688 -0.8988624 5.503944805169539e-17
v -0.49944671999999996 -0.93843744 5.746272035480182e-17
v -0.4999488 -0.9385286399999999 0.049619520000000056
v -0.49150464 -0.92632128 0.049499520000000054
v -0.49150464 -0.92632128 0.049499520000000054
v -0.49137023999999996 -0.9271593599999999 5.677213712617543e-17
v -0.49944671999999996 -0.93843744 5.746272035480182e-17
v -0.8393039999999999 0.35554272 0.23429375999999996
v -1.15409856 0.731088 0.22635071999999992
v -1.1587919999999998 0.72652608 0.21808895999999992
v -0.8709292799999999 1.06599936 0.21808895999999992
v -0.87515712 1.06100256 0.22635071999999992
v -0.49712064 0.76380288 0.23429375999999993
v -1.16030016 0.73214112 0.22409567999999994
v -1.15545312 0.72774336 0.23235743999999994
v -0.8751494400000001 1.0610688 0.22501343999999993
v -0.82050048 0.92472384 -5.662300453756246e-17
v -0.8201740799999999 0.92511552 0.04961951999999994
v -0.8188368 0.9103324799999999 0.04949951999999994
v -0.8188368 0.9103324799999999 0.04949951999999994
v -0.81947712 0.91089024 -5.577594083952822e-17
v -0.82050048 0.92472384 -5.662300453756246e-17
v 1.1608838400000001 0.83603904 0.23889791999999993
v 1.27566048 0.36780288 0.24197279999999996
v 1.28534784 0.36609408 0.25180991999999996
v 1.28534784 0.36609408 0.25180991999999996
v 1.1705712 0.83433024 0.24873503999999996
v 1.1608838400000001 0.83603904 0.23889791999999993
v 1.2152649599999998 -0.10726079999999998 0.25348992
v 1.28534784 0.36609408 0.25180991999999996
v 1.27566048 0.36780288 0.24197279999999996
v 1.27566048 0.36780288 0.24197279999999996
v 1.2055776 -0.10555295999999997 0.2436528
v 1.2152649599999998 -0.10726079999999998 0.25348992
v 0.97489056 -0.61996608 0.24553728000000005
v 0.9362976 -0.6076944 0.25277568000000006
v 0.89097984 -0.6925199999999999 0.25277568000000006
v 0.89097984 -0.6925199999999999 0.25277568000000006
v 0.92397408 -0.7147948799999999 0.24553728000000005
v 0.97489056 -0.61996608 0.24553728000000005
v 1.1271129599999998 -0.29352384000000004 0.24553728
v 1.0880332799999999 -0.282192 0.25277568
v 1.04497824 -0.37682016 0.25277568
v 1.04497824 -0.37682016 0.25277568
v 1.07795136 -0.39969888 0.24553728
v 1.1271129599999998 -0.29352384000000004 0.24553728
v 0.19403424 -0.37514783999999995 0.24422784
v 0.23450111999999998 -0.38393183999999997 0.25009632
v 0.27154464 -0.3018576 0.25009632
v 0.27154464 -0.3018576 0.25009632
v 0.23914368 -0.27841056000000003 0.24422784
v 0.19403424 -0.37514783999999995 0.24422784
v 0.3398448 -0.06093407999999999 0.24422784
v 0.38097504 -0.06853823999999999 0.25009632
v 0.42391007999999997 0.025934400000000017 0.25009632
v 0.42391007999999997 0.025934400000000017 0.25009632
v 0.39208607999999995 0.05043648000000001 0.24422784
v 0.3398448 -0.06093407999999999 0.24422784
v 0.6246384 0.11119008000000002 0.49836864
v 0.5874489599999999 0.031437120000000034 0.49836864
v 0.6034675199999999 0.06644928 -4.0688449028823115e-18
v 0.6034675199999999 0.06644928 -4.0688449028823115e-18
v 0.63907584 0.14346335999999998 -8.784597230946221e-18
v 0.6246384 0.11119008000000002 0.49836864
v 0.8844163199999999 -1.1279798399999998 0.06336288000000007
v 0.9757968 -0.93402528 0.061508160000000055
v 0.9848159999999999 -0.93806592 0.054598080000000056
v 0.9848159999999999 -0.93806592 0.054598080000000056
v 0.8933087999999999 -1.13223936 0.05645280000000007
v 0.8844163199999999 -1.1279798399999998 0.06336288000000007
v 0.8659622399999999 -1.11770016 0.14691936000000008
v 0.9558163199999999 -0.92639136 0.14506464000000005
v 0.9648278399999999 -0.9304444799999999 0.13815456000000007
v 0.9648278399999999 -0.9304444799999999 0.13815456000000007
v 0.874848 -1.1219721599999999 0.14000928000000007
v 0.8659622399999999 -1.11770016 0.14691936000000008
v 0.84612672 -1.10864928 0.23235456000000007
v 0.94045344 -0.8989564800000001 0.24982368000000005
v 0.9494678400000001 -0.90300384 0.24291456000000003
v 0.9494678400000001 -0.90300384 0.24291456000000003
v 0.85500384 -1.1129366399999998 0.22544448000000006
v 0.84612672 -1.10864928 0.23235456000000007
v 0.8344166399999999 -1.0911561600000002 0.32184288000000005
v 0.91115328 -0.9185884799999999 0.339312
v 0.9201427199999999 -0.92268 0.33240192
v 0.9201427199999999 -0.92268 0.33240192
v 0.84329088 -1.09544736 0.3149328
v 0.8344166399999999 -1.0911561600000002 0.32184288000000005
v 0.7392288 -1.0151971199999998 0.79356192
v 0.80936544 -0.87025344 0.7718438400000001
v 0.8183212799999999 -0.87440448 0.7649337600000001
v 0.8183212799999999 -0.87440448 0.7649337600000001
v 0.74807424 -1.0195391999999999 0.78665184
v 0.7392288 -1.0151971199999998 0.79356192
v 0.9107999999999999 -1.0892246399999999 6.66957734464214e-17
v 0.711096 -0.98311584 0.8652460800000001
v 0.72465216 -0.9789417599999999 0.86712096
v 0.72465216 -0.9789417599999999 0.86712096
v 0.9252508799999999 -1.08350112 6.634530892402861e-17
v 0.9107999999999999 -1.0892246399999999 6.66957734464214e-17
v 0.061551360000000006 -0.89285952 0.7213881600000001
v 0.06167327999999999 -0.8931916799999998 0.8826441600000001
v 0.07906176 -0.8868633599999999 0.8826441600000001
v 0.07906176 -0.8868633599999999 0.8826441600000001
v 0.07893984 -0.8865302399999999 0.7213881600000001
v 0.061551360000000006 -0.89285952 0.7213881600000001
v 0.61491552 -1.15089696 0.7213881600000001
v 0.61503648 -1.15123008 0.8826441600000001
v 0.63242496 -1.1449007999999998 0.8826441600000001
v 0.63242496 -1.1449007999999998 0.8826441600000001
v 0.632304 -1.14456768 0.7213881600000001
v 0.61491552 -1.15089696 0.7213881600000001
v 0.9594614399999999 -0.03119999999999996 0.67594176
v 0.94347744 -0.02374655999999996 0.6583046399999999
v 0.9264153599999999 -0.06033599999999996 0.6637871999999999
v 0.9264153599999999 -0.06033599999999996 0.6637871999999999
v 0.94239936 -0.06778943999999995 0.68142432
v 0.9594614399999999 -0.03119999999999996 0.67594176
v 0.6183647999999999 0.17063712000000003 0.6716342399999999
v 0.6018566399999999 0.17833440000000006 0.6534192
v 0.54192 0.049799040000000044 0.63969696
v 0.54192 0.049799040000000044 0.63969696
v 0.55842816 0.04210176000000004 0.6579119999999999
v 0.6183647999999999 0.17063712000000003 0.6716342399999999
v 1.13494944 -0.04223999999999996 0.65516544
v 1.1171875199999999 -0.03395711999999996 0.6355660799999999
v 1.0283376 -0.14579999999999999 0.6355660799999999
v 1.0283376 -0.14579999999999999 0.6355660799999999
v 1.04609952 -0.15408287999999995 0.65516544
v 1.13494944 -0.04223999999999996 0.65516544
v 1.19953728 -0.3376444799999999 0.68499552
v 1.2079296 -0.31964639999999994 0.66513696
v 1.0793942399999998 -0.25970975999999996 0.66513696
v 1.0793942399999998 -0.25970975999999996 0.66513696
v 1.0710019199999998 -0.27770687999999993 0.6849945599999999
v 1.19953728 -0.3376444799999999 0.68499552
v 1.0423833599999999 -0.6484454399999999 0.64779264
v 1.0507756799999999 -0.63044832 0.62793504
v 0.92878752 -0.5826863999999999 0.63702528
v 0.92878752 -0.5826863999999999 0.63702528
v 0.9203952 -0.60068448 0.65688384
v 1.0423833599999999 -0.6484454399999999 0.64779264
v 0.81057792 -1.1167948799999998 0.6965126400000001
v 0.81897024 -1.09879776 0.67665504
v 0.71481504 -1.041552 0.6651369600000001
v 0.71481504 -1.041552 0.6651369600000001
v 0.70642272 -1.0595491199999998 0.6849955200000001
v 0.81057792 -1.1167948799999998 0.6965126400000001
v 0.33575615999999997 0.06514368000000004 0.65397408
v 0.44385888 0.01473408000000004 0.65397408
v 0.45175392000000003 0.031664640000000036 0.63529344
v 0.45175392000000003 0.031664640000000036 0.63529344
v 0.3436512 0.08207328000000004 0.63529344
v 0.33575615999999997 0.06514368000000004 0.65397408
v 0.10321824 -0.4335359999999999 0.6426144
v 0.21132095999999997 -0.48394464000000004 0.6426144
v 0.21921504 -0.46701407999999994 0.62393376
v 0.21921504 -0.46701407999999994 0.62393376
v 0.11111232 -0.41660543999999994 0.62393376
v 0.10321824 -0.4335359999999999 0.6426144
v -0.05673792 -0.77656128 0.6838176
v 0.051364799999999995 -0.82697088 0.6838176
v 0.059259839999999994 -0.8100403199999999 0.66513696
v 0.059259839999999994 -0.8100403199999999 0.66513696
v -0.04884288 -0.75963072 0.66513696
v -0.05673792 -0.77656128 0.6838176
v -0.9656937599999998 -0.33854687999999994 0.54168768
v -0.9675820799999999 -0.33425759999999993 0.5063414399999999
v -0.97067808 -0.3398899199999999 0.5063414399999999
v -0.9312595199999999 -0.3533116799999999 0.51757728
v -0.94436448 -0.34769184 0.40048416
v -0.9485750399999999 -0.33927648 0.43000511999999996
v -0.9312595199999999 -0.3533116799999999 0.51757728
v -0.9485750399999999 -0.33927648 0.43000511999999996
v -0.9544550399999999 -0.34997664 0.43000511999999996
v -0.9312595199999999 -0.3533116799999999 0.51757728
v -0.9544550399999999 -0.34997664 0.43000511999999996
v -0.94436448 -0.34769184 0.40048416
v -0.9568464 -0.34895136 0.39362975999999994
v -0.97067808 -0.3398899199999999 0.5063414399999999
v -0.9675820799999999 -0.33425759999999993 0.5063414399999999
v -0.9675820799999999 -0.33425759999999993 0.5063414399999999
v -0.9509664 -0.33825120000000003 0.39362975999999994
v -0.9568464 -0.34895136 0.39362975999999994
v -0.9509664 -0.33825120000000003 0.39362975999999994
v -0.9446399999999999 -0.34135296 2.0901840492173724e-17
v -0.95052 -0.35205312 2.1557036326891952e-17
v -0.95052 -0.35205312 2.1557036326891952e-17
v -0.9568464 -0.34895136 0.39362975999999994
v -0.9509664 -0.33825120000000003 0.39362975999999994
v -0.8142940799999999 -1.1356339199999999 0.36695136000000006
v -0.8007648 -1.1444688 0.39835008
v -0.81424416 -1.1419872 0.33268128
v -0.8142940799999999 -1.1356339199999999 0.36695136000000006
v -0.8191833599999999 -1.14670944 0.36695136000000006
v -0.8007648 -1.1444688 0.39835008
v -0.037984319999999995 -0.43194527999999993 0.87454848
v -0.01988544 -0.40672991999999997 0.86973216
v -0.02749632 -0.38525664 0.8273808
v -0.02701248 -0.45007583999999995 0.77781792
v -0.01813152 -0.4762915199999999 0.8262816
v -0.06324671999999999 -0.43506623999999994 0.83689344
v -0.06324671999999999 -0.43506623999999994 0.83689344
v -0.04500672 -0.4336319999999999 0.78205056
v -0.02701248 -0.45007583999999995 0.77781792
v -0.67469952 -0.44211263999999995 0.7436860799999999
v -0.67941696 -0.4388947199999999 0.69500832
v -0.6785692799999999 -0.4474108799999999 0.69500832
v -0.63167616 -0.4316937599999999 0.7104815999999999
v -0.64805088 -0.43565856 0.54922176
v -0.6577900799999999 -0.42973343999999997 0.58987776
v -0.63167616 -0.4316937599999999 0.7104815999999999
v -0.6577900799999999 -0.42973343999999997 0.58987776
v -0.6561782399999999 -0.4459113599999999 0.58987776
v -0.63167616 -0.4316937599999999 0.7104815999999999
v -0.6561782399999999 -0.4459113599999999 0.58987776
v -0.64805088 -0.43565856 0.54922176
v -0.6591657599999999 -0.4466342399999999 0.53978112
v -0.6785692799999999 -0.4474108799999999 0.69500832
v -0.67941696 -0.4388947199999999 0.69500832
v -0.67941696 -0.4388947199999999 0.69500832
v -0.66077856 -0.43045727999999994 0.53978112
v -0.6591657599999999 -0.4466342399999999 0.53978112
v -0.66077856 -0.43045727999999994 0.53978112
v -0.65260992 -0.4289664 2.626661643508816e-17
v -0.65099808 -0.44514432 2.7257228332331256e-17
v -0.65099808 -0.44514432 2.7257228332331256e-17
v -0.6591657599999999 -0.4466342399999999 0.53978112
v -0.66077856 -0.43045727999999994 0.53978112
v -0.060104639999999994 -1.03296288 0.5168275200000001
v -0.04114464 -1.0321728 0.5600697600000001
v -0.055752 -1.0398432 0.46963104000000006
v -0.060104639999999994 -1.03296288 0.5168275200000001
v -0.05728896 -1.04878656 0.5168275200000001
v -0.04114464 -1.0321728 0.5600697600000001
v -0.89394048 0.41217216000000007 0.63670848
v -0.8912352 0.38792640000000006 0.6332112
v -0.8752003199999999 0.3812774400000001 0.60245856
v -0.9101904 0.41502144 0.5664710399999999
v -0.92952192 0.4233888 0.6016608
v -0.8805456 0.42917088000000003 0.60936576
v -0.8805456 0.42917088000000003 0.60936576
v -0.8906553599999999 0.41732832000000003 0.5695439999999999
v -0.9101904 0.41502144 0.5664710399999999
v -0.86509344 0.417 0.29557439999999996
v -0.8758233599999999 0.4208438400000001 0.43980192
v -0.8879875199999999 0.43060416 0.43980192
v -0.55553952 0.82875648 0.54168768
v -0.55100352 0.8299353599999999 0.5063414399999999
v -0.55606848 0.83389056 0.5063414399999999
v -0.5756208 0.7971263999999999 0.51757728
v -0.56797728 0.80916384 0.4004841599999999
v -0.55899744 0.8119747199999999 0.4300051199999999
v -0.5756208 0.7971263999999999 0.51757728
v -0.55899744 0.8119747199999999 0.4300051199999999
v -0.5686195199999999 0.8194896 0.4300051199999999
v -0.5756208 0.7971263999999999 0.51757728
v -0.5686195199999999 0.8194896 0.4300051199999999
v -0.56797728 0.80916384 0.4004841599999999
v -0.56722464 0.82168608 0.3936297599999999
v -0.55606848 0.83389056 0.5063414399999999
v -0.55100352 0.8299353599999999 0.5063414399999999
v -0.55100352 0.8299353599999999 0.5063414399999999
v -0.55760256 0.8141712 0.3936297599999999
v -0.56722464 0.82168608 0.3936297599999999
v -0.55760256 0.8141712 0.3936297599999999
v -0.56167584 0.80842176 -4.950155603725349e-17
v -0.57129792 0.8159375999999999 -4.996176850719867e-17
v -0.57129792 0.8159375999999999 -4.996176850719867e-17
v -0.56722464 0.82168608 0.3936297599999999
v -0.55760256 0.8141712 0.3936297599999999
v -1.15023072 0.72415584 0.36695135999999995
v -1.1611152 0.71221344 0.39835007999999994
v -1.15651008 0.7251215999999999 0.3326812799999999
v -1.15023072 0.72415584 0.36695135999999995
v -1.16038176 0.730752 0.36695135999999995
v -1.1611152 0.71221344 0.39835007999999994
v 0.68757216 1.18765824 0.52968288
v 0.70037088 1.16126784 0.5095065599999998
v 0.7297632 1.18188576 0.5333443199999999
v 0.72074976 1.14027456 0.52968288
v 0.7297632 1.18188576 0.5333443199999999
v 0.70037088 1.16126784 0.5095065599999998
v 0.3547104 1.2562963200000001 -7.692596335342996e-17
v 0.3093552 1.2902966399999998 -7.900788250632923e-17
v 0.30852192 1.28508 0.05752799999999992
v -0.80443392 -0.38925599999999994 0.27561216
v -0.78447552 -0.35671391999999996 2.184242801696525e-17
v -0.79579104 -0.36574176 2.239522378492597e-17
v -0.81339648 -0.3993504 0.27897696
v -0.80443392 -0.38925599999999994 0.27561216
v -0.79491552 -0.39882912 0.27224832
v -0.77461056 -0.36730752 2.2491098933537622e-17
v -0.78447552 -0.35671391999999996 2.184242801696525e-17
v -0.80443392 -0.38925599999999994 0.27561216
v -0.79491552 -0.39882912 0.27224832
v -0.8038799999999999 -0.40892352 0.27561312
v -0.78592608 -0.37633535999999995 2.3043894701498342e-17
v -0.77461056 -0.36730752 2.2491098933537622e-17
v -0.79491552 -0.39882912 0.27224832
v -0.8038799999999999 -0.40892352 0.27561312
v -1.11255936 -0.5059344 0.24610656000000006
v -1.12128384 -0.50138976 0.23626944000000002
v -1.19510976 -0.70956288 0.23697984000000002
v -1.19510976 -0.70956288 0.23697984000000002
v -1.18605888 -0.7103510399999999 0.24681696000000006
v -1.1474688 -0.9162777599999999 0.24701760000000003
v -1.19510976 -0.70956288 0.23697984000000002
v -1.19510976 -0.70956288 0.23697984000000002
v -1.15684704 -0.91924512 0.23718048000000005
v -1.18605888 -0.7103510399999999 0.24681696000000006
v -1.1474688 -0.9162777599999999 0.24701760000000003
v -1.1380896 -0.91331136 0.23718048000000005
v -1.17700608 -0.7111401599999999 0.23697984000000002
v -1.18605888 -0.7103510399999999 0.24681696000000006
v -1.15960512 -0.92590464 0.28081920000000005
v -1.14541824 -0.901152 5.5179645617261773e-17
v -1.1314127999999999 -0.8974895999999999 5.4955388295401914e-17
v -1.1314127999999999 -0.8974895999999999 5.4955388295401914e-17
v -1.1468131199999998 -0.9215923199999999 0.28418400000000005
v -1.1631139199999998 -0.9128687999999999 0.27745440000000005
v -1.15013856 -0.88746816 5.434175207445956e-17
v -1.14541824 -0.901152 5.5179645617261773e-17
v -1.15960512 -0.92590464 0.28081920000000005
v -1.1631139199999998 -0.9128687999999999 0.27745440000000005
v -1.15032288 -0.9085574399999999 0.28081920000000005
v -1.13613312 -0.88380576 5.411749475259969e-17
v -1.15013856 -0.88746816 5.434175207445956e-17
v -1.1631139199999998 -0.9128687999999999 0.27745440000000005
v -1.15032288 -0.9085574399999999 0.28081920000000005
v -1.19228256 -0.7166764800000001 0.32233728000000006
v -1.21110624 -0.7190419199999999 4.4028619289038357e-17
v -1.1969193599999999 -0.72191328 4.4204439380698347e-17
v -1.1788982399999999 -0.71843232 0.32570208000000006
v -1.19228256 -0.7166764800000001 0.32233728000000006
v -1.18969824 -0.70342656 0.31897248
v -1.20932544 -0.7046764799999999 4.314898978332119e-17
v -1.21110624 -0.7190419199999999 4.4028619289038357e-17
v -1.19228256 -0.7166764800000001 0.32233728000000006
v -1.18969824 -0.70342656 0.31897248
v -1.17631392 -0.7051824 0.32233728000000006
v -1.19513856 -0.70754784 4.332480987498118e-17
v -1.20932544 -0.7046764799999999 4.314898978332119e-17
v -1.18969824 -0.70342656 0.31897248
v -1.17631392 -0.7051824 0.32233728000000006
v -1.1206713599999998 -0.51068256 0.28057344000000006
v -1.13118912 -0.5152281599999999 3.154862584872901e-17
v -1.1169263999999999 -0.51276 3.139749463653984e-17
v -1.10795712 -0.50614752 0.28393824000000006
v -1.1206713599999998 -0.51068256 0.28057344000000006
v -1.1244076799999998 -0.49771104000000005 0.27720864
v -1.1347392 -0.50119488 3.068933527705209e-17
v -1.13118912 -0.5152281599999999 3.154862584872901e-17
v -1.1206713599999998 -0.51068256 0.28057344000000006
v -1.1244076799999998 -0.49771104000000005 0.27720864
v -1.1116924799999999 -0.49317599999999995 0.28057344000000006
v -1.12047552 -0.49872672 3.053820406486292e-17
v -1.1347392 -0.50119488 3.068933527705209e-17
v -1.1244076799999998 -0.49771104000000005 0.27720864
v -1.1116924799999999 -0.49317599999999995 0.28057344000000006
v -0.80408928 -1.02578016 6.281091947864298e-17
v -0.80455968 -1.02558336 0.049619520000000056
v -0.790824 -1.01995584 0.049499520000000054
v -0.790824 -1.01995584 0.049499520000000054
v -0.7911695999999999 -1.02073248 6.250183822088699e-17
v -0.7990128 -1.03837632 6.358221182992038e-17
v -0.79935744 -1.0391519999999999 0.04949952000000006
v -0.80455968 -1.02558336 0.049619520000000056
v -0.80408928 -1.02578016 6.281091947864298e-17
v -0.7990128 -1.03837632 6.358221182992038e-17
v -0.7860921599999999 -1.03332864 6.327313057216438e-17
v -0.78562272 -1.03352544 0.049620480000000064
v -0.79935744 -1.0391519999999999 0.04949952000000006
v -0.7990128 -1.03837632 6.358221182992038e-17
v -0.7860921599999999 -1.03332864 6.327313057216438e-17
v -1.0515504 -0.9114576 5.581068161992643e-17
v -1.0518950399999998 -0.91223424 0.03623232000000005
v -1.05709728 -0.8986646399999999 0.04961952000000005
v -1.05662688 -0.8988624 5.503944805169539e-17
v -1.0515504 -0.9114576 5.581068161992643e-17
v -0.7620451199999999 -1.03898496 0.04355808000000006
v -1.0901452799999998 -0.88037376 0.04355808000000005
v -1.08539424 -0.86968608 0.05415072000000005
v -1.08539424 -0.86968608 0.05415072000000005
v -0.7572931199999999 -1.02829632 0.054150720000000055
v -0.76679616 -1.04967264 0.05415072000000006
v -1.09489632 -0.8910623999999999 0.040883520000000055
v -1.0901452799999998 -0.88037376 0.04355808000000005
v -0.7620451199999999 -1.03898496 0.04355808000000006
v -0.76679616 -1.04967264 0.05415072000000006
v -0.7620451199999999 -1.03898496 0.06474432000000006
v -1.0901452799999998 -0.88037376 0.06474432000000005
v -1.09489632 -0.8910623999999999 0.040883520000000055
v -0.76679616 -1.04967264 0.05415072000000006
v -0.7620451199999999 -1.03898496 0.06474432000000006
v -0.14357376 -0.89740224 5.4950039038183237e-17
v -0.14407583999999998 -0.89749248 0.04961952000000005
v -0.13563167999999998 -0.8852851199999999 0.04949952000000005
v -0.13563167999999998 -0.8852851199999999 0.04949952000000005
v -0.13549728 -0.88612416 5.4259455809556855e-17
v -0.13244928 -0.90519072 5.54269458932944e-17
v -0.13231488 -0.9060288 0.04949952000000005
v -0.14407583999999998 -0.89749248 0.04961952000000005
v -0.14357376 -0.89740224 5.4950039038183237e-17
v -0.13244928 -0.90519072 5.54269458932944e-17
v -0.1243728 -0.8939126399999999 5.473636266466801e-17
v -0.12387072 -0.89382144 0.04962048000000005
v -0.13231488 -0.9060288 0.04949952000000005
v -0.13244928 -0.90519072 5.54269458932944e-17
v -0.1243728 -0.8939126399999999 5.473636266466801e-17
v -0.48832127999999997 -0.94622688 5.793968599295933e-17
v -0.48818784 -0.94706496 0.036232320000000054
v -0.4999488 -0.9385286399999999 0.049619520000000056
v -0.49944671999999996 -0.93843744 5.746272035480182e-17
v -0.48832127999999997 -0.94622688 5.793968599295933e-17
v -0.10113119999999999 -0.8855375999999999 0.04355808000000005
v -0.537624 -0.94122336 0.043558080000000055
v -0.53947104 -0.9296736 0.054150720000000055
v -0.53947104 -0.9296736 0.054150720000000055
v -0.10297824 -0.87398784 0.05415072000000005
v -0.09928511999999999 -0.89708832 0.05415072000000005
v -0.53577792 -0.95277312 0.040883520000000055
v -0.537624 -0.94122336 0.043558080000000055
v -0.10113119999999999 -0.8855375999999999 0.04355808000000005
v -0.09928511999999999 -0.89708832 0.05415072000000005
v -0.10113119999999999 -0.8855375999999999 0.06474432000000005
v -0.537624 -0.94122336 0.06474432000000005
v -0.53577792 -0.95277312 0.040883520000000055
v -0.09928511999999999 -0.89708832 0.05415072000000005
v -0.10113119999999999 -0.8855375999999999 0.06474432000000005
v -1.0243977599999998 0.70496352 -4.3166565914182556e-17
v -1.02407136 0.7053552 0.04961951999999995
v -1.02273408 0.6905711999999999 0.04949951999999996
v -1.02273408 0.6905711999999999 0.04949951999999996
v -1.0233743999999998 0.69112992 -4.2319502216148316e-17
v -1.03792992 0.70381728 -4.309637895682982e-17
v -1.03857024 0.7043750400000001 0.04949951999999996
v -1.02407136 0.7053552 0.04961951999999995
v -1.0243977599999998 0.70496352 -4.3166565914182556e-17
v -1.03792992 0.70381728 -4.309637895682982e-17
v -1.03690656 0.6899836799999999 -4.224931525879558e-17
v -1.03723392 0.68959296 0.04962047999999995
v -1.03857024 0.7043750400000001 0.04949951999999996
v -1.03792992 0.70381728 -4.309637895682982e-17
v -1.03690656 0.6899836799999999 -4.224931525879558e-17
v -0.83403264 0.92357856 -5.655287636325608e-17
v -0.8346729599999999 0.92413632 0.03623231999999994
v -0.8201740799999999 0.92511552 0.04961951999999994
v -0.82050048 0.92472384 -5.662300453756246e-17
v -0.83403264 0.92357856 -5.655287636325608e-17
v -1.04938752 0.66866496 0.04355807999999996
v -0.7929695999999999 0.95131968 0.04355807999999994
v -0.784152 0.94363392 0.05415071999999994
v -0.784152 0.94363392 0.05415071999999994
v -1.04057088 0.6609792 0.05415071999999996
v -1.05820512 0.6763507200000001 0.05415071999999996
v -0.80178624 0.9590054399999999 0.04088351999999994
v -0.7929695999999999 0.95131968 0.04355807999999994
v -1.04938752 0.66866496 0.04355807999999996
v -1.05820512 0.6763507200000001 0.05415071999999996
v -1.04938752 0.66866496 0.06474431999999997
v -0.7929695999999999 0.95131968 0.06474431999999995
v -0.80178624 0.9590054399999999 0.04088351999999994
v -1.05820512 0.6763507200000001 0.05415071999999996
v -1.04938752 0.66866496 0.06474431999999997
v -1.04570112 0.18556704000000002 0.2581152
v -1.25960256 0.35312544 0.3007296
v -1.26597024 0.34789152 0.29248704
v -1.0520687999999998 0.18033312 0.24987359999999997
v -1.04570112 0.18556704000000002 0.2581152
v -1.0393344 0.19080000000000003 0.24987359999999997
v -1.25323488 0.35835935999999996 0.29248704
v -1.25960256 0.35312544 0.3007296
v -1.04570112 0.18556704000000002 0.2581152
v -1.0393344 0.19080000000000003 0.24987359999999997
v -1.04570112 0.18556704000000002 0.24163104
v -1.25960256 0.35312544 0.28424448
v -1.25323488 0.35835935999999996 0.29248704
v -1.0393344 0.19080000000000003 0.24987359999999997
v -1.04570112 0.18556704000000002 0.24163104
v -0.30055392 0.9990422400000001 0.26456255999999995
v -0.43608768 1.23362784 0.30072959999999993
v -0.44383775999999997 1.2308208 0.2924870399999999
v -0.30830399999999997 0.99623616 0.25631999999999994
v -0.30055392 0.9990422400000001 0.26456255999999995
v -0.29280480000000003 1.00184928 0.25631999999999994
v -0.42833856000000003 1.2364339199999999 0.2924870399999999
v -0.43608768 1.23362784 0.30072959999999993
v -0.30055392 0.9990422400000001 0.26456255999999995
v -0.29280480000000003 1.00184928 0.25631999999999994
v -0.30055392 0.9990422400000001 0.24807743999999993
v -0.43608768 1.23362784 0.28424447999999997
v -0.42833856000000003 1.2364339199999999 0.2924870399999999
v -0.29280480000000003 1.00184928 0.25631999999999994
v -0.30055392 0.9990422400000001 0.24807743999999993
v 0.48110976000000005 1.18049376 0.25811519999999993
v 0.74712864 1.17667968 0.30072959999999993
v 0.74851104 1.18480512 0.2924870399999999
v 0.48249216 1.18862016 0.24987359999999992
v 0.48110976000000005 1.18049376 0.25811519999999993
v 0.47972736 1.17236832 0.24987359999999992
v 0.74574624 1.16855328 0.2924870399999999
v 0.74712864 1.17667968 0.30072959999999993
v 0.48110976000000005 1.18049376 0.25811519999999993
v 0.47972736 1.17236832 0.24987359999999992
v 0.48110976000000005 1.18049376 0.24163103999999994
v 0.74712864 1.17667968 0.28424447999999997
v 0.74574624 1.16855328 0.2924870399999999
v 0.47972736 1.17236832 0.24987359999999992
v 0.48110976000000005 1.18049376 0.24163103999999994
v 1.1705712 0.83433024 0.24873503999999996
v 1.28534784 0.36609408 0.25180991999999996
v 1.29503616 0.36438624 0.24197279999999996
v 1.29503616 0.36438624 0.24197279999999996
v 1.18025952 0.8326223999999999 0.23889791999999993
v 1.2249523199999999 -0.10896959999999999 0.2436528
v 1.29503616 0.36438624 0.24197279999999996
v 1.28534784 0.36609408 0.25180991999999996
v 1.2152649599999998 -0.10726079999999998 0.25348992
v 1.2249523199999999 -0.10896959999999999 0.2436528
v 0.8524848 -1.11140448 0.24222336000000003
v 0.9466108799999999 -0.90205824 0.25969248000000006
v 0.94045344 -0.8989564800000001 0.24982368000000005
v 0.84612672 -1.10864928 0.23235456000000007
v 0.8524848 -1.11140448 0.24222336000000003
v 0.8407631999999999 -1.09393152 0.33171072000000007
v 0.9173328000000001 -0.9216527999999999 0.3491808
v 0.91115328 -0.9185884799999999 0.339312
v 0.8344166399999999 -1.0911561600000002 0.32184288000000005
v 0.8407631999999999 -1.09393152 0.33171072000000007
v 0.8064115199999999 -1.0840128 0.4369776
v 0.9015897599999999 -0.88314816 0.42511584
v 0.91058976 -0.88722144 0.41820576000000004
v 0.91058976 -0.88722144 0.41820576000000004
v 0.8152704 -1.08832896 0.43006752000000004
v 0.81276096 -1.0867824000000001 0.44684544000000004
v 0.90773952 -0.8862623999999999 0.43498368000000004
v 0.9015897599999999 -0.88314816 0.42511584
v 0.8064115199999999 -1.0840128 0.4369776
v 0.81276096 -1.0867824000000001 0.44684544000000004
v 0.82161984 -1.09109952 0.43993536000000005
v 0.91673952 -0.8903366399999999 0.4280736
v 0.90773952 -0.8862623999999999 0.43498368000000004
v 0.81276096 -1.0867824000000001 0.44684544000000004
v 0.82161984 -1.09109952 0.43993536000000005
v 0.7455408 -1.0180310399999999 0.80343072
v 0.8155247999999999 -0.8733532799999999 0.7817126400000001
v 0.80936544 -0.87025344 0.7718438400000001
v 0.7392288 -1.0151971199999998 0.79356192
v 0.7455408 -1.0180310399999999 0.80343072
v 0.75679872 -1.04506752 0.6717638400000001
v 0.8391974400000001 -0.86197248 0.67861728
v 0.84817344 -0.866088 0.6717072
v 0.84817344 -0.866088 0.6717072
v 0.7656432 -1.04941056 0.6648537600000001
v 0.76313184 -1.0478659199999998 0.6816316800000001
v 0.8453424 -0.8650982399999999 0.6884860799999999
v 0.8391974400000001 -0.86197248 0.67861728
v 0.75679872 -1.04506752 0.6717638400000001
v 0.76313184 -1.0478659199999998 0.6816316800000001
v 0.77197632 -1.05220992 0.6747225600000001
v 0.85431744 -0.86921376 0.681576
v 0.8453424 -0.8650982399999999 0.6884860799999999
v 0.76313184 -1.0478659199999998 0.6816316800000001
v 0.77197632 -1.05220992 0.6747225600000001
v 0.77537472 -1.05547392 0.5953104
v 0.8696784 -0.85807872 0.57645024
v 0.87867264 -0.8621616 0.56954016
v 0.87867264 -0.8621616 0.56954016
v 0.78422592 -1.05980448 0.5884003200000001
v 0.78171072 -1.05826752 0.6051792000000001
v 0.8758128 -0.86122176 0.58631904
v 0.8696784 -0.85807872 0.57645024
v 0.77537472 -1.05547392 0.5953104
v 0.78171072 -1.05826752 0.6051792000000001
v 0.79056096 -1.0625990399999998 0.5982691200000001
v 0.88480704 -0.86530464 0.57940896
v 0.8758128 -0.86122176 0.58631904
v 0.78171072 -1.05826752 0.6051792000000001
v 0.79056096 -1.0625990399999998 0.5982691200000001
v 0.78375648 -1.0841289600000001 0.5165664000000001
v 0.8773104 -0.88607808 0.5047056000000001
v 0.886296 -0.8901763199999999 0.4977955200000001
v 0.886296 -0.8901763199999999 0.4977955200000001
v 0.7926009599999999 -1.08847104 0.50965728
v 0.7901136 -1.08688608 0.5264352000000001
v 0.8834687999999999 -0.88917888 0.51457344
v 0.8773104 -0.88607808 0.5047056000000001
v 0.78375648 -1.0841289600000001 0.5165664000000001
v 0.7901136 -1.08688608 0.5264352000000001
v 0.7989580799999999 -1.0912281599999998 0.5195251200000001
v 0.8924534399999999 -0.89327808 0.50766336
v 0.8834687999999999 -0.88917888 0.51457344
v 0.7901136 -1.08688608 0.5264352000000001
v 0.7989580799999999 -1.0912281599999998 0.5195251200000001
v 0.93013344 -1.09811424 6.724010445570643e-17
v 0.73029312 -0.99224064 0.8689958400000001
v 0.71673696 -0.9964147200000001 0.86712096
v 0.91568256 -1.10383776 6.75905689780992e-17
v 0.93013344 -1.09811424 6.724010445570643e-17
v 0.9662323199999999 -0.9714095999999999 5.948168286505052e-17
v 0.75695328 -0.88188576 0.8652460800000001
v 0.7704883199999999 -0.8777472 0.86712096
v 0.98066304 -0.9657216 5.913339331537302e-17
v 0.9662323199999999 -0.9714095999999999 5.948168286505052e-17
v 0.97109472 -0.98605824 6.037865336944363e-17
v 0.76257408 -0.89522016 0.86712096
v 0.75695328 -0.88188576 0.8652460800000001
v 0.9662323199999999 -0.9714095999999999 5.948168286505052e-17
v 0.97109472 -0.98605824 6.037865336944363e-17
v 0.98552448 -0.9803712 6.003042260281248e-17
v 0.77610912 -0.89108256 0.8689958400000001
v 0.76257408 -0.89522016 0.86712096
v 0.97109472 -0.98605824 6.037865336944363e-17
v 0.98552448 -0.9803712 6.003042260281248e-17
v 0.08526911999999999 -0.90391872 0.7213881600000001
v 0.08539008 -0.9042518399999999 0.8826441600000001
v 0.0680016 -0.9105801599999999 0.8826441600000001
v 0.06788063999999999 -0.910248 0.7213881600000001
v 0.08526911999999999 -0.90391872 0.7213881600000001
v 0.38348064 -1.0291843200000002 0.7642512000000001
v 0.03282528 -0.86590176 0.76142592
v 0.03743232 -0.8560224 0.7723267199999999
v 0.38808768 -1.01930496 0.77515104
v 0.38348064 -1.0291843200000002 0.7642512000000001
v 0.37887455999999997 -1.03906272 0.77515104
v 0.0282192 -0.87578016 0.77232672
v 0.03282528 -0.86590176 0.76142592
v 0.38348064 -1.0291843200000002 0.7642512000000001
v 0.37887455999999997 -1.03906272 0.77515104
v 0.38348064 -1.0291843200000002 0.78605088
v 0.03282528 -0.86590176 0.7832265599999999
v 0.0282192 -0.87578016 0.77232672
v 0.37887455999999997 -1.03906272 0.77515104
v 0.38348064 -1.0291843200000002 0.78605088
v 0.38348064 -1.0291843200000002 0.82525632
v 0.03282528 -0.86590176 0.83278752
v 0.03743232 -0.8560224 0.84368736
v 0.38808768 -1.01930496 0.83615616
v 0.38348064 -1.0291843200000002 0.82525632
v 0.37887455999999997 -1.03906272 0.83615616
v 0.0282192 -0.87578016 0.8436873600000001
v 0.03282528 -0.86590176 0.83278752
v 0.38348064 -1.0291843200000002 0.82525632
v 0.37887455999999997 -1.03906272 0.83615616
v 0.38348064 -1.0291843200000002 0.8470569600000001
v 0.03282528 -0.86590176 0.8545871999999999
v 0.0282192 -0.87578016 0.8436873600000001
v 0.37887455999999997 -1.03906272 0.83615616
v 0.38348064 -1.0291843200000002 0.8470569600000001
v 0.33388031999999995 -1.01984832 0.7213881600000001
v 0.33400128 -1.02018048 0.8826441600000001
v 0.35138976 -1.01385216 0.8826441600000001
v 0.3512688 -1.01351904 0.7213881600000001
v 0.33388031999999995 -1.01984832 0.7213881600000001
v 0.34020863999999995 -1.0372367999999998 0.7213881600000001
v 0.34032959999999995 -1.0375689599999998 0.8826441600000001
v 0.33400128 -1.02018048 0.8826441600000001
v 0.33388031999999995 -1.01984832 0.7213881600000001
v 0.34020863999999995 -1.0372367999999998 0.7213881600000001
v 0.35759712 -1.03090752 0.7213881600000001
v 0.35771808 -1.03124064 0.8826441600000001
v 0.34032959999999995 -1.0375689599999998 0.8826441600000001
v 0.34020863999999995 -1.0372367999999998 0.7213881600000001
v 0.35759712 -1.03090752 0.7213881600000001
v 0.6952291199999999 -1.1745552 0.7764806400000002
v 0.31414272 -0.99708192 0.7852608000000001
v 0.31874976 -0.9872025599999998 0.7961606400000001
v 0.6998361599999999 -1.16467584 0.78738048
v 0.6952291199999999 -1.1745552 0.7764806400000002
v 0.6906220799999999 -1.1844336 0.78738048
v 0.30953568000000004 -1.0069603200000001 0.7961606400000001
v 0.31414272 -0.99708192 0.7852608000000001
v 0.6952291199999999 -1.1745552 0.7764806400000002
v 0.6906220799999999 -1.1844336 0.78738048
v 0.6952291199999999 -1.1745552 0.79828032
v 0.31414272 -0.99708192 0.8070604800000001
v 0.30953568000000004 -1.0069603200000001 0.7961606400000001
v 0.6906220799999999 -1.1844336 0.78738048
v 0.6952291199999999 -1.1745552 0.79828032
v 0.6952291199999999 -1.17455424 0.8522812800000001
v 0.31414272 -0.99708192 0.8475513600000001
v 0.31874976 -0.9872025599999998 0.8584512000000001
v 0.6998361599999999 -1.16467584 0.8631811200000001
v 0.6952291199999999 -1.17455424 0.8522812800000001
v 0.69062304 -1.1844336 0.8631811200000001
v 0.30953568000000004 -1.0069603200000001 0.8584512000000001
v 0.31414272 -0.99708192 0.8475513600000001
v 0.6952291199999999 -1.17455424 0.8522812800000001
v 0.69062304 -1.1844336 0.8631811200000001
v 0.6952291199999999 -1.17455424 0.8740809600000001
v 0.31414272 -0.99708192 0.8693520000000001
v 0.30953568000000004 -1.0069603200000001 0.8584512000000001
v 0.69062304 -1.1844336 0.8631811200000001
v 0.6952291199999999 -1.17455424 0.8740809600000001
v 0.6212438399999999 -1.1682854399999998 0.7213881600000001
v 0.6213648 -1.1686176 0.8826441600000001
v 0.61503648 -1.15123008 0.8826441600000001
v 0.61491552 -1.15089696 0.7213881600000001
v 0.6212438399999999 -1.1682854399999998 0.7213881600000001
v 0.02925696 -1.06627776 0.6909216
v 0.04701888 -1.07456064 0.6713232000000001
v 0.11437823999999999 -0.9503107199999999 0.6651369600000001
v 0.11437823999999999 -0.9503107199999999 0.6651369600000001
v 0.09661631999999999 -0.94202784 0.68473536
v 0.011494079999999999 -1.0579948799999999 0.6713232000000001
v 0.02925696 -1.06627776 0.6909216
v 0.09661631999999999 -0.94202784 0.68473536
v 0.0788544 -0.93374496 0.6651369600000001
v 0.011494079999999999 -1.0579948799999999 0.6713232000000001
v 0.02925696 -1.06627776 0.6517248000000001
v 0.011494079999999999 -1.0579948799999999 0.6713232000000001
v 0.0788544 -0.93374496 0.6651369600000001
v 0.09661631999999999 -0.94202784 0.6455385600000001
v 0.02925696 -1.06627776 0.6517248000000001
v 0.35664288 -1.2128063999999998 0.6817084800000001
v 0.37440576000000003 -1.22108928 0.6621100800000002
v 0.42227423999999997 -1.10465952 0.6651369600000001
v 0.42227423999999997 -1.10465952 0.6651369600000001
v 0.40451232 -1.09637664 0.68473536
v 0.33888096 -1.20452448 0.6621100800000002
v 0.35664288 -1.2128063999999998 0.6817084800000001
v 0.40451232 -1.09637664 0.68473536
v 0.38674944 -1.08809376 0.6651369600000001
v 0.33888096 -1.20452448 0.6621100800000002
v 0.35664288 -1.2128063999999998 0.64251168
v 0.33888096 -1.20452448 0.6621100800000002
v 0.38674944 -1.08809376 0.6651369600000001
v 0.40451232 -1.09637664 0.6455385600000001
v 0.35664288 -1.2128063999999998 0.64251168
v 0.9594614399999999 -0.03119999999999996 0.64066848
v 0.97544544 -0.03865343999999996 0.6583046399999999
v 0.9583833599999999 -0.07524287999999996 0.6637871999999999
v 0.94239936 -0.06778943999999995 0.6461510399999999
v 0.9594614399999999 -0.03119999999999996 0.64066848
v 0.6183647999999999 0.17063712 0.6352051200000001
v 0.6348729599999999 0.16293888000000004 0.6534192
v 0.57493632 0.03440352000000004 0.63969696
v 0.55842816 0.04210176000000004 0.62148288
v 0.6183647999999999 0.17063712 0.6352051200000001
v 0.79814112 0.12880032000000005 0.6847353599999999
v 0.7803792 0.13708320000000004 0.66513696
v 0.7204416 0.008547840000000041 0.66513696
v 0.7204416 0.008547840000000041 0.66513696
v 0.7382044799999999 0.0002649600000000419 0.6847353599999999
v 0.8159030399999999 0.12051840000000007 0.66513696
v 0.79814112 0.12880032000000005 0.6847353599999999
v 0.7382044799999999 0.0002649600000000419 0.6847353599999999
v 0.7559663999999999 -0.00801695999999996 0.66513696
v 0.8159030399999999 0.12051840000000007 0.66513696
v 0.79814112 0.12880032000000002 0.64553856
v 0.8159030399999999 0.12051840000000007 0.66513696
v 0.7559663999999999 -0.00801695999999996 0.66513696
v 0.7382044799999999 0.00026496000000003953 0.64553856
v 0.79814112 0.12880032000000002 0.64553856
v 1.13494944 -0.04223999999999996 0.61596768
v 1.15271232 -0.05052287999999996 0.6355660799999999
v 1.0638623999999999 -0.16236575999999997 0.6355660799999999
v 1.04609952 -0.15408287999999998 0.61596768
v 1.13494944 -0.04223999999999996 0.61596768
v 1.19953728 -0.3376444799999999 0.6452784
v 1.1911449600000001 -0.35564159999999995 0.66513696
v 1.0626086399999999 -0.29570495999999996 0.66513696
v 1.0710019199999998 -0.27770687999999993 0.6452784
v 1.19953728 -0.3376444799999999 0.6452784
v 1.0423833599999999 -0.6484454399999999 0.60807648
v 1.03399104 -0.66644256 0.62793504
v 0.91200288 -0.6186816 0.63702528
v 0.9203952 -0.60068448 0.61716768
v 1.0423833599999999 -0.6484454399999999 0.60807648
v 1.01891136 -0.7519113599999999 0.68277984
v 1.02636864 -0.7359216 0.66513696
v 0.88752384 -0.67117728 0.66513696
v 0.88006752 -0.68716704 0.68277984
v 1.01891136 -0.7519113599999999 0.68277984
v 1.01145504 -0.7679020799999999 0.66513696
v 1.01891136 -0.7519113599999999 0.68277984
v 0.88006752 -0.68716704 0.68277984
v 0.8726111999999999 -0.70315776 0.66513696
v 1.01145504 -0.7679020799999999 0.66513696
v 1.01891136 -0.7519113599999999 0.6474931199999999
v 1.01145504 -0.7679020799999999 0.66513696
v 0.8726111999999999 -0.70315776 0.66513696
v 0.88006752 -0.68716704 0.6474931199999999
v 1.01891136 -0.7519113599999999 0.6474931199999999
v 0.81057792 -1.1167948799999998 0.65679648
v 0.8021855999999999 -1.13479296 0.67665504
v 0.6980303999999999 -1.07754624 0.6651369600000001
v 0.70642272 -1.0595491199999998 0.6452784000000001
v 0.81057792 -1.1167948799999998 0.65679648
v 0.33575615999999997 0.06514368000000004 0.6166128
v 0.44385888 0.014734080000000038 0.6166128
v 0.43596384 -0.002196479999999961 0.63529344
v 0.32786112 0.04821312000000004 0.63529344
v 0.33575615999999997 0.06514368000000004 0.6166128
v 0.16231488 -0.24718559999999995 0.6900864
v 0.29325216 -0.30824255999999994 0.6900864
v 0.3002064 -0.2933279999999999 0.67362912
v 0.3002064 -0.2933279999999999 0.67362912
v 0.16926912 -0.23227103999999993 0.67362912
v 0.15535968 -0.26210015999999997 0.67362912
v 0.28629696 -0.32315807999999996 0.67362912
v 0.29325216 -0.30824255999999994 0.6900864
v 0.16231488 -0.24718559999999995 0.6900864
v 0.15535968 -0.26210015999999997 0.67362912
v 0.16231488 -0.24718559999999995 0.6571728
v 0.29325216 -0.30824255999999994 0.6571728
v 0.28629696 -0.32315807999999996 0.67362912
v 0.15535968 -0.26210015999999997 0.67362912
v 0.16231488 -0.24718559999999995 0.6571728
v 0.10321824 -0.4335359999999999 0.60525312
v 0.21132095999999997 -0.48394464000000004 0.60525312
v 0.20342592 -0.5008752 0.62393376
v 0.0953232 -0.4504665599999999 0.62393376
v 0.10321824 -0.4335359999999999 0.60525312
v -0.064632 -0.79349184 0.66513696
v 0.04346976 -0.8439014399999999 0.66513696
v 0.051364799999999995 -0.82697088 0.6838176
v -0.05673792 -0.77656128 0.6838176
v -0.064632 -0.79349184 0.66513696
v -0.83373696 -1.15562496 0.38258208000000005
v -0.45061248 -0.60399264 0.49568544
v -0.45568991999999997 -0.60051936 0.48953472000000003
v -0.8388134399999999 -1.15215168 0.37415424
v -0.83373696 -1.15562496 0.38258208000000005
v -0.83373696 -1.15562496 0.36572640000000006
v -0.45061248 -0.60399264 0.48338303999999993
v -0.445536 -0.6074668799999999 0.48953472000000003
v -0.82865952 -1.15909824 0.37415424
v -0.83373696 -1.15562496 0.36572640000000006
v -0.45061248 -0.60399264 0.49568544
v -0.83373696 -1.15562496 0.38258208000000005
v -0.445536 -0.6074668799999999 0.48953472000000003
v -1.1587785599999998 -0.93611616 0.41604672000000004
v -0.91544256 -0.2863612799999999 0.49108992
v -0.9205209599999999 -0.282888 0.48493824
v -1.1638550399999998 -0.93264288 0.40989600000000004
v -1.1587785599999998 -0.93611616 0.41604672000000004
v -1.1537001599999999 -0.93958944 0.40989600000000004
v -0.91036608 -0.28983551999999996 0.48493824
v -0.91544256 -0.2863612799999999 0.49108992
v -1.1587785599999998 -0.93611616 0.41604672000000004
v -1.1537001599999999 -0.93958944 0.40989600000000004
v -1.1587785599999998 -0.93611616 0.40374432000000005
v -0.91544256 -0.2863612799999999 0.47878655999999997
v -0.91036608 -0.28983551999999996 0.48493824
v -1.1537001599999999 -0.93958944 0.40989600000000004
v -1.1587785599999998 -0.93611616 0.40374432000000005
v -1.15359072 -0.92360928 0.35521152000000006
v -1.1365987199999998 -0.90487872 5.5407841403227705e-17
v -1.12980864 -0.91599072 5.608825516483397e-17
v -1.14845472 -0.93436416 0.36171648000000006
v -1.15359072 -0.92360928 0.35521152000000006
v -1.15648128 -0.93231168 0.39085344
v -1.15359072 -0.92360928 0.35521152000000006
v -1.15359072 -0.92360928 0.35521152000000006
v -1.16707392 -0.9261782399999999 0.4202361600000001
v -1.17135648 -0.91906368 0.41965440000000004
v -1.15359072 -0.92360928 0.35521152000000006
v -1.1689833600000001 -0.9234537599999999 0.45528864
v -1.17135648 -0.91906368 0.41965440000000004
v -1.14845472 -0.93436416 0.36171648000000006
v -1.12980864 -0.91599072 5.608825516483397e-17
v -1.1234591999999999 -0.9050803199999999 5.54201858429631e-17
v -1.1234591999999999 -0.9050803199999999 5.54201858429631e-17
v -1.14210624 -0.92345472 0.3626582400000001
v -1.1480620799999999 -0.9386304 0.49430592000000007
v -1.127928 -0.9381542399999999 0.41077152000000006
v -1.1399961600000001 -0.9317452799999999 0.41569728000000006
v -1.1501328 -0.9214031999999999 0.3917952
v -1.127928 -0.9381542399999999 0.41077152000000006
v -1.127928 -0.9381542399999999 0.41077152000000006
v -1.14210624 -0.92345472 0.3626582400000001
v -0.8452473599999999 -1.13185344 0.43513536
v -0.84623136 -1.13564256 0.3846624
v -0.83268096 -1.1400700799999999 0.38957472000000004
v -0.8191833599999999 -1.14670944 0.36695136000000006
v -0.84623136 -1.13564256 0.3846624
v -0.84623136 -1.13564256 0.3846624
v -0.82664256 -1.1442710399999998 0.33914016
v -0.82664256 -1.1442710399999998 0.33914016
v -0.8217532799999999 -1.1331964799999998 0.33914016
v -0.8217532799999999 -1.1331964799999998 6.938827210185238e-17
v -0.82664256 -1.1442710399999998 7.006639332465064e-17
v -0.82664256 -1.1442710399999998 0.33914016
v -0.5097456 -0.64630848 0.5202336
v -0.51654912 -0.64256064 0.49016255999999997
v -0.5080262400000001 -0.6561590399999999 0.49016255999999997
v -0.5080262400000001 -0.6561590399999999 0.49016255999999997
v -0.49645631999999995 -0.65362944 0.43396992000000006
v -0.49775615999999995 -0.62635296 3.835305738002351e-17
v -0.48954528 -0.6663408 0.43980192000000007
v -0.49760543999999995 -0.6618998399999999 0.46491648
v -0.5080262400000001 -0.6561590399999999 0.49016255999999997
v -0.50627808 -0.61275456 3.752039552834724e-17
v -0.49775615999999995 -0.62635296 3.835305738002351e-17
v -0.49760543999999995 -0.6618998399999999 0.46491648
v -0.48954528 -0.6663408 0.43980192000000007
v -0.46609823999999994 -0.67613088 0.4809100799999999
v -0.46038432 -0.67657824 0.567456
v -0.46685087999999997 -0.6699408 0.5698166399999999
v -0.47824704 -0.6636624 0.48534624000000004
v -0.46609823999999994 -0.67613088 0.4809100799999999
v -0.49760543999999995 -0.6618998399999999 0.46491648
v -0.48954528 -0.6663408 0.43980192000000007
v -0.48954528 -0.6663408 0.43980192000000007
v -0.46609823999999994 -0.67613088 0.4809100799999999
v -0.48185472 -0.6527721599999999 0.43980192000000007
v -0.48954528 -0.6663408 0.43980192000000007
v -0.49775615999999995 -0.62635296 3.835305738002351e-17
v -0.49006559999999993 -0.61278432 3.752221780278437e-17
v -0.48185472 -0.6527721599999999 0.43980192000000007
v -0.06520224 -1.0696963199999998 0.5383536000000001
v -0.06324384 -0.34563071999999995 0.6803328
v -0.07046591999999999 -0.3457555199999999 0.6718607999999999
v -0.07242431999999999 -1.06982112 0.5267472000000001
v -0.06520224 -1.0696963199999998 0.5383536000000001
v -0.06520224 -1.0696963199999998 0.51513984
v -0.06324384 -0.34563071999999995 0.6633897599999999
v -0.056020799999999996 -0.3455068799999999 0.6718607999999999
v -0.057979199999999995 -1.06957248 0.5267472000000001
v -0.06520224 -1.0696963199999998 0.51513984
v -0.06324384 -0.34563071999999995 0.6803328
v -0.06520224 -1.0696963199999998 0.5383536000000001
v -0.056020799999999996 -0.3455068799999999 0.6718607999999999
v -0.63427008 -0.66481824 0.62973024
v -0.66248544 -0.35774783999999993 0.67400352
v -0.66970752 -0.35787263999999996 0.66553152
v -0.64149216 -0.66494208 0.6212591999999999
v -0.63427008 -0.66481824 0.62973024
v -0.62353248 -0.80079264 0.61156512
v -0.63427008 -0.66481824 0.62973024
v -0.63075456 -0.8009174399999999 0.6030931199999999
v -0.62353248 -0.80079264 0.61156512
v -0.5980704 -1.05186432 0.56341344
v -0.59084832 -1.05111072 0.5718528
v -0.59084832 -1.05111072 0.5718528
v -0.62353248 -0.80079264 0.61156512
v -0.6270479999999999 -0.66469344 0.6212591999999999
v -0.65526336 -0.35762399999999994 0.66553152
v -0.66248544 -0.35774783999999993 0.67400352
v -0.63427008 -0.66481824 0.62973024
v -0.6270479999999999 -0.66469344 0.6212591999999999
v -0.61630944 -0.80066784 0.6030931199999999
v -0.6270479999999999 -0.66469344 0.6212591999999999
v -0.62353248 -0.80079264 0.61156512
v -0.61630944 -0.80066784 0.6030931199999999
v -0.59084832 -1.05111072 0.5718528
v -0.58362528 -1.05161568 0.5633952000000001
v -0.58362528 -1.05161568 0.5633952000000001
v -0.61630944 -0.80066784 0.6030931199999999
v -0.63427008 -0.66481824 0.6127872
v -0.66248544 -0.35774783999999993 0.6570595199999999
v -0.65526336 -0.35762399999999994 0.66553152
v -0.6270479999999999 -0.66469344 0.6212591999999999
v -0.63427008 -0.66481824 0.6127872
v -0.62353248 -0.80079264 0.59462112
v -0.63427008 -0.66481824 0.6127872
v -0.61630944 -0.80066784 0.6030931199999999
v -0.62353248 -0.80079264 0.59462112
v -0.58362528 -1.05161568 0.5633952000000001
v -0.59084832 -1.05236928 0.5549558400000001
v -0.59084832 -1.05236928 0.5549558400000001
v -0.62353248 -0.80079264 0.59462112
v -0.03066144 -0.4617100799999999 0.73944864
v -0.02701248 -0.45007583999999995 0.77781792
v -0.04500672 -0.4336319999999999 0.78205056
v -0.04500672 -0.4336319999999999 0.78205056
v -0.060122880000000004 -0.4356998399999999 0.73953216
v -0.02749632 -0.38525664 0.8273808
v -0.06324671999999999 -0.43506623999999994 0.83689344
v -0.037984319999999995 -0.43194527999999993 0.87454848
v -0.04500672 -0.4336319999999999 0.78205056
v -0.02749632 -0.38525664 0.8273808
v -0.02749632 -0.38525664 0.8273808
v -0.03074688 -0.41376479999999993 0.7782566399999999
v -0.060122880000000004 -0.4356998399999999 0.73953216
v -0.036605759999999994 -0.40392767999999996 0.7401456
v -0.015144959999999997 -0.45281567999999994 0.8691763199999999
v -0.037984319999999995 -0.43194527999999993 0.87454848
v -0.06324671999999999 -0.43506623999999994 0.83689344
v -0.06324671999999999 -0.43506623999999994 0.83689344
v -0.01813152 -0.4762915199999999 0.8262816
v -0.59434848 -1.03977024 0.4869945600000001
v -0.5907456 -1.04273376 6.384902807734422e-17
v -0.57670656 -1.04961792 6.427056130278514e-17
v -0.58213536 -1.04684256 0.49650432000000005
v -0.59434848 -1.03977024 0.4869945600000001
v -0.59122272 -1.04779296 0.5368128000000001
v -0.59434848 -1.03977024 0.4869945600000001
v -0.59434848 -1.03977024 0.4869945600000001
v -0.6055363199999999 -1.0462569599999998 0.5772768000000001
v -0.61446336 -1.04187648 0.5761468800000001
v -0.59434848 -1.03977024 0.4869945600000001
v -0.6092131199999999 -1.0411776 0.6253065600000001
v -0.61446336 -1.04187648 0.5761468800000001
v -0.58213536 -1.04684256 0.49650432000000005
v -0.57670656 -1.04961792 6.427056130278514e-17
v -0.57801024 -1.03279968 6.324074111362053e-17
v -0.57801024 -1.03279968 6.324074111362053e-17
v -0.58344 -1.0300272 0.49655232000000005
v -0.5788684799999999 -1.0376131199999998 0.67892352
v -0.5598844799999999 -1.0301884799999999 0.5630092800000001
v -0.5757984 -1.03198656 0.5699452800000001
v -0.5925263999999999 -1.0309776 0.5368617600000001
v -0.5598844799999999 -1.0301884799999999 0.5630092800000001
v -0.5598844799999999 -1.0301884799999999 0.5630092800000001
v -0.58344 -1.0300272 0.49655232000000005
v -0.0923472 -1.0526668799999999 0.61072992
v -0.09072384 -1.05754944 0.5412182400000001
v -0.07472928 -1.051944 0.54798336
v -0.05728896 -1.04878656 0.5168275200000001
v -0.09072384 -1.05754944 0.5412182400000001
v -0.09072384 -1.05754944 0.5412182400000001
v -0.06609312 -1.051872 0.47852448000000003
v -0.06609312 -1.051872 0.47852448000000003
v -0.06890976 -1.0360483200000001 0.47852448000000003
v -0.06890976 -1.0360483200000001 6.343966294249963e-17
v -0.06609312 -1.051872 6.440858389563623e-17
v -0.06609312 -1.051872 0.47852448000000003
v -0.09127295999999999 -0.4372195199999999 0.71414016
v -0.10033631999999999 -0.43837439999999994 0.6727257600000001
v -0.08294976 -0.4466236799999999 0.6727257600000001
v -0.08294976 -0.4466236799999999 0.6727257600000001
v -0.0735696 -0.4349663999999999 0.59533824
v -0.062088 -0.39863711999999996 2.4409483651465966e-17
v -0.0583296 -0.4434902399999999 0.6033696
v -0.0690672 -0.44485631999999997 0.6379584
v -0.08294976 -0.4466236799999999 0.6727257600000001
v -0.07947456 -0.39038688 2.3904302151056093e-17
v -0.062088 -0.39863711999999996 2.4409483651465966e-17
v -0.0690672 -0.44485631999999997 0.6379584
v -0.0583296 -0.4434902399999999 0.6033696
v -0.02921184 -0.4361078399999999 0.65998464
v -0.02342976 -0.43219775999999993 0.7791744
v -0.034128 -0.4299465599999999 0.7824259199999999
v -0.049309439999999996 -0.43187903999999994 0.66609312
v -0.02921184 -0.4361078399999999 0.65998464
v -0.0690672 -0.44485631999999997 0.6379584
v -0.0583296 -0.4434902399999999 0.6033696
v -0.0583296 -0.4434902399999999 0.6033696
v -0.02921184 -0.4361078399999999 0.65998464
v -0.0601488 -0.42279552 0.6033696
v -0.0583296 -0.4434902399999999 0.6033696
v -0.062088 -0.39863711999999996 2.4409483651465966e-17
v -0.06390816 -0.37794239999999996 2.314229752110343e-17
v -0.0601488 -0.42279552 0.6033696
v -0.98305248 0.5418816 0.44348639999999995
v -0.8326675199999999 0.3822038400000001 0.49568544
v -0.82842624 0.3866611200000001 0.48953472000000003
v -0.9788121599999999 0.5463379199999999 0.4373347199999999
v -0.98305248 0.5418816 0.44348639999999995
v -1.1668560000000001 0.7465439999999999 0.38258207999999994
v -0.98305248 0.5418816 0.44348639999999995
v -1.1626156799999998 0.7510003199999999 0.3741542399999999
v -1.1668560000000001 0.7465439999999999 0.38258207999999994
v -0.98729376 0.53742432 0.4373347199999999
v -0.83690784 0.37774752 0.48953472000000003
v -0.8326675199999999 0.3822038400000001 0.49568544
v -0.98305248 0.5418816 0.44348639999999995
v -0.98729376 0.53742432 0.4373347199999999
v -1.17109728 0.74208768 0.3741542399999999
v -0.98729376 0.53742432 0.4373347199999999
v -1.1668560000000001 0.7465439999999999 0.38258207999999994
v -0.98729376 0.53742432 0.4373347199999999
v -1.1668560000000001 0.7465439999999999 0.36572639999999995
v -1.1668560000000001 0.7465439999999999 0.36572639999999995
v -0.98305248 0.5418816 0.4311839999999999
v -0.83690784 0.37774752 0.48953472000000003
v -0.98305248 0.5418816 0.4311839999999999
v -0.98305248 0.5418816 0.4311839999999999
v -0.8326675199999999 0.3822038400000001 0.48338303999999993
v -0.7421903999999999 0.96188352 0.4457519999999999
v -0.48177216 0.7529126399999999 0.49108992
v -0.47753184 0.75736992 0.48493824
v -0.73795008 0.9663398400000001 0.43960031999999993
v -0.7421903999999999 0.96188352 0.4457519999999999
v -0.8838124799999999 1.0848624 0.4098959999999999
v -0.8880537599999999 1.08040608 0.4160467199999999
v -0.8880537599999999 1.08040608 0.4160467199999999
v -0.7421903999999999 0.96188352 0.4457519999999999
v -0.74643168 0.9574262399999999 0.43960031999999993
v -0.48601344 0.74845632 0.48493824
v -0.48177216 0.7529126399999999 0.49108992
v -0.7421903999999999 0.96188352 0.4457519999999999
v -0.74643168 0.9574262399999999 0.43960031999999993
v -0.8880537599999999 1.08040608 0.4160467199999999
v -0.89229504 1.0759488000000001 0.4098959999999999
v -0.89229504 1.0759488000000001 0.4098959999999999
v -0.74643168 0.9574262399999999 0.43960031999999993
v -0.7421903999999999 0.96188352 0.43344959999999993
v -0.48177216 0.7529126399999999 0.4787865599999999
v -0.48601344 0.74845632 0.48493824
v -0.74643168 0.9574262399999999 0.43960031999999993
v -0.7421903999999999 0.96188352 0.43344959999999993
v -0.89229504 1.0759488000000001 0.4098959999999999
v -0.8880537599999999 1.08040608 0.40374431999999993
v -0.8880537599999999 1.08040608 0.40374431999999993
v -0.7421903999999999 0.96188352 0.43344959999999993
v -0.9142425599999999 0.4233504 0.53861088
v -0.9101904 0.41502144 0.5664710399999999
v -0.8906553599999999 0.41732832000000003 0.5695439999999999
v -0.8906553599999999 0.41732832000000003 0.5695439999999999
v -0.88274688 0.42760416000000007 0.5386704
v -0.8752003199999999 0.3812774400000001 0.60245856
v -0.8805456 0.42917088000000003 0.60936576
v -0.89394048 0.41217216000000007 0.63670848
v -0.8906553599999999 0.41732832000000003 0.5695439999999999
v -0.8752003199999999 0.3812774400000001 0.60245856
v -0.8752003199999999 0.3812774400000001 0.60245856
v -0.8885232 0.39822528000000007 0.5667888
v -0.88274688 0.42760416000000007 0.5386704
v -0.8797632 0.39662112000000005 0.5391168
v -0.9187353599999999 0.40924512 0.63280704
v -0.89394048 0.41217216000000007 0.63670848
v -0.8805456 0.42917088000000003 0.60936576
v -0.8805456 0.42917088000000003 0.60936576
v -0.92952192 0.4233888 0.6016608
v -0.87653856 1.07328576 0.35521151999999995
v -0.8607648 1.0535164799999999 -6.450927925404933e-17
v -0.87281952 1.04859072 -6.420766344318092e-17
v -0.8879750399999999 1.0699353600000001 0.36171647999999995
v -0.87653856 1.07328576 0.35521151999999995
v -0.88466592 1.07752992 0.3908534399999999
v -0.87653856 1.07328576 0.35521151999999995
v -0.87653856 1.07328576 0.35521151999999995
v -0.8769187199999999 1.0870060799999999 0.42023615999999997
v -0.86921088 1.0900953599999998 0.4196543999999999
v -0.87653856 1.07328576 0.35521151999999995
v -0.87392352 1.0884547199999999 0.4552886399999999
v -0.86921088 1.0900953599999998 0.4196543999999999
v -0.8879750399999999 1.0699353600000001 0.36171647999999995
v -0.87281952 1.04859072 -6.420766344318092e-17
v -0.86306496 1.04057856 -6.37170601382681e-17
v -0.86306496 1.04057856 -6.37170601382681e-17
v -0.87822144 1.0619232 0.36265823999999997
v -0.8879875199999999 0.43060416 0.43980192
v -0.87725856 0.42676128 0.29557439999999996
v -0.86509344 0.417 0.29557439999999996
v -0.86509344 0.417 0.29557439999999996
v -0.84720096 0.43231583999999995 -2.6471710483834964e-17
v -0.8350367999999999 0.42255551999999996 -2.5874063251502268e-17
v -0.86509344 0.417 0.29557439999999996
v -0.89224896 1.07022912 0.49430591999999984
v -0.8949984 1.0502783999999998 0.41077151999999995
v -0.8867423999999999 1.06116576 0.41569727999999995
v -0.8749132799999999 1.06951872 0.3917951999999999
v -0.8949984 1.0502783999999998 0.41077151999999995
v -0.8949984 1.0502783999999998 0.41077151999999995
v -0.87822144 1.0619232 0.36265823999999997
v -1.14154944 0.75410592 0.4351353599999999
v -1.14513216 0.7556832 0.3846623999999999
v -1.15166976 0.7430150400000001 0.38957471999999993
v -1.16038176 0.730752 0.36695135999999995
v -1.14513216 0.7556832 0.3846623999999999
v -1.14513216 0.7556832 0.3846623999999999
v -1.15678176 0.73772544 0.3391401599999999
v -1.15678176 0.73772544 0.3391401599999999
v -1.1466307199999999 0.73112928 0.3391401599999999
v -1.1466316799999998 0.73112928 -4.4768756625745444e-17
v -1.15678176 0.7377263999999999 -4.517271372032499e-17
v -1.15678176 0.73772544 0.3391401599999999
v -0.86498304 0.44734176000000003 0.5202336
v -0.86019552 0.45345888000000006 0.49016255999999997
v -0.87498144 0.44721984000000004 0.49016255999999997
v -0.87498144 0.44721984000000004 0.49016255999999997
v -0.8743353599999999 0.43539456 0.43396991999999995
v -0.8823148799999999 0.4378512 0.4649164799999999
v -0.87498144 0.44721984000000004 0.49016255999999997
v -0.87725856 0.42676128 0.29557439999999996
v -0.8879875199999999 0.43060416 0.43980192
v -0.8823148799999999 0.4378512 0.4649164799999999
v -0.8630831999999999 0.43221888 0.29193215999999994
v -0.87725856 0.42676128 0.29557439999999996
v -0.8324159999999999 0.43855392 -2.6853682719076214e-17
v -0.84720096 0.43231583999999995 -2.6471710483834964e-17
v -0.84720096 0.43231583999999995 -2.6471710483834964e-17
v -0.87725856 0.42676128 0.29557439999999996
v -0.90140064 0.40902336000000006 0.4809100799999999
v -0.9027561599999999 0.40345536 0.567456
v -0.89517024 0.4087776000000001 0.5698166399999999
v -0.88715136 0.41902272 0.48534624000000004
v -0.90140064 0.40902336000000006 0.4809100799999999
v -0.8823148799999999 0.4378512 0.4649164799999999
v -0.8879875199999999 0.43060416 0.43980192
v -0.8879875199999999 0.43060416 0.43980192
v -0.90140064 0.40902336000000006 0.4809100799999999
v 0.77165856 1.1684102399999998 0.47442623999999994
v 0.76384608 1.15192224 0.48011807999999984
v 0.70037088 1.16126784 0.5095065599999998
v 0.72074976 1.14027456 0.52968288
v 0.70037088 1.16126784 0.5095065599999998
v 0.7685049599999999 1.1952864 0.4151251199999999
v 0.77165856 1.1684102399999998 0.47442623999999994
v 0.7373164799999999 1.14395808 0.5287823999999999
v 0.76384608 1.15192224 0.48011807999999984
v 0.75559776 1.21372128 0.4151251199999999
v 0.7685049599999999 1.1952864 0.4151251199999999
v 0.7685049599999999 1.1952864 0.4151251199999999
v 0.70037088 1.16126784 0.5095065599999998
v 0.7685049599999999 1.1952864 0.4151251199999999
v 0.76058592 1.2034780799999998 0.47409791999999995
v 0.76384608 1.15192224 0.48011807999999984
v 0.7468598399999999 1.16166144 0.5318649599999999
v 0.76384608 1.15192224 0.48011807999999984
v 0.7660224 1.19340864 0.5137977599999999
v 0.76384608 1.15192224 0.48011807999999984
v 0.77165856 1.1684102399999998 0.47442623999999994
v 0.7297632 1.18188576 0.5333443199999999
v 0.75299136 1.2120192 0.5137977599999999
v 0.7660224 1.19340864 0.5137977599999999
v 0.71659968 1.20487872 0.5318649599999999
v 0.7082303999999999 1.22187072 0.47523071999999994
v 0.69669984 1.2019651199999999 0.5287823999999999
v 0.7082303999999999 1.22187072 0.47523071999999994
v 0.7082303999999999 1.22187072 0.47523071999999994
v 0.68757216 1.18765824 0.52968288
v 0.70037088 1.16126784 0.5095065599999998
v 0.73142016 1.2258768 0.47442623999999994
v 0.70037088 1.16126784 0.5095065599999998
v 0.75559776 1.21372128 0.4151251199999999
v 0.73142016 1.2258768 0.47442623999999994
v 0.7082303999999999 1.22187072 0.47523071999999994
v 0.76058592 1.2034780799999998 0.47409791999999995
v 0.75559776 1.21372128 0.4151251199999999
v 0.73142016 1.2258768 0.47442623999999994
v 0.77165856 1.1684102399999998 0.47442623999999994
v 0.77165856 1.1684102399999998 0.47442623999999994
v 0.7685049599999999 1.1952864 0.4151251199999999
v 0.7685049599999999 1.1952864 0.4151251199999999
v 0.75559776 1.21372128 0.4151251199999999
v -0.9698111999999999 -0.30574656 0.03945024000000002
v -1.00462368 -0.30266496 0.05244768000000002
v -1.01673216 -0.29549855999999997 0.00013632000000001807
v -0.9761903999999999 -0.32219711999999995 0.00013632000000001973
v -0.9698111999999999 -0.30574656 0.03945024000000002
v 0.27930815999999997 1.2360864 0.053241599999999924
v 0.30852192 1.28508 0.05752799999999992
v 0.3093552 1.2902966399999998 -7.900788250632923e-17
v 0.27172224 1.22727648 -7.514901064504153e-17
v 0.27930815999999997 1.2360864 0.053241599999999924
v 0.3318672 1.22921088 0.04038047999999993
v 0.27930815999999997 1.2360864 0.053241599999999924
v 0.32331744 1.21755936 -7.455400864979498e-17
v 0.3318672 1.22921088 0.04038047999999993
v 0.32331744 1.21755936 -7.455400864979498e-17
v 0.3547104 1.2562963200000001 -7.692596335342996e-17
v 0.33854112 1.2644812799999998 0.04038047999999992
v 0.33854112 1.2644812799999998 0.04038047999999992
v 0.3318672 1.22921088 0.04038047999999993
v 0.30852192 1.28508 0.05752799999999992
v 0.3547104 1.2562963200000001 -7.692596335342996e-17
v 0.3318672 1.22921088 0.04038047999999993
v 0.27930815999999997 1.2360864 0.053241599999999924
v -0.07414944 -0.24797183999999997 0.04808736000000001
v 0.02514912 -0.28435296 0.048087360000000016
v 0.14322143999999998 -0.044244479999999996 0.048087359999999996
v 0.14322143999999998 -0.044244479999999996 0.048087359999999996
v 0.03898848 -0.010496639999999996 0.048087359999999996
v 0.18240768000000002 0.28055327999999996 0.048087359999999975
v 0.26483616 0.2400528 0.04808735999999998
v -0.80276928 -0.39976992 0.2333088
v -0.80059584 -0.39200063999999996 0.24285215999999998
v -0.9454617599999999 -0.35430143999999997 0.243912
v -0.9454617599999999 -0.35430143999999997 0.243912
v -0.94298208 -0.3609456 0.23407488
v -0.8014742399999999 -0.39429408 0.22291968
v -0.9454617599999999 -0.35430143999999997 0.22423776000000004
v -1.10383488 -0.5104799999999999 0.23626944000000002
v -0.9454617599999999 -0.35430143999999997 0.243912
v -1.11255936 -0.5059344 0.22643232000000002
v -0.9454617599999999 -0.35430143999999997 0.243912
v -1.11255936 -0.5059344 0.24610656000000006
v -0.9656937599999998 -0.33854687999999994 0.54168768
v -0.96490272 -0.3423657599999999 0.5063414399999999
v -0.96180864 -0.33673343999999994 0.5063414399999999
v -0.9485750399999999 -0.33927648 0.43000511999999996
v -0.96180864 -0.33673343999999994 0.5063414399999999
v -0.9544550399999999 -0.34997664 0.43000511999999996
v -0.9485750399999999 -0.33927648 0.43000511999999996
v -1.1689833600000001 -0.9234537599999999 0.45528864
v -1.16707392 -0.9261782399999999 0.4202361600000001
v -1.16303232 -0.91923456 0.42083616000000007
v -1.1501328 -0.9214031999999999 0.3917952
v -1.16303232 -0.91923456 0.42083616000000007
v -1.15648128 -0.93231168 0.39085344
v -1.1501328 -0.9214031999999999 0.3917952
v -1.1480620799999999 -0.9386304 0.49430592000000007
v -1.1399961600000001 -0.9317452799999999 0.41569728000000006
v -1.1441136 -0.93882048 0.41508672
v -1.1501328 -0.9214031999999999 0.3917952
v -1.15648128 -0.93231168 0.39085344
v -1.15648128 -0.93231168 0.39085344
v -1.1441136 -0.93882048 0.41508672
v -1.1480620799999999 -0.9386304 0.49430592000000007
v -1.1441136 -0.93882048 0.41508672
v -1.13204544 -0.94522944 0.4101600000000001
v -1.15648128 -0.93231168 0.39085344
v -1.14845472 -0.93436416 0.36171648000000006
v -1.14845472 -0.93436416 0.36171648000000006
v -1.13204544 -0.94522944 0.4101600000000001
v -0.8452473599999999 -1.13185344 0.43513536
v -0.83268096 -1.1400700799999999 0.38957472000000004
v -0.8295100799999999 -1.13288736 0.38957472000000004
v -0.8191833599999999 -1.14670944 0.36695136000000006
v -0.8142940799999999 -1.1356339199999999 0.36695136000000006
v -0.8142940799999999 -1.1356339199999999 0.36695136000000006
v -0.8295100799999999 -1.13288736 0.38957472000000004
v -0.8452473599999999 -1.13185344 0.43513536
v -0.8295100799999999 -1.13288736 0.38957472000000004
v -0.8430604799999999 -1.12845888 0.3846624
v -0.8142940799999999 -1.1356339199999999 0.36695136000000006
v -0.8217532799999999 -1.1331964799999998 0.33914016
v -0.8217532799999999 -1.1331964799999998 0.33914016
v -0.8430604799999999 -1.12845888 0.3846624
v -0.8142940799999999 -1.1356339199999999 0.36695136000000006
v -0.81424416 -1.1419872 0.33268128
v -0.8217532799999999 -1.1331964799999998 0.33914016
v -0.81275232 -1.14247392 6.995635146186647e-17
v -0.8217532799999999 -1.1331964799999998 6.938827210185238e-17
v -0.8217532799999999 -1.1331964799999998 6.938827210185238e-17
v -0.8217532799999999 -1.1331964799999998 0.33914016
v -0.5097456 -0.64630848 0.5202336
v -0.5080262400000001 -0.6561590399999999 0.49016255999999997
v -0.50033664 -0.6425904 0.49016255999999997
v -0.48991488 -0.6483312 0.46491648
v -0.50033664 -0.6425904 0.49016255999999997
v -0.49760543999999995 -0.6618998399999999 0.46491648
v -0.48991488 -0.6483312 0.46491648
v -0.46111008 -0.6673296 0.4809100799999999
v -0.48185472 -0.6527721599999999 0.43980192000000007
v -0.48991488 -0.6483312 0.46491648
v -0.47824704 -0.6636624 0.48534624000000004
v -0.46111008 -0.6673296 0.4809100799999999
v -0.49760543999999995 -0.6618998399999999 0.46491648
v -0.45772895999999996 -0.6718924799999999 0.567456
v -0.46111008 -0.6673296 0.4809100799999999
v -0.46685087999999997 -0.6699408 0.5698166399999999
v -0.45772895999999996 -0.6718924799999999 0.567456
v -0.67469952 -0.44211263999999995 0.7436860799999999
v -0.67135392 -0.4456627199999999 0.69500832
v -0.6722035199999999 -0.43714847999999995 0.69500832
v -0.6577900799999999 -0.42973343999999997 0.58987776
v -0.6722035199999999 -0.43714847999999995 0.69500832
v -0.6561782399999999 -0.4459113599999999 0.58987776
v -0.6577900799999999 -0.42973343999999997 0.58987776
v -0.6092131199999999 -1.0411776 0.6253065600000001
v -0.6055363199999999 -1.0462569599999998 0.5772768000000001
v -0.6063667199999999 -1.035552 0.5773075200000001
v -0.5925263999999999 -1.0309776 0.5368617600000001
v -0.6063667199999999 -1.035552 0.5773075200000001
v -0.59122272 -1.04779296 0.5368128000000001
v -0.5925263999999999 -1.0309776 0.5368617600000001
v -0.5788684799999999 -1.0376131199999998 0.67892352
v -0.5757984 -1.03198656 0.5699452800000001
v -0.57495264 -1.04289216 0.5699145600000001
v -0.5925263999999999 -1.0309776 0.5368617600000001
v -0.59122272 -1.04779296 0.5368128000000001
v -0.59122272 -1.04779296 0.5368128000000001
v -0.57495264 -1.04289216 0.5699145600000001
v -0.5788684799999999 -1.0376131199999998 0.67892352
v -0.57495264 -1.04289216 0.5699145600000001
v -0.5590396799999999 -1.0410950399999999 0.5629776000000001
v -0.59122272 -1.04779296 0.5368128000000001
v -0.58213536 -1.04684256 0.49650432000000005
v -0.58213536 -1.04684256 0.49650432000000005
v -0.5590396799999999 -1.0410950399999999 0.5629776000000001
v -0.0923472 -1.0526668799999999 0.61072992
v -0.07472928 -1.051944 0.54798336
v -0.07655616 -1.04168256 0.54798336
v -0.05728896 -1.04878656 0.5168275200000001
v -0.060104639999999994 -1.03296288 0.5168275200000001
v -0.060104639999999994 -1.03296288 0.5168275200000001
v -0.07655616 -1.04168256 0.54798336
v -0.0923472 -1.0526668799999999 0.61072992
v -0.07655616 -1.04168256 0.54798336
v -0.09255072 -1.04728704 0.5412182400000001
v -0.060104639999999994 -1.03296288 0.5168275200000001
v -0.06890976 -1.0360483200000001 0.47852448000000003
v -0.06890976 -1.0360483200000001 0.47852448000000003
v -0.09255072 -1.04728704 0.5412182400000001
v -0.060104639999999994 -1.03296288 0.5168275200000001
v -0.055752 -1.0398432 0.46963104000000006
v -0.06890976 -1.0360483200000001 0.47852448000000003
v -0.053991359999999995 -1.03922592 6.363423482594816e-17
v -0.06890976 -1.0360483200000001 6.343966294249963e-17
v -0.06890976 -1.0360483200000001 6.343966294249963e-17
v -0.06890976 -1.0360483200000001 0.47852448000000003
v -0.09127295999999999 -0.4372195199999999 0.71414016
v -0.08294976 -0.4466236799999999 0.6727257600000001
v -0.08476992 -0.4259299199999999 0.6727257600000001
v -0.07088736 -0.4241615999999999 0.6379584
v -0.08476992 -0.4259299199999999 0.6727257600000001
v -0.0690672 -0.44485631999999997 0.6379584
v -0.07088736 -0.4241615999999999 0.6379584
v -0.030391679999999997 -0.42268416 0.65998464
v -0.0601488 -0.42279552 0.6033696
v -0.07088736 -0.4241615999999999 0.6379584
v -0.049309439999999996 -0.43187903999999994 0.66609312
v -0.030391679999999997 -0.42268416 0.65998464
v -0.0690672 -0.44485631999999997 0.6379584
v -0.0240576 -0.4250515199999999 0.7791744
v -0.030391679999999997 -0.42268416 0.65998464
v -0.034128 -0.4299465599999999 0.7824259199999999
v -0.0240576 -0.4250515199999999 0.7791744
v -0.55553952 0.82875648 0.54168768
v -0.5594351999999999 0.82858656 0.5063414399999999
v -0.55437024 0.8246313599999999 0.5063414399999999
v -0.55899744 0.8119747199999999 0.4300051199999999
v -0.55437024 0.8246313599999999 0.5063414399999999
v -0.5686195199999999 0.8194896 0.4300051199999999
v -0.55899744 0.8119747199999999 0.4300051199999999
v -0.87392352 1.0884547199999999 0.4552886399999999
v -0.8769187199999999 1.0870060799999999 0.42023615999999997
v -0.8707094400000001 1.0819055999999998 0.42083615999999996
v -0.8749132799999999 1.06951872 0.3917951999999999
v -0.8707094400000001 1.0819055999999998 0.42083615999999996
v -0.88466592 1.07752992 0.3908534399999999
v -0.8749132799999999 1.06951872 0.3917951999999999
v -0.89224896 1.07022912 0.49430591999999984
v -0.8867423999999999 1.06116576 0.41569727999999995
v -0.8930688 1.0663622400000001 0.4150867199999999
v -0.8749132799999999 1.06951872 0.3917951999999999
v -0.88466592 1.07752992 0.3908534399999999
v -0.88466592 1.07752992 0.3908534399999999
v -0.8930688 1.0663622400000001 0.4150867199999999
v -0.89224896 1.07022912 0.49430591999999984
v -0.8930688 1.0663622400000001 0.4150867199999999
v -0.90132384 1.05547392 0.41015999999999997
v -0.88466592 1.07752992 0.3908534399999999
v -0.8879750399999999 1.0699353600000001 0.36171647999999995
v -0.8879750399999999 1.0699353600000001 0.36171647999999995
v -0.90132384 1.05547392 0.41015999999999997
v -1.14154944 0.75410592 0.4351353599999999
v -1.15166976 0.7430150400000001 0.38957471999999993
v -1.14508704 0.73873632 0.38957471999999993
v -1.16038176 0.730752 0.36695135999999995
v -1.15023072 0.72415584 0.36695135999999995
v -1.15023072 0.72415584 0.36695135999999995
v -1.14508704 0.73873632 0.38957471999999993
v -1.14154944 0.75410592 0.4351353599999999
v -1.14508704 0.73873632 0.38957471999999993
v -1.13854848 0.7514044799999999 0.3846623999999999
v -1.15023072 0.72415584 0.36695135999999995
v -1.1466307199999999 0.73112928 0.3391401599999999
v -1.1466307199999999 0.73112928 0.3391401599999999
v -1.13854848 0.7514044799999999 0.3846623999999999
v -1.15023072 0.72415584 0.36695135999999995
v -1.15651008 0.7251215999999999 0.3326812799999999
v -1.1466307199999999 0.73112928 0.3391401599999999
v -1.15722912 0.72372768 -4.431553933831699e-17
v -1.1466316799999998 0.73112928 -4.4768756625745444e-17
v -1.1466316799999998 0.73112928 -4.4768756625745444e-17
v -1.1466307199999999 0.73112928 0.3391401599999999
v -0.86498304 0.44734176000000003 0.5202336
v -0.87498144 0.44721984000000004 0.49016255999999997
v -0.86281728 0.43745952000000005 0.49016255999999997
v -0.8701507199999999 0.42808992000000007 0.46491647999999997
v -0.86281728 0.43745952000000005 0.49016255999999997
v -0.8823148799999999 0.4378512 0.4649164799999999
v -0.8701507199999999 0.42808992000000007 0.46491647999999997
v -0.8935103999999999 0.40269312000000007 0.4809100799999999
v -0.8758233599999999 0.4208438400000001 0.43980192
v -0.8701507199999999 0.42808992000000007 0.46491647999999997
v -0.88715136 0.41902272 0.48534624000000004
v -0.8935103999999999 0.40269312000000007 0.4809100799999999
v -0.8823148799999999 0.4378512 0.4649164799999999
v -0.8985552 0.4000848 0.567456
v -0.8935103999999999 0.40269312000000007 0.4809100799999999
v -0.89517024 0.4087776000000001 0.5698166399999999
v -0.8985552 0.4000848 0.567456
v -1.00462368 -0.30266496 0.05244768000000002
v -1.0030051199999999 -0.2510832 0.03420288000000001
v -1.0122681599999999 -0.24458016000000002 0.00013632000000001498
v -1.01673216 -0.29549855999999997 0.00013632000000001807
v -1.00462368 -0.30266496 0.05244768000000002
v -0.9476015999999999 -0.27499296 0.00013632000000001683
v -1.0030051199999999 -0.2510832 0.03420288000000001
v -0.9527347199999999 -0.27468672 0.038376000000000014
v -1.00462368 -0.30266496 0.05244768000000002
v -0.9698111999999999 -0.30574656 0.03945024000000002
v -0.9761903999999999 -0.32219711999999995 0.00013632000000001973
v -0.9761903999999999 -0.32219711999999995 0.00013632000000001973
v -0.9476015999999999 -0.27499296 0.00013632000000001683
v 0.6717312 -1.3457424 0.14361120000000008
v 0.66761088 -1.28193792 0.20902752000000008
v 0.6166512000000001 -1.23923904 0.1872556800000001
v 0.60804768 -1.3201430399999998 0.09996672000000008
v 0.6717312 -1.3457424 0.14361120000000008
v 0.61788672 -1.26222816 0.09996672000000008
v 0.602928 -1.25525376 7.6862124965084e-17
v 0.6077078399999999 -1.307496 8.006103956489838e-17
v 0.66793152 -1.3689023999999999 8.382109712525648e-17
v 0.6717312 -1.3457424 0.14361120000000008
v 0.6717312 -1.3457424 0.14361120000000008
v 0.7796467199999999 -1.32730752 8.127414529261057e-17
v 0.6932390399999999 -1.23064032 0.1872556800000001
v 0.66761088 -1.28193792 0.20902752000000008
v 0.7405344 -1.2569184 0.09996672000000008
v 0.7846127999999999 -1.21755936 7.455400864979498e-17
v 0.72566592 -1.1783568 7.21535441686759e-17
v -1.1380896 -0.91331136 0.23718048000000005
v -1.1474688 -0.9162777599999999 0.22734336000000005
v -1.18605888 -0.7103510399999999 0.22714272000000005
v -1.17700608 -0.7111401599999999 0.23697984000000002
v -1.1380896 -0.91331136 0.23718048000000005
v -1.10383488 -0.5104799999999999 0.23626944000000002
v -1.11255936 -0.5059344 0.22643232000000002
v 0.7272288 1.1228256 0.5798121599999999
v 0.72130176 1.1263919999999998 0.5682403199999999
v 0.68051136 1.07884224 0.5565119999999999
v 0.7297632 1.18188576 0.5333443199999999
v 0.7272288 1.1228256 0.5798121599999999
v 0.72074976 1.14027456 0.52968288
v 0.72021792 1.1148892799999999 0.5549337599999998
v 0.68051136 1.07884224 0.5565119999999999
v -0.81339648 -0.3993504 0.27897696
v -0.79579104 -0.36574176 2.239522378492597e-17
v -0.78592608 -0.37633535999999995 2.3043894701498342e-17
v -0.8038799999999999 -0.40892352 0.27561312
v -1.1468131199999998 -0.9215923199999999 0.28418400000000005
v -1.1314127999999999 -0.8974895999999999 5.4955388295401914e-17
v -1.13613312 -0.88380576 5.411749475259969e-17
v -1.15032288 -0.9085574399999999 0.28081920000000005
v -1.1788982399999999 -0.71843232 0.32570208000000006
v -1.1969193599999999 -0.72191328 4.4204439380698347e-17
v -1.19513856 -0.70754784 4.332480987498118e-17
v -1.17631392 -0.7051824 0.32233728000000006
v -1.10795712 -0.50614752 0.28393824000000006
v -1.1169263999999999 -0.51276 3.139749463653984e-17
v -1.12047552 -0.49872672 3.053820406486292e-17
v -1.1116924799999999 -0.49317599999999995 0.28057344000000006
v -0.17143967999999998 -0.841584 5.153215759068131e-17
v -0.17152992 -0.84692832 0.2903568
v -0.17045471999999998 -0.82986432 0.2903568
v -0.17036448 -0.82451904 5.048723015860243e-17
v -0.15437472 -0.84265824 5.159793581955711e-17
v -0.15446495999999998 -0.84800256 0.2903568
v -0.17152992 -0.84692832 0.2903568
v -0.17143967999999998 -0.841584 5.153215759068131e-17
v -0.15330048 -0.82559424 5.055306717052459e-17
v -0.15339072 -0.83093856 0.2903568
v -0.15446495999999998 -0.84800256 0.2903568
v -0.15437472 -0.84265824 5.159793581955711e-17
v -0.17036448 -0.82451904 5.048723015860243e-17
v -0.17045471999999998 -0.82986432 0.2903568
v -0.15339072 -0.83093856 0.2903568
v -0.15330048 -0.82559424 5.055306717052459e-17
v -0.11338368 -0.3776112 2.312201737010955e-17
v -0.09932255999999999 -0.37958304 0.29035679999999997
v -0.09824832 -0.36251904 0.29035679999999997
v -0.11230944 -0.36054623999999996 2.2077089938030668e-17
v -0.09631872 -0.37868544 2.3187795598985352e-17
v -0.08225856 -0.38065728 0.29035679999999997
v -0.09932255999999999 -0.37958304 0.29035679999999997
v -0.11338368 -0.3776112 2.312201737010955e-17
v -0.09524447999999999 -0.36162143999999996 2.214292694995283e-17
v -0.08118432 -0.36359327999999996 0.29035679999999997
v -0.08225856 -0.38065728 0.29035679999999997
v -0.09631872 -0.37868544 2.3187795598985352e-17
v -0.11230944 -0.36054623999999996 2.2077089938030668e-17
v -0.09824832 -0.36251904 0.29035679999999997
v -0.08118432 -0.36359327999999996 0.29035679999999997
v -0.09524447999999999 -0.36162143999999996 2.214292694995283e-17
v -0.7911695999999999 -1.02073248 6.250183822088699e-17
v -0.790824 -1.01995584 0.049499520000000054
v -0.78562272 -1.03352544 0.049620480000000064
v -0.7860921599999999 -1.03332864 6.327313057216438e-17
v -1.03862976 -0.90640992 5.550160036217042e-17
v -1.0381593599999999 -0.9066076799999999 0.04962048000000005
v -1.0518950399999998 -0.91223424 0.03623232000000005
v -1.0515504 -0.9114576 5.581068161992643e-17
v -1.04370624 -0.89381376 5.4730308010893024e-17
v -1.0433616 -0.89303808 0.04949952000000005
v -1.0381593599999999 -0.9066076799999999 0.04962048000000005
v -1.03862976 -0.90640992 5.550160036217042e-17
v -0.7572931199999999 -1.02829632 0.054150720000000055
v -1.08539424 -0.86968608 0.05415072000000005
v -1.0901452799999998 -0.88037376 0.06474432000000005
v -0.7620451199999999 -1.03898496 0.06474432000000006
v -0.13549728 -0.88612416 5.4259455809556855e-17
v -0.13563167999999998 -0.8852851199999999 0.04949952000000005
v -0.12387072 -0.89382144 0.04962048000000005
v -0.1243728 -0.8939126399999999 5.473636266466801e-17
v -0.48024576 -0.9349488 5.724910276433295e-17
v -0.47974367999999995 -0.9348576 0.04962048000000006
v -0.48818784 -0.94706496 0.036232320000000054
v -0.48832127999999997 -0.94622688 5.793968599295933e-17
v -0.49137023999999996 -0.9271593599999999 5.677213712617543e-17
v -0.49150464 -0.92632128 0.049499520000000054
v -0.47974367999999995 -0.9348576 0.04962048000000006
v -0.48024576 -0.9349488 5.724910276433295e-17
v -0.10297824 -0.87398784 0.05415072000000005
v -0.53947104 -0.9296736 0.054150720000000055
v -0.537624 -0.94122336 0.06474432000000005
v -0.10113119999999999 -0.8855375999999999 0.06474432000000005
v -0.8228496 0.35321855999999996 -2.1628398945171862e-17
v -0.81249888 0.33960863999999996 -2.0795031696939288e-17
v -0.84904512 0.35168927999999994 0.29035679999999997
v -0.85939584 0.36529824 0.29035679999999997
v -0.8092396799999999 0.36356928 -2.2262197751015388e-17
v -0.8228496 0.35321855999999996 -2.1628398945171862e-17
v -0.85939584 0.36529824 0.29035679999999997
v -0.84578688 0.37564896 0.29035679999999997
v -0.79888896 0.34995936 -2.1428830502782814e-17
v -0.8092396799999999 0.36356928 -2.2262197751015388e-17
v -0.84578688 0.37564896 0.29035679999999997
v -0.83543616 0.36204 0.29035679999999997
v -0.81249888 0.33960863999999996 -2.0795031696939288e-17
v -0.79888896 0.34995936 -2.1428830502782814e-17
v -0.83543616 0.36204 0.29035679999999997
v -0.84904512 0.35168927999999994 0.29035679999999997
v -0.49520063999999997 0.78895968 -4.8309847338416e-17
v -0.50387808 0.7777228799999999 0.2903567999999999
v -0.48958751999999994 0.768336 0.2903567999999999
v -0.48090912 0.7795728 -4.773506671111698e-17
v -0.50458752 0.77466816 -4.7434744127268485e-17
v -0.51326496 0.76343136 0.2903567999999999
v -0.50387808 0.7777228799999999 0.2903567999999999
v -0.49520063999999997 0.78895968 -4.8309847338416e-17
v -0.49029599999999995 0.76528128 -4.685996349996947e-17
v -0.49897440000000004 0.7540454400000001 0.2903567999999999
v -0.51326496 0.76343136 0.2903567999999999
v -0.50458752 0.77466816 -4.7434744127268485e-17
v -0.48090912 0.7795728 -4.773506671111698e-17
v -0.48958751999999994 0.768336 0.2903567999999999
v -0.49897440000000004 0.7540454400000001 0.2903567999999999
v -0.49029599999999995 0.76528128 -4.685996349996947e-17
v -1.0233743999999998 0.69112992 -4.2319502216148316e-17
v -1.02273408 0.6905711999999999 0.04949951999999996
v -1.03723392 0.68959296 0.04962047999999995
v -1.03690656 0.6899836799999999 -4.224931525879558e-17
v -0.83300928 0.909744 -5.570575388217548e-17
v -0.8333356799999999 0.90935232 0.049620479999999946
v -0.8346729599999999 0.92413632 0.03623231999999994
v -0.83403264 0.92357856 -5.655287636325608e-17
v -0.81947712 0.91089024 -5.577594083952822e-17
v -0.8188368 0.9103324799999999 0.04949951999999994
v -0.8333356799999999 0.90935232 0.049620479999999946
v -0.83300928 0.909744 -5.570575388217548e-17
v -1.04057088 0.6609792 0.05415071999999996
v -0.784152 0.94363392 0.05415071999999994
v -0.7929695999999999 0.95131968 0.06474431999999995
v -1.04938752 0.66866496 0.06474431999999997
v -1.07736576 0.1466304 -8.978522500884801e-18
v -1.04725056 0.17661216000000002 0.27587039999999996
v -1.05634752 0.18767904000000002 0.27587039999999996
v -1.08646176 0.15769728 -9.656173459312195e-18
v -1.06629792 0.1557264 -9.535491865137018e-18
v -1.03618368 0.18570816000000004 0.27587039999999996
v -1.04725056 0.17661216000000002 0.27587039999999996
v -1.07736576 0.1466304 -8.978522500884801e-18
v -1.0753939199999998 0.16679424 -1.0213201606610772e-17
v -1.04527968 0.196776 0.27587039999999996
v -1.03618368 0.18570816000000004 0.27587039999999996
v -1.06629792 0.1557264 -9.535491865137018e-18
v -1.08646176 0.15769728 -9.656173459312195e-18
v -1.05634752 0.18767904000000002 0.27587039999999996
v -1.04527968 0.196776 0.27587039999999996
v -1.0753939199999998 0.16679424 -1.0213201606610772e-17
v -1.0520687999999998 0.18033312 0.24987359999999997
v -1.26597024 0.34789152 0.29248704
v -1.25960256 0.35312544 0.28424448
v -1.04570112 0.18556704000000002 0.24163104
v -0.34696224 0.9763507199999999 -5.978423920466068e-17
v -0.30500448 0.99111936 0.2823177599999999
v -0.30988224000000003 1.00458912 0.2823177599999999
v -0.35184 0.9898214399999999 -6.06090829111712e-17
v -0.33349248 0.98122848 -6.008291586321113e-17
v -0.29153567999999996 0.9959971199999998 0.2823177599999999
v -0.30500448 0.99111936 0.2823177599999999
v -0.34696224 0.9763507199999999 -5.978423920466068e-17
v -0.33837024 0.99469824 -6.090770078667528e-17
v -0.29641248 1.00946688 0.2823177599999999
v -0.29153567999999996 0.9959971199999998 0.2823177599999999
v -0.33349248 0.98122848 -6.008291586321113e-17
v -0.35184 0.9898214399999999 -6.06090829111712e-17
v -0.30988224000000003 1.00458912 0.2823177599999999
v -0.29641248 1.00946688 0.2823177599999999
v -0.33837024 0.99469824 -6.090770078667528e-17
v -0.30830399999999997 0.99623616 0.25631999999999994
v -0.44383775999999997 1.2308208 0.2924870399999999
v -0.43608768 1.23362784 0.28424447999999997
v -0.30055392 0.9990422400000001 0.24807743999999993
v -0.44383775999999997 1.2308208 0.2924870399999999
v -0.43608768 1.23362784 0.30072959999999993
v -0.42833856000000003 1.2364339199999999 0.2924870399999999
v -0.43608768 1.23362784 0.28424447999999997
v 0.49257216 1.2185174399999998 -7.461267413006134e-17
v 0.47641343999999997 1.18827456 0.2758703999999999
v 0.4905359999999999 1.1858716799999998 0.2758703999999999
v 0.50669472 1.2161136 -7.446548138197823e-17
v 0.49016927999999993 1.20439392 -7.374785795202666e-17
v 0.47401055999999997 1.1741519999999999 0.2758703999999999
v 0.47641343999999997 1.18827456 0.2758703999999999
v 0.49257216 1.2185174399999998 -7.461267413006134e-17
v 0.5042918399999999 1.2019910399999998 -7.36007239869899e-17
v 0.48813312000000003 1.17174816 0.2758703999999999
v 0.47401055999999997 1.1741519999999999 0.2758703999999999
v 0.49016927999999993 1.20439392 -7.374785795202666e-17
v 0.50669472 1.2161136 -7.446548138197823e-17
v 0.4905359999999999 1.1858716799999998 0.2758703999999999
v 0.48813312000000003 1.17174816 0.2758703999999999
v 0.5042918399999999 1.2019910399999998 -7.36007239869899e-17
v 0.48249216 1.18862016 0.24987359999999992
v 0.74851104 1.18480512 0.2924870399999999
v 0.74712864 1.17667968 0.28424447999999997
v 0.48110976000000005 1.18049376 0.24163103999999994
v 1.29503616 0.36438624 0.24197279999999996
v 1.28534784 0.36609408 0.23213471999999996
v 1.1705712 0.83433024 0.22906079999999995
v 1.18025952 0.8326223999999999 0.23889791999999993
v 1.28534784 0.36609408 0.23213471999999996
v 1.27566048 0.36780288 0.24197279999999996
v 1.1608838400000001 0.83603904 0.23889791999999993
v 1.1705712 0.83433024 0.22906079999999995
v 1.2249523199999999 -0.10896959999999999 0.2436528
v 1.2152649599999998 -0.10726079999999998 0.23381568
v 1.28534784 0.36609408 0.23213471999999996
v 1.29503616 0.36438624 0.24197279999999996
v 1.2152649599999998 -0.10726079999999998 0.23381568
v 1.2055776 -0.10555295999999997 0.2436528
v 1.27566048 0.36780288 0.24197279999999996
v 1.28534784 0.36609408 0.23213471999999996
v -0.4570608 -0.6074256 0.45939552
v -0.82696128 -1.14224064 0.36326880000000006
v -1.1544576 -0.93140832 0.39059520000000003
v -0.91975776 -0.28475999999999996 0.46656
v -0.06327936 -0.35430335999999996 0.63940608
v -0.06777504 -1.04990688 0.5177606400000001
v -0.5898950399999999 -1.04365824 0.54221472
v -0.6677078399999999 -0.35932511999999994 0.64622688
v -0.84645792 0.3957273600000001 0.48165120000000006
v -1.15472736 0.7377168 0.37918943999999993
v -0.8840975999999999 1.07538816 0.4065158399999999
v -0.48938303999999994 0.7636492799999999 0.48074687999999993
v 0.8852745599999999 0.05069664000000001 0.13401311999999999
v 0.8852745599999999 0.05069664000000001 0.15562848
v 0.9153763199999999 0.14223264 0.15562848
v 0.9153763199999999 0.14223264 0.13401311999999999
v 1.20102336 -0.05313887999999999 0.13401311999999999
v 1.20102336 -0.05313887999999999 0.15562848
v 0.8852745599999999 0.05069664000000001 0.15562848
v 0.8852745599999999 0.05069664000000001 0.13401311999999999
v 1.2311260800000001 0.03839712 0.13401311999999999
v 1.2311260800000001 0.03839712 0.15562848
v 1.20102336 -0.05313887999999999 0.15562848
v 1.20102336 -0.05313887999999999 0.13401311999999999
v 0.9153763199999999 0.14223264 0.13401311999999999
v 0.9153763199999999 0.14223264 0.15562848
v 1.2311260800000001 0.03839712 0.15562848
v 1.2311260800000001 0.03839712 0.13401311999999999
v 0.9153763199999999 0.14223264 0.15562848
v 0.8852745599999999 0.05069664000000001 0.15562848
v 1.20102336 -0.05313887999999999 0.15562848
v 1.2311260800000001 0.03839712 0.15562848
v 0.87773568 0.0356496 -2.182908426544174e-18
v 0.8405471999999999 -0.0441024 2.7004931497358115e-18
v 0.824328 -0.07902143999999997 0.49836864
v 0.86151744 0.0007315200000000304 0.49836864
v 0.60133728 0.06223199999999999 -3.810610980226904e-18
v 0.60133728 0.06223199999999999 0.017554559999999997
v 0.6556223999999999 0.1792992 0.01755455999999999
v 0.6556223999999999 0.1792992 -1.0978909568484055e-17
v 0.89448192 0.07139232 -4.371518808585179e-18
v 0.89448288 0.07139232 0.017554559999999997
v 0.8386166399999999 -0.0484128 0.017554560000000004
v 0.8386166399999999 -0.0484128 2.964429027888049e-18
v 0.6556223999999999 0.1792992 -1.0978909568484055e-17
v 0.6556223999999999 0.1792992 0.01755455999999999
v 0.89448288 0.07139232 0.017554559999999997
v 0.89448192 0.07139232 -4.371518808585179e-18
v 0.6556223999999999 0.1792992 0.01755455999999999
v 0.60133728 0.06223199999999999 0.017554559999999997
v 0.8386166399999999 -0.0484128 0.017554560000000004
v 0.89448288 0.07139232 0.017554559999999997
v 0.6051110399999999 0.11103456000000003 0.57224064
v 0.6110083199999999 0.12368064000000002 0.57224064
v 0.6143184 0.13077888000000001 0.49723680000000003
v 0.6084211199999999 0.11813280000000002 0.49723680000000003
v 0.85567776 -0.005807039999999965 0.57224064
v 0.86157504 0.006840000000000035 0.57224064
v 0.6110083199999999 0.12368064000000002 0.57224064
v 0.6051110399999999 0.11103456000000003 0.57224064
v 0.8589868799999999 0.0012912000000000303 0.49723680000000003
v 0.86488512 0.01393824000000003 0.49723680000000003
v 0.86157504 0.006840000000000035 0.57224064
v 0.85567776 -0.005807039999999965 0.57224064
v 0.6084211199999999 0.11813280000000002 0.49723680000000003
v 0.6143184 0.13077888000000001 0.49723680000000003
v 0.86488512 0.01393824000000003 0.49723680000000003
v 0.8589868799999999 0.0012912000000000303 0.49723680000000003
v 0.6143184 0.13077888000000001 0.49723680000000003
v 0.6110083199999999 0.12368064000000002 0.57224064
v 0.86157504 0.006840000000000035 0.57224064
v 0.86488512 0.01393824000000003 0.49723680000000003
v 0.8933087999999999 -1.13223936 0.05645280000000007
v 0.89967072 -1.13498784 0.06632160000000006
v 0.8907782399999999 -1.1307273599999998 0.07323168000000006
v 0.8844163199999999 -1.1279798399999998 0.06336288000000007
v 0.8907782399999999 -1.1307273599999998 0.07323168000000006
v 0.9819792 -0.93708576 0.07137600000000005
v 0.9757968 -0.93402528 0.061508160000000055
v 0.8844163199999999 -1.1279798399999998 0.06336288000000007
v 0.89967072 -1.13498784 0.06632160000000006
v 0.99099744 -0.9411263999999999 0.06446592000000005
v 0.9819792 -0.93708576 0.07137600000000005
v 0.8907782399999999 -1.1307273599999998 0.07323168000000006
v 0.8933087999999999 -1.13223936 0.05645280000000007
v 0.9848159999999999 -0.93806592 0.054598080000000056
v 0.99099744 -0.9411263999999999 0.06446592000000005
v 0.89967072 -1.13498784 0.06632160000000006
v 0.9848159999999999 -0.93806592 0.054598080000000056
v 0.9757968 -0.93402528 0.061508160000000055
v 0.9819792 -0.93708576 0.07137600000000005
v 0.99099744 -0.9411263999999999 0.06446592000000005
v 0.874848 -1.1219721599999999 0.14000928000000007
v 0.8812070399999999 -1.12472544 0.14987808000000008
v 0.8723222399999999 -1.12045248 0.15678816000000007
v 0.8659622399999999 -1.11770016 0.14691936000000008
v 0.8723222399999999 -1.12045248 0.15678816000000007
v 0.96199488 -0.9294566400000001 0.15493248000000004
v 0.9558163199999999 -0.92639136 0.14506464000000005
v 0.8659622399999999 -1.11770016 0.14691936000000008
v 0.8812070399999999 -1.12472544 0.14987808000000008
v 0.9710064 -0.93351072 0.14802240000000005
v 0.96199488 -0.9294566400000001 0.15493248000000004
v 0.8723222399999999 -1.12045248 0.15678816000000007
v 0.874848 -1.1219721599999999 0.14000928000000007
v 0.9648278399999999 -0.9304444799999999 0.13815456000000007
v 0.9710064 -0.93351072 0.14802240000000005
v 0.8812070399999999 -1.12472544 0.14987808000000008
v 0.9648278399999999 -0.9304444799999999 0.13815456000000007
v 0.9558163199999999 -0.92639136 0.14506464000000005
v 0.96199488 -0.9294566400000001 0.15493248000000004
v 0.9710064 -0.93351072 0.14802240000000005
v 0.85500384 -1.1129366399999998 0.22544448000000006
v 0.86136096 -1.11569184 0.23531328000000007
v 0.8524848 -1.11140448 0.24222336000000003
v 0.84612672 -1.10864928 0.23235456000000007
v 0.86136096 -1.11569184 0.23531328000000007
v 0.9556252799999999 -0.9061065599999999 0.2527824000000001
v 0.9466108799999999 -0.90205824 0.25969248000000006
v 0.8524848 -1.11140448 0.24222336000000003
v 0.85500384 -1.1129366399999998 0.22544448000000006
v 0.9494678400000001 -0.90300384 0.24291456000000003
v 0.9556252799999999 -0.9061065599999999 0.2527824000000001
v 0.86136096 -1.11569184 0.23531328000000007
v 0.9494678400000001 -0.90300384 0.24291456000000003
v 0.94045344 -0.8989564800000001 0.24982368000000005
v 0.9466108799999999 -0.90205824 0.25969248000000006
v 0.9556252799999999 -0.9061065599999999 0.2527824000000001
v 0.84329088 -1.09544736 0.3149328
v 0.8496364799999999 -1.09822272 0.3248006400000001
v 0.8407631999999999 -1.09393152 0.33171072000000007
v 0.8344166399999999 -1.0911561600000002 0.32184288000000005
v 0.8496364799999999 -1.09822272 0.3248006400000001
v 0.92632224 -0.92574528 0.34227072000000003
v 0.9173328000000001 -0.9216527999999999 0.3491808
v 0.8407631999999999 -1.09393152 0.33171072000000007
v 0.84329088 -1.09544736 0.3149328
v 0.9201427199999999 -0.92268 0.33240192
v 0.92632224 -0.92574528 0.34227072000000003
v 0.8496364799999999 -1.09822272 0.3248006400000001
v 0.9201427199999999 -0.92268 0.33240192
v 0.91115328 -0.9185884799999999 0.339312
v 0.9173328000000001 -0.9216527999999999 0.3491808
v 0.92632224 -0.92574528 0.34227072000000003
v 0.8152704 -1.08832896 0.43006752000000004
v 0.82161984 -1.09109952 0.43993536000000005
v 0.81276096 -1.0867824000000001 0.44684544000000004
v 0.8064115199999999 -1.0840128 0.4369776
v 0.8152704 -1.08832896 0.43006752000000004
v 0.91058976 -0.88722144 0.41820576000000004
v 0.91673952 -0.8903366399999999 0.4280736
v 0.82161984 -1.09109952 0.43993536000000005
v 0.91058976 -0.88722144 0.41820576000000004
v 0.9015897599999999 -0.88314816 0.42511584
v 0.90773952 -0.8862623999999999 0.43498368000000004
v 0.91673952 -0.8903366399999999 0.4280736
v 0.74807424 -1.0195391999999999 0.78665184
v 0.75438624 -1.02237312 0.7965206400000001
v 0.7455408 -1.0180310399999999 0.80343072
v 0.7392288 -1.0151971199999998 0.79356192
v 0.75438624 -1.02237312 0.7965206400000001
v 0.8244796799999999 -0.8775052799999999 0.77480256
v 0.8155247999999999 -0.8733532799999999 0.7817126400000001
v 0.7455408 -1.0180310399999999 0.80343072
v 0.74807424 -1.0195391999999999 0.78665184
v 0.8183212799999999 -0.87440448 0.7649337600000001
v 0.8244796799999999 -0.8775052799999999 0.77480256
v 0.75438624 -1.02237312 0.7965206400000001
v 0.8183212799999999 -0.87440448 0.7649337600000001
v 0.80936544 -0.87025344 0.7718438400000001
v 0.8155247999999999 -0.8733532799999999 0.7817126400000001
v 0.8244796799999999 -0.8775052799999999 0.77480256
v 0.7656432 -1.04941056 0.6648537600000001
v 0.77197632 -1.05220992 0.6747225600000001
v 0.76313184 -1.0478659199999998 0.6816316800000001
v 0.75679872 -1.04506752 0.6717638400000001
v 0.7656432 -1.04941056 0.6648537600000001
v 0.84817344 -0.866088 0.6717072
v 0.85431744 -0.86921376 0.681576
v 0.77197632 -1.05220992 0.6747225600000001
v 0.84817344 -0.866088 0.6717072
v 0.8391974400000001 -0.86197248 0.67861728
v 0.8453424 -0.8650982399999999 0.6884860799999999
v 0.85431744 -0.86921376 0.681576
v 0.78422592 -1.05980448 0.5884003200000001
v 0.79056096 -1.0625990399999998 0.5982691200000001
v 0.78171072 -1.05826752 0.6051792000000001
v 0.77537472 -1.05547392 0.5953104
v 0.78422592 -1.05980448 0.5884003200000001
v 0.87867264 -0.8621616 0.56954016
v 0.88480704 -0.86530464 0.57940896
v 0.79056096 -1.0625990399999998 0.5982691200000001
v 0.87867264 -0.8621616 0.56954016
v 0.8696784 -0.85807872 0.57645024
v 0.8758128 -0.86122176 0.58631904
v 0.88480704 -0.86530464 0.57940896
v 0.7926009599999999 -1.08847104 0.50965728
v 0.7989580799999999 -1.0912281599999998 0.5195251200000001
v 0.7901136 -1.08688608 0.5264352000000001
v 0.78375648 -1.0841289600000001 0.5165664000000001
v 0.7926009599999999 -1.08847104 0.50965728
v 0.886296 -0.8901763199999999 0.4977955200000001
v 0.8924534399999999 -0.89327808 0.50766336
v 0.7989580799999999 -1.0912281599999998 0.5195251200000001
v 0.886296 -0.8901763199999999 0.4977955200000001
v 0.8773104 -0.88607808 0.5047056000000001
v 0.8834687999999999 -0.88917888 0.51457344
v 0.8924534399999999 -0.89327808 0.50766336
v 0.91568256 -1.10383776 6.75905689780992e-17
v 0.71673696 -0.9964147200000001 0.86712096
v 0.711096 -0.98311584 0.8652460800000001
v 0.9107999999999999 -1.0892246399999999 6.66957734464214e-17
v 0.9252508799999999 -1.08350112 6.634530892402861e-17
v 0.72465216 -0.9789417599999999 0.86712096
v 0.73029312 -0.99224064 0.8689958400000001
v 0.93013344 -1.09811424 6.724010445570643e-17
v 0.72465216 -0.9789417599999999 0.86712096
v 0.711096 -0.98311584 0.8652460800000001
v 0.71673696 -0.9964147200000001 0.86712096
v 0.73029312 -0.99224064 0.8689958400000001
v 0.98066304 -0.9657216 5.913339331537302e-17
v 0.7704883199999999 -0.8777472 0.86712096
v 0.77610912 -0.89108256 0.8689958400000001
v 0.98552448 -0.9803712 6.003042260281248e-17
v 0.7704883199999999 -0.8777472 0.86712096
v 0.75695328 -0.88188576 0.8652460800000001
v 0.76257408 -0.89522016 0.86712096
v 0.77610912 -0.89108256 0.8689958400000001
v 0.06788063999999999 -0.910248 0.7213881600000001
v 0.0680016 -0.9105801599999999 0.8826441600000001
v 0.06167327999999999 -0.8931916799999998 0.8826441600000001
v 0.061551360000000006 -0.89285952 0.7213881600000001
v 0.07893984 -0.8865302399999999 0.7213881600000001
v 0.07906176 -0.8868633599999999 0.8826441600000001
v 0.08539008 -0.9042518399999999 0.8826441600000001
v 0.08526911999999999 -0.90391872 0.7213881600000001
v 0.07906176 -0.8868633599999999 0.8826441600000001
v 0.06167327999999999 -0.8931916799999998 0.8826441600000001
v 0.0680016 -0.9105801599999999 0.8826441600000001
v 0.08539008 -0.9042518399999999 0.8826441600000001
v 0.38348064 -1.0291843200000002 0.7642512000000001
v 0.38808768 -1.01930496 0.77515104
v 0.38348064 -1.0291843200000002 0.78605088
v 0.37887455999999997 -1.03906272 0.77515104
v 0.38808768 -1.01930496 0.77515104
v 0.03743232 -0.8560224 0.7723267199999999
v 0.03282528 -0.86590176 0.7832265599999999
v 0.38348064 -1.0291843200000002 0.78605088
v 0.03743232 -0.8560224 0.7723267199999999
v 0.03282528 -0.86590176 0.76142592
v 0.0282192 -0.87578016 0.77232672
v 0.03282528 -0.86590176 0.7832265599999999
v 0.38348064 -1.0291843200000002 0.82525632
v 0.38808768 -1.01930496 0.83615616
v 0.38348064 -1.0291843200000002 0.8470569600000001
v 0.37887455999999997 -1.03906272 0.83615616
v 0.38808768 -1.01930496 0.83615616
v 0.03743232 -0.8560224 0.84368736
v 0.03282528 -0.86590176 0.8545871999999999
v 0.38348064 -1.0291843200000002 0.8470569600000001
v 0.03743232 -0.8560224 0.84368736
v 0.03282528 -0.86590176 0.83278752
v 0.0282192 -0.87578016 0.8436873600000001
v 0.03282528 -0.86590176 0.8545871999999999
v 0.3512688 -1.01351904 0.7213881600000001
v 0.35138976 -1.01385216 0.8826441600000001
v 0.35771808 -1.03124064 0.8826441600000001
v 0.35759712 -1.03090752 0.7213881600000001
v 0.35138976 -1.01385216 0.8826441600000001
v 0.33400128 -1.02018048 0.8826441600000001
v 0.34032959999999995 -1.0375689599999998 0.8826441600000001
v 0.35771808 -1.03124064 0.8826441600000001
v 0.6952291199999999 -1.1745552 0.7764806400000002
v 0.6998361599999999 -1.16467584 0.78738048
v 0.6952291199999999 -1.1745552 0.79828032
v 0.6906220799999999 -1.1844336 0.78738048
v 0.6998361599999999 -1.16467584 0.78738048
v 0.31874976 -0.9872025599999998 0.7961606400000001
v 0.31414272 -0.99708192 0.8070604800000001
v 0.6952291199999999 -1.1745552 0.79828032
v 0.31874976 -0.9872025599999998 0.7961606400000001
v 0.31414272 -0.99708192 0.7852608000000001
v 0.30953568000000004 -1.0069603200000001 0.7961606400000001
v 0.31414272 -0.99708192 0.8070604800000001
v 0.6952291199999999 -1.17455424 0.8522812800000001
v 0.6998361599999999 -1.16467584 0.8631811200000001
v 0.6952291199999999 -1.17455424 0.8740809600000001
v 0.69062304 -1.1844336 0.8631811200000001
v 0.6998361599999999 -1.16467584 0.8631811200000001
v 0.31874976 -0.9872025599999998 0.8584512000000001
v 0.31414272 -0.99708192 0.8693520000000001
v 0.6952291199999999 -1.17455424 0.8740809600000001
v 0.31874976 -0.9872025599999998 0.8584512000000001
v 0.31414272 -0.99708192 0.8475513600000001
v 0.30953568000000004 -1.0069603200000001 0.8584512000000001
v 0.31414272 -0.99708192 0.8693520000000001
v 0.63863232 -1.1619561600000001 0.7213881600000001
v 0.63875328 -1.16228928 0.8826441600000001
v 0.6213648 -1.1686176 0.8826441600000001
v 0.6212438399999999 -1.1682854399999998 0.7213881600000001
v 0.632304 -1.14456768 0.7213881600000001
v 0.63242496 -1.1449007999999998 0.8826441600000001
v 0.63875328 -1.16228928 0.8826441600000001
v 0.63863232 -1.1619561600000001 0.7213881600000001
v 0.63242496 -1.1449007999999998 0.8826441600000001
v 0.61503648 -1.15123008 0.8826441600000001
v 0.6213648 -1.1686176 0.8826441600000001
v 0.63875328 -1.16228928 0.8826441600000001
v 0.04701888 -1.07456064 0.6713232000000001
v 0.02925696 -1.06627776 0.6517248000000001
v 0.09661631999999999 -0.94202784 0.6455385600000001
v 0.11437823999999999 -0.9503107199999999 0.6651369600000001
v 0.04701888 -1.07456064 0.6713232000000001
v 0.02925696 -1.06627776 0.6909216
v 0.011494079999999999 -1.0579948799999999 0.6713232000000001
v 0.02925696 -1.06627776 0.6517248000000001
v 0.37440576000000003 -1.22108928 0.6621100800000002
v 0.35664288 -1.2128063999999998 0.64251168
v 0.40451232 -1.09637664 0.6455385600000001
v 0.42227423999999997 -1.10465952 0.6651369600000001
v 0.37440576000000003 -1.22108928 0.6621100800000002
v 0.35664288 -1.2128063999999998 0.6817084800000001
v 0.33888096 -1.20452448 0.6621100800000002
v 0.35664288 -1.2128063999999998 0.64251168
v 0.97544544 -0.03865343999999996 0.6583046399999999
v 0.9594614399999999 -0.03119999999999996 0.67594176
v 0.94239936 -0.06778943999999995 0.68142432
v 0.9583833599999999 -0.07524287999999996 0.6637871999999999
v 0.94347744 -0.02374655999999996 0.6583046399999999
v 0.9594614399999999 -0.03119999999999996 0.64066848
v 0.94239936 -0.06778943999999995 0.6461510399999999
v 0.9264153599999999 -0.06033599999999996 0.6637871999999999
v 0.94347744 -0.02374655999999996 0.6583046399999999
v 0.9594614399999999 -0.03119999999999996 0.67594176
v 0.97544544 -0.03865343999999996 0.6583046399999999
v 0.9594614399999999 -0.03119999999999996 0.64066848
v 0.6348729599999999 0.16293888000000004 0.6534192
v 0.6183647999999999 0.17063712000000003 0.6716342399999999
v 0.55842816 0.04210176000000004 0.6579119999999999
v 0.57493632 0.03440352000000004 0.63969696
v 0.6018566399999999 0.17833440000000006 0.6534192
v 0.6183647999999999 0.17063712 0.6352051200000001
v 0.55842816 0.04210176000000004 0.62148288
v 0.54192 0.049799040000000044 0.63969696
v 0.6018566399999999 0.17833440000000006 0.6534192
v 0.6183647999999999 0.17063712000000003 0.6716342399999999
v 0.6348729599999999 0.16293888000000004 0.6534192
v 0.6183647999999999 0.17063712 0.6352051200000001
v 0.7803792 0.13708320000000004 0.66513696
v 0.79814112 0.12880032000000002 0.64553856
v 0.7382044799999999 0.00026496000000003953 0.64553856
v 0.7204416 0.008547840000000041 0.66513696
v 0.7803792 0.13708320000000004 0.66513696
v 0.79814112 0.12880032000000005 0.6847353599999999
v 0.8159030399999999 0.12051840000000007 0.66513696
v 0.79814112 0.12880032000000002 0.64553856
v 1.15271232 -0.05052287999999996 0.6355660799999999
v 1.13494944 -0.04223999999999996 0.65516544
v 1.04609952 -0.15408287999999995 0.65516544
v 1.0638623999999999 -0.16236575999999997 0.6355660799999999
v 1.1171875199999999 -0.03395711999999996 0.6355660799999999
v 1.13494944 -0.04223999999999996 0.61596768
v 1.04609952 -0.15408287999999998 0.61596768
v 1.0283376 -0.14579999999999999 0.6355660799999999
v 1.1171875199999999 -0.03395711999999996 0.6355660799999999
v 1.13494944 -0.04223999999999996 0.65516544
v 1.15271232 -0.05052287999999996 0.6355660799999999
v 1.13494944 -0.04223999999999996 0.61596768
v 1.1911449600000001 -0.35564159999999995 0.66513696
v 1.19953728 -0.3376444799999999 0.68499552
v 1.0710019199999998 -0.27770687999999993 0.6849945599999999
v 1.0626086399999999 -0.29570495999999996 0.66513696
v 1.2079296 -0.31964639999999994 0.66513696
v 1.19953728 -0.3376444799999999 0.6452784
v 1.0710019199999998 -0.27770687999999993 0.6452784
v 1.0793942399999998 -0.25970975999999996 0.66513696
v 1.2079296 -0.31964639999999994 0.66513696
v 1.19953728 -0.3376444799999999 0.68499552
v 1.1911449600000001 -0.35564159999999995 0.66513696
v 1.19953728 -0.3376444799999999 0.6452784
v 1.03399104 -0.66644256 0.62793504
v 1.0423833599999999 -0.6484454399999999 0.64779264
v 0.9203952 -0.60068448 0.65688384
v 0.91200288 -0.6186816 0.63702528
v 1.0507756799999999 -0.63044832 0.62793504
v 1.0423833599999999 -0.6484454399999999 0.60807648
v 0.9203952 -0.60068448 0.61716768
v 0.92878752 -0.5826863999999999 0.63702528
v 1.0507756799999999 -0.63044832 0.62793504
v 1.0423833599999999 -0.6484454399999999 0.64779264
v 1.03399104 -0.66644256 0.62793504
v 1.0423833599999999 -0.6484454399999999 0.60807648
v 1.02636864 -0.7359216 0.66513696
v 1.01891136 -0.7519113599999999 0.6474931199999999
v 0.88006752 -0.68716704 0.6474931199999999
v 0.88752384 -0.67117728 0.66513696
v 1.02636864 -0.7359216 0.66513696
v 1.01891136 -0.7519113599999999 0.68277984
v 1.01145504 -0.7679020799999999 0.66513696
v 1.01891136 -0.7519113599999999 0.6474931199999999
v 0.8021855999999999 -1.13479296 0.67665504
v 0.81057792 -1.1167948799999998 0.6965126400000001
v 0.70642272 -1.0595491199999998 0.6849955200000001
v 0.6980303999999999 -1.07754624 0.6651369600000001
v 0.81897024 -1.09879776 0.67665504
v 0.81057792 -1.1167948799999998 0.65679648
v 0.70642272 -1.0595491199999998 0.6452784000000001
v 0.71481504 -1.041552 0.6651369600000001
v 0.81897024 -1.09879776 0.67665504
v 0.81057792 -1.1167948799999998 0.6965126400000001
v 0.8021855999999999 -1.13479296 0.67665504
v 0.81057792 -1.1167948799999998 0.65679648
v 0.32786112 0.04821312000000004 0.63529344
v 0.43596384 -0.002196479999999961 0.63529344
v 0.44385888 0.01473408000000004 0.65397408
v 0.33575615999999997 0.06514368000000004 0.65397408
v 0.3436512 0.08207328000000004 0.63529344
v 0.45175392000000003 0.031664640000000036 0.63529344
v 0.44385888 0.014734080000000038 0.6166128
v 0.33575615999999997 0.06514368000000004 0.6166128
v 0.3436512 0.08207328000000004 0.63529344
v 0.33575615999999997 0.06514368000000004 0.6166128
v 0.32786112 0.04821312000000004 0.63529344
v 0.33575615999999997 0.06514368000000004 0.65397408
v 0.16926912 -0.23227103999999993 0.67362912
v 0.3002064 -0.2933279999999999 0.67362912
v 0.29325216 -0.30824255999999994 0.6571728
v 0.16231488 -0.24718559999999995 0.6571728
v 0.16926912 -0.23227103999999993 0.67362912
v 0.16231488 -0.24718559999999995 0.6571728
v 0.15535968 -0.26210015999999997 0.67362912
v 0.16231488 -0.24718559999999995 0.6900864
v 0.0953232 -0.4504665599999999 0.62393376
v 0.20342592 -0.5008752 0.62393376
v 0.21132095999999997 -0.48394464000000004 0.6426144
v 0.10321824 -0.4335359999999999 0.6426144
v 0.11111232 -0.41660543999999994 0.62393376
v 0.21921504 -0.46701407999999994 0.62393376
v 0.21132095999999997 -0.48394464000000004 0.60525312
v 0.10321824 -0.4335359999999999 0.60525312
v 0.11111232 -0.41660543999999994 0.62393376
v 0.10321824 -0.4335359999999999 0.60525312
v 0.0953232 -0.4504665599999999 0.62393376
v 0.10321824 -0.4335359999999999 0.6426144
v -0.05673792 -0.77656128 0.64645632
v 0.051364799999999995 -0.82697088 0.64645632
v 0.04346976 -0.8439014399999999 0.66513696
v -0.064632 -0.79349184 0.66513696
v -0.04884288 -0.75963072 0.66513696
v 0.059259839999999994 -0.8100403199999999 0.66513696
v 0.051364799999999995 -0.82697088 0.64645632
v -0.05673792 -0.77656128 0.64645632
v -0.04884288 -0.75963072 0.66513696
v -0.05673792 -0.77656128 0.64645632
v -0.064632 -0.79349184 0.66513696
v -0.05673792 -0.77656128 0.6838176
v -0.94182144 -0.35310048 2.16211686304697e-17
v -0.9435715199999999 -0.355608 0.24007296
v -1.10858688 -0.50592384 0.24007296000000006
v -1.1269008 -0.4998144 3.060480525638774e-17
v -1.1270793599999998 -0.49944576 3.058223256658586e-17
v -1.10879424 -0.50549568 0.24007296000000006
v -0.943752 -0.35523456 0.24007296
v -0.9419952 -0.35274144 2.1599183771131406e-17
v -0.7937328 -0.3930864 0.24007296
v -0.77647488 -0.367104 2.24786369277095e-17
v -0.93824256 -0.34792704 2.1304386793640656e-17
v -0.943752 -0.35523456 0.24007296
v -0.93808224 -0.3482592 2.1324725727680894e-17
v -0.77627616 -0.36751488 2.250379607155118e-17
v -0.79357824 -0.39340608 0.24007296
v -0.9435715199999999 -0.355608 0.24007296
v -0.15633119999999998 -0.8259475199999999 5.057469933158472e-17
v -0.10456608 -0.36499104 2.2349255442673177e-17
v -0.0896064 -0.36466176 0.22067712
v -0.16124064 -0.8409859199999999 0.21645984000000007
v -0.156792 -0.8258620799999999 5.056946764045876e-17
v -0.16158624 -0.8409215999999999 0.21645984000000007
v -0.08981664 -0.36467903999999995 0.22067712
v -0.10496544000000001 -0.3650208 2.235107771711031e-17
v -0.8388134399999999 -1.15215168 0.37415424
v -0.45568991999999997 -0.60051936 0.48953472000000003
v -0.45061248 -0.60399264 0.48338303999999993
v -0.83373696 -1.15562496 0.36572640000000006
v -0.445536 -0.6074668799999999 0.48953472000000003
v -0.45061248 -0.60399264 0.48338303999999993
v -0.45568991999999997 -0.60051936 0.48953472000000003
v -0.45061248 -0.60399264 0.49568544
v -1.1638550399999998 -0.93264288 0.40989600000000004
v -0.9205209599999999 -0.282888 0.48493824
v -0.91544256 -0.2863612799999999 0.47878655999999997
v -1.1587785599999998 -0.93611616 0.40374432000000005
v -0.07242431999999999 -1.06982112 0.5267472000000001
v -0.07046591999999999 -0.3457555199999999 0.6718607999999999
v -0.06324384 -0.34563071999999995 0.6633897599999999
v -0.06520224 -1.0696963199999998 0.51513984
v -0.06887328 -1.06548384 0.5309088000000001
v -0.060686399999999995 -0.33935039999999994 0.6733459199999999
v -0.6677078399999999 -0.35932511999999994 0.6627072
v -0.58963872 -1.04869824 0.5589974400000001
v -1.1506607999999998 0.72656256 -4.448912567421533e-17
v -1.15149312 0.73168608 0.21645983999999996
v -0.83568864 0.355968 0.22067711999999995
v -0.81067872 0.34585152 -2.1177297847412342e-17
v -1.15097568 0.72620928 -4.44674935131552e-17
v -0.8110070399999999 0.3456288 -2.1163660180657038e-17
v -0.83585088 0.35583936 0.22067711999999995
v -1.1517235199999998 0.73141536 0.21645983999999996
v -0.86337888 1.04837184 -6.419426090861106e-17
v -0.48860543999999995 0.77504832 -4.7458022213626676e-17
v -0.49573056 0.76189056 0.22067711999999992
v -0.87400992 1.0600857599999998 0.21645983999999996
v -0.8630764799999999 1.04872992 -6.421618698490299e-17
v -0.8737824000000001 1.06035456 0.21645983999999996
v -0.49564127999999996 0.7620815999999999 0.22067711999999992
v -0.4884336 0.7754102399999999 -4.748018342210404e-17
v -1.1552054399999998 0.7309286399999999 -4.4756470969056396e-17
v -0.8663616 1.04967648 -6.427414706861303e-17
v -0.8731910399999999 1.06239168 0.21139679999999994
v -1.15040832 0.7299427199999999 0.22246655999999992
v -1.1555529599999999 0.7312435199999999 -4.4775751808262174e-17
v -1.15066848 0.73017888 0.22246655999999992
v -0.87337824 1.06248864 0.21139679999999994
v -0.86671776 1.0498607999999998 -6.428543341351397e-17
v -1.1624112 0.74656512 0.37717631999999995
v -0.8333971199999999 0.37986912000000006 0.48773664
v -0.47950176 0.75691584 0.48288768
v -0.8869756799999999 1.07790528 0.4068691199999999
v -1.07727456 0.15993791999999998 -9.793373089514272e-18
v -1.2151334399999998 0.37438656 -2.2924565117389423e-17
v -1.24649184 0.3493632 0.28999583999999995
v -1.0462656 0.18969312000000002 0.2445312
v -1.07756928 0.15952608 -9.768155162626229e-18
v -1.0464201599999998 0.18947712 0.2445312
v -1.24668768 0.3490896 0.28999583999999995
v -1.21537248 0.37405151999999997 -2.290404983421011e-17
v -1.25711616 0.35380607999999997 0.32365056
v -1.22972736 0.37779456 -2.313324493196413e-17
v -1.2206313599999998 0.36672671999999995 -2.245553519049038e-17
v -1.2480191999999999 0.34273823999999997 0.32365056
v -1.2480191999999999 0.34273823999999997 0.32365056
v -1.2206313599999998 0.36672671999999995 -2.245553519049038e-17
v -1.2141119999999999 0.38135712 -2.3351388817002652e-17
v -1.24149984 0.35736864 0.32365056
v -1.24149984 0.35736864 0.32365056
v -1.2141119999999999 0.38135712 -2.3351388817002652e-17
v -1.22972736 0.37779456 -2.313324493196413e-17
v -1.25711616 0.35380607999999997 0.32365056
v -1.25218464 0.35807232000000006 0.43702655999999995
v -1.22697024 0.401496 -2.4584539563523285e-17
v -1.22087712 0.38552063999999997 -2.3606330889061954e-17
v -1.24609152 0.34209792000000006 0.43702655999999995
v -1.24609152 0.34209792000000006 0.43702655999999995
v -1.22087712 0.38552063999999997 -2.3606330889061954e-17
v -1.2079478399999999 0.39960095999999995 -2.4468501830010475e-17
v -1.23316224 0.35617824000000003 0.43702655999999995
v -1.23316224 0.35617824000000003 0.43702655999999995
v -1.2079478399999999 0.39960095999999995 -2.4468501830010475e-17
v -1.22697024 0.401496 -2.4584539563523285e-17
v -1.25218464 0.35807232000000006 0.43702655999999995
v -0.34243295999999995 0.98886432 -6.05504762139512e-17
v -0.42624095999999995 1.2037200000000001 -7.37065922534826e-17
v -0.43255008 1.22886144 0.28999583999999995
v -0.2997072 1.00312032 0.2509775999999999
v -0.34284768 0.9885744 -6.053272373395076e-17
v -0.29992512 1.00296864 0.2509775999999999
v -0.43282655999999997 1.2286684799999998 0.28999583999999995
v -0.42657888 1.2034848 -7.369219040712463e-17
v -0.4293648 1.25870496 0.4370265599999999
v -0.42283008 1.20969024 -7.407216401878968e-17
v -0.43990367999999996 1.2106032 -7.412806669587715e-17
v -0.4464384 1.25961792 0.4370265599999999
v -0.4464384 1.25961792 0.4370265599999999
v -0.43990367999999996 1.2106032 -7.412806669587715e-17
v -0.43227936 1.19307264 -7.305462948631412e-17
v -0.43881408 1.24208832 0.4370265599999999
v -0.43881408 1.24208832 0.4370265599999999
v -0.43227936 1.19307264 -7.305462948631412e-17
v -0.42283008 1.20969024 -7.407216401878968e-17
v -0.4293648 1.25870496 0.4370265599999999
v -1.0602095999999999 1.05396096 0.43610879999999996
v -1.01176704 0.9864 -6.039958013394747e-17
v -1.02543264 0.97612416 -5.977036640571994e-17
v -1.0738751999999998 1.0436860799999998 0.43610879999999996
v -1.0738751999999998 1.0436860799999998 0.43610879999999996
v -1.02543264 0.97612416 -5.977036640571994e-17
v -1.00832448 0.96759648 -5.924819660491231e-17
v -1.05676704 1.0351584 0.43610879999999996
v -1.05676704 1.0351584 0.43610879999999996
v -1.00832448 0.96759648 -5.924819660491231e-17
v -1.01176704 0.9864 -6.039958013394747e-17
v -1.0602095999999999 1.05396096 0.43610879999999996
v 0.5012208 1.20840288 -7.399333595362216e-17
v 0.73513248 1.1312208 -6.926729659244541e-17
v 0.73475808 1.17093312 0.28999583999999995
v 0.48423839999999996 1.17774528 0.24453119999999995
v 0.50117472 1.2089068799999998 -7.402419705296066e-17
v 0.4842144 1.1780102399999999 0.24453119999999995
v 0.7347264 1.17126912 0.28999583999999995
v 0.73509408 1.13163072 -6.929239695324074e-17
v 0.7456953599999999 1.174536 0.3236505599999999
v 0.748392 1.13820672 -6.969506082080038e-17
v 0.7342684799999999 1.1406096 -6.984219478583714e-17
v 0.7315728 1.17693888 0.3236505599999999
v 0.7315728 1.17693888 0.3236505599999999
v 0.7342684799999999 1.1406096 -6.984219478583714e-17
v 0.7389273599999999 1.12528512 -6.890384101680726e-17
v 0.73623072 1.1616144 0.3236505599999999
v 0.73623072 1.1616144 0.3236505599999999
v 0.7389273599999999 1.12528512 -6.890384101680726e-17
v 0.748392 1.13820672 -6.969506082080038e-17
v 0.7456953599999999 1.174536 0.3236505599999999
v 1.2153945599999998 0.8323872 0.49782815999999996
v 1.1805216 0.7998950399999999 -4.89794450194922e-17
v 1.16843136 0.8119852799999999 -4.971975870533836e-17
v 1.2033052800000001 0.84447744 0.49782815999999996
v 1.2033052800000001 0.84447744 0.49782815999999996
v 1.16843136 0.8119852799999999 -4.971975870533836e-17
v 1.16238624 0.79384992 -4.860928817656912e-17
v 1.1972601600000001 0.82634208 0.49782815999999996
v 1.1972601600000001 0.82634208 0.49782815999999996
v 1.16238624 0.79384992 -4.860928817656912e-17
v 1.1805216 0.7998950399999999 -4.89794450194922e-17
v 1.2153945599999998 0.8323872 0.49782815999999996
v 0.7426118399999999 1.1787043199999998 0.5101583999999999
v 0.7188950399999999 1.11683136 -6.838619751056926e-17
v 0.7028275199999999 1.12267872 -6.874424504594238e-17
v 0.7265443199999999 1.18455168 0.5101583999999999
v 0.7265443199999999 1.18455168 0.5101583999999999
v 0.7028275199999999 1.12267872 -6.874424504594238e-17
v 0.7050134399999999 1.10368896 -6.758145760591355e-17
v 0.72873024 1.16556096 0.5101583999999999
v 0.72873024 1.16556096 0.5101583999999999
v 0.7050134399999999 1.10368896 -6.758145760591355e-17
v 0.7188950399999999 1.11683136 -6.838619751056926e-17
v 0.7426118399999999 1.1787043199999998 0.5101583999999999
v 0.59739456 -1.16135328 7.1112378851564e-17
v 0.51655296 -1.33495008 8.174211712467515e-17
v 0.504216 -1.3678128 0.2820451200000001
v 0.59518944 -1.17268704 0.28204512000000004
v 0.34721088 -1.0239215999999998 6.269711550089182e-17
v 0.34008288 -1.0329542399999998 0.28204512000000004
v 0.24449952 -1.2349488 0.28204512000000004
v 0.2616816 -1.20434976 7.374515393189415e-17
v 0.5483683199999999 -1.31603232 8.058373841312326e-17
v 0.24592607999999996 -1.1750015999999999 7.194809742165093e-17
v 0.23041535999999999 -1.2142944 0.28204512000000004
v 0.53284128 -1.35537216 0.2820451200000001
v 0.5978783999999999 -1.16158944 7.112683948096833e-17
v 0.59541984 -1.17279936 0.28204512000000004
v 0.50442144 -1.36791264 0.2820451200000001
v 0.51686208 -1.3351008 8.175134606295352e-17
v 0.34706496 -1.0238956799999999 6.269552835864012e-17
v 0.26151264 -1.20431904 7.374327287441066e-17
v 0.24431136 -1.2349151999999999 0.28204512000000004
v 0.3399216 -1.0329254399999999 0.28204512000000004
v 0.5482895999999999 -1.31626848 8.059819904252759e-17
v 0.532776 -1.3555689599999998 0.2820451200000001
v 0.23031839999999998 -1.2145852799999999 0.28204512000000004
v 0.24584736000000001 -1.1752368 7.19624992680089e-17
v 1.2082051200000001 -0.11693279999999998 0.24007296
v 1.2832982400000001 0.36602112 0.24007296
v 1.3183766399999999 0.33536544 -2.0535210632032186e-17
v 1.20816096 -0.11690784 7.158540602561546e-18
v 1.31861952 0.33522527999999996 -2.052662830726376e-17
v 1.28371008 0.36578303999999995 0.24007296
v 1.2085123199999999 -0.11711039999999999 0.24007296
v 1.20855648 -0.11713632 7.172530967595005e-18
v 1.2832982400000001 0.36602112 0.24007296
v 1.16891232 0.821352 0.23867903999999995
v 1.17376416 0.80480448 -4.92800615185725e-17
v 1.3183766399999999 0.33536544 -2.0535210632032186e-17
v 1.17423072 0.80453472 -4.9263543482545604e-17
v 1.16917056 0.8208739199999999 0.23867903999999995
v 1.28371008 0.36578303999999995 0.24007296
v 1.31861952 0.33522527999999996 -2.052662830726376e-17
v 0.15006719999999998 -1.14535776 -0.004156799999999929
v 0.18490656 -1.16092992 -0.0023606399999999287
v 0.20569344 -1.06072992 0.37150656000000004
v 0.17738688 -1.0470047999999998 0.3711168
v 0.18490656 -1.16092992 -0.0023606399999999287
v 0.15006719999999998 -1.14535776 -0.004156799999999929
v 0.17738688 -1.0470047999999998 0.3711168
v 0.20569344 -1.06072992 0.37150656000000004
v 0.11813952 -1.10189472 -0.015923519999999934
v 0.14012544000000002 -1.12666848 -0.012793919999999931
v 0.17618879999999998 -1.06255968 0.20003136000000005
v 0.14745408000000002 -1.04839776 0.20010816000000003
v 0.15255455999999998 -1.04707872 0.21748896000000004
v 0.12465407999999999 -1.0301952 0.22407648000000005
v 0.02535072 -1.1066592 -0.010073279999999933
v 0.04604544 -1.13039136 -0.003711359999999931
v 0.12465407999999999 -1.0301952 0.22407648000000005
v 0.15255455999999998 -1.04707872 0.21748896000000004
v 0.04604544 -1.13039136 -0.003711359999999931
v 0.02535072 -1.1066592 -0.010073279999999933
v 0.07914432 -1.02181536 0.11416128000000006
v 0.049512959999999995 -1.00686624 0.11648832000000006
v 0.03187488 -1.02398976 -0.0020073599999999373
v 0.05770272 -1.0398873599999998 -0.0026582399999999363
v 1.22877504 0.57261024 0.77207328
v 1.0734038399999999 0.45297888000000003 -2.773695677366765e-17
v 1.07377632 0.43932192 -2.690070915616348e-17
v 1.2291484799999999 0.5589532799999999 0.77207328
v 1.2291484799999999 0.5589532799999999 0.77207328
v 1.07377632 0.43932192 -2.690070915616348e-17
v 1.0844783999999998 0.44781408 -2.742070398425584e-17
v 1.23985056 0.5674464 0.77207328
v 1.23985056 0.5674464 0.77207328
v 1.0844783999999998 0.44781408 -2.742070398425584e-17
v 1.0734038399999999 0.45297888000000003 -2.773695677366765e-17
v 1.22877504 0.57261024 0.77207328
v 0.86364768 -0.7194316799999999 0.51042528
v 0.88826496 -0.7255113599999999 0.22432032000000005
v 1.11087744 -0.24696191999999997 0.22353312000000003
v 1.08652512 -0.25217567999999996 0.5111366399999999
v -0.05617824 -0.37021535999999994 0.58891776
v 0.048221759999999995 -0.38040288 2.3292958468921737e-17
v 0.04305696 -0.39147744 2.397107969172e-17
v -0.061343039999999995 -0.38128991999999995 0.58891776
v -0.061343039999999995 -0.38128991999999995 0.58891776
v 0.04305696 -0.39147744 2.397107969172e-17
v 0.056713919999999994 -0.39110399999999995 2.394821308668632e-17
v -0.04768512 -0.38091743999999994 0.58891776
v -0.04768512 -0.38091743999999994 0.58891776
v 0.056713919999999994 -0.39110399999999995 2.394821308668632e-17
v 0.048221759999999995 -0.38040288 2.3292958468921737e-17
v -0.05617824 -0.37021535999999994 0.58891776
v 0.1673568 0.14454720000000004 0.62625504
v 0.25625375999999994 0.08979743999999999 -5.498507373381325e-18
v 0.25108895999999997 0.07872192 -4.820327367536701e-18
v 0.16219199999999998 0.13347264 0.62625504
v 0.16219199999999998 0.13347264 0.62625504
v 0.25108895999999997 0.07872192 -4.820327367536701e-18
v 0.26474591999999997 0.07909536 -4.843193972570379e-18
v 0.17584992 0.13384512 0.62625504
v 0.17584992 0.13384512 0.62625504
v 0.26474591999999997 0.07909536 -4.843193972570379e-18
v 0.25625375999999994 0.08979743999999999 -5.498507373381325e-18
v 0.1673568 0.14454720000000004 0.62625504
v 0.9530534399999999 0.11810688 -7.231960627464028e-18
v 0.93368928 0.12447456 -7.621868573963757e-18
v 0.93368928 0.12447456 0.13641024
v 0.9530534399999999 0.11810688000000001 0.13641024
v 0.9530534399999999 0.11810688000000001 0.13641024
v 0.92944032 0.04630464 0.13641024
v 0.92944032 0.046304639999999994 -2.835341458083525e-18
v 0.9530534399999999 0.11810688 -7.231960627464028e-18
v 0.91007712 0.05267232 0.13641024
v 0.93368928 0.12447456 0.13641024
v 0.93368928 0.12447456 -7.621868573963757e-18
v 0.91007712 0.052672319999999995 -3.2252494045832557e-18
v 1.20662496 0.0347184 -2.1258888715758736e-18
v 1.18726176 0.041086080000000004 -2.5157968180756044e-18
v 1.18726176 0.04108608000000001 0.13641024
v 1.20662496 0.03471840000000001 0.13641024
v 1.20662496 0.03471840000000001 0.13641024
v 1.1830128 -0.037083839999999986 0.13641024
v 1.1830128 -0.03708383999999999 2.270730297804629e-18
v 1.20662496 0.0347184 -2.1258888715758736e-18
v 1.16364864 -0.03071615999999999 0.13641024
v 1.18726176 0.04108608000000001 0.13641024
v 1.18726176 0.041086080000000004 -2.5157968180756044e-18
v 1.16364864 -0.030716159999999996 1.880822351304898e-18
v 0.23549663999999998 -0.41265983999999994 0.55007904
v 0.43429056 0.03761280000000003 0.55007904
v 0.42985823999999995 0.07377696000000002 0.24422784
v 0.19993344 -0.44325408 0.24422784000000006
v 0.60415104 0.06725472000000002 0.5014214399999999
v 0.84102912 -0.043203839999999966 0.5014214399999999
v 0.85234656 -0.018798719999999998 1.1510896138033663e-18
v 0.61526688 0.09175391999999999 -5.618307221861115e-18
v -1.15409856 0.731088 0.20982719999999994
v -0.8393039999999999 0.35554272 0.21777023999999995
v -0.8414822399999999 0.35514528 0.22603199999999996
v -1.1587919999999998 0.72652608 0.21808895999999992
v -0.8393039999999999 0.35554272 0.23429375999999996
v 0.9362976 -0.6076944 0.25277568000000006
v 0.97489056 -0.61996608 0.24553728000000005
v 0.96724992 -0.59657184 0.44241696
v 0.9300048 -0.58682112 0.44056992
v 0.9538089599999999 -0.6186172799999999 0.47580576
v 0.91820832 -0.60661632 0.47241792000000005
v 0.94195776 -0.64141344 0.48920736
v 0.90777696 -0.62706432 0.48520128
v 0.8982604799999999 -0.6479529599999999 0.48520128
v 0.9311712 -0.66471456 0.48920736
v 0.92144736 -0.68852448 0.47580576
v 0.88965696 -0.66928512 0.47241792000000005
v 0.91330752 -0.7130976 0.44241696
v 0.8824128 -0.6912815999999999 0.44056992
v 0.92397408 -0.7147948799999999 0.24553728000000005
v 0.89097984 -0.6925199999999999 0.25277568000000006
v 1.0880332799999999 -0.282192 0.25277568
v 1.1271129599999998 -0.29352384000000004 0.24553728
v 1.11136512 -0.28632959999999996 0.44241695999999997
v 1.07451168 -0.27592223999999993 0.44056991999999995
v 1.0995705599999999 -0.3046751999999999 0.47580575999999997
v 1.0642243200000001 -0.29229407999999996 0.47241792
v 1.0893753599999998 -0.32374943999999994 0.48920736
v 1.05531072 -0.3093014399999999 0.48520128
v 1.0473168 -0.3267359999999999 0.48520128
v 1.08025248 -0.34331327999999994 0.48920736
v 1.0722 -0.36337247999999994 0.47580575999999997
v 1.0402415999999999 -0.34460159999999995 0.47241792
v 1.06574016 -0.38417183999999993 0.44241695999999997
v 1.03453536 -0.3631132799999999 0.44056991999999995
v 1.07795136 -0.39969888 0.24553728
v 1.04497824 -0.37682016 0.25277568
v 0.23147424 -0.3454300799999999 0.48851808
v 0.26608032 -0.35908319999999994 0.48528479999999996
v 0.25786272 -0.3750998399999999 0.4738224
v 0.22151808 -0.3643295999999999 0.47661215999999995
v 0.24802848 -0.39034079999999993 0.43953215999999995
v 0.20968992 -0.38235551999999995 0.4409952
v 0.23450111999999998 -0.38393183999999997 0.25009632
v 0.19403424 -0.37514783999999995 0.24422784
v 0.27756000000000003 -0.33364799999999994 0.48528479999999996
v 0.24545472000000002 -0.31545023999999994 0.48851808
v 0.25353216 -0.29567519999999997 0.47661215999999995
v 0.28415328 -0.31685183999999994 0.4738224
v 0.2597376 -0.27502656 0.4409952
v 0.289128 -0.29928095999999993 0.43953215999999995
v 0.23914368 -0.27841056000000003 0.24422784
v 0.27154464 -0.3018576 0.25009632
v 0.38097504 -0.06853823999999999 0.25009632
v 0.3398448 -0.06093407999999999 0.24422784
v 0.36187104 -0.05600255999999997 0.4409952
v 0.39977664 -0.06476351999999996 0.43953215999999995
v 0.37372128 -0.03792767999999997 0.47661215999999995
v 0.40962911999999996 -0.04948223999999997 0.4738224
v 0.38370047999999995 -0.01898111999999997 0.48851808
v 0.41786496 -0.03342431999999997 0.48528479999999996
v 0.42528768 -0.016977599999999968 0.48528479999999996
v 0.39273984 0.0004041600000000299 0.48851808
v 0.40083936 0.02022816000000003 0.47661215999999995
v 0.4318992 -0.00014111999999997097 0.4738224
v 0.40706783999999996 0.040923840000000024 0.4409952
v 0.43689311999999997 0.017470080000000023 0.43953215999999995
v 0.39208607999999995 0.05043648000000001 0.24422784
v 0.42391007999999997 0.025934400000000017 0.25009632
v 0.63907584 0.14346335999999998 -8.784597230946221e-18
v 0.45412224 0.23318496 -1.427846074366518e-17
v 0.48830495999999995 0.15477216000000005 0.73280832
v 0.6246384 0.11119008000000002 0.49836864
v 1.1458848 -0.15186239999999993 0.73287744
v 0.86151744 0.0007315200000000304 0.49836864
v 0.87773568 0.0356496 -2.182908426544174e-18
v 1.22822016 -0.12778368 7.824493734763483e-18
v 1.1458848 -0.15186239999999993 0.73287744
v 0.48830495999999995 0.15477216000000005 0.73280832
v 0.34770816 -0.17695391999999993 0.73280832
v 0.99102624 -0.48566975999999995 0.72601632
v 0.16617695999999998 -0.58629792 0.70988256
v 0.79262304 -0.8887881599999999 0.72329856
v 0.63667776 -1.24119072 0.7254182400000001
v -0.01072032 -0.91692192 0.7328083200000001
v -1.10879424 -0.50549568 0.24007296000000006
v -1.1270793599999998 -0.49944576 3.058223256658586e-17
v -1.20686592 -0.7122624 4.361349341565059e-17
v -1.18717152 -0.7126684799999999 0.23937600000000003
v -1.1336217599999998 -0.92128704 5.641256123159698e-17
v -1.1391936 -0.9272044799999999 0.23867904000000006
v -0.9656937599999998 -0.33854687999999994 0.54168768
v -0.97067808 -0.3398899199999999 0.5063414399999999
v -0.96490272 -0.3423657599999999 0.5063414399999999
v -0.9568464 -0.34895136 0.39362975999999994
v -0.9544550399999999 -0.34997664 0.43000511999999996
v -0.94436448 -0.34769184 0.40048416
v -0.95052 -0.35205312 2.1557036326891952e-17
v -0.9366096 -0.35140704 2.1517475336692297e-17
v -0.01988544 -0.40672991999999997 0.86973216
v 0.0029539199999999996 -0.42759935999999993 0.86436096
v 0.01761888 -0.4264819199999999 0.81676896
v -0.02749632 -0.38525664 0.8273808
v -0.01275264 -0.4302086399999999 0.7740239999999999
v -0.03074688 -0.41376479999999993 0.7782566399999999
v -0.00711456 -0.42993311999999995 0.7402944
v -0.036605759999999994 -0.40392767999999996 0.7401456
v -0.03074688 -0.41376479999999993 0.7782566399999999
v -0.67469952 -0.44211263999999995 0.7436860799999999
v -0.6785692799999999 -0.4474108799999999 0.69500832
v -0.67135392 -0.4456627199999999 0.69500832
v -0.6591657599999999 -0.4466342399999999 0.53978112
v -0.6561782399999999 -0.4459113599999999 0.58987776
v -0.64805088 -0.43565856 0.54922176
v -0.65099808 -0.44514432 2.7257228332331256e-17
v -0.6380975999999999 -0.43373567999999996 2.6558650609400032e-17
v -0.8912352 0.38792640000000006 0.6332112
v -0.9160291199999999 0.38499936 0.62931072
v -0.92417664 0.37549632000000005 0.5947535999999999
v -0.8752003199999999 0.3812774400000001 0.60245856
v -0.90805824 0.39591936000000005 0.56371584
v -0.8885232 0.39822528000000007 0.5667888
v -0.91127328 0.39234624 0.53922432
v -0.8797632 0.39662112000000005 0.5391168
v -0.8885232 0.39822528000000007 0.5667888
v -0.55553952 0.82875648 0.54168768
v -0.55606848 0.83389056 0.5063414399999999
v -0.5594351999999999 0.82858656 0.5063414399999999
v -0.56722464 0.82168608 0.3936297599999999
v -0.5686195199999999 0.8194896 0.4300051199999999
v -0.56797728 0.80916384 0.4004841599999999
v -0.57129792 0.8159375999999999 -4.996176850719867e-17
v -0.57288384 0.8021020799999999 -4.911458724307171e-17
v -1.1611152 0.71221344 0.39835007999999994
v -1.16038176 0.730752 0.36695135999999995
v -1.15651008 0.7251215999999999 0.3326812799999999
v -1.15678176 0.73772544 0.3391401599999999
v -1.15722912 0.72372768 -4.431553933831699e-17
v -1.15678176 0.7377263999999999 -4.517271372032499e-17
v 0.45172127999999995 0.14866944000000004 0.77275008
v 0.47502432 0.11771712000000005 0.7683379199999999
v 0.51283968 0.12397248000000005 0.77089056
v 0.46308096 0.18535584000000005 0.7795017599999999
v 0.52419936 0.16065984000000005 0.7776422399999999
v 0.50089632 0.19161216000000003 0.7820544
v 0.49344959999999993 0.24005184 -1.4698935874271628e-17
v 0.52419936 0.16065984000000005 0.7776422399999999
v 0.51283968 0.12397248000000005 0.77089056
v 0.48129599999999995 0.20267616 -1.2410335530373841e-17
v 0.47502432 0.11771712000000005 0.7683379199999999
v 0.44343168 0.19620288 -1.2013961448774612e-17
v 0.45172127999999995 0.14866944000000004 0.77275008
v 0.41954976 0.22741727999999997 -1.392529220113987e-17
v 0.46308096 0.18535584000000005 0.7795017599999999
v 0.43170432 0.26479391999999996 -1.6213951328084013e-17
v 0.50089632 0.19161216000000003 0.7820544
v 0.46956864 0.2712672 -1.6610325409683242e-17
v 0.52419936 0.16065984000000005 0.7776422399999999
v 0.49344959999999993 0.24005184 -1.4698935874271628e-17
v 1.18576608 -0.15362015999999995 0.7816963199999999
v 1.16644896 -0.11814239999999994 0.7759651200000001
v 1.12856064 -0.11669471999999995 0.76980288
v 1.1630467199999999 -0.18749183999999994 0.78058944
v 1.10584128 -0.15056639999999996 0.768696
v 1.1251584 -0.18604415999999993 0.7744272
v -0.09057888 -0.36681696 0.23429376000000002
v -0.09261119999999999 -0.36769248 0.226032
v -0.16790304 -0.84123936 0.21808896000000003
v -0.16146912 -0.84243648 0.20982720000000002
v -0.09057888 -0.36681696 0.21777024
v -0.49712064 0.76380288 0.23429375999999993
v -0.49687487999999996 0.7660022400000001 0.22603199999999993
v -0.8709292799999999 1.06599936 0.21808895999999992
v -0.87515712 1.06100256 0.20982719999999994
v -0.49712064 0.76380288 0.21777023999999992
v -0.8751494400000001 1.0610688 0.22501343999999993
v -0.8773392 1.0613904 0.21675167999999995
v -1.16030016 0.73214112 0.22409567999999994
v -1.15545312 0.72774336 0.21583391999999993
v -0.8751494400000001 1.0610688 0.20848991999999994
v 0.66667968 -1.245528 0.42534432000000005
v 0.63667776 -1.24119072 0.7254182400000001
v -0.01072032 -0.91692192 0.7328083200000001
v -0.02827488 -0.93131328 0.43013760000000006
v 0.6776256 -1.30853664 8.012476038715162e-17
v -0.09647328 -0.94756896 5.802186469176933e-17
v -1.18709472 -0.7131523200000001 0.23937600000000003
v -1.1392473600000002 -0.92774496 0.23867904000000006
v -1.1333875199999999 -0.92177184 5.644224667000831e-17
v -1.2066883199999998 -0.71263104 4.3636066105452466e-17
v -1.10858688 -0.50592384 0.24007296000000006
v -1.1269574399999998 -0.49969728 3.0597633724731936e-17
v -1.01037216 -1.0329264 0.39339648000000005
v -0.83446848 -1.15124064 0.37717632000000006
v -0.44819232 -0.6043392 0.48773664
v -0.69339648 -0.43816415999999997 0.48521472
v -1.1564831999999998 -0.93465216 0.40686912000000003
v -0.91975776 -0.28475999999999996 0.48288768
v -0.9656937599999998 -0.33854687999999994 0.54168768
v -0.96180864 -0.33673343999999994 0.5063414399999999
v -0.9675820799999999 -0.33425759999999993 0.5063414399999999
v -0.9509664 -0.33825120000000003 0.39362975999999994
v -0.9485750399999999 -0.33927648 0.43000511999999996
v -0.94436448 -0.34769184 0.40048416
v -0.9446399999999999 -0.34135296 2.0901840492173724e-17
v -0.9366096 -0.35140704 2.1517475336692297e-17
v -1.1689833600000001 -0.9234537599999999 0.45528864
v -1.16303232 -0.91923456 0.42083616000000007
v -1.17135648 -0.91906368 0.41965440000000004
v -1.15359072 -0.92360928 0.35521152000000006
v -1.1501328 -0.9214031999999999 0.3917952
v -1.14210624 -0.92345472 0.3626582400000001
v -1.1234591999999999 -0.9050803199999999 5.54201858429631e-17
v -1.1365987199999998 -0.90487872 5.5407841403227705e-17
v -1.1480620799999999 -0.9386304 0.49430592000000007
v -1.13204544 -0.94522944 0.4101600000000001
v -1.127928 -0.9381542399999999 0.41077152000000006
v -1.14210624 -0.92345472 0.3626582400000001
v -1.14845472 -0.93436416 0.36171648000000006
v -0.8452473599999999 -1.13185344 0.43513536
v -0.8430604799999999 -1.12845888 0.3846624
v -0.84623136 -1.13564256 0.3846624
v -0.82664256 -1.1442710399999998 0.33914016
v -0.8217532799999999 -1.1331964799999998 0.33914016
v -0.5097456 -0.64630848 0.5202336
v -0.50033664 -0.6425904 0.49016255999999997
v -0.51654912 -0.64256064 0.49016255999999997
v -0.49645631999999995 -0.65362944 0.43396992000000006
v -0.48991488 -0.6483312 0.46491648
v -0.48185472 -0.6527721599999999 0.43980192000000007
v -0.50627808 -0.61275456 3.752039552834724e-17
v -0.49006559999999993 -0.61278432 3.752221780278437e-17
v -0.46111008 -0.6673296 0.4809100799999999
v -0.45772895999999996 -0.6718924799999999 0.567456
v -0.46038432 -0.67657824 0.567456
v -0.46609823999999994 -0.67613088 0.4809100799999999
v -0.48185472 -0.6527721599999999 0.43980192000000007
v -0.48954528 -0.6663408 0.43980192000000007
v -0.64149216 -0.66494208 0.6212591999999999
v -0.66970752 -0.35787263999999996 0.66553152
v -0.66248544 -0.35774783999999993 0.6570595199999999
v -0.63427008 -0.66481824 0.6127872
v -0.63075456 -0.8009174399999999 0.6030931199999999
v -0.62353248 -0.80079264 0.59462112
v -0.5980704 -1.05186432 0.56341344
v -0.59084832 -1.05236928 0.5549558400000001
v -0.67469952 -0.44211263999999995 0.7436860799999999
v -0.6722035199999999 -0.43714847999999995 0.69500832
v -0.67941696 -0.4388947199999999 0.69500832
v -0.66077856 -0.43045727999999994 0.53978112
v -0.6577900799999999 -0.42973343999999997 0.58987776
v -0.64805088 -0.43565856 0.54922176
v -0.65260992 -0.4289664 2.626661643508816e-17
v -0.6380975999999999 -0.43373567999999996 2.6558650609400032e-17
v -0.6092131199999999 -1.0411776 0.6253065600000001
v -0.6063667199999999 -1.035552 0.5773075200000001
v -0.61446336 -1.04187648 0.5761468800000001
v -0.59434848 -1.03977024 0.4869945600000001
v -0.5925263999999999 -1.0309776 0.5368617600000001
v -0.58344 -1.0300272 0.49655232000000005
v -0.57801024 -1.03279968 6.324074111362053e-17
v -0.5907456 -1.04273376 6.384902807734422e-17
v -0.5788684799999999 -1.0376131199999998 0.67892352
v -0.5590396799999999 -1.0410950399999999 0.5629776000000001
v -0.5598844799999999 -1.0301884799999999 0.5630092800000001
v -0.58344 -1.0300272 0.49655232000000005
v -0.58213536 -1.04684256 0.49650432000000005
v -0.0923472 -1.0526668799999999 0.61072992
v -0.09255072 -1.04728704 0.5412182400000001
v -0.09072384 -1.05754944 0.5412182400000001
v -0.06609312 -1.051872 0.47852448000000003
v -0.06890976 -1.0360483200000001 0.47852448000000003
v -0.09127295999999999 -0.4372195199999999 0.71414016
v -0.08476992 -0.4259299199999999 0.6727257600000001
v -0.10033631999999999 -0.43837439999999994 0.6727257600000001
v -0.0735696 -0.4349663999999999 0.59533824
v -0.07088736 -0.4241615999999999 0.6379584
v -0.0601488 -0.42279552 0.6033696
v -0.07947456 -0.39038688 2.3904302151056093e-17
v -0.06390816 -0.37794239999999996 2.314229752110343e-17
v -0.030391679999999997 -0.42268416 0.65998464
v -0.0240576 -0.4250515199999999 0.7791744
v -0.02342976 -0.43219775999999993 0.7791744
v -0.02921184 -0.4361078399999999 0.65998464
v -0.0601488 -0.42279552 0.6033696
v -0.0583296 -0.4434902399999999 0.6033696
v -0.9788121599999999 0.5463379199999999 0.4373347199999999
v -0.82842624 0.3866611200000001 0.48953472000000003
v -0.8326675199999999 0.3822038400000001 0.48338303999999993
v -0.98305248 0.5418816 0.4311839999999999
v -1.1626156799999998 0.7510003199999999 0.3741542399999999
v -1.1668560000000001 0.7465439999999999 0.36572639999999995
v -0.73795008 0.9663398400000001 0.43960031999999993
v -0.47753184 0.75736992 0.48493824
v -0.48177216 0.7529126399999999 0.4787865599999999
v -0.7421903999999999 0.96188352 0.43344959999999993
v -0.8838124799999999 1.0848624 0.4098959999999999
v -0.8880537599999999 1.08040608 0.40374431999999993
v -0.55553952 0.82875648 0.54168768
v -0.55437024 0.8246313599999999 0.5063414399999999
v -0.55100352 0.8299353599999999 0.5063414399999999
v -0.55760256 0.8141712 0.3936297599999999
v -0.55899744 0.8119747199999999 0.4300051199999999
v -0.56797728 0.80916384 0.4004841599999999
v -0.56167584 0.80842176 -4.950155603725349e-17
v -0.57288384 0.8021020799999999 -4.911458724307171e-17
v -0.87392352 1.0884547199999999 0.4552886399999999
v -0.8707094400000001 1.0819055999999998 0.42083615999999996
v -0.86921088 1.0900953599999998 0.4196543999999999
v -0.87653856 1.07328576 0.35521151999999995
v -0.8749132799999999 1.06951872 0.3917951999999999
v -0.87822144 1.0619232 0.36265823999999997
v -0.86306496 1.04057856 -6.37170601382681e-17
v -0.8607648 1.0535164799999999 -6.450927925404933e-17
v -0.89224896 1.07022912 0.49430591999999984
v -0.90132384 1.05547392 0.41015999999999997
v -0.8949984 1.0502783999999998 0.41077151999999995
v -0.87822144 1.0619232 0.36265823999999997
v -0.8879750399999999 1.0699353600000001 0.36171647999999995
v -1.14154944 0.75410592 0.4351353599999999
v -1.13854848 0.7514044799999999 0.3846623999999999
v -1.14513216 0.7556832 0.3846623999999999
v -1.15678176 0.73772544 0.3391401599999999
v -1.1466307199999999 0.73112928 0.3391401599999999
v -0.86498304 0.44734176000000003 0.5202336
v -0.86281728 0.43745952000000005 0.49016255999999997
v -0.86019552 0.45345888000000006 0.49016255999999997
v -0.8743353599999999 0.43539456 0.43396991999999995
v -0.8701507199999999 0.42808992000000007 0.46491647999999997
v -0.8758233599999999 0.4208438400000001 0.43980192
v -0.86509344 0.417 0.29557439999999996
v -0.8630831999999999 0.43221888 0.29193215999999994
v -0.8324159999999999 0.43855392 -2.6853682719076214e-17
v -0.8350367999999999 0.42255551999999996 -2.5874063251502268e-17
v -0.8935103999999999 0.40269312000000007 0.4809100799999999
v -0.8985552 0.4000848 0.567456
v -0.9027561599999999 0.40345536 0.567456
v -0.90140064 0.40902336000000006 0.4809100799999999
v -0.8758233599999999 0.4208438400000001 0.43980192
v -0.8879875199999999 0.43060416 0.43980192
v 0.20732064 0.26796 0.04808735999999998
v 0.24000671999999998 0.25271807999999996 0.04808735999999998
v 0.24000671999999998 0.25271807999999996 0.07561631999999999
v 0.20732064 0.26796 0.07561631999999999
v 0.17390208 0.25205568 0.04808735999999998
v 0.17390208 0.25205568 0.07561631999999999
v 0.049260479999999995 -0.015422399999999996 0.07561632
v 0.04912896 -0.015630719999999997 0.048087359999999996
v -0.048792 -0.21577439999999998 0.07561632000000001
v -0.048792 -0.21577439999999998 0.04808736000000001
v -0.034224 -0.25401216 0.04808736000000001
v -0.034224 -0.25401216 0.07561632000000001
v -0.00910848 -0.2648304 0.04808736000000001
v -0.00910848 -0.2648304 0.07561632000000001
v 0.029544 -0.25141056 0.04808736000000001
v 0.029544 -0.25141056 0.07561632000000001
v 0.10699776 -0.07990368 0.07561632
v 0.12536352 -0.03971615999999999 0.048087359999999996
v 0.14399615999999998 0.0008918400000000045 0.07561632
v 0.24930431999999997 0.21689471999999999 0.07561631999999999
v 0.24930431999999997 0.21689471999999999 0.04808735999999998
v 0.24000671999999998 0.25271807999999996 0.04808735999999998
v 0.24000671999999998 0.25271807999999996 0.07561631999999999
v 1.12856064 -0.11669471999999995 0.76980288
v 1.16644896 -0.11814239999999994 0.7759651200000001
v 1.247304 -0.0914448 5.599379080933494e-18
v 1.2089270399999998 -0.08976959999999999 5.4968026650369115e-18
v 1.10584128 -0.15056639999999996 0.768696
v 1.1888112 -0.12371807999999998 7.575547533432808e-18
v 1.1251584 -0.18604415999999993 0.7744272
v 1.20589152 -0.15928991999999997 9.753694533221898e-18
v 1.1630467199999999 -0.18749183999999994 0.78058944
v 1.2442684800000001 -0.16096512 9.85627094911848e-18
v 1.18576608 -0.15362015999999995 0.7816963199999999
v 1.26438432 -0.1270176 7.777584863768942e-18
v 1.16644896 -0.11814239999999994 0.7759651200000001
v 1.247304 -0.0914448 5.599379080933494e-18
v -1.1474688 -0.9162777599999999 0.22734336000000005
v -1.15684704 -0.91924512 0.23718048000000005
v -1.19510976 -0.70956288 0.23697984000000002
v -1.18605888 -0.7103510399999999 0.22714272000000005
v -1.11255936 -0.5059344 0.22643232000000002
v -1.12128384 -0.50138976 0.23626944000000002
v -0.15664032 -0.84359232 0.21808896000000003
v -0.08414496 -0.36801311999999997 0.226032
v -0.09057888 -0.36681696 0.23429376000000002
v -0.16146912 -0.84243648 0.22635072000000003
v -0.09057888 -0.36681696 0.21777024
v -0.08414496 -0.36801311999999997 0.226032
v -0.16146912 -0.84243648 0.20982720000000002
v -0.8393039999999999 0.35554272 0.23429375999999996
v -0.8346115199999999 0.36010464000000003 0.22603199999999996
v -1.15072128 0.73472544 0.21808895999999992
v -1.15409856 0.731088 0.22635071999999992
v -0.8346115199999999 0.36010464000000003 0.22603199999999996
v -0.8393039999999999 0.35554272 0.21777023999999995
v -1.15409856 0.731088 0.20982719999999994
v -0.8785535999999999 1.0573814400000001 0.21808895999999992
v -0.5013475199999999 0.75880704 0.22603199999999993
v -0.49712064 0.76380288 0.23429375999999993
v -0.87515712 1.06100256 0.22635071999999992
v -0.49712064 0.76380288 0.21777023999999992
v -0.5013475199999999 0.75880704 0.22603199999999993
v -0.87515712 1.06100256 0.20982719999999994
v -1.151952 0.724224 0.22409567999999994
v -0.8703023999999999 1.0566710400000001 0.21675167999999995
v -0.8751494400000001 1.0610688 0.22501343999999993
v -1.15545312 0.72774336 0.23235743999999994
v -0.8751494400000001 1.0610688 0.20848991999999994
v -0.8703023999999999 1.0566710400000001 0.21675167999999995
v -1.15545312 0.72774336 0.21583391999999993
v -0.8007648 -1.1444688 0.39835008
v -0.8191833599999999 -1.14670944 0.36695136000000006
v -0.81424416 -1.1419872 0.33268128
v -0.82664256 -1.1442710399999998 0.33914016
v -0.82664256 -1.1442710399999998 7.006639332465064e-17
v -0.81275232 -1.14247392 6.995635146186647e-17
v -0.02701248 -0.45007583999999995 0.77781792
v -0.03066144 -0.4617100799999999 0.73944864
v -0.00711456 -0.42993311999999995 0.7402944
v -0.01275264 -0.4302086399999999 0.7740239999999999
v 0.01761888 -0.4264819199999999 0.81676896
v -0.01813152 -0.4762915199999999 0.8262816
v 0.0029539199999999996 -0.42759935999999993 0.86436096
v -0.015144959999999997 -0.45281567999999994 0.8691763199999999
v -0.01988544 -0.40672991999999997 0.86973216
v -0.037984319999999995 -0.43194527999999993 0.87454848
v -0.015144959999999997 -0.45281567999999994 0.8691763199999999
v -0.04114464 -1.0321728 0.5600697600000001
v -0.05728896 -1.04878656 0.5168275200000001
v -0.055752 -1.0398432 0.46963104000000006
v -0.06609312 -1.051872 0.47852448000000003
v -0.06609312 -1.051872 6.440858389563623e-17
v -0.053991359999999995 -1.03922592 6.363423482594816e-17
v -0.9101904 0.41502144 0.5664710399999999
v -0.9142425599999999 0.4233504 0.53861088
v -0.91127328 0.39234624 0.53922432
v -0.90805824 0.39591936000000005 0.56371584
v -0.92417664 0.37549632000000005 0.5947535999999999
v -0.92952192 0.4233888 0.6016608
v -0.9160291199999999 0.38499936 0.62931072
v -0.9187353599999999 0.40924512 0.63280704
v -0.8912352 0.38792640000000006 0.6332112
v -0.89394048 0.41217216000000007 0.63670848
v -0.9187353599999999 0.40924512 0.63280704
v -0.08767679999999999 -0.95750592 0.07931328000000004
v -0.0010991999999999998 -0.91081728 0.07931328000000004
v -0.061514879999999994 -0.87644544 5.3666805136164684e-17
v -0.12394176 -0.95279232 5.834170324700904e-17
v -0.04297247999999999 -1.00046976 0.07931328000000006
v -0.02693568 -0.94646208 0.10648704000000005
v -0.0493488 -1.0176192 6.231120480154451e-17
v 0.017000639999999997 -0.9783667199999999 0.07931328000000004
v 0.0099072 -0.98465184 6.029253620652758e-17
v -0.07829664 -0.22651295999999999 0.07561632000000001
v -0.10903104 -0.23901888 1.4635685316389265e-17
v -0.07110912 -0.28814688 1.7643907713814823e-17
v -0.05215296 -0.2701488 0.07561632000000001
v -0.00997632 -0.28892352 0.07561632000000001
v -0.01157856 -0.31501344 1.928901004921984e-17
v 0.04025952 -0.28090464 0.07561632000000001
v 0.05043552 -0.31248672 1.9134293071202758e-17
v 0.12704928 -0.09166463999999999 0.07561632
v 0.17207232 -0.062544 3.829715470293603e-18
v 0.16421664 -0.010697279999999995 0.07561632
v 0.29980703999999997 0.23585855999999997 -1.4442171527775197e-17
v 0.27127296 0.22489056 0.07561631999999999
v 0.27112415999999995 0.28072223999999996 -1.7189279633273753e-17
v 0.253488 0.264672 0.07561631999999999
v 0.20781312 0.28597056 0.07561631999999999
v 0.2087712 0.30979776 -1.8969641758350996e-17
v 0.16590623999999998 0.27402432 0.07561631999999999
v 0.1559664 0.30293279999999995 -1.8549284193837264e-17
v 0.01541568 0.007968959999999999 -4.879580678266646e-19
v 0.03858528 -0.0017836799999999954 0.07561632
v -0.07829664 -0.22651295999999999 0.07561632000000001
v -0.10903104 -0.23901888 1.4635685316389265e-17
v -0.9454617599999999 -0.35430143999999997 0.243912
v -0.80059584 -0.39200063999999996 0.24285215999999998
v -0.7999353599999999 -0.38760575999999997 0.2327568
v -0.9479424 -0.34765727999999996 0.23407488
v -0.8014742399999999 -0.39429408 0.22291968
v -1.11255936 -0.5059344 0.24610656000000006
v -1.12128384 -0.50138976 0.23626944000000002
v -0.9454617599999999 -0.35430143999999997 0.22423776000000004
v -1.11255936 -0.5059344 0.22643232000000002
v -1.12128384 -0.50138976 0.23626944000000002
v -1.00667712 -0.397464 0.08519520000000003
v -1.00191072 -0.411696 -0.00004895999999997479
v -0.9710678399999999 -0.39738335999999996 -0.000048959999999975665
v -0.9688876799999999 -0.36068064 0.08519520000000003
v -0.9547891199999999 -0.36582912 -0.0000489599999999776
v -1.0075948799999999 -0.3587184 0.10512768000000002
v -0.94934496 -0.33196992 -0.00004895999999997967
v -0.97408512 -0.30820223999999996 0.08519520000000001
v -1.0158451199999998 -0.3179136 0.09514368000000001
v -0.96126912 -0.30038976 -0.0000489599999999816
v -1.00334496 -0.29085792 0.06000384000000002
v -1.02096192 -0.2837376 -0.000048959999999982624
v -1.04362848 -0.33579264 0.09252864000000002
v -1.05335136 -0.30760128 0.06000384000000002
v -1.0626921599999999 -0.30148223999999996 -0.000048959999999981533
v -1.0075948799999999 -0.3587184 0.10512768000000002
v -1.07143872 -0.35713824 0.06000384000000003
v -1.09292448 -0.34141535999999995 -0.00004895999999997909
v -1.08447264 -0.3736848 -0.00004895999999997712
v -1.0586928 -0.39756288 -0.00004895999999997566
v -1.041864 -0.3643872 0.10512768000000002
v -1.05899616 -0.39085248 0.08519520000000003
v -1.00667712 -0.397464 0.08519520000000003
v -1.00191072 -0.411696 -0.00004895999999997479
v 0.47704992 1.2031046399999998 0.12483167999999993
v 0.49847808000000005 1.2079948799999998 -7.396835315891954e-17
v 0.48207168 1.25500704 -7.684701772216971e-17
v 0.42890111999999997 1.2634809599999999 0.12483167999999993
v 0.4384368 1.28328384 -7.857847235267621e-17
v 0.42045503999999995 1.2073584 0.1540204799999999
v 0.38988192 1.29610464 -7.936351993680162e-17
v 0.35167584 1.2634809599999999 0.12483167999999993
v 0.35980128 1.2012239999999998 0.1394006399999999
v 0.3421392 1.28328384 -7.857847235267621e-17
v 0.32217695999999996 1.2233443199999998 0.08794079999999992
v 0.30925823999999996 1.1987001599999998 -7.339921570407099e-17
v 0.38184576 1.15815552 0.13557023999999993
v 0.33936096 1.1480544 0.08794079999999993
v 0.32909568 1.13532576 -6.951865289867681e-17
v 0.42045503999999995 1.2073584 0.1540204799999999
v 0.40893791999999995 1.1145484799999998 0.08794079999999993
v 0.38292672 1.08550656 -6.646810670787271e-17
v 0.43117056 1.0931663999999999 -6.693713663477176e-17
v 0.46968768 1.12728768 -6.902646245151229e-17
v 0.42377087999999996 1.1566003200000001 0.1540204799999999
v 0.45986592 1.12781472 0.12483167999999993
v 0.47704992 1.2031046399999998 0.12483167999999993
v 0.49847808000000005 1.2079948799999998 -7.396835315891954e-17
v 0.7272288 1.1228256 0.5798121599999999
v 0.7468598399999999 1.16166144 0.5318649599999999
v 0.7297632 1.18188576 0.5333443199999999
v 0.7321526399999999 1.1155296 0.5659910399999999
v 0.68051136 1.07884224 0.5565119999999999
v 0.7373164799999999 1.14395808 0.5287823999999999
v 0.72021792 1.1148892799999999 0.5549337599999998
v 0.72074976 1.14027456 0.52968288
v 0.7297632 1.18188576 0.5333443199999999
v 0.71659968 1.20487872 0.5318649599999999
v 0.67338816 1.1997168 0.5798121599999999
v 0.6682166399999999 1.20683904 0.5659910399999999
v 0.6160800000000001 1.17086016 0.5565119999999999
v 0.69669984 1.2019651199999999 0.5287823999999999
v 0.66353376 1.1958432 0.5549337599999998
v 0.68757216 1.18765824 0.52968288
v 0.67338816 1.1997168 0.5798121599999999
v 0.6747129599999999 1.1929276800000002 0.56824128
v 0.7297632 1.18188576 0.5333443199999999
v 0.68757216 1.18765824 0.52968288
v 0.66353376 1.1958432 0.5549337599999998
v 0.6160800000000001 1.17086016 0.5565119999999999
v 0.67338816 1.1997168 0.5798121599999999
v 0.05754624 -0.65493504 4.010320501927219e-17
v -0.09647328 -0.94756896 5.802186469176933e-17
v -0.02827488 -0.93131328 0.43013760000000006
v 0.09633599999999999 -0.60909792 0.41110080000000004
v -0.01072032 -0.91692192 0.7328083200000001
v 0.16617695999999998 -0.58629792 0.70988256
v 0.19403424 -0.37514783999999995 0.24422784
v 0.14595648 -0.38796384 2.3755933742045794e-17
v 0.20968992 -0.38235551999999995 0.4409952
v 0.23914368 -0.27841056000000003 0.24422784
v 0.22151808 -0.3643295999999999 0.47661215999999995
v 0.45412224 0.23318496 -1.427846074366518e-17
v 0.34770816 -0.17695391999999993 0.73280832
v 0.23147424 -0.3454300799999999 0.48851808
v 0.24545472000000002 -0.31545023999999994 0.48851808
v 0.25353216 -0.29567519999999997 0.47661215999999995
v 0.2597376 -0.27502656 0.4409952
v 0.3398448 -0.06093407999999999 0.24422784
v 0.39208607999999995 0.05043648000000001 0.24422784
v 0.36187104 -0.05600255999999997 0.4409952
v 0.48830495999999995 0.15477216000000005 0.73280832
v 0.37372128 -0.03792767999999997 0.47661215999999995
v 0.40706783999999996 0.040923840000000024 0.4409952
v 0.38370047999999995 -0.01898111999999997 0.48851808
v 0.40083936 0.02022816000000003 0.47661215999999995
v 0.39273984 0.0004041600000000299 0.48851808
v 0.66667968 -1.245528 0.42534432000000005
v 0.6776256 -1.30853664 8.012476038715162e-17
v 0.8193907199999999 -1.00452 6.150911013397496e-17
v 0.80790144 -0.93782208 0.4389984
v 0.63667776 -1.24119072 0.7254182400000001
v 0.79262304 -0.8887881599999999 0.72329856
v 0.91330752 -0.7130976 0.44241696
v 0.92397408 -0.7147948799999999 0.24553728000000005
v 0.92144736 -0.68852448 0.47580576
v 1.02881952 -0.6256934399999999 3.831267342717482e-17
v 0.9311712 -0.66471456 0.48920736
v 0.97489056 -0.61996608 0.24553728000000005
v 0.94195776 -0.64141344 0.48920736
v 1.22822016 -0.12778368 7.824493734763483e-18
v 0.99102624 -0.48566975999999995 0.72601632
v 0.9538089599999999 -0.6186172799999999 0.47580576
v 1.07795136 -0.39969888 0.24553728
v 0.96724992 -0.59657184 0.44241696
v 1.1271129599999998 -0.29352384000000004 0.24553728
v 1.06574016 -0.38417183999999993 0.44241695999999997
v 1.1458848 -0.15186239999999993 0.73287744
v 1.0722 -0.36337247999999994 0.47580575999999997
v 1.11136512 -0.28632959999999996 0.44241695999999997
v 1.08025248 -0.34331327999999994 0.48920736
v 1.0995705599999999 -0.3046751999999999 0.47580575999999997
v 1.0893753599999998 -0.32374943999999994 0.48920736
v -0.05215296 -0.2701488 0.07561632000000001
v -0.034224 -0.25401216 0.07561632000000001
v -0.048792 -0.21577439999999998 0.07561632000000001
v -0.00910848 -0.2648304 0.07561632000000001
v -0.07829664 -0.22651295999999999 0.07561632000000001
v -0.00997632 -0.28892352 0.07561632000000001
v 0.049260479999999995 -0.015422399999999996 0.07561632
v 0.029544 -0.25141056 0.07561632000000001
v 0.03858528 -0.0017836799999999954 0.07561632
v 0.04025952 -0.28090464 0.07561632000000001
v 0.17390208 0.25205568 0.07561631999999999
v 0.12704928 -0.09166463999999999 0.07561632
v 0.16590623999999998 0.27402432 0.07561631999999999
v 0.10699776 -0.07990368 0.07561632
v 0.20781312 0.28597056 0.07561631999999999
v 0.16421664 -0.010697279999999995 0.07561632
v 0.20732064 0.26796 0.07561631999999999
v 0.14399615999999998 0.0008918400000000045 0.07561632
v 0.253488 0.264672 0.07561631999999999
v 0.27127296 0.22489056 0.07561631999999999
v 0.24000671999999998 0.25271807999999996 0.07561631999999999
v 0.24930431999999997 0.21689471999999999 0.07561631999999999
v -0.31671648 1.25656128 0.04215839999999992
v -0.3182928 1.26402336 -7.739910809357413e-17
v -0.35196384 1.27452 -7.804184192246423e-17
v -0.28328736 1.20873888 -7.401391001984783e-17
v -0.37654751999999997 1.25432256 0.04215839999999992
v -0.38450976000000003 1.2693887999999998 -7.772764653967498e-17
v -0.41370912 1.2423580799999998 -7.607249230334255e-17
v -0.29656128000000004 1.2210844799999998 0.029758079999999926
v -0.29610048 1.15712256 -7.085332196625956e-17
v -0.33103008 1.22375424 0.05196959999999993
v -0.30769248 1.16225568 0.02975807999999993
v -0.33957887999999997 1.12954944 -6.916495530873426e-17
v -0.3258288 1.17764352 0.04526879999999993
v -0.36062688 1.1342784 0.02975807999999993
v -0.4095216 1.13720064 -6.963345618821608e-17
v -0.35161248 1.16689344 0.04705535999999992
v -0.3966048 1.14831552 0.04215839999999993
v -0.42576095999999997 1.1700191999999998 -7.164301341104734e-17
v -0.41210112 1.20614976 0.04215839999999993
v -0.42884448000000003 1.2093168 -7.4049297413756e-17
vt 0.889642 0.996237
vt 0.887287 0.996237
vt 0.887472 0.917907
vt 0.887472 0.917907
vt 0.889425 0.917786
vt 0.889642 0.996237
vt 0.926932 0.778804
vt 0.929535 0.778804
vt 0.929535 0.995863
vt 0.285810 0.468120
vt 0.286270 0.495850
vt 0.281728 0.495952
vt 0.281728 0.495952
vt 0.281559 0.468278
vt 0.285810 0.468120
vt 0.285810 0.468120
vt 0.286270 0.495850
vt 0.281728 0.495952
vt 0.281728 0.495952
vt 0.281559 0.468278
vt 0.285810 0.468120
vt 0.929535 0.995863
vt 0.929535 0.778804
vt 0.926932 0.778804
vt 0.926932 0.778804
vt 0.929535 0.778804
vt 0.929535 0.995863
vt 0.926932 0.778804
vt 0.929535 0.778804
vt 0.929535 0.995863
vt 0.285810 0.468120
vt 0.286270 0.495850
vt 0.281728 0.495952
vt 0.281728 0.495952
vt 0.281559 0.468278
vt 0.285810 0.468120
vt 0.889642 0.852718
vt 0.889642 0.996237
vt 0.887287 0.996237
vt 0.887287 0.996237
vt 0.887287 0.852718
vt 0.889642 0.852718
vt 0.901308 0.866823
vt 0.901308 0.995851
vt 0.898843 0.995851
vt 0.898843 0.995851
vt 0.898842 0.866823
vt 0.901308 0.866823
vt 0.436553 0.161808
vt 0.436554 0.148002
vt 0.455739 0.148002
vt 0.455739 0.148002
vt 0.455738 0.161808
vt 0.436553 0.161808
vt 0.433622 0.185003
vt 0.433622 0.171198
vt 0.454407 0.171198
vt 0.454407 0.171198
vt 0.454407 0.185003
vt 0.433622 0.185003
vt 0.455202 0.125122
vt 0.455202 0.138928
vt 0.436241 0.138928
vt 0.436241 0.138928
vt 0.436241 0.125122
vt 0.455202 0.125122
vt 0.455816 0.101917
vt 0.455816 0.115723
vt 0.433973 0.115723
vt 0.433973 0.115723
vt 0.433973 0.101917
vt 0.455816 0.101917
vt 0.548370 0.160169
vt 0.548370 0.187531
vt 0.459846 0.187531
vt 0.459846 0.187531
vt 0.459846 0.160169
vt 0.548370 0.160169
vt 0.151093 0.059985
vt 0.151093 0.124792
vt 0.148992 0.124792
vt 0.148992 0.124792
vt 0.148992 0.059985
vt 0.151093 0.059985
vt 0.330786 0.131850
vt 0.293767 0.131850
vt 0.293767 0.128025
vt 0.293767 0.128025
vt 0.330786 0.128025
vt 0.330786 0.131850
vt 0.251020 0.173149
vt 0.292069 0.173149
vt 0.292069 0.177135
vt 0.292069 0.177135
vt 0.251020 0.177135
vt 0.251020 0.173149
vt 0.298173 0.162090
vt 0.332378 0.162090
vt 0.332378 0.166127
vt 0.332378 0.166127
vt 0.298173 0.166127
vt 0.298173 0.162090
vt 0.322636 0.109679
vt 0.290787 0.109679
vt 0.290787 0.105857
vt 0.290787 0.105857
vt 0.322636 0.105857
vt 0.322636 0.109679
vt 0.240596 0.052794
vt 0.400816 0.052794
vt 0.400816 0.057530
vt 0.400816 0.057530
vt 0.240596 0.057530
vt 0.240596 0.052794
vt 0.866032 0.352826
vt 0.894678 0.352826
vt 0.894678 0.358377
vt 0.894678 0.358377
vt 0.866032 0.358377
vt 0.866032 0.352826
vt 0.859320 0.293963
vt 0.887981 0.293963
vt 0.887981 0.299387
vt 0.887981 0.299387
vt 0.859320 0.299387
vt 0.859320 0.293963
vt 0.979757 0.703327
vt 0.979757 0.711082
vt 0.972586 0.711082
vt 0.972586 0.711082
vt 0.972586 0.703327
vt 0.979757 0.703327
vt 0.670044 0.031977
vt 0.670044 0.039902
vt 0.644832 0.039902
vt 0.644832 0.039902
vt 0.644832 0.031977
vt 0.670044 0.031977
vt 0.613901 0.032070
vt 0.613901 0.040688
vt 0.588706 0.040688
vt 0.588706 0.040688
vt 0.588706 0.032070
vt 0.613901 0.032070
vt 0.981923 0.637875
vt 0.986912 0.637875
vt 0.986912 0.681973
vt 0.986912 0.681973
vt 0.981923 0.681973
vt 0.981923 0.637875
vt 0.583925 0.032057
vt 0.583994 0.040587
vt 0.560897 0.040587
vt 0.560897 0.040587
vt 0.560827 0.032057
vt 0.583925 0.032057
vt 0.526258 0.032286
vt 0.526258 0.041018
vt 0.505069 0.041018
vt 0.505069 0.041018
vt 0.505069 0.032286
vt 0.526258 0.032286
vt 0.695575 0.048197
vt 0.674385 0.048197
vt 0.674385 0.039982
vt 0.674385 0.039982
vt 0.695575 0.039982
vt 0.695575 0.048197
vt 0.883271 0.643070
vt 0.883271 0.680158
vt 0.878578 0.680158
vt 0.878578 0.680158
vt 0.878578 0.643070
vt 0.883271 0.643070
vt 0.639318 0.040199
vt 0.618129 0.040199
vt 0.618129 0.031985
vt 0.618129 0.031985
vt 0.639318 0.031985
vt 0.639318 0.040199
vt 0.827409 0.069403
vt 0.819167 0.069805
vt 0.819207 0.066378
vt 0.788768 0.467295
vt 0.762151 0.469293
vt 0.767815 0.459132
vt 0.788768 0.467295
vt 0.769594 0.484052
vt 0.768695 0.477733
vt 0.788768 0.467295
vt 0.768695 0.477733
vt 0.762151 0.469293
vt 0.789255 0.063979
vt 0.819207 0.066378
vt 0.819167 0.069805
vt 0.819167 0.069805
vt 0.789179 0.070493
vt 0.789255 0.063979
vt 0.789179 0.070493
vt 0.701255 0.070493
vt 0.701332 0.063979
vt 0.701332 0.063979
vt 0.789255 0.063979
vt 0.789179 0.070493
vt 0.807712 0.145128
vt 0.816098 0.139976
vt 0.801120 0.151668
vt 0.807712 0.145128
vt 0.807644 0.138406
vt 0.816098 0.139976
vt 0.910889 0.548402
vt 0.910889 0.574323
vt 0.893397 0.577181
vt 0.872888 0.521749
vt 0.893397 0.516751
vt 0.893397 0.545581
vt 0.893397 0.545581
vt 0.872888 0.547774
vt 0.872888 0.521749
vt 0.827409 0.069403
vt 0.819167 0.069805
vt 0.819207 0.066378
vt 0.788768 0.467295
vt 0.762151 0.469293
vt 0.767815 0.459132
vt 0.788768 0.467295
vt 0.769594 0.484052
vt 0.768695 0.477733
vt 0.788768 0.467295
vt 0.768695 0.477733
vt 0.762151 0.469293
vt 0.789255 0.063979
vt 0.819207 0.066378
vt 0.819167 0.069805
vt 0.819167 0.069805
vt 0.789179 0.070493
vt 0.789255 0.063979
vt 0.789179 0.070493
vt 0.701255 0.070493
vt 0.701332 0.063979
vt 0.701332 0.063979
vt 0.789255 0.063979
vt 0.789179 0.070493
vt 0.807712 0.145128
vt 0.816098 0.139976
vt 0.801120 0.151668
vt 0.807712 0.145128
vt 0.807644 0.138406
vt 0.816098 0.139976
vt 0.910889 0.548402
vt 0.910889 0.574323
vt 0.893397 0.577181
vt 0.872888 0.521749
vt 0.893397 0.516751
vt 0.893397 0.545581
vt 0.893397 0.545581
vt 0.872888 0.547774
vt 0.872888 0.521749
vt 0.763966 0.105355
vt 0.801392 0.105355
vt 0.801392 0.111450
vt 0.827409 0.069403
vt 0.819167 0.069805
vt 0.819207 0.066378
vt 0.788768 0.467295
vt 0.762151 0.469293
vt 0.767815 0.459132
vt 0.788768 0.467295
vt 0.769594 0.484052
vt 0.768695 0.477733
vt 0.788768 0.467295
vt 0.768695 0.477733
vt 0.762151 0.469293
vt 0.789255 0.063979
vt 0.819207 0.066378
vt 0.819167 0.069805
vt 0.819167 0.069805
vt 0.789179 0.070493
vt 0.789255 0.063979
vt 0.789179 0.070493
vt 0.701255 0.070493
vt 0.701332 0.063979
vt 0.701332 0.063979
vt 0.789255 0.063979
vt 0.789179 0.070493
vt 0.807712 0.145128
vt 0.816098 0.139976
vt 0.801120 0.151668
vt 0.807712 0.145128
vt 0.807644 0.138406
vt 0.816098 0.139976
vt 0.826338 0.558132
vt 0.829398 0.534889
vt 0.834572 0.552728
vt 0.773177 0.555614
vt 0.765135 0.549526
vt 0.770803 0.532231
vt 0.968526 0.081096
vt 0.978776 0.097813
vt 0.969895 0.107333
vt 0.875425 0.887935
vt 0.875424 0.799899
vt 0.878181 0.799899
vt 0.878181 0.887935
vt 0.875425 0.887935
vt 0.873032 0.887935
vt 0.873032 0.799900
vt 0.875424 0.799899
vt 0.875425 0.887935
vt 0.873032 0.887935
vt 0.870669 0.887935
vt 0.870668 0.799900
vt 0.873032 0.799900
vt 0.873032 0.887935
vt 0.870669 0.887935
vt 0.887287 0.996237
vt 0.884926 0.996237
vt 0.885144 0.918024
vt 0.885144 0.918024
vt 0.887472 0.917907
vt 0.887287 0.852718
vt 0.885144 0.918024
vt 0.885144 0.918024
vt 0.884926 0.852718
vt 0.887472 0.917907
vt 0.887287 0.852718
vt 0.889642 0.852718
vt 0.889425 0.917786
vt 0.887472 0.917907
vt 0.786131 0.417287
vt 0.738530 0.417287
vt 0.738530 0.412961
vt 0.738530 0.412961
vt 0.786131 0.412961
vt 0.786131 0.404379
vt 0.738530 0.404379
vt 0.738530 0.400093
vt 0.786131 0.400093
vt 0.786131 0.404379
vt 0.786131 0.408674
vt 0.738530 0.408674
vt 0.738530 0.404379
vt 0.786131 0.404379
vt 0.786131 0.408674
vt 0.870889 0.691105
vt 0.870889 0.792895
vt 0.868258 0.792895
vt 0.868257 0.691105
vt 0.870889 0.691105
vt 0.873374 0.691104
vt 0.873374 0.792895
vt 0.870889 0.792895
vt 0.870889 0.691105
vt 0.873374 0.691104
vt 0.875728 0.691104
vt 0.875728 0.792895
vt 0.873374 0.792895
vt 0.873374 0.691104
vt 0.875728 0.691104
vt 0.875425 0.887935
vt 0.875424 0.799899
vt 0.878181 0.799899
vt 0.878181 0.887935
vt 0.875425 0.887935
vt 0.873032 0.887935
vt 0.873032 0.799900
vt 0.875424 0.799899
vt 0.875425 0.887935
vt 0.873032 0.887935
vt 0.870669 0.887935
vt 0.870668 0.799900
vt 0.873032 0.799900
vt 0.873032 0.887935
vt 0.870669 0.887935
vt 0.294565 0.432483
vt 0.295025 0.460213
vt 0.290482 0.460315
vt 0.290482 0.460315
vt 0.290314 0.432641
vt 0.281810 0.432526
vt 0.281397 0.460192
vt 0.276856 0.459968
vt 0.277560 0.432253
vt 0.281810 0.432526
vt 0.286061 0.432642
vt 0.285939 0.460383
vt 0.281397 0.460192
vt 0.281810 0.432526
vt 0.286061 0.432642
vt 0.290060 0.467846
vt 0.290809 0.495491
vt 0.286270 0.495850
vt 0.285810 0.468120
vt 0.290060 0.467846
vt 0.459696 0.082025
vt 0.583523 0.082025
vt 0.583523 0.090371
vt 0.583523 0.090371
vt 0.459696 0.090371
vt 0.459696 0.108128
vt 0.583523 0.108128
vt 0.583523 0.116683
vt 0.459696 0.116683
vt 0.459696 0.108128
vt 0.459696 0.099087
vt 0.583523 0.099087
vt 0.583523 0.108128
vt 0.459696 0.108128
vt 0.459696 0.099087
vt 0.294565 0.432483
vt 0.295025 0.460213
vt 0.290482 0.460315
vt 0.290482 0.460315
vt 0.290314 0.432641
vt 0.281810 0.432526
vt 0.281397 0.460192
vt 0.276856 0.459968
vt 0.277560 0.432253
vt 0.281810 0.432526
vt 0.286061 0.432642
vt 0.285939 0.460383
vt 0.281397 0.460192
vt 0.281810 0.432526
vt 0.286061 0.432642
vt 0.290060 0.467846
vt 0.290809 0.495491
vt 0.286270 0.495850
vt 0.285810 0.468120
vt 0.290060 0.467846
vt 0.459696 0.082025
vt 0.583523 0.082025
vt 0.583523 0.090371
vt 0.583523 0.090371
vt 0.459696 0.090371
vt 0.459696 0.108128
vt 0.583523 0.108128
vt 0.583523 0.116683
vt 0.459696 0.116683
vt 0.459696 0.108128
vt 0.459696 0.099087
vt 0.583523 0.099087
vt 0.583523 0.108128
vt 0.459696 0.108128
vt 0.459696 0.099087
vt 0.294565 0.432483
vt 0.295025 0.460213
vt 0.290482 0.460315
vt 0.290482 0.460315
vt 0.290314 0.432641
vt 0.281810 0.432526
vt 0.281397 0.460192
vt 0.276856 0.459968
vt 0.277560 0.432253
vt 0.281810 0.432526
vt 0.286061 0.432642
vt 0.285939 0.460383
vt 0.281397 0.460192
vt 0.281810 0.432526
vt 0.286061 0.432642
vt 0.290060 0.467846
vt 0.290809 0.495491
vt 0.286270 0.495850
vt 0.285810 0.468120
vt 0.290060 0.467846
vt 0.459696 0.082025
vt 0.583523 0.082025
vt 0.583523 0.090371
vt 0.583523 0.090371
vt 0.459696 0.090371
vt 0.459696 0.108128
vt 0.583523 0.108128
vt 0.583523 0.116683
vt 0.459696 0.116683
vt 0.459696 0.108128
vt 0.459696 0.099087
vt 0.583523 0.099087
vt 0.583523 0.108128
vt 0.459696 0.108128
vt 0.459696 0.099087
vt 0.917802 0.996079
vt 0.917801 0.875471
vt 0.920259 0.875471
vt 0.920259 0.996079
vt 0.917802 0.996079
vt 0.915593 0.996079
vt 0.915593 0.875471
vt 0.917801 0.875471
vt 0.917802 0.996079
vt 0.915593 0.996079
vt 0.913010 0.996079
vt 0.913010 0.875471
vt 0.915593 0.875471
vt 0.915593 0.996079
vt 0.913010 0.996079
vt 0.917802 0.996079
vt 0.917801 0.875471
vt 0.920259 0.875471
vt 0.920259 0.996079
vt 0.917802 0.996079
vt 0.915593 0.996079
vt 0.915593 0.875471
vt 0.917801 0.875471
vt 0.917802 0.996079
vt 0.915593 0.996079
vt 0.913010 0.996079
vt 0.913010 0.875471
vt 0.915593 0.875471
vt 0.915593 0.996079
vt 0.913010 0.996079
vt 0.917802 0.996079
vt 0.917801 0.875471
vt 0.920259 0.875471
vt 0.920259 0.996079
vt 0.917802 0.996079
vt 0.915593 0.996079
vt 0.915593 0.875471
vt 0.917801 0.875471
vt 0.917802 0.996079
vt 0.915593 0.996079
vt 0.913010 0.996079
vt 0.913010 0.875471
vt 0.915593 0.875471
vt 0.915593 0.996079
vt 0.913010 0.996079
vt 0.887287 0.852718
vt 0.887287 0.996237
vt 0.884926 0.996237
vt 0.884926 0.996237
vt 0.884926 0.852718
vt 0.903798 0.866823
vt 0.903798 0.995851
vt 0.901308 0.995851
vt 0.901308 0.866823
vt 0.903798 0.866823
vt 0.251020 0.169239
vt 0.292069 0.169239
vt 0.292069 0.173149
vt 0.251020 0.173149
vt 0.251020 0.169239
vt 0.298173 0.157954
vt 0.332378 0.157954
vt 0.332378 0.162090
vt 0.298173 0.162090
vt 0.298173 0.157954
vt 0.247698 0.180865
vt 0.206734 0.180865
vt 0.206734 0.177203
vt 0.206734 0.177203
vt 0.247698 0.177203
vt 0.247698 0.169901
vt 0.206734 0.169901
vt 0.206734 0.166099
vt 0.247698 0.166099
vt 0.247698 0.169901
vt 0.247698 0.173660
vt 0.206734 0.173660
vt 0.206734 0.169901
vt 0.247698 0.169901
vt 0.247698 0.173660
vt 0.322636 0.113501
vt 0.290787 0.113501
vt 0.290787 0.109679
vt 0.322636 0.109679
vt 0.322636 0.113501
vt 0.247609 0.101876
vt 0.286323 0.101876
vt 0.286323 0.105771
vt 0.286323 0.105771
vt 0.247609 0.105771
vt 0.247609 0.113483
vt 0.286323 0.113483
vt 0.286323 0.117471
vt 0.247609 0.117471
vt 0.247609 0.113483
vt 0.247609 0.109535
vt 0.286323 0.109535
vt 0.286323 0.113483
vt 0.247609 0.113483
vt 0.247609 0.109535
vt 0.289325 0.139665
vt 0.247639 0.139665
vt 0.247639 0.135924
vt 0.247639 0.135924
vt 0.289325 0.135924
vt 0.289325 0.128397
vt 0.247639 0.128397
vt 0.247639 0.124476
vt 0.289325 0.124476
vt 0.289325 0.128397
vt 0.289325 0.131973
vt 0.247639 0.131973
vt 0.247639 0.128397
vt 0.289325 0.128397
vt 0.289325 0.131973
vt 0.201948 0.181269
vt 0.160946 0.181269
vt 0.160946 0.177425
vt 0.160946 0.177425
vt 0.201948 0.177425
vt 0.201948 0.169459
vt 0.160946 0.169459
vt 0.160946 0.165714
vt 0.201948 0.165714
vt 0.201948 0.169459
vt 0.201948 0.173359
vt 0.160946 0.173359
vt 0.160946 0.169459
vt 0.201948 0.169459
vt 0.201948 0.173359
vt 0.240596 0.062271
vt 0.400816 0.062271
vt 0.400816 0.066796
vt 0.240596 0.066796
vt 0.240596 0.062271
vt 0.240405 0.089790
vt 0.400738 0.089788
vt 0.400738 0.094530
vt 0.240405 0.094532
vt 0.240405 0.089790
vt 0.240405 0.084883
vt 0.400738 0.084881
vt 0.400738 0.089788
vt 0.240405 0.089790
vt 0.240405 0.084883
vt 0.240405 0.080142
vt 0.400738 0.080140
vt 0.400738 0.084881
vt 0.240405 0.084883
vt 0.240405 0.080142
vt 0.866032 0.364131
vt 0.894678 0.364131
vt 0.894678 0.369885
vt 0.866032 0.369885
vt 0.866032 0.364131
vt 0.731655 0.273141
vt 0.662915 0.273141
vt 0.662915 0.268741
vt 0.731655 0.268741
vt 0.731655 0.273141
vt 0.731655 0.278162
vt 0.662915 0.278162
vt 0.662915 0.273141
vt 0.731655 0.273141
vt 0.731655 0.278162
vt 0.731655 0.282955
vt 0.662915 0.282955
vt 0.662915 0.278162
vt 0.731655 0.278162
vt 0.731655 0.282955
vt 0.669017 0.226946
vt 0.737747 0.226946
vt 0.737747 0.231618
vt 0.669017 0.231618
vt 0.669017 0.226946
vt 0.669017 0.222157
vt 0.737747 0.222157
vt 0.737747 0.226946
vt 0.669017 0.226946
vt 0.669017 0.222157
vt 0.669017 0.217364
vt 0.737747 0.217364
vt 0.737747 0.222157
vt 0.669017 0.222157
vt 0.669017 0.217364
vt 0.863033 0.333003
vt 0.891680 0.333003
vt 0.891680 0.338756
vt 0.863033 0.338756
vt 0.863033 0.333003
vt 0.863040 0.327249
vt 0.891687 0.327249
vt 0.891680 0.333003
vt 0.863033 0.333003
vt 0.863040 0.327249
vt 0.863040 0.321495
vt 0.891687 0.321495
vt 0.891687 0.327249
vt 0.863040 0.327249
vt 0.863040 0.321495
vt 0.670172 0.199551
vt 0.744789 0.199551
vt 0.744789 0.204057
vt 0.670172 0.204057
vt 0.670172 0.199551
vt 0.670172 0.194641
vt 0.744789 0.194641
vt 0.744789 0.199551
vt 0.670172 0.199551
vt 0.670172 0.194641
vt 0.670172 0.189848
vt 0.744789 0.189848
vt 0.744789 0.194641
vt 0.670172 0.194641
vt 0.670172 0.189848
vt 0.740249 0.244781
vt 0.665626 0.244781
vt 0.665626 0.239487
vt 0.740249 0.239487
vt 0.740249 0.244781
vt 0.740249 0.250072
vt 0.665626 0.250072
vt 0.665626 0.244781
vt 0.740249 0.244781
vt 0.740249 0.250072
vt 0.740249 0.255339
vt 0.665626 0.255339
vt 0.665626 0.250072
vt 0.740249 0.250072
vt 0.740249 0.255339
vt 0.859320 0.288595
vt 0.887981 0.288595
vt 0.887981 0.293963
vt 0.859320 0.293963
vt 0.859320 0.288595
vt 0.556281 0.023801
vt 0.556281 0.032419
vt 0.531088 0.032419
vt 0.531088 0.032419
vt 0.531088 0.023801
vt 0.556281 0.049716
vt 0.556281 0.058255
vt 0.531088 0.058255
vt 0.531088 0.049716
vt 0.556281 0.049716
vt 0.556281 0.041110
vt 0.556281 0.049716
vt 0.531088 0.049716
vt 0.531088 0.041110
vt 0.556281 0.041110
vt 0.994350 0.621316
vt 0.989426 0.621316
vt 0.989426 0.577218
vt 0.989426 0.577218
vt 0.994350 0.577218
vt 0.979525 0.621355
vt 0.974601 0.621355
vt 0.974601 0.577257
vt 0.979525 0.577257
vt 0.979525 0.621355
vt 0.984502 0.621316
vt 0.979525 0.621355
vt 0.979525 0.577257
vt 0.984502 0.577218
vt 0.984502 0.621316
vt 0.979757 0.718837
vt 0.979758 0.726593
vt 0.972585 0.726593
vt 0.972585 0.718837
vt 0.979757 0.718837
vt 0.670044 0.047772
vt 0.670044 0.055782
vt 0.644832 0.055782
vt 0.644832 0.047772
vt 0.670044 0.047772
vt 0.470902 0.023739
vt 0.470902 0.032357
vt 0.445708 0.032357
vt 0.445708 0.032357
vt 0.445708 0.023739
vt 0.470902 0.049715
vt 0.470902 0.058333
vt 0.445708 0.058333
vt 0.445708 0.049715
vt 0.470902 0.049715
vt 0.470902 0.040975
vt 0.470902 0.049715
vt 0.445708 0.049715
vt 0.445708 0.040975
vt 0.470902 0.040975
vt 0.613887 0.048837
vt 0.613887 0.057455
vt 0.588693 0.057455
vt 0.588693 0.048837
vt 0.613887 0.048837
vt 0.991901 0.637875
vt 0.996890 0.637874
vt 0.996890 0.681973
vt 0.991901 0.681973
vt 0.991901 0.637875
vt 0.583994 0.049319
vt 0.583994 0.058052
vt 0.560897 0.058052
vt 0.560897 0.049319
vt 0.583994 0.049319
vt 0.441662 0.046780
vt 0.441662 0.054538
vt 0.414504 0.054538
vt 0.414487 0.046780
vt 0.441662 0.046780
vt 0.441662 0.039021
vt 0.441662 0.046780
vt 0.414487 0.046780
vt 0.414470 0.039021
vt 0.441662 0.039021
vt 0.441662 0.031056
vt 0.441662 0.039021
vt 0.414470 0.039021
vt 0.414388 0.031056
vt 0.441662 0.031056
vt 0.526258 0.049841
vt 0.526292 0.058665
vt 0.505103 0.058665
vt 0.505103 0.049841
vt 0.526258 0.049841
vt 0.695521 0.032179
vt 0.674332 0.032179
vt 0.674332 0.023964
vt 0.695521 0.023964
vt 0.695521 0.032179
vt 0.500890 0.052185
vt 0.475265 0.052185
vt 0.475265 0.044948
vt 0.475265 0.044948
vt 0.500890 0.044948
vt 0.500990 0.030587
vt 0.475265 0.030587
vt 0.475265 0.023350
vt 0.500990 0.023350
vt 0.500990 0.030587
vt 0.500890 0.037712
vt 0.475265 0.037712
vt 0.475265 0.030587
vt 0.500990 0.030587
vt 0.500890 0.037712
vt 0.873939 0.642976
vt 0.873940 0.680064
vt 0.869247 0.680065
vt 0.869246 0.642977
vt 0.873939 0.642976
vt 0.639264 0.048366
vt 0.618129 0.048366
vt 0.618129 0.040199
vt 0.639318 0.040199
vt 0.639264 0.048366
vt 0.949236 0.996009
vt 0.949236 0.745159
vt 0.952582 0.745159
vt 0.952582 0.996009
vt 0.949236 0.996009
vt 0.942679 0.996009
vt 0.942678 0.745159
vt 0.945524 0.745159
vt 0.945525 0.996009
vt 0.942679 0.996009
vt 0.949236 0.745159
vt 0.949236 0.996009
vt 0.945524 0.745159
vt 0.960188 0.745053
vt 0.960188 0.995974
vt 0.957325 0.995974
vt 0.957325 0.745053
vt 0.960188 0.745053
vt 0.963618 0.745053
vt 0.963618 0.995974
vt 0.960188 0.995974
vt 0.960188 0.745053
vt 0.963618 0.745053
vt 0.966496 0.745053
vt 0.966497 0.995974
vt 0.963618 0.995974
vt 0.963618 0.745053
vt 0.966496 0.745053
vt 0.784927 0.033981
vt 0.700440 0.033981
vt 0.700440 0.024558
vt 0.784927 0.024558
vt 0.784927 0.033981
vt 0.792116 0.024558
vt 0.784927 0.033981
vt 0.784927 0.033981
vt 0.799659 0.026711
vt 0.799499 0.034724
vt 0.784927 0.033981
vt 0.807333 0.032894
vt 0.799499 0.034724
vt 0.784927 0.050815
vt 0.700440 0.050815
vt 0.700440 0.044194
vt 0.700440 0.044194
vt 0.784927 0.044194
vt 0.816438 0.017640
vt 0.838524 0.017966
vt 0.838954 0.024401
vt 0.844382 0.025894
vt 0.838524 0.017966
vt 0.838524 0.017966
vt 0.848637 0.019240
vt 0.836436 0.033996
vt 0.824132 0.035299
vt 0.825377 0.027634
vt 0.815219 0.022045
vt 0.824132 0.035299
vt 0.824132 0.035299
vt 0.811464 0.032158
vt 0.801120 0.138406
vt 0.801120 0.145128
vt 0.715117 0.145128
vt 0.715117 0.138406
vt 0.801120 0.138406
vt 0.825186 0.103234
vt 0.816628 0.118011
vt 0.816628 0.111450
vt 0.816628 0.111450
vt 0.801392 0.118011
vt 0.697655 0.111450
vt 0.801392 0.111450
vt 0.809156 0.111450
vt 0.816628 0.111450
vt 0.697655 0.118011
vt 0.697655 0.111450
vt 0.809156 0.111450
vt 0.801392 0.111450
vt 0.679076 0.100324
vt 0.656398 0.103554
vt 0.655705 0.099486
vt 0.677761 0.092273
vt 0.679076 0.100324
vt 0.688539 0.086859
vt 0.691690 0.097876
vt 0.691690 0.097876
vt 0.679076 0.100324
vt 0.801392 0.105355
vt 0.801392 0.111450
vt 0.697655 0.111450
vt 0.697655 0.105355
vt 0.801392 0.105355
vt 0.949236 0.996009
vt 0.949236 0.745159
vt 0.952582 0.745159
vt 0.952582 0.996009
vt 0.949236 0.996009
vt 0.942679 0.996009
vt 0.942678 0.745159
vt 0.945524 0.745159
vt 0.945525 0.996009
vt 0.942679 0.996009
vt 0.949236 0.745159
vt 0.949236 0.996009
vt 0.945524 0.745159
vt 0.960188 0.886745
vt 0.960188 0.995974
vt 0.957325 0.995974
vt 0.957325 0.886745
vt 0.960188 0.886745
vt 0.960188 0.818473
vt 0.960188 0.886745
vt 0.957325 0.818473
vt 0.960188 0.818473
vt 0.957325 0.745053
vt 0.960188 0.745053
vt 0.960188 0.745053
vt 0.960188 0.818473
vt 0.963618 0.886745
vt 0.963618 0.995974
vt 0.960188 0.995974
vt 0.960188 0.886745
vt 0.963618 0.886745
vt 0.963618 0.818473
vt 0.963618 0.886745
vt 0.960188 0.818473
vt 0.963618 0.818473
vt 0.960188 0.745053
vt 0.963618 0.745053
vt 0.963618 0.745053
vt 0.963618 0.818473
vt 0.966496 0.886745
vt 0.966497 0.995974
vt 0.963618 0.995974
vt 0.963618 0.886745
vt 0.966496 0.886745
vt 0.966496 0.818473
vt 0.966496 0.886745
vt 0.963618 0.818473
vt 0.966496 0.818473
vt 0.963618 0.745053
vt 0.966496 0.745053
vt 0.966496 0.745053
vt 0.966496 0.818473
vt 0.856724 0.523281
vt 0.872888 0.521749
vt 0.872888 0.547774
vt 0.872888 0.547774
vt 0.856724 0.551212
vt 0.893397 0.577181
vt 0.893397 0.545581
vt 0.910889 0.548402
vt 0.872888 0.547774
vt 0.893397 0.577181
vt 0.893397 0.577181
vt 0.872888 0.573956
vt 0.856724 0.551212
vt 0.856724 0.577030
vt 0.910889 0.521732
vt 0.910889 0.548402
vt 0.893397 0.545581
vt 0.893397 0.545581
vt 0.893397 0.516751
vt 0.784927 0.033981
vt 0.700440 0.033981
vt 0.700440 0.024558
vt 0.784927 0.024558
vt 0.784927 0.033981
vt 0.792116 0.024558
vt 0.784927 0.033981
vt 0.784927 0.033981
vt 0.799659 0.026711
vt 0.799499 0.034724
vt 0.784927 0.033981
vt 0.807333 0.032894
vt 0.799499 0.034724
vt 0.784927 0.050815
vt 0.700440 0.050815
vt 0.700440 0.044194
vt 0.700440 0.044194
vt 0.784927 0.044194
vt 0.816438 0.017640
vt 0.838524 0.017966
vt 0.838954 0.024401
vt 0.844382 0.025894
vt 0.838524 0.017966
vt 0.838524 0.017966
vt 0.848637 0.019240
vt 0.836436 0.033996
vt 0.824132 0.035299
vt 0.825377 0.027634
vt 0.815219 0.022045
vt 0.824132 0.035299
vt 0.824132 0.035299
vt 0.811464 0.032158
vt 0.801120 0.138406
vt 0.801120 0.145128
vt 0.715117 0.145128
vt 0.715117 0.138406
vt 0.801120 0.138406
vt 0.825186 0.103234
vt 0.816628 0.118011
vt 0.816628 0.111450
vt 0.816628 0.111450
vt 0.801392 0.118011
vt 0.697655 0.111450
vt 0.801392 0.111450
vt 0.809156 0.111450
vt 0.816628 0.111450
vt 0.697655 0.118011
vt 0.697655 0.111450
vt 0.809156 0.111450
vt 0.801392 0.111450
vt 0.679076 0.100324
vt 0.656398 0.103554
vt 0.655705 0.099486
vt 0.677761 0.092273
vt 0.679076 0.100324
vt 0.688539 0.086859
vt 0.691690 0.097876
vt 0.691690 0.097876
vt 0.679076 0.100324
vt 0.801392 0.105355
vt 0.801392 0.111450
vt 0.697655 0.111450
vt 0.697655 0.105355
vt 0.801392 0.105355
vt 0.949236 0.845402
vt 0.949236 0.745159
vt 0.952582 0.745159
vt 0.952582 0.845402
vt 0.949236 0.845402
vt 0.949236 0.996009
vt 0.949236 0.845402
vt 0.952582 0.996009
vt 0.949236 0.996009
vt 0.945525 0.845402
vt 0.945524 0.745159
vt 0.949236 0.745159
vt 0.949236 0.845402
vt 0.945525 0.845402
vt 0.945525 0.996009
vt 0.945525 0.845402
vt 0.949236 0.996009
vt 0.945525 0.845402
vt 0.942679 0.996009
vt 0.942679 0.996009
vt 0.942679 0.845402
vt 0.945524 0.745159
vt 0.942679 0.845402
vt 0.942679 0.845402
vt 0.942678 0.745159
vt 0.960188 0.818473
vt 0.960188 0.995974
vt 0.957325 0.995974
vt 0.957325 0.818473
vt 0.960188 0.818473
vt 0.957325 0.745053
vt 0.960188 0.745053
vt 0.960188 0.745053
vt 0.960188 0.818473
vt 0.963618 0.818473
vt 0.963618 0.995974
vt 0.960188 0.995974
vt 0.960188 0.818473
vt 0.963618 0.818473
vt 0.960188 0.745053
vt 0.963618 0.745053
vt 0.963618 0.745053
vt 0.963618 0.818473
vt 0.966496 0.818473
vt 0.966497 0.995974
vt 0.963618 0.995974
vt 0.963618 0.818473
vt 0.966496 0.818473
vt 0.963618 0.745053
vt 0.966496 0.745053
vt 0.966496 0.745053
vt 0.966496 0.818473
vt 0.856724 0.523281
vt 0.872888 0.521749
vt 0.872888 0.547774
vt 0.872888 0.547774
vt 0.856724 0.551212
vt 0.893397 0.577181
vt 0.893397 0.545581
vt 0.910889 0.548402
vt 0.872888 0.547774
vt 0.893397 0.577181
vt 0.893397 0.577181
vt 0.872888 0.573956
vt 0.856724 0.551212
vt 0.856724 0.577030
vt 0.910889 0.521732
vt 0.910889 0.548402
vt 0.893397 0.545581
vt 0.893397 0.545581
vt 0.893397 0.516751
vt 0.784927 0.033981
vt 0.700440 0.033981
vt 0.700440 0.024558
vt 0.784927 0.024558
vt 0.784927 0.033981
vt 0.792116 0.024558
vt 0.784927 0.033981
vt 0.784927 0.033981
vt 0.799659 0.026711
vt 0.799499 0.034724
vt 0.784927 0.033981
vt 0.807333 0.032894
vt 0.799499 0.034724
vt 0.784927 0.050815
vt 0.700440 0.050815
vt 0.700440 0.044194
vt 0.700440 0.044194
vt 0.784927 0.044194
vt 0.801392 0.111450
vt 0.763966 0.111450
vt 0.763966 0.105355
vt 0.763966 0.105355
vt 0.697655 0.111450
vt 0.697655 0.105355
vt 0.763966 0.105355
vt 0.816438 0.017640
vt 0.838524 0.017966
vt 0.838954 0.024401
vt 0.844382 0.025894
vt 0.838524 0.017966
vt 0.838524 0.017966
vt 0.848637 0.019240
vt 0.836436 0.033996
vt 0.824132 0.035299
vt 0.825377 0.027634
vt 0.815219 0.022045
vt 0.824132 0.035299
vt 0.824132 0.035299
vt 0.811464 0.032158
vt 0.801120 0.138406
vt 0.801120 0.145128
vt 0.715117 0.145128
vt 0.715117 0.138406
vt 0.801120 0.138406
vt 0.825186 0.103234
vt 0.816628 0.118011
vt 0.816628 0.111450
vt 0.816628 0.111450
vt 0.801392 0.118011
vt 0.809156 0.111450
vt 0.816628 0.111450
vt 0.763966 0.111450
vt 0.801392 0.111450
vt 0.809156 0.111450
vt 0.763966 0.118011
vt 0.763966 0.111450
vt 0.697655 0.118011
vt 0.697655 0.111450
vt 0.697655 0.111450
vt 0.763966 0.111450
vt 0.679076 0.100324
vt 0.656398 0.103554
vt 0.655705 0.099486
vt 0.677761 0.092273
vt 0.679076 0.100324
vt 0.688539 0.086859
vt 0.691690 0.097876
vt 0.691690 0.097876
vt 0.679076 0.100324
vt 0.791355 0.529740
vt 0.784236 0.539567
vt 0.770803 0.532231
vt 0.773177 0.555614
vt 0.770803 0.532231
vt 0.795279 0.490841
vt 0.791355 0.529740
vt 0.778235 0.565780
vt 0.784236 0.539567
vt 0.788524 0.476194
vt 0.795279 0.490841
vt 0.795279 0.490841
vt 0.770803 0.532231
vt 0.795279 0.490841
vt 0.800158 0.529303
vt 0.784236 0.539567
vt 0.786485 0.568366
vt 0.784236 0.539567
vt 0.793266 0.551862
vt 0.784236 0.539567
vt 0.791355 0.529740
vt 0.799495 0.572879
vt 0.806381 0.552547
vt 0.793609 0.559229
vt 0.812630 0.569622
vt 0.813121 0.531759
vt 0.820965 0.567835
vt 0.813121 0.531759
vt 0.813121 0.531759
vt 0.826338 0.558132
vt 0.829398 0.534889
vt 0.808875 0.530582
vt 0.829398 0.534889
vt 0.806101 0.491386
vt 0.808875 0.530582
vt 0.813121 0.531759
vt 0.800158 0.529303
vt 0.806101 0.491386
vt 0.808875 0.530582
vt 0.791355 0.529740
vt 0.791355 0.529740
vt 0.795279 0.490841
vt 0.795279 0.490841
vt 0.806101 0.491386
vt 0.966656 0.095721
vt 0.960042 0.094758
vt 0.958706 0.080983
vt 0.968526 0.081096
vt 0.966656 0.095721
vt 0.968228 0.126908
vt 0.969895 0.107333
vt 0.978776 0.097813
vt 0.973829 0.142837
vt 0.968228 0.126908
vt 0.958956 0.138265
vt 0.968228 0.126908
vt 0.963678 0.151082
vt 0.958956 0.138265
vt 0.958706 0.080983
vt 0.968526 0.081096
vt 0.966656 0.095721
vt 0.966656 0.095721
vt 0.960042 0.094758
vt 0.969895 0.107333
vt 0.968526 0.081096
vt 0.958956 0.138265
vt 0.968228 0.126908
vt 0.852814 0.163439
vt 0.829230 0.153816
vt 0.862663 0.028723
vt 0.862663 0.028723
vt 0.871764 0.054505
vt 0.977457 0.052348
vt 0.979266 0.015622
vt 0.898842 0.866823
vt 0.901308 0.866823
vt 0.901239 0.926387
vt 0.901239 0.926387
vt 0.898822 0.926304
vt 0.896375 0.866823
vt 0.896424 0.926380
vt 0.898843 0.995851
vt 0.901239 0.926387
vt 0.896376 0.995851
vt 0.901239 0.926387
vt 0.901308 0.995851
vt 0.827409 0.069403
vt 0.819610 0.076653
vt 0.819316 0.073189
vt 0.796526 0.077262
vt 0.819316 0.073189
vt 0.797168 0.083748
vt 0.796526 0.077262
vt 0.807935 0.040741
vt 0.799659 0.048253
vt 0.799659 0.043023
vt 0.792116 0.044194
vt 0.799659 0.043023
vt 0.792116 0.050815
vt 0.792116 0.044194
vt 0.816376 0.012518
vt 0.839392 0.004917
vt 0.839727 0.008300
vt 0.844996 0.002270
vt 0.845513 0.007490
vt 0.845513 0.007490
vt 0.839727 0.008300
vt 0.815898 0.014747
vt 0.839727 0.008300
vt 0.838365 0.014324
vt 0.845513 0.007490
vt 0.848708 0.013947
vt 0.848708 0.013947
vt 0.838365 0.014324
vt 0.836535 0.041536
vt 0.824705 0.051545
vt 0.824267 0.047392
vt 0.814219 0.056554
vt 0.813454 0.050170
vt 0.813454 0.050170
vt 0.824267 0.047392
vt 0.836535 0.041536
vt 0.824267 0.047392
vt 0.823906 0.039411
vt 0.813454 0.050170
vt 0.811130 0.038643
vt 0.811130 0.038643
vt 0.823906 0.039411
vt 0.807712 0.145128
vt 0.801120 0.151668
vt 0.801120 0.145128
vt 0.715117 0.151668
vt 0.715117 0.145128
vt 0.715117 0.145128
vt 0.801120 0.145128
vt 0.825186 0.103234
vt 0.816628 0.111450
vt 0.816628 0.105355
vt 0.808908 0.105355
vt 0.816628 0.105355
vt 0.809156 0.111450
vt 0.808908 0.105355
vt 0.679218 0.104540
vt 0.691764 0.104354
vt 0.688790 0.115492
vt 0.678223 0.114666
vt 0.679218 0.104540
vt 0.686143 0.121903
vt 0.656375 0.105610
vt 0.679218 0.104540
vt 0.655890 0.110909
vt 0.656375 0.105610
vt 0.827409 0.069403
vt 0.819610 0.076653
vt 0.819316 0.073189
vt 0.796526 0.077262
vt 0.819316 0.073189
vt 0.797168 0.083748
vt 0.796526 0.077262
vt 0.807935 0.040741
vt 0.799659 0.048253
vt 0.799659 0.043023
vt 0.792116 0.044194
vt 0.799659 0.043023
vt 0.792116 0.050815
vt 0.792116 0.044194
vt 0.816376 0.012518
vt 0.839392 0.004917
vt 0.839727 0.008300
vt 0.844996 0.002270
vt 0.845513 0.007490
vt 0.845513 0.007490
vt 0.839727 0.008300
vt 0.815898 0.014747
vt 0.839727 0.008300
vt 0.838365 0.014324
vt 0.845513 0.007490
vt 0.848708 0.013947
vt 0.848708 0.013947
vt 0.838365 0.014324
vt 0.836535 0.041536
vt 0.824705 0.051545
vt 0.824267 0.047392
vt 0.814219 0.056554
vt 0.813454 0.050170
vt 0.813454 0.050170
vt 0.824267 0.047392
vt 0.836535 0.041536
vt 0.824267 0.047392
vt 0.823906 0.039411
vt 0.813454 0.050170
vt 0.811130 0.038643
vt 0.811130 0.038643
vt 0.823906 0.039411
vt 0.807712 0.145128
vt 0.801120 0.151668
vt 0.801120 0.145128
vt 0.715117 0.151668
vt 0.715117 0.145128
vt 0.715117 0.145128
vt 0.801120 0.145128
vt 0.825186 0.103234
vt 0.816628 0.111450
vt 0.816628 0.105355
vt 0.808908 0.105355
vt 0.816628 0.105355
vt 0.809156 0.111450
vt 0.808908 0.105355
vt 0.679218 0.104540
vt 0.691764 0.104354
vt 0.688790 0.115492
vt 0.678223 0.114666
vt 0.679218 0.104540
vt 0.686143 0.121903
vt 0.656375 0.105610
vt 0.679218 0.104540
vt 0.655890 0.110909
vt 0.656375 0.105610
vt 0.827409 0.069403
vt 0.819610 0.076653
vt 0.819316 0.073189
vt 0.796526 0.077262
vt 0.819316 0.073189
vt 0.797168 0.083748
vt 0.796526 0.077262
vt 0.807935 0.040741
vt 0.799659 0.048253
vt 0.799659 0.043023
vt 0.792116 0.044194
vt 0.799659 0.043023
vt 0.792116 0.050815
vt 0.792116 0.044194
vt 0.816376 0.012518
vt 0.839392 0.004917
vt 0.839727 0.008300
vt 0.844996 0.002270
vt 0.845513 0.007490
vt 0.845513 0.007490
vt 0.839727 0.008300
vt 0.815898 0.014747
vt 0.839727 0.008300
vt 0.838365 0.014324
vt 0.845513 0.007490
vt 0.848708 0.013947
vt 0.848708 0.013947
vt 0.838365 0.014324
vt 0.836535 0.041536
vt 0.824705 0.051545
vt 0.824267 0.047392
vt 0.814219 0.056554
vt 0.813454 0.050170
vt 0.813454 0.050170
vt 0.824267 0.047392
vt 0.836535 0.041536
vt 0.824267 0.047392
vt 0.823906 0.039411
vt 0.813454 0.050170
vt 0.811130 0.038643
vt 0.811130 0.038643
vt 0.823906 0.039411
vt 0.807712 0.145128
vt 0.801120 0.151668
vt 0.801120 0.145128
vt 0.715117 0.151668
vt 0.715117 0.145128
vt 0.715117 0.145128
vt 0.801120 0.145128
vt 0.825186 0.103234
vt 0.816628 0.111450
vt 0.816628 0.105355
vt 0.808908 0.105355
vt 0.816628 0.105355
vt 0.809156 0.111450
vt 0.808908 0.105355
vt 0.679218 0.104540
vt 0.691764 0.104354
vt 0.688790 0.115492
vt 0.678223 0.114666
vt 0.679218 0.104540
vt 0.686143 0.121903
vt 0.656375 0.105610
vt 0.679218 0.104540
vt 0.655890 0.110909
vt 0.656375 0.105610
vt 0.958956 0.138265
vt 0.968228 0.126908
vt 0.973829 0.142837
vt 0.963678 0.151082
vt 0.958956 0.138265
vt 0.978776 0.097813
vt 0.968228 0.126908
vt 0.969895 0.107333
vt 0.958956 0.138265
vt 0.966656 0.095721
vt 0.968526 0.081096
vt 0.968526 0.081096
vt 0.978776 0.097813
vt 0.745936 0.516779
vt 0.759024 0.517848
vt 0.757360 0.535728
vt 0.743816 0.538755
vt 0.745936 0.516779
vt 0.748906 0.551694
vt 0.737601 0.559988
vt 0.732785 0.549598
vt 0.727420 0.521046
vt 0.745936 0.516779
vt 0.745936 0.516779
vt 0.728220 0.486430
vt 0.757370 0.501430
vt 0.759024 0.517848
vt 0.749258 0.486746
vt 0.738497 0.466322
vt 0.746242 0.457766
vt 0.889642 0.852718
vt 0.891990 0.852718
vt 0.891590 0.917908
vt 0.889425 0.917786
vt 0.889642 0.852718
vt 0.889642 0.996237
vt 0.891990 0.996237
vt 0.769752 0.588390
vt 0.768790 0.582398
vt 0.791049 0.596453
vt 0.751362 0.575976
vt 0.769752 0.588390
vt 0.757671 0.566303
vt 0.770493 0.573306
vt 0.791049 0.596453
vt 0.868238 0.887935
vt 0.868238 0.799900
vt 0.870668 0.799900
vt 0.870669 0.887935
vt 0.786131 0.412961
vt 0.738530 0.412961
vt 0.738530 0.408674
vt 0.786131 0.408674
vt 0.878223 0.691104
vt 0.878223 0.792895
vt 0.875728 0.792895
vt 0.875728 0.691104
vt 0.868238 0.887935
vt 0.868238 0.799900
vt 0.870668 0.799900
vt 0.870669 0.887935
vt 0.913003 0.855924
vt 0.913003 0.765619
vt 0.915569 0.765619
vt 0.915569 0.855923
vt 0.910809 0.855924
vt 0.910809 0.765619
vt 0.913003 0.765619
vt 0.913003 0.855924
vt 0.917964 0.855923
vt 0.917963 0.765619
vt 0.920359 0.765619
vt 0.920359 0.855923
vt 0.915569 0.855923
vt 0.915569 0.765619
vt 0.917963 0.765619
vt 0.917964 0.855923
vt 0.913003 0.855924
vt 0.913003 0.765619
vt 0.915569 0.765619
vt 0.915569 0.855923
vt 0.910809 0.855924
vt 0.910809 0.765619
vt 0.913003 0.765619
vt 0.913003 0.855924
vt 0.917964 0.855923
vt 0.917963 0.765619
vt 0.920359 0.765619
vt 0.920359 0.855923
vt 0.915569 0.855923
vt 0.915569 0.765619
vt 0.917963 0.765619
vt 0.917964 0.855923
vt 0.290314 0.432641
vt 0.290482 0.460315
vt 0.285939 0.460383
vt 0.286061 0.432642
vt 0.294305 0.467415
vt 0.295346 0.495097
vt 0.290809 0.495491
vt 0.290060 0.467846
vt 0.281559 0.468278
vt 0.281728 0.495952
vt 0.277185 0.496020
vt 0.277307 0.468279
vt 0.459696 0.090371
vt 0.583523 0.090371
vt 0.583523 0.099087
vt 0.459696 0.099087
vt 0.290314 0.432641
vt 0.290482 0.460315
vt 0.285939 0.460383
vt 0.286061 0.432642
vt 0.294305 0.467415
vt 0.295346 0.495097
vt 0.290809 0.495491
vt 0.290060 0.467846
vt 0.281559 0.468278
vt 0.281728 0.495952
vt 0.277185 0.496020
vt 0.277307 0.468279
vt 0.459696 0.090371
vt 0.583523 0.090371
vt 0.583523 0.099087
vt 0.459696 0.099087
vt 0.913003 0.855924
vt 0.915569 0.855923
vt 0.915569 0.765619
vt 0.913003 0.765619
vt 0.910809 0.855924
vt 0.913003 0.855924
vt 0.913003 0.765619
vt 0.910809 0.765619
vt 0.917964 0.855923
vt 0.920359 0.855923
vt 0.920359 0.765619
vt 0.917963 0.765619
vt 0.915569 0.855923
vt 0.917964 0.855923
vt 0.917963 0.765619
vt 0.915569 0.765619
vt 0.913003 0.855924
vt 0.913003 0.765619
vt 0.915569 0.765619
vt 0.915569 0.855923
vt 0.910809 0.855924
vt 0.910809 0.765619
vt 0.913003 0.765619
vt 0.913003 0.855924
vt 0.917964 0.855923
vt 0.917963 0.765619
vt 0.920359 0.765619
vt 0.920359 0.855923
vt 0.915569 0.855923
vt 0.915569 0.765619
vt 0.917963 0.765619
vt 0.917964 0.855923
vt 0.290314 0.432641
vt 0.290482 0.460315
vt 0.285939 0.460383
vt 0.286061 0.432642
vt 0.294305 0.467415
vt 0.295346 0.495097
vt 0.290809 0.495491
vt 0.290060 0.467846
vt 0.281559 0.468278
vt 0.281728 0.495952
vt 0.277185 0.496020
vt 0.277307 0.468279
vt 0.459696 0.090371
vt 0.583523 0.090371
vt 0.583523 0.099087
vt 0.459696 0.099087
vt 0.913003 0.855924
vt 0.913003 0.765619
vt 0.915569 0.765619
vt 0.915569 0.855923
vt 0.910809 0.855924
vt 0.910809 0.765619
vt 0.913003 0.765619
vt 0.913003 0.855924
vt 0.917964 0.855923
vt 0.917963 0.765619
vt 0.920359 0.765619
vt 0.920359 0.855923
vt 0.915569 0.855923
vt 0.915569 0.765619
vt 0.917963 0.765619
vt 0.917964 0.855923
vt 0.910510 0.996079
vt 0.910510 0.875471
vt 0.913010 0.875471
vt 0.913010 0.996079
vt 0.913003 0.855924
vt 0.913003 0.765619
vt 0.915569 0.765619
vt 0.915569 0.855923
vt 0.910809 0.855924
vt 0.910809 0.765619
vt 0.913003 0.765619
vt 0.913003 0.855924
vt 0.917964 0.855923
vt 0.917963 0.765619
vt 0.920359 0.765619
vt 0.920359 0.855923
vt 0.915569 0.855923
vt 0.915569 0.765619
vt 0.917963 0.765619
vt 0.917964 0.855923
vt 0.910510 0.996079
vt 0.910510 0.875471
vt 0.913010 0.875471
vt 0.913010 0.996079
vt 0.913614 0.863689
vt 0.916196 0.863689
vt 0.916196 0.869131
vt 0.913614 0.869131
vt 0.913003 0.855924
vt 0.913003 0.765619
vt 0.915569 0.765619
vt 0.915569 0.855923
vt 0.910809 0.855924
vt 0.910809 0.765619
vt 0.913003 0.765619
vt 0.913003 0.855924
vt 0.917964 0.855923
vt 0.917963 0.765619
vt 0.920359 0.765619
vt 0.920359 0.855923
vt 0.915569 0.855923
vt 0.915569 0.765619
vt 0.917963 0.765619
vt 0.917964 0.855923
vt 0.910510 0.996079
vt 0.910510 0.875471
vt 0.913010 0.875471
vt 0.913010 0.996079
vt 0.884926 0.996237
vt 0.882586 0.996237
vt 0.882585 0.852718
vt 0.884926 0.852718
vt 0.891990 0.996237
vt 0.889642 0.996237
vt 0.889642 0.852718
vt 0.891990 0.852718
vt 0.903798 0.866823
vt 0.906268 0.866823
vt 0.906268 0.995851
vt 0.903798 0.995851
vt 0.896375 0.866823
vt 0.898842 0.866823
vt 0.898843 0.995851
vt 0.896376 0.995851
vt 0.953236 0.229299
vt 0.953238 0.103264
vt 0.880708 0.103261
vt 0.869102 0.229295
vt 0.953236 0.229299
vt 0.953238 0.103264
vt 0.880708 0.103261
vt 0.869102 0.229295
vt 0.953236 0.222985
vt 0.953238 0.103264
vt 0.880708 0.103261
vt 0.869392 0.226146
vt 0.727042 0.714494
vt 0.722748 0.714494
vt 0.722748 0.679032
vt 0.727042 0.679032
vt 0.647939 0.735573
vt 0.647939 0.727397
vt 0.718184 0.727397
vt 0.718184 0.735573
vt 0.638479 0.678594
vt 0.643704 0.678594
vt 0.643704 0.714055
vt 0.638479 0.714055
vt 0.718184 0.658866
vt 0.718184 0.666679
vt 0.647939 0.666679
vt 0.647939 0.658866
vt 0.718184 0.679032
vt 0.718184 0.714494
vt 0.647939 0.714494
vt 0.647939 0.679032
vt 0.459978 0.152915
vt 0.459978 0.125553
vt 0.548502 0.125553
vt 0.548502 0.152915
vt 0.295784 0.279778
vt 0.295784 0.274334
vt 0.319267 0.274334
vt 0.319267 0.279778
vt 0.319471 0.174020
vt 0.319471 0.179461
vt 0.295988 0.179462
vt 0.295988 0.174020
vt 0.325789 0.268623
vt 0.322721 0.268623
vt 0.322721 0.187212
vt 0.325789 0.187212
vt 0.319471 0.267807
vt 0.295988 0.267807
vt 0.295988 0.186397
vt 0.319471 0.186397
vt 0.711547 0.339612
vt 0.709057 0.339612
vt 0.709057 0.316252
vt 0.711547 0.316252
vt 0.659956 0.343726
vt 0.659956 0.339612
vt 0.709057 0.339612
vt 0.709057 0.343726
vt 0.657503 0.316252
vt 0.659956 0.316252
vt 0.659956 0.339612
vt 0.657503 0.339612
vt 0.709057 0.311902
vt 0.709057 0.316252
vt 0.659956 0.316252
vt 0.659956 0.311902
vt 0.709057 0.316252
vt 0.709057 0.339612
vt 0.659956 0.339612
vt 0.659956 0.316252
vt 0.286184 0.149053
vt 0.286184 0.145369
vt 0.288285 0.145369
vt 0.288285 0.149053
vt 0.153222 0.059985
vt 0.153223 0.124792
vt 0.151093 0.124792
vt 0.151093 0.059985
vt 0.153223 0.124792
vt 0.153222 0.059985
vt 0.155417 0.059985
vt 0.155417 0.124792
vt 0.148992 0.059985
vt 0.148992 0.124792
vt 0.146538 0.124792
vt 0.146538 0.059985
vt 0.279386 0.148986
vt 0.279386 0.145178
vt 0.281515 0.145178
vt 0.281515 0.148986
vt 0.305152 0.145879
vt 0.307299 0.145879
vt 0.307299 0.149705
vt 0.305152 0.149705
vt 0.330786 0.135742
vt 0.293767 0.135742
vt 0.293767 0.131850
vt 0.330786 0.131850
vt 0.293767 0.135742
vt 0.330786 0.135742
vt 0.330786 0.139664
vt 0.293767 0.139664
vt 0.330786 0.128025
vt 0.293767 0.128025
vt 0.293767 0.124327
vt 0.330786 0.124327
vt 0.311600 0.145525
vt 0.313739 0.145525
vt 0.313739 0.149417
vt 0.311600 0.149417
vt 0.274487 0.158409
vt 0.274487 0.154500
vt 0.276581 0.154500
vt 0.276581 0.158409
vt 0.251020 0.165558
vt 0.292069 0.165558
vt 0.292069 0.169239
vt 0.251020 0.169239
vt 0.251020 0.177135
vt 0.292069 0.177135
vt 0.292069 0.180433
vt 0.251020 0.180433
vt 0.241718 0.157248
vt 0.241718 0.153262
vt 0.243796 0.153262
vt 0.243796 0.157248
vt 0.293038 0.149306
vt 0.293038 0.145170
vt 0.295121 0.145170
vt 0.295121 0.149306
vt 0.298173 0.154452
vt 0.332378 0.154452
vt 0.332378 0.157954
vt 0.298173 0.157954
vt 0.298173 0.166127
vt 0.332378 0.166127
vt 0.332378 0.169176
vt 0.298173 0.169176
vt 0.298906 0.149237
vt 0.298906 0.145200
vt 0.300992 0.145200
vt 0.300992 0.149237
vt 0.268216 0.157824
vt 0.268216 0.154280
vt 0.270278 0.154280
vt 0.270278 0.157824
vt 0.247698 0.177203
vt 0.206734 0.177203
vt 0.206734 0.173660
vt 0.247698 0.173660
vt 0.287053 0.158026
vt 0.287053 0.154318
vt 0.289239 0.154267
vt 0.289239 0.158026
vt 0.317318 0.146053
vt 0.319397 0.146053
vt 0.319397 0.149875
vt 0.317318 0.149875
vt 0.322636 0.117099
vt 0.290787 0.117099
vt 0.290787 0.113501
vt 0.322636 0.113501
vt 0.322636 0.105857
vt 0.290787 0.105857
vt 0.290787 0.102260
vt 0.322636 0.102260
vt 0.322550 0.146531
vt 0.324629 0.146531
vt 0.324629 0.150354
vt 0.322550 0.150354
vt 0.246234 0.153451
vt 0.248359 0.153451
vt 0.248359 0.157399
vt 0.246234 0.157399
vt 0.247609 0.105771
vt 0.286323 0.105771
vt 0.286323 0.109535
vt 0.247609 0.109535
vt 0.251601 0.153457
vt 0.253727 0.153457
vt 0.253727 0.157221
vt 0.251601 0.157221
vt 0.262281 0.157544
vt 0.262281 0.153593
vt 0.264386 0.153587
vt 0.264386 0.157525
vt 0.289325 0.135924
vt 0.247639 0.135924
vt 0.247639 0.131973
vt 0.289325 0.131973
vt 0.256887 0.157314
vt 0.256887 0.153673
vt 0.258919 0.153732
vt 0.258919 0.157308
vt 0.280777 0.158100
vt 0.280777 0.154035
vt 0.282854 0.154035
vt 0.282854 0.158100
vt 0.201948 0.177425
vt 0.160946 0.177425
vt 0.160946 0.173359
vt 0.201948 0.173359
vt 0.293285 0.158419
vt 0.293285 0.154559
vt 0.295409 0.154519
vt 0.295409 0.158419
vt 0.240596 0.048054
vt 0.400816 0.048054
vt 0.400816 0.052794
vt 0.240596 0.052794
vt 0.240596 0.057530
vt 0.400816 0.057530
vt 0.400816 0.062271
vt 0.240596 0.062271
vt 0.400816 0.057530
vt 0.403474 0.057530
vt 0.403474 0.062271
vt 0.400816 0.062271
vt 0.240405 0.075336
vt 0.400738 0.075334
vt 0.400738 0.080140
vt 0.240405 0.080142
vt 0.403351 0.080140
vt 0.403351 0.084881
vt 0.400738 0.084881
vt 0.400738 0.080140
vt 0.866032 0.347072
vt 0.894678 0.347072
vt 0.894678 0.352826
vt 0.866032 0.352826
vt 0.866032 0.358377
vt 0.894678 0.358377
vt 0.894678 0.364131
vt 0.866032 0.364131
vt 0.894678 0.358377
vt 0.894678 0.352826
vt 0.898053 0.352745
vt 0.898053 0.358377
vt 0.731655 0.273141
vt 0.734370 0.273171
vt 0.734368 0.278231
vt 0.731655 0.278162
vt 0.731655 0.288577
vt 0.662915 0.288577
vt 0.662915 0.282955
vt 0.731655 0.282955
vt 0.660176 0.283073
vt 0.660176 0.278054
vt 0.662915 0.278162
vt 0.662915 0.282955
vt 0.666277 0.222215
vt 0.666275 0.217422
vt 0.669017 0.217364
vt 0.669017 0.222157
vt 0.669017 0.212369
vt 0.737747 0.212369
vt 0.737747 0.217364
vt 0.669017 0.217364
vt 0.740475 0.226896
vt 0.737747 0.226946
vt 0.737747 0.222157
vt 0.740475 0.222217
vt 0.863033 0.315741
vt 0.891680 0.315741
vt 0.891687 0.321495
vt 0.863040 0.321495
vt 0.891680 0.338756
vt 0.891680 0.333003
vt 0.894967 0.333003
vt 0.894967 0.338756
vt 0.667456 0.194616
vt 0.667456 0.189823
vt 0.670172 0.189848
vt 0.670172 0.194641
vt 0.670172 0.184957
vt 0.744789 0.184957
vt 0.744789 0.189848
vt 0.670172 0.189848
vt 0.747621 0.199559
vt 0.744789 0.199551
vt 0.744789 0.194641
vt 0.747621 0.194766
vt 0.740249 0.244781
vt 0.743020 0.244781
vt 0.743019 0.250072
vt 0.740249 0.250072
vt 0.740249 0.260583
vt 0.665626 0.260583
vt 0.665626 0.255339
vt 0.740249 0.255339
vt 0.662860 0.255339
vt 0.662860 0.250072
vt 0.665626 0.250072
vt 0.665626 0.255339
vt 0.859320 0.282841
vt 0.887981 0.282841
vt 0.887981 0.288595
vt 0.859320 0.288595
vt 0.859320 0.299387
vt 0.887981 0.299387
vt 0.887981 0.305140
vt 0.859320 0.305140
vt 0.887981 0.299387
vt 0.887981 0.293963
vt 0.891224 0.293989
vt 0.891224 0.299387
vt 0.556281 0.032419
vt 0.556281 0.041110
vt 0.531088 0.041110
vt 0.531088 0.032419
vt 0.456239 0.066024
vt 0.456239 0.074630
vt 0.451381 0.074630
vt 0.451381 0.066024
vt 0.989426 0.621316
vt 0.984502 0.621316
vt 0.984502 0.577218
vt 0.989426 0.577218
vt 0.984502 0.629934
vt 0.979579 0.629935
vt 0.979525 0.621355
vt 0.984502 0.621316
vt 0.979757 0.695571
vt 0.979757 0.703327
vt 0.972586 0.703327
vt 0.972586 0.695572
vt 0.979757 0.711082
vt 0.979757 0.718837
vt 0.972585 0.718837
vt 0.972586 0.711082
vt 0.982267 0.711366
vt 0.986698 0.711365
vt 0.986698 0.719121
vt 0.982267 0.719121
vt 0.670044 0.023967
vt 0.670044 0.031977
vt 0.644832 0.031977
vt 0.644832 0.023967
vt 0.670044 0.039902
vt 0.670044 0.047772
vt 0.644832 0.047772
vt 0.644832 0.039902
vt 0.486850 0.067578
vt 0.491413 0.067439
vt 0.491413 0.075449
vt 0.486850 0.075449
vt 0.470902 0.032357
vt 0.470902 0.040975
vt 0.445708 0.040975
vt 0.445708 0.032357
vt 0.424190 0.065037
vt 0.429149 0.065037
vt 0.429149 0.073655
vt 0.424190 0.073655
vt 0.613901 0.023451
vt 0.613901 0.032070
vt 0.588706 0.032070
vt 0.588706 0.023451
vt 0.613901 0.040688
vt 0.613887 0.048837
vt 0.588693 0.048837
vt 0.588706 0.040688
vt 0.469422 0.066601
vt 0.474332 0.066132
vt 0.474332 0.074750
vt 0.469408 0.074750
vt 0.976934 0.637875
vt 0.981923 0.637875
vt 0.981923 0.681973
vt 0.976934 0.681973
vt 0.986912 0.637875
vt 0.991901 0.637875
vt 0.991901 0.681973
vt 0.986912 0.681973
vt 0.986912 0.637875
vt 0.986912 0.629142
vt 0.991901 0.629142
vt 0.991901 0.637875
vt 0.583925 0.023325
vt 0.583925 0.032057
vt 0.560827 0.032057
vt 0.560827 0.023325
vt 0.583994 0.040587
vt 0.583994 0.049319
vt 0.560897 0.049319
vt 0.560897 0.040587
vt 0.460466 0.065959
vt 0.465455 0.065959
vt 0.465455 0.074691
vt 0.460466 0.074691
vt 0.441662 0.023298
vt 0.441662 0.031056
vt 0.414388 0.031056
vt 0.414388 0.023298
vt 0.419131 0.065349
vt 0.419131 0.073108
vt 0.414758 0.073315
vt 0.414758 0.065350
vt 0.526258 0.023554
vt 0.526258 0.032286
vt 0.505069 0.032286
vt 0.505069 0.023554
vt 0.526258 0.041018
vt 0.526258 0.049841
vt 0.505103 0.049841
vt 0.505069 0.041018
vt 0.441605 0.074211
vt 0.441605 0.065479
vt 0.446594 0.065479
vt 0.446594 0.074211
vt 0.695575 0.056411
vt 0.674385 0.056411
vt 0.674385 0.048197
vt 0.695575 0.048197
vt 0.695575 0.039982
vt 0.674385 0.039982
vt 0.674332 0.032179
vt 0.695521 0.032179
vt 0.496131 0.074999
vt 0.496077 0.067196
vt 0.500824 0.066785
vt 0.500824 0.074999
vt 0.500890 0.044948
vt 0.475265 0.044948
vt 0.475265 0.037712
vt 0.500890 0.037712
vt 0.437079 0.073158
vt 0.432945 0.073158
vt 0.433045 0.066033
vt 0.437079 0.065921
vt 0.887964 0.643070
vt 0.887965 0.680158
vt 0.883271 0.680158
vt 0.883271 0.643070
vt 0.878578 0.643070
vt 0.878578 0.680158
vt 0.873940 0.680064
vt 0.873939 0.642976
vt 0.878578 0.643070
vt 0.873939 0.642976
vt 0.873939 0.634762
vt 0.878632 0.634762
vt 0.639264 0.056533
vt 0.618075 0.056533
vt 0.618129 0.048366
vt 0.639264 0.048366
vt 0.639318 0.031985
vt 0.618129 0.031985
vt 0.618129 0.023770
vt 0.639318 0.023770
vt 0.482538 0.066755
vt 0.482538 0.074969
vt 0.477791 0.074922
vt 0.477845 0.066755
vt 0.469633 0.440920
vt 0.468336 0.520576
vt 0.426844 0.520707
vt 0.423843 0.442027
vt 0.339947 0.521512
vt 0.342521 0.442774
vt 0.384012 0.442913
vt 0.387978 0.522854
vt 0.421236 0.442780
vt 0.421236 0.521002
vt 0.389069 0.521589
vt 0.384012 0.442913
vt 0.473395 0.441849
vt 0.505560 0.442495
vt 0.505560 0.520718
vt 0.468336 0.520576
vt 0.371268 0.530933
vt 0.517096 0.531021
vt 0.517096 0.626662
vt 0.371268 0.626662
vt 0.366147 0.531898
vt 0.366147 0.627583
vt 0.220793 0.627583
vt 0.220793 0.531898
vt 0.938845 0.996009
vt 0.938845 0.745159
vt 0.942678 0.745159
vt 0.942679 0.996009
vt 0.899372 0.692016
vt 0.896526 0.692016
vt 0.896526 0.687523
vt 0.899372 0.687523
vt 0.969249 0.745053
vt 0.969250 0.995974
vt 0.966497 0.995974
vt 0.966496 0.745053
vt 0.938845 0.996009
vt 0.938845 0.745159
vt 0.942678 0.745159
vt 0.942679 0.996009
vt 0.500561 0.439432
vt 0.498946 0.193537
vt 0.599325 0.200301
vt 0.586608 0.431794
vt 0.371268 0.530933
vt 0.371268 0.626662
vt 0.517096 0.626662
vt 0.517096 0.531021
vt 0.366147 0.531898
vt 0.220793 0.531898
vt 0.220793 0.627583
vt 0.366147 0.627583
vt 0.371268 0.530933
vt 0.517096 0.531021
vt 0.517096 0.626662
vt 0.371268 0.626662
vt 0.366147 0.531898
vt 0.366147 0.627583
vt 0.220793 0.627583
vt 0.220793 0.531898
vt 0.371268 0.530933
vt 0.517096 0.531021
vt 0.517096 0.626662
vt 0.371268 0.626662
vt 0.366147 0.531898
vt 0.366147 0.627583
vt 0.220793 0.627583
vt 0.220793 0.531898
vt 0.630753 0.434466
vt 0.656588 0.198354
vt 0.562568 0.190694
vt 0.552481 0.436531
vt 0.796196 0.623633
vt 0.733182 0.623635
vt 0.733182 0.725645
vt 0.796197 0.701843
vt 0.800658 0.624570
vt 0.800658 0.702539
vt 0.863673 0.726340
vt 0.863672 0.624089
vt 0.942701 0.622888
vt 0.942701 0.738173
vt 0.939664 0.738173
vt 0.939664 0.622888
vt 0.951878 0.622888
vt 0.951879 0.738173
vt 0.947232 0.738173
vt 0.947232 0.622888
vt 0.947232 0.622888
vt 0.947232 0.738173
vt 0.942701 0.738173
vt 0.942701 0.622888
vt 0.924435 0.756999
vt 0.924434 0.620094
vt 0.926861 0.620094
vt 0.926862 0.756999
vt 0.926862 0.756999
vt 0.926861 0.620094
vt 0.930454 0.620094
vt 0.930455 0.756998
vt 0.930455 0.756998
vt 0.930454 0.620094
vt 0.934072 0.620094
vt 0.934073 0.756998
vt 0.796196 0.623633
vt 0.733182 0.623635
vt 0.733182 0.725645
vt 0.796197 0.701843
vt 0.800658 0.624570
vt 0.800658 0.702539
vt 0.863673 0.726340
vt 0.863672 0.624089
vt 0.924435 0.756999
vt 0.924434 0.620094
vt 0.926861 0.620094
vt 0.926862 0.756999
vt 0.926862 0.756999
vt 0.926861 0.620094
vt 0.930454 0.620094
vt 0.930455 0.756998
vt 0.930455 0.756998
vt 0.930454 0.620094
vt 0.934072 0.620094
vt 0.934073 0.756998
vt 0.969002 0.601936
vt 0.969005 0.738353
vt 0.965967 0.738353
vt 0.965964 0.601936
vt 0.965964 0.601936
vt 0.965967 0.738353
vt 0.961488 0.738353
vt 0.961485 0.601936
vt 0.961485 0.601936
vt 0.961488 0.738353
vt 0.956910 0.738353
vt 0.956907 0.601937
vt 0.796196 0.623633
vt 0.733182 0.623635
vt 0.733182 0.725645
vt 0.796197 0.701843
vt 0.800658 0.624570
vt 0.800658 0.702539
vt 0.863673 0.726340
vt 0.863672 0.624089
vt 0.942701 0.622888
vt 0.942701 0.738173
vt 0.939664 0.738173
vt 0.939664 0.622888
vt 0.951878 0.622888
vt 0.951879 0.738173
vt 0.947232 0.738173
vt 0.947232 0.622888
vt 0.947232 0.622888
vt 0.947232 0.738173
vt 0.942701 0.738173
vt 0.942701 0.622888
vt 0.890003 0.690703
vt 0.890046 0.846729
vt 0.887637 0.846729
vt 0.887595 0.690703
vt 0.887595 0.690703
vt 0.887637 0.846729
vt 0.884027 0.846729
vt 0.884975 0.688030
vt 0.892401 0.690702
vt 0.892444 0.846729
vt 0.890046 0.846729
vt 0.890003 0.690703
vt 0.904051 0.699166
vt 0.904051 0.859110
vt 0.901512 0.859110
vt 0.901512 0.699166
vt 0.901512 0.699166
vt 0.901512 0.859110
vt 0.897724 0.859110
vt 0.897724 0.699166
vt 0.906568 0.699166
vt 0.906569 0.859110
vt 0.904051 0.859110
vt 0.904051 0.699166
vt 0.552670 0.187169
vt 0.552670 0.129367
vt 0.602777 0.118485
vt 0.602777 0.187169
vt 0.689226 0.352986
vt 0.689227 0.440689
vt 0.648532 0.440690
vt 0.654751 0.352987
vt 0.233065 0.189469
vt 0.292347 0.189469
vt 0.292347 0.278144
vt 0.233065 0.278144
vt 0.656924 0.187405
vt 0.606817 0.187406
vt 0.606817 0.118722
vt 0.656923 0.129603
vt 0.693883 0.352235
vt 0.728358 0.352234
vt 0.734578 0.439937
vt 0.693883 0.439938
vt 0.227944 0.189212
vt 0.227944 0.277888
vt 0.168662 0.277888
vt 0.168662 0.189212
vt 0.505560 0.520718
vt 0.426051 0.520724
vt 0.423046 0.442495
vt 0.505560 0.442495
vt 0.338722 0.521002
vt 0.341727 0.442774
vt 0.421236 0.442780
vt 0.421236 0.521002
vt 0.722049 0.455442
vt 0.640123 0.455445
vt 0.640123 0.545121
vt 0.722050 0.545119
vt 0.721772 0.641339
vt 0.721772 0.551662
vt 0.639845 0.551663
vt 0.639846 0.641340
vt 0.751305 0.271827
vt 0.751305 0.258586
vt 0.821094 0.260068
vt 0.820401 0.271244
vt 0.751305 0.258586
vt 0.751305 0.246569
vt 0.820401 0.246569
vt 0.820401 0.257466
vt 0.825899 0.262525
vt 0.825899 0.249439
vt 0.866029 0.249330
vt 0.865340 0.261286
vt 0.854381 0.295649
vt 0.854147 0.307117
vt 0.806968 0.306268
vt 0.806968 0.291865
vt 0.853681 0.281200
vt 0.853681 0.292994
vt 0.806968 0.291865
vt 0.806968 0.281200
vt 0.894682 0.249414
vt 0.894682 0.259709
vt 0.872082 0.261063
vt 0.872082 0.249414
vt 0.661635 0.168243
vt 0.803142 0.168243
vt 0.803142 0.173784
vt 0.661635 0.173784
vt 0.661635 0.160761
vt 0.803142 0.160761
vt 0.803142 0.164467
vt 0.661635 0.164467
vt 0.661635 0.164467
vt 0.803142 0.164467
vt 0.803142 0.168243
vt 0.661635 0.168243
vt 0.479322 0.830697
vt 0.478475 0.923655
vt 0.395444 0.923038
vt 0.397035 0.845841
vt 0.862202 0.225306
vt 0.750900 0.225306
vt 0.750900 0.221512
vt 0.862202 0.221512
vt 0.862202 0.221512
vt 0.750900 0.221512
vt 0.750900 0.215920
vt 0.862202 0.215920
vt 0.862202 0.215920
vt 0.750900 0.215920
vt 0.750900 0.210437
vt 0.862202 0.210437
vt 0.860755 0.189361
vt 0.750737 0.189361
vt 0.750737 0.185562
vt 0.860755 0.185562
vt 0.860755 0.200870
vt 0.750737 0.200870
vt 0.750737 0.195024
vt 0.860755 0.195024
vt 0.860755 0.195024
vt 0.750737 0.195024
vt 0.750737 0.189361
vt 0.860755 0.189361
vt 0.188266 0.052976
vt 0.188266 0.061423
vt 0.163533 0.061423
vt 0.163533 0.052977
vt 0.195464 0.157748
vt 0.195463 0.121926
vt 0.223750 0.121925
vt 0.223750 0.157747
vt 0.162553 0.154831
vt 0.162553 0.119009
vt 0.190839 0.119008
vt 0.190839 0.154830
vt 0.229560 0.053507
vt 0.233783 0.053507
vt 0.233784 0.102973
vt 0.229560 0.102974
vt 0.163272 0.108645
vt 0.163272 0.072823
vt 0.191558 0.072823
vt 0.191558 0.108644
vt 0.194880 0.109626
vt 0.194880 0.073804
vt 0.223166 0.073804
vt 0.223166 0.109626
vt 0.108402 0.813615
vt 0.191053 0.809604
vt 0.195586 0.916445
vt 0.103394 0.916604
vt 0.258033 0.837467
vt 0.299521 0.837092
vt 0.299870 0.995348
vt 0.258348 0.995348
vt 0.924467 0.778804
vt 0.924467 0.995863
vt 0.926933 0.995863
vt 0.926932 0.778804
vt 0.929535 0.995863
vt 0.436554 0.148002
vt 0.436553 0.161808
vt 0.401433 0.161808
vt 0.401432 0.148002
vt 0.393950 0.161808
vt 0.393950 0.148002
vt 0.388806 0.161808
vt 0.388806 0.148002
vt 0.384244 0.148002
vt 0.384244 0.161808
vt 0.379098 0.161808
vt 0.379098 0.148002
vt 0.371613 0.161808
vt 0.371613 0.148002
vt 0.336635 0.161808
vt 0.336636 0.148002
vt 0.433622 0.171198
vt 0.433622 0.185003
vt 0.398647 0.185003
vt 0.398647 0.171198
vt 0.391582 0.185003
vt 0.391582 0.171198
vt 0.387067 0.185003
vt 0.387067 0.171198
vt 0.383232 0.171198
vt 0.383232 0.185003
vt 0.378719 0.185003
vt 0.378719 0.171198
vt 0.371656 0.185003
vt 0.371656 0.171198
vt 0.336646 0.185003
vt 0.336646 0.171198
vt 0.383631 0.125122
vt 0.383631 0.138928
vt 0.379290 0.138928
vt 0.379290 0.125122
vt 0.371915 0.138928
vt 0.371915 0.125122
vt 0.336960 0.138928
vt 0.336960 0.125122
vt 0.389507 0.138928
vt 0.389507 0.125122
vt 0.393848 0.125122
vt 0.393848 0.138928
vt 0.401223 0.125122
vt 0.401223 0.138928
vt 0.436241 0.125122
vt 0.436241 0.138928
vt 0.336709 0.115725
vt 0.336708 0.101918
vt 0.371748 0.101918
vt 0.371748 0.115724
vt 0.379128 0.101918
vt 0.379128 0.115724
vt 0.383477 0.101918
vt 0.383477 0.115724
vt 0.387276 0.115724
vt 0.387276 0.101918
vt 0.391625 0.101918
vt 0.391625 0.115724
vt 0.398995 0.101918
vt 0.398996 0.115724
vt 0.433973 0.101917
vt 0.433973 0.115723
vt 0.258348 0.995348
vt 0.225678 0.995348
vt 0.235328 0.760985
vt 0.258033 0.837467
vt 0.350498 0.760985
vt 0.299521 0.837092
vt 0.299870 0.995348
vt 0.361254 0.995348
vt 0.211125 0.511984
vt 0.211018 0.748413
vt 0.154763 0.748413
vt 0.151530 0.511984
vt 0.077019 0.748413
vt 0.077903 0.511984
vt 0.017101 0.511984
vt 0.016994 0.748413
vt 0.639479 0.551528
vt 0.639509 0.641195
vt 0.684411 0.640646
vt 0.686713 0.550831
vt 0.721772 0.641339
vt 0.721772 0.551662
vt 0.826999 0.066257
vt 0.819207 0.066378
vt 0.819041 0.062976
vt 0.789255 0.063979
vt 0.797448 0.058676
vt 0.790851 0.058676
vt 0.701332 0.063979
vt 0.701293 0.058676
vt 0.910889 0.574323
vt 0.910889 0.598525
vt 0.893397 0.613505
vt 0.893397 0.577181
vt 0.872888 0.595457
vt 0.872888 0.573956
vt 0.856724 0.602316
vt 0.856724 0.577030
vt 0.872888 0.573956
vt 0.826999 0.066257
vt 0.819207 0.066378
vt 0.819041 0.062976
vt 0.789255 0.063979
vt 0.797448 0.058676
vt 0.790851 0.058676
vt 0.701332 0.063979
vt 0.701293 0.058676
vt 0.910889 0.574323
vt 0.910889 0.598525
vt 0.893397 0.613505
vt 0.893397 0.577181
vt 0.872888 0.595457
vt 0.872888 0.573956
vt 0.856724 0.602316
vt 0.856724 0.577030
vt 0.872888 0.573956
vt 0.826999 0.066257
vt 0.819207 0.066378
vt 0.819041 0.062976
vt 0.789255 0.063979
vt 0.797448 0.058676
vt 0.790851 0.058676
vt 0.701332 0.063979
vt 0.701293 0.058676
vt 0.816098 0.139976
vt 0.807644 0.138406
vt 0.801120 0.129394
vt 0.801120 0.138406
vt 0.715117 0.129394
vt 0.715117 0.138406
vt 0.150616 0.165600
vt 0.144768 0.160338
vt 0.144914 0.150424
vt 0.156675 0.159442
vt 0.150173 0.143976
vt 0.156606 0.149489
vt 0.002346 0.046900
vt 0.140874 0.046900
vt 0.140895 0.055442
vt 0.002350 0.055443
vt 0.140859 0.065208
vt 0.002348 0.065207
vt 0.140874 0.078162
vt 0.002346 0.078162
vt 0.140854 0.091114
vt 0.002342 0.091117
vt 0.140888 0.100938
vt 0.002344 0.100937
vt 0.140874 0.113897
vt 0.002346 0.113897
vt 0.155049 0.192365
vt 0.148400 0.195476
vt 0.145127 0.188282
vt 0.157305 0.180755
vt 0.146884 0.176630
vt 0.153236 0.173445
vt 0.929535 0.995863
vt 0.926933 0.995863
vt 0.926932 0.778804
vt 0.924467 0.778804
vt 0.924467 0.995863
vt 0.929535 0.995863
vt 0.926933 0.995863
vt 0.926932 0.778804
vt 0.924467 0.778804
vt 0.924467 0.995863
vt 0.929535 0.995863
vt 0.926933 0.995863
vt 0.926932 0.778804
vt 0.924467 0.778804
vt 0.924467 0.995863
vt 0.589345 0.856414
vt 0.593340 0.760985
vt 0.706813 0.760985
vt 0.710975 0.855703
vt 0.583530 0.995348
vt 0.717111 0.995348
vt 0.675182 0.454579
vt 0.640123 0.455445
vt 0.640123 0.545121
vt 0.677489 0.544399
vt 0.722412 0.455298
vt 0.722388 0.544983
vt 0.601062 0.438620
vt 0.565551 0.438568
vt 0.565545 0.195769
vt 0.614838 0.196887
vt 0.630452 0.438761
vt 0.660509 0.197654
vt 0.827409 0.069403
vt 0.819316 0.073189
vt 0.819167 0.069805
vt 0.789179 0.070493
vt 0.796526 0.077262
vt 0.789701 0.080505
vt 0.701255 0.070493
vt 0.701626 0.080505
vt 0.807333 0.032894
vt 0.799659 0.043023
vt 0.799499 0.034724
vt 0.784927 0.033981
vt 0.792116 0.044194
vt 0.784927 0.044194
vt 0.700440 0.044194
vt 0.700440 0.033981
vt 0.815898 0.014747
vt 0.838365 0.014324
vt 0.838524 0.017966
vt 0.848637 0.019240
vt 0.848708 0.013947
vt 0.836535 0.041536
vt 0.823906 0.039411
vt 0.824132 0.035299
vt 0.811464 0.032158
vt 0.811130 0.038643
vt 0.825186 0.103234
vt 0.816628 0.105355
vt 0.816628 0.096169
vt 0.801392 0.096169
vt 0.808908 0.105355
vt 0.801392 0.105355
vt 0.697655 0.096169
vt 0.697655 0.105355
vt 0.679218 0.104540
vt 0.656375 0.105610
vt 0.656398 0.103554
vt 0.679076 0.100324
vt 0.691764 0.104354
vt 0.691690 0.097876
vt 0.969250 0.886745
vt 0.969250 0.995974
vt 0.966497 0.995974
vt 0.966496 0.886745
vt 0.969250 0.818473
vt 0.966496 0.818473
vt 0.969249 0.745053
vt 0.966496 0.745053
vt 0.827409 0.069403
vt 0.819316 0.073189
vt 0.819167 0.069805
vt 0.789179 0.070493
vt 0.796526 0.077262
vt 0.789701 0.080505
vt 0.701255 0.070493
vt 0.701626 0.080505
vt 0.807333 0.032894
vt 0.799659 0.043023
vt 0.799499 0.034724
vt 0.784927 0.033981
vt 0.792116 0.044194
vt 0.784927 0.044194
vt 0.700440 0.044194
vt 0.700440 0.033981
vt 0.815898 0.014747
vt 0.838365 0.014324
vt 0.838524 0.017966
vt 0.848637 0.019240
vt 0.848708 0.013947
vt 0.836535 0.041536
vt 0.823906 0.039411
vt 0.824132 0.035299
vt 0.811464 0.032158
vt 0.811130 0.038643
vt 0.825186 0.103234
vt 0.816628 0.105355
vt 0.816628 0.096169
vt 0.801392 0.096169
vt 0.808908 0.105355
vt 0.801392 0.105355
vt 0.697655 0.096169
vt 0.697655 0.105355
vt 0.679218 0.104540
vt 0.656375 0.105610
vt 0.656398 0.103554
vt 0.679076 0.100324
vt 0.691764 0.104354
vt 0.691690 0.097876
vt 0.938845 0.845403
vt 0.938845 0.745159
vt 0.942678 0.745159
vt 0.942679 0.845402
vt 0.938845 0.996009
vt 0.942679 0.996009
vt 0.969250 0.818473
vt 0.969250 0.995974
vt 0.966497 0.995974
vt 0.966496 0.818473
vt 0.969249 0.745053
vt 0.966496 0.745053
vt 0.827409 0.069403
vt 0.819316 0.073189
vt 0.819167 0.069805
vt 0.789179 0.070493
vt 0.796526 0.077262
vt 0.789701 0.080505
vt 0.701255 0.070493
vt 0.701626 0.080505
vt 0.807333 0.032894
vt 0.799659 0.043023
vt 0.799499 0.034724
vt 0.784927 0.033981
vt 0.792116 0.044194
vt 0.784927 0.044194
vt 0.700440 0.044194
vt 0.700440 0.033981
vt 0.815898 0.014747
vt 0.838365 0.014324
vt 0.838524 0.017966
vt 0.848637 0.019240
vt 0.848708 0.013947
vt 0.836535 0.041536
vt 0.823906 0.039411
vt 0.824132 0.035299
vt 0.811464 0.032158
vt 0.811130 0.038643
vt 0.825186 0.103234
vt 0.816628 0.105355
vt 0.816628 0.096169
vt 0.801392 0.096169
vt 0.808908 0.105355
vt 0.801392 0.105355
vt 0.763966 0.105355
vt 0.760132 0.097346
vt 0.697655 0.096169
vt 0.697655 0.105355
vt 0.679218 0.104540
vt 0.656375 0.105610
vt 0.656398 0.103554
vt 0.679076 0.100324
vt 0.691764 0.104354
vt 0.691690 0.097876
vt 0.803733 0.002571
vt 0.813983 0.002571
vt 0.813983 0.016265
vt 0.803733 0.016265
vt 0.793214 0.002571
vt 0.793214 0.016265
vt 0.696358 0.016265
vt 0.696271 0.002571
vt 0.640222 0.016265
vt 0.640240 0.002571
vt 0.628611 0.002571
vt 0.628593 0.016265
vt 0.620839 0.002571
vt 0.620821 0.016265
vt 0.609210 0.002571
vt 0.609192 0.016265
vt 0.549626 0.016265
vt 0.537097 0.002571
vt 0.524322 0.016265
vt 0.424636 0.016265
vt 0.424671 0.002571
vt 0.414153 0.002571
vt 0.414118 0.016265
vt 0.141039 0.187215
vt 0.141063 0.197151
vt 0.002501 0.197151
vt 0.002551 0.187211
vt 0.141063 0.174253
vt 0.002534 0.174253
vt 0.141053 0.161300
vt 0.002565 0.161308
vt 0.141086 0.151484
vt 0.002518 0.151480
vt 0.141063 0.138523
vt 0.002534 0.138523
vt 0.141082 0.125451
vt 0.002507 0.125466
vt 0.882585 0.852718
vt 0.884926 0.852718
vt 0.885144 0.918024
vt 0.882619 0.917906
vt 0.882586 0.996237
vt 0.884926 0.996237
vt 0.932027 0.778804
vt 0.932028 0.995863
vt 0.929535 0.995863
vt 0.929535 0.778804
vt 0.934367 0.995863
vt 0.932028 0.995863
vt 0.934367 0.778804
vt 0.929535 0.995863
vt 0.932028 0.995863
vt 0.932027 0.778804
vt 0.929535 0.778804
vt 0.932028 0.995863
vt 0.934367 0.995863
vt 0.934367 0.778804
vt 0.932027 0.778804
vt 0.932028 0.995863
vt 0.929535 0.995863
vt 0.929535 0.778804
vt 0.934367 0.995863
vt 0.932028 0.995863
vt 0.934367 0.778804
vt 0.932027 0.778804
vt 0.932028 0.995863
vt 0.929535 0.995863
vt 0.929535 0.778804
vt 0.934367 0.995863
vt 0.932028 0.995863
vt 0.934367 0.778804
vt 0.816098 0.139976
vt 0.807644 0.138406
vt 0.801120 0.129394
vt 0.801120 0.138406
vt 0.715117 0.138406
vt 0.715117 0.129394
vt 0.872888 0.521749
vt 0.856724 0.523281
vt 0.856724 0.495942
vt 0.872888 0.500274
vt 0.893397 0.481751
vt 0.893397 0.516751
vt 0.910889 0.498369
vt 0.910889 0.521732
vt 0.924563 0.500844
vt 0.924919 0.523827
vt 0.910889 0.521732
vt 0.816098 0.139976
vt 0.807644 0.138406
vt 0.801120 0.129394
vt 0.801120 0.138406
vt 0.715117 0.138406
vt 0.715117 0.129394
vt 0.872888 0.521749
vt 0.856724 0.523281
vt 0.856724 0.495942
vt 0.872888 0.500274
vt 0.893397 0.481751
vt 0.893397 0.516751
vt 0.910889 0.498369
vt 0.910889 0.521732
vt 0.924563 0.500844
vt 0.924919 0.523827
vt 0.910889 0.521732
vt 0.939185 0.503258
vt 0.919030 0.476032
vt 0.934212 0.446613
vt 0.954969 0.475767
vt 0.952177 0.524234
vt 0.938861 0.530332
vt 0.970236 0.518054
vt 0.949065 0.549948
vt 0.967156 0.547669
vt 0.003547 0.040612
vt 0.003547 0.001283
vt 0.019323 0.001283
vt 0.019323 0.040612
vt 0.035165 0.040612
vt 0.035165 0.001283
vt 0.050966 0.040612
vt 0.050966 0.001283
vt 0.107049 0.040612
vt 0.120103 0.001283
vt 0.133157 0.040612
vt 0.248063 0.001283
vt 0.248063 0.040612
vt 0.261093 0.001283
vt 0.261093 0.040612
vt 0.279467 0.040612
vt 0.279467 0.001283
vt 0.293631 0.040612
vt 0.293631 0.001283
vt 0.349474 0.002401
vt 0.349358 0.041383
vt 0.410505 0.040612
vt 0.410505 0.001283
vt 0.901239 0.926387
vt 0.901308 0.866823
vt 0.903798 0.866823
vt 0.903817 0.926469
vt 0.906268 0.866823
vt 0.901308 0.995851
vt 0.903798 0.995851
vt 0.906356 0.926396
vt 0.906268 0.995851
vt 0.903798 0.995851
vt 0.632820 0.705974
vt 0.623279 0.746548
vt 0.615870 0.742103
vt 0.622100 0.699754
vt 0.608397 0.733050
vt 0.629213 0.683838
vt 0.601918 0.721772
vt 0.615282 0.686532
vt 0.620331 0.668327
vt 0.597192 0.707545
vt 0.609010 0.678654
vt 0.594016 0.677783
vt 0.618475 0.652985
vt 0.608512 0.656863
vt 0.594557 0.654718
vt 0.629807 0.648780
vt 0.612417 0.635093
vt 0.597885 0.629123
vt 0.603544 0.613692
vt 0.610327 0.600817
vt 0.623338 0.642619
vt 0.621068 0.629437
vt 0.631925 0.622248
vt 0.623341 0.583750
vt 0.632820 0.705974
vt 0.623279 0.746548
vt 0.615870 0.742103
vt 0.622100 0.699754
vt 0.608397 0.733050
vt 0.629213 0.683838
vt 0.601918 0.721772
vt 0.615282 0.686532
vt 0.620331 0.668327
vt 0.597192 0.707545
vt 0.609010 0.678654
vt 0.594016 0.677783
vt 0.618475 0.652985
vt 0.608512 0.656863
vt 0.594557 0.654718
vt 0.629807 0.648780
vt 0.612417 0.635093
vt 0.597885 0.629123
vt 0.603544 0.613692
vt 0.610327 0.600817
vt 0.623338 0.642619
vt 0.621068 0.629437
vt 0.631925 0.622248
vt 0.623341 0.583750
vt 0.769752 0.588390
vt 0.749572 0.586557
vt 0.751362 0.575976
vt 0.768913 0.596722
vt 0.791049 0.596453
vt 0.753908 0.597673
vt 0.769531 0.606160
vt 0.756872 0.608029
vt 0.847788 0.574237
vt 0.852280 0.587969
vt 0.830056 0.591717
vt 0.831966 0.599377
vt 0.808524 0.605630
vt 0.848872 0.601275
vt 0.832328 0.608816
vt 0.846616 0.612397
vt 0.830056 0.591717
vt 0.830301 0.585592
vt 0.847788 0.574237
vt 0.839115 0.566029
vt 0.826672 0.575975
vt 0.806983 0.597690
vt 0.830056 0.591717
vt 0.061860 0.995348
vt 0.007760 0.995348
vt 0.013262 0.855703
vt 0.071463 0.864271
vt 0.016994 0.760985
vt 0.077086 0.760985
vt 0.111984 0.916187
vt 0.107263 0.995701
vt 0.111997 0.851787
vt 0.130511 0.916190
vt 0.115701 0.840135
vt 0.220248 0.995348
vt 0.154919 0.760985
vt 0.119404 0.836241
vt 0.125146 0.836242
vt 0.128850 0.840137
vt 0.132554 0.851786
vt 0.169112 0.916406
vt 0.188966 0.916394
vt 0.171321 0.851825
vt 0.211018 0.760985
vt 0.174770 0.840142
vt 0.188593 0.851815
vt 0.178226 0.836236
vt 0.185138 0.840136
vt 0.181682 0.836233
vt 0.570550 0.856414
vt 0.575853 0.995348
vt 0.522933 0.995348
vt 0.514264 0.854970
vt 0.566908 0.760985
vt 0.508459 0.760985
vt 0.475593 0.854459
vt 0.475200 0.918672
vt 0.471206 0.843572
vt 0.454395 0.995348
vt 0.466829 0.839201
vt 0.456794 0.918677
vt 0.462458 0.839197
vt 0.370319 0.995348
vt 0.437682 0.760985
vt 0.458089 0.843566
vt 0.419505 0.918395
vt 0.453721 0.854451
vt 0.400493 0.918389
vt 0.418058 0.854192
vt 0.379246 0.760985
vt 0.414549 0.843309
vt 0.400515 0.854189
vt 0.411040 0.838940
vt 0.404025 0.843307
vt 0.407532 0.838939
vt 0.843689 0.171078
vt 0.843644 0.159083
vt 0.854135 0.150904
vt 0.836301 0.154201
vt 0.857895 0.166542
vt 0.831540 0.163266
vt 0.876298 0.062566
vt 0.831478 0.135807
vt 0.881178 0.067238
vt 0.822878 0.143505
vt 0.971485 0.054386
vt 0.846953 0.031364
vt 0.976299 0.062722
vt 0.851437 0.037987
vt 0.984516 0.045922
vt 0.867187 0.003776
vt 0.979721 0.042349
vt 0.871874 0.012406
vt 0.984454 0.020727
vt 0.976241 0.003776
vt 0.979791 0.024409
vt 0.971605 0.012406
vt 0.922524 0.575452
vt 0.915078 0.573165
vt 0.918730 0.557403
vt 0.919281 0.599624
vt 0.929976 0.561043
vt 0.926078 0.547365
vt 0.936599 0.545449
vt 0.922752 0.589567
vt 0.931044 0.612170
vt 0.928010 0.579528
vt 0.932422 0.601867
vt 0.944433 0.607568
vt 0.932984 0.592479
vt 0.943817 0.595586
vt 0.954069 0.583137
vt 0.937778 0.589159
vt 0.945814 0.582528
vt 0.952172 0.565990
vt 0.941012 0.564656
vt 0.945673 0.551806
vn 0.827605 -0.56131 0.00010600000000003437
vn -0.290049 0.20830300000000004 0.934067
vn 0.318307 -0.02348999999999994 0.947697
vn 0.318307 -0.02348999999999994 0.947697
vn 0.996841 -0.079421 0.00014200000000000486
vn 0.827605 -0.56131 0.00010600000000003437
vn -0.984576 0.15208 0.08650199999999998
vn 0.061624 -0.025848999999999938 0.997765
vn -0.060732 -0.004108999999999939 0.998146
vn -0.747799 0.663819 -0.01192700000000004
vn -0.995657 0.092086 -0.013694000000000005
vn 0.085786 0.996213 -0.014146000000000061
vn 0.085786 0.996213 -0.014146000000000061
vn 0.669048 0.743086 -0.014068000000000046
vn -0.747799 0.663819 -0.01192700000000004
vn -0.988833 0.148547 -0.011927000000000009
vn -0.884757 -0.465852 -0.013692999999999973
vn -0.471434 0.881788 -0.014145000000000053
vn -0.471434 0.881788 -0.014145000000000053
vn 0.155497 0.987736 -0.014068000000000061
vn -0.988833 0.148547 -0.011927000000000009
vn -0.053155 -0.027793999999999937 0.9982
vn 0.039383 0.05411600000000006 0.997758
vn -0.760119 -0.64377 0.08820000000000004
vn 0.619863 0.779927 0.08650699999999996
vn -0.052982 -0.040724999999999935 0.997765
vn 0.026515 0.05479000000000006 0.998146
vn -0.756773 0.647945 0.08637799999999995
vn 0.060876 -0.02921099999999994 0.997718
vn -0.031882 0.05381800000000006 0.998042
vn 0.854453 0.519392 -0.011925000000000031
vn 0.380952 0.924494 -0.013689000000000057
vn 0.92688 -0.375091 -0.014144999999999977
vn 0.92688 -0.375091 -0.014144999999999977
vn 0.513348 -0.858065 -0.014068999999999948
vn 0.854453 0.519392 -0.011925000000000031
vn -0.971248 -0.238068 0.0012810000000000145
vn -0.999889 0.014905 0.00047899999999999907
vn -0.003911 -0.062255999999999936 0.998053
vn -0.003911 -0.062255999999999936 0.998053
vn 0.332138 0.08758200000000005 0.939156
vn -0.971248 -0.238068 0.0012810000000000145
vn -0.31239 0.04961900000000006 0.948657
vn -0.003911 -0.062255999999999936 0.998053
vn -0.999889 0.014905 0.00047899999999999907
vn -0.999889 0.014905 0.00047899999999999907
vn -0.989217 0.146459 4.699999999999103E-05
vn -0.31239 0.04961900000000006 0.948657
vn 0.157722 -0.08426299999999995 0.983882
vn 0.157722 -0.08426299999999995 0.983882
vn 0.157722 -0.08426299999999995 0.983882
vn 0.158377 -0.08503699999999995 0.98371
vn 0.158377 -0.08503699999999995 0.98371
vn 0.158377 -0.08503699999999995 0.98371
vn 0.161034 -0.07326899999999995 0.984226
vn 0.161034 -0.07326899999999995 0.984226
vn 0.161034 -0.07326899999999995 0.984226
vn 0.163412 -0.07566399999999994 0.983652
vn 0.163412 -0.07566399999999994 0.983652
vn 0.163412 -0.07566399999999994 0.983652
vn -0.130719 0.05900000000000006 0.989662
vn -0.130719 0.05900000000000006 0.989662
vn -0.130719 0.05900000000000006 0.989662
vn -0.13394 0.06245700000000006 0.989019
vn -0.13394 0.06245700000000006 0.989019
vn -0.13394 0.06245700000000006 0.989019
vn -0.13027 0.05920300000000006 0.989709
vn -0.13027 0.05920300000000006 0.989709
vn -0.13027 0.05920300000000006 0.989709
vn -0.133989 0.06285100000000006 0.988988
vn -0.133989 0.06285100000000006 0.988988
vn -0.133989 0.06285100000000006 0.988988
vn 0.906308 -0.422618 -0.0005609999999999741
vn 0.906308 -0.422618 -0.0005609999999999741
vn 0.906308 -0.422618 -0.0005609999999999741
vn 0.907675 -0.419673 -0.0008829999999999743
vn 0.907675 -0.419673 -0.0008829999999999743
vn 0.907675 -0.419673 -0.0008829999999999743
vn -0.797271 0.37110999999999994 -0.476063
vn -0.894328 0.422709 0.14661099999999996
vn -0.136093 0.05465399999999994 -0.989187
vn -0.136093 0.05465399999999994 -0.989187
vn 0.427374 -0.20975600000000005 -0.879405
vn -0.797271 0.37110999999999994 -0.476063
vn -0.797767 0.37010999999999994 -0.476011
vn -0.894829 0.421648 0.14660599999999996
vn -0.136254 0.05439899999999994 -0.989179
vn -0.136254 0.05439899999999994 -0.989179
vn 0.427585 -0.20934300000000006 -0.879402
vn -0.797767 0.37010999999999994 -0.476011
vn -0.786692 0.39350299999999994 -0.475679
vn -0.906682 0.395535 0.14655899999999997
vn -0.101387 0.12772399999999995 -0.986614
vn -0.101387 0.12772399999999995 -0.986614
vn 0.461341 -0.13450900000000005 -0.876967
vn -0.786692 0.39350299999999994 -0.475679
vn -0.784842 0.3971489999999999 -0.475706
vn -0.90933 0.389399 0.14658299999999996
vn -0.094718 0.14177699999999993 -0.985357
vn -0.094718 0.14177699999999993 -0.985357
vn 0.46761 -0.11932600000000006 -0.875844
vn -0.784842 0.3971489999999999 -0.475706
vn -0.818174 0.32493399999999995 -0.474352
vn -0.881532 0.448623 0.14710099999999998
vn -0.187196 -0.056251000000000065 -0.980711
vn -0.187196 -0.056251000000000065 -0.980711
vn 0.375567 -0.31236800000000003 -0.872569
vn -0.818174 0.32493399999999995 -0.474352
vn -0.689247 0.682886 -0.24208700000000005
vn -0.966132 0.10614899999999998 -0.235205
vn 0.118865 0.988593 -0.09249600000000005
vn 0.118865 0.988593 -0.09249600000000005
vn 0.669339 0.740123 0.06483799999999997
vn -0.689247 0.682886 -0.24208700000000005
vn -0.726155 0.687528 0.001964999999999958
vn -0.993443 0.114329 0.000981999999999993
vn 0.114332 0.993441 0.0019649999999999395
vn 0.114332 0.993441 0.0019649999999999395
vn 0.68753 0.726155 0.0009829999999999555
vn -0.726155 0.687528 0.001964999999999958
vn -0.726155 0.687529 0.001964999999999958
vn -0.993443 0.114329 0.000981999999999993
vn 0.114332 0.993441 0.0019639999999999393
vn 0.114332 0.993441 0.0019639999999999393
vn 0.687531 0.726155 0.0009819999999999556
vn -0.726155 0.687529 0.001964999999999958
vn -0.230252 0.24835500000000005 0.940906
vn -0.87714 0.361675 -0.315938
vn -0.840877 0.439445 0.315934
vn -0.840877 0.439445 0.315934
vn 0.338252 -0.01674199999999994 0.940907
vn -0.230252 0.24835500000000005 0.940906
vn -0.324031 0.05024300000000006 0.944711
vn -0.846471 0.42846 -0.316084
vn -0.872322 0.373027 0.316078
vn -0.872322 0.373027 0.316078
vn 0.246769 -0.21592599999999995 0.944712
vn -0.324031 0.05024300000000006 0.944711
vn -0.253878 0.20168500000000006 0.945975
vn -0.744838 0.591712 -0.30837200000000003
vn -0.744838 0.591712 0.3083719999999999
vn -0.744838 0.591712 0.3083719999999999
vn 0.253876 -0.20168399999999995 0.945976
vn -0.253878 0.20168500000000006 0.945975
vn 0.133644 0.2866000000000001 0.948683
vn 0.400931 0.859798 -0.31623000000000007
vn 0.400931 0.859799 0.3162269999999999
vn 0.400931 0.859799 0.3162269999999999
vn -0.133645 -0.28660099999999994 0.948683
vn 0.133644 0.2866000000000001 0.948683
vn 0.175687 0.26845700000000006 0.947135
vn 0.325845 0.891927 -0.31351300000000004
vn 0.366124 0.874669 0.31765899999999997
vn 0.366124 0.874669 0.31765899999999997
vn -0.054892 -0.32021199999999994 0.945754
vn 0.175687 0.26845700000000006 0.947135
vn 0.070209 0.31797000000000003 0.945498
vn 0.483855 0.817478 -0.31243200000000004
vn 0.429294 0.845146 0.31848899999999997
vn 0.429294 0.845146 0.31848899999999997
vn -0.233565 -0.23512999999999995 0.943484
vn 0.070209 0.31797000000000003 0.945498
vn 0.133644 0.28659900000000005 0.948683
vn -0.133644 -0.28660099999999994 0.948683
vn 0.400932 0.859798 0.31622799999999995
vn 0.400932 0.859798 0.31622799999999995
vn 0.400932 0.859799 -0.31622600000000006
vn 0.133644 0.28659900000000005 0.948683
vn 0.133643 0.28659900000000005 0.948684
vn -0.133644 -0.28659999999999997 0.948683
vn 0.400931 0.859799 0.31622799999999995
vn 0.400931 0.859799 0.31622799999999995
vn 0.400931 0.859799 -0.31622800000000006
vn 0.133643 0.28659900000000005 0.948684
vn 0.133644 0.28660100000000005 0.948683
vn -0.133643 -0.28659799999999996 0.948684
vn 0.400931 0.859799 0.31622799999999995
vn 0.400931 0.859799 0.31622799999999995
vn 0.400931 0.8598 -0.31622600000000006
vn 0.133644 0.28660100000000005 0.948683
vn 0.007739 -0.003490999999999939 0.999964
vn -0.486529 0.873469 -0.018481000000000053
vn -0.944092 -0.328469 0.02827300000000002
vn 0.050399 0.513734 0.856468
vn 0.908817 -0.41537 -0.03897899999999997
vn 0.848657 0.507242 0.14995899999999998
vn 0.050399 0.513734 0.856468
vn 0.848657 0.507242 0.14995899999999998
vn -0.116405 -0.986613 0.11421100000000005
vn 0.050399 0.513734 0.856468
vn -0.116405 -0.986613 0.11421100000000005
vn 0.908817 -0.41537 -0.03897899999999997
vn -0.81807 -0.570453 -0.07311499999999996
vn -0.944092 -0.328469 0.02827300000000002
vn -0.486529 0.873469 -0.018481000000000053
vn -0.486529 0.873469 -0.018481000000000053
vn -0.073345 0.996543 -0.03902600000000006
vn -0.81807 -0.570453 -0.07311499999999996
vn -0.073345 0.996543 -0.03902600000000006
vn 0.39411 0.919063 2.0999999999943722E-05
vn -0.842169 -0.539147 -0.008478999999999967
vn -0.842169 -0.539147 -0.008478999999999967
vn -0.81807 -0.570453 -0.07311499999999996
vn -0.073345 0.996543 -0.03902600000000006
vn 0.696042 0.600324 0.39387399999999995
vn 0.599506 0.24813100000000005 0.760936
vn 0.942174 -0.313058 -0.11959299999999999
vn 0.696042 0.600324 0.39387399999999995
vn -0.092964 -0.969352 0.22740900000000006
vn 0.599506 0.24813100000000005 0.760936
vn -0.41184 0.13279000000000005 0.901529
vn 0.320078 0.692564 0.646455
vn -0.273923 0.958833 -0.07487000000000006
vn 0.219183 -0.958153 -0.18412399999999995
vn 0.33068 -0.941314 0.06766800000000006
vn -0.913546 -0.387908 0.12231600000000002
vn -0.913546 -0.387908 0.12231600000000002
vn -0.993535 -0.113279 0.0074730000000000065
vn 0.219183 -0.958153 -0.18412399999999995
vn 0.006803 0.001372000000000061 0.999976
vn -0.90193 0.431705 -0.012341000000000026
vn -0.576491 -0.816575 0.029390000000000048
vn 0.238771 0.70799 0.664634
vn 0.979952 0.196418 -0.033387000000000014
vn 0.418165 0.899298 0.12806999999999993
vn 0.238771 0.70799 0.664634
vn 0.418165 0.899298 0.12806999999999993
vn 0.513242 -0.852649 0.09784000000000005
vn 0.238771 0.70799 0.664634
vn 0.513242 -0.852649 0.09784000000000005
vn 0.979952 0.196418 -0.033387000000000014
vn -0.323458 -0.944034 -0.06461499999999995
vn -0.576491 -0.816575 0.029390000000000048
vn -0.90193 0.431705 -0.012341000000000026
vn -0.90193 0.431705 -0.012341000000000026
vn -0.636031 0.770943 -0.033342000000000045
vn -0.323458 -0.944034 -0.06461499999999995
vn -0.636031 0.770943 -0.033342000000000045
vn -0.171566 0.985172 0.0010299999999999398
vn -0.353642 -0.935354 -0.007131999999999943
vn -0.353642 -0.935354 -0.007131999999999943
vn -0.323458 -0.944034 -0.06461499999999995
vn -0.636031 0.770943 -0.033342000000000045
vn 0.244433 0.902704 0.35408699999999993
vn 0.427011 0.685807 0.589347
vn 0.946567 0.30537 -0.10373300000000002
vn 0.244433 0.902704 0.35408699999999993
vn 0.528392 -0.823991 0.20454900000000006
vn 0.427011 0.685807 0.589347
vn 0.366322 0.17227200000000006 0.914402
vn 0.305241 -0.69396 0.65211
vn 0.867045 -0.492431 -0.07579199999999997
vn -0.827071 0.529475 -0.18870400000000004
vn -0.892327 0.445724 0.07129799999999997
vn 0.326962 0.935515 0.13382199999999994
vn 0.326962 0.935515 0.13382199999999994
vn 0.613648 0.789565 0.0049339999999999514
vn -0.827071 0.529475 -0.18870400000000004
vn 0.37814 -0.924955 0.038314000000000056
vn 0.300583 -0.89198 -0.33766999999999997
vn -0.97709 0.178098 -0.11651900000000001
vn -0.004869 -0.006583999999999938 0.999967
vn 0.940008 0.340653 -0.01848100000000002
vn -0.173296 0.984464 0.02826699999999994
vn 0.499078 -0.13186199999999995 0.856466
vn -0.555337 -0.830712 -0.03897899999999995
vn 0.365009 -0.918847 0.14996300000000007
vn 0.499078 -0.13186199999999995 0.856466
vn 0.365009 -0.918847 0.14996300000000007
vn -0.955307 0.272662 0.11420899999999999
vn 0.499078 -0.13186199999999995 0.856466
vn -0.955307 0.272662 0.11420899999999999
vn -0.555337 -0.830712 -0.03897899999999995
vn -0.432305 0.898758 -0.07311700000000006
vn -0.173296 0.984464 0.02826699999999994
vn 0.940008 0.340653 -0.01848100000000002
vn 0.940008 0.340653 -0.01848100000000002
vn 0.99545 -0.086931 -0.03902699999999999
vn -0.432305 0.898758 -0.07311700000000006
vn 0.99545 -0.086931 -0.03902699999999999
vn 0.844227 -0.535986 2.100000000003282E-05
vn -0.397556 0.917539 -0.008478000000000055
vn -0.397556 0.917539 -0.008478000000000055
vn -0.432305 0.898758 -0.07311700000000006
vn 0.99545 -0.086931 -0.03902699999999999
vn 0.481296 -0.78308 0.39387900000000003
vn 0.149108 -0.631444 0.76095
vn -0.216849 -0.967492 -0.13013799999999995
vn 0.481296 -0.78308 0.39387900000000003
vn -0.942017 0.24676100000000004 0.22740599999999997
vn 0.149108 -0.631444 0.76095
vn -0.849301 -0.523678 -0.06670599999999997
vn -0.699662 -0.556741 -0.44778599999999996
vn -0.01303 -0.00895899999999994 0.999875
vn -0.772348 -0.626205 -0.10651199999999995
vn -0.01303 -0.00895899999999994 0.999875
vn -0.699662 -0.556741 -0.44778599999999996
vn 0.85281 0.458497 0.24999399999999997
vn -0.522816 0.849479 0.07105499999999994
vn 0.340372 0.62622 0.701424
vn -0.286494 0.953298 0.09562699999999995
vn 0.358854 0.923573 0.13504699999999994
vn -0.937472 0.347442 -0.02074500000000002
vn -0.950455 -0.295797 -0.09560199999999999
vn -0.286494 0.953298 0.09562699999999995
vn 0.949602 0.295345 0.10500799999999999
vn 0.93769 -0.346475 0.026325000000000022
vn 0.358854 0.923573 0.13504699999999994
vn -0.286494 0.953298 0.09562699999999995
vn 0.949602 0.295345 0.10500799999999999
vn 0.287756 -0.953456 -0.09010299999999995
vn -0.35885 -0.923924 -0.13263399999999995
vn 0.93769 -0.346475 0.026325000000000022
vn 0.949602 0.295345 0.10500799999999999
vn 0.287756 -0.953456 -0.09010299999999995
vn -0.290049 0.20830300000000004 0.934067
vn -0.827225 0.561871 -0.0007680000000000344
vn -0.996802 0.079909 -2.700000000000489E-05
vn -0.996802 0.079909 -2.700000000000489E-05
vn 0.318307 -0.02348999999999994 0.947697
vn -0.33373 -0.060070999999999944 0.940753
vn -0.996802 0.079909 -2.700000000000489E-05
vn -0.996802 0.079909 -2.700000000000489E-05
vn -0.983756 -0.179513 -5.799999999998901E-05
vn 0.318307 -0.02348999999999994 0.947697
vn -0.33373 -0.060070999999999944 0.940753
vn 0.982423 0.18667 -3.500000000001143E-05
vn 0.996841 -0.079421 0.00014200000000000486
vn 0.318307 -0.02348999999999994 0.947697
vn -0.167502 -0.981474 -0.09301399999999994
vn -0.721501 -0.685749 -0.09583099999999996
vn 0.694851 -0.718712 -0.025182999999999955
vn 0.694851 -0.718712 -0.025182999999999955
vn 0.987908 -0.149875 0.03968000000000001
vn -0.988234 0.149184 -0.033732000000000005
vn -0.695557 0.717791 0.03125799999999996
vn -0.721501 -0.685749 -0.09583099999999996
vn -0.167502 -0.981474 -0.09301399999999994
vn -0.988234 0.149184 -0.033732000000000005
vn 0.166725 0.981229 0.09691899999999995
vn 0.721297 0.685669 0.09791999999999995
vn -0.695557 0.717791 0.03125799999999996
vn -0.988234 0.149184 -0.033732000000000005
vn 0.166725 0.981229 0.09691899999999995
vn -0.595274 -0.802426 0.04197200000000005
vn -0.955811 -0.287901 0.05948600000000002
vn 0.299879 -0.953947 -0.007614999999999942
vn 0.8113 -0.583241 -0.04028599999999997
vn -0.595274 -0.802426 0.04197200000000005
vn -0.811213 0.582941 0.04596799999999997
vn -0.300287 0.953753 0.013496999999999941
vn -0.955811 -0.287901 0.05948600000000002
vn -0.595274 -0.802426 0.04197200000000005
vn -0.811213 0.582941 0.04596799999999997
vn 0.594835 0.802887 -0.03927800000000005
vn 0.956 0.28789 -0.05641900000000002
vn -0.300287 0.953753 0.013496999999999941
vn -0.811213 0.582941 0.04596799999999997
vn 0.594835 0.802887 -0.03927800000000005
vn -0.204662 -0.97845 0.02737800000000006
vn -0.761303 -0.647249 0.03854900000000004
vn 0.658478 -0.752568 -0.006846999999999954
vn 0.982142 -0.186313 -0.02615799999999999
vn -0.204662 -0.97845 0.02737800000000006
vn -0.981907 0.186148 0.03476499999999998
vn -0.659359 0.75174 0.011494999999999953
vn -0.761303 -0.647249 0.03854900000000004
vn -0.204662 -0.97845 0.02737800000000006
vn -0.981907 0.186148 0.03476499999999998
vn 0.203401 0.978853 -0.02180700000000006
vn 0.761096 0.647576 -0.03712500000000004
vn -0.659359 0.75174 0.011494999999999953
vn -0.981907 0.186148 0.03476499999999998
vn 0.203401 0.978853 -0.02180700000000006
vn -0.747793 0.663824 -0.01192700000000004
vn -0.996214 0.086121 -0.011865000000000006
vn 0.085804 0.996211 -0.014158000000000061
vn 0.085804 0.996211 -0.014158000000000061
vn 0.669056 0.743079 -0.014075000000000046
vn -0.66904 -0.743093 -0.014060999999999955
vn -0.085794 -0.996212 -0.01414399999999994
vn -0.996214 0.086121 -0.011865000000000006
vn -0.747793 0.663824 -0.01192700000000004
vn -0.66904 -0.743093 -0.014060999999999955
vn 0.747794 -0.663824 -0.01192399999999996
vn 0.996212 -0.086142 -0.011874999999999995
vn -0.085794 -0.996212 -0.01414399999999994
vn -0.66904 -0.743093 -0.014060999999999955
vn 0.747794 -0.663824 -0.01192399999999996
vn -0.673417 -0.739044 -0.017971999999999953
vn -0.086057 -0.996124 -0.018177999999999937
vn -0.995657 0.092086 -0.013694000000000005
vn -0.747799 0.663819 -0.01192700000000004
vn -0.673417 -0.739044 -0.017971999999999953
vn 0.125845 0.26032299999999997 -0.957285
vn 0.052463 0.07549399999999995 -0.995765
vn 0.408471 0.844959 -0.3452470000000001
vn 0.408471 0.844959 -0.3452470000000001
vn 0.408471 0.844959 0.34524799999999994
vn -0.323054 -0.681433 -0.656723
vn -0.42457 -0.892615 0.15158900000000006
vn 0.052463 0.07549399999999995 -0.995765
vn 0.125845 0.26032299999999997 -0.957285
vn -0.323054 -0.681433 -0.656723
vn -0.195744 -0.37571699999999997 0.905826
vn 0.098156 0.20304400000000006 0.974237
vn -0.42457 -0.892615 0.15158900000000006
vn -0.323054 -0.681433 -0.656723
vn -0.195744 -0.37571699999999997 0.905826
vn -0.988834 0.148543 -0.011928000000000008
vn -0.881967 -0.471161 -0.011866999999999971
vn -0.471425 0.881792 -0.014159000000000053
vn -0.471425 0.881792 -0.014159000000000053
vn 0.155496 0.987736 -0.014075000000000061
vn -0.155478 -0.987739 -0.01406099999999994
vn 0.471433 -0.881789 -0.014143999999999947
vn -0.881967 -0.471161 -0.011866999999999971
vn -0.988834 0.148543 -0.011928000000000008
vn -0.155478 -0.987739 -0.01406099999999994
vn 0.988834 -0.148542 -0.011922999999999991
vn 0.881976 0.471144 -0.01187500000000003
vn 0.471433 -0.881789 -0.014143999999999947
vn -0.155478 -0.987739 -0.01406099999999994
vn 0.988834 -0.148542 -0.011922999999999991
vn -0.161359 -0.986732 -0.017970999999999942
vn 0.471166 -0.881857 -0.018176999999999943
vn -0.884757 -0.465852 -0.013692999999999973
vn -0.988833 0.148547 -0.011927000000000009
vn -0.161359 -0.986732 -0.017970999999999942
vn -0.03659 0.28681899999999994 -0.957286
vn 0.00033 0.09151199999999994 -0.995804
vn -0.118767 0.930966 -0.34524900000000003
vn -0.118767 0.930966 -0.34524900000000003
vn -0.118767 0.930965 0.34524999999999995
vn 0.100142 -0.747465 -0.65671
vn 0.130218 -0.979838 0.15152500000000005
vn 0.00033 0.09151199999999994 -0.995804
vn -0.03659 0.28681899999999994 -0.957286
vn 0.100142 -0.747465 -0.65671
vn 0.043144 -0.42136199999999996 0.905866
vn -0.028539 0.22370900000000005 0.974238
vn 0.130218 -0.979838 0.15152500000000005
vn 0.100142 -0.747465 -0.65671
vn 0.043144 -0.42136199999999996 0.905866
vn 0.854451 0.519396 -0.011927000000000031
vn 0.375404 0.926785 -0.011867000000000058
vn 0.926876 -0.375101 -0.014157999999999978
vn 0.926876 -0.375101 -0.014157999999999978
vn 0.51335 -0.858064 -0.014073999999999948
vn -0.513367 0.858054 -0.014061000000000053
vn -0.926879 0.375094 -0.014144000000000023
vn 0.375404 0.926785 -0.011867000000000058
vn 0.854451 0.519396 -0.011927000000000031
vn -0.513367 0.858054 -0.014061000000000053
vn -0.854452 -0.519394 -0.011920999999999968
vn -0.375426 -0.926776 -0.011874999999999943
vn -0.926879 0.375094 -0.014144000000000023
vn -0.513367 0.858054 -0.014061000000000053
vn -0.854452 -0.519394 -0.011920999999999968
vn -0.508199 0.861052 -0.017970000000000052
vn -0.926718 0.375318 -0.018175000000000024
vn 0.380952 0.924494 -0.013689000000000057
vn 0.854453 0.519392 -0.011925000000000031
vn -0.508199 0.861052 -0.017970000000000052
vn 0.21409 -0.19421900000000006 -0.957311
vn 0.05787 -0.07103500000000006 -0.995794
vn 0.695077 -0.63056 -0.34534399999999993
vn 0.695077 -0.63056 -0.34534399999999993
vn 0.695076 -0.63056 0.34534500000000007
vn -0.562229 0.502659 -0.656683
vn -0.736059 0.65969 0.15174499999999996
vn 0.05787 -0.07103500000000006 -0.995794
vn 0.21409 -0.19421900000000006 -0.957311
vn -0.562229 0.502659 -0.656683
vn -0.305346 0.29339200000000004 0.905917
vn 0.166942 -0.15144699999999994 0.974266
vn -0.736059 0.65969 0.15174499999999996
vn -0.562229 0.502659 -0.656683
vn -0.305346 0.29339200000000004 0.905917
vn -0.09198 -0.35410899999999995 0.93067
vn 0.303277 0.14774000000000007 0.94138
vn -0.552661 -0.780099 0.29327800000000004
vn -0.622457 -0.711918 -0.32514599999999994
vn -0.09198 -0.35410899999999995 0.93067
vn 0.622458 0.711923 0.3251339999999999
vn 0.552669 0.780103 -0.29325200000000007
vn 0.303277 0.14774000000000007 0.94138
vn -0.09198 -0.35410899999999995 0.93067
vn 0.622458 0.711923 0.3251339999999999
vn 0.092006 0.3541389999999999 -0.930656
vn -0.303261 -0.14771700000000004 -0.941389
vn 0.552669 0.780103 -0.29325200000000007
vn 0.622458 0.711923 0.3251339999999999
vn 0.092006 0.3541389999999999 -0.930656
vn -0.222506 -0.27285799999999993 0.93597
vn 0.328805 0.04453100000000006 0.943347
vn -0.805029 -0.511455 0.30056900000000003
vn -0.840268 -0.435734 -0.322622
vn -0.222506 -0.27285799999999993 0.93597
vn 0.840273 0.43574 0.322601
vn 0.805038 0.511456 -0.30054600000000004
vn 0.328805 0.04453100000000006 0.943347
vn -0.222506 -0.27285799999999993 0.93597
vn 0.840273 0.43574 0.322601
vn 0.22254 0.2728749999999999 -0.935957
vn -0.328774 -0.04451100000000006 -0.943359
vn 0.805038 0.511456 -0.30054600000000004
vn 0.840273 0.43574 0.322601
vn 0.22254 0.2728749999999999 -0.935957
vn -0.144721 0.3296700000000001 0.932938
vn -0.155008 -0.30205899999999997 0.940602
vn -0.034553 0.952996 0.30100699999999997
vn 0.065443 0.943776 -0.32404400000000005
vn -0.144721 0.3296700000000001 0.932938
vn -0.06544 -0.943781 0.32403000000000004
vn 0.034549 -0.953004 -0.30097999999999997
vn -0.155008 -0.30205899999999997 0.940602
vn -0.144721 0.3296700000000001 0.932938
vn -0.06544 -0.943781 0.32403000000000004
vn 0.144719 -0.32971000000000006 -0.932924
vn 0.155009 0.30203199999999997 -0.940611
vn 0.034549 -0.953004 -0.30097999999999997
vn -0.06544 -0.943781 0.32403000000000004
vn 0.144719 -0.32971000000000006 -0.932924
vn 0.332138 0.08758200000000005 0.939156
vn -0.003911 -0.062255999999999936 0.998053
vn 0.993324 0.115359 -0.000895000000000007
vn 0.993324 0.115359 -0.000895000000000007
vn 0.971247 0.238069 -0.0012790000000000145
vn 0.989217 -0.14646 -4.8999999999991033E-05
vn 0.993324 0.115359 -0.000895000000000007
vn -0.003911 -0.062255999999999936 0.998053
vn -0.31239 0.04961900000000006 0.948657
vn 0.989217 -0.14646 -4.8999999999991033E-05
vn -0.461394 0.13437900000000005 0.876959
vn 0.101316 -0.12787999999999994 0.986601
vn -0.906682 0.395535 0.14655899999999997
vn -0.786692 0.39350299999999994 -0.475679
vn -0.461394 0.13437900000000005 0.876959
vn -0.467668 0.11916500000000005 0.875835
vn 0.094638 -0.14196799999999996 0.985337
vn -0.90933 0.389399 0.14658299999999996
vn -0.784842 0.3971489999999999 -0.475706
vn -0.467668 0.11916500000000005 0.875835
vn -0.805373 0.35357999999999995 -0.475767
vn -0.890567 0.430608 0.14651499999999998
vn -0.154623 0.014964999999999938 -0.98786
vn -0.154623 0.014964999999999938 -0.98786
vn 0.409878 -0.24604200000000007 -0.87833
vn -0.409845 0.24611700000000006 0.878324
vn 0.154666 -0.01488099999999994 0.987855
vn -0.890567 0.430608 0.14651499999999998
vn -0.805373 0.35357999999999995 -0.475767
vn -0.409845 0.24611700000000006 0.878324
vn 0.80544 -0.3534439999999999 0.475756
vn 0.890558 -0.430626 -0.14651899999999998
vn 0.154666 -0.01488099999999994 0.987855
vn -0.409845 0.24611700000000006 0.878324
vn 0.80544 -0.3534439999999999 0.475756
vn -0.37547 0.31258300000000006 0.872533
vn 0.187309 0.05650300000000006 0.980675
vn -0.881532 0.448623 0.14710099999999998
vn -0.818174 0.32493399999999995 -0.474352
vn -0.37547 0.31258300000000006 0.872533
vn -0.795205 0.37570299999999995 -0.475917
vn -0.904183 0.401345 0.14620499999999997
vn -0.11932 0.09066299999999994 -0.988708
vn -0.11932 0.09066299999999994 -0.988708
vn 0.446735 -0.16816900000000007 -0.878719
vn -0.446763 0.16809800000000005 0.878718
vn 0.119284 -0.09074999999999994 0.988704
vn -0.904183 0.401345 0.14620499999999997
vn -0.795205 0.37570299999999995 -0.475917
vn -0.446763 0.16809800000000005 0.878718
vn 0.795236 -0.37563299999999994 0.47592
vn 0.904137 -0.401447 -0.14620499999999997
vn 0.119284 -0.09074999999999994 0.988704
vn -0.446763 0.16809800000000005 0.878718
vn 0.795236 -0.37563299999999994 0.47592
vn -0.810602 0.34190899999999996 -0.475418
vn -0.88705 0.437776 0.14660999999999996
vn -0.167851 -0.01392600000000006 -0.985714
vn -0.167851 -0.01392600000000006 -0.985714
vn 0.396293 -0.27301100000000006 -0.876594
vn -0.396231 0.27314000000000005 0.876582
vn 0.167921 0.014078000000000061 0.9857
vn -0.88705 0.437776 0.14660999999999996
vn -0.810602 0.34190899999999996 -0.475418
vn -0.396231 0.27314000000000005 0.876582
vn 0.810683 -0.34173599999999993 0.475405
vn 0.887055 -0.437767 -0.14660799999999996
vn 0.167921 0.014078000000000061 0.9857
vn -0.396231 0.27314000000000005 0.876582
vn 0.810683 -0.34173599999999993 0.475405
vn -0.806045 0.3523279999999999 -0.475559
vn -0.891016 0.42964 0.14662899999999998
vn -0.155159 0.01416799999999994 -0.987788
vn -0.155159 0.01416799999999994 -0.987788
vn 0.409784 -0.24613100000000004 -0.878349
vn -0.409745 0.24620700000000006 0.878346
vn 0.155199 -0.014078999999999939 0.987783
vn -0.891016 0.42964 0.14662899999999998
vn -0.806045 0.3523279999999999 -0.475559
vn -0.409745 0.24620700000000006 0.878346
vn 0.80611 -0.3521869999999999 0.475553
vn 0.891008 -0.429658 -0.14662399999999998
vn 0.155199 -0.014078999999999939 0.987783
vn -0.409745 0.24620700000000006 0.878346
vn 0.80611 -0.3521869999999999 0.475553
vn 0.689255 -0.682756 0.24242900000000006
vn 0.965969 -0.10614599999999999 0.235874
vn -0.119132 -0.988388 0.09432800000000005
vn -0.669717 -0.739961 -0.06274399999999995
vn 0.689255 -0.682756 0.24242900000000006
vn -0.687919 0.686123 -0.23664900000000005
vn -0.963734 0.10905099999999998 -0.243568
vn 0.117632 0.990389 -0.07274300000000006
vn 0.66742 0.739704 0.08594999999999996
vn -0.687919 0.686123 -0.23664900000000005
vn -0.66782 -0.73958 -0.08388999999999996
vn -0.117919 -0.990217 0.07460300000000006
vn -0.963734 0.10905099999999998 -0.243568
vn -0.687919 0.686123 -0.23664900000000005
vn -0.66782 -0.73958 -0.08388999999999996
vn 0.687935 -0.685987 0.23699600000000007
vn 0.963568 -0.10904599999999999 0.244226
vn -0.117919 -0.990217 0.07460300000000006
vn -0.66782 -0.73958 -0.08388999999999996
vn 0.687935 -0.685987 0.23699600000000007
vn 0.726155 -0.687528 -0.001963999999999958
vn 0.993442 -0.11433 -0.000981999999999993
vn -0.114331 -0.993441 -0.0019649999999999395
vn -0.687529 -0.726156 -0.0009819999999999556
vn 0.726155 -0.687528 -0.001963999999999958
vn 0.139764 0.28373599999999993 -0.948662
vn -0.127208 -0.2895940000000001 -0.948659
vn 0.402559 0.859037 -0.31623000000000007
vn 0.398372 0.860987 0.3162289999999999
vn 0.139764 0.28373599999999993 -0.948662
vn -0.398373 -0.860989 -0.3162229999999999
vn -0.402559 -0.859038 0.31622900000000004
vn -0.127208 -0.2895940000000001 -0.948659
vn 0.139764 0.28373599999999993 -0.948662
vn -0.398373 -0.860989 -0.3162229999999999
vn -0.139765 -0.28373999999999994 0.948661
vn 0.127205 0.28958700000000004 0.948661
vn -0.402559 -0.859038 0.31622900000000004
vn -0.398373 -0.860989 -0.3162229999999999
vn -0.139765 -0.28373999999999994 0.948661
vn 0.116724 0.29441799999999996 -0.948522
vn -0.150206 -0.27882300000000004 -0.948523
vn 0.394878 0.862598 -0.31622200000000006
vn 0.406039 0.857397 0.31623199999999996
vn 0.116724 0.29441799999999996 -0.948522
vn -0.40604 -0.857398 -0.3162289999999999
vn -0.394879 -0.8626 0.31621600000000005
vn -0.150206 -0.27882300000000004 -0.948523
vn 0.116724 0.29441799999999996 -0.948522
vn -0.40604 -0.857398 -0.3162289999999999
vn -0.116727 -0.29442399999999996 0.948519
vn 0.150203 0.27881700000000004 0.948525
vn -0.394879 -0.8626 0.31621600000000005
vn -0.40604 -0.857398 -0.3162289999999999
vn -0.116727 -0.29442399999999996 0.948519
vn -0.726156 0.687527 0.001963999999999958
vn -0.993442 0.114329 0.000981999999999993
vn 0.114331 0.993441 0.0019639999999999393
vn 0.687531 0.726154 0.0009819999999999556
vn -0.726156 0.687527 0.001963999999999958
vn -0.687531 -0.726155 -0.0009819999999999556
vn -0.114332 -0.993441 -0.0019649999999999395
vn -0.993442 0.114329 0.000981999999999993
vn -0.726156 0.687527 0.001963999999999958
vn -0.687531 -0.726155 -0.0009819999999999556
vn 0.726155 -0.687528 -0.001963999999999958
vn 0.993442 -0.114331 -0.000981999999999993
vn -0.114332 -0.993441 -0.0019649999999999395
vn -0.687531 -0.726155 -0.0009819999999999556
vn 0.726155 -0.687528 -0.001963999999999958
vn 0.115518 0.29497599999999996 -0.948496
vn -0.151434 -0.2782470000000001 -0.948497
vn 0.394509 0.862769 -0.31621400000000005
vn 0.406481 0.857187 0.31623299999999993
vn 0.115518 0.29497599999999996 -0.948496
vn -0.406483 -0.857191 -0.3162189999999999
vn -0.394509 -0.862768 0.31621800000000005
vn -0.151434 -0.2782470000000001 -0.948497
vn 0.115518 0.29497599999999996 -0.948496
vn -0.406483 -0.857191 -0.3162189999999999
vn -0.115519 -0.29497899999999994 0.948495
vn 0.151429 0.27823600000000004 0.948501
vn -0.394509 -0.862768 0.31621800000000005
vn -0.406483 -0.857191 -0.3162189999999999
vn -0.115519 -0.29497899999999994 0.948495
vn 0.143168 0.28214199999999995 -0.94863
vn -0.12382 -0.29115800000000003 -0.948628
vn 0.403726 0.85849 -0.31622700000000004
vn 0.397277 0.861495 0.3162249999999999
vn 0.143168 0.28214199999999995 -0.94863
vn -0.397277 -0.861495 -0.3162229999999999
vn -0.403726 -0.858489 0.31623000000000007
vn -0.12382 -0.29115800000000003 -0.948628
vn 0.143168 0.28214199999999995 -0.94863
vn -0.397277 -0.861495 -0.3162229999999999
vn -0.143166 -0.28213999999999995 0.948631
vn 0.12382 0.2911560000000001 0.948629
vn -0.403726 -0.858489 0.31623000000000007
vn -0.397277 -0.861495 -0.3162229999999999
vn -0.143166 -0.28213999999999995 0.948631
vn -0.687531 -0.726154 -0.0009819999999999556
vn -0.114335 -0.99344 -0.0019649999999999395
vn -0.993443 0.114329 0.000981999999999993
vn -0.726155 0.687529 0.001964999999999958
vn -0.687531 -0.726154 -0.0009819999999999556
vn 0.296898 -0.11374999999999995 0.94811
vn 0.827887 -0.464479 -0.31442499999999995
vn 0.840324 -0.439786 0.316931
vn 0.840324 -0.439786 0.316931
vn -0.259559 0.18788100000000005 0.947275
vn -0.827886 0.464479 0.31442599999999993
vn 0.296898 -0.11374999999999995 0.94811
vn -0.259559 0.18788100000000005 0.947275
vn -0.840322 0.439785 -0.316935
vn -0.827886 0.464479 0.31442599999999993
vn -0.296894 0.11374799999999995 -0.948112
vn -0.827886 0.464479 0.31442599999999993
vn -0.840322 0.439785 -0.316935
vn 0.259561 -0.18788200000000005 -0.947274
vn -0.296894 0.11374799999999995 -0.948112
vn 0.28352 -0.14122299999999993 0.948511
vn 0.880534 -0.353821 -0.315389
vn 0.874434 -0.367738 0.31644
vn 0.874434 -0.367738 0.31644
vn -0.301837 0.09944800000000005 0.948159
vn -0.880535 0.353821 0.315385
vn 0.28352 -0.14122299999999993 0.948511
vn -0.301837 0.09944800000000005 0.948159
vn -0.874433 0.367738 -0.316444
vn -0.880535 0.353821 0.315385
vn -0.283518 0.14122199999999993 -0.948511
vn -0.880535 0.353821 0.315385
vn -0.874433 0.367738 -0.316444
vn 0.301835 -0.09944700000000005 -0.948159
vn -0.283518 0.14122199999999993 -0.948511
vn 0.230246 -0.24835200000000004 -0.940908
vn 0.877141 -0.361675 0.315935
vn 0.840874 -0.439445 -0.315942
vn -0.338253 0.01674199999999994 -0.940906
vn 0.230246 -0.24835200000000004 -0.940908
vn 0.324027 -0.050241000000000056 -0.944713
vn 0.846472 -0.42846 0.31608
vn 0.872321 -0.373026 -0.316083
vn -0.246769 0.21592499999999995 -0.944713
vn 0.324027 -0.050241000000000056 -0.944713
vn -0.286601 0.13364400000000007 0.948683
vn -0.859799 0.40093 -0.316229
vn -0.8598 0.400931 0.316226
vn -0.8598 0.400931 0.316226
vn 0.286599 -0.13364399999999996 0.948684
vn 0.859799 -0.400931 0.316228
vn -0.286601 0.13364400000000007 0.948683
vn 0.286599 -0.13364399999999996 0.948684
vn 0.859799 -0.40093 -0.316229
vn 0.859799 -0.400931 0.316228
vn 0.286599 -0.13364300000000007 -0.948684
vn 0.859799 -0.400931 0.316228
vn 0.859799 -0.40093 -0.316229
vn -0.286599 0.13364299999999996 -0.948684
vn 0.286599 -0.13364300000000007 -0.948684
vn 0.253876 -0.20168300000000006 -0.945976
vn 0.744838 -0.591712 0.30837300000000006
vn 0.744837 -0.591712 -0.3083739999999999
vn -0.253878 0.20168499999999995 -0.945975
vn 0.253876 -0.20168300000000006 -0.945976
vn -0.133644 -0.28660100000000005 -0.948683
vn -0.400931 -0.859799 0.31622800000000006
vn -0.400931 -0.8598 -0.31622599999999995
vn 0.133643 0.28659799999999996 -0.948684
vn -0.133644 -0.28660100000000005 -0.948683
vn -0.175688 -0.26845600000000003 -0.947135
vn -0.325846 -0.891927 0.31351500000000004
vn -0.366124 -0.874669 -0.31765899999999997
vn 0.054892 0.32021299999999997 -0.945754
vn -0.175688 -0.26845600000000003 -0.947135
vn 0.133644 0.28659900000000005 0.948684
vn 0.400931 0.859799 -0.31622800000000006
vn 0.400931 0.859799 0.31622799999999995
vn -0.133644 -0.28659999999999997 0.948683
vn 0.133644 0.28659900000000005 0.948684
vn -0.400931 -0.859799 0.31622800000000006
vn 0.133644 0.28659900000000005 0.948684
vn -0.133644 -0.28659999999999997 0.948683
vn -0.400931 -0.859799 -0.31622799999999995
vn -0.400931 -0.859799 0.31622800000000006
vn -0.133644 -0.2866000000000001 -0.948683
vn -0.400931 -0.859799 0.31622800000000006
vn -0.400931 -0.859799 -0.31622799999999995
vn 0.133644 0.28659999999999997 -0.948683
vn -0.133644 -0.2866000000000001 -0.948683
vn -0.07021 -0.31797200000000003 -0.945497
vn -0.483855 -0.817478 0.31243400000000005
vn -0.429294 -0.845147 -0.31848499999999996
vn 0.233566 0.23513099999999995 -0.943483
vn -0.07021 -0.31797200000000003 -0.945497
vn -0.133644 -0.2866000000000001 -0.948683
vn 0.133645 0.28660199999999997 -0.948683
vn -0.400931 -0.859799 -0.31622799999999995
vn -0.400932 -0.859799 0.31622700000000004
vn -0.133644 -0.2866000000000001 -0.948683
vn 0.133644 0.28660100000000005 0.948683
vn -0.133644 -0.28659999999999997 0.948683
vn 0.400931 0.8598 0.31622599999999995
vn 0.400931 0.8598 0.31622599999999995
vn 0.400931 0.8598 -0.31622600000000006
vn -0.400931 -0.859799 0.31622800000000006
vn -0.400931 -0.859799 -0.3162269999999999
vn -0.133644 -0.28659999999999997 0.948683
vn 0.133644 0.28660100000000005 0.948683
vn -0.400931 -0.859799 0.31622800000000006
vn -0.133644 -0.2866000000000001 -0.948683
vn 0.133644 0.28660199999999997 -0.948683
vn -0.400931 -0.859799 -0.3162269999999999
vn -0.400931 -0.859799 0.31622800000000006
vn -0.133644 -0.2866000000000001 -0.948683
vn -0.133643 -0.28659900000000005 -0.948684
vn 0.133643 0.28659899999999994 -0.948684
vn -0.400931 -0.859799 -0.31622799999999995
vn -0.400931 -0.859799 0.31622700000000004
vn -0.133643 -0.28659900000000005 -0.948684
vn -0.400931 -0.859799 0.31622900000000004
vn -0.400931 -0.859799 -0.3162289999999999
vn -0.133643 -0.28659799999999996 0.948684
vn 0.133644 0.28660100000000005 0.948683
vn -0.400931 -0.859799 0.31622900000000004
vn -0.373415 0.06846800000000006 0.925134
vn 0.215495 -0.33878099999999994 0.915855
vn -0.817536 0.515289 0.25712299999999993
vn -0.756059 0.586758 -0.2899840000000001
vn -0.373415 0.06846800000000006 0.925134
vn 0.375654 -0.06491500000000006 -0.924484
vn -0.213192 0.34194099999999994 -0.915219
vn 0.818662 -0.513563 -0.2569949999999999
vn 0.757039 -0.585453 0.29006400000000004
vn 0.375654 -0.06491500000000006 -0.924484
vn 0.215495 -0.33878099999999994 0.915855
vn -0.373415 0.06846800000000006 0.925134
vn 0.818662 -0.513563 -0.2569949999999999
vn -0.349374 0.02265700000000006 0.936709
vn 0.255055 -0.20466299999999996 0.945019
vn -0.905344 0.304914 0.295602
vn -0.874483 0.364463 -0.320071
vn -0.349374 0.02265700000000006 0.936709
vn 0.874485 -0.364463 0.320067
vn 0.905342 -0.304912 -0.295607
vn 0.255055 -0.20466299999999996 0.945019
vn -0.349374 0.02265700000000006 0.936709
vn 0.874485 -0.364463 0.320067
vn 0.34937 -0.02265500000000006 -0.936711
vn -0.25505 0.20466099999999995 -0.94502
vn 0.905342 -0.304912 -0.295607
vn 0.874485 -0.364463 0.320067
vn 0.34937 -0.02265500000000006 -0.936711
vn -0.850726 0.49956 -0.16341400000000003
vn -0.867898 0.496507 -0.015337000000000031
vn -0.504087 -0.860935 -0.06846999999999995
vn -0.011894 -0.987262 -0.15865799999999994
vn -0.850726 0.49956 -0.16341400000000003
vn -0.830512 -0.481033 0.28081700000000004
vn -0.850726 0.49956 -0.16341400000000003
vn -0.850726 0.49956 -0.16341400000000003
vn -0.032896 -0.988088 0.15033600000000005
vn -0.863862 0.498414 -0.07297500000000003
vn -0.850726 0.49956 -0.16341400000000003
vn 0.021193 -0.14844099999999993 0.988694
vn -0.863862 0.498414 -0.07297500000000003
vn -0.011894 -0.987262 -0.15865799999999994
vn -0.504087 -0.860935 -0.06846999999999995
vn 0.861907 0.502099 0.07079899999999997
vn 0.861907 0.502099 0.07079899999999997
vn 0.886258 0.421741 -0.19152300000000003
vn 0.025931 -0.09916699999999995 0.994733
vn 0.895899 0.440995 0.053752999999999974
vn -0.390337 0.852202 0.34840899999999997
vn 0.490829 0.795403 0.35555699999999996
vn 0.895899 0.440995 0.053752999999999974
vn 0.895899 0.440995 0.053752999999999974
vn 0.886258 0.421741 -0.19152300000000003
vn -0.205871 0.07843700000000006 0.975431
vn -0.804091 -0.589454 -0.07734399999999995
vn 0.460089 -0.783024 0.41855900000000007
vn -0.092964 -0.969352 0.22740900000000006
vn -0.804091 -0.589454 -0.07734399999999995
vn -0.804091 -0.589454 -0.07734399999999995
vn -0.906002 -0.346731 -0.24277099999999996
vn -0.906002 -0.346731 -0.24277099999999996
vn 0.05817 0.991168 -0.11917000000000005
vn -0.161117 0.986935 0.0010069999999999396
vn -0.359516 -0.933138 0.0012040000000000572
vn -0.906002 -0.346731 -0.24277099999999996
vn 0.027028 -0.037338999999999935 0.998937
vn -0.872068 0.483927 -0.07287800000000003
vn -0.009253 -0.966425 0.25678300000000004
vn -0.009253 -0.966425 0.25678300000000004
vn -0.928676 0.284068 -0.23846600000000004
vn 0.00848 -0.995914 -0.08990299999999994
vn -0.253551 -0.95927 -0.12455399999999994
vn -0.586853 -0.756523 0.28857700000000003
vn -0.009253 -0.966425 0.25678300000000004
vn -0.540873 0.836366 0.08915299999999994
vn 0.00848 -0.995914 -0.08990299999999994
vn -0.586853 -0.756523 0.28857700000000003
vn -0.253551 -0.95927 -0.12455399999999994
vn 0.076473 -0.970673 -0.22791599999999995
vn 0.519786 -0.853418 -0.038728999999999944
vn -0.934875 -0.340359 0.10082100000000002
vn -0.652825 0.33282600000000007 0.680475
vn 0.076473 -0.970673 -0.22791599999999995
vn -0.586853 -0.756523 0.28857700000000003
vn -0.253551 -0.95927 -0.12455399999999994
vn -0.253551 -0.95927 -0.12455399999999994
vn 0.076473 -0.970673 -0.22791599999999995
vn 0.849256 0.459202 -0.26057300000000005
vn -0.253551 -0.95927 -0.12455399999999994
vn 0.00848 -0.995914 -0.08990299999999994
vn 0.865067 0.500794 0.029382999999999968
vn 0.849256 0.459202 -0.26057300000000005
vn -0.399644 -0.17650999999999994 0.899516
vn 0.416482 -0.17734099999999994 0.89168
vn -0.974876 -0.04011999999999999 0.219108
vn -0.965949 0.05421299999999998 -0.252988
vn -0.399644 -0.17650999999999994 0.899516
vn 0.399312 0.18170199999999995 -0.898629
vn -0.416323 0.18214299999999994 -0.890786
vn 0.974807 0.042405999999999985 -0.21898
vn 0.966022 -0.052436999999999984 0.253083
vn 0.399312 0.18170199999999995 -0.898629
vn 0.416482 -0.17734099999999994 0.89168
vn -0.399644 -0.17650999999999994 0.899516
vn 0.974807 0.042405999999999985 -0.21898
vn 0.007979 -0.13932899999999995 0.990214
vn 0.368195 -0.09944899999999994 0.924415
vn -0.955029 -0.12642299999999998 0.26821
vn -0.996533 -0.083114 -0.0037789999999999946
vn 0.007979 -0.13932899999999995 0.990214
vn 0.008729 -0.13383999999999993 0.990965
vn 0.007979 -0.13932899999999995 0.990214
vn -0.994265 -0.106881 -0.0037889999999999933
vn 0.008729 -0.13383999999999993 0.990965
vn -0.957698 -0.08109600000000002 -0.276114
vn -0.342417 -0.19039499999999995 0.920054
vn -0.342417 -0.19039499999999995 0.920054
vn 0.008729 -0.13383999999999993 0.990965
vn 0.996533 0.083115 0.0037799999999999947
vn 0.955031 0.12642199999999998 -0.268205
vn 0.368195 -0.09944899999999994 0.924415
vn 0.007979 -0.13932899999999995 0.990214
vn 0.996533 0.083115 0.0037799999999999947
vn 0.99429 0.106645 0.0037609999999999935
vn 0.996533 0.083115 0.0037799999999999947
vn 0.008729 -0.13383999999999993 0.990965
vn 0.99429 0.106645 0.0037609999999999935
vn -0.342417 -0.19039499999999995 0.920054
vn 0.957701 0.08103500000000001 0.276121
vn 0.957701 0.08103500000000001 0.276121
vn 0.99429 0.106645 0.0037609999999999935
vn -0.007996 0.13932799999999995 -0.990214
vn -0.3682 0.09944799999999994 -0.924413
vn 0.955031 0.12642199999999998 -0.268205
vn 0.996533 0.083115 0.0037799999999999947
vn -0.007996 0.13932799999999995 -0.990214
vn -0.008699 0.13351899999999994 -0.991008
vn -0.007996 0.13932799999999995 -0.990214
vn 0.99429 0.106645 0.0037609999999999935
vn -0.008699 0.13351899999999994 -0.991008
vn 0.957701 0.08103500000000001 0.276121
vn 0.342482 0.18984499999999996 -0.920144
vn 0.342482 0.18984499999999996 -0.920144
vn -0.008699 0.13351899999999994 -0.991008
vn -0.20439 -0.933592 0.29433100000000006
vn 0.219183 -0.958153 -0.18412399999999995
vn -0.993535 -0.113279 0.0074730000000000065
vn -0.993535 -0.113279 0.0074730000000000065
vn -0.925939 0.18769900000000003 0.327729
vn -0.273923 0.958833 -0.07487000000000006
vn -0.913546 -0.387908 0.12231600000000002
vn -0.41184 0.13279000000000005 0.901529
vn -0.993535 -0.113279 0.0074730000000000065
vn -0.273923 0.958833 -0.07487000000000006
vn -0.273923 0.958833 -0.07487000000000006
vn -0.337588 0.940708 -0.033212000000000054
vn -0.925939 0.18769900000000003 0.327729
vn 0.259373 0.941669 0.21444199999999994
vn -0.018887 -0.6866 0.72679
vn -0.41184 0.13279000000000005 0.901529
vn -0.913546 -0.387908 0.12231600000000002
vn -0.913546 -0.387908 0.12231600000000002
vn 0.33068 -0.941314 0.06766800000000006
vn -0.985759 -0.10123200000000002 -0.134281
vn -0.994645 -0.103129 -0.006729999999999994
vn 0.033165 -0.999424 0.0071360000000000616
vn 0.558736 -0.824983 -0.08495799999999995
vn -0.985759 -0.10123200000000002 -0.134281
vn -0.437174 -0.84606 0.3050610000000001
vn -0.985759 -0.10123200000000002 -0.134281
vn -0.985759 -0.10123200000000002 -0.134281
vn 0.52957 -0.827625 0.18599200000000005
vn -0.9931 -0.102828 -0.056375999999999996
vn -0.985759 -0.10123200000000002 -0.134281
vn -0.354365 -0.16588999999999995 0.920275
vn -0.9931 -0.102828 -0.056375999999999996
vn 0.558736 -0.824983 -0.08495799999999995
vn 0.033165 -0.999424 0.0071360000000000616
vn 0.390458 0.920621 9.599999999994362E-05
vn 0.390458 0.920621 9.599999999994362E-05
vn 0.481776 0.844252 -0.23479800000000006
vn 0.127978 0.01557800000000006 0.991655
vn 0.479497 0.877499 -0.008846000000000053
vn -0.824368 0.494689 0.27513699999999996
vn -0.087714 0.963229 0.25396199999999997
vn 0.479497 0.877499 -0.008846000000000053
vn 0.479497 0.877499 -0.008846000000000053
vn 0.481776 0.844252 -0.23479800000000006
vn -0.219902 -0.062004999999999935 0.973549
vn -0.305134 -0.950056 -0.06547499999999995
vn 0.852419 -0.372775 0.366635
vn 0.528392 -0.823991 0.20454900000000006
vn -0.305134 -0.950056 -0.06547499999999995
vn -0.305134 -0.950056 -0.06547499999999995
vn -0.553365 -0.801901 -0.22525899999999993
vn -0.553365 -0.801901 -0.22525899999999993
vn -0.535791 0.837725 -0.10557400000000006
vn -0.682586 0.730804 0.0009509999999999552
vn 0.310615 -0.950535 0.0011260000000000582
vn -0.553365 -0.801901 -0.22525899999999993
vn -0.157718 -0.08385499999999994 0.983918
vn -0.991449 -0.114562 -0.06247899999999999
vn 0.542589 -0.809905 0.22282400000000005
vn 0.542589 -0.809905 0.22282400000000005
vn -0.929613 -0.289772 -0.22770999999999997
vn 0.563631 -0.82353 -0.06417499999999994
vn 0.348498 -0.931498 -0.10421099999999994
vn -0.064988 -0.963715 0.2589020000000001
vn 0.542589 -0.809905 0.22282400000000005
vn -0.94514 0.325071 0.032238999999999976
vn 0.563631 -0.82353 -0.06417499999999994
vn -0.064988 -0.963715 0.2589020000000001
vn 0.348498 -0.931498 -0.10421099999999994
vn 0.626207 -0.754751 -0.19548799999999994
vn 0.912056 -0.408905 -0.030832999999999975
vn -0.607377 -0.789026 0.09236600000000005
vn -0.7753 -0.10641499999999995 0.622564
vn 0.626207 -0.754751 -0.19548799999999994
vn -0.064988 -0.963715 0.2589020000000001
vn 0.348498 -0.931498 -0.10421099999999994
vn 0.348498 -0.931498 -0.10421099999999994
vn 0.626207 -0.754751 -0.19548799999999994
vn 0.43193 0.872795 -0.22730100000000006
vn 0.348498 -0.931498 -0.10421099999999994
vn 0.563631 -0.82353 -0.06417499999999994
vn 0.394181 0.916682 0.06568899999999994
vn 0.43193 0.872795 -0.22730100000000006
vn -0.178843 0.14704100000000006 0.972828
vn -0.379977 -0.05603599999999995 0.923297
vn 0.63485 0.702826 0.3209389999999999
vn 0.740871 0.67137 -0.01927400000000004
vn -0.178843 0.14704100000000006 0.972828
vn 0.113039 0.3781550000000001 0.918815
vn -0.178843 0.14704100000000006 0.972828
vn 0.756665 0.589763 -0.28220300000000004
vn 0.113039 0.3781550000000001 0.918815
vn -0.739077 -0.673339 0.01948100000000004
vn -0.634848 -0.702825 -0.3209429999999999
vn -0.379977 -0.05603599999999995 0.923297
vn -0.178843 0.14704100000000006 0.972828
vn -0.739077 -0.673339 0.01948100000000004
vn -0.754181 -0.592739 0.28261400000000003
vn -0.739077 -0.673339 0.01948100000000004
vn 0.113039 0.3781550000000001 0.918815
vn -0.739077 -0.673339 0.01948100000000004
vn -0.105717 -0.38496900000000006 -0.916855
vn -0.105717 -0.38496900000000006 -0.916855
vn 0.182227 -0.15045300000000006 -0.971678
vn -0.634848 -0.702825 -0.3209429999999999
vn 0.182227 -0.15045300000000006 -0.971678
vn 0.182227 -0.15045300000000006 -0.971678
vn 0.37998 0.056039999999999944 -0.923296
vn -0.10991 0.09685200000000005 0.989212
vn -0.293296 -0.16105199999999995 0.942359
vn 0.561741 0.767206 0.30958399999999997
vn 0.626052 0.779757 -0.0061150000000000475
vn -0.10991 0.09685200000000005 0.989212
vn 0.635785 0.702054 -0.32077700000000003
vn 0.086629 0.34120000000000006 0.93599
vn 0.086629 0.34120000000000006 0.93599
vn -0.10991 0.09685200000000005 0.989212
vn -0.626051 -0.779758 0.006104000000000048
vn -0.561739 -0.767205 -0.30958899999999995
vn -0.293296 -0.16105199999999995 0.942359
vn -0.10991 0.09685200000000005 0.989212
vn -0.626051 -0.779758 0.006104000000000048
vn 0.086629 0.34120000000000006 0.93599
vn -0.635784 -0.702047 0.32079500000000005
vn -0.635784 -0.702047 0.32079500000000005
vn -0.626051 -0.779758 0.006104000000000048
vn 0.109923 -0.09683600000000006 -0.989212
vn 0.293294 0.16104999999999994 -0.942359
vn -0.561739 -0.767205 -0.30958899999999995
vn -0.626051 -0.779758 0.006104000000000048
vn 0.109923 -0.09683600000000006 -0.989212
vn -0.635784 -0.702047 0.32079500000000005
vn -0.086604 -0.34117300000000006 -0.936003
vn -0.086604 -0.34117300000000006 -0.936003
vn 0.109923 -0.09683600000000006 -0.989212
vn -0.551653 0.776709 0.30397899999999994
vn -0.827071 0.529475 -0.18870400000000004
vn 0.613648 0.789565 0.0049339999999999514
vn 0.613648 0.789565 0.0049339999999999514
vn 0.78637 0.491728 0.37393199999999993
vn 0.867045 -0.492431 -0.07579199999999997
vn 0.326962 0.935515 0.13382199999999994
vn 0.366322 0.17227200000000006 0.914402
vn 0.613648 0.789565 0.0049339999999999514
vn 0.867045 -0.492431 -0.07579199999999997
vn 0.867045 -0.492431 -0.07579199999999997
vn 0.897145 -0.440707 -0.03013899999999997
vn 0.78637 0.491728 0.37393199999999993
vn 0.520759 -0.823734 0.22421700000000006
vn -0.48485 0.48660300000000006 0.726731
vn 0.366322 0.17227200000000006 0.914402
vn 0.326962 0.935515 0.13382199999999994
vn 0.326962 0.935515 0.13382199999999994
vn -0.892327 0.445724 0.07129799999999997
vn 0.629157 0.759907 -0.16341200000000006
vn 0.628901 0.777334 -0.015336000000000048
vn -0.769265 0.63525 -0.06847100000000005
vn -0.972661 0.169582 -0.158659
vn 0.629157 0.759907 -0.16341200000000006
vn -0.342061 0.896737 0.2808129999999999
vn 0.629157 0.759907 -0.16341200000000006
vn 0.629157 0.759907 -0.16341200000000006
vn -0.97011 0.190489 0.150336
vn 0.630148 0.773039 -0.07297100000000004
vn 0.629157 0.759907 -0.16341200000000006
vn -0.14985 0.0030050000000000606 0.988704
vn 0.630148 0.773039 -0.07297100000000004
vn -0.972661 0.169582 -0.158659
vn -0.769265 0.63525 -0.06847100000000005
vn 0.35783 -0.931099 0.07080000000000006
vn 0.35783 -0.931099 0.07080000000000006
vn 0.274614 -0.942287 -0.19152399999999994
vn -0.97709 0.178098 -0.11651900000000001
vn -0.880315 0.466779 -0.08463500000000003
vn 0.37814 -0.924955 0.038314000000000056
vn 0.37814 -0.924955 0.038314000000000056
vn -0.984495 0.146357 -0.09668700000000001
vn 0.356601 -0.934069 0.018707000000000057
vn 0.37814 -0.924955 0.038314000000000056
vn -0.102118 -0.00995299999999994 0.994722
vn 0.292071 -0.954885 0.05374600000000006
vn 0.903654 0.24904900000000002 0.348402
vn 0.706693 -0.611693 0.35555200000000003
vn 0.292071 -0.954885 0.05374600000000006
vn 0.292071 -0.954885 0.05374600000000006
vn 0.274614 -0.942287 -0.19152399999999994
vn 0.110296 0.19070300000000007 0.975432
vn -0.453295 0.887998 -0.07734800000000006
vn -0.846526 -0.328954 0.418549
vn -0.942017 0.24676100000000004 0.22740599999999997
vn -0.453295 0.887998 -0.07734800000000006
vn -0.453295 0.887998 -0.07734800000000006
vn -0.416278 0.881482 -0.22294000000000005
vn -0.416278 0.881482 -0.22294000000000005
vn 0.969113 -0.215913 -0.11916599999999998
vn 0.999999 0.001226 0.001007
vn -0.462899 0.886411 1.999999999945723E-06
vn -0.416278 0.881482 -0.22294000000000005
vn -0.041171 -0.02067399999999994 0.998938
vn 0.617142 0.783469 -0.07288100000000004
vn -0.952511 0.16366200000000003 0.256782
vn -0.952511 0.16366200000000003 0.256782
vn 0.596933 0.773164 -0.21421700000000005
vn -0.652961 0.700261 0.2885769999999999
vn -0.952511 0.16366200000000003 0.256782
vn -0.880315 0.466779 -0.08463500000000003
vn -0.97709 0.178098 -0.11651900000000001
vn -0.652961 0.700261 0.2885769999999999
vn 0.317101 0.947779 0.03409999999999994
vn -0.880315 0.466779 -0.08463500000000003
vn 0.919291 0.379816 0.10316999999999997
vn -0.984495 0.146357 -0.09668700000000001
vn -0.984495 0.146357 -0.09668700000000001
vn -0.880315 0.466779 -0.08463500000000003
vn -0.970414 0.07969199999999999 -0.227917
vn -0.925536 -0.376674 -0.03872999999999998
vn -0.18654 0.977261 0.10081599999999995
vn 0.43291 0.591217 0.680478
vn -0.970414 0.07969199999999999 -0.227917
vn -0.652961 0.700261 0.2885769999999999
vn -0.97709 0.178098 -0.11651900000000001
vn -0.97709 0.178098 -0.11651900000000001
vn -0.970414 0.07969199999999999 -0.227917
vn 0.884497 -0.283447 -0.370572
vn 0.550601 -0.827598 -0.10917599999999994
vn -0.699662 -0.556741 -0.44778599999999996
vn -0.772348 -0.626205 -0.10651199999999995
vn -0.699662 -0.556741 -0.44778599999999996
vn 0.774999 -0.559093 -0.29460499999999995
vn 0.884497 -0.283447 -0.370572
vn 0.579986 -0.774262 -0.25324699999999994
vn 0.550601 -0.827598 -0.10917599999999994
vn -0.071839 0.773682 -0.629488
vn 0.282389 0.19773199999999994 -0.938701
vn 0.774999 -0.559093 -0.29460499999999995
vn -0.699662 -0.556741 -0.44778599999999996
vn 0.774999 -0.559093 -0.29460499999999995
vn 0.818956 0.573442 0.021824999999999966
vn 0.550601 -0.827598 -0.10917599999999994
vn 0.879776 -0.10889099999999997 0.46275
vn 0.550601 -0.827598 -0.10917599999999994
vn 0.862388 0.15375400000000003 0.482334
vn 0.550601 -0.827598 -0.10917599999999994
vn 0.884497 -0.283447 -0.370572
vn -0.01303 -0.00895899999999994 0.999875
vn 0.409118 0.767177 0.49402699999999994
vn 0.862388 0.15375400000000003 0.482334
vn 0.194063 0.874622 0.44427199999999994
vn -0.601617 0.794982 -0.07784700000000006
vn -0.526629 0.812748 -0.24920300000000006
vn -0.601617 0.794982 -0.07784700000000006
vn -0.601617 0.794982 -0.07784700000000006
vn -0.849301 -0.523678 -0.06670599999999997
vn -0.699662 -0.556741 -0.44778599999999996
vn 0.100581 0.929076 -0.35595000000000004
vn -0.699662 -0.556741 -0.44778599999999996
vn -0.071839 0.773682 -0.629488
vn 0.100581 0.929076 -0.35595000000000004
vn -0.601617 0.794982 -0.07784700000000006
vn 0.818956 0.573442 0.021824999999999966
vn -0.071839 0.773682 -0.629488
vn 0.100581 0.929076 -0.35595000000000004
vn 0.884497 -0.283447 -0.370572
vn 0.884497 -0.283447 -0.370572
vn 0.774999 -0.559093 -0.29460499999999995
vn 0.282389 0.19773199999999994 -0.938701
vn -0.071839 0.773682 -0.629488
vn 0.209264 -0.860634 0.46423800000000004
vn -0.56931 -0.20642599999999994 0.795786
vn -0.674647 -0.703205 0.22439800000000004
vn 0.550684 -0.792927 0.26079500000000005
vn 0.209264 -0.860634 0.46423800000000004
vn -0.796141 -0.08276199999999996 0.599424
vn 0.340372 0.62622 0.701424
vn -0.522816 0.849479 0.07105499999999994
vn -0.599028 -0.751023 0.2777220000000001
vn -0.796141 -0.08276199999999996 0.599424
vn 0.389186 -0.681612 0.619629
vn -0.796141 -0.08276199999999996 0.599424
vn 0.64506 -0.726053 0.23821200000000006
vn 0.389186 -0.681612 0.619629
vn 0.64506 -0.726053 0.23821200000000006
vn 0.85281 0.458497 0.24999399999999997
vn 0.913449 -0.014616999999999975 0.406692
vn 0.913449 -0.014616999999999975 0.406692
vn 0.389186 -0.681612 0.619629
vn 0.340372 0.62622 0.701424
vn 0.85281 0.458497 0.24999399999999997
vn 0.389186 -0.681612 0.619629
vn -0.796141 -0.08276199999999996 0.599424
vn 0 6.123233995736766E-17 1
vn 0 6.123233995736766E-17 1
vn 0 6.123233995736766E-17 1
vn 0 6.123233995736766E-17 1
vn 0 6.123233995736766E-17 1
vn 0 6.123233995736766E-17 1
vn 0 6.123233995736766E-17 1
vn -0.251525 -0.93232 0.25983700000000004
vn 0.043058 0.13764200000000004 0.989546
vn 0.142793 -0.09642199999999994 0.985045
vn 0.142793 -0.09642199999999994 0.985045
vn 0.114296 -0.985468 -0.12565599999999993
vn -0.01804 -0.025713000000000062 -0.999507
vn 0.164559 -0.18839400000000006 -0.968209
vn 0.827605 -0.56131 0.00010600000000003437
vn 0.142793 -0.09642199999999994 0.985045
vn -0.297109 0.19901199999999994 -0.933874
vn 0.142793 -0.09642199999999994 0.985045
vn -0.290049 0.20830300000000004 0.934067
vn 0.007739 -0.003490999999999939 0.999964
vn 0.295715 -0.947441 0.12209800000000005
vn 0.827419 0.551011 0.10846699999999997
vn 0.848657 0.507242 0.14995899999999998
vn 0.827419 0.551011 0.10846699999999997
vn -0.116405 -0.986613 0.11421100000000005
vn 0.848657 0.507242 0.14995899999999998
vn 0.021193 -0.14844099999999993 0.988694
vn -0.032896 -0.988088 0.15033600000000005
vn 0.638958 0.748894 0.17575499999999994
vn 0.490829 0.795403 0.35555699999999996
vn 0.638958 0.748894 0.17575499999999994
vn -0.830512 -0.481033 0.28081700000000004
vn 0.490829 0.795403 0.35555699999999996
vn 0.025931 -0.09916699999999995 0.994733
vn -0.390337 0.852202 0.34840899999999997
vn -0.855899 -0.506977 0.10203500000000003
vn 0.490829 0.795403 0.35555699999999996
vn -0.830512 -0.481033 0.28081700000000004
vn -0.830512 -0.481033 0.28081700000000004
vn -0.855899 -0.506977 0.10203500000000003
vn 0.025931 -0.09916699999999995 0.994733
vn -0.855899 -0.506977 0.10203500000000003
vn 0.42721 -0.887794 -0.17121499999999995
vn -0.830512 -0.481033 0.28081700000000004
vn -0.011894 -0.987262 -0.15865799999999994
vn -0.011894 -0.987262 -0.15865799999999994
vn 0.42721 -0.887794 -0.17121499999999995
vn -0.205871 0.07843700000000006 0.975431
vn 0.460089 -0.783024 0.41855900000000007
vn 0.713423 0.635428 0.29539499999999996
vn -0.092964 -0.969352 0.22740900000000006
vn 0.696042 0.600324 0.39387399999999995
vn 0.696042 0.600324 0.39387399999999995
vn 0.713423 0.635428 0.29539499999999996
vn -0.205871 0.07843700000000006 0.975431
vn 0.713423 0.635428 0.29539499999999996
vn -0.535719 0.820067 -0.20123400000000005
vn 0.696042 0.600324 0.39387399999999995
vn 0.05817 0.991168 -0.11917000000000005
vn 0.05817 0.991168 -0.11917000000000005
vn -0.535719 0.820067 -0.20123400000000005
vn 0.696042 0.600324 0.39387399999999995
vn 0.942174 -0.313058 -0.11959299999999999
vn 0.05817 0.991168 -0.11917000000000005
vn 0.944089 -0.329659 0.0047150000000000195
vn -0.161117 0.986935 0.0010069999999999396
vn -0.161117 0.986935 0.0010069999999999396
vn 0.05817 0.991168 -0.11917000000000005
vn 0.027028 -0.037338999999999935 0.998937
vn -0.009253 -0.966425 0.25678300000000004
vn 0.643316 0.752624 0.14036099999999996
vn 0.46552 0.784185 0.41029899999999997
vn 0.643316 0.752624 0.14036099999999996
vn -0.586853 -0.756523 0.28857700000000003
vn 0.46552 0.784185 0.41029899999999997
vn 0.942536 0.332651 -0.03112400000000002
vn 0.849256 0.459202 -0.26057300000000005
vn 0.46552 0.784185 0.41029899999999997
vn -0.652825 0.33282600000000007 0.680475
vn 0.942536 0.332651 -0.03112400000000002
vn -0.586853 -0.756523 0.28857700000000003
vn 0.667861 0.74417 0.013145999999999955
vn 0.942536 0.332651 -0.03112400000000002
vn -0.934875 -0.340359 0.10082100000000002
vn 0.667861 0.74417 0.013145999999999955
vn 0.006803 0.001372000000000061 0.999976
vn 0.792936 -0.600002 0.10606800000000004
vn 0.340311 0.935048 0.09937099999999995
vn 0.418165 0.899298 0.12806999999999993
vn 0.340311 0.935048 0.09937099999999995
vn 0.513242 -0.852649 0.09784000000000005
vn 0.418165 0.899298 0.12806999999999993
vn -0.354365 -0.16588999999999995 0.920275
vn 0.52957 -0.827625 0.18599200000000005
vn 0.04458 0.995222 0.08686199999999994
vn -0.087714 0.963229 0.25396199999999997
vn 0.04458 0.995222 0.08686199999999994
vn -0.437174 -0.84606 0.3050610000000001
vn -0.087714 0.963229 0.25396199999999997
vn 0.127978 0.01557800000000006 0.991655
vn -0.824368 0.494689 0.27513699999999996
vn -0.404209 -0.901132 0.15676700000000005
vn -0.087714 0.963229 0.25396199999999997
vn -0.437174 -0.84606 0.3050610000000001
vn -0.437174 -0.84606 0.3050610000000001
vn -0.404209 -0.901132 0.15676700000000005
vn 0.127978 0.01557800000000006 0.991655
vn -0.404209 -0.901132 0.15676700000000005
vn 0.866321 -0.486616 -0.11266299999999997
vn -0.437174 -0.84606 0.3050610000000001
vn 0.558736 -0.824983 -0.08495799999999995
vn 0.558736 -0.824983 -0.08495799999999995
vn 0.866321 -0.486616 -0.11266299999999997
vn -0.219902 -0.062004999999999935 0.973549
vn 0.852419 -0.372775 0.366635
vn 0.20447 0.9399 0.27345899999999995
vn 0.528392 -0.823991 0.20454900000000006
vn 0.244433 0.902704 0.35408699999999993
vn 0.244433 0.902704 0.35408699999999993
vn 0.20447 0.9399 0.27345899999999995
vn -0.219902 -0.062004999999999935 0.973549
vn 0.20447 0.9399 0.27345899999999995
vn -0.918378 0.357796 -0.16900900000000002
vn 0.244433 0.902704 0.35408699999999993
vn -0.535791 0.837725 -0.10557400000000006
vn -0.535791 0.837725 -0.10557400000000006
vn -0.918378 0.357796 -0.16900900000000002
vn 0.244433 0.902704 0.35408699999999993
vn 0.946567 0.30537 -0.10373300000000002
vn -0.535791 0.837725 -0.10557400000000006
vn 0.955689 0.294352 0.003968999999999982
vn -0.682586 0.730804 0.0009509999999999552
vn -0.682586 0.730804 0.0009509999999999552
vn -0.535791 0.837725 -0.10557400000000006
vn -0.157718 -0.08385499999999994 0.983918
vn 0.542589 -0.809905 0.22282400000000005
vn 0.050177 0.991273 0.12190199999999994
vn -0.110058 0.917601 0.38196299999999994
vn 0.050177 0.991273 0.12190199999999994
vn -0.064988 -0.963715 0.2589020000000001
vn -0.110058 0.917601 0.38196299999999994
vn 0.576678 0.816817 -0.015901000000000047
vn 0.43193 0.872795 -0.22730100000000006
vn -0.110058 0.917601 0.38196299999999994
vn -0.7753 -0.10641499999999995 0.622564
vn 0.576678 0.816817 -0.015901000000000047
vn -0.064988 -0.963715 0.2589020000000001
vn 0.075004 0.997058 0.015818999999999937
vn 0.576678 0.816817 -0.015901000000000047
vn -0.607377 -0.789026 0.09236600000000005
vn 0.075004 0.997058 0.015818999999999937
vn -0.004869 -0.006583999999999938 0.999967
vn -0.982542 -0.140375 0.12209200000000002
vn 0.41162 -0.904877 0.10847000000000005
vn 0.365009 -0.918847 0.14996300000000007
vn 0.41162 -0.904877 0.10847000000000005
vn -0.955307 0.272662 0.11420899999999999
vn 0.365009 -0.918847 0.14996300000000007
vn -0.14985 0.0030050000000000606 0.988704
vn -0.97011 0.190489 0.150336
vn 0.637091 -0.750483 0.17575400000000005
vn 0.706693 -0.611693 0.35555200000000003
vn 0.637091 -0.750483 0.17575400000000005
vn -0.342061 0.896737 0.2808129999999999
vn 0.706693 -0.611693 0.35555200000000003
vn -0.102118 -0.00995299999999994 0.994722
vn 0.903654 0.24904900000000002 0.348402
vn -0.363619 0.925943 0.10203499999999995
vn 0.706693 -0.611693 0.35555200000000003
vn -0.342061 0.896737 0.2808129999999999
vn -0.342061 0.896737 0.2808129999999999
vn -0.363619 0.925943 0.10203499999999995
vn -0.102118 -0.00995299999999994 0.994722
vn -0.363619 0.925943 0.10203499999999995
vn -0.944674 -0.279782 -0.17121199999999998
vn -0.342061 0.896737 0.2808129999999999
vn -0.972661 0.169582 -0.158659
vn -0.972661 0.169582 -0.158659
vn -0.944674 -0.279782 -0.17121199999999998
vn 0.110296 0.19070300000000007 0.975432
vn -0.846526 -0.328954 0.418549
vn 0.513164 -0.805855 0.29540000000000005
vn -0.942017 0.24676100000000004 0.22740599999999997
vn 0.481296 -0.78308 0.39387900000000003
vn 0.481296 -0.78308 0.39387900000000003
vn 0.513164 -0.805855 0.29540000000000005
vn 0.110296 0.19070300000000007 0.975432
vn 0.513164 -0.805855 0.29540000000000005
vn 0.895179 0.397694 -0.20123100000000002
vn 0.481296 -0.78308 0.39387900000000003
vn 0.969113 -0.215913 -0.11916599999999998
vn 0.969113 -0.215913 -0.11916599999999998
vn 0.895179 0.397694 -0.20123100000000002
vn 0.481296 -0.78308 0.39387900000000003
vn -0.216849 -0.967492 -0.13013799999999995
vn 0.969113 -0.215913 -0.11916599999999998
vn -0.869445 -0.494022 0.0027150000000000303
vn 0.999999 0.001226 0.001007
vn 0.999999 0.001226 0.001007
vn 0.969113 -0.215913 -0.11916599999999998
vn -0.041171 -0.02067399999999994 0.998938
vn -0.952511 0.16366200000000003 0.256782
vn 0.640071 -0.755385 0.14036400000000004
vn 0.69966 -0.584917 0.41030300000000003
vn 0.640071 -0.755385 0.14036400000000004
vn -0.652961 0.700261 0.2885769999999999
vn 0.69966 -0.584917 0.41030300000000003
vn 0.17769 -0.983594 -0.03111799999999994
vn 0.300583 -0.89198 -0.33766999999999997
vn 0.69966 -0.584917 0.41030300000000003
vn 0.43291 0.591217 0.680478
vn 0.17769 -0.983594 -0.03111799999999994
vn -0.652961 0.700261 0.2885769999999999
vn 0.627816 -0.778251 0.013145000000000047
vn 0.17769 -0.983594 -0.03111799999999994
vn -0.18654 0.977261 0.10081599999999995
vn 0.627816 -0.778251 0.013145000000000047
vn -0.56931 -0.20642599999999994 0.795786
vn -0.010328 0.862689 0.50563
vn -0.764848 0.572736 0.29492599999999997
vn -0.674647 -0.703205 0.22439800000000004
vn -0.56931 -0.20642599999999994 0.795786
vn 0.790403 0.60359 0.10459999999999996
vn -0.010328 0.862689 0.50563
vn 0.772953 0.027427000000000038 0.63387
vn -0.56931 -0.20642599999999994 0.795786
vn 0.209264 -0.860634 0.46423800000000004
vn 0.550684 -0.792927 0.26079500000000005
vn 0.550684 -0.792927 0.26079500000000005
vn 0.790403 0.60359 0.10459999999999996
vn 0.214271 -0.795228 0.567186
vn 0.178894 -0.698665 0.692722
vn -0.855617 -0.351906 0.379582
vn -0.919914 -0.365689 0.14152600000000004
vn 0.214271 -0.795228 0.567186
vn -0.984646 0.167269 0.049923999999999996
vn -0.996442 0.037584000000000006 0.075431
vn -0.906661 -0.418898 -0.049909999999999975
vn -0.31159 -0.946948 0.07874800000000005
vn 0.214271 -0.795228 0.567186
vn 0.214271 -0.795228 0.567186
vn 0.770733 -0.492937 0.40371300000000004
vn 0.905292 -0.04673399999999997 0.422211
vn 0.178894 -0.698665 0.692722
vn 0.853969 0.11717200000000003 0.50696
vn 0.781745 0.38011400000000006 0.494356
vn 0.661505 0.634297 0.4000969999999999
vn 0.982423 0.18667 -3.500000000001143E-05
vn -0.333428 -0.061834000000000056 -0.940746
vn 0.317554 -0.02738900000000006 -0.947845
vn 0.996841 -0.079421 0.00014200000000000486
vn 0.982423 0.18667 -3.500000000001143E-05
vn 0.827605 -0.56131 0.00010600000000003437
vn -0.297109 0.19901199999999994 -0.933874
vn 0.194336 0.23248400000000005 0.952987
vn -0.902094 0.406192 0.14571999999999996
vn -0.80892 -0.587852 -0.008862999999999963
vn -0.01303 -0.00895899999999994 0.999875
vn 0.194336 0.23248400000000005 0.952987
vn -0.772348 -0.626205 -0.10651199999999995
vn -0.166262 -0.519064 -0.838409
vn -0.80892 -0.587852 -0.008862999999999963
vn -0.950455 -0.295797 -0.09560199999999999
vn -0.937472 0.347442 -0.02074500000000002
vn -0.35885 -0.923924 -0.13263399999999995
vn 0.287756 -0.953456 -0.09010299999999995
vn 0.987908 -0.149875 0.03968000000000001
vn 0.694851 -0.718712 -0.025182999999999955
vn 0.721297 0.685669 0.09791999999999995
vn 0.166725 0.981229 0.09691899999999995
vn 0.8113 -0.583241 -0.04028599999999997
vn 0.299879 -0.953947 -0.007614999999999942
vn 0.956 0.28789 -0.05641900000000002
vn 0.594835 0.802887 -0.03927800000000005
vn 0.982142 -0.186313 -0.02615799999999999
vn 0.658478 -0.752568 -0.006846999999999954
vn 0.761096 0.647576 -0.03712500000000004
vn 0.203401 0.978853 -0.02180700000000006
vn -0.998023 0.062837 0.0008459999999999962
vn -0.998023 0.062837 0.0008459999999999962
vn -0.998023 0.062837 0.0008459999999999962
vn -0.998023 0.062838 0.0008459999999999962
vn -0.062825 -0.997855 -0.018385999999999937
vn -0.062826 -0.997855 -0.018385999999999937
vn -0.062825 -0.997855 -0.018385999999999937
vn -0.062824 -0.997855 -0.018385999999999937
vn 0.998023 -0.062838 -0.0008449999999999963
vn 0.998023 -0.062841 -0.0008449999999999963
vn 0.998023 -0.062838 -0.0008449999999999963
vn 0.998024 -0.062835 -0.0008449999999999963
vn 0.06283 0.997855 0.018388999999999937
vn 0.062831 0.997855 0.01838799999999994
vn 0.06283 0.997855 0.018388999999999937
vn 0.062829 0.997855 0.018388999999999937
vn -0.99684 0.062762 0.04869799999999999
vn -0.99684 0.062763 0.04869799999999999
vn -0.99684 0.062762 0.04869799999999999
vn -0.99684 0.062762 0.04869799999999999
vn -0.062835 -0.998017 -0.0037339999999999388
vn -0.062836 -0.998017 -0.0037339999999999388
vn -0.062835 -0.998017 -0.0037339999999999388
vn -0.062834 -0.998017 -0.0037339999999999388
vn 0.99684 -0.062765 -0.048695999999999996
vn 0.99684 -0.062766 -0.048695999999999996
vn 0.99684 -0.062765 -0.048695999999999996
vn 0.99684 -0.062764 -0.048695999999999996
vn 0.062838 0.998017 0.003735999999999939
vn 0.062839 0.998017 0.003735999999999939
vn 0.062838 0.998017 0.003735999999999939
vn 0.062837 0.998017 0.003735999999999939
vn 0.669056 0.743079 -0.014075000000000046
vn 0.085804 0.996211 -0.014158000000000061
vn 0.996212 -0.086142 -0.011874999999999995
vn 0.747794 -0.663824 -0.01192399999999996
vn 0.749523 -0.661833 -0.01390699999999996
vn 0.996328 -0.084797 -0.011855999999999995
vn -0.086057 -0.996124 -0.018177999999999937
vn -0.673417 -0.739044 -0.017971999999999953
vn 0.669048 0.743086 -0.014068000000000046
vn 0.085786 0.996213 -0.014146000000000061
vn 0.996328 -0.084797 -0.011855999999999995
vn 0.749523 -0.661833 -0.01390699999999996
vn 0.408471 0.844959 0.34524799999999994
vn 0.408471 0.844959 -0.3452470000000001
vn 0.098156 0.20304400000000006 0.974237
vn -0.195744 -0.37571699999999997 0.905826
vn 0.155496 0.987736 -0.014075000000000061
vn -0.471425 0.881792 -0.014159000000000053
vn 0.881976 0.471144 -0.01187500000000003
vn 0.988834 -0.148542 -0.011922999999999991
vn 0.989196 -0.145935 -0.01390899999999999
vn 0.881343 0.472328 -0.011857000000000029
vn 0.471166 -0.881857 -0.018176999999999943
vn -0.161359 -0.986732 -0.017970999999999942
vn 0.155497 0.987736 -0.014068000000000061
vn -0.471434 0.881788 -0.014145000000000053
vn 0.881343 0.472328 -0.011857000000000029
vn 0.989196 -0.145935 -0.01390899999999999
vn -0.118767 0.930965 0.34524999999999995
vn -0.118767 0.930966 -0.34524900000000003
vn -0.028539 0.22370900000000005 0.974238
vn 0.043144 -0.42136199999999996 0.905866
vn -0.793718 -0.60367 -0.07478799999999995
vn -0.793723 -0.603665 -0.07478799999999995
vn -0.793718 -0.60367 -0.07478799999999995
vn -0.793714 -0.603676 -0.07478799999999995
vn -0.601775 0.79124 -0.10866100000000004
vn -0.601776 0.791239 -0.10866100000000004
vn -0.601775 0.79124 -0.10866100000000004
vn -0.601774 0.79124 -0.10866100000000004
vn 0.793722 0.603666 0.07478999999999995
vn 0.793722 0.603665 0.07478999999999995
vn 0.793722 0.603666 0.07478999999999995
vn 0.793721 0.603667 0.07478999999999995
vn 0.601778 -0.791237 0.10866400000000004
vn 0.601776 -0.791238 0.10866400000000004
vn 0.601778 -0.791237 0.10866400000000004
vn 0.60178 -0.791235 0.10866400000000004
vn 0.548354 0.834827 0.04869799999999995
vn 0.548355 0.834827 0.04869799999999995
vn 0.548354 0.834827 0.04869799999999995
vn 0.548354 0.834828 0.04869799999999995
vn -0.835816 0.548996 -0.0037340000000000337
vn -0.835817 0.548995 -0.0037340000000000337
vn -0.835816 0.548996 -0.0037340000000000337
vn -0.835816 0.548997 -0.0037340000000000337
vn -0.548354 -0.834827 -0.048695999999999955
vn -0.548359 -0.834824 -0.04869699999999995
vn -0.548354 -0.834827 -0.048695999999999955
vn -0.548349 -0.834831 -0.048695999999999955
vn 0.835813 -0.549001 0.003736000000000034
vn 0.835812 -0.549002 0.003736000000000034
vn 0.835813 -0.549001 0.003736000000000034
vn 0.835814 -0.549 0.003736000000000034
vn 0.51335 -0.858064 -0.014073999999999948
vn 0.926876 -0.375101 -0.014157999999999978
vn -0.375426 -0.926776 -0.011874999999999943
vn -0.854452 -0.519394 -0.011920999999999968
vn -0.853058 -0.52163 -0.013907999999999969
vn -0.374179 -0.927281 -0.011855999999999943
vn -0.926718 0.375318 -0.018175000000000024
vn -0.508199 0.861052 -0.017970000000000052
vn 0.513348 -0.858065 -0.014068999999999948
vn 0.92688 -0.375091 -0.014144999999999977
vn -0.374179 -0.927281 -0.011855999999999943
vn -0.853058 -0.52163 -0.013907999999999969
vn 0.695076 -0.63056 0.34534500000000007
vn 0.695077 -0.63056 -0.34534399999999993
vn 0.166942 -0.15144699999999994 0.974266
vn -0.305346 0.29339200000000004 0.905917
vn -0.763613 -0.627632 0.15157000000000004
vn -0.763604 -0.627643 0.15157100000000004
vn -0.763613 -0.627632 0.15157000000000004
vn -0.763622 -0.627621 0.15156900000000004
vn 0.634903 -0.772453 0.014643000000000047
vn 0.634908 -0.772449 0.014642000000000047
vn 0.634903 -0.772453 0.014643000000000047
vn 0.634899 -0.772457 0.014643000000000047
vn 0.763627 0.627615 -0.15156800000000004
vn 0.763627 0.627615 -0.15156800000000004
vn 0.763627 0.627615 -0.15156800000000004
vn 0.763627 0.627616 -0.15156800000000004
vn -0.634885 0.772468 -0.014646000000000046
vn -0.634884 0.772468 -0.014646000000000046
vn -0.634885 0.772468 -0.014646000000000046
vn -0.634886 0.772467 -0.014646000000000046
vn -0.622457 -0.711918 -0.32514599999999994
vn -0.552661 -0.780099 0.29327800000000004
vn -0.303261 -0.14771700000000004 -0.941389
vn 0.092006 0.3541389999999999 -0.930656
vn -0.928791 -0.336344 0.15563100000000002
vn -0.928788 -0.336352 0.15563100000000002
vn -0.928791 -0.336344 0.15563100000000002
vn -0.928794 -0.336335 0.15563000000000002
vn 0.340476 -0.940252 -0.0014159999999999423
vn 0.340462 -0.940257 -0.0014139999999999422
vn 0.340476 -0.940252 -0.0014159999999999423
vn 0.34049 -0.940247 -0.0014169999999999424
vn 0.928798 0.336324 -0.15562900000000002
vn 0.9288 0.336318 -0.15562900000000002
vn 0.928798 0.336324 -0.15562900000000002
vn 0.928796 0.336331 -0.15562800000000002
vn -0.340469 0.940255 0.0014139999999999422
vn -0.340481 0.94025 0.0014169999999999424
vn -0.340469 0.940255 0.0014139999999999422
vn -0.340457 0.940259 0.0014119999999999424
vn -0.840268 -0.435734 -0.322622
vn -0.805029 -0.511455 0.30056900000000003
vn -0.328774 -0.04451100000000006 -0.943359
vn 0.22254 0.2728749999999999 -0.935957
vn -0.340489 0.940249 -5.757364641257499E-17
vn -0.340489 0.940249 -4.0000000000575735E-06
vn -0.340489 0.940249 -5.757364641257499E-17
vn -0.340489 0.940249 3.999999999942426E-06
vn 0.166593 0.979049 0.11708799999999994
vn 0.166586 0.97905 0.11708799999999994
vn 0.166593 0.979049 0.11708799999999994
vn 0.166601 0.979048 0.11708799999999994
vn -0.985069 0.167611 -0.039324000000000005
vn -0.985068 0.167613 -0.039324000000000005
vn -0.985069 0.167611 -0.039324000000000005
vn -0.985069 0.167608 -0.039324000000000005
vn -0.166593 -0.979049 -0.11708599999999994
vn -0.166601 -0.979048 -0.11708699999999994
vn -0.166593 -0.979049 -0.11708599999999994
vn -0.166586 -0.979051 -0.11708499999999994
vn 0.985069 -0.167611 0.039324000000000005
vn 0.985069 -0.167608 0.039324000000000005
vn 0.985069 -0.167611 0.039324000000000005
vn 0.985068 -0.167614 0.039323000000000004
vn 0.065443 0.943776 -0.32404400000000005
vn -0.034553 0.952996 0.30100699999999997
vn 0.155009 0.30203199999999997 -0.940611
vn 0.144719 -0.32971000000000006 -0.932924
vn 0.993324 0.115359 -0.000895000000000007
vn -0.004216 -0.07211400000000005 -0.997387
vn 0.332656 0.07536999999999995 -0.940032
vn 0.971247 0.238069 -0.0012790000000000145
vn -0.004216 -0.07211400000000005 -0.997387
vn -0.999889 0.014905 0.00047899999999999907
vn -0.971248 -0.238068 0.0012810000000000145
vn 0.332656 0.07536999999999995 -0.940032
vn 0.989217 -0.14646 -4.8999999999991033E-05
vn -0.313456 0.04304099999999995 -0.948627
vn -0.004216 -0.07211400000000005 -0.997387
vn 0.993324 0.115359 -0.000895000000000007
vn -0.313456 0.04304099999999995 -0.948627
vn -0.989217 0.146459 4.699999999999103E-05
vn -0.999889 0.014905 0.00047899999999999907
vn -0.004216 -0.07211400000000005 -0.997387
vn 0.037383 0.12993799999999994 -0.990817
vn 0.022027 0.16208199999999995 -0.986532
vn 0.037383 0.12993799999999994 -0.990817
vn 0.052691 0.09762599999999995 -0.993827
vn -0.028216 0.16065599999999994 -0.986607
vn -0.044026 0.17237199999999994 -0.984048
vn -0.028216 0.16065599999999994 -0.986607
vn -0.012395 0.14887599999999995 -0.988778
vn 0.160919 -0.09963800000000006 -0.981925
vn 0.217093 -0.09537300000000005 -0.971481
vn 0.160919 -0.09963800000000006 -0.981925
vn 0.104217 -0.10357700000000006 -0.989147
vn -0.949952 0.312395 -1.9128676840981868E-17
vn -0.949952 0.312395 -1.9128676840981868E-17
vn -0.949952 0.312395 -1.9128676840981868E-17
vn -0.949952 0.312395 -1.9128676840981868E-17
vn -0.312396 -0.949952 5.816778380718133E-17
vn -0.312396 -0.949952 5.816778380718133E-17
vn -0.312396 -0.949952 5.816778380718133E-17
vn -0.312396 -0.949952 5.816778380718133E-17
vn 0.949952 -0.312394 1.9128615608641914E-17
vn 0.949952 -0.312394 1.9128615608641914E-17
vn 0.949952 -0.312394 1.9128615608641914E-17
vn 0.949952 -0.312394 1.9128615608641914E-17
vn 0.312396 0.949952 -5.816778380718133E-17
vn 0.312396 0.949952 -5.816778380718133E-17
vn 0.312396 0.949952 -5.816778380718133E-17
vn 0.312396 0.949952 -5.816778380718133E-17
vn 0 6.123233995736766E-17 1
vn 0 6.123233995736766E-17 1
vn 0 6.123233995736766E-17 1
vn 0 6.123233995736766E-17 1
vn -0.906308 0.422618 0.00011599999999997413
vn -0.906308 0.422617 0.00011499999999997413
vn -0.906308 0.422618 0.00011599999999997413
vn -0.906308 0.422618 0.00011599999999997413
vn -0.907208 0.420683 9.999999999742406E-07
vn -0.907208 0.420683 9.999999999742406E-07
vn -0.907208 0.420683 9.999999999742406E-07
vn -0.907208 0.420683 9.999999999742406E-07
vn 0.906308 -0.422618 -9.99999999974122E-07
vn 0.906308 -0.422618 -2.9999999999741224E-06
vn 0.906308 -0.422618 -9.99999999974122E-07
vn 0.906308 -0.422618 2.5877889048102807E-17
vn 0.411697 0.911321 -1.0000000000558023E-06
vn 0.411697 0.911321 -1.0000000000558023E-06
vn 0.411697 0.911321 -1.0000000000558023E-06
vn 0.411697 0.911321 -1.0000000000558023E-06
vn 0 6.123233995736766E-17 1
vn 0 6.123233995736766E-17 1
vn 0 6.123233995736766E-17 1
vn 0 6.123233995736766E-17 1
vn -0.906307 0.42262 -2.587801151278272E-17
vn -0.906307 0.42262 -2.587801151278272E-17
vn -0.906307 0.42262 -2.587801151278272E-17
vn -0.906308 0.422619 -2.5877950280442764E-17
vn 0 6.123233995736766E-17 1
vn 0 6.123233995736766E-17 1
vn 0 6.123233995736766E-17 1
vn 0 6.123233995736766E-17 1
vn 0.906309 -0.422616 1.0000000000258777E-06
vn 0.906308 -0.422617 1.0000000000258779E-06
vn 0.906309 -0.422616 1.0000000000258777E-06
vn 0.90631 -0.422614 1.0000000000258777E-06
vn 0 -6.123233995736766E-17 -1
vn 0 -6.123233995736766E-17 -1
vn 0 -6.123233995736766E-17 -1
vn 0 -6.123233995736766E-17 -1
vn 0.420332 0.901407 0.10385899999999995
vn 0.420332 0.901407 0.10385899999999995
vn 0.420332 0.901407 0.10385899999999995
vn 0.420332 0.901407 0.10385799999999995
vn -0.420271 -0.907213 0.018349000000000056
vn -0.420348 -0.907178 0.018334000000000055
vn -0.420271 -0.907213 0.018349000000000056
vn -0.420271 -0.907213 0.018349000000000056
vn -0.427379 0.20976200000000006 0.879401
vn 0.136089 -0.054650999999999936 0.989188
vn -0.894328 0.422709 0.14661099999999996
vn -0.797271 0.37110999999999994 -0.476063
vn 0.797312 -0.37102299999999994 0.476063
vn 0.894304 -0.422758 -0.14661699999999997
vn 0.136089 -0.054650999999999936 0.989188
vn -0.427379 0.20976200000000006 0.879401
vn 0.427374 -0.20975600000000005 -0.879405
vn -0.136093 0.05465399999999994 -0.989187
vn 0.894304 -0.422758 -0.14661699999999997
vn 0.797312 -0.37102299999999994 0.476063
vn 0.420281 0.907214 0.018065999999999943
vn 0.420249 0.907229 0.018059999999999944
vn 0.420281 0.907214 0.018065999999999943
vn 0.420313 0.907199 0.018072999999999943
vn -0.421417 -0.906675 0.018677000000000055
vn -0.421509 -0.906632 0.018660000000000055
vn -0.421417 -0.906675 0.018677000000000055
vn -0.421417 -0.906675 0.018677000000000055
vn -0.427586 0.20934800000000006 0.8794
vn 0.136251 -0.05439599999999994 0.98918
vn -0.894829 0.421648 0.14660599999999996
vn -0.797767 0.37010999999999994 -0.476011
vn 0.797808 -0.37001999999999996 0.476012
vn 0.894805 -0.421699 -0.14660799999999996
vn 0.136251 -0.05439599999999994 0.98918
vn -0.427586 0.20934800000000006 0.8794
vn 0.427585 -0.20934300000000006 -0.879402
vn -0.136254 0.05439899999999994 -0.989179
vn 0.894805 -0.421699 -0.14660799999999996
vn 0.797808 -0.37001999999999996 0.476012
vn 0.421441 0.906682 0.017741999999999945
vn 0.421399 0.906702 0.017733999999999944
vn 0.421441 0.906682 0.017741999999999945
vn 0.421482 0.906663 0.017749999999999943
vn -0.422607 -0.906107 0.019327000000000056
vn -0.422688 -0.90607 0.019312000000000055
vn -0.422607 -0.906107 0.019327000000000056
vn -0.422607 -0.906107 0.019327000000000056
vn 0.7867 -0.39348099999999997 0.475684
vn 0.906627 -0.39566 -0.14656199999999997
vn 0.101316 -0.12787999999999994 0.986601
vn -0.461394 0.13437900000000005 0.876959
vn 0.461341 -0.13450900000000005 -0.876967
vn -0.101387 0.12772399999999995 -0.986614
vn 0.906627 -0.39566 -0.14656199999999997
vn 0.7867 -0.39348099999999997 0.475684
vn 0.422866 0.905951 0.020900999999999944
vn 0.422825 0.90597 0.020892999999999943
vn 0.422866 0.905951 0.020900999999999944
vn 0.422906 0.905932 0.020908999999999945
vn -0.423843 -0.905557 0.017986000000000054
vn -0.423944 -0.90551 0.017967000000000056
vn -0.423843 -0.905557 0.017986000000000054
vn -0.423843 -0.905557 0.017986000000000054
vn 0.784844 -0.39713999999999994 0.475711
vn 0.909269 -0.389542 -0.14658199999999996
vn 0.094638 -0.14196799999999996 0.985337
vn -0.467668 0.11916500000000005 0.875835
vn 0.46761 -0.11932600000000006 -0.875844
vn -0.094718 0.14177699999999993 -0.985357
vn 0.909269 -0.389542 -0.14658199999999996
vn 0.784844 -0.39713999999999994 0.475711
vn 0.424147 0.90546 0.015575999999999944
vn 0.424106 0.905479 0.015567999999999945
vn 0.424147 0.90546 0.015575999999999944
vn 0.424188 0.90544 0.015583999999999945
vn -0.425432 -0.904774 0.019786000000000057
vn -0.425516 -0.904735 0.019770000000000055
vn -0.425432 -0.904774 0.019786000000000057
vn -0.425432 -0.904774 0.019786000000000057
vn 0.409878 -0.24604200000000007 -0.87833
vn -0.154623 0.014964999999999938 -0.98786
vn 0.890558 -0.430626 -0.14651899999999998
vn 0.80544 -0.3534439999999999 0.475756
vn 0.425297 0.904821 0.020525999999999944
vn 0.425256 0.904841 0.020517999999999946
vn 0.425297 0.904821 0.020525999999999944
vn 0.425337 0.904802 0.020533999999999945
vn -0.43039 -0.902499 0.016114000000000055
vn -0.430465 -0.902464 0.016100000000000055
vn -0.43039 -0.902499 0.016114000000000055
vn -0.43039 -0.902499 0.016114000000000055
vn 0.81828 -0.32470799999999994 0.474324
vn 0.881556 -0.448572 -0.14711099999999996
vn 0.187309 0.05650300000000006 0.980675
vn -0.37547 0.31258300000000006 0.872533
vn 0.375567 -0.31236800000000003 -0.872569
vn -0.187196 -0.056251000000000065 -0.980711
vn 0.881556 -0.448572 -0.14711099999999996
vn 0.81828 -0.32470799999999994 0.474324
vn 0.430133 0.902639 0.015135999999999945
vn 0.430094 0.902657 0.015127999999999945
vn 0.430133 0.902639 0.015135999999999945
vn 0.430172 0.90262 0.015143999999999944
vn -0.42868 -0.903257 0.018989000000000054
vn -0.428761 -0.903219 0.018974000000000057
vn -0.42868 -0.903257 0.018989000000000054
vn -0.42868 -0.903257 0.018989000000000054
vn 0.446735 -0.16816900000000007 -0.878719
vn -0.11932 0.09066299999999994 -0.988708
vn 0.904137 -0.401447 -0.14620499999999997
vn 0.795236 -0.37563299999999994 0.47592
vn 0.428819 0.903189 0.019074999999999946
vn 0.428779 0.903208 0.019067999999999946
vn 0.428819 0.903189 0.019074999999999946
vn 0.428859 0.90317 0.019082999999999944
vn -0.427635 -0.903759 0.018654000000000056
vn -0.427705 -0.903726 0.018640000000000056
vn -0.427635 -0.903759 0.018654000000000056
vn -0.427635 -0.903759 0.018654000000000056
vn 0.396293 -0.27301100000000006 -0.876594
vn -0.167851 -0.01392600000000006 -0.985714
vn 0.887055 -0.437767 -0.14660799999999996
vn 0.810683 -0.34173599999999993 0.475405
vn 0.42738 0.9038 0.022185999999999945
vn 0.427338 0.90382 0.022177999999999944
vn 0.42738 0.9038 0.022185999999999945
vn 0.427423 0.90378 0.022194999999999944
vn -0.426519 -0.904206 0.022188000000000055
vn -0.426586 -0.904175 0.022175000000000056
vn -0.426519 -0.904206 0.022188000000000055
vn -0.426519 -0.904206 0.022188000000000055
vn 0.409784 -0.24613100000000004 -0.878349
vn -0.155159 0.01416799999999994 -0.987788
vn 0.891008 -0.429658 -0.14662399999999998
vn 0.80611 -0.3521869999999999 0.475553
vn 0.426419 0.904344 0.018126999999999945
vn 0.426376 0.904365 0.018117999999999943
vn 0.426419 0.904344 0.018126999999999945
vn 0.426462 0.904324 0.018134999999999943
vn -0.669717 -0.739961 -0.06274399999999995
vn -0.119132 -0.988388 0.09432800000000005
vn -0.966132 0.10614899999999998 -0.235205
vn -0.689247 0.682886 -0.24208700000000005
vn 0.669339 0.740123 0.06483799999999997
vn 0.118865 0.988593 -0.09249600000000005
vn 0.965969 -0.10614599999999999 0.235874
vn 0.689255 -0.682756 0.24242900000000006
vn -0.1583 0.07170300000000006 0.984784
vn -0.158296 0.07170200000000006 0.984785
vn -0.1583 0.07170300000000006 0.984784
vn -0.158303 0.07170500000000006 0.984784
vn 0.66742 0.739704 0.08594999999999996
vn 0.117632 0.990389 -0.07274300000000006
vn 0.963568 -0.10904599999999999 0.244226
vn 0.687935 -0.685987 0.23699600000000007
vn -0.158361 0.07173000000000006 0.984773
vn -0.15836 0.07172900000000006 0.984773
vn -0.158361 0.07173000000000006 0.984773
vn -0.158361 0.07173000000000006 0.984772
vn -0.687529 -0.726156 -0.0009819999999999556
vn -0.114331 -0.993441 -0.0019649999999999395
vn -0.993443 0.114329 0.000981999999999993
vn -0.726155 0.687528 0.001964999999999958
vn 0.68753 0.726155 0.0009829999999999555
vn 0.114332 0.993441 0.0019649999999999395
vn 0.993442 -0.11433 -0.000981999999999993
vn 0.726155 -0.687528 -0.001963999999999958
vn 0 6.123233995736766E-17 1
vn 0 6.123233995736766E-17 1
vn 0 6.123233995736766E-17 1
vn 0 6.123233995736766E-17 1
vn 0.906309 -0.422617 2.587782781576285E-17
vn 0.906311 -0.422612 2.587752165406306E-17
vn 0.906309 -0.422617 2.587782781576285E-17
vn 0.906309 -0.422617 2.587782781576285E-17
vn 0.398372 0.860987 0.3162289999999999
vn 0.402559 0.859037 -0.31623000000000007
vn 0.127205 0.28958700000000004 0.948661
vn -0.139765 -0.28373999999999994 0.948661
vn -0.906306 0.422622 -2.5878133977462635E-17
vn -0.906306 0.422622 3.999999999974121E-06
vn -0.906306 0.422622 -2.5878133977462635E-17
vn -0.906306 0.422622 -4.000000000025878E-06
vn 0.906309 -0.422616 -9.999999999741223E-07
vn 0.906311 -0.422613 -9.999999999741225E-07
vn 0.906309 -0.422616 -9.999999999741223E-07
vn 0.906309 -0.422616 -9.999999999741223E-07
vn 0.406039 0.857397 0.31623199999999996
vn 0.394878 0.862598 -0.31622200000000006
vn 0.150203 0.27881700000000004 0.948525
vn -0.116727 -0.29442399999999996 0.948519
vn -0.906308 0.422619 -2.5877950280442764E-17
vn -0.906308 0.422619 9.99999999974122E-07
vn -0.906308 0.422619 -2.5877950280442764E-17
vn -0.906307 0.422619 -1.0000000000258779E-06
vn 0.687531 0.726154 0.0009819999999999556
vn 0.114331 0.993441 0.0019639999999999393
vn 0.993442 -0.114331 -0.000981999999999993
vn 0.726155 -0.687528 -0.001963999999999958
vn 0 6.123233995736766E-17 1
vn 0 6.123233995736766E-17 1
vn 0 6.123233995736766E-17 1
vn 0 6.123233995736766E-17 1
vn 0.906306 -0.422622 2.5878133977462635E-17
vn 0.906308 -0.422617 2.587782781576285E-17
vn 0.906306 -0.422622 2.5878133977462635E-17
vn 0.906306 -0.422622 2.5878133977462635E-17
vn 0.406481 0.857187 0.31623299999999993
vn 0.394509 0.862769 -0.31621400000000005
vn 0.151429 0.27823600000000004 0.948501
vn -0.115519 -0.29497899999999994 0.948495
vn -0.906308 0.422618 -2.5877889048102807E-17
vn -0.906308 0.422618 -4.0000000000258775E-06
vn -0.906308 0.422618 -2.5877889048102807E-17
vn -0.906308 0.422618 3.999999999974122E-06
vn 0.90631 -0.422614 2.5877644118742975E-17
vn 0.906311 -0.422612 2.587752165406306E-17
vn 0.90631 -0.422614 2.5877644118742975E-17
vn 0.90631 -0.422614 2.5877644118742975E-17
vn 0.397277 0.861495 0.3162249999999999
vn 0.403726 0.85849 -0.31622700000000004
vn 0.12382 0.2911560000000001 0.948629
vn -0.143166 -0.28213999999999995 0.948631
vn -0.906307 0.422619 -2.5877950280442764E-17
vn -0.906307 0.422619 -5.000000000025878E-06
vn -0.906307 0.422619 -2.5877950280442764E-17
vn -0.906307 0.422619 4.999999999974123E-06
vn 0.726153 -0.68753 -0.001964999999999958
vn 0.993442 -0.11433 -0.000981999999999993
vn -0.114335 -0.99344 -0.0019649999999999395
vn -0.687531 -0.726154 -0.0009819999999999556
vn 0.687531 0.726155 0.0009819999999999556
vn 0.114332 0.993441 0.0019639999999999393
vn 0.993442 -0.11433 -0.000981999999999993
vn 0.726153 -0.68753 -0.001964999999999958
vn 0 6.123233995736766E-17 1
vn 0 6.123233995736766E-17 1
vn 0 6.123233995736766E-17 1
vn 0 6.123233995736766E-17 1
vn 0.827887 -0.464479 -0.31442499999999995
vn -0.296894 0.11374799999999995 -0.948112
vn 0.259561 -0.18788200000000005 -0.947274
vn 0.840324 -0.439786 0.316931
vn -0.422619 -0.906307 5.549529832974201E-17
vn -0.422619 -0.906307 -1.9999999999445044E-06
vn -0.422619 -0.906307 5.549529832974201E-17
vn -0.422619 -0.906307 2.0000000000554954E-06
vn 0.880534 -0.353821 -0.315389
vn -0.283518 0.14122199999999993 -0.948511
vn 0.301835 -0.09944700000000005 -0.948159
vn 0.874434 -0.367738 0.31644
vn -0.42262 -0.906307 5.549529832974201E-17
vn -0.42262 -0.906307 -9.999999999445047E-07
vn -0.42262 -0.906307 5.549529832974201E-17
vn -0.42262 -0.906307 1.0000000000554952E-06
vn 0.877141 -0.361675 0.315935
vn -0.230252 0.24835500000000005 0.940906
vn 0.338252 -0.01674199999999994 0.940907
vn 0.840874 -0.439445 -0.315942
vn -0.87714 0.361675 -0.315938
vn 0.230246 -0.24835200000000004 -0.940908
vn -0.338253 0.01674199999999994 -0.940906
vn -0.840877 0.439445 0.315934
vn 0.422617 0.906309 -5.549542079442193E-17
vn 0.422617 0.906309 -5.0000000000554955E-06
vn 0.422617 0.906309 -5.549542079442193E-17
vn 0.422617 0.906309 4.999999999944505E-06
vn 0.846472 -0.42846 0.31608
vn -0.324031 0.05024300000000006 0.944711
vn 0.246769 -0.21592599999999995 0.944712
vn 0.872321 -0.373026 -0.316083
vn -0.846471 0.42846 -0.316084
vn 0.324027 -0.050241000000000056 -0.944713
vn -0.246769 0.21592499999999995 -0.944713
vn -0.872322 0.373027 0.316078
vn 0.42262 0.906307 -5.549529832974201E-17
vn 0.42262 0.906307 -9.000000000055496E-06
vn 0.42262 0.906307 -5.549529832974201E-17
vn 0.42262 0.906307 8.999999999944504E-06
vn -0.859799 0.40093 -0.316229
vn 0.286599 -0.13364300000000007 -0.948684
vn -0.286599 0.13364299999999996 -0.948684
vn -0.8598 0.400931 0.316226
vn 0.422618 0.906308 -5.549535956208197E-17
vn 0.422618 0.906308 3.999999999944505E-06
vn 0.422618 0.906308 -5.549535956208197E-17
vn 0.422618 0.906308 -4.000000000055495E-06
vn 0.744838 -0.591712 0.30837300000000006
vn -0.253878 0.20168500000000006 0.945975
vn 0.253876 -0.20168399999999995 0.945976
vn 0.744837 -0.591712 -0.3083739999999999
vn -0.744838 0.591712 -0.30837200000000003
vn 0.253876 -0.20168300000000006 -0.945976
vn -0.253878 0.20168499999999995 -0.945975
vn -0.744838 0.591712 0.3083719999999999
vn 0.422619 0.906308 -5.549535956208197E-17
vn 0.422619 0.906308 -3.0000000000554956E-06
vn 0.422619 0.906308 -5.549535956208197E-17
vn 0.422619 0.906308 2.9999999999445046E-06
vn -0.400931 -0.859799 0.31622800000000006
vn 0.133644 0.2866000000000001 0.948683
vn -0.133645 -0.28660099999999994 0.948683
vn -0.400931 -0.8598 -0.31622599999999995
vn 0.400931 0.859798 -0.31623000000000007
vn -0.133644 -0.28660100000000005 -0.948683
vn 0.133643 0.28659799999999996 -0.948684
vn 0.400931 0.859799 0.3162269999999999
vn 0.906308 -0.422618 2.5877889048102807E-17
vn 0.906308 -0.422618 6.000000000025878E-06
vn 0.906308 -0.422618 2.5877889048102807E-17
vn 0.906308 -0.422618 -5.9999999999741224E-06
vn -0.325846 -0.891927 0.31351500000000004
vn 0.175687 0.26845700000000006 0.947135
vn -0.054892 -0.32021199999999994 0.945754
vn -0.366124 -0.874669 -0.31765899999999997
vn 0.325845 0.891927 -0.31351300000000004
vn -0.175688 -0.26845600000000003 -0.947135
vn 0.054892 0.32021299999999997 -0.945754
vn 0.366124 0.874669 0.31765899999999997
vn 0.906308 -0.422618 2.5877889048102807E-17
vn 0.906308 -0.422618 -9.99999999974122E-07
vn 0.906308 -0.422618 2.5877889048102807E-17
vn 0.906308 -0.422618 1.0000000000258779E-06
vn 0.400931 0.859799 -0.31622800000000006
vn -0.133644 -0.2866000000000001 -0.948683
vn 0.133644 0.28659999999999997 -0.948683
vn 0.400931 0.859799 0.31622799999999995
vn 0.906308 -0.422618 2.5877889048102807E-17
vn 0.906308 -0.422618 3.0000000000258778E-06
vn 0.906308 -0.422618 2.5877889048102807E-17
vn 0.906308 -0.422618 -2.9999999999741224E-06
vn -0.483855 -0.817478 0.31243400000000005
vn 0.070209 0.31797000000000003 0.945498
vn -0.233565 -0.23512999999999995 0.943484
vn -0.429294 -0.845147 -0.31848499999999996
vn 0.483855 0.817478 -0.31243200000000004
vn -0.07021 -0.31797200000000003 -0.945497
vn 0.233566 0.23513099999999995 -0.943483
vn 0.429294 0.845146 0.31848899999999997
vn 0.906307 -0.422619 2.5877950280442764E-17
vn 0.906307 -0.422619 -9.99999999974122E-07
vn 0.906307 -0.422619 2.5877950280442764E-17
vn 0.906307 -0.422619 1.0000000000258779E-06
vn -0.400932 -0.859799 0.31622700000000004
vn -0.400931 -0.859799 -0.31622799999999995
vn -0.133644 -0.28660099999999994 0.948683
vn 0.133644 0.28659900000000005 0.948683
vn 0.400932 0.859799 -0.31622600000000006
vn 0.400932 0.859798 0.31622799999999995
vn 0.133645 0.28660199999999997 -0.948683
vn -0.133644 -0.2866000000000001 -0.948683
vn -0.906307 0.42262 -2.587801151278272E-17
vn -0.906307 0.422621 -1.000000000025878E-06
vn -0.906307 0.42262 -2.587801151278272E-17
vn -0.906307 0.42262 9.99999999974122E-07
vn 0.400931 0.8598 -0.31622600000000006
vn 0.400931 0.8598 0.31622599999999995
vn 0.133644 0.28660199999999997 -0.948683
vn -0.133644 -0.2866000000000001 -0.948683
vn -0.906307 0.42262 -2.587801151278272E-17
vn -0.906307 0.42262 -2.587801151278272E-17
vn -0.906307 0.42262 -2.587801151278272E-17
vn -0.906307 0.42262 -2.587801151278272E-17
vn -0.400931 -0.859799 0.31622700000000004
vn -0.400931 -0.859799 -0.31622799999999995
vn -0.133644 -0.28659999999999997 0.948683
vn 0.133643 0.28659900000000005 0.948684
vn 0.400931 0.859799 -0.31622800000000006
vn 0.400931 0.859799 0.31622799999999995
vn 0.133643 0.28659899999999994 -0.948684
vn -0.133643 -0.28659900000000005 -0.948684
vn -0.906307 0.422621 9.999999999741218E-07
vn -0.906307 0.422621 -2.000000000025878E-06
vn -0.906307 0.422621 9.999999999741218E-07
vn -0.906307 0.422621 3.999999999974122E-06
vn -0.133643 -0.28659700000000005 -0.948684
vn 0.133645 0.28660199999999997 -0.948682
vn -0.400931 -0.859799 -0.3162289999999999
vn -0.400931 -0.859799 0.31622900000000004
vn 0.400931 0.8598 -0.31622600000000006
vn 0.400931 0.859799 0.31622799999999995
vn 0.133645 0.28660199999999997 -0.948682
vn -0.133643 -0.28659700000000005 -0.948684
vn -0.906308 0.422617 -2.587782781576285E-17
vn -0.906309 0.422617 4.999999999974123E-06
vn -0.906308 0.422617 -2.587782781576285E-17
vn -0.906308 0.422617 -5.000000000025878E-06
vn 0.647321 -0.761412 -0.03503499999999995
vn 0.67341 -0.739264 -0.002813999999999955
vn 0.647321 -0.761412 -0.03503499999999995
vn 0.619802 -0.781878 -0.06717899999999996
vn -0.647105 0.761517 0.03670799999999995
vn -0.671582 0.73764 0.06974199999999996
vn -0.647105 0.761517 0.03670799999999995
vn -0.621165 0.783672 0.003590999999999952
vn 0.18124 0.980548 0.07535299999999995
vn 0.116937 0.986439 0.11516699999999995
vn 0.18124 0.980548 0.07535299999999995
vn 0.2445 0.969014 0.03510399999999994
vn -0.181316 -0.980541 -0.07525999999999994
vn -0.117391 -0.986423 -0.11484299999999995
vn -0.181316 -0.980541 -0.07525999999999994
vn -0.244209 -0.969082 -0.03524899999999994
vn 0.991106 -0.130203 -0.027505999999999992
vn 0.991517 -0.111346 -0.067047
vn 0.991106 -0.130203 -0.027505999999999992
vn 0.988792 -0.14881 0.01208900000000001
vn -0.991056 0.130428 0.028207999999999993
vn -0.988754 0.149106 -0.01152500000000001
vn -0.991056 0.130428 0.028207999999999993
vn -0.991443 0.111498 0.067886
vn -0.756059 0.586758 -0.2899840000000001
vn -0.817536 0.515289 0.25712299999999993
vn -0.213192 0.34194099999999994 -0.915219
vn 0.375654 -0.06491500000000006 -0.924484
vn 0.564644 0.825335 -5.053719329871404E-17
vn 0.564644 0.825335 2.1999999999949462E-05
vn 0.564644 0.825335 -5.053719329871404E-17
vn 0.564644 0.825335 -2.2000000000050537E-05
vn -0.874483 0.364463 -0.320071
vn -0.905344 0.304914 0.295602
vn -0.25505 0.20466099999999995 -0.94502
vn 0.34937 -0.02265500000000006 -0.936711
vn -0.965949 0.05421299999999998 -0.252988
vn -0.974876 -0.04011999999999999 0.219108
vn -0.416323 0.18214299999999994 -0.890786
vn 0.399312 0.18170199999999995 -0.898629
vn 0.01893 -0.16790399999999994 0.985622
vn -0.010869 -0.19236099999999995 0.981264
vn 0.01893 -0.16790399999999994 0.985622
vn 0.048702 -0.14319299999999993 0.988496
vn 0.755653 0.654641 0.02082999999999996
vn 0.765514 0.643302 -0.01228500000000004
vn 0.755653 0.654641 0.02082999999999996
vn 0.744794 0.665113 0.05391699999999996
vn -0.75552 -0.654816 -0.02012799999999996
vn -0.744727 -0.665257 -0.053061999999999956
vn -0.75552 -0.654816 -0.02012799999999996
vn -0.765323 -0.643518 0.01283300000000004
vn -0.604094 -0.796438 -0.027504999999999953
vn -0.587918 -0.806137 -0.06704699999999994
vn -0.604094 -0.796438 -0.027504999999999953
vn -0.619112 -0.78521 0.01208900000000005
vn 0.604265 0.796284 0.028207999999999952
vn 0.619349 0.785031 -0.011525000000000049
vn 0.604265 0.796284 0.028207999999999952
vn 0.588013 0.805998 0.06788599999999995
vn 0.754337 -0.656105 0.02242700000000004
vn 0.739483 -0.670107 0.06419700000000005
vn 0.754337 -0.656105 0.02242700000000004
vn 0.767559 -0.640684 -0.01939199999999996
vn -0.75417 0.656319 -0.02173300000000004
vn -0.767328 0.640946 0.019916999999999963
vn -0.75417 0.656319 -0.02173300000000004
vn -0.739396 0.670285 -0.06333700000000005
vn -0.153687 0.09797000000000006 0.983251
vn -0.153404 0.15653400000000006 0.975687
vn -0.153687 0.09797000000000006 0.983251
vn -0.153434 0.039064000000000064 0.987387
vn 0.731998 0.681075 -0.01774800000000004
vn 0.833327 0.535704 0.13633599999999998
vn 0.731998 0.681075 -0.01774800000000004
vn 0.590305 0.788891 -0.17085300000000006
vn -0.731966 -0.681094 0.01834700000000004
vn -0.589853 -0.789028 0.17177900000000004
vn -0.731966 -0.681094 0.01834700000000004
vn -0.833538 -0.535435 -0.13609999999999997
vn -0.76772 -0.630969 -0.11173299999999996
vn -0.767729 -0.630957 -0.11173299999999996
vn -0.76772 -0.630969 -0.11173299999999996
vn -0.767711 -0.63098 -0.11173199999999996
vn 0.912405 -0.406573 0.04707500000000003
vn 0.912405 -0.406572 0.04707500000000003
vn 0.912405 -0.406573 0.04707500000000003
vn 0.912404 -0.406575 0.04707500000000003
vn -0.222124 0.973557 0.05336199999999994
vn -0.222127 0.973557 0.053360999999999936
vn -0.222124 0.973557 0.05336199999999994
vn -0.222121 0.973558 0.05336199999999994
vn -0.930645 -0.354946 -0.08895999999999997
vn -0.930651 -0.354928 -0.08895899999999997
vn -0.930645 -0.354946 -0.08895999999999997
vn -0.930638 -0.354963 -0.08896099999999997
vn 0.736358 -0.676142 -0.02469799999999996
vn 0.736353 -0.676147 -0.024698999999999957
vn 0.736358 -0.676142 -0.02469799999999996
vn 0.736363 -0.676136 -0.02469699999999996
vn 0.098582 0.989677 0.10402299999999995
vn 0.098588 0.989677 0.10402299999999995
vn 0.098582 0.989677 0.10402299999999995
vn 0.098577 0.989678 0.10402299999999995
vn 0.890362 0.445806 -0.09226100000000002
vn 0.931575 0.363376 -0.011235000000000023
vn 0.890362 0.445806 -0.09226100000000002
vn 0.835742 0.521523 -0.17189700000000002
vn -0.890316 -0.445781 0.09282600000000003
vn -0.835394 -0.521785 0.17279200000000003
vn -0.890316 -0.445781 0.09282600000000003
vn -0.931716 -0.363006 0.011449000000000023
vn 0.053052 0.992458 -0.11051600000000006
vn 0.053071 0.992456 -0.11051600000000006
vn 0.053052 0.992458 -0.11051600000000006
vn 0.053032 0.992459 -0.11051500000000006
vn -0.916585 -0.398636 0.031004000000000025
vn -0.916584 -0.398638 0.031005000000000026
vn -0.916585 -0.398636 0.031004000000000025
vn -0.916586 -0.398634 0.031004000000000025
vn 0.867251 -0.493168 0.06827900000000003
vn 0.86725 -0.493169 0.06827900000000003
vn 0.867251 -0.493168 0.06827900000000003
vn 0.867251 -0.493167 0.06827900000000003
vn -0.590361 0.785129 -0.18720700000000007
vn -0.590358 0.785132 -0.18720700000000007
vn -0.590361 0.785129 -0.18720700000000007
vn -0.590364 0.785127 -0.18720700000000007
vn -0.444348 -0.891448 0.08874500000000006
vn -0.444347 -0.891448 0.08874500000000006
vn -0.444348 -0.891448 0.08874500000000006
vn -0.444349 -0.891447 0.08874500000000006
vn 0.980412 0.17949 0.08109599999999999
vn 0.980412 0.179487 0.08109599999999999
vn 0.980412 0.17949 0.08109599999999999
vn 0.980411 0.179493 0.08109499999999999
vn -0.16081 -0.986983 0.0019740000000000603
vn -0.310748 -0.941758 0.12856400000000007
vn -0.16081 -0.986983 0.0019740000000000603
vn -0.004351 -0.992185 -0.12469599999999995
vn 0.160769 0.986991 -0.0013790000000000605
vn 0.003899 0.992071 0.12561799999999995
vn 0.160769 0.986991 -0.0013790000000000605
vn 0.311086 0.941679 -0.12832000000000005
vn 0.166771 0.979995 -0.10861400000000006
vn 0.166777 0.979994 -0.10861400000000006
vn 0.166771 0.979995 -0.10861400000000006
vn 0.166765 0.979996 -0.10861400000000006
vn -0.956478 -0.290759 0.024669000000000017
vn -0.956477 -0.290764 0.02467000000000002
vn -0.956478 -0.290759 0.024669000000000017
vn -0.95648 -0.290754 0.024668000000000016
vn 0.804596 -0.589336 0.07285600000000005
vn 0.804596 -0.589337 0.07285600000000005
vn 0.804596 -0.589336 0.07285600000000005
vn 0.804596 -0.589336 0.07285600000000005
vn 0.703897 0.703887 -0.09524900000000004
vn 0.703879 0.703905 -0.09524800000000004
vn 0.703897 0.703887 -0.09524900000000004
vn 0.703915 0.703869 -0.09525000000000004
vn -0.94769 0.315896 0.045768999999999976
vn -0.94769 0.315894 0.045768999999999976
vn -0.94769 0.315896 0.045768999999999976
vn -0.947689 0.315897 0.04576799999999998
vn 0.31598 -0.947933 0.039736000000000056
vn 0.315986 -0.947931 0.039735000000000055
vn 0.31598 -0.947933 0.039736000000000056
vn 0.315974 -0.947936 0.039736000000000056
vn 0.339169 0.931868 -0.12878600000000007
vn 0.339165 0.93187 -0.12878600000000007
vn 0.339169 0.931868 -0.12878600000000007
vn 0.339173 0.931867 -0.12878700000000007
vn -0.991654 -0.114141 0.059944000000000004
vn -0.991653 -0.114153 0.059946000000000006
vn -0.991654 -0.114141 0.059944000000000004
vn -0.991656 -0.114128 0.05994200000000001
vn 0.686447 -0.725019 0.05601900000000004
vn 0.686441 -0.725024 0.05602000000000004
vn 0.686447 -0.725019 0.05601900000000004
vn 0.686453 -0.725013 0.05601900000000004
vn -0.906386 0.422339 0.009714999999999974
vn -0.90648 0.42214 0.009538999999999975
vn -0.906386 0.422339 0.009714999999999974
vn -0.906292 0.422537 0.009891999999999974
vn 0.903726 -0.428019 0.008861000000000027
vn 0.90387 -0.427709 0.009145000000000026
vn 0.903726 -0.428019 0.008861000000000027
vn 0.903582 -0.428328 0.008577000000000026
vn 0.418033 0.896304 0.14794299999999994
vn 0.417972 0.896346 0.14785999999999994
vn 0.418033 0.896304 0.14794299999999994
vn 0.418093 0.896262 0.14802699999999994
vn 0.90615 -0.42286 -0.009075999999999975
vn 0.906244 -0.422661 -0.008898999999999975
vn 0.90615 -0.42286 -0.009075999999999975
vn 0.906055 -0.423059 -0.009252999999999975
vn -0.903676 0.428125 -0.008911000000000027
vn -0.903533 0.428431 -0.008630000000000027
vn -0.903676 0.428125 -0.008911000000000027
vn -0.903818 0.427818 -0.009193000000000026
vn -0.4179 -0.896361 -0.14797299999999994
vn -0.41784 -0.896403 -0.14789099999999994
vn -0.4179 -0.896361 -0.14797299999999994
vn -0.41796 -0.89632 -0.14805599999999994
vn -0.977438 0.195009 -0.08115900000000001
vn -0.987191 -0.131225 -0.09074599999999998
vn -0.995365 0.032806999999999996 -0.090403
vn -0.971567 0.236765 0.0002029999999999855
vn 0.995388 -0.03287799999999999 0.090125
vn 0.987203 0.131174 0.09068499999999999
vn 0.977464 -0.194941 0.08100300000000002
vn 0.971653 -0.23641 0.00020300000000001448
vn -0.987191 -0.131225 -0.09074599999999998
vn -0.969859 -0.243652 -0.0028229999999999852
vn -0.961809 -0.268688 -0.05225299999999999
vn -0.995365 0.032806999999999996 -0.090403
vn 0.961783 0.268727 0.05251999999999998
vn 0.969747 0.244082 0.003847999999999985
vn 0.987203 0.131174 0.09068499999999999
vn 0.995388 -0.03287799999999999 0.090125
vn -0.41487 -0.872539 0.25799200000000005
vn -0.405329 -0.877123 0.25761200000000006
vn -0.41487 -0.872539 0.25799200000000005
vn -0.424364 -0.867856 0.25834300000000004
vn 0.414921 0.872567 -0.25781200000000004
vn 0.405219 0.876687 -0.25926400000000005
vn 0.414921 0.872567 -0.25781200000000004
vn 0.424575 0.868349 -0.25633100000000003
vn -0.589633 -0.751707 0.29541400000000007
vn -0.730657 -0.609608 0.3074390000000001
vn -0.589633 -0.751707 0.29541400000000007
vn -0.424891 -0.863569 0.2715060000000001
vn -0.564924 -0.664141 0.4896710000000001
vn -0.390397 -0.813424 0.4311980000000001
vn -0.564924 -0.664141 0.4896710000000001
vn -0.707723 -0.47755699999999995 0.520642
vn 0.561375 0.668522 -0.4877870000000001
vn 0.369361 0.796923 -0.47800300000000007
vn 0.561375 0.668522 -0.4877870000000001
vn 0.723383 0.504388 -0.47149800000000003
vn -0.469102 -0.858556 0.20694300000000004
vn -0.430062 -0.882255 0.19150100000000006
vn -0.469102 -0.858556 0.20694300000000004
vn -0.507051 -0.832861 0.22190400000000005
vn -0.979186 -0.026752999999999985 0.201196
vn -0.979186 -0.026748999999999985 0.201195
vn -0.979186 -0.026752999999999985 0.201196
vn -0.979185 -0.026756999999999986 0.201197
vn 0.621624 -0.783307 -0.003722999999999952
vn 0.621626 -0.783305 -0.0037239999999999517
vn 0.621624 -0.783307 -0.003722999999999952
vn 0.621621 -0.783309 -0.003721999999999952
vn 0.41226 0.884116 -0.21995600000000007
vn 0.412277 0.884107 -0.21995800000000004
vn 0.41226 0.884116 -0.21995600000000007
vn 0.412243 0.884125 -0.21995300000000007
vn 0.901931 -0.42486 0.07755500000000003
vn 0.903343 -0.420076 0.08665000000000003
vn 0.901931 -0.42486 0.07755500000000003
vn 0.900422 -0.429598 0.06845200000000003
vn -0.893788 0.416775 -0.16565400000000002
vn -0.893789 0.416774 -0.16565400000000002
vn -0.893788 0.416775 -0.16565400000000002
vn -0.893788 0.416776 -0.16565400000000002
vn 0.027305 -0.999382 0.02212800000000006
vn 0.027305 -0.999382 0.02212800000000006
vn 0.027305 -0.999382 0.02212800000000006
vn 0.027305 -0.999382 0.022127000000000063
vn 0.776963 0.616588 0.12706999999999996
vn 0.776967 0.616584 0.12706999999999996
vn 0.776963 0.616588 0.12706999999999996
vn 0.77696 0.616593 0.12706899999999996
vn -0.89413 0.416941 -0.16337300000000002
vn -0.894133 0.416937 -0.16337300000000002
vn -0.89413 0.416941 -0.16337300000000002
vn -0.894128 0.416946 -0.16337300000000002
vn 0.027194 -0.99549 0.09089000000000005
vn 0.027203 -0.995489 0.09089200000000006
vn 0.027194 -0.99549 0.09089000000000005
vn 0.027186 -0.99549 0.09088900000000005
vn 0.78205 0.620626 0.056753999999999964
vn 0.78205 0.620626 0.056753999999999964
vn 0.78205 0.620626 0.056753999999999964
vn 0.78205 0.620626 0.056753999999999964
vn 0.312403 0.94995 -5.81676613425014E-17
vn 0.312402 0.94995 -5.81676613425014E-17
vn 0.312403 0.94995 -5.81676613425014E-17
vn 0.312404 0.94995 -5.81676613425014E-17
vn 0.949952 -0.312396 1.9128738073321828E-17
vn 0.949952 -0.312396 1.9128738073321828E-17
vn 0.949952 -0.312396 1.9128738073321828E-17
vn 0.949952 -0.312396 1.9128738073321828E-17
vn -0.949952 0.312396 9.999999999808712E-07
vn -0.949952 0.312396 9.999999999808712E-07
vn -0.949952 0.312396 9.999999999808712E-07
vn -0.949952 0.312396 9.999999999808712E-07
vn 0.312398 0.949951 -5.816772257484136E-17
vn 0.312399 0.949951 -5.816772257484136E-17
vn 0.312398 0.949951 -5.816772257484136E-17
vn 0.312398 0.949951 -5.816772257484136E-17
vn 0.949952 -0.312396 1.9128738073321828E-17
vn 0.949952 -0.312396 1.9128738073321828E-17
vn 0.949952 -0.312396 1.9128738073321828E-17
vn 0.949952 -0.312395 1.9128676840981868E-17
vn -0.949952 0.312396 -1.9128738073321828E-17
vn -0.949952 0.312396 -1.9128738073321828E-17
vn -0.949952 0.312396 -1.9128738073321828E-17
vn -0.949952 0.312396 -1.9128738073321828E-17
vn -0.912441 0.404301 0.06317999999999997
vn -0.913111 0.403136 0.06090199999999997
vn -0.912441 0.404301 0.06317999999999997
vn -0.911765 0.405463 0.06545799999999997
vn 0.422012 0.905006 0.05357299999999995
vn 0.422011 0.905006 0.05357299999999995
vn 0.422012 0.905006 0.05357299999999995
vn 0.422012 0.905006 0.05357399999999994
vn -0.41126 -0.36831200000000003 -0.833794
vn 0.347391 0.27444099999999993 -0.896662
vn -0.741187 -0.633699 -0.22151099999999999
vn -0.760119 -0.64377 0.08820000000000004
vn -0.053155 -0.027793999999999937 0.9982
vn -0.270305 -0.957538 0.10027900000000005
vn -0.28397 -0.953364 0.10226500000000005
vn -0.254121 -0.957235 -0.13828899999999994
vn -0.228338 -0.898035 -0.37602399999999997
vn -0.159063 -0.700872 -0.695325
vn -0.134131 -0.599147 -0.789323
vn -0.090238 -0.48207400000000006 -0.871471
vn -0.10362 -0.48870100000000005 -0.866276
vn 0.311381 0.37970099999999996 -0.871131
vn 0.297111 0.37332999999999994 -0.878834
vn 0.368585 0.48167099999999996 -0.795072
vn 0.436867 0.578167 -0.689108
vn 0.536104 0.744541 -0.39780800000000005
vn 0.569801 0.801384 -0.18196300000000007
vn 0.569097 0.821971 0.02217599999999995
vn 0.562456 0.82658 0.02020499999999995
vn -0.274289 -0.961562 0.01276700000000006
vn -0.276231 -0.961003 0.013018000000000059
vn -0.260986 -0.949708 -0.17303299999999994
vn -0.24877 -0.902624 -0.35125999999999996
vn -0.18936 -0.746276 -0.638134
vn -0.165182 -0.652023 -0.739988
vn -0.121038 -0.541012 -0.83226
vn -0.135776 -0.548832 -0.824832
vn 0.335866 0.4415009999999999 -0.832029
vn 0.32075 0.4337889999999999 -0.84199
vn 0.388528 0.540269 -0.746429
vn 0.451094 0.632196 -0.629954
vn 0.527089 0.767887 -0.36404300000000006
vn 0.558588 0.807049 -0.19144800000000006
vn 0.562971 0.825946 -0.029614000000000053
vn 0.565575 0.824197 -0.02870600000000005
vn 0.106788 0.515954 -0.849934
vn 0.13148 0.531428 -0.836837
vn 0.150291 0.654544 -0.740935
vn 0.160237 0.767555 -0.620632
vn 0.201393 0.927513 -0.31489800000000007
vn 0.197465 0.96802 -0.15474300000000005
vn 0.206991 0.978162 0.01882599999999994
vn 0.209433 0.977636 0.01914799999999994
vn -0.339028 -0.40813000000000005 -0.847638
vn -0.310446 -0.39402800000000004 -0.865081
vn -0.412143 -0.517412 -0.749949
vn -0.506527 -0.616675 -0.602613
vn -0.602246 -0.742372 -0.29356999999999994
vn -0.62264 -0.77613 -0.09970599999999996
vn -0.612662 -0.786994 0.07270400000000005
vn -0.592781 -0.80266 0.06594100000000006
vn 0.205732 0.977636 -0.04361300000000006
vn 0.187913 0.981125 -0.04562600000000006
vn 0.201422 0.959314 -0.19785100000000005
vn 0.219259 0.915929 -0.33615300000000004
vn 0.176448 0.761246 -0.623996
vn 0.164233 0.648243 -0.743511
vn 0.117463 0.510317 -0.851927
vn 0.142789 0.52549 -0.838732
vn -0.32707 -0.41305300000000006 -0.849949
vn -0.298986 -0.3985810000000001 -0.86703
vn -0.397692 -0.52435 -0.752926
vn -0.490038 -0.626085 -0.606532
vn -0.58042 -0.749483 -0.3184159999999999
vn -0.613574 -0.776227 -0.14490799999999995
vn -0.614321 -0.789018 0.007755000000000048
vn -0.61079 -0.791766 0.006481000000000048
vn 0.423676 0.902848 0.07323699999999994
vn 0.435203 0.897145 0.07569599999999994
vn 0.422904 0.903106 0.07450799999999995
vn 0.418272 0.905224 0.07494899999999995
vn 0.421362 0.903615 0.07703299999999995
vn 0.421364 0.903614 0.07702799999999994
vn 0.421365 0.903614 0.07702599999999994
vn 0.421363 0.903615 0.07702699999999994
vn 0.000239 -0.01038899999999994 0.999946
vn -8.9E-05 3.800000000006123E-05 1
vn -0.00432 -0.02358799999999994 0.999713
vn -0.010936 -0.022578999999999936 0.999685
vn -0.003075 0.003912000000000061 0.999988
vn -0.017589 0.00791600000000006 0.999814
vn 0.010543 0.03128300000000006 0.999455
vn 0.036323 0.04977300000000006 0.9981
vn -0.932978 0.351241 0.07861999999999997
vn -0.933363 0.349926 0.07990899999999997
vn -0.987926 0.1312 0.08239399999999998
vn -0.996691 -0.068298 0.044083000000000004
vn -0.961208 -0.274743 0.02441700000000002
vn -0.975526 -0.218071 -0.028175999999999986
vn 0.007739 -0.003490999999999939 0.999964
vn -0.944092 -0.328469 0.02827300000000002
vn 0.295715 -0.947441 0.12209800000000005
vn -0.81807 -0.570453 -0.07311499999999996
vn -0.116405 -0.986613 0.11421100000000005
vn 0.908817 -0.41537 -0.03897899999999997
vn -0.842169 -0.539147 -0.008478999999999967
vn 0.910749 -0.412402 0.021460000000000024
vn 0.320078 0.692564 0.646455
vn 0.722438 -0.09198899999999996 0.68529
vn 0.983694 0.09628999999999999 -0.151906
vn -0.273923 0.958833 -0.07487000000000006
vn 0.889504 0.396414 -0.22724100000000003
vn -0.337588 0.940708 -0.033212000000000054
vn 0.972858 -0.175542 0.150774
vn 0.259373 0.941669 0.21444199999999994
vn -0.337588 0.940708 -0.033212000000000054
vn 0.006803 0.001372000000000061 0.999976
vn -0.576491 -0.816575 0.029390000000000048
vn 0.792936 -0.600002 0.10606800000000004
vn -0.323458 -0.944034 -0.06461499999999995
vn 0.513242 -0.852649 0.09784000000000005
vn 0.979952 0.196418 -0.033387000000000014
vn -0.353642 -0.935354 -0.007131999999999943
vn 0.979238 0.201872 0.018451999999999986
vn 0.305241 -0.69396 0.65211
vn -0.555067 -0.41373999999999994 0.721609
vn -0.613442 -0.770896 -0.17149099999999995
vn 0.867045 -0.492431 -0.07579199999999997
vn -0.302462 -0.918898 -0.25326399999999993
vn 0.897145 -0.440707 -0.03013899999999997
vn -0.822858 -0.540711 0.17474600000000004
vn 0.520759 -0.823734 0.22421700000000006
vn 0.897145 -0.440707 -0.03013899999999997
vn -0.004869 -0.006583999999999938 0.999967
vn -0.173296 0.984464 0.02826699999999994
vn -0.982542 -0.140375 0.12209200000000002
vn -0.432305 0.898758 -0.07311700000000006
vn -0.955307 0.272662 0.11420899999999999
vn -0.555337 -0.830712 -0.03897899999999995
vn -0.397556 0.917539 -0.008478000000000055
vn -0.552714 -0.833095 0.021461000000000053
vn 0.149108 -0.631444 0.76095
vn -0.942017 0.24676100000000004 0.22740599999999997
vn -0.216849 -0.967492 -0.13013799999999995
vn -0.416278 0.881482 -0.22294000000000005
vn -0.869445 -0.494022 0.0027150000000000303
vn -0.462899 0.886411 1.999999999945723E-06
vn -0.038466 -0.16933299999999996 0.984808
vn -0.038465 -0.16932999999999995 0.984809
vn -0.038466 -0.16933299999999996 0.984808
vn -0.038466 -0.16933399999999996 0.984808
vn -0.038465 -0.16933399999999996 0.984808
vn -0.038465 -0.16933299999999996 0.984808
vn 0.999207 0.005539999999999997 -0.039428
vn 0.940448 0.339927 -0.0026880000000000207
vn 0.793507 -0.601357 -0.09335999999999996
vn 0.490146 -0.864875 -0.10838799999999994
vn -0.177552 -0.979732 -0.09274399999999994
vn -0.5455 -0.83576 -0.06272999999999994
vn -0.940387 -0.340079 0.004289000000000021
vn -0.999162 -0.005680999999999998 0.040534
vn -0.793538 0.60126 0.09371999999999996
vn -0.490169 0.864931 0.10784199999999994
vn 0.177567 0.979732 0.09270999999999995
vn 0.54548 0.835716 0.06348299999999994
vn 0.940448 0.339927 -0.0026880000000000207
vn 0.999207 0.005539999999999997 -0.039428
vn -0.15738 0.07338800000000005 0.984807
vn -0.15738 0.07338800000000005 0.984807
vn -0.15738 0.07338800000000005 0.984808
vn -0.157379 0.07338800000000005 0.984808
vn -0.157379 0.07338800000000005 0.984808
vn -0.157379 0.07338800000000005 0.984808
vn -0.060732 -0.004108999999999939 0.998146
vn -0.963007 0.153403 -0.221549
vn -0.984576 0.15208 0.08650199999999998
vn -0.5445 0.09981299999999994 -0.832801
vn 0.438725 -0.05215000000000006 -0.897107
vn 0.026515 0.05479000000000006 0.998146
vn 0.610327 0.760536 -0.22155200000000005
vn 0.619863 0.779927 0.08650699999999996
vn 0.356443 0.42353599999999997 -0.832806
vn -0.262641 -0.35526700000000005 -0.897109
vn -0.031882 0.05381800000000006 0.998042
vn -0.744308 0.6298 -0.22216500000000003
vn -0.756773 0.647945 0.08637799999999995
vn -0.429063 0.34917699999999996 -0.833055
vn 0.326412 -0.29673700000000003 -0.897442
vn -0.423186 -0.904491 0.05301200000000005
vn -0.447906 -0.893513 -0.031867999999999945
vn -0.429903 -0.902703 0.017619000000000055
vn -0.413206 -0.905443 0.09712400000000006
vn -0.41433 -0.903193 0.11212600000000006
vn -0.420468 -0.901697 0.10074000000000005
vn 0.996745 0.067955 -0.04338000000000001
vn 0.975631 0.217439 0.029394999999999987
vn 0.961307 0.274474 -0.023526000000000016
vn 0.987934 -0.131189 -0.08231999999999999
vn 0.932957 -0.35126 -0.07879299999999997
vn 0.933463 -0.349525 -0.08049299999999997
vn -0.040461 -0.14504699999999995 0.988597
vn -0.029182 -0.17822299999999994 0.983557
vn -0.056458 -0.14343299999999995 0.988048
vn -0.054525 -0.11567199999999994 0.99179
vn -0.039944 -0.11929199999999994 0.992055
vn -0.071349 -0.09020599999999994 0.993364
vn 0.007739 -0.003490999999999939 0.999964
vn 0.827419 0.551011 0.10846699999999997
vn -0.486529 0.873469 -0.018481000000000053
vn -0.073345 0.996543 -0.03902600000000006
vn 0.848657 0.507242 0.14995899999999998
vn 0.908817 -0.41537 -0.03897899999999997
vn 0.39411 0.919063 2.0999999999943722E-05
vn 0.910749 -0.412402 0.021460000000000024
vn 0.021193 -0.14844099999999993 0.988694
vn 0.638958 0.748894 0.17575499999999994
vn -0.863862 0.498414 -0.07297500000000003
vn -0.850726 0.49956 -0.16341400000000003
vn 0.490829 0.795403 0.35555699999999996
vn 0.886258 0.421741 -0.19152300000000003
vn 0.861907 0.502099 0.07079899999999997
vn -0.867898 0.496507 -0.015337000000000031
vn 0.025931 -0.09916699999999995 0.994733
vn 0.42721 -0.887794 -0.17121499999999995
vn 0.895899 0.440995 0.053752999999999974
vn 0.886258 0.421741 -0.19152300000000003
vn -0.011894 -0.987262 -0.15865799999999994
vn -0.205871 0.07843700000000006 0.975431
vn -0.535719 0.820067 -0.20123400000000005
vn -0.804091 -0.589454 -0.07734399999999995
vn -0.906002 -0.346731 -0.24277099999999996
vn 0.05817 0.991168 -0.11917000000000005
vn 0.027028 -0.037338999999999935 0.998937
vn 0.643316 0.752624 0.14036099999999996
vn -0.872068 0.483927 -0.07287800000000003
vn -0.928676 0.284068 -0.23846600000000004
vn 0.46552 0.784185 0.41029899999999997
vn 0.849256 0.459202 -0.26057300000000005
vn -0.540873 0.836366 0.08915299999999994
vn 0.865067 0.500794 0.029382999999999968
vn 0.942536 0.332651 -0.03112400000000002
vn 0.667861 0.74417 0.013145999999999955
vn 0.519786 -0.853418 -0.038728999999999944
vn 0.076473 -0.970673 -0.22791599999999995
vn 0.849256 0.459202 -0.26057300000000005
vn -0.253551 -0.95927 -0.12455399999999994
vn -0.996533 -0.083114 -0.0037789999999999946
vn -0.955029 -0.12642299999999998 0.26821
vn -0.3682 0.09944799999999994 -0.924413
vn -0.007996 0.13932799999999995 -0.990214
vn -0.994265 -0.106881 -0.0037889999999999933
vn -0.008699 0.13351899999999994 -0.991008
vn -0.957698 -0.08109600000000002 -0.276114
vn 0.342482 0.18984499999999996 -0.920144
vn 0.006803 0.001372000000000061 0.999976
vn 0.340311 0.935048 0.09937099999999995
vn -0.90193 0.431705 -0.012341000000000026
vn -0.636031 0.770943 -0.033342000000000045
vn 0.418165 0.899298 0.12806999999999993
vn 0.979952 0.196418 -0.033387000000000014
vn -0.171566 0.985172 0.0010299999999999398
vn 0.979238 0.201872 0.018451999999999986
vn -0.354365 -0.16588999999999995 0.920275
vn 0.04458 0.995222 0.08686199999999994
vn -0.9931 -0.102828 -0.056375999999999996
vn -0.985759 -0.10123200000000002 -0.134281
vn -0.087714 0.963229 0.25396199999999997
vn 0.481776 0.844252 -0.23479800000000006
vn 0.390458 0.920621 9.599999999994362E-05
vn -0.994645 -0.103129 -0.006729999999999994
vn 0.127978 0.01557800000000006 0.991655
vn 0.866321 -0.486616 -0.11266299999999997
vn 0.479497 0.877499 -0.008846000000000053
vn 0.481776 0.844252 -0.23479800000000006
vn 0.558736 -0.824983 -0.08495799999999995
vn -0.219902 -0.062004999999999935 0.973549
vn -0.918378 0.357796 -0.16900900000000002
vn -0.305134 -0.950056 -0.06547499999999995
vn -0.553365 -0.801901 -0.22525899999999993
vn -0.535791 0.837725 -0.10557400000000006
vn -0.157718 -0.08385499999999994 0.983918
vn 0.050177 0.991273 0.12190199999999994
vn -0.991449 -0.114562 -0.06247899999999999
vn -0.929613 -0.289772 -0.22770999999999997
vn -0.110058 0.917601 0.38196299999999994
vn 0.43193 0.872795 -0.22730100000000006
vn -0.94514 0.325071 0.032238999999999976
vn 0.394181 0.916682 0.06568899999999994
vn 0.576678 0.816817 -0.015901000000000047
vn 0.075004 0.997058 0.015818999999999937
vn 0.912056 -0.408905 -0.030832999999999975
vn 0.626207 -0.754751 -0.19548799999999994
vn 0.43193 0.872795 -0.22730100000000006
vn 0.348498 -0.931498 -0.10421099999999994
vn 0.740871 0.67137 -0.01927400000000004
vn 0.63485 0.702826 0.3209389999999999
vn 0.37998 0.056039999999999944 -0.923296
vn 0.182227 -0.15045300000000006 -0.971678
vn 0.756665 0.589763 -0.28220300000000004
vn -0.105717 -0.38496900000000006 -0.916855
vn 0.626052 0.779757 -0.0061150000000000475
vn 0.561741 0.767206 0.30958399999999997
vn 0.293294 0.16104999999999994 -0.942359
vn 0.109923 -0.09683600000000006 -0.989212
vn 0.635785 0.702054 -0.32077700000000003
vn -0.086604 -0.34117300000000006 -0.936003
vn -0.004869 -0.006583999999999938 0.999967
vn 0.41162 -0.904877 0.10847000000000005
vn 0.940008 0.340653 -0.01848100000000002
vn 0.99545 -0.086931 -0.03902699999999999
vn 0.365009 -0.918847 0.14996300000000007
vn -0.555337 -0.830712 -0.03897899999999995
vn 0.844227 -0.535986 2.100000000003282E-05
vn -0.552714 -0.833095 0.021461000000000053
vn -0.14985 0.0030050000000000606 0.988704
vn 0.637091 -0.750483 0.17575400000000005
vn 0.630148 0.773039 -0.07297100000000004
vn 0.629157 0.759907 -0.16341200000000006
vn 0.706693 -0.611693 0.35555200000000003
vn 0.274614 -0.942287 -0.19152399999999994
vn 0.35783 -0.931099 0.07080000000000006
vn 0.628901 0.777334 -0.015336000000000048
vn -0.102118 -0.00995299999999994 0.994722
vn -0.944674 -0.279782 -0.17121199999999998
vn 0.292071 -0.954885 0.05374600000000006
vn 0.274614 -0.942287 -0.19152399999999994
vn -0.972661 0.169582 -0.158659
vn 0.110296 0.19070300000000007 0.975432
vn 0.895179 0.397694 -0.20123100000000002
vn -0.453295 0.887998 -0.07734800000000006
vn -0.416278 0.881482 -0.22294000000000005
vn 0.969113 -0.215913 -0.11916599999999998
vn -0.041171 -0.02067399999999994 0.998938
vn 0.640071 -0.755385 0.14036400000000004
vn 0.617142 0.783469 -0.07288100000000004
vn 0.596933 0.773164 -0.21421700000000005
vn 0.69966 -0.584917 0.41030300000000003
vn 0.300583 -0.89198 -0.33766999999999997
vn 0.37814 -0.924955 0.038314000000000056
vn 0.317101 0.947779 0.03409999999999994
vn 0.919291 0.379816 0.10316999999999997
vn 0.356601 -0.934069 0.018707000000000057
vn 0.17769 -0.983594 -0.03111799999999994
vn 0.627816 -0.778251 0.013145000000000047
vn -0.925536 -0.376674 -0.03872999999999998
vn -0.970414 0.07969199999999999 -0.227917
vn 0.300583 -0.89198 -0.33766999999999997
vn -0.97709 0.178098 -0.11651900000000001
vn -0.151251 -0.988495 6.052786188615815E-17
vn -0.858508 -0.512799 3.139988269779818E-17
vn -0.533585 -0.607353 0.588566
vn 0.107387 -0.666755 0.737499
vn 0.709952 -0.70425 -0.0002999999999999569
vn 0.302253 -0.29980999999999997 0.904852
vn 0.639224 -0.30285599999999996 0.706874
vn 0.90098 -0.43386 -0.0006979999999999735
vn 0.773471 -0.03524699999999996 0.632851
vn 0.998965 -0.045492 2.7855816093405694E-18
vn 0.811546 0.584288 -3.577732144901044E-17
vn 0.502663 0.63872 0.582552
vn 0.164282 0.986413 -6.040037615436691E-17
vn -0.063242 0.68196 0.72865
vn -0.674421 0.738345 -0.0015850000000000451
vn -0.281563 0.30811800000000006 0.908727
vn -0.644337 0.29256400000000005 0.706566
vn -0.90491 0.42547 -0.010658000000000027
vn -0.505642 0.23898700000000006 0.828982
vn -0.781133 0.07747000000000004 0.61954
vn -0.995202 0.097845 -5.991278303128639E-18
vn -0.858508 -0.512799 3.139988269779818E-17
vn -0.533585 -0.607353 0.588566
vn -0.282415 0.959284 0.0038519999999999414
vn 0.680239 0.726856 0.09462899999999996
vn 0.370739 0.926042 0.07071199999999994
vn -0.622099 0.781979 -0.038754000000000045
vn -0.970879 0.219493 -0.09600100000000002
vn -0.981915 -0.154043 -0.11006299999999998
vn -0.679748 -0.726969 -0.09725699999999995
vn -0.370732 -0.926066 -0.07042299999999994
vn 0.282414 -0.959287 -0.0034269999999999414
vn 0.622173 -0.782004 0.03702400000000005
vn 0.97128 -0.219721 0.09131400000000002
vn 0.982475 0.153787 0.10532399999999999
vn 0.680239 0.726856 0.09462899999999996
vn 0.370739 0.926042 0.07071199999999994
vn -0.333428 -0.061834000000000056 -0.940746
vn -0.983756 -0.179513 -5.799999999998901E-05
vn -0.996802 0.079909 -2.700000000000489E-05
vn 0.317554 -0.02738900000000006 -0.947845
vn -0.297109 0.19901199999999994 -0.933874
vn -0.827225 0.561871 -0.0007680000000000344
vn 0.988839 -0.148988 0.0002980000000000091
vn 0.98858 -0.150699 0.0002080000000000092
vn -0.060732 -0.004108999999999939 0.998146
vn 0.061624 -0.025848999999999938 0.997765
vn 0.438725 -0.05215000000000006 -0.897107
vn 0.98858 -0.150699 0.0002080000000000092
vn -0.5445 0.09981299999999994 -0.832801
vn -0.053155 -0.027793999999999937 0.9982
vn 0.764264 0.644903 0.0004389999999999605
vn 0.765363 0.643598 0.0004879999999999606
vn 0.039383 0.05411600000000006 0.997758
vn 0.764264 0.644903 0.0004389999999999605
vn 0.347391 0.27444099999999993 -0.896662
vn -0.41126 -0.36831200000000003 -0.833794
vn -0.619289 -0.785163 0.00029800000000004806
vn -0.620647 -0.78409 0.000207000000000048
vn 0.026515 0.05479000000000006 0.998146
vn -0.052982 -0.040724999999999935 0.997765
vn -0.262641 -0.35526700000000005 -0.897109
vn -0.620647 -0.78409 0.000207000000000048
vn 0.356443 0.42353599999999997 -0.832806
vn 0.764225 -0.64495 -0.00031199999999996053
vn 0.762991 -0.646409 -0.00021999999999996043
vn -0.031882 0.05381800000000006 0.998042
vn 0.060876 -0.02921099999999994 0.997718
vn 0.326412 -0.29673700000000003 -0.897442
vn 0.762991 -0.646409 -0.00021999999999996043
vn -0.429063 0.34917699999999996 -0.833055
vn 0.599506 0.24813100000000005 0.760936
vn -0.092964 -0.969352 0.22740900000000006
vn 0.942174 -0.313058 -0.11959299999999999
vn -0.906002 -0.346731 -0.24277099999999996
vn -0.359516 -0.933138 0.0012040000000000572
vn 0.944089 -0.329659 0.0047150000000000195
vn 0.219183 -0.958153 -0.18412399999999995
vn -0.20439 -0.933592 0.29433100000000006
vn 0.972858 -0.175542 0.150774
vn 0.889504 0.396414 -0.22724100000000003
vn 0.983694 0.09628999999999999 -0.151906
vn 0.33068 -0.941314 0.06766800000000006
vn 0.722438 -0.09198899999999996 0.68529
vn -0.018887 -0.6866 0.72679
vn 0.320078 0.692564 0.646455
vn -0.41184 0.13279000000000005 0.901529
vn -0.018887 -0.6866 0.72679
vn 0.427011 0.685807 0.589347
vn 0.528392 -0.823991 0.20454900000000006
vn 0.946567 0.30537 -0.10373300000000002
vn -0.553365 -0.801901 -0.22525899999999993
vn 0.310615 -0.950535 0.0011260000000000582
vn 0.955689 0.294352 0.003968999999999982
vn -0.827071 0.529475 -0.18870400000000004
vn -0.551653 0.776709 0.30397899999999994
vn -0.822858 -0.540711 0.17474600000000004
vn -0.302462 -0.918898 -0.25326399999999993
vn -0.613442 -0.770896 -0.17149099999999995
vn -0.892327 0.445724 0.07129799999999997
vn -0.555067 -0.41373999999999994 0.721609
vn -0.48485 0.48660300000000006 0.726731
vn 0.305241 -0.69396 0.65211
vn 0.366322 0.17227200000000006 0.914402
vn -0.48485 0.48660300000000006 0.726731
vn -0.703929 0.08595700000000005 0.70505
vn -0.380993 0.706502 0.596405
vn -0.563971 0.663303 0.4918989999999999
vn -0.862631 -0.358481 0.356874
vn -0.271238 -0.77068 0.576613
vn -0.078925 -0.42926499999999995 0.899724
vn 0.07202 -0.984658 0.15894100000000005
vn 0.371224 -0.842833 0.3896470000000001
vn 0.486015 -0.873571 0.025756000000000053
vn -0.601619 -0.033299999999999955 0.798089
vn -0.91933 -0.07557399999999997 0.386163
vn -0.601223 -0.722104 0.3421950000000001
vn -0.241674 -0.27329599999999993 0.931076
vn -0.131252 -0.557424 0.819788
vn -0.070194 -0.934537 0.34887500000000005
vn 0.271749 -0.579174 0.768577
vn 0.657684 -0.6493 0.38191800000000004
vn 0.524744 -0.24557399999999993 0.815069
vn 0.85252 -0.390196 0.347788
vn 0.530485 -0.23720399999999994 0.81383
vn 0.927125 -0.09806399999999997 0.361695
vn 0.539058 0.10505400000000005 0.835691
vn 0.648494 0.691255 0.31878199999999995
vn 0.260903 0.25701000000000007 0.930525
vn 0.116577 0.56523 0.816655
vn 0.008126 0.945463 0.32562899999999995
vn -0.450141 0.565656 0.690946
vn -0.554999 0.750059 0.35970499999999994
vn -0.857926 0.420651 0.294984
vn -0.415962 0.20404200000000006 0.886195
vn -0.601619 -0.033299999999999955 0.798089
vn -0.91933 -0.07557399999999997 0.386163
vn 0.142793 -0.09642199999999994 0.985045
vn 0.043058 0.13764200000000004 0.989546
vn 0.256248 0.958204 0.12721099999999994
vn -0.283086 0.952278 -0.11414300000000005
vn -0.01804 -0.025713000000000062 -0.999507
vn -0.290049 0.20830300000000004 0.934067
vn -0.827225 0.561871 -0.0007680000000000344
vn 0.164559 -0.18839400000000006 -0.968209
vn -0.297109 0.19901199999999994 -0.933874
vn -0.827225 0.561871 -0.0007680000000000344
vn 0.207887 -0.860227 0.46560900000000005
vn 0.09303 -0.981211 0.16902600000000007
vn 0.677669 -0.703047 0.21561400000000006
vn 0.820988 -0.29637199999999997 0.487998
vn 0.935537 -0.307782 0.17332000000000003
vn 0.126804 -0.09736899999999994 0.987137
vn 0.974391 0.09786100000000002 0.202447
vn 0.595439 0.508248 0.622203
vn -0.171482 0.560981 0.809873
vn 0.581464 0.803569 0.12718899999999994
vn -0.079189 0.92341 0.37555599999999995
vn -0.150057 0.979252 0.13619499999999995
vn -0.488645 0.46712900000000007 0.736897
vn -0.595332 0.707367 0.38106599999999996
vn -0.723995 0.638401 0.26129499999999994
vn 0.126804 -0.09736899999999994 0.987137
vn -0.919205 0.03172200000000002 0.392499
vn -0.913077 0.16926600000000003 0.370997
vn -0.816582 -0.486162 0.3111920000000001
vn -0.541143 -0.825519 0.16025800000000007
vn -0.494325 0.020976000000000054 0.869024
vn -0.492018 -0.615825 0.615368
vn 0.207887 -0.860227 0.46560900000000005
vn 0.09303 -0.981211 0.16902600000000007
vn 0.876527 0.12210300000000003 0.465609
vn 0.985603 -0.00411999999999999 0.169026
vn 0.766407 0.605088 0.21561499999999997
vn 0.375835 0.787786 0.48799799999999993
vn 0.398479 0.900652 0.17331999999999995
vn 0.109391 0.11659200000000006 0.987137
vn -0.001361 0.979292 0.20244699999999993
vn -0.447095 0.642627 0.622203
vn -0.575149 -0.11536299999999994 0.809873
vn -0.742357 0.657822 0.12718699999999997
vn -0.92672 0.012195000000000022 0.375556
vn -0.989273 -0.05282499999999999 0.136193
vn -0.513009 -0.44023299999999993 0.736897
vn -0.762593 -0.522726 0.38106400000000007
vn -0.706642 -0.657558 0.26129500000000005
vn 0.109391 0.11659200000000006 0.987137
vn -0.122152 -0.911605 0.39249800000000007
vn -0.258423 -0.891952 0.37099800000000005
vn 0.403326 -0.860516 0.3111920000000001
vn 0.768174 -0.61986 0.16025700000000004
vn -0.069587 -0.48985199999999995 0.869024
vn 0.564342 -0.55031 0.615367
vn 0.876527 0.12210300000000003 0.465609
vn 0.985603 -0.00411999999999999 0.169026
vn 0.194336 0.23248400000000005 0.952987
vn 0.879776 -0.10889099999999997 0.46275
vn -0.01303 -0.00895899999999994 0.999875
vn 0.784741 -0.61369 -0.08698099999999996
vn -0.80892 -0.587852 -0.008862999999999963
vn 0.579986 -0.774262 -0.25324699999999994
vn -0.166262 -0.519064 -0.838409
vn -0.772348 -0.626205 -0.10651199999999995
vn -0.01303 -0.00895899999999994 0.999875
vn 0.194063 0.874622 0.44427199999999994
vn 0.284856 0.10309500000000006 0.95301
vn -0.308262 0.947313 -0.08702400000000006
vn -0.829069 -0.559076 -0.008866999999999965
vn -0.526629 0.812748 -0.24920300000000006
vn -0.544595 0.02129099999999995 -0.838429
vn -0.849301 -0.523678 -0.06670599999999997
vn 0.284856 0.10309500000000006 0.95301
vn 0.073051 -0.986623 0.14573200000000006
vn -0.01303 -0.00895899999999994 0.999875
vn -0.849301 -0.523678 -0.06670599999999997
vn -0.544595 0.02129099999999995 -0.838429
vn -0.829069 -0.559076 -0.008866999999999965
vn 0.284856 0.10309500000000006 0.95301
vn -0.917061 0.387344 0.09467599999999997
vn -0.878329 0.462283 0.12178699999999998
vn -0.915397 0.396631 0.06879599999999997
vn -0.906385 0.412202 0.09249799999999997
vn -0.901792 0.420011 0.10178999999999998
vn -0.897244 0.412906 0.15640699999999996
vn -0.912022 0.39433 0.11277899999999998
vn -0.907767 0.389891 0.15474099999999996
vn -0.904332 0.406789 0.12924999999999998
vn -0.898206 0.423978 0.11605399999999998
vn -0.914574 0.373569 0.15491899999999997
vn -0.899103 0.42633 0.09927599999999998
vn -0.9031 0.408166 0.13345499999999996
vn -0.905617 0.392743 0.16003499999999998
vn -0.893967 0.428474 0.13127399999999997
vn -0.886095 0.448229 0.11801399999999997
vn -0.897048 0.429278 0.10499999999999997
vn -0.903227 0.42033 0.08662999999999997
vn -0.90277 0.421037 0.08794299999999997
vn -0.906781 0.406682 0.11116299999999997
vn -0.905497 0.414114 0.09265599999999997
vn -0.913199 0.389811 0.11880999999999997
vn -0.903602 0.419239 0.08798999999999997
vn -0.902889 0.409233 0.13160799999999998
vn -0.902772 0.421231 0.08699299999999997
vn -0.9054 0.409297 0.11281399999999997
vn 0.903307 -0.419504 0.08974100000000003
vn 0.90298 -0.421067 0.08561300000000002
vn 0.899803 -0.424229 0.10190600000000002
vn 0.90304 -0.417224 0.10218800000000003
vn 0.905758 -0.410017 0.10718500000000003
vn 0.897398 -0.42545 0.11691600000000003
vn 0.904212 -0.416948 0.09249600000000002
vn 0.885126 -0.440545 0.14990500000000004
vn 0.892955 -0.435988 0.11201000000000003
vn 0.877886 -0.434557 0.20119000000000004
vn 0.897067 -0.423754 0.12531300000000004
vn 0.896352 -0.418987 0.14492400000000003
vn 0.898687 -0.424912 0.10868200000000003
vn 0.905806 -0.407026 0.11767000000000002
vn 0.901992 -0.422342 0.08964600000000003
vn 0.904048 -0.418316 0.08780000000000003
vn 0.903094 -0.420503 0.08716600000000002
vn 0.903458 -0.419643 0.08754100000000002
vn 0.903149 -0.420151 0.08829300000000002
vn 0.903432 -0.419564 0.08818200000000002
vn 0.902856 -0.420934 0.08755100000000003
vn 0.902975 -0.42073 0.08730100000000003
vn 0.902824 -0.420994 0.08760000000000003
vn 0.902903 -0.420911 0.08717600000000003
vn 0.902823 -0.420995 0.08760100000000003
vn 0.90289 -0.420903 0.08735300000000003
vn -0.241674 -0.27329599999999993 0.931076
vn 0.502663 0.63872 0.582552
vn 0.773471 -0.03524699999999996 0.632851
vn -0.063242 0.68196 0.72865
vn -0.601619 -0.033299999999999955 0.798089
vn -0.131252 -0.557424 0.819788
vn 0.639224 -0.30285599999999996 0.706874
vn -0.281563 0.30811800000000006 0.908727
vn -0.415962 0.20404200000000006 0.886195
vn 0.271749 -0.579174 0.768577
vn 0.302253 -0.29980999999999997 0.904852
vn 0.524744 -0.24557399999999993 0.815069
vn -0.450141 0.565656 0.690946
vn -0.644337 0.29256400000000005 0.706566
vn 0.116577 0.56523 0.816655
vn 0.530485 -0.23720399999999994 0.81383
vn 0.107387 -0.666755 0.737499
vn -0.505642 0.23898700000000006 0.828982
vn 0.260903 0.25701000000000007 0.930525
vn 0.539058 0.10505400000000005 0.835691
vn -0.533585 -0.607353 0.588566
vn -0.781133 0.07747000000000004 0.61954
vn 0.523836 0.649078 0.551628
vn 0.605918 0.786932 0.11662699999999995
vn 0.039107 0.94756 0.31717499999999993
vn 0.925305 0.267377 0.268923
vn -0.303529 0.566785 0.765915
vn -0.404305 0.834416 0.37455099999999997
vn -0.73832 0.538022 0.40671299999999994
vn 0.804081 -0.010097999999999963 0.594434
vn 0.804647 -0.418605 0.421086
vn 0.28546 0.004759000000000059 0.958379
vn 0.603136 -0.44671099999999997 0.660815
vn 0.288374 -0.910615 0.2960090000000001
vn 0.33693 -0.31070899999999996 0.888785
vn 0.131408 -0.777927 0.614461
vn -0.438382 -0.85381 0.28076700000000004
vn 0.022838 -0.19460999999999995 0.980615
vn -0.465586 -0.501292 0.72934
vn -0.882176 -0.24088799999999996 0.404645
vn -0.683769 0.12219500000000004 0.719394
vn -0.912891 0.16189700000000004 0.374726
g 01
f 1/1/1 2/2/2 3/3/3
f 4/4/4 5/5/5 6/6/6
f 7/7/7 8/8/8 9/9/9
f 10/10/10 11/11/11 12/12/12
f 13/13/13 14/14/14 15/15/15
f 16/16/16 17/17/17 18/18/18
f 19/19/19 20/20/20 21/21/21
f 22/22/22 23/23/23 24/24/24
f 25/25/25 26/26/26 27/27/27
f 28/28/28 29/29/29 30/30/30
f 31/31/31 32/32/32 33/33/33
f 34/34/34 35/35/35 36/36/36
f 37/37/37 38/38/38 39/39/39
f 40/40/40 41/41/41 42/42/42
f 43/43/43 44/44/44 45/45/45
f 46/46/46 47/47/47 48/48/48
f 49/49/49 50/50/50 51/51/51
f 52/52/52 53/53/53 54/54/54
f 55/55/55 56/56/56 57/57/57
f 58/58/58 59/59/59 60/60/60
f 61/61/61 62/62/62 63/63/63
f 64/64/64 65/65/65 66/66/66
f 67/67/67 68/68/68 69/69/69
f 70/70/70 71/71/71 72/72/72
f 73/73/73 74/74/74 75/75/75
f 76/76/76 77/77/77 78/78/78
f 79/79/79 80/80/80 81/81/81
f 82/82/82 83/83/83 84/84/84
f 85/85/85 86/86/86 87/87/87
f 88/88/88 89/89/89 90/90/90
f 91/91/91 92/92/92 93/93/93
f 94/94/94 95/95/95 96/96/96
f 97/97/97 98/98/98 99/99/99
f 100/100/100 101/101/101 102/102/102
f 103/103/103 104/104/104 105/105/105
f 106/106/106 107/107/107 108/108/108
f 109/109/109 110/110/110 111/111/111
f 112/112/112 113/113/113 114/114/114
f 115/115/115 116/116/116 117/117/117
f 118/118/118 119/119/119 120/120/120
f 121/121/121 122/122/122 123/123/123
f 124/124/124 125/125/125 126/126/126
f 127/127/127 128/128/128 129/129/129
f 130/130/130 131/131/131 132/132/132
f 133/133/133 134/134/134 135/135/135
f 136/136/136 137/137/137 138/138/138
f 139/139/139 140/140/140 141/141/141
f 142/142/142 143/143/143 144/144/144
f 145/145/145 146/146/146 147/147/147
f 148/148/148 149/149/149 150/150/150
f 151/151/151 152/152/152 153/153/153
f 154/154/154 155/155/155 156/156/156
f 157/157/157 158/158/158 159/159/159
f 160/160/160 161/161/161 162/162/162
f 163/163/163 164/164/164 165/165/165
f 166/166/166 167/167/167 168/168/168
f 169/169/169 170/170/170 171/171/171
f 172/172/172 173/173/173 174/174/174
f 175/175/175 176/176/176 177/177/177
f 178/178/178 179/179/179 180/180/180
f 181/181/181 182/182/182 183/183/183
f 184/184/184 185/185/185 186/186/186
f 187/187/187 188/188/188 189/189/189
f 190/190/190 191/191/191 192/192/192
f 193/193/193 194/194/194 195/195/195
f 196/196/196 197/197/197 198/198/198
f 199/199/199 200/200/200 201/201/201
f 202/202/202 203/203/203 204/204/204
f 205/205/205 206/206/206 207/207/207
f 208/208/208 209/209/209 210/210/210
f 211/211/211 212/212/212 213/213/213
f 214/214/214 215/215/215 216/216/216
f 217/217/217 218/218/218 219/219/219
f 220/220/220 221/221/221 222/222/222
f 223/223/223 224/224/224 225/225/225
f 226/226/226 227/227/227 228/228/228
f 229/229/229 230/230/230 231/231/231
f 232/232/232 233/233/233 234/234/234
f 235/235/235 236/236/236 237/237/237
f 238/238/238 239/239/239 240/240/240
f 241/241/241 242/242/242 243/243/243
f 244/244/244 245/245/245 246/246/246
f 247/247/247 248/248/248 249/249/249
f 250/250/250 251/251/251 252/252/252
f 253/253/253 254/254/254 255/255/255
f 256/256/256 257/257/257 258/258/258
f 259/259/259 260/260/260 261/261/261
f 262/262/262 263/263/263 264/264/264
f 265/265/265 266/266/266 267/267/267
f 268/268/268 269/269/269 270/270/270
f 271/271/271 272/272/272 273/273/273
f 274/274/274 275/275/275 276/276/276
f 277/277/277 278/278/278 279/279/279
f 280/280/280 281/281/281 282/282/282
f 283/283/283 284/284/284 285/285/285
f 286/286/286 287/287/287 288/288/288
f 289/289/289 290/290/290 291/291/291
f 292/292/292 293/293/293 294/294/294
f 295/295/295 296/296/296 297/297/297
f 298/298/298 299/299/299 300/300/300
f 301/301/301 302/302/302 303/303/303
f 303/303/303 304/304/304 305/305/305
f 306/306/306 307/307/307 308/308/308
f 308/308/308 309/309/309 310/310/310
f 311/311/311 312/312/312 313/313/313
f 313/313/313 314/314/314 315/315/315
f 316/316/316 317/317/317 318/318/318
f 319/319/319 320/320/320 316/316/316
f 321/321/321 320/320/320 322/322/322
f 323/323/323 324/324/324 321/321/321
f 325/325/325 326/326/326 327/327/327
f 327/327/327 328/328/328 329/329/329
f 330/330/330 331/331/331 332/332/332
f 333/333/333 334/334/334 330/330/330
f 335/335/335 336/336/336 337/337/337
f 337/337/337 338/338/338 339/339/339
f 340/340/340 341/341/341 342/342/342
f 342/342/342 343/343/343 344/344/344
f 345/345/345 346/346/346 347/347/347
f 347/347/347 348/348/348 349/349/349
f 350/350/350 351/351/351 352/352/352
f 352/352/352 353/353/353 354/354/354
f 355/355/355 356/356/356 357/357/357
f 357/357/357 358/358/358 359/359/359
f 360/360/360 361/361/361 362/362/362
f 362/362/362 363/363/363 364/364/364
f 365/365/365 366/366/366 367/367/367
f 367/367/367 368/368/368 369/369/369
f 370/370/370 371/371/371 372/372/372
f 372/372/372 373/373/373 374/374/374
f 375/375/375 376/376/376 377/377/377
f 378/378/378 379/379/379 375/375/375
f 380/380/380 381/381/381 382/382/382
f 382/382/382 383/383/383 384/384/384
f 385/385/385 386/386/386 387/387/387
f 387/387/387 388/388/388 389/389/389
f 390/390/390 391/391/391 392/392/392
f 392/392/392 393/393/393 394/394/394
f 395/395/395 396/396/396 397/397/397
f 398/398/398 399/399/399 395/395/395
f 400/400/400 401/401/401 402/402/402
f 402/402/402 403/403/403 404/404/404
f 405/405/405 406/406/406 407/407/407
f 407/407/407 408/408/408 409/409/409
f 410/410/410 411/411/411 412/412/412
f 413/413/413 414/414/414 410/410/410
f 415/415/415 416/416/416 417/417/417
f 417/417/417 418/418/418 419/419/419
f 420/420/420 421/421/421 422/422/422
f 422/422/422 423/423/423 424/424/424
f 425/425/425 426/426/426 427/427/427
f 427/427/427 428/428/428 429/429/429
f 430/430/430 431/431/431 432/432/432
f 433/433/433 434/434/434 430/430/430
f 435/435/435 436/436/436 437/437/437
f 437/437/437 438/438/438 439/439/439
f 440/440/440 441/441/441 442/442/442
f 442/442/442 443/443/443 444/444/444
f 445/445/445 446/446/446 447/447/447
f 448/448/448 449/449/449 445/445/445
f 450/450/450 451/451/451 452/452/452
f 452/452/452 453/453/453 454/454/454
f 455/455/455 456/456/456 457/457/457
f 457/457/457 458/458/458 459/459/459
f 460/460/460 461/461/461 462/462/462
f 462/462/462 463/463/463 464/464/464
f 465/465/465 466/466/466 467/467/467
f 468/468/468 469/469/469 465/465/465
f 470/470/470 471/471/471 472/472/472
f 472/472/472 473/473/473 474/474/474
f 475/475/475 476/476/476 477/477/477
f 477/477/477 478/478/478 479/479/479
f 480/480/480 481/481/481 482/482/482
f 482/482/482 483/483/483 484/484/484
f 485/485/485 486/486/486 487/487/487
f 487/487/487 488/488/488 489/489/489
f 490/490/490 491/491/491 492/492/492
f 492/492/492 493/493/493 494/494/494
f 495/495/495 496/496/496 497/497/497
f 497/497/497 498/498/498 499/499/499
f 500/500/500 501/501/501 502/502/502
f 502/502/502 503/503/503 504/504/504
f 505/505/505 506/506/506 507/507/507
f 507/507/507 508/508/508 509/509/509
f 510/510/510 511/511/511 512/512/512
f 512/512/512 513/513/513 514/514/514
f 515/515/515 516/516/516 517/517/517
f 517/517/517 518/518/518 519/519/519
f 520/520/520 521/521/521 522/522/522
f 522/522/522 523/523/523 524/524/524
f 525/525/525 526/526/526 527/527/527
f 528/528/528 529/529/529 525/525/525
f 530/530/530 531/531/531 532/532/532
f 532/532/532 533/533/533 534/534/534
f 535/535/535 536/536/536 537/537/537
f 537/537/537 538/538/538 539/539/539
f 540/540/540 541/541/541 542/542/542
f 542/542/542 543/543/543 544/544/544
f 545/545/545 546/546/546 547/547/547
f 548/548/548 549/549/549 545/545/545
f 550/550/550 551/551/551 552/552/552
f 552/552/552 553/553/553 554/554/554
f 555/555/555 556/556/556 557/557/557
f 557/557/557 558/558/558 559/559/559
f 560/560/560 561/561/561 562/562/562
f 562/562/562 563/563/563 564/564/564
f 565/565/565 566/566/566 567/567/567
f 568/568/568 569/569/569 565/565/565
f 570/570/570 571/571/571 572/572/572
f 572/572/572 573/573/573 574/574/574
f 575/575/575 576/576/576 577/577/577
f 577/577/577 578/578/578 579/579/579
f 580/580/580 581/581/581 582/582/582
f 583/583/583 584/584/584 580/580/580
f 585/585/585 586/586/586 587/587/587
f 587/587/587 588/588/588 589/589/589
f 590/590/590 591/591/591 592/592/592
f 592/592/592 593/593/593 594/594/594
f 595/595/595 596/596/596 597/597/597
f 598/598/598 599/599/599 595/595/595
f 600/600/600 601/601/601 602/602/602
f 602/602/602 603/603/603 604/604/604
f 605/605/605 606/606/606 607/607/607
f 607/607/607 608/608/608 609/609/609
f 610/610/610 611/611/611 612/612/612
f 612/612/612 613/613/613 614/614/614
f 615/615/615 616/616/616 617/617/617
f 617/617/617 618/618/618 619/619/619
f 620/620/620 621/621/621 622/622/622
f 622/622/622 623/623/623 624/624/624
f 625/625/625 626/626/626 627/627/627
f 627/627/627 628/628/628 629/629/629
f 630/630/630 631/631/631 632/632/632
f 632/632/632 633/633/633 634/634/634
f 635/635/635 636/636/636 637/637/637
f 637/637/637 638/638/638 639/639/639
f 640/640/640 641/641/641 642/642/642
f 642/642/642 643/643/643 644/644/644
f 645/645/645 646/646/646 647/647/647
f 647/647/647 648/648/648 649/649/649
f 650/650/650 651/651/651 652/652/652
f 652/652/652 653/653/653 654/654/654
f 655/655/655 656/656/656 657/657/657
f 657/657/657 658/658/658 659/659/659
f 660/660/660 661/661/661 662/662/662
f 662/662/662 663/663/663 664/664/664
f 665/665/665 666/666/666 667/667/667
f 667/667/667 668/668/668 669/669/669
f 670/670/670 671/671/671 672/672/672
f 672/672/672 673/673/673 674/674/674
f 675/675/675 676/676/676 677/677/677
f 677/677/677 678/678/678 679/679/679
f 680/680/680 681/681/681 682/682/682
f 682/682/682 683/683/683 684/684/684
f 685/685/685 686/686/686 687/687/687
f 687/687/687 688/688/688 689/689/689
f 690/690/690 691/691/691 692/692/692
f 692/692/692 693/693/693 694/694/694
f 695/695/695 696/696/696 697/697/697
f 697/697/697 698/698/698 699/699/699
f 700/700/700 701/701/701 702/702/702
f 702/702/702 703/703/703 704/704/704
f 705/705/705 706/706/706 707/707/707
f 707/707/707 708/708/708 709/709/709
f 710/710/710 711/711/711 712/712/712
f 712/712/712 713/713/713 714/714/714
f 715/715/715 716/716/716 717/717/717
f 718/718/718 719/719/719 715/715/715
f 720/720/720 721/721/721 722/722/722
f 722/722/722 723/723/723 724/724/724
f 725/725/725 726/726/726 727/727/727
f 727/727/727 728/728/728 729/729/729
f 730/730/730 731/731/731 732/732/732
f 733/733/733 734/734/734 730/730/730
f 735/735/735 736/736/736 737/737/737
f 737/737/737 738/738/738 739/739/739
f 740/740/740 741/741/741 742/742/742
f 742/742/742 743/743/743 744/744/744
f 745/745/745 746/746/746 747/747/747
f 747/747/747 748/748/748 749/749/749
f 750/750/750 751/751/751 752/752/752
f 752/752/752 753/753/753 754/754/754
f 755/755/755 756/756/756 757/757/757
f 758/758/758 759/759/759 755/755/755
f 760/760/760 761/761/761 762/762/762
f 762/762/762 763/763/763 764/764/764
f 765/765/765 766/766/766 767/767/767
f 767/767/767 768/768/768 769/769/769
f 770/770/770 771/771/771 772/772/772
f 772/772/772 773/773/773 774/774/774
f 775/775/775 776/776/776 777/777/777
f 777/777/777 778/778/778 779/779/779
f 780/780/780 781/781/781 782/782/782
f 782/782/782 783/783/783 784/784/784
f 785/785/785 786/786/786 787/787/787
f 787/787/787 788/788/788 789/789/789
f 790/790/790 791/791/791 792/792/792
f 792/792/792 793/793/793 794/794/794
f 795/795/795 796/796/796 797/797/797
f 797/797/797 798/798/798 799/799/799
f 800/800/800 801/801/801 802/802/802
f 802/802/802 803/803/803 804/804/804
f 805/805/805 806/806/806 807/807/807
f 807/807/807 808/808/808 809/809/809
f 810/810/810 811/811/811 812/812/812
f 813/813/813 814/814/814 810/810/810
f 815/815/815 816/816/816 817/817/817
f 817/817/817 818/818/818 819/819/819
f 820/820/820 821/821/821 822/822/822
f 822/822/822 823/823/823 824/824/824
f 825/825/825 826/826/826 827/827/827
f 827/827/827 828/828/828 829/829/829
f 830/830/830 831/831/831 832/832/832
f 832/832/832 833/833/833 834/834/834
f 835/835/835 836/836/836 837/837/837
f 837/837/837 838/838/838 839/839/839
f 840/840/840 841/841/841 842/842/842
f 842/842/842 843/843/843 844/844/844
f 845/845/845 846/846/846 843/843/843
f 843/843/843 847/847/847 845/845/845
f 848/848/848 849/849/849 850/850/850
f 850/850/850 851/851/851 852/852/852
f 853/853/853 854/854/854 855/855/855
f 855/855/855 856/856/856 857/857/857
f 858/858/858 859/859/859 860/860/860
f 860/860/860 861/861/861 862/862/862
f 863/863/863 864/864/864 865/865/865
f 865/865/865 866/866/866 867/867/867
f 868/868/868 869/869/869 866/866/866
f 870/870/870 868/868/868 871/871/871
f 871/871/871 872/872/872 873/873/873
f 874/874/874 875/875/875 871/871/871
f 876/876/876 877/877/877 878/878/878
f 879/879/879 880/880/880 876/876/876
f 881/881/881 882/882/882 883/883/883
f 884/884/884 883/883/883 885/885/885
f 886/886/886 887/887/887 884/884/884
f 888/888/888 889/889/889 890/890/890
f 891/891/891 890/890/890 892/892/892
f 893/893/893 894/894/894 891/891/891
f 895/895/895 896/896/896 897/897/897
f 897/897/897 898/898/898 899/899/899
f 900/900/900 901/901/901 902/902/902
f 903/903/903 901/901/901 904/904/904
f 905/905/905 906/906/906 904/904/904
f 904/904/904 907/907/907 908/908/908
f 904/904/904 909/909/909 910/910/910
f 911/911/911 904/904/904 912/912/912
f 913/913/913 914/914/914 915/915/915
f 915/915/915 916/916/916 917/917/917
f 916/916/916 918/918/918 919/919/919
f 920/920/920 921/921/921 916/916/916
f 922/922/922 923/923/923 924/924/924
f 924/924/924 925/925/925 926/926/926
f 927/927/927 928/928/928 929/929/929
f 929/929/929 930/930/930 931/931/931
f 932/932/932 933/933/933 934/934/934
f 934/934/934 935/935/935 936/936/936
f 937/937/937 938/938/938 935/935/935
f 935/935/935 939/939/939 937/937/937
f 940/940/940 941/941/941 942/942/942
f 942/942/942 943/943/943 944/944/944
f 945/945/945 946/946/946 943/943/943
f 943/943/943 947/947/947 948/948/948
f 947/947/947 949/949/949 950/950/950
f 951/951/951 952/952/952 947/947/947
f 953/953/953 954/954/954 955/955/955
f 955/955/955 956/956/956 957/957/957
f 958/958/958 959/959/959 956/956/956
f 956/956/956 960/960/960 961/961/961
f 960/960/960 962/962/962 963/963/963
f 964/964/964 965/965/965 960/960/960
f 966/966/966 967/967/967 968/968/968
f 968/968/968 969/969/969 970/970/970
f 971/971/971 972/972/972 969/969/969
f 969/969/969 973/973/973 974/974/974
f 973/973/973 975/975/975 976/976/976
f 977/977/977 978/978/978 973/973/973
f 979/979/979 980/980/980 981/981/981
f 982/982/982 983/983/983 979/979/979
f 984/984/984 985/985/985 986/986/986
f 987/987/987 985/985/985 988/988/988
f 989/989/989 990/990/990 987/987/987
f 991/991/991 987/987/987 990/990/990
f 990/990/990 992/992/992 991/991/991
f 993/993/993 994/994/994 995/995/995
f 996/996/996 997/997/997 993/993/993
f 998/998/998 999/999/999 1000/1000/1000
f 1000/1000/1000 1001/1001/1001 1002/1002/1002
f 1003/1003/1003 1004/1004/1004 1001/1001/1001
f 1005/1005/1005 1003/1003/1003 1006/1006/1006
f 1006/1006/1006 1007/1007/1007 1008/1008/1008
f 1009/1009/1009 1010/1010/1010 1006/1006/1006
f 1011/1011/1011 1012/1012/1012 1013/1013/1013
f 1014/1014/1014 1015/1015/1015 1011/1011/1011
f 1016/1016/1016 1017/1017/1017 1018/1018/1018
f 1019/1019/1019 1018/1018/1018 1020/1020/1020
f 1021/1021/1021 1022/1022/1022 1019/1019/1019
f 1023/1023/1023 1024/1024/1024 1025/1025/1025
f 1026/1026/1026 1025/1025/1025 1027/1027/1027
f 1028/1028/1028 1029/1029/1029 1026/1026/1026
f 1030/1030/1030 1031/1031/1031 1032/1032/1032
f 1032/1032/1032 1033/1033/1033 1034/1034/1034
f 1035/1035/1035 1036/1036/1036 1037/1037/1037
f 1038/1038/1038 1036/1036/1036 1039/1039/1039
f 1040/1040/1040 1041/1041/1041 1039/1039/1039
f 1039/1039/1039 1042/1042/1042 1043/1043/1043
f 1039/1039/1039 1044/1044/1044 1045/1045/1045
f 1046/1046/1046 1039/1039/1039 1047/1047/1047
f 1048/1048/1048 1049/1049/1049 1050/1050/1050
f 1050/1050/1050 1051/1051/1051 1052/1052/1052
f 1051/1051/1051 1053/1053/1053 1054/1054/1054
f 1055/1055/1055 1056/1056/1056 1051/1051/1051
f 1057/1057/1057 1058/1058/1058 1059/1059/1059
f 1059/1059/1059 1060/1060/1060 1061/1061/1061
f 1062/1062/1062 1063/1063/1063 1064/1064/1064
f 1064/1064/1064 1065/1065/1065 1066/1066/1066
f 1067/1067/1067 1068/1068/1068 1065/1065/1065
f 1065/1065/1065 1069/1069/1069 1070/1070/1070
f 1071/1071/1071 1072/1072/1072 1073/1073/1073
f 1073/1073/1073 1074/1074/1074 1075/1075/1075
f 1076/1076/1076 1077/1077/1077 1074/1074/1074
f 1074/1074/1074 1078/1078/1078 1076/1076/1076
f 1079/1079/1079 1076/1076/1076 1080/1080/1080
f 1081/1081/1081 1082/1082/1082 1079/1079/1079
f 1083/1083/1083 1079/1079/1079 1084/1084/1084
f 1085/1085/1085 1086/1086/1086 1083/1083/1083
f 1087/1087/1087 1088/1088/1088 1089/1089/1089
f 1089/1089/1089 1090/1090/1090 1091/1091/1091
f 1090/1090/1090 1092/1092/1092 1093/1093/1093
f 1094/1094/1094 1095/1095/1095 1090/1090/1090
f 1096/1096/1096 1097/1097/1097 1098/1098/1098
f 1098/1098/1098 1099/1099/1099 1100/1100/1100
f 1099/1099/1099 1101/1101/1101 1102/1102/1102
f 1103/1103/1103 1104/1104/1104 1099/1099/1099
f 1105/1105/1105 1106/1106/1106 1107/1107/1107
f 1107/1107/1107 1108/1108/1108 1109/1109/1109
f 1108/1108/1108 1110/1110/1110 1111/1111/1111
f 1112/1112/1112 1113/1113/1113 1108/1108/1108
f 1114/1114/1114 1115/1115/1115 1116/1116/1116
f 1117/1117/1117 1118/1118/1118 1114/1114/1114
f 1119/1119/1119 1120/1120/1120 1121/1121/1121
f 1122/1122/1122 1120/1120/1120 1123/1123/1123
f 1124/1124/1124 1125/1125/1125 1122/1122/1122
f 1126/1126/1126 1122/1122/1122 1125/1125/1125
f 1125/1125/1125 1127/1127/1127 1126/1126/1126
f 1128/1128/1128 1129/1129/1129 1130/1130/1130
f 1131/1131/1131 1132/1132/1132 1128/1128/1128
f 1133/1133/1133 1134/1134/1134 1135/1135/1135
f 1135/1135/1135 1136/1136/1136 1137/1137/1137
f 1138/1138/1138 1139/1139/1139 1136/1136/1136
f 1140/1140/1140 1138/1138/1138 1141/1141/1141
f 1141/1141/1141 1142/1142/1142 1143/1143/1143
f 1144/1144/1144 1145/1145/1145 1141/1141/1141
f 1146/1146/1146 1147/1147/1147 1148/1148/1148
f 1149/1149/1149 1150/1150/1150 1146/1146/1146
f 1151/1151/1151 1152/1152/1152 1153/1153/1153
f 1154/1154/1154 1152/1152/1152 1155/1155/1155
f 1155/1155/1155 1156/1156/1156 1157/1157/1157
f 1158/1158/1158 1159/1159/1159 1160/1160/1160
f 1161/1161/1161 1160/1160/1160 1162/1162/1162
f 1163/1163/1163 1164/1164/1164 1161/1161/1161
f 1165/1165/1165 1166/1166/1166 1167/1167/1167
f 1168/1168/1168 1167/1167/1167 1169/1169/1169
f 1170/1170/1170 1171/1171/1171 1168/1168/1168
f 1172/1172/1172 1173/1173/1173 1174/1174/1174
f 1174/1174/1174 1175/1175/1175 1176/1176/1176
f 1177/1177/1177 1178/1178/1178 1179/1179/1179
f 1180/1180/1180 1178/1178/1178 1181/1181/1181
f 1181/1181/1181 1182/1182/1182 1183/1183/1183
f 1184/1184/1184 1185/1185/1185 1181/1181/1181
f 1186/1186/1186 1181/1181/1181 1185/1185/1185
f 1181/1181/1181 1187/1187/1187 1188/1188/1188
f 1187/1187/1187 1189/1189/1189 1190/1190/1190
f 1191/1191/1191 1192/1192/1192 1187/1187/1187
f 1193/1193/1193 1194/1194/1194 1195/1195/1195
f 1195/1195/1195 1196/1196/1196 1197/1197/1197
f 1196/1196/1196 1198/1198/1198 1199/1199/1199
f 1200/1200/1200 1201/1201/1201 1196/1196/1196
f 1202/1202/1202 1203/1203/1203 1204/1204/1204
f 1203/1203/1203 1205/1205/1205 1206/1206/1206
f 1206/1206/1206 1207/1207/1207 1208/1208/1208
f 1209/1209/1209 1205/1205/1205 1210/1210/1210
f 1206/1206/1206 1211/1211/1211 1212/1212/1212
f 1212/1212/1212 1213/1213/1213 1214/1214/1214
f 1215/1215/1215 1212/1212/1212 1216/1216/1216
f 1217/1217/1217 1218/1218/1218 1209/1209/1209
f 1218/1218/1218 1219/1219/1219 1220/1220/1220
f 1220/1220/1220 1221/1221/1221 1222/1222/1222
f 1218/1218/1218 1220/1220/1220 1223/1223/1223
f 1224/1224/1224 1223/1223/1223 1225/1225/1225
f 1224/1224/1224 1226/1226/1226 1223/1223/1223
f 1227/1227/1227 1226/1226/1226 1224/1224/1224
f 1228/1228/1228 1226/1226/1226 1229/1229/1229
f 1230/1230/1230 1231/1231/1231 1228/1228/1228
f 1231/1231/1231 1230/1230/1230 1232/1232/1232
f 1230/1230/1230 1233/1233/1233 1234/1234/1234
f 1235/1235/1235 1232/1232/1232 1236/1236/1236
f 1236/1236/1236 1237/1237/1237 1224/1224/1224
f 1236/1236/1236 1238/1238/1238 1239/1239/1239
f 1224/1224/1224 1238/1238/1238 1240/1240/1240
f 1220/1220/1220 1238/1238/1238 1224/1224/1224
f 1241/1241/1241 1238/1238/1238 1220/1220/1220
f 1238/1238/1238 1242/1242/1242 1243/1243/1243
f 1238/1238/1238 1244/1244/1244 1245/1245/1245
f 1246/1246/1246 1247/1247/1247 1248/1248/1248
f 1248/1248/1248 1249/1249/1249 1250/1250/1250
f 1251/1251/1251 1252/1252/1252 1253/1253/1253
f 1253/1253/1253 1254/1254/1254 1255/1255/1255
f 1256/1256/1256 1257/1257/1257 1254/1254/1254
f 1254/1254/1254 1258/1258/1258 1259/1259/1259
f 1260/1260/1260 1261/1261/1261 1262/1262/1262
f 1263/1263/1263 1264/1264/1264 1260/1260/1260
f 1265/1265/1265 1263/1263/1263 1266/1266/1266
f 1267/1267/1267 1263/1263/1263 1265/1265/1265
f 1265/1265/1265 1268/1268/1268 1267/1267/1267
f 1269/1269/1269 1270/1270/1270 1271/1271/1271
f 1272/1272/1272 1273/1273/1273 1269/1269/1269
f 1274/1274/1274 1273/1273/1273 1272/1272/1272
f 1272/1272/1272 1275/1275/1275 1274/1274/1274
f 1276/1276/1276 1277/1277/1277 1278/1278/1278
f 1279/1279/1279 1280/1280/1280 1276/1276/1276
f 1281/1281/1281 1276/1276/1276 1280/1280/1280
f 1280/1280/1280 1282/1282/1282 1281/1281/1281
f 1282/1282/1282 1280/1280/1280 1283/1283/1283
f 1283/1283/1283 1280/1280/1280 1284/1284/1284
f 1283/1283/1283 1285/1285/1285 1282/1282/1282
f 1286/1286/1286 1287/1287/1287 1283/1283/1283
f 1288/1288/1288 1289/1289/1289 1290/1290/1290
f 1291/1291/1291 1292/1292/1292 1289/1289/1289
f 1289/1289/1289 1293/1293/1293 1294/1294/1294
f 1295/1295/1295 1296/1296/1296 1297/1297/1297
f 1298/1298/1298 1299/1299/1299 1296/1296/1296
f 1296/1296/1296 1300/1300/1300 1301/1301/1301
f 1302/1302/1302 1303/1303/1303 1304/1304/1304
f 1303/1303/1303 1305/1305/1305 1306/1306/1306
f 1307/1307/1307 1308/1308/1308 1303/1303/1303
f 1309/1309/1309 1310/1310/1310 1311/1311/1311
f 1310/1310/1310 1312/1312/1312 1313/1313/1313
f 1314/1314/1314 1315/1315/1315 1310/1310/1310
f 1316/1316/1316 1317/1317/1317 1318/1318/1318
f 1317/1317/1317 1319/1319/1319 1320/1320/1320
f 1321/1321/1321 1322/1322/1322 1317/1317/1317
f 1323/1323/1323 1324/1324/1324 1325/1325/1325
f 1324/1324/1324 1326/1326/1326 1327/1327/1327
f 1328/1328/1328 1329/1329/1329 1324/1324/1324
f 1330/1330/1330 1331/1331/1331 1332/1332/1332
f 1331/1331/1331 1333/1333/1333 1334/1334/1334
f 1335/1335/1335 1336/1336/1336 1331/1331/1331
f 1337/1337/1337 1338/1338/1338 1339/1339/1339
f 1340/1340/1340 1341/1341/1341 1338/1338/1338
f 1338/1338/1338 1342/1342/1342 1343/1343/1343
f 1344/1344/1344 1345/1345/1345 1346/1346/1346
f 1346/1346/1346 1347/1347/1347 1348/1348/1348
f 1347/1347/1347 1346/1346/1346 1349/1349/1349
f 1350/1350/1350 1351/1351/1351 1347/1347/1347
f 1347/1347/1347 1352/1352/1352 1353/1353/1353
f 1354/1354/1354 1355/1355/1355 1356/1356/1356
f 1357/1357/1357 1358/1358/1358 1355/1355/1355
f 1355/1355/1355 1359/1359/1359 1360/1360/1360
f 1361/1361/1361 1362/1362/1362 1363/1363/1363
f 1364/1364/1364 1365/1365/1365 1362/1362/1362
f 1362/1362/1362 1366/1366/1366 1367/1367/1367
f 1368/1368/1368 1369/1369/1369 1370/1370/1370
f 1369/1369/1369 1371/1371/1371 1372/1372/1372
f 1373/1373/1373 1374/1374/1374 1369/1369/1369
f 1375/1375/1375 1376/1376/1376 1377/1377/1377
f 1376/1376/1376 1378/1378/1378 1379/1379/1379
f 1380/1380/1380 1381/1381/1381 1376/1376/1376
f 1382/1382/1382 1383/1383/1383 1384/1384/1384
f 1383/1383/1383 1385/1385/1385 1386/1386/1386
f 1387/1387/1387 1388/1388/1388 1383/1383/1383
f 1389/1389/1389 1390/1390/1390 1391/1391/1391
f 1390/1390/1390 1392/1392/1392 1393/1393/1393
f 1394/1394/1394 1395/1395/1395 1390/1390/1390
f 1396/1396/1396 1397/1397/1397 1398/1398/1398
f 1397/1397/1397 1399/1399/1399 1400/1400/1400
f 1401/1401/1401 1402/1402/1402 1397/1397/1397
f 1403/1403/1403 1404/1404/1404 1405/1405/1405
f 1406/1406/1406 1407/1407/1407 1404/1404/1404
f 1404/1404/1404 1408/1408/1408 1409/1409/1409
f 1410/1410/1410 1411/1411/1411 1412/1412/1412
f 1412/1412/1412 1413/1413/1413 1414/1414/1414
f 1413/1413/1413 1412/1412/1412 1415/1415/1415
f 1416/1416/1416 1417/1417/1417 1413/1413/1413
f 1413/1413/1413 1418/1418/1418 1419/1419/1419
f 1420/1420/1420 1421/1421/1421 1422/1422/1422
f 1423/1423/1423 1424/1424/1424 1421/1421/1421
f 1421/1421/1421 1425/1425/1425 1426/1426/1426
f 1427/1427/1427 1428/1428/1428 1429/1429/1429
f 1430/1430/1430 1431/1431/1431 1428/1428/1428
f 1428/1428/1428 1432/1432/1432 1433/1433/1433
f 1434/1434/1434 1435/1435/1435 1436/1436/1436
f 1435/1435/1435 1437/1437/1437 1438/1438/1438
f 1439/1439/1439 1440/1440/1440 1435/1435/1435
f 1441/1441/1441 1442/1442/1442 1443/1443/1443
f 1442/1442/1442 1444/1444/1444 1445/1445/1445
f 1446/1446/1446 1447/1447/1447 1442/1442/1442
f 1448/1448/1448 1449/1449/1449 1450/1450/1450
f 1449/1449/1449 1451/1451/1451 1452/1452/1452
f 1453/1453/1453 1454/1454/1454 1449/1449/1449
f 1455/1455/1455 1456/1456/1456 1457/1457/1457
f 1456/1456/1456 1458/1458/1458 1459/1459/1459
f 1460/1460/1460 1461/1461/1461 1456/1456/1456
f 1462/1462/1462 1463/1463/1463 1464/1464/1464
f 1463/1463/1463 1465/1465/1465 1466/1466/1466
f 1467/1467/1467 1468/1468/1468 1463/1463/1463
f 1469/1469/1469 1470/1470/1470 1471/1471/1471
f 1472/1472/1472 1473/1473/1473 1470/1470/1470
f 1470/1470/1470 1474/1474/1474 1475/1475/1475
f 1476/1476/1476 1477/1477/1477 1478/1478/1478
f 1478/1478/1478 1479/1479/1479 1480/1480/1480
f 1479/1479/1479 1478/1478/1478 1481/1481/1481
f 1482/1482/1482 1483/1483/1483 1479/1479/1479
f 1479/1479/1479 1484/1484/1484 1485/1485/1485
f 1486/1486/1486 1487/1487/1487 1488/1488/1488
f 1488/1488/1488 1489/1489/1489 1490/1490/1490
f 1491/1491/1491 1488/1488/1488 1492/1492/1492
f 1492/1492/1492 1493/1493/1493 1491/1491/1491
f 1493/1493/1493 1492/1492/1492 1494/1494/1494
f 1494/1494/1494 1495/1495/1495 1493/1493/1493
f 1493/1493/1493 1495/1495/1495 1496/1496/1496
f 1497/1497/1497 1498/1498/1498 1493/1493/1493
f 1499/1499/1499 1500/1500/1500 1501/1501/1501
f 1501/1501/1501 1502/1502/1502 1503/1503/1503
f 1504/1504/1504 1502/1502/1502 1501/1501/1501
f 1502/1502/1502 1504/1504/1504 1505/1505/1505
f 1505/1505/1505 1506/1506/1506 1502/1502/1502
f 1502/1502/1502 1506/1506/1506 1507/1507/1507
f 1507/1507/1507 1508/1508/1508 1502/1502/1502
f 1509/1509/1509 1507/1507/1507 1510/1510/1510
f 1511/1511/1511 1512/1512/1512 1509/1509/1509
f 1513/1513/1513 1509/1509/1509 1510/1510/1510
f 1509/1509/1509 1513/1513/1513 1511/1511/1511
f 1510/1510/1510 1514/1514/1514 1513/1513/1513
f 1515/1515/1515 1511/1511/1511 1513/1513/1513
f 1513/1513/1513 1514/1514/1514 1515/1515/1515
f 1516/1516/1516 1517/1517/1517 1518/1518/1518
f 1518/1518/1518 1519/1519/1519 1520/1520/1520
f 1521/1521/1521 1519/1519/1519 1518/1518/1518
f 1518/1518/1518 1522/1522/1522 1521/1521/1521
f 1523/1523/1523 1524/1524/1524 1525/1525/1525
f 1526/1526/1526 1524/1524/1524 1527/1527/1527
f 1524/1524/1524 1526/1526/1526 1528/1528/1528
f 1528/1528/1528 1529/1529/1529 1524/1524/1524
f 1524/1524/1524 1529/1529/1529 1530/1530/1530
f 1531/1531/1531 1532/1532/1532 1533/1533/1533
f 1533/1533/1533 1534/1534/1534 1531/1531/1531
f 1535/1535/1535 1536/1536/1536 1537/1537/1537
f 1537/1537/1537 1538/1538/1538 1535/1535/1535
f 1539/1539/1539 1540/1540/1540 1541/1541/1541
f 1541/1541/1541 1542/1542/1542 1539/1539/1539
f 1543/1543/1543 1544/1544/1544 1545/1545/1545
f 1545/1545/1545 1546/1546/1546 1543/1543/1543
f 1547/1547/1547 1548/1548/1548 1549/1549/1549
f 1549/1549/1549 1550/1550/1550 1547/1547/1547
f 1551/1551/1551 1552/1552/1552 1553/1553/1553
f 1553/1553/1553 1554/1554/1554 1551/1551/1551
f 1555/1555/1555 1556/1556/1556 1557/1557/1557
f 1557/1557/1557 1558/1558/1558 1555/1555/1555
f 1559/1559/1559 1560/1560/1560 1561/1561/1561
f 1561/1561/1561 1562/1562/1562 1559/1559/1559
f 1563/1563/1563 1564/1564/1564 1565/1565/1565
f 1565/1565/1565 1566/1566/1566 1563/1563/1563
f 1567/1567/1567 1568/1568/1568 1569/1569/1569
f 1569/1569/1569 1570/1570/1570 1567/1567/1567
f 1571/1571/1571 1572/1572/1572 1573/1573/1573
f 1573/1573/1573 1574/1574/1574 1571/1571/1571
f 1575/1575/1575 1576/1576/1576 1577/1577/1577
f 1577/1577/1577 1578/1578/1578 1575/1575/1575
f 1579/1579/1579 1580/1580/1580 1581/1581/1581
f 1581/1581/1581 1582/1582/1582 1579/1579/1579
f 1583/1583/1583 1584/1584/1584 1585/1585/1585
f 1585/1585/1585 1586/1586/1586 1583/1583/1583
f 1587/1587/1587 1588/1588/1588 1589/1589/1589
f 1589/1589/1589 1590/1590/1590 1587/1587/1587
f 1591/1591/1591 1592/1592/1592 1593/1593/1593
f 1593/1593/1593 1594/1594/1594 1591/1591/1591
f 1595/1595/1595 1596/1596/1596 1597/1597/1597
f 1597/1597/1597 1598/1598/1598 1595/1595/1595
f 1599/1599/1599 1600/1600/1600 1601/1601/1601
f 1601/1601/1601 1602/1602/1602 1599/1599/1599
f 1603/1603/1603 1604/1604/1604 1605/1605/1605
f 1605/1605/1605 1606/1606/1606 1603/1603/1603
f 1607/1607/1607 1608/1608/1608 1609/1609/1609
f 1609/1609/1609 1610/1610/1610 1607/1607/1607
f 1611/1611/1611 1612/1612/1612 1613/1613/1613
f 1613/1613/1613 1614/1614/1614 1611/1611/1611
f 1615/1615/1615 1616/1616/1616 1617/1617/1617
f 1617/1617/1617 1618/1618/1618 1615/1615/1615
f 1619/1619/1619 1620/1620/1620 1621/1621/1621
f 1621/1621/1621 1622/1622/1622 1619/1619/1619
f 1623/1623/1623 1624/1624/1624 1625/1625/1625
f 1625/1625/1625 1626/1626/1626 1623/1623/1623
f 1627/1627/1627 1628/1628/1628 1629/1629/1629
f 1629/1629/1629 1630/1630/1630 1627/1627/1627
f 1631/1631/1631 1632/1632/1632 1633/1633/1633
f 1633/1633/1633 1634/1634/1634 1631/1631/1631
f 1635/1635/1635 1636/1636/1636 1637/1637/1637
f 1637/1637/1637 1638/1638/1638 1635/1635/1635
f 1639/1639/1639 1640/1640/1640 1641/1641/1641
f 1641/1641/1641 1642/1642/1642 1639/1639/1639
f 1643/1643/1643 1644/1644/1644 1645/1645/1645
f 1645/1645/1645 1646/1646/1646 1643/1643/1643
f 1647/1647/1647 1648/1648/1648 1649/1649/1649
f 1649/1649/1649 1650/1650/1650 1647/1647/1647
f 1651/1651/1651 1652/1652/1652 1653/1653/1653
f 1653/1653/1653 1654/1654/1654 1651/1651/1651
f 1655/1655/1655 1656/1656/1656 1657/1657/1657
f 1657/1657/1657 1658/1658/1658 1655/1655/1655
f 1659/1659/1659 1660/1660/1660 1661/1661/1661
f 1661/1661/1661 1662/1662/1662 1659/1659/1659
f 1663/1663/1663 1664/1664/1664 1665/1665/1665
f 1665/1665/1665 1666/1666/1666 1663/1663/1663
f 1667/1667/1667 1668/1668/1668 1669/1669/1669
f 1669/1669/1669 1670/1670/1670 1667/1667/1667
f 1671/1671/1671 1672/1672/1672 1673/1673/1673
f 1673/1673/1673 1674/1674/1674 1671/1671/1671
f 1675/1675/1675 1676/1676/1676 1677/1677/1677
f 1677/1677/1677 1678/1678/1678 1675/1675/1675
f 1679/1679/1679 1680/1680/1680 1681/1681/1681
f 1681/1681/1681 1682/1682/1682 1679/1679/1679
f 1683/1683/1683 1684/1684/1684 1685/1685/1685
f 1685/1685/1685 1686/1686/1686 1683/1683/1683
f 1687/1687/1687 1688/1688/1688 1689/1689/1689
f 1689/1689/1689 1690/1690/1690 1687/1687/1687
f 1691/1691/1691 1692/1692/1692 1693/1693/1693
f 1693/1693/1693 1694/1694/1694 1691/1691/1691
f 1695/1695/1695 1696/1696/1696 1697/1697/1697
f 1697/1697/1697 1698/1698/1698 1695/1695/1695
f 1699/1699/1699 1700/1700/1700 1701/1701/1701
f 1701/1701/1701 1702/1702/1702 1699/1699/1699
f 1703/1703/1703 1704/1704/1704 1705/1705/1705
f 1705/1705/1705 1706/1706/1706 1703/1703/1703
f 1707/1707/1707 1708/1708/1708 1709/1709/1709
f 1709/1709/1709 1710/1710/1710 1707/1707/1707
f 1711/1711/1711 1712/1712/1712 1713/1713/1713
f 1713/1713/1713 1714/1714/1714 1711/1711/1711
f 1715/1715/1715 1716/1716/1716 1717/1717/1717
f 1717/1717/1717 1718/1718/1718 1715/1715/1715
f 1719/1719/1719 1720/1720/1720 1721/1721/1721
f 1721/1721/1721 1722/1722/1722 1719/1719/1719
f 1723/1723/1723 1724/1724/1724 1725/1725/1725
f 1725/1725/1725 1726/1726/1726 1723/1723/1723
f 1727/1727/1727 1728/1728/1728 1729/1729/1729
f 1729/1729/1729 1730/1730/1730 1727/1727/1727
f 1731/1731/1731 1732/1732/1732 1733/1733/1733
f 1733/1733/1733 1734/1734/1734 1731/1731/1731
f 1735/1735/1735 1736/1736/1736 1737/1737/1737
f 1737/1737/1737 1738/1738/1738 1735/1735/1735
f 1739/1739/1739 1740/1740/1740 1741/1741/1741
f 1741/1741/1741 1742/1742/1742 1739/1739/1739
f 1743/1743/1743 1744/1744/1744 1745/1745/1745
f 1745/1745/1745 1746/1746/1746 1743/1743/1743
f 1747/1747/1747 1748/1748/1748 1749/1749/1749
f 1749/1749/1749 1750/1750/1750 1747/1747/1747
f 1751/1751/1751 1752/1752/1752 1753/1753/1753
f 1753/1753/1753 1754/1754/1754 1751/1751/1751
f 1755/1755/1755 1756/1756/1756 1757/1757/1757
f 1757/1757/1757 1758/1758/1758 1755/1755/1755
f 1759/1759/1759 1760/1760/1760 1761/1761/1761
f 1761/1761/1761 1762/1762/1762 1759/1759/1759
f 1763/1763/1763 1764/1764/1764 1765/1765/1765
f 1765/1765/1765 1766/1766/1766 1763/1763/1763
f 1767/1767/1767 1768/1768/1768 1769/1769/1769
f 1769/1769/1769 1770/1770/1770 1767/1767/1767
f 1771/1771/1771 1772/1772/1772 1773/1773/1773
f 1773/1773/1773 1774/1774/1774 1771/1771/1771
f 1775/1775/1775 1776/1776/1776 1777/1777/1777
f 1777/1777/1777 1778/1778/1778 1775/1775/1775
f 1779/1779/1779 1780/1780/1780 1781/1781/1781
f 1781/1781/1781 1782/1782/1782 1779/1779/1779
f 1783/1783/1783 1784/1784/1784 1785/1785/1785
f 1785/1785/1785 1786/1786/1786 1783/1783/1783
f 1787/1787/1787 1788/1788/1788 1789/1789/1789
f 1789/1789/1789 1790/1790/1790 1787/1787/1787
f 1791/1791/1791 1792/1792/1792 1793/1793/1793
f 1793/1793/1793 1794/1794/1794 1791/1791/1791
f 1795/1795/1795 1796/1796/1796 1797/1797/1797
f 1797/1797/1797 1798/1798/1798 1795/1795/1795
f 1799/1799/1799 1800/1800/1800 1801/1801/1801
f 1801/1801/1801 1802/1802/1802 1799/1799/1799
f 1803/1803/1803 1804/1804/1804 1805/1805/1805
f 1805/1805/1805 1806/1806/1806 1803/1803/1803
f 1807/1807/1807 1808/1808/1808 1809/1809/1809
f 1809/1809/1809 1810/1810/1810 1807/1807/1807
f 1811/1811/1811 1812/1812/1812 1813/1813/1813
f 1813/1813/1813 1814/1814/1814 1811/1811/1811
f 1815/1815/1815 1816/1816/1816 1817/1817/1817
f 1817/1817/1817 1818/1818/1818 1815/1815/1815
f 1819/1819/1819 1820/1820/1820 1821/1821/1821
f 1821/1821/1821 1822/1822/1822 1819/1819/1819
f 1823/1823/1823 1824/1824/1824 1825/1825/1825
f 1825/1825/1825 1826/1826/1826 1823/1823/1823
f 1827/1827/1827 1828/1828/1828 1829/1829/1829
f 1829/1829/1829 1830/1830/1830 1827/1827/1827
f 1831/1831/1831 1832/1832/1832 1833/1833/1833
f 1833/1833/1833 1834/1834/1834 1831/1831/1831
f 1835/1835/1835 1836/1836/1836 1837/1837/1837
f 1837/1837/1837 1838/1838/1838 1835/1835/1835
f 1839/1839/1839 1840/1840/1840 1841/1841/1841
f 1841/1841/1841 1842/1842/1842 1839/1839/1839
f 1843/1843/1843 1844/1844/1844 1845/1845/1845
f 1845/1845/1845 1846/1846/1846 1843/1843/1843
f 1847/1847/1847 1848/1848/1848 1849/1849/1849
f 1849/1849/1849 1850/1850/1850 1847/1847/1847
f 1851/1851/1851 1852/1852/1852 1853/1853/1853
f 1853/1853/1853 1854/1854/1854 1851/1851/1851
f 1855/1855/1855 1856/1856/1856 1857/1857/1857
f 1857/1857/1857 1858/1858/1858 1855/1855/1855
f 1859/1859/1859 1860/1860/1860 1861/1861/1861
f 1861/1861/1861 1862/1862/1862 1859/1859/1859
f 1863/1863/1863 1864/1864/1864 1865/1865/1865
f 1865/1865/1865 1866/1866/1866 1863/1863/1863
f 1867/1867/1867 1868/1868/1868 1869/1869/1869
f 1869/1869/1869 1870/1870/1870 1867/1867/1867
f 1871/1871/1871 1872/1872/1872 1873/1873/1873
f 1873/1873/1873 1874/1874/1874 1871/1871/1871
f 1875/1875/1875 1876/1876/1876 1877/1877/1877
f 1877/1877/1877 1878/1878/1878 1875/1875/1875
f 1879/1879/1879 1880/1880/1880 1881/1881/1881
f 1881/1881/1881 1882/1882/1882 1879/1879/1879
f 1883/1883/1883 1884/1884/1884 1885/1885/1885
f 1885/1885/1885 1886/1886/1886 1883/1883/1883
f 1887/1887/1887 1888/1888/1888 1889/1889/1889
f 1889/1889/1889 1890/1890/1890 1887/1887/1887
f 1891/1891/1891 1892/1892/1892 1893/1893/1893
f 1893/1893/1893 1894/1894/1894 1891/1891/1891
f 1895/1895/1895 1896/1896/1896 1897/1897/1897
f 1897/1897/1897 1898/1898/1898 1895/1895/1895
f 1899/1899/1899 1900/1900/1900 1901/1901/1901
f 1901/1901/1901 1902/1902/1902 1899/1899/1899
f 1903/1903/1903 1904/1904/1904 1905/1905/1905
f 1905/1905/1905 1906/1906/1906 1903/1903/1903
f 1907/1907/1907 1908/1908/1908 1909/1909/1909
f 1909/1909/1909 1910/1910/1910 1907/1907/1907
f 1911/1911/1911 1912/1912/1912 1913/1913/1913
f 1913/1913/1913 1914/1914/1914 1911/1911/1911
f 1915/1915/1915 1916/1916/1916 1917/1917/1917
f 1917/1917/1917 1918/1918/1918 1915/1915/1915
f 1919/1919/1919 1920/1920/1920 1921/1921/1921
f 1921/1921/1921 1922/1922/1922 1919/1919/1919
f 1923/1923/1923 1924/1924/1924 1925/1925/1925
f 1925/1925/1925 1926/1926/1926 1923/1923/1923
f 1927/1927/1927 1928/1928/1928 1929/1929/1929
f 1929/1929/1929 1930/1930/1930 1927/1927/1927
f 1931/1931/1931 1932/1932/1932 1933/1933/1933
f 1933/1933/1933 1934/1934/1934 1931/1931/1931
f 1935/1935/1935 1936/1936/1936 1937/1937/1937
f 1937/1937/1937 1938/1938/1938 1935/1935/1935
f 1939/1939/1939 1940/1940/1940 1941/1941/1941
f 1941/1941/1941 1942/1942/1942 1939/1939/1939
f 1943/1943/1943 1944/1944/1944 1945/1945/1945
f 1945/1945/1945 1946/1946/1946 1943/1943/1943
f 1947/1947/1947 1948/1948/1948 1949/1949/1949
f 1949/1949/1949 1950/1950/1950 1947/1947/1947
f 1951/1951/1951 1952/1952/1952 1953/1953/1953
f 1953/1953/1953 1954/1954/1954 1951/1951/1951
f 1955/1955/1955 1956/1956/1956 1957/1957/1957
f 1957/1957/1957 1958/1958/1958 1955/1955/1955
f 1959/1959/1959 1960/1960/1960 1961/1961/1961
f 1961/1961/1961 1962/1962/1962 1959/1959/1959
f 1963/1963/1963 1964/1964/1964 1965/1965/1965
f 1965/1965/1965 1966/1966/1966 1963/1963/1963
f 1967/1967/1967 1968/1968/1968 1969/1969/1969
f 1969/1969/1969 1970/1970/1970 1967/1967/1967
f 1971/1971/1971 1972/1972/1972 1973/1973/1973
f 1973/1973/1973 1974/1974/1974 1971/1971/1971
f 1975/1975/1975 1976/1976/1976 1977/1977/1977
f 1977/1977/1977 1978/1978/1978 1975/1975/1975
f 1979/1979/1979 1980/1980/1980 1981/1981/1981
f 1981/1981/1981 1982/1982/1982 1979/1979/1979
f 1983/1983/1983 1984/1984/1984 1985/1985/1985
f 1985/1985/1985 1986/1986/1986 1983/1983/1983
f 1987/1987/1987 1988/1988/1988 1989/1989/1989
f 1989/1989/1989 1990/1990/1990 1987/1987/1987
f 1991/1991/1991 1992/1992/1992 1993/1993/1993
f 1993/1993/1993 1994/1994/1994 1991/1991/1991
f 1995/1995/1995 1996/1996/1996 1997/1997/1997
f 1997/1997/1997 1998/1998/1998 1995/1995/1995
f 1999/1999/1999 2000/2000/2000 2001/2001/2001
f 2001/2001/2001 2002/2002/2002 1999/1999/1999
f 2003/2003/2003 2004/2004/2004 2005/2005/2005
f 2005/2005/2005 2006/2006/2006 2003/2003/2003
f 2007/2007/2007 2008/2008/2008 2009/2009/2009
f 2009/2009/2009 2010/2010/2010 2007/2007/2007
f 2011/2011/2011 2012/2012/2012 2013/2013/2013
f 2013/2013/2013 2014/2014/2014 2011/2011/2011
f 2015/2015/2015 2016/2016/2016 2017/2017/2017
f 2017/2017/2017 2018/2018/2018 2015/2015/2015
f 2019/2019/2019 2020/2020/2020 2021/2021/2021
f 2021/2021/2021 2022/2022/2022 2019/2019/2019
f 2023/2023/2023 2024/2024/2024 2025/2025/2025
f 2025/2025/2025 2026/2026/2026 2023/2023/2023
f 2027/2027/2027 2028/2028/2028 2029/2029/2029
f 2029/2029/2029 2030/2030/2030 2027/2027/2027
f 2031/2031/2031 2032/2032/2032 2033/2033/2033
f 2033/2033/2033 2034/2034/2034 2031/2031/2031
f 2035/2035/2035 2036/2036/2036 2037/2037/2037
f 2037/2037/2037 2038/2038/2038 2035/2035/2035
f 2039/2039/2039 2040/2040/2040 2041/2041/2041
f 2041/2041/2041 2042/2042/2042 2039/2039/2039
f 2043/2043/2043 2044/2044/2044 2045/2045/2045
f 2045/2045/2045 2046/2046/2046 2043/2043/2043
f 2047/2047/2047 2048/2048/2048 2049/2049/2049
f 2049/2049/2049 2050/2050/2050 2047/2047/2047
f 2051/2051/2051 2052/2052/2052 2053/2053/2053
f 2053/2053/2053 2054/2054/2054 2051/2051/2051
f 2055/2055/2055 2056/2056/2056 2057/2057/2057
f 2057/2057/2057 2058/2058/2058 2055/2055/2055
f 2059/2059/2059 2060/2060/2060 2061/2061/2061
f 2061/2061/2061 2062/2062/2062 2059/2059/2059
f 2063/2063/2063 2064/2064/2064 2065/2065/2065
f 2065/2065/2065 2066/2066/2066 2063/2063/2063
f 2067/2067/2067 2068/2068/2068 2069/2069/2069
f 2069/2069/2069 2070/2070/2070 2067/2067/2067
f 2071/2071/2071 2072/2072/2072 2073/2073/2073
f 2073/2073/2073 2074/2074/2074 2071/2071/2071
f 2075/2075/2075 2076/2076/2076 2077/2077/2077
f 2077/2077/2077 2078/2078/2078 2075/2075/2075
f 2079/2079/2079 2080/2080/2080 2081/2081/2081
f 2081/2081/2081 2082/2082/2082 2079/2079/2079
f 2083/2083/2083 2084/2084/2084 2085/2085/2085
f 2085/2085/2085 2086/2086/2086 2083/2083/2083
f 2087/2087/2087 2088/2088/2088 2089/2089/2089
f 2089/2089/2089 2090/2090/2090 2087/2087/2087
f 2091/2091/2091 2092/2092/2092 2093/2093/2093
f 2093/2093/2093 2094/2094/2094 2091/2091/2091
f 2095/2095/2095 2096/2096/2096 2097/2097/2097
f 2097/2097/2097 2098/2098/2098 2095/2095/2095
f 2099/2099/2099 2100/2100/2100 2101/2101/2101
f 2101/2101/2101 2102/2102/2102 2099/2099/2099
f 2103/2103/2103 2104/2104/2104 2105/2105/2105
f 2105/2105/2105 2106/2106/2106 2103/2103/2103
f 2107/2107/2107 2108/2108/2108 2109/2109/2109
f 2109/2109/2109 2110/2110/2110 2107/2107/2107
f 2111/2111/2111 2112/2112/2112 2113/2113/2113
f 2113/2113/2113 2114/2114/2114 2111/2111/2111
f 2115/2115/2115 2116/2116/2116 2117/2117/2117
f 2117/2117/2117 2118/2118/2118 2115/2115/2115
f 2119/2119/2119 2120/2120/2120 2121/2121/2121
f 2121/2121/2121 2122/2122/2122 2119/2119/2119
f 2123/2123/2123 2124/2124/2124 2125/2125/2125
f 2125/2125/2125 2126/2126/2126 2123/2123/2123
f 2127/2127/2127 2128/2128/2128 2129/2129/2129
f 2129/2129/2129 2130/2130/2130 2127/2127/2127
f 2131/2131/2131 2132/2132/2132 2133/2133/2133
f 2133/2133/2133 2134/2134/2134 2131/2131/2131
f 2135/2135/2135 2136/2136/2136 2137/2137/2137
f 2137/2137/2137 2138/2138/2138 2135/2135/2135
f 2139/2139/2139 2140/2140/2140 2141/2141/2141
f 2141/2141/2141 2142/2142/2142 2139/2139/2139
f 2143/2143/2143 2144/2144/2144 2145/2145/2145
f 2145/2145/2145 2146/2146/2146 2143/2143/2143
f 2147/2147/2147 2148/2148/2148 2149/2149/2149
f 2149/2149/2149 2150/2150/2150 2147/2147/2147
f 2151/2151/2151 2152/2152/2152 2153/2153/2153
f 2153/2153/2153 2154/2154/2154 2151/2151/2151
f 2155/2155/2155 2156/2156/2156 2157/2157/2157
f 2157/2157/2157 2158/2158/2158 2155/2155/2155
f 2159/2159/2159 2160/2160/2160 2161/2161/2161
f 2161/2161/2161 2162/2162/2162 2159/2159/2159
f 2163/2163/2163 2164/2164/2164 2165/2165/2165
f 2165/2165/2165 2166/2166/2166 2163/2163/2163
f 2167/2167/2167 2168/2168/2168 2169/2169/2169
f 2169/2169/2169 2170/2170/2170 2167/2167/2167
f 2171/2171/2171 2172/2172/2172 2173/2173/2173
f 2173/2173/2173 2174/2174/2174 2171/2171/2171
f 2175/2175/2175 2176/2176/2176 2177/2177/2177
f 2177/2177/2177 2178/2178/2178 2175/2175/2175
f 2179/2179/2179 2180/2180/2180 2181/2181/2181
f 2181/2181/2181 2182/2182/2182 2179/2179/2179
f 2183/2183/2183 2184/2184/2184 2185/2185/2185
f 2185/2185/2185 2186/2186/2186 2183/2183/2183
f 2187/2187/2187 2188/2188/2188 2189/2189/2189
f 2189/2189/2189 2190/2190/2190 2187/2187/2187
f 2191/2191/2191 2192/2192/2192 2193/2193/2193
f 2193/2193/2193 2194/2194/2194 2191/2191/2191
f 2195/2195/2195 2196/2196/2196 2197/2197/2197
f 2197/2197/2197 2198/2198/2198 2195/2195/2195
f 2199/2199/2199 2200/2200/2200 2201/2201/2201
f 2201/2201/2201 2202/2202/2202 2199/2199/2199
f 2203/2203/2203 2204/2204/2204 2205/2205/2205
f 2205/2205/2205 2206/2206/2206 2203/2203/2203
f 2207/2207/2207 2208/2208/2208 2209/2209/2209
f 2209/2209/2209 2210/2210/2210 2207/2207/2207
f 2211/2211/2211 2212/2212/2212 2213/2213/2213
f 2213/2213/2213 2214/2214/2214 2211/2211/2211
f 2215/2215/2215 2216/2216/2216 2217/2217/2217
f 2217/2217/2217 2218/2218/2218 2215/2215/2215
f 2219/2219/2219 2220/2220/2220 2221/2221/2221
f 2221/2221/2221 2222/2222/2222 2219/2219/2219
f 2223/2223/2223 2224/2224/2224 2225/2225/2225
f 2225/2225/2225 2226/2226/2226 2223/2223/2223
f 2227/2227/2227 2228/2228/2228 2229/2229/2229
f 2229/2229/2229 2230/2230/2230 2227/2227/2227
f 2231/2231/2231 2232/2232/2232 2233/2233/2233
f 2233/2233/2233 2234/2234/2234 2231/2231/2231
f 2235/2235/2235 2236/2236/2236 2237/2237/2237
f 2237/2237/2237 2238/2238/2238 2235/2235/2235
f 2239/2239/2239 2240/2240/2240 2241/2241/2241
f 2241/2241/2241 2242/2242/2242 2239/2239/2239
f 2243/2243/2243 2244/2244/2244 2245/2245/2245
f 2245/2245/2245 2246/2246/2246 2243/2243/2243
f 2247/2247/2247 2248/2248/2248 2249/2249/2249
f 2249/2249/2249 2250/2250/2250 2247/2247/2247
f 2251/2251/2251 2252/2252/2252 2253/2253/2253
f 2253/2253/2253 2254/2254/2254 2251/2251/2251
f 2255/2255/2255 2256/2256/2256 2257/2257/2257
f 2257/2257/2257 2258/2258/2258 2255/2255/2255
f 2259/2259/2259 2260/2260/2260 2261/2261/2261
f 2261/2261/2261 2262/2262/2262 2259/2259/2259
f 2263/2263/2263 2264/2264/2264 2265/2265/2265
f 2265/2265/2265 2266/2266/2266 2263/2263/2263
f 2267/2267/2267 2268/2268/2268 2269/2269/2269
f 2269/2269/2269 2270/2270/2270 2267/2267/2267
f 2271/2271/2271 2272/2272/2272 2273/2273/2273
f 2273/2273/2273 2274/2274/2274 2271/2271/2271
f 2275/2275/2275 2276/2276/2276 2277/2277/2277
f 2277/2277/2277 2278/2278/2278 2275/2275/2275
f 2279/2279/2279 2280/2280/2280 2281/2281/2281
f 2281/2281/2281 2282/2282/2282 2279/2279/2279
f 2283/2283/2283 2284/2284/2284 2285/2285/2285
f 2285/2285/2285 2286/2286/2286 2283/2283/2283
f 2287/2287/2287 2288/2288/2288 2289/2289/2289
f 2289/2289/2289 2290/2290/2290 2287/2287/2287
f 2291/2291/2291 2292/2292/2292 2293/2293/2293
f 2293/2293/2293 2294/2294/2294 2291/2291/2291
f 2295/2295/2295 2296/2296/2296 2297/2297/2297
f 2297/2297/2297 2298/2298/2298 2295/2295/2295
f 2299/2299/2299 2300/2300/2300 2301/2301/2301
f 2301/2301/2301 2302/2302/2302 2299/2299/2299
f 2303/2303/2303 2304/2304/2304 2305/2305/2305
f 2305/2305/2305 2306/2306/2306 2303/2303/2303
f 2307/2307/2307 2308/2308/2308 2309/2309/2309
f 2309/2309/2309 2310/2310/2310 2307/2307/2307
f 2311/2311/2311 2312/2312/2312 2313/2313/2313
f 2313/2313/2313 2314/2314/2314 2311/2311/2311
f 2315/2315/2315 2316/2316/2316 2317/2317/2317
f 2317/2317/2317 2318/2318/2318 2315/2315/2315
f 2319/2319/2319 2320/2320/2320 2321/2321/2321
f 2321/2321/2321 2322/2322/2322 2319/2319/2319
f 2323/2323/2323 2324/2324/2324 2325/2325/2325
f 2325/2325/2325 2326/2326/2326 2323/2323/2323
f 2327/2327/2327 2328/2328/2328 2329/2329/2329
f 2329/2329/2329 2330/2330/2330 2327/2327/2327
f 2331/2331/2331 2332/2332/2332 2333/2333/2333
f 2333/2333/2333 2334/2334/2334 2331/2331/2331
f 2335/2335/2335 2336/2336/2336 2337/2337/2337
f 2337/2337/2337 2338/2338/2338 2335/2335/2335
f 2339/2339/2339 2340/2340/2340 2341/2341/2341
f 2341/2341/2341 2342/2342/2342 2339/2339/2339
f 2343/2343/2343 2344/2344/2344 2345/2345/2345
f 2345/2345/2345 2346/2346/2346 2343/2343/2343
f 2347/2347/2347 2348/2348/2348 2349/2349/2349
f 2349/2349/2349 2350/2350/2350 2347/2347/2347
f 2351/2351/2351 2352/2352/2352 2353/2353/2353
f 2353/2353/2353 2354/2354/2354 2351/2351/2351
f 2355/2355/2355 2356/2356/2356 2357/2357/2357
f 2357/2357/2357 2358/2358/2358 2355/2355/2355
f 2359/2359/2359 2360/2360/2360 2361/2361/2361
f 2361/2361/2361 2362/2362/2362 2359/2359/2359
f 2363/2363/2363 2364/2364/2364 2365/2365/2365
f 2365/2365/2365 2366/2366/2366 2363/2363/2363
f 2367/2367/2367 2368/2368/2368 2369/2369/2369
f 2369/2369/2369 2370/2370/2370 2367/2367/2367
f 2371/2371/2371 2372/2372/2372 2373/2373/2373
f 2373/2373/2373 2374/2374/2374 2371/2371/2371
f 2375/2375/2375 2376/2376/2376 2377/2377/2377
f 2377/2377/2377 2378/2378/2378 2375/2375/2375
f 2379/2379/2379 2380/2380/2380 2381/2381/2381
f 2381/2381/2381 2382/2382/2382 2379/2379/2379
f 2383/2383/2383 2384/2384/2384 2385/2385/2385
f 2385/2385/2385 2386/2386/2386 2383/2383/2383
f 2387/2387/2387 2388/2388/2388 2389/2389/2389
f 2389/2389/2389 2390/2390/2390 2387/2387/2387
f 2391/2391/2391 2392/2392/2392 2393/2393/2393
f 2393/2393/2393 2394/2394/2394 2391/2391/2391
f 2395/2395/2395 2396/2396/2396 2397/2397/2397
f 2397/2397/2397 2398/2398/2398 2395/2395/2395
f 2399/2399/2399 2400/2400/2400 2401/2401/2401
f 2401/2401/2401 2402/2402/2402 2399/2399/2399
f 2403/2403/2403 2404/2404/2404 2405/2405/2405
f 2405/2405/2405 2406/2406/2406 2403/2403/2403
f 2407/2407/2407 2408/2408/2408 2409/2409/2409
f 2409/2409/2409 2410/2410/2410 2407/2407/2407
f 2411/2411/2411 2412/2412/2412 2413/2413/2413
f 2413/2413/2413 2414/2414/2414 2411/2411/2411
f 2415/2415/2415 2416/2416/2416 2417/2417/2417
f 2417/2417/2417 2418/2418/2418 2415/2415/2415
f 2419/2419/2419 2420/2420/2420 2421/2421/2421
f 2421/2421/2421 2422/2422/2422 2419/2419/2419
f 2423/2423/2423 2424/2424/2424 2425/2425/2425
f 2425/2425/2425 2426/2426/2426 2423/2423/2423
f 2427/2427/2427 2428/2428/2428 2429/2429/2429
f 2429/2429/2429 2430/2430/2430 2427/2427/2427
f 2431/2431/2431 2432/2432/2432 2433/2433/2433
f 2433/2433/2433 2434/2434/2434 2431/2431/2431
f 2435/2435/2435 2436/2436/2436 2437/2437/2437
f 2437/2437/2437 2438/2438/2438 2435/2435/2435
f 2439/2439/2439 2440/2440/2440 2441/2441/2441
f 2441/2441/2441 2442/2442/2442 2439/2439/2439
f 2443/2443/2443 2444/2444/2444 2445/2445/2445
f 2445/2445/2445 2446/2446/2446 2443/2443/2443
f 2447/2447/2447 2448/2448/2448 2449/2449/2449
f 2449/2449/2449 2450/2450/2450 2447/2447/2447
f 2451/2451/2451 2452/2452/2452 2453/2453/2453
f 2453/2453/2453 2454/2454/2454 2451/2451/2451
f 2455/2455/2455 2456/2456/2456 2457/2457/2457
f 2457/2457/2457 2458/2458/2458 2455/2455/2455
f 2459/2459/2459 2460/2460/2460 2461/2461/2461
f 2461/2461/2461 2462/2462/2462 2459/2459/2459
f 2463/2463/2463 2464/2464/2464 2465/2465/2465
f 2465/2465/2465 2466/2466/2466 2463/2463/2463
f 2467/2467/2467 2468/2468/2468 2469/2469/2469
f 2469/2469/2469 2470/2470/2470 2467/2467/2467
f 2471/2471/2471 2472/2472/2472 2473/2473/2473
f 2473/2473/2473 2474/2474/2474 2471/2471/2471
f 2475/2475/2475 2476/2476/2476 2477/2477/2477
f 2477/2477/2477 2478/2478/2478 2475/2475/2475
f 2479/2479/2479 2480/2480/2480 2481/2481/2481
f 2481/2481/2481 2482/2482/2482 2479/2479/2479
f 2483/2483/2483 2484/2484/2484 2485/2485/2485
f 2485/2485/2485 2486/2486/2486 2483/2483/2483
f 2487/2487/2487 2488/2488/2488 2489/2489/2489
f 2489/2489/2489 2490/2490/2490 2487/2487/2487
f 2491/2491/2491 2492/2492/2492 2493/2493/2493
f 2493/2493/2493 2494/2494/2494 2491/2491/2491
f 2495/2495/2495 2496/2496/2496 2497/2497/2497
f 2497/2497/2497 2498/2498/2498 2495/2495/2495
f 2499/2499/2499 2500/2500/2500 2501/2501/2501
f 2501/2501/2501 2502/2502/2502 2499/2499/2499
f 2503/2503/2503 2504/2504/2504 2505/2505/2505
f 2505/2505/2505 2506/2506/2506 2503/2503/2503
f 2507/2507/2507 2508/2508/2508 2509/2509/2509
f 2509/2509/2509 2510/2510/2510 2507/2507/2507
f 2511/2511/2511 2512/2512/2512 2513/2513/2513
f 2513/2513/2513 2514/2514/2514 2511/2511/2511
f 2514/2514/2514 2513/2513/2513 2515/2515/2515
f 2516/2516/2516 2517/2517/2517 2518/2518/2518
f 2518/2518/2518 2519/2519/2519 2516/2516/2516
f 2519/2519/2519 2518/2518/2518 2520/2520/2520
f 2520/2520/2520 2521/2521/2521 2519/2519/2519
f 2521/2521/2521 2520/2520/2520 2522/2522/2522
f 2522/2522/2522 2523/2523/2523 2521/2521/2521
f 2524/2524/2524 2525/2525/2525 2526/2526/2526
f 2526/2526/2526 2527/2527/2527 2524/2524/2524
f 2527/2527/2527 2526/2526/2526 2528/2528/2528
f 2528/2528/2528 2529/2529/2529 2527/2527/2527
f 2529/2529/2529 2528/2528/2528 2530/2530/2530
f 2530/2530/2530 2531/2531/2531 2529/2529/2529
f 2532/2532/2532 2533/2533/2533 2534/2534/2534
f 2534/2534/2534 2535/2535/2535 2532/2532/2532
f 2535/2535/2535 2534/2534/2534 2536/2536/2536
f 2536/2536/2536 2537/2537/2537 2535/2535/2535
f 2537/2537/2537 2536/2536/2536 2538/2538/2538
f 2538/2538/2538 2539/2539/2539 2537/2537/2537
f 2540/2540/2540 2541/2541/2541 2542/2542/2542
f 2542/2542/2542 2543/2543/2543 2540/2540/2540
f 2543/2543/2543 2542/2542/2542 2544/2544/2544
f 2544/2544/2544 2545/2545/2545 2543/2543/2543
f 2545/2545/2545 2544/2544/2544 2546/2546/2546
f 2546/2546/2546 2547/2547/2547 2545/2545/2545
f 2548/2548/2548 2549/2549/2549 2550/2550/2550
f 2550/2550/2550 2551/2551/2551 2548/2548/2548
f 2551/2551/2551 2550/2550/2550 2552/2552/2552
f 2552/2552/2552 2553/2553/2553 2551/2551/2551
f 2553/2553/2553 2552/2552/2552 2554/2554/2554
f 2554/2554/2554 2555/2555/2555 2553/2553/2553
f 2556/2556/2556 2557/2557/2557 2558/2558/2558
f 2558/2558/2558 2559/2559/2559 2556/2556/2556
f 2559/2559/2559 2558/2558/2558 2560/2560/2560
f 2560/2560/2560 2561/2561/2561 2559/2559/2559
f 2561/2561/2561 2560/2560/2560 2562/2562/2562
f 2562/2562/2562 2563/2563/2563 2561/2561/2561
f 2564/2564/2564 2565/2565/2565 2566/2566/2566
f 2566/2566/2566 2567/2567/2567 2564/2564/2564
f 2567/2567/2567 2566/2566/2566 2568/2568/2568
f 2568/2568/2568 2569/2569/2569 2567/2567/2567
f 2569/2569/2569 2568/2568/2568 2570/2570/2570
f 2570/2570/2570 2571/2571/2571 2569/2569/2569
f 2572/2572/2572 2573/2573/2573 2574/2574/2574
f 2574/2574/2574 2575/2575/2575 2572/2572/2572
f 2575/2575/2575 2574/2574/2574 2576/2576/2576
f 2576/2576/2576 2577/2577/2577 2575/2575/2575
f 2577/2577/2577 2576/2576/2576 2578/2578/2578
f 2578/2578/2578 2579/2579/2579 2577/2577/2577
f 2580/2580/2580 2581/2581/2581 2582/2582/2582
f 2582/2582/2582 2583/2583/2583 2580/2580/2580
f 2583/2583/2583 2582/2582/2582 2584/2584/2584
f 2584/2584/2584 2585/2585/2585 2583/2583/2583
f 2586/2586/2586 2585/2585/2585 2584/2584/2584
f 2584/2584/2584 2587/2587/2587 2586/2586/2586
f 2588/2588/2588 2589/2589/2589 2590/2590/2590
f 2590/2590/2590 2591/2591/2591 2588/2588/2588
f 2591/2591/2591 2590/2590/2590 2592/2592/2592
f 2592/2592/2592 2593/2593/2593 2591/2591/2591
f 2594/2594/2594 2593/2593/2593 2592/2592/2592
f 2592/2592/2592 2595/2595/2595 2594/2594/2594
f 2596/2596/2596 2597/2597/2597 2598/2598/2598
f 2598/2598/2598 2599/2599/2599 2596/2596/2596
f 2599/2599/2599 2598/2598/2598 2600/2600/2600
f 2600/2600/2600 2601/2601/2601 2599/2599/2599
f 2602/2602/2602 2603/2603/2603 2604/2604/2604
f 2604/2604/2604 2603/2603/2603 2605/2605/2605
f 2605/2605/2605 2606/2606/2606 2604/2604/2604
f 2606/2606/2606 2605/2605/2605 2607/2607/2607
f 2607/2607/2607 2605/2605/2605 2608/2608/2608
f 2608/2608/2608 2609/2609/2609 2607/2607/2607
f 2610/2610/2610 2611/2611/2611 2612/2612/2612
f 2612/2612/2612 2613/2613/2613 2610/2610/2610
f 2613/2613/2613 2612/2612/2612 2614/2614/2614
f 2614/2614/2614 2615/2615/2615 2613/2613/2613
f 2614/2614/2614 2616/2616/2616 2617/2617/2617
f 2617/2617/2617 2618/2618/2618 2614/2614/2614
f 2619/2619/2619 2620/2620/2620 2621/2621/2621
f 2621/2621/2621 2620/2620/2620 2622/2622/2622
f 2622/2622/2622 2623/2623/2623 2621/2621/2621
f 2623/2623/2623 2622/2622/2622 2624/2624/2624
f 2624/2624/2624 2622/2622/2622 2625/2625/2625
f 2625/2625/2625 2626/2626/2626 2624/2624/2624
f 2627/2627/2627 2628/2628/2628 2629/2629/2629
f 2629/2629/2629 2630/2630/2630 2627/2627/2627
f 2630/2630/2630 2629/2629/2629 2631/2631/2631
f 2631/2631/2631 2632/2632/2632 2630/2630/2630
f 2631/2631/2631 2633/2633/2633 2634/2634/2634
f 2634/2634/2634 2635/2635/2635 2631/2631/2631
f 2636/2636/2636 2637/2637/2637 2638/2638/2638
f 2638/2638/2638 2637/2637/2637 2639/2639/2639
f 2639/2639/2639 2640/2640/2640 2638/2638/2638
f 2640/2640/2640 2639/2639/2639 2641/2641/2641
f 2641/2641/2641 2639/2639/2639 2642/2642/2642
f 2642/2642/2642 2643/2643/2643 2641/2641/2641
f 2644/2644/2644 2645/2645/2645 2646/2646/2646
f 2646/2646/2646 2645/2645/2645 2647/2647/2647
f 2648/2648/2648 2646/2646/2646 2647/2647/2647
f 2647/2647/2647 2649/2649/2649 2648/2648/2648
f 2650/2650/2650 2651/2651/2651 2652/2652/2652
f 2650/2650/2650 2652/2652/2652 2653/2653/2653
f 2652/2652/2652 2654/2654/2654 2653/2653/2653
f 2654/2654/2654 2655/2655/2655 2653/2653/2653
f 2656/2656/2656 2657/2657/2657 2658/2658/2658
f 2658/2658/2658 2659/2659/2659 2656/2656/2656
f 2659/2659/2659 2658/2658/2658 2660/2660/2660
f 2660/2660/2660 2661/2661/2661 2659/2659/2659
f 2661/2661/2661 2660/2660/2660 2662/2662/2662
f 2662/2662/2662 2663/2663/2663 2661/2661/2661
f 2663/2663/2663 2662/2662/2662 2664/2664/2664
f 2664/2664/2664 2665/2665/2665 2663/2663/2663
f 2665/2665/2665 2664/2664/2664 2666/2666/2666
f 2666/2666/2666 2667/2667/2667 2665/2665/2665
f 2667/2667/2667 2666/2666/2666 2668/2668/2668
f 2668/2668/2668 2669/2669/2669 2667/2667/2667
f 2670/2670/2670 2671/2671/2671 2672/2672/2672
f 2670/2670/2670 2672/2672/2672 2673/2673/2673
f 2672/2672/2672 2674/2674/2674 2673/2673/2673
f 2674/2674/2674 2675/2675/2675 2673/2673/2673
f 2676/2676/2676 2677/2677/2677 2678/2678/2678
f 2679/2679/2679 2678/2678/2678 2677/2677/2677
f 2677/2677/2677 2680/2680/2680 2679/2679/2679
f 2681/2681/2681 2682/2682/2682 2683/2683/2683
f 2684/2684/2684 2683/2683/2683 2682/2682/2682
f 2682/2682/2682 2685/2685/2685 2684/2684/2684
f 2686/2686/2686 2687/2687/2687 2688/2688/2688
f 2689/2689/2689 2688/2688/2688 2687/2687/2687
f 2687/2687/2687 2690/2690/2690 2689/2689/2689
f 2691/2691/2691 2692/2692/2692 2693/2693/2693
f 2693/2693/2693 2694/2694/2694 2691/2691/2691
f 2695/2695/2695 2691/2691/2691 2694/2694/2694
f 2694/2694/2694 2696/2696/2696 2695/2695/2695
f 2697/2697/2697 2698/2698/2698 2699/2699/2699
f 2699/2699/2699 2700/2700/2700 2697/2697/2697
f 2701/2701/2701 2697/2697/2697 2700/2700/2700
f 2700/2700/2700 2702/2702/2702 2701/2701/2701
f 2703/2703/2703 2704/2704/2704 2705/2705/2705
f 2705/2705/2705 2706/2706/2706 2703/2703/2703
f 2707/2707/2707 2703/2703/2703 2706/2706/2706
f 2706/2706/2706 2708/2708/2708 2707/2707/2707
f 2709/2709/2709 2710/2710/2710 2711/2711/2711
f 2712/2712/2712 2711/2711/2711 2710/2710/2710
f 2710/2710/2710 2713/2713/2713 2712/2712/2712
f 2712/2712/2712 2713/2713/2713 2714/2714/2714
f 2715/2715/2715 2712/2712/2712 2714/2714/2714
f 2714/2714/2714 2716/2716/2716 2715/2715/2715
f 2717/2717/2717 2718/2718/2718 2719/2719/2719
f 2720/2720/2720 2719/2719/2719 2718/2718/2718
f 2718/2718/2718 2721/2721/2721 2720/2720/2720
f 2720/2720/2720 2721/2721/2721 2722/2722/2722
f 2720/2720/2720 2722/2722/2722 2723/2723/2723
f 2723/2723/2723 2724/2724/2724 2720/2720/2720
f 2725/2725/2725 2726/2726/2726 2727/2727/2727
f 2728/2728/2728 2727/2727/2727 2726/2726/2726
f 2726/2726/2726 2729/2729/2729 2728/2728/2728
f 2730/2730/2730 2731/2731/2731 2732/2732/2732
f 2733/2733/2733 2732/2732/2732 2731/2731/2731
f 2731/2731/2731 2734/2734/2734 2733/2733/2733
f 2735/2735/2735 2736/2736/2736 2737/2737/2737
f 2738/2738/2738 2737/2737/2737 2736/2736/2736
f 2736/2736/2736 2739/2739/2739 2738/2738/2738
f 2738/2738/2738 2739/2739/2739 2740/2740/2740
f 2741/2741/2741 2738/2738/2738 2740/2740/2740
f 2740/2740/2740 2742/2742/2742 2741/2741/2741
f 2743/2743/2743 2744/2744/2744 2745/2745/2745
f 2745/2745/2745 2746/2746/2746 2743/2743/2743
f 2747/2747/2747 2743/2743/2743 2746/2746/2746
f 2746/2746/2746 2748/2748/2748 2747/2747/2747
f 2749/2749/2749 2750/2750/2750 2751/2751/2751
f 2751/2751/2751 2752/2752/2752 2749/2749/2749
f 2753/2753/2753 2749/2749/2749 2752/2752/2752
f 2752/2752/2752 2754/2754/2754 2753/2753/2753
f 2755/2755/2755 2753/2753/2753 2754/2754/2754
f 2754/2754/2754 2756/2756/2756 2755/2755/2755
f 2757/2757/2757 2758/2758/2758 2759/2759/2759
f 2760/2760/2760 2759/2759/2759 2758/2758/2758
f 2758/2758/2758 2761/2761/2761 2760/2760/2760
f 2760/2760/2760 2761/2761/2761 2762/2762/2762
f 2763/2763/2763 2760/2760/2760 2762/2762/2762
f 2762/2762/2762 2764/2764/2764 2763/2763/2763
f 2765/2765/2765 2766/2766/2766 2767/2767/2767
f 2768/2768/2768 2767/2767/2767 2766/2766/2766
f 2766/2766/2766 2769/2769/2769 2768/2768/2768
f 2768/2768/2768 2769/2769/2769 2770/2770/2770
f 2768/2768/2768 2770/2770/2770 2771/2771/2771
f 2771/2771/2771 2772/2772/2772 2768/2768/2768
f 2773/2773/2773 2774/2774/2774 2775/2775/2775
f 2776/2776/2776 2775/2775/2775 2774/2774/2774
f 2774/2774/2774 2777/2777/2777 2776/2776/2776
f 2778/2778/2778 2779/2779/2779 2780/2780/2780
f 2781/2781/2781 2780/2780/2780 2779/2779/2779
f 2779/2779/2779 2782/2782/2782 2781/2781/2781
f 2783/2783/2783 2784/2784/2784 2785/2785/2785
f 2786/2786/2786 2785/2785/2785 2784/2784/2784
f 2784/2784/2784 2787/2787/2787 2786/2786/2786
f 2786/2786/2786 2787/2787/2787 2788/2788/2788
f 2789/2789/2789 2786/2786/2786 2788/2788/2788
f 2788/2788/2788 2790/2790/2790 2789/2789/2789
f 2791/2791/2791 2792/2792/2792 2793/2793/2793
f 2793/2793/2793 2794/2794/2794 2791/2791/2791
f 2795/2795/2795 2791/2791/2791 2794/2794/2794
f 2794/2794/2794 2796/2796/2796 2795/2795/2795
f 2797/2797/2797 2798/2798/2798 2799/2799/2799
f 2799/2799/2799 2800/2800/2800 2797/2797/2797
f 2801/2801/2801 2797/2797/2797 2800/2800/2800
f 2800/2800/2800 2802/2802/2802 2801/2801/2801
f 2803/2803/2803 2804/2804/2804 2805/2805/2805
f 2805/2805/2805 2806/2806/2806 2803/2803/2803
f 2807/2807/2807 2803/2803/2803 2806/2806/2806
f 2806/2806/2806 2808/2808/2808 2807/2807/2807
f 2809/2809/2809 2810/2810/2810 2811/2811/2811
f 2812/2812/2812 2811/2811/2811 2810/2810/2810
f 2810/2810/2810 2813/2813/2813 2812/2812/2812
f 2812/2812/2812 2813/2813/2813 2814/2814/2814
f 2815/2815/2815 2812/2812/2812 2814/2814/2814
f 2814/2814/2814 2816/2816/2816 2815/2815/2815
f 2817/2817/2817 2818/2818/2818 2819/2819/2819
f 2820/2820/2820 2819/2819/2819 2818/2818/2818
f 2818/2818/2818 2821/2821/2821 2820/2820/2820
f 2820/2820/2820 2821/2821/2821 2822/2822/2822
f 2820/2820/2820 2822/2822/2822 2823/2823/2823
f 2823/2823/2823 2824/2824/2824 2820/2820/2820
f 2825/2825/2825 2826/2826/2826 2827/2827/2827
f 2828/2828/2828 2827/2827/2827 2826/2826/2826
f 2826/2826/2826 2829/2829/2829 2828/2828/2828
f 2830/2830/2830 2831/2831/2831 2832/2832/2832
f 2833/2833/2833 2832/2832/2832 2831/2831/2831
f 2831/2831/2831 2834/2834/2834 2833/2833/2833
f 2835/2835/2835 2836/2836/2836 2837/2837/2837
f 2838/2838/2838 2837/2837/2837 2836/2836/2836
f 2836/2836/2836 2839/2839/2839 2838/2838/2838
f 2838/2838/2838 2839/2839/2839 2840/2840/2840
f 2838/2838/2838 2840/2840/2840 2841/2841/2841
f 2841/2841/2841 2842/2842/2842 2838/2838/2838
f 2843/2843/2843 2842/2842/2842 2841/2841/2841
f 2841/2841/2841 2844/2844/2844 2843/2843/2843
f 2845/2845/2845 2846/2846/2846 2847/2847/2847
f 2847/2847/2847 2848/2848/2848 2845/2845/2845
f 2849/2849/2849 2845/2845/2845 2848/2848/2848
f 2848/2848/2848 2850/2850/2850 2849/2849/2849
f 2851/2851/2851 2852/2852/2852 2853/2853/2853
f 2853/2853/2853 2854/2854/2854 2851/2851/2851
f 2855/2855/2855 2851/2851/2851 2854/2854/2854
f 2854/2854/2854 2856/2856/2856 2855/2855/2855
f 2855/2855/2855 2856/2856/2856 2857/2857/2857
f 2857/2857/2857 2858/2858/2858 2855/2855/2855
f 2858/2858/2858 2857/2857/2857 2859/2859/2859
f 2859/2859/2859 2860/2860/2860 2858/2858/2858
f 2861/2861/2861 2860/2860/2860 2859/2859/2859
f 2859/2859/2859 2862/2862/2862 2861/2861/2861
f 2863/2863/2863 2861/2861/2861 2862/2862/2862
f 2862/2862/2862 2864/2864/2864 2863/2863/2863
f 2865/2865/2865 2863/2863/2863 2864/2864/2864
f 2864/2864/2864 2866/2866/2866 2865/2865/2865
f 2865/2865/2865 2866/2866/2866 2867/2867/2867
f 2867/2867/2867 2868/2868/2868 2865/2865/2865
f 2867/2867/2867 2869/2869/2869 2868/2868/2868
f 2868/2868/2868 2869/2869/2869 2870/2870/2870
f 2870/2870/2870 2871/2871/2871 2868/2868/2868
f 2872/2872/2872 2871/2871/2871 2870/2870/2870
f 2870/2870/2870 2873/2873/2873 2872/2872/2872
f 2874/2874/2874 2875/2875/2875 2876/2876/2876
f 2876/2876/2876 2877/2877/2877 2874/2874/2874
f 2878/2878/2878 2874/2874/2874 2877/2877/2877
f 2877/2877/2877 2879/2879/2879 2878/2878/2878
f 2880/2880/2880 2878/2878/2878 2879/2879/2879
f 2879/2879/2879 2881/2881/2881 2880/2880/2880
f 2882/2882/2882 2880/2880/2880 2881/2881/2881
f 2881/2881/2881 2883/2883/2883 2882/2882/2882
f 2884/2884/2884 2882/2882/2882 2883/2883/2883
f 2883/2883/2883 2885/2885/2885 2884/2884/2884
f 2886/2886/2886 2884/2884/2884 2885/2885/2885
f 2885/2885/2885 2887/2887/2887 2886/2886/2886
f 2888/2888/2888 2889/2889/2889 2890/2890/2890
f 2890/2890/2890 2891/2891/2891 2888/2888/2888
f 2892/2892/2892 2891/2891/2891 2890/2890/2890
f 2890/2890/2890 2893/2893/2893 2892/2892/2892
f 2894/2894/2894 2895/2895/2895 2896/2896/2896
f 2896/2896/2896 2897/2897/2897 2894/2894/2894
f 2898/2898/2898 2899/2899/2899 2894/2894/2894
f 2894/2894/2894 2900/2900/2900 2898/2898/2898
f 2901/2901/2901 2902/2902/2902 2903/2903/2903
f 2903/2903/2903 2904/2904/2904 2901/2901/2901
f 2903/2903/2903 2905/2905/2905 2906/2906/2906
f 2906/2906/2906 2907/2907/2907 2903/2903/2903
f 2908/2908/2908 2909/2909/2909 2910/2910/2910
f 2910/2910/2910 2911/2911/2911 2908/2908/2908
f 2912/2912/2912 2913/2913/2913 2908/2908/2908
f 2908/2908/2908 2914/2914/2914 2912/2912/2912
f 2915/2915/2915 2916/2916/2916 2917/2917/2917
f 2917/2917/2917 2918/2918/2918 2915/2915/2915
f 2919/2919/2919 2920/2920/2920 2915/2915/2915
f 2915/2915/2915 2921/2921/2921 2919/2919/2919
f 2922/2922/2922 2923/2923/2923 2924/2924/2924
f 2924/2924/2924 2923/2923/2923 2925/2925/2925
f 2924/2924/2924 2925/2925/2925 2926/2926/2926
f 2926/2926/2926 2927/2927/2927 2924/2924/2924
f 2928/2928/2928 2929/2929/2929 2930/2930/2930
f 2930/2930/2930 2931/2931/2931 2928/2928/2928
f 2928/2928/2928 2931/2931/2931 2932/2932/2932
f 2932/2932/2932 2933/2933/2933 2928/2928/2928
f 2933/2933/2933 2932/2932/2932 2934/2934/2934
f 2934/2934/2934 2935/2935/2935 2933/2933/2933
f 2934/2934/2934 2936/2936/2936 2937/2937/2937
f 2937/2937/2937 2938/2938/2938 2934/2934/2934
f 2939/2939/2939 2940/2940/2940 2941/2941/2941
f 2941/2941/2941 2940/2940/2940 2942/2942/2942
f 2941/2941/2941 2942/2942/2942 2943/2943/2943
f 2943/2943/2943 2944/2944/2944 2941/2941/2941
f 2945/2945/2945 2946/2946/2946 2947/2947/2947
f 2947/2947/2947 2948/2948/2948 2945/2945/2945
f 2945/2945/2945 2948/2948/2948 2949/2949/2949
f 2949/2949/2949 2950/2950/2950 2945/2945/2945
f 2950/2950/2950 2949/2949/2949 2951/2951/2951
f 2951/2951/2951 2952/2952/2952 2950/2950/2950
f 2951/2951/2951 2953/2953/2953 2954/2954/2954
f 2954/2954/2954 2955/2955/2955 2951/2951/2951
f 2956/2956/2956 2957/2957/2957 2958/2958/2958
f 2958/2958/2958 2959/2959/2959 2956/2956/2956
f 2960/2960/2960 2956/2956/2956 2959/2959/2959
f 2960/2960/2960 2961/2961/2961 2956/2956/2956
f 2959/2959/2959 2962/2962/2962 2960/2960/2960
f 2960/2960/2960 2963/2963/2963 2961/2961/2961
f 2963/2963/2963 2960/2960/2960 2962/2962/2962
f 2962/2962/2962 2964/2964/2964 2963/2963/2963
f 2965/2965/2965 2966/2966/2966 2967/2967/2967
f 2967/2967/2967 2968/2968/2968 2965/2965/2965
f 2969/2969/2969 2968/2968/2968 2967/2967/2967
f 2967/2967/2967 2970/2970/2970 2969/2969/2969
f 2971/2971/2971 2969/2969/2969 2970/2970/2970
f 2970/2970/2970 2972/2972/2972 2971/2971/2971
f 2973/2973/2973 2971/2971/2971 2972/2972/2972
f 2972/2972/2972 2974/2974/2974 2973/2973/2973
f 2974/2974/2974 2975/2975/2975 2973/2973/2973
f 2975/2975/2975 2974/2974/2974 2976/2976/2976
f 2976/2976/2976 2977/2977/2977 2975/2975/2975
f 2977/2977/2977 2976/2976/2976 2978/2978/2978
f 2978/2978/2978 2979/2979/2979 2977/2977/2977
f 2980/2980/2980 2979/2979/2979 2978/2978/2978
f 2978/2978/2978 2981/2981/2981 2980/2980/2980
f 2982/2982/2982 2980/2980/2980 2981/2981/2981
f 2981/2981/2981 2983/2983/2983 2982/2982/2982
f 2982/2982/2982 2983/2983/2983 2984/2984/2984
f 2984/2984/2984 2985/2985/2985 2982/2982/2982
f 2986/2986/2986 2985/2985/2985 2984/2984/2984
f 2984/2984/2984 2987/2987/2987 2986/2986/2986
f 2988/2988/2988 2989/2989/2989 2990/2990/2990
f 2990/2990/2990 2991/2991/2991 2988/2988/2988
f 2991/2991/2991 2990/2990/2990 2992/2992/2992
f 2993/2993/2993 2988/2988/2988 2991/2991/2991
f 2991/2991/2991 2994/2994/2994 2993/2993/2993
f 2992/2992/2992 2995/2995/2995 2991/2991/2991
f 2991/2991/2991 2995/2995/2995 2996/2996/2996
f 2996/2996/2996 2997/2997/2997 2991/2991/2991
f 2998/2998/2998 2999/2999/2999 3000/3000/3000
f 3000/3000/3000 3001/3001/3001 2998/2998/2998
f 3000/3000/3000 3002/3002/3002 3001/3001/3001
f 2998/2998/2998 3001/3001/3001 3003/3003/3003
f 3001/3001/3001 3002/3002/3002 3004/3004/3004
f 3003/3003/3003 3001/3001/3001 3005/3005/3005
f 3005/3005/3005 3001/3001/3001 3004/3004/3004
f 3005/3005/3005 3006/3006/3006 3003/3003/3003
f 3004/3004/3004 3007/3007/3007 3005/3005/3005
f 3008/3008/3008 3005/3005/3005 3007/3007/3007
f 3005/3005/3005 3008/3008/3008 3006/3006/3006
f 3007/3007/3007 3009/3009/3009 3008/3008/3008
f 3010/3010/3010 3006/3006/3006 3008/3008/3008
f 3011/3011/3011 3008/3008/3008 3009/3009/3009
f 3008/3008/3008 3011/3011/3011 3010/3010/3010
f 3009/3009/3009 3012/3012/3012 3011/3011/3011
f 3013/3013/3013 3006/3006/3006 3010/3010/3010
f 3014/3014/3014 3011/3011/3011 3012/3012/3012
f 3011/3011/3011 3014/3014/3014 3010/3010/3010
f 3012/3012/3012 3015/3015/3015 3014/3014/3014
f 3014/3014/3014 3015/3015/3015 3016/3016/3016
f 3014/3014/3014 3016/3016/3016 3017/3017/3017
f 3010/3010/3010 3018/3018/3018 3013/3013/3013
f 3018/3018/3018 3010/3010/3010 3014/3014/3014
f 3013/3013/3013 3018/3018/3018 3019/3019/3019
f 3014/3014/3014 3019/3019/3019 3018/3018/3018
f 3017/3017/3017 3019/3019/3019 3014/3014/3014
f 3019/3019/3019 3020/3020/3020 3013/3013/3013
f 3020/3020/3020 3019/3019/3019 3017/3017/3017
f 3017/3017/3017 3021/3021/3021 3020/3020/3020
f 3022/3022/3022 3023/3023/3023 3024/3024/3024
f 3024/3024/3024 3025/3025/3025 3022/3022/3022
f 3024/3024/3024 3026/3026/3026 3025/3025/3025
f 3022/3022/3022 3025/3025/3025 3027/3027/3027
f 3025/3025/3025 3026/3026/3026 3028/3028/3028
f 3027/3027/3027 3025/3025/3025 3029/3029/3029
f 3029/3029/3029 3025/3025/3025 3028/3028/3028
f 3029/3029/3029 3030/3030/3030 3027/3027/3027
f 3028/3028/3028 3031/3031/3031 3029/3029/3029
f 3032/3032/3032 3029/3029/3029 3031/3031/3031
f 3029/3029/3029 3032/3032/3032 3030/3030/3030
f 3031/3031/3031 3033/3033/3033 3032/3032/3032
f 3034/3034/3034 3030/3030/3030 3032/3032/3032
f 3035/3035/3035 3032/3032/3032 3033/3033/3033
f 3032/3032/3032 3035/3035/3035 3034/3034/3034
f 3033/3033/3033 3036/3036/3036 3035/3035/3035
f 3037/3037/3037 3030/3030/3030 3034/3034/3034
f 3038/3038/3038 3035/3035/3035 3036/3036/3036
f 3035/3035/3035 3038/3038/3038 3034/3034/3034
f 3036/3036/3036 3039/3039/3039 3038/3038/3038
f 3038/3038/3038 3039/3039/3039 3040/3040/3040
f 3038/3038/3038 3040/3040/3040 3041/3041/3041
f 3034/3034/3034 3042/3042/3042 3037/3037/3037
f 3042/3042/3042 3034/3034/3034 3038/3038/3038
f 3037/3037/3037 3042/3042/3042 3043/3043/3043
f 3038/3038/3038 3043/3043/3043 3042/3042/3042
f 3041/3041/3041 3043/3043/3043 3038/3038/3038
f 3043/3043/3043 3044/3044/3044 3037/3037/3037
f 3044/3044/3044 3043/3043/3043 3041/3041/3041
f 3041/3041/3041 3045/3045/3045 3044/3044/3044
f 3046/3046/3046 3047/3047/3047 3048/3048/3048
f 3047/3047/3047 3046/3046/3046 3049/3049/3049
f 3049/3049/3049 3046/3046/3046 3050/3050/3050
f 3049/3049/3049 3051/3051/3051 3047/3047/3047
f 3052/3052/3052 3049/3049/3049 3050/3050/3050
f 3051/3051/3051 3049/3049/3049 3052/3052/3052
f 3052/3052/3052 3053/3053/3053 3051/3051/3051
f 3054/3054/3054 3055/3055/3055 3056/3056/3056
f 3057/3057/3057 3056/3056/3056 3055/3055/3055
f 3058/3058/3058 3056/3056/3056 3057/3057/3057
f 3055/3055/3055 3059/3059/3059 3057/3057/3057
f 3058/3058/3058 3057/3057/3057 3060/3060/3060
f 3060/3060/3060 3057/3057/3057 3059/3059/3059
f 3059/3059/3059 3061/3061/3061 3060/3060/3060
f 3062/3062/3062 3063/3063/3063 3064/3064/3064
f 3065/3065/3065 3064/3064/3064 3063/3063/3063
f 3063/3063/3063 3066/3066/3066 3065/3065/3065
f 3067/3067/3067 3066/3066/3066 3063/3063/3063
f 3067/3067/3067 3063/3063/3063 3068/3068/3068
f 3069/3069/3069 3070/3070/3070 3071/3071/3071
f 3071/3071/3071 3072/3072/3072 3069/3069/3069
f 3072/3072/3072 3071/3071/3071 3073/3073/3073
f 3073/3073/3073 3074/3074/3074 3072/3072/3072
f 3069/3069/3069 3072/3072/3072 3075/3075/3075
f 3076/3076/3076 3069/3069/3069 3075/3075/3075
f 3072/3072/3072 3077/3077/3077 3075/3075/3075
f 3077/3077/3077 3072/3072/3072 3074/3074/3074
f 3076/3076/3076 3075/3075/3075 3078/3078/3078
f 3079/3079/3079 3077/3077/3077 3074/3074/3074
f 3078/3078/3078 3080/3080/3080 3076/3076/3076
f 3079/3079/3079 3074/3074/3074 3081/3081/3081
f 3079/3079/3079 3081/3081/3081 3082/3082/3082
f 3081/3081/3081 3083/3083/3083 3082/3082/3082
f 3084/3084/3084 3083/3083/3083 3081/3081/3081
f 3081/3081/3081 3085/3085/3085 3084/3084/3084
f 3086/3086/3086 3080/3080/3080 3078/3078/3078
f 3086/3086/3086 3078/3078/3078 3085/3085/3085
f 3087/3087/3087 3080/3080/3080 3086/3086/3086
f 3085/3085/3085 3088/3088/3088 3086/3086/3086
f 3085/3085/3085 3081/3081/3081 3088/3088/3088
f 3089/3089/3089 3080/3080/3080 3087/3087/3087
f 3090/3090/3090 3088/3088/3088 3081/3081/3081
f 3087/3087/3087 3091/3091/3091 3089/3089/3089
f 3092/3092/3092 3090/3090/3090 3081/3081/3081
f 3089/3089/3089 3091/3091/3091 3093/3093/3093
f 3094/3094/3094 3092/3092/3092 3081/3081/3081
f 3093/3093/3093 3094/3094/3094 3089/3089/3089
f 3081/3081/3081 3089/3089/3089 3094/3094/3094
f 3095/3095/3095 3096/3096/3096 3097/3097/3097
f 3097/3097/3097 3098/3098/3098 3095/3095/3095
f 3099/3099/3099 3095/3095/3095 3098/3098/3098
f 3098/3098/3098 3100/3100/3100 3099/3099/3099
f 3101/3101/3101 3098/3098/3098 3097/3097/3097
f 3098/3098/3098 3101/3101/3101 3100/3100/3100
f 3101/3101/3101 3097/3097/3097 3102/3102/3102
f 3101/3101/3101 3103/3103/3103 3100/3100/3100
f 3097/3097/3097 3104/3104/3104 3102/3102/3102
f 3103/3103/3103 3105/3105/3105 3100/3100/3100
f 3104/3104/3104 3106/3106/3106 3102/3102/3102
f 3105/3105/3105 3107/3107/3107 3100/3100/3100
f 3104/3104/3104 3108/3108/3108 3106/3106/3106
f 3107/3107/3107 3109/3109/3109 3100/3100/3100
f 3107/3107/3107 3110/3110/3110 3109/3109/3109
f 3111/3111/3111 3106/3106/3106 3108/3108/3108
f 3110/3110/3110 3112/3112/3112 3109/3109/3109
f 3112/3112/3112 3106/3106/3106 3111/3111/3111
f 3111/3111/3111 3108/3108/3108 3113/3113/3113
f 3111/3111/3111 3114/3114/3114 3112/3112/3112
f 3114/3114/3114 3109/3109/3109 3112/3112/3112
f 3113/3113/3113 3108/3108/3108 3115/3115/3115
f 3109/3109/3109 3114/3114/3114 3116/3116/3116
f 3115/3115/3115 3117/3117/3117 3113/3113/3113
f 3116/3116/3116 3118/3118/3118 3109/3109/3109
f 3119/3119/3119 3117/3117/3117 3115/3115/3115
f 3109/3109/3109 3118/3118/3118 3120/3120/3120
f 3120/3120/3120 3119/3119/3119 3115/3115/3115
f 3120/3120/3120 3115/3115/3115 3109/3109/3109
f 3121/3121/3121 3122/3122/3122 3123/3123/3123
f 3124/3124/3124 3122/3122/3122 3121/3121/3121
f 3123/3123/3123 3125/3125/3125 3121/3121/3121
f 3121/3121/3121 3126/3126/3126 3124/3124/3124
f 3125/3125/3125 3123/3123/3123 3127/3127/3127
f 3128/3128/3128 3124/3124/3124 3126/3126/3126
f 3127/3127/3127 3129/3129/3129 3125/3125/3125
f 3126/3126/3126 3130/3130/3130 3128/3128/3128
f 3129/3129/3129 3127/3127/3127 3131/3131/3131
f 3128/3128/3128 3130/3130/3130 3132/3132/3132
f 3131/3131/3131 3133/3133/3133 3129/3129/3129
f 3132/3132/3132 3134/3134/3134 3128/3128/3128
f 3135/3135/3135 3133/3133/3133 3131/3131/3131
f 3134/3134/3134 3132/3132/3132 3136/3136/3136
f 3131/3131/3131 3137/3137/3137 3135/3135/3135
f 3136/3136/3136 3138/3138/3138 3134/3134/3134
f 3139/3139/3139 3135/3135/3135 3137/3137/3137
f 3138/3138/3138 3136/3136/3136 3140/3140/3140
f 3137/3137/3137 3141/3141/3141 3139/3139/3139
f 3140/3140/3140 3142/3142/3142 3138/3138/3138
f 3139/3139/3139 3141/3141/3141 3142/3142/3142
f 3142/3142/3142 3140/3140/3140 3139/3139/3139
f 3143/3143/3143 3144/3144/3144 3145/3145/3145
f 3146/3146/3146 3144/3144/3144 3143/3143/3143
f 3147/3147/3147 3143/3143/3143 3145/3145/3145
f 3145/3145/3145 3148/3148/3148 3147/3147/3147
f 3147/3147/3147 3148/3148/3148 3149/3149/3149
f 3143/3143/3143 3150/3150/3150 3146/3146/3146
f 3151/3151/3151 3146/3146/3146 3150/3150/3150
f 3150/3150/3150 3143/3143/3143 3152/3152/3152
f 3143/3143/3143 3147/3147/3147 3152/3152/3152
f 3150/3150/3150 3153/3153/3153 3151/3151/3151
f 3153/3153/3153 3150/3150/3150 3152/3152/3152
f 3154/3154/3154 3151/3151/3151 3153/3153/3153
f 3152/3152/3152 3155/3155/3155 3153/3153/3153
f 3153/3153/3153 3156/3156/3156 3154/3154/3154
f 3156/3156/3156 3153/3153/3153 3155/3155/3155
f 3157/3157/3157 3154/3154/3154 3156/3156/3156
f 3158/3158/3158 3155/3155/3155 3152/3152/3152
f 3155/3155/3155 3158/3158/3158 3156/3156/3156
f 3158/3158/3158 3152/3152/3152 3147/3147/3147
f 3156/3156/3156 3159/3159/3159 3157/3157/3157
f 3159/3159/3159 3156/3156/3156 3158/3158/3158
f 3160/3160/3160 3157/3157/3157 3159/3159/3159
f 3147/3147/3147 3161/3161/3161 3158/3158/3158
f 3161/3161/3161 3159/3159/3159 3158/3158/3158
f 3159/3159/3159 3161/3161/3161 3160/3160/3160
f 3161/3161/3161 3147/3147/3147 3149/3149/3149
f 3161/3161/3161 3162/3162/3162 3160/3160/3160
f 3149/3149/3149 3162/3162/3162 3161/3161/3161
