v 1.1496483000000002 1.1019132 0.21799079999999993
v 1.1366568000000001 1.0155825 0.2774502
v 1.1697047999999999 0.9665406 0.22572089999999995
v 1.1395287 0.9246861 0.21739949999999994
v 1.1641131 0.8148474 -0.00256860000000005
v 1.1351043 0.9888363000000001 -6.054876048378561e-17
v 1.2715767 0.6400575000000001 -0.015140700000000042
v 1.1536839 0.7621407 0.00031499999999995334
v 1.1849058000000001 0.7373808000000001 0.07864829999999996
v 1.1017989000000001 0.5105844 0.08288729999999997
v 1.0189863 0.5013531 -3.069902345788015e-17
v 1.1027124 0.5054544 0.002513699999999969
v 1.0643292 1.2246822 -0.0025686000000000753
v 1.1161728 1.0763154 0.00042119999999993407
v 1.1414313 1.0395846000000002 0.17181449999999993
v -0.4085523 0.6823287000000001 0.9305046000000001
v -0.15235200000000002 0.09731610000000009 1.3745061
v 0.0732078 0.6822180000000001 0.9305055
v -0.7510743000000001 -0.14206319999999995 0.9305055
v -0.15235200000000002 0.09731610000000009 1.3745061
v -0.750042 0.3408363000000001 0.9304983
v -0.4095828 -0.4835546999999999 0.9305018999999999
v -0.15235200000000002 0.09731610000000009 1.3745061
v -0.7510743000000001 -0.14206319999999995 0.9305055
v 0.0743319 -0.48353939999999995 0.9304992
v -0.15235200000000002 0.09731610000000009 1.3745061
v -0.4095828 -0.4835546999999999 0.9305018999999999
v 0.4158234 -0.14204699999999995 0.9304992
v -0.15235200000000002 0.09731610000000009 1.3745061
v 0.0743319 -0.48353939999999995 0.9304992
v 0.4146993 0.34072650000000004 0.9305018999999999
v -0.15235200000000002 0.09731610000000009 1.3745061
v 0.4158234 -0.14204699999999995 0.9304992
v 0.0732078 0.6822180000000001 0.9305055
v -0.15235200000000002 0.09731610000000009 1.3745061
v 0.4146993 0.34072650000000004 0.9305018999999999
v -0.3539268 0.5653152000000001 1.2947886000000002
v -0.3967749 0.6523506 0.5316777
v -0.3956328 0.6535089000000002 1.2548214000000002
v -0.6285258 0.2903832000000001 1.2945411
v -0.720333 0.32880870000000006 1.254816
v -0.7213536 0.3277728000000001 0.5316777
v 0.07137990000000001 0.7497576 -0.0005625000000000459
v 0.07647390000000001 0.7473645 0.09877229999999995
v 0.0979137 0.8252127 -0.0005625000000000506
v -0.4654071 -0.5380074 0.09877230000000004
v -0.4707018 -0.5360976 -0.0005624999999999672
v -0.49688910000000003 -0.5993217 -0.0005624999999999633
v -0.4077099 -0.5621895 -0.0005624999999999656
v -0.4128039 -0.5597964 0.09877230000000004
v -0.4338981 -0.6254136 -0.0005624999999999618
v -0.4087566 0.7612722000000001 0.09877229999999995
v -0.40366260000000004 0.7636653 -0.0005625000000000468
v -0.4298508 0.8268885 -0.0005625000000000507
v -0.4666545 0.7375734 -0.0005625000000000452
v -0.46135980000000004 0.7394823 0.09877229999999995
v -0.49284269999999997 0.8007966 -0.0005625000000000491
v 0.0727713 -0.5614731000000001 0.09877230000000004
v 0.06767820000000001 -0.5638662 -0.0005624999999999655
v 0.0938664 -0.6270894 -0.0005624999999999616
v 0.1306692 -0.5377743 -0.0005624999999999671
v 0.12537540000000003 -0.5396841 0.09877230000000004
v 0.1568574 -0.6009984 -0.0005624999999999632
v -0.8058987 0.3973149 0.09877229999999998
v -0.8039898 0.4026087 -0.0005625000000000247
v -0.867213 0.42879690000000004 -0.0005625000000000263
v -0.8300817 0.33961680000000005 -0.0005625000000000208
v -0.8276886 0.34471080000000004 0.09877229999999998
v -0.8933049000000001 0.365805 -0.0005625000000000225
v 0.4699143 -0.1975158 0.09877230000000001
v 0.46800450000000005 -0.2028096 -0.0005624999999999876
v 0.5312285999999999 -0.2289978 -0.000562499999999986
v 0.49409729999999996 -0.1398177 -0.0005624999999999914
v 0.4917042 -0.1449117 0.09877230000000001
v 0.5573205000000001 -0.1660059 -0.0005624999999999899
v -0.8293644 -0.1408644 0.09877230000000001
v -0.8317575 -0.13577129999999998 -0.0005624999999999917
v -0.8949816 -0.1619595 -0.0005624999999999901
v -0.8056656 -0.1987623 -0.0005624999999999878
v -0.8075754 -0.1934685 0.09877230000000001
v -0.8688897 -0.2249505 -0.0005624999999999863
v 0.4761171 0.335565 0.09877229999999998
v 0.47850929999999997 0.330471 -0.0005625000000000202
v 0.5589972 0.3617577 -0.0005625000000000222
v 0.7059573 0.6147972 0.5507396999999999
v 0.350667 0.9700884000000001 0.5507396999999998
v 0.5283117 0.7924428000000001 0.9294822
v -1.1050137 -0.40159349999999994 0.5546169000000001
v -1.1050137 -0.40159349999999994 0.5546169000000001
v -0.7490907 -0.7602876 0.5519178
v -0.15312060000000002 0.09818370000000017 2.7400941
v 0.2793834 -0.08096579999999987 2.306133
v 0.2793834 0.27733230000000014 2.306133
v -0.15312060000000002 0.09818370000000017 2.7400941
v 0.2793834 0.27733230000000014 2.306133
v 0.0260289 0.5306868000000001 2.306133
v -0.15312060000000002 0.09818370000000017 2.7400941
v 0.0260289 0.5306868000000001 2.306133
v -0.33226920000000004 0.5306868000000001 2.306133
v -0.15312060000000002 0.09818370000000017 2.7400941
v -0.33226920000000004 0.5306868000000001 2.306133
v -0.5856246 0.27733230000000014 2.306133
v -0.15312060000000002 0.09818370000000017 2.7400941
v -0.5856246 0.27733230000000014 2.306133
v -0.5856246 -0.08096579999999987 2.306133
v -0.15312060000000002 0.09818370000000017 2.7400941
v -0.5856246 -0.08096579999999987 2.306133
v -0.33226920000000004 -0.33432029999999985 2.306133
v -0.15312060000000002 0.09818370000000017 2.7400941
v -0.33226920000000004 -0.33432029999999985 2.306133
v 0.026028000000000003 -0.33432029999999985 2.306133
v -0.15312060000000002 0.09818370000000017 2.7400941
v 0.026028000000000003 -0.33432029999999985 2.306133
v 0.2793834 -0.08096579999999987 2.306133
v -0.3967749 0.6523506 0.5316777
v -0.3967758 0.6523506 0.5316777
v -0.3956328 0.6535089000000002 1.2548214000000002
v -0.6285258 0.2903832000000001 1.2945411
v -0.3539268 0.5653152000000001 1.2947886000000002
v -0.3956328 0.6535089000000002 1.2548214000000002
v -0.3956328 0.6535089000000002 1.2548214000000002
v -0.720333 0.32880870000000006 1.254816
v -0.6285258 0.2903832000000001 1.2945411
v -0.7203303000000001 0.32880780000000004 0.949536
v -0.7213536 0.3277728000000001 0.5316777
v -0.7201197 -0.13154579999999996 0.5316777
v -0.7201197 -0.13154579999999996 0.5316777
v -0.7213122000000001 -0.13034699999999994 0.9495440999999999
v -0.7203303000000001 0.32880780000000004 0.949536
v 0.387135 -0.1315611 0.5316777
v 0.3882042 0.32762250000000004 0.5316777
v 0.3871386 0.32870340000000003 0.9495396000000002
v 0.3871386 0.32870340000000003 0.9495396000000002
v 0.3882078 -0.13033169999999994 0.9495368999999999
v 0.387135 -0.1315611 0.5316777
v 1.1017989000000001 0.5105844 0.08288729999999997
v 1.1027124 0.5054544 0.002513699999999969
v 1.2715767 0.6400575000000001 -0.015140700000000042
v 1.1849058000000001 0.7373808000000001 0.07864829999999996
v 1.1017989000000001 0.5105844 0.08288729999999997
v 1.0294029 0.5867955 0.08471879999999996
v 1.1017989000000001 0.5105844 0.08288729999999997
v 1.0189863 0.5013531 -3.069902345788015e-17
v 1.1849058000000001 0.7373808000000001 0.07864829999999996
v 1.1536839 0.7621407 0.00031499999999995334
v 1.0303164 0.5816646000000001 0.004346099999999964
v 1.0294029 0.5867955 0.08471879999999996
v 1.0189863 0.5013531 -3.069902345788015e-17
v 1.0294029 0.5867955 0.08471879999999996
v 1.1983041 0.9241029 -0.003935700000000057
v 1.1655864 1.1367837 -0.0012276000000000697
v 1.1496483000000002 1.1019132 0.21799079999999993
v 1.1496483000000002 1.1019132 0.21799079999999993
v 1.1697047999999999 0.9665406 0.22572089999999995
v 1.0339371000000002 0.9867402000000001 -0.0030015000000000605
v 1.0959327 1.1591865 -0.003169800000000071
v 1.069875 1.0906929 0.21409109999999992
v 1.069875 1.0906929 0.21409109999999992
v 0.9912204 0.9999108000000001 0.21740579999999995
v 1.069875 1.0906929 0.21409109999999992
v 0.9957950999999999 1.0728423 0.2774502
v 0.9912204 0.9999108000000001 0.21740579999999995
v 0.9307026 1.0516284 0.21244589999999994
v 0.9912204 0.9999108000000001 0.21740579999999995
v 0.9309177000000001 0.9836252999999999 -0.00393570000000006
v 1.0339371000000002 0.9867402000000001 -0.0030015000000000605
v 0.9026127000000002 1.0715274 -0.0031698000000000654
v 0.9925344 1.136655 0.21244589999999994
v 0.9957950999999999 1.0728423 0.2774502
v 0.9674343 1.1553669 -0.0031698000000000707
v 1.0959327 1.1591865 -0.003169800000000071
v 1.069875 1.0906929 0.21409109999999992
v 1.0959327 1.1591865 -0.003169800000000071
v 0.9957950999999999 1.0728423 0.2774502
v 1.0643292 1.2246822 -0.0025686000000000753
v 1.1414313 1.0395846000000002 0.17181449999999993
v 1.1666709 1.1399445 0.22582799999999995
v 1.1861352 1.0476648 0.25133399999999995
v 1.1414313 1.0395846000000002 0.17181449999999993
v 1.1414313 1.0395846000000002 0.17181449999999993
v 1.1686986 1.0523043 -0.0025731000000000647
v 1.2672081000000002 1.1016558 -0.0034443000000000676
v 1.2312918 1.2163581 -0.0020106000000000746
v 1.2538881 1.0643211000000001 0.19060379999999993
v 1.1666709 1.1399445 0.22582799999999995
v 1.1861352 1.0476648 0.25133399999999995
v 1.1402387999999999 1.267128 -0.0016425000000000777
v 1.0643292 1.2246822 -0.0025686000000000753
v 0.46146509999999996 -0.13023449999999998 0.46226429999999996
v 0.46146420000000005 -0.13023449999999998 0.5194449000000001
v 0.6600627 -0.2146959 0.5194449000000001
v 0.6600627 -0.2146959 0.5194449000000001
v 0.6600627 -0.2146959 0.46226429999999996
v 0.46146420000000005 -0.13023449999999998 0.5194449000000001
v 0.442548 -0.17590409999999998 0.5194449000000001
v 0.643059 -0.25574579999999997 0.5194449000000001
v 0.643059 -0.25574579999999997 0.5194449000000001
v 0.6600627 -0.2146959 0.5194449000000001
v -0.780471 0.33281190000000005 0.46226429999999996
v -0.780471 0.33281190000000005 0.5194449000000001
v -0.9791154000000001 0.41808960000000006 0.5194449000000001
v -0.9791154000000001 0.41808960000000006 0.5194449000000001
v -0.9791154000000001 0.41808960000000006 0.46226340000000005
v -0.780471 0.33281190000000005 0.5194449000000001
v -0.7615539 0.37848060000000006 0.5194449000000001
v -0.9621117 0.45913950000000003 0.5194449000000001
v -0.9621117 0.45913950000000003 0.5194449000000001
v -0.9791154000000001 0.41808960000000006 0.5194449000000001
v 0.1108881 -0.49796640000000003 0.46226429999999996
v 0.110889 -0.49796640000000003 0.5194449000000001
v 0.1918044 -0.6983748 0.5194449000000001
v 0.1918044 -0.6983748 0.5194449000000001
v 0.1918044 -0.6983748 0.46226429999999996
v 0.110889 -0.49796640000000003 0.5194449000000001
v 0.06521940000000001 -0.5168835 0.5194449000000001
v 0.15075449999999999 -0.7153785 0.5194449000000001
v 0.15075449999999999 -0.7153785 0.5194449000000001
v 0.1918044 -0.6983748 0.5194449000000001
v -0.3952935 -0.511344 0.46226429999999996
v -0.3952935 -0.511344 0.5194449000000001
v -0.479754 -0.7103997 0.5194449000000001
v -0.479754 -0.7103997 0.5194449000000001
v -0.47975490000000004 -0.7103997 0.46226429999999996
v 0.0677529 0.7305921 0.46226429999999996
v 0.0677529 0.7305921 0.5194449000000001
v 0.1530306 0.9287784 0.5194449
v 0.1530306 0.9287784 0.5194449
v 0.1530315 0.9287784 0.46226429999999985
v -0.7539696 -0.16982369999999997 0.5194449000000001
v -0.7728867 -0.12415409999999996 0.5194449000000001
v -0.9722970000000001 -0.20923109999999998 0.5194449000000001
v -0.9722970000000001 -0.20923109999999998 0.5194449000000001
v -0.9552933 -0.250281 0.5194449000000001
v 0.45163529999999996 0.3809349000000001 0.5194449000000001
v 0.47055150000000007 0.33526530000000004 0.5194449000000001
v 0.6682302 0.42029550000000004 0.5194449000000001
v 0.6682302 0.42029550000000004 0.5194449000000001
v 0.6512265 0.4613454 0.5194449000000001
v -0.7571853 -0.7151634000000001 0.41744880000000006
v -0.7571853 -0.7151634000000001 -0.0011825999999999564
v -0.7303086 -0.7420401000000001 -0.0011825999999999547
v -0.7303086 -0.7420401000000001 -0.0011825999999999547
v -0.7303086 -0.7420401000000001 0.41744880000000006
v -0.4272705 -0.44685179999999997 0.46226340000000005
v -0.4272696 -0.44685179999999997 0.519444
v -0.7695792 -0.7891614 0.519444
v -0.7695792 -0.7891614 0.519444
v -0.7695792 -0.7891605 0.46226340000000005
v -0.4272696 -0.44685179999999997 0.519444
v -0.45960120000000004 -0.41452019999999995 0.5194449000000001
v -0.8019099000000001 -0.7568298 0.519444
v -0.8019099000000001 -0.7568298 0.519444
v -0.7695792 -0.7891614 0.519444
v -0.4398696 0.7076376 0.46226429999999996
v -0.4398696 0.7076376 0.5194449000000001
v -0.5198229 0.908145 0.5194449
v -0.5198229 0.908145 0.5194449
v -0.519822 0.908145 0.46226429999999985
v -0.4398696 0.7076376 0.5194449000000001
v -0.3942 0.7265547 0.5194449000000001
v -0.47877210000000003 0.9251487 0.5194449
v -0.47877210000000003 0.9251487 0.5194449
v -0.5198229 0.908145 0.5194449
v -0.7164737999999999 -0.7620722999999999 0.856044
v -0.4066659 -1.0718793 -0.010081799999999934
v -0.4103721 -1.0948086 -0.0058823999999999335
v -0.4103721 -1.0948086 -0.0058823999999999335
v -0.72018 -0.7850016 0.8602443
v -1.0295712000000001 -0.38832479999999997 0.4174488
v -1.0295712000000001 -0.3883248 -0.0011825999999999764
v -1.0567980000000001 -0.4155507 -0.0011825999999999746
v -1.0567980000000001 -0.4155507 -0.0011825999999999746
v -1.0567980000000001 -0.41555069999999994 0.41744880000000006
v -1.1755458 -0.30153420000000003 0.4022163
v -0.7243677000000001 -0.7527114 0.4022163000000001
v -0.7243677000000001 -0.7527123 0.45939779999999997
v -0.7243677000000001 -0.7527123 0.45939779999999997
v -1.1755458 -0.3015342 0.45939779999999997
v -1.1755458 -0.3015342 0.45939779999999997
v -0.7243677000000001 -0.7527123 0.45939779999999997
v -0.6920361 -0.7203807 0.45939779999999997
v -0.6920361 -0.7203807 0.45939779999999997
v -1.1432142 -0.2692035 0.45939779999999997
v -0.7286229 -0.14549849999999998 0.46226340000000005
v -0.7286229 -0.14549849999999998 0.519444
v -1.0709316 -0.48780809999999997 0.519444
v -1.0709316 -0.48780809999999997 0.519444
v -1.0709324999999998 -0.48780809999999997 0.46226340000000005
v -0.7286229 -0.14549849999999998 0.519444
v -0.7609536 -0.11316779999999997 0.5194449000000001
v -1.1032632 -0.45547740000000003 0.519444
v -1.1032632 -0.45547740000000003 0.519444
v -1.0709316 -0.48780809999999997 0.519444
v 1.1655864 1.1367837 -0.0012276000000000697
v 0.9874629 1.0259919 -0.0021222000000000628
v 1.0605492 1.0300779 0.22294979999999992
v 1.1496483000000002 1.1019132 0.21799079999999993
v 1.1655864 1.1367837 -0.0012276000000000697
v 1.1366568000000001 1.0155825 0.2774502
v 0.5615631000000001 0.6068421 0.18917189999999998
v 0.525915 0.6123366 -0.0031698000000000377
v 0.567747 0.720207 -0.003169800000000044
v 0.567747 0.720207 -0.003169800000000044
v 0.5724801 0.6855984 0.20202569999999995
v 0.5724801 0.6855984 0.20202569999999995
v 0.5283720000000001 0.6433263 0.2696706
v 1.1351043 0.9888363000000001 -6.054876048378561e-17
v 0.9856791 0.9712341 -0.0034443000000000594
v 1.0698039000000001 1.0084338 0.24651089999999995
v 1.1395287 0.9246861 0.21739949999999994
v 1.2672081000000002 1.1016558 -0.0034443000000000676
v 1.2538881 1.0643211000000001 0.19060379999999993
v 1.1414313 1.0395846000000002 0.17181449999999993
v 1.1861352 1.0476648 0.25133399999999995
v -0.7851312 1.1686617000000001 0.14917319999999992
v -0.7520310000000001 1.1520657 -0.01121850000000007
v -0.7783623000000001 1.2503358 -7.656098676646726e-17
v -0.7987302000000001 1.2194145 0.16039169999999994
v -0.7987302000000001 1.2194145 0.16039169999999994
v -0.7783623000000001 1.2503358 -7.656098676646726e-17
v -1.2191634000000002 1.1489364000000002 -7.035206423419416e-17
v -1.1860632 1.1323413 0.20951909999999993
v -0.7851312 1.1686617000000001 0.14917319999999992
v -0.7987302000000001 1.2194145 0.16039169999999994
v -1.1860632 1.1323413 0.20951909999999993
v -1.1484477000000002 1.0832625 0.19829969999999994
v -1.2980178 0.5164479 0.16855019999999998
v -1.3249323000000002 0.4910202 -3.006631581233466e-17
v -1.2037698000000001 0.48042000000000007 -0.00601290000000003
v -1.2258603 0.5101353000000001 0.1625364
v -1.1860632 1.1323413 0.20951909999999993
v -1.2191634000000002 1.1489364000000002 -7.035206423419416e-17
v -1.3249323000000002 0.4910202 -3.006631581233466e-17
v -1.2980178 0.5164479 0.16855019999999998
v -1.1484477000000002 1.0832625 0.19829969999999994
v -1.1860632 1.1323413 0.20951909999999993
v -1.2980178 0.5164479 0.16855019999999998
v -1.2258603 0.5101353000000001 0.1625364
v -0.5143365000000001 -0.1394837999999999 1.7374086
v -0.5363712 -0.16151849999999993 1.5942762
v -0.4226445 -0.2752469999999999 1.5942762
v -0.4006089 -0.2532104999999999 1.7374095
v 0.1898271 0.33722460000000015 1.7418483
v 0.2638206 0.41121810000000014 1.6362198000000001
v 0.1500939 0.5249457000000002 1.6362198000000001
v 0.07610040000000001 0.4509513000000001 1.7418483
v 0.8914716 0.5763897 0.5507396999999999
v 0.6947415 0.6200037 0.5507396999999999
v 0.6947415 0.6200046 -3.7964332442331754e-17
v 0.8914716 0.5763897 -3.529369005832516e-17
v 0.8956881 0.5954103000000001 0.5507396999999999
v 0.8956881 0.5954103000000001 -3.645836590371827e-17
v 0.698958 0.6390243 -3.91289531786189e-17
v 0.698958 0.6390243 0.5507396999999999
v 0.5283117 0.7924428000000001 0.9294822
v 0.350667 0.9700884000000001 0.5507396999999998
v 0.0267966 0.6462189 0.5507396999999999
v 0.21986999999999998 0.48400110000000013 0.9294822
v 0.350667 0.9700884000000001 0.5507396999999998
v 0.350667 0.9700884000000001 -5.940078269749887e-17
v 0.1218141 0.7412354999999999 -4.5387584124469394e-17
v 0.0267966 0.6462189 0.5507396999999999
v 0.643059 -0.25574579999999997 0.5194449000000001
v 0.643059 -0.25574669999999994 0.46226429999999996
v 0.6600627 -0.2146959 0.46226429999999996
v 0.6600627 -0.2146959 0.5194449000000001
v 0.5076405 -0.19812870000000002 0.06649380000000002
v 0.5232285 -0.1604961 0.06649380000000002
v 0.5930658000000001 -0.1910574 0.4644981
v 0.5789691 -0.22508729999999996 0.4644981
v 0.442548 -0.17590409999999998 0.5194449000000001
v 0.442548 -0.17590409999999998 0.46226429999999996
v 0.643059 -0.25574669999999994 0.46226429999999996
v 0.643059 -0.25574579999999997 0.5194449000000001
v -0.9621117 0.45913950000000003 0.5194449000000001
v -0.9621117 0.45914040000000006 0.46226429999999996
v -0.9791154000000001 0.41808960000000006 0.46226340000000005
v -0.9791154000000001 0.41808960000000006 0.5194449000000001
v -0.8449227 0.4021434 0.06649379999999998
v -0.8605107 0.3645099 0.06649379999999998
v -0.9303920999999999 0.3958398000000001 0.4644981
v -0.9162963000000001 0.4298697 0.4644981
v -0.7615539 0.37848060000000006 0.5194449000000001
v -0.7615539 0.3784815 0.46226429999999996
v -0.9621117 0.45914040000000006 0.46226429999999996
v -0.9621117 0.45913950000000003 0.5194449000000001
v 0.15075449999999999 -0.7153785 0.5194449000000001
v 0.1507536 -0.7153794 0.46226429999999996
v 0.1918044 -0.6983748 0.46226429999999996
v 0.1918044 -0.6983748 0.5194449000000001
v 0.0991602 -0.5964093 0.06649380000000005
v 0.1367928 -0.5808204 0.06649380000000005
v 0.16476120000000002 -0.6520536 0.4644981
v 0.1307313 -0.6661494 0.4644981
v 0.06521940000000001 -0.5168835 0.5194449000000001
v 0.06521940000000001 -0.5168835 0.46226429999999996
v 0.1507536 -0.7153794 0.46226429999999996
v 0.15075449999999999 -0.7153785 0.5194449000000001
v -0.5208048 -0.693396 0.5194449000000001
v -0.5208057 -0.693396 0.46226429999999996
v -0.47975490000000004 -0.7103997 0.46226429999999996
v -0.479754 -0.7103997 0.5194449000000001
v -0.4751226 -0.5797287 0.06649380000000005
v -0.4374891 -0.5953158000000001 0.06649380000000005
v -0.4680513 -0.6655842000000001 0.4644981
v -0.5020803 -0.6514884 0.4644981
v -0.3952935 -0.511344 0.5194449000000001
v -0.4409622 -0.4924269 0.5194449000000001
v -0.5208048 -0.693396 0.5194449000000001
v -0.479754 -0.7103997 0.5194449000000001
v 0.19408140000000002 0.9117746999999999 0.5194449
v 0.19408140000000002 0.9117746999999999 0.46226429999999985
v 0.1530315 0.9287784 0.46226429999999985
v 0.1530306 0.9287784 0.5194449
v 0.1356957 0.7767432000000001 0.06649379999999995
v 0.0980622 0.7923312 0.06649379999999995
v 0.1293921 0.8617806 0.46449809999999997
v 0.16342199999999998 0.8476848 0.46449809999999997
v 0.0677529 0.7305921 0.5194449000000001
v 0.1134216 0.711675 0.5194449000000001
v 0.19408140000000002 0.9117746999999999 0.5194449
v 0.1530306 0.9287784 0.5194449
v -0.9722970000000001 -0.20923109999999998 0.5194449000000001
v -0.9722978999999999 -0.20923019999999998 0.46226429999999996
v -0.9552942000000001 -0.250281 0.46226429999999996
v -0.9552933 -0.250281 0.5194449000000001
v -0.8544204 -0.1632546 0.06649380000000002
v -0.8388324 -0.2008881 0.06649380000000002
v -0.9109269 -0.22842539999999995 0.4644981
v -0.9250227000000001 -0.19439549999999997 0.4644981
v -0.7728867 -0.12415409999999996 0.5194449000000001
v -0.7728867 -0.12415409999999996 0.46226429999999996
v -0.9722978999999999 -0.20923019999999998 0.46226429999999996
v -0.9722970000000001 -0.20923109999999998 0.5194449000000001
v 0.6682302 0.42029550000000004 0.5194449000000001
v 0.6682302 0.4202946000000001 0.46226429999999996
v 0.6512265 0.4613454 0.46226429999999996
v 0.6512265 0.4613454 0.5194449000000001
v 0.5322608999999999 0.36555930000000003 0.06649379999999998
v 0.5166729 0.4031928 0.06649379999999998
v 0.5871375000000001 0.43068600000000007 0.4644981
v 0.6012333 0.39665610000000007 0.4644981
v 0.47055150000000007 0.33526530000000004 0.5194449000000001
v 0.47055150000000007 0.33526530000000004 0.46226429999999996
v 0.6682302 0.4202946000000001 0.46226429999999996
v 0.6682302 0.42029550000000004 0.5194449000000001
v 0.1342026 0.7466571 0.5312421
v 0.1362987 0.7517187 -4.602949499071047e-17
v -0.4450806 0.7727904 -4.731976448859014e-17
v -0.4429836 0.7677279 0.5312421
v -0.4429836 0.7677279 0.5312421
v -0.4450806 0.7727904 -4.731976448859014e-17
v -0.839052 0.3788181 -2.3195918681204098e-17
v -0.8339904 0.37672200000000006 0.5312421
v -0.8339904 0.37672200000000006 0.5312421
v -0.839052 0.3788181 -2.3195918681204098e-17
v -0.8390529 -0.1783413 1.0920255110038893e-17
v -0.8339904 -0.1762452 0.5312421
v -0.8339904 -0.1762452 0.5312421
v -0.8390529 -0.1783413 1.0920255110038893e-17
v -0.4450806 -0.5723136000000001 3.504410091742493e-17
v -0.4429845 -0.5672511 0.5312421
v -0.4429845 -0.5672511 0.5312421
v -0.4450806 -0.5723136000000001 3.504410091742493e-17
v 0.1120788 -0.5723136000000001 3.504410091742493e-17
v 0.1099827 -0.5672511 0.5312421
v -0.7303086 -0.7420401000000001 0.41744880000000006
v -0.7303086 -0.7420401000000001 -0.0011825999999999547
v -0.7030818 -0.7148142000000001 -0.0011825999999999564
v -0.7030818 -0.7148142000000001 0.41744880000000006
v -0.8019099000000001 -0.7568298 0.519444
v -0.8019108 -0.7568298 0.46226340000000005
v -0.7695792 -0.7891605 0.46226340000000005
v -0.7695792 -0.7891614 0.519444
v -0.45960120000000004 -0.41452019999999995 0.5194449000000001
v -0.45960120000000004 -0.41452019999999995 0.46226340000000005
v -0.8019108 -0.7568298 0.46226340000000005
v -0.8019099000000001 -0.7568298 0.519444
v -0.5950035 -0.6104475 0.5510277
v -0.28808279999999997 -0.9173682000000001 -0.0012311999999999438
v -0.2620998 -0.8913843 -0.0012311999999999454
v -0.5690196000000001 -0.5844645 0.5510277
v -0.5690196000000001 -0.5844645 0.5510277
v -0.2620998 -0.8913843 -0.0012311999999999454
v -0.30910319999999997 -0.8443818 -0.0012311999999999484
v -0.5690196000000001 -0.5844645 0.4392378
v -0.6727905000000001 -0.11162519999999994 0.9895122000000001
v -0.3764574 -0.40795829999999994 0.9895122000000001
v -0.30577770000000004 -0.2737790999999999 2.019645
v -0.5224616999999999 -0.05709419999999987 2.019645
v -0.3764574 -0.40795829999999994 0.9895122000000001
v 0.0426213 -0.40795919999999997 0.9895122000000001
v 0.0006597 -0.2737790999999999 2.019645
v -0.30577770000000004 -0.2737790999999999 2.019645
v 0.0426213 -0.40795919999999997 0.9895122000000001
v 0.3389553 -0.11162609999999994 0.9895122000000001
v 0.2173446 -0.05709509999999987 2.019645
v 0.0006597 -0.2737790999999999 2.019645
v 0.3389553 -0.11162609999999994 0.9895122000000001
v 0.3389553 0.3074526 0.9895122000000001
v 0.2173446 0.24934320000000013 2.019645
v 0.2173446 -0.05709509999999987 2.019645
v -0.7298207999999999 -0.7452656999999999 0.43923690000000004
v -0.46990350000000003 -1.0051830000000002 -0.0012311999999999386
v -0.42290099999999997 -1.0521855 -0.0012311999999999356
v -0.7298207999999999 -0.7452656999999999 0.5510277
v -0.7298207999999999 -0.7452656999999999 0.5510277
v -0.42290099999999997 -1.0521855 -0.0012311999999999356
v -0.39691800000000005 -1.0262025000000001 -0.0012311999999999373
v -0.7038378000000001 -0.7192827 0.5510277
v -0.7038378000000001 -0.7192827 0.5510277
v -0.39691800000000005 -1.0262025000000001 -0.0012311999999999373
v -0.28808279999999997 -0.9173682000000001 -0.0012311999999999438
v -0.5950035 -0.6104475 0.5510277
v 0.0426222 0.6037866000000001 0.9895122000000001
v -0.3764565 0.6037866000000001 0.9895122000000001
v -0.30577770000000004 0.46602810000000006 2.019645
v 0.0006606 0.46602810000000006 2.019645
v -0.5224616999999999 -0.05709419999999987 2.019645
v -0.5224616999999999 0.2493441000000001 2.019645
v -0.6727905000000001 0.30745350000000005 0.9895122000000001
v -0.6727905000000001 -0.11162519999999994 0.9895122000000001
v -0.3539268 0.5653152000000001 1.2947886000000002
v -0.6285258 0.2903832000000001 1.2945411
v -0.5224616999999999 0.24934320000000013 2.019645
v -0.30577770000000004 0.46602810000000006 2.019645
v 0.1609047 0.7991208000000001 -0.000562500000000049
v 0.0979137 0.8252127 -0.0005625000000000506
v 0.07647390000000001 0.7473645 0.09877229999999995
v 0.1294227 0.7378065 0.09877229999999995
v -0.49688910000000003 -0.5993217 -0.0005624999999999633
v -0.4338981 -0.6254136 -0.0005624999999999618
v -0.4128039 -0.5597964 0.09877230000000004
v -0.4654071 -0.5380074 0.09877230000000004
v -0.4298508 0.8268885 -0.0005625000000000507
v -0.49284269999999997 0.8007966 -0.0005625000000000491
v -0.46135980000000004 0.7394823 0.09877229999999995
v -0.4087566 0.7612722000000001 0.09877229999999995
v 0.0938664 -0.6270894 -0.0005624999999999616
v 0.1568574 -0.6009984 -0.0005624999999999632
v 0.12537540000000003 -0.5396841 0.09877230000000004
v 0.0727713 -0.5614731000000001 0.09877230000000004
v -0.867213 0.42879690000000004 -0.0005625000000000263
v -0.8933049000000001 0.365805 -0.0005625000000000225
v -0.8276886 0.34471080000000004 0.09877229999999998
v -0.8058987 0.3973149 0.09877229999999998
v 0.5312285999999999 -0.2289978 -0.000562499999999986
v 0.5573205000000001 -0.1660059 -0.0005624999999999899
v 0.4917042 -0.1449117 0.09877230000000001
v 0.4699143 -0.1975158 0.09877230000000001
v -0.8949816 -0.1619595 -0.0005624999999999901
v -0.8688897 -0.2249505 -0.0005624999999999863
v -0.8075754 -0.1934685 0.09877230000000001
v -0.8293644 -0.1408644 0.09877230000000001
v 0.5589972 0.3617577 -0.0005625000000000222
v 0.5329053 0.4247496 -0.0005625000000000261
v 0.471591 0.39326760000000005 0.09877229999999998
v 0.4761171 0.335565 0.09877229999999998
v 0.4353534 1.1343636000000001 0.5507396999999998
v 0.4353534 1.1343627 -6.945968248135746e-17
v 0.3747591 0.942183 -5.769206975805253e-17
v 0.3747591 0.942183 0.5507396999999998
v 0.453933 1.1285046 0.5507396999999998
v 0.3933396 0.9363249000000001 0.5507396999999998
v 0.3933396 0.9363249000000001 -5.733336458734829e-17
v 0.453933 1.1285046 -6.910097731065322e-17
v 0.2367009 0.7858044000000001 -4.811664216079532e-17
v 0.3858255 0.934929 -5.72478903640018e-17
v 0.3858255 0.934929 0.5507396999999998
v 0.2367009 0.7858044000000001 0.5507396999999999
v 0.5216742 0.5008319999999999 0.5507396999999999
v 0.6707988 0.6499566 0.5507396999999999
v 0.6707988 0.6499557 -3.9798308379628865e-17
v 0.5216742 0.5008319999999999 -3.066711528552836e-17
v 0.3858255 0.934929 -5.72478903640018e-17
v 0.350667 0.9700884000000001 -5.940078269749887e-17
v 0.350667 0.9700884000000001 0.5507396999999998
v 0.3858255 0.934929 0.5507396999999998
v 0.6707988 0.6499566 0.5507396999999999
v 0.7059573 0.6147972 0.5507396999999999
v 0.7059573 0.6147972 -3.764547115523776e-17
v 0.6707988 0.6499557 -3.9798308379628865e-17
v 0.2367009 0.7858044000000001 0.5507396999999999
v 0.5216742 0.5008319999999999 0.5507396999999999
v 0.5216742 0.5008319999999999 -3.066711528552836e-17
v 0.2367009 0.7858044000000001 -4.811664216079532e-17
v 0.3820878 0.29092770000000007 0.5507396999999999
v 0.47710529999999995 0.3859452 -2.3632327691314252e-17
v 0.7059573 0.6147972 -3.764547115523776e-17
v 0.7059573 0.6147972 0.5507396999999999
v 0.5283117 0.7924428000000001 0.9294822
v 0.21986999999999998 0.48400110000000013 0.9294822
v 0.3820878 0.29092770000000007 0.5507396999999999
v 0.7059573 0.6147972 0.5507396999999999
v -0.47877210000000003 0.9251487 0.5194449
v -0.47877210000000003 0.9251487 0.46226429999999985
v -0.519822 0.908145 0.46226429999999985
v -0.5198229 0.908145 0.5194449
v -0.4305663 0.7944165000000001 0.06649379999999995
v -0.4681998 0.7788285 0.06649379999999995
v -0.4952619 0.8501553000000001 0.46449809999999997
v -0.46123200000000003 0.8642502 0.46449809999999997
v -0.3942 0.7265547 0.5194449000000001
v -0.3942 0.7265547 0.46226429999999996
v -0.47877210000000003 0.9251487 0.46226429999999985
v -0.47877210000000003 0.9251487 0.5194449
v 0.1099827 -0.5672511 0.5312421
v 0.1120788 -0.5723136000000001 3.504410091742493e-17
v 0.5060511 -0.1783413 1.0920255110038893e-17
v 0.5009886 -0.1762452 0.5312421
v 0.5009886 -0.1762452 0.5312421
v 0.5060511 -0.1783413 1.0920255110038893e-17
v 0.48310200000000003 0.3961944 -2.4259910190005305e-17
v 0.4780404 0.39409830000000007 0.5312421
v -0.7243677000000001 -0.7527123 0.45939779999999997
v -0.7243677000000001 -0.7527114 0.4022163000000001
v -0.6920361 -0.7203807 0.4022163000000001
v -0.6920361 -0.7203807 0.45939779999999997
v -0.72018 -0.7850016 0.8602443
v -0.4103721 -1.0948086 -0.0058823999999999335
v -0.3900645 -1.0862172 -0.0017351999999999335
v -0.6998715 -0.7764101999999998 0.8643906
v -1.0567980000000001 -0.41555069999999994 0.41744880000000006
v -1.0567980000000001 -0.4155507 -0.0011825999999999746
v -1.0299204 -0.4424283 -0.001182599999999973
v -1.0299204 -0.44242829999999994 0.41744880000000006
v -1.1432142 -0.2692035 0.45939779999999997
v -1.1432142 -0.2692026 0.4022163
v -1.1755458 -0.30153420000000003 0.4022163
v -1.1755458 -0.3015342 0.45939779999999997
v -0.6920361 -0.7203807 0.45939779999999997
v -0.6920361 -0.7203807 0.4022163000000001
v -1.1432142 -0.2692026 0.4022163
v -1.1432142 -0.2692035 0.45939779999999997
v -1.1032632 -0.45547740000000003 0.519444
v -1.1032632 -0.45547740000000003 0.46226340000000005
v -1.0709324999999998 -0.48780809999999997 0.46226340000000005
v -1.0709316 -0.48780809999999997 0.519444
v -0.7609536 -0.11316779999999997 0.5194449000000001
v -0.7609545 -0.11316779999999997 0.46226340000000005
v -1.1032632 -0.45547740000000003 0.46226340000000005
v -1.1032632 -0.45547740000000003 0.519444
v -0.48903660000000004 -0.6674049000000001 0.5546169000000001
v -0.5841000000000001 -0.5723252999999999 0.5546169000000001
v -0.5841000000000001 -0.5723252999999999 0.793764
v -0.48903660000000004 -0.6674049000000001 0.793764
v -0.48903660000000004 -0.6674049000000001 0.5546088
v -0.48903660000000004 -0.6674049000000001 0.793764
v -0.5841000000000001 -0.5723252999999999 0.793764
v -0.5841000000000001 -0.5723252999999999 0.5546088
v -1.1050137 -0.40159349999999994 0.5546169000000001
v -1.1050137 -0.40159349999999994 0.793764
v -0.7490907 -0.7602876 0.5519178
v -0.7490907 -0.7602876 0.793764
v -0.7490907 -0.7602876 0.5519133
v -0.7490907 -0.7602876 0.793764
v -1.1050137 -0.40159349999999994 0.793764
v -1.1050137 -0.40159349999999994 0.5546088
v 0.15255000000000002 -0.6673968 0.5546169000000001
v -0.48903660000000004 -0.6674049000000001 0.5546169000000001
v -0.48903660000000004 -0.6674049000000001 0.793764
v 0.15255000000000002 -0.6673968 0.793764
v -0.48903660000000004 -0.6674049000000001 0.5546088
v 0.15255000000000002 -0.6673968 0.5546088
v 0.15255000000000002 -0.6673968 0.793764
v -0.48903660000000004 -0.6674049000000001 0.793764
v -1.1050137 -0.40159349999999994 0.793764
v -1.1050137 -0.40159349999999994 0.5546169000000001
v -0.9357516000000001 -0.22792139999999997 0.5546169000000001
v -0.9357516000000001 -0.22792139999999997 0.7937649
v -1.1050137 -0.40159349999999994 0.5546088
v -1.1050137 -0.40159349999999994 0.793764
v -0.9357516000000001 -0.22792139999999997 0.793764
v -0.9357516000000001 -0.22792139999999997 0.5546088
v -0.4837914 0.8689203 0.7937648999999999
v -0.4837914 0.8689203 0.5546169
v 0.1524798 0.8689797 0.5546169
v 0.1524798 0.8689797 0.7937648999999999
v -0.9340893 0.41895810000000006 0.7937649
v -0.9340893 0.41895810000000006 0.5546169000000001
v -0.4837914 0.8689203 0.5546169
v -0.4837914 0.8689203 0.7937648999999999
v -0.9357516000000001 -0.22792139999999997 0.7937649
v -0.9357516000000001 -0.22792139999999997 0.5546169000000001
v -0.9340893 0.41895810000000006 0.5546169000000001
v -0.9340893 0.41895810000000006 0.7937649
v 0.15255000000000002 -0.6673968 0.7937649
v 0.6023151 -0.21767309999999995 0.7937649
v 0.6023151 -0.21767309999999998 0.5546169000000001
v 0.15255000000000002 -0.6673968 0.5546169000000001
v 0.602262 0.4193874000000001 0.7937649
v 0.602262 0.4193874000000001 0.5546169000000001
v 0.6023151 -0.21767309999999998 0.5546169000000001
v 0.6023151 -0.21767309999999995 0.7937649
v 0.1524798 0.8689797 0.7937648999999999
v 0.1524798 0.8689797 0.5546169
v 0.602262 0.4193874000000001 0.5546169000000001
v 0.602262 0.4193874000000001 0.7937649
v -0.4837914 0.8689203 0.5546087999999999
v -0.4837914 0.8689203 0.7937648999999999
v 0.1524798 0.8689797 0.7937648999999999
v 0.1524798 0.8689797 0.5546087999999999
v -0.9340893 0.41895810000000006 0.5546088
v -0.9340893 0.41895810000000006 0.7937649
v -0.4837914 0.8689203 0.7937648999999999
v -0.4837914 0.8689203 0.5546087999999999
v 0.6023151 -0.21767309999999998 0.5546088
v 0.6023151 -0.21767309999999995 0.7937649
v 0.15255000000000002 -0.6673968 0.7937649
v 0.15255000000000002 -0.6673968 0.5546088
v 0.602262 0.4193874000000001 0.5546088
v 0.602262 0.4193874000000001 0.7937649
v 0.6023151 -0.21767309999999995 0.7937649
v 0.6023151 -0.21767309999999998 0.5546088
v 0.1524798 0.8689797 0.5546087999999999
v 0.1524798 0.8689797 0.7937648999999999
v 0.602262 0.4193874000000001 0.7937649
v 0.602262 0.4193874000000001 0.5546088
v -0.7545888 -0.7734078000000001 0.5528484
v -0.5766570000000001 -0.595476 0.5528484
v -0.948618 -0.22351499999999996 0.5528484
v -1.1265489000000002 -0.40144679999999994 0.5528484
v 0.2793834 0.2773323000000001 1.9940832
v 0.0260289 0.5306868000000001 1.9940832
v 0.0260289 0.5306868000000001 2.306133
v 0.2793834 0.27733230000000014 2.306133
v -0.5856246 0.2773323000000001 1.9940823
v -0.5856246 0.27733230000000014 2.306133
v -0.33226920000000004 0.5306868000000001 2.306133
v -0.33226920000000004 0.5306868000000001 1.9940823
v -0.5856246 -0.08096579999999988 1.9940823
v -0.33226920000000004 -0.3343202999999999 1.9940823
v -0.33226920000000004 -0.33432029999999985 2.306133
v -0.5856246 -0.08096579999999987 2.306133
v 0.2793834 -0.08096579999999987 2.306133
v 0.2793834 -0.08096579999999988 1.9940823
v 0.2793834 0.2773323000000001 1.9940832
v 0.2793834 0.27733230000000014 2.306133
v 0.0260289 0.5306868000000001 2.306133
v 0.0260289 0.5306868000000001 1.9940832
v -0.33226920000000004 0.5306868000000001 1.9940823
v -0.33226920000000004 0.5306868000000001 2.306133
v -0.5856246 0.27733230000000014 2.306133
v -0.5856246 0.2773323000000001 1.9940823
v -0.5856246 -0.08096579999999988 1.9940823
v -0.5856246 -0.08096579999999987 2.306133
v -0.33226920000000004 -0.33432029999999985 2.306133
v -0.33226920000000004 -0.3343202999999999 1.9940823
v 0.0260289 -0.3343202999999999 1.9940823
v 0.026028000000000003 -0.33432029999999985 2.306133
v 0.2793834 -0.08096579999999988 1.9940823
v 0.2793834 -0.08096579999999987 2.306133
v 0.026028000000000003 -0.33432029999999985 2.306133
v 0.0260289 -0.3343202999999999 1.9940823
v -0.3967758 0.6523506 0.5316777
v -0.7213536 0.3277728000000001 0.5316777
v -0.3956328 0.6535089000000002 1.2548214000000002
v -0.720333 0.32880870000000006 1.254816
v 0.3389553 0.3074526 0.9895122000000001
v 0.0426222 0.6037866000000001 0.9895122000000001
v 0.0006606 0.46602720000000014 2.019645
v 0.2173446 0.24934320000000013 2.019645
v 0.0636264 0.6522003 0.5316777
v -0.3967758 0.6523506 0.5316777
v -0.3956328 0.6535089000000002 0.9495432
v 0.0624384 0.6534036000000001 0.9495440999999999
v -0.7213122000000001 -0.13034699999999994 0.9495440999999999
v -0.7201197 -0.13154579999999996 0.5316777
v -0.3955419 -0.4561236 0.5316777
v -0.396612 -0.4550471999999999 0.9495396000000002
v -0.396612 -0.4550471999999999 0.9495396000000002
v -0.3955419 -0.4561236 0.5316777
v 0.06255720000000001 -0.45613889999999996 0.5316777
v 0.0635067 -0.45503279999999996 0.9495368999999999
v 0.0635067 -0.45503279999999996 0.9495368999999999
v 0.06255720000000001 -0.45613889999999996 0.5316777
v 0.387135 -0.1315611 0.5316777
v 0.3882078 -0.13033169999999994 0.9495368999999999
v 0.3882042 0.32762250000000004 0.5316777
v 0.0636264 0.6522003 0.5316777
v 0.0624384 0.6534036000000001 0.9495440999999999
v 0.3871386 0.32870340000000003 0.9495396000000002
v 0.9874629 1.0259919 -0.0021222000000000628
v 1.1983041 0.9241029 -0.003935700000000057
v 1.1697047999999999 0.9665406 0.22572089999999995
v 1.0605492 1.0300779 0.22294979999999992
v 1.1366568000000001 1.0155825 0.2774502
v -0.7520310000000001 1.1520657 -0.01121850000000007
v -0.7851312 1.1686617000000001 0.14917319999999992
v -1.1484477000000002 1.0832625 0.19829969999999994
v -1.1303937 1.0508049000000002 -0.006012900000000064
v -1.2258603 0.5101353000000001 0.1625364
v -1.2037698000000001 0.48042000000000007 -0.00601290000000003
v -0.9340893 0.41895810000000006 0.5546088
v -0.9357516000000001 -0.22792139999999997 0.5546088
v -0.9340893 0.41895810000000006 0.7937649
v -0.9357516000000001 -0.22792139999999997 0.793764
v -0.9357516000000001 -0.22792139999999997 0.793764
v 1.0428570000000001 0.9153810000000001 0.22068449999999995
v 1.0698039000000001 1.0084338 0.24651089999999995
v 0.9856791 0.9712341 -0.0034443000000000594
v 1.0301742 0.8156358 -0.0018072000000000498
v 1.1395287 0.9246861 0.21739949999999994
v 1.0698039000000001 1.0084338 0.24651089999999995
v 1.0428570000000001 0.9153810000000001 0.22068449999999995
v 1.1641131 0.8148474 -0.00256860000000005
v 0.5724801 0.6855984 0.20202569999999995
v 0.567747 0.720207 -0.003169800000000044
v 0.4414617 0.7735617 -0.0031698000000000472
v 0.44852400000000003 0.6536952 0.22849379999999994
v 0.5283720000000001 0.6433263 0.2696706
v 0.37375650000000005 0.7107606000000001 -0.003935700000000044
v 0.6170148 0.42499080000000006 0.5528484
v 0.1584513 0.8835543 0.5528483999999999
v 0.6170148 -0.22351499999999996 0.5528484
v -0.4900545 -0.6820785 0.5528484
v 0.1584513 -0.6820785 0.5528484
v -0.948618 0.42499080000000006 0.5528484
v -0.948618 -0.22351499999999996 0.5528484
v -0.4900545 0.8835543 0.5528483999999999
vt 0.857200 0.380359
vt 0.861576 0.358475
vt 0.869896 0.373979
vt 0.811457 0.450916
vt 0.798900 0.517688
vt 0.791877 0.490927
vt 0.853327 0.296196
vt 0.847892 0.338828
vt 0.842811 0.327858
vt 0.818384 0.296558
vt 0.808968 0.301992
vt 0.819711 0.273702
vt 0.798880 0.517688
vt 0.791854 0.490927
vt 0.822359 0.449935
vt 0.732019 0.700942
vt 0.767273 0.509870
vt 0.802527 0.700942
vt 0.578513 0.701027
vt 0.612790 0.509984
vt 0.647066 0.701027
vt 0.503485 0.701027
vt 0.538921 0.509984
vt 0.574357 0.701027
vt 0.426954 0.701027
vt 0.463025 0.509984
vt 0.499095 0.701027
vt 0.351108 0.701027
vt 0.386726 0.509984
vt 0.422344 0.701027
vt 0.275100 0.701027
vt 0.310951 0.509984
vt 0.346803 0.701027
vt 0.196041 0.701027
vt 0.233583 0.509984
vt 0.271126 0.701027
vt 0.937998 0.074609
vt 1.071854 0.105149
vt 0.944614 0.101692
vt 0.938019 0.069138
vt 0.944591 0.041498
vt 1.064216 0.041347
vt 0.609239 0.065112
vt 0.602803 0.044324
vt 0.619670 0.059077
vt 0.748631 0.658927
vt 0.734204 0.648637
vt 0.738393 0.631959
vt 0.772028 0.648637
vt 0.757601 0.658927
vt 0.767840 0.631959
vt 0.645115 0.058652
vt 0.629967 0.047847
vt 0.634364 0.030335
vt 0.669682 0.047847
vt 0.654534 0.058652
vt 0.665285 0.030335
vt 0.896760 0.623116
vt 0.883235 0.613468
vt 0.887161 0.597833
vt 0.918695 0.613468
vt 0.905170 0.623116
vt 0.914769 0.597833
vt 0.297660 0.320123
vt 0.312808 0.330928
vt 0.308411 0.348440
vt 0.273094 0.330928
vt 0.288242 0.320123
vt 0.277491 0.348440
vt 0.515939 0.219977
vt 0.500791 0.209173
vt 0.505188 0.191661
vt 0.540506 0.209172
vt 0.525358 0.219977
vt 0.536108 0.191660
vt 0.707472 0.272540
vt 0.695056 0.263683
vt 0.698660 0.249329
vt 0.727610 0.263683
vt 0.715193 0.272539
vt 0.724005 0.249329
vt 0.484454 0.177820
vt 0.499602 0.188625
vt 0.495205 0.206137
vt 0.996605 0.640258
vt 0.913485 0.640258
vt 0.955045 0.535069
vt 0.087733 0.812112
vt 0.087733 0.812112
vt 0.006368 0.812112
vt 0.478119 0.502947
vt 0.448162 0.239946
vt 0.508077 0.239946
vt 0.538035 0.502947
vt 0.508077 0.239946
vt 0.567993 0.239946
vt 0.597951 0.502947
vt 0.567993 0.239946
vt 0.627908 0.239946
vt 0.657866 0.502947
vt 0.627908 0.239946
vt 0.687824 0.239946
vt 0.628893 0.315772
vt 0.658851 0.578772
vt 0.598936 0.578772
vt 0.568978 0.315772
vt 0.598936 0.578772
vt 0.539020 0.578772
vt 0.509062 0.315772
vt 0.539020 0.578772
vt 0.479104 0.578772
vt 0.449146 0.315772
vt 0.479104 0.578772
vt 0.419189 0.578772
vt 0.727863 0.803402
vt 0.727863 0.804310
vt 0.727863 0.626291
vt 0.658017 0.587585
vt 0.722297 0.587585
vt 0.727863 0.619054
vt 0.727863 0.619054
vt 0.651222 0.619369
vt 0.658017 0.587585
vt 0.647066 0.709423
vt 0.647066 0.804310
vt 0.578513 0.804441
vt 0.578513 0.804441
vt 0.578513 0.709423
vt 0.647066 0.709423
vt 0.346803 0.804441
vt 0.275100 0.804441
vt 0.275100 0.709423
vt 0.275100 0.709423
vt 0.346803 0.709423
vt 0.346803 0.804441
vt 0.818384 0.296558
vt 0.819711 0.273702
vt 0.853327 0.296196
vt 0.842811 0.327858
vt 0.818384 0.296558
vt 0.817285 0.312989
vt 0.818384 0.296558
vt 0.808968 0.301992
vt 0.842811 0.327858
vt 0.847892 0.338828
vt 0.814552 0.334920
vt 0.817285 0.312989
vt 0.808968 0.301992
vt 0.817285 0.312989
vt 0.880463 0.432104
vt 0.854355 0.438726
vt 0.857200 0.380359
vt 0.857200 0.380359
vt 0.869896 0.373979
vt 0.889377 0.400541
vt 0.887572 0.415635
vt 0.874183 0.368458
vt 0.874183 0.368458
vt 0.875402 0.353527
vt 0.849389 0.352999
vt 0.861497 0.358594
vt 0.849124 0.368529
vt 0.857143 0.380323
vt 0.851284 0.371555
vt 0.843516 0.433334
vt 0.834445 0.414352
vt 0.854312 0.438278
vt 0.866261 0.379482
vt 0.861497 0.358594
vt 0.867485 0.437853
vt 0.887572 0.415635
vt 0.874183 0.368458
vt 0.887572 0.415635
vt 0.861497 0.358594
vt 0.798880 0.517688
vt 0.822359 0.449935
vt 0.815263 0.457621
vt 0.822200 0.437612
vt 0.822359 0.449935
vt 0.822359 0.449935
vt 0.846950 0.488800
vt 0.840941 0.508937
vt 0.827443 0.524200
vt 0.829983 0.457053
vt 0.815263 0.457621
vt 0.822200 0.437612
vt 0.810873 0.524739
vt 0.798880 0.517688
vt 0.359334 0.278615
vt 0.352321 0.278615
vt 0.352321 0.220966
vt 0.352321 0.220966
vt 0.359334 0.220966
vt 0.352321 0.278615
vt 0.344765 0.278615
vt 0.344765 0.220966
vt 0.344765 0.220966
vt 0.352321 0.220966
vt 0.359334 0.278615
vt 0.352321 0.278615
vt 0.352321 0.220966
vt 0.352321 0.220966
vt 0.359334 0.220966
vt 0.352321 0.278615
vt 0.344765 0.278615
vt 0.344765 0.220966
vt 0.344765 0.220966
vt 0.352321 0.220966
vt 0.359334 0.278615
vt 0.352321 0.278615
vt 0.352321 0.220966
vt 0.352321 0.220966
vt 0.359334 0.220966
vt 0.352321 0.278615
vt 0.344765 0.278615
vt 0.344765 0.220966
vt 0.344765 0.220966
vt 0.352321 0.220966
vt 0.359334 0.278615
vt 0.352321 0.278615
vt 0.352321 0.220966
vt 0.352321 0.220966
vt 0.359334 0.220966
vt 0.359334 0.278615
vt 0.352321 0.278615
vt 0.352321 0.220966
vt 0.352321 0.220966
vt 0.359334 0.220966
vt 0.352321 0.278615
vt 0.344765 0.278615
vt 0.344765 0.220966
vt 0.344765 0.220966
vt 0.352321 0.220966
vt 0.352321 0.278615
vt 0.344765 0.278615
vt 0.344765 0.220966
vt 0.344765 0.220966
vt 0.352321 0.220966
vt 0.532867 0.031835
vt 0.598978 0.031835
vt 0.598978 0.042461
vt 0.598978 0.042461
vt 0.532867 0.042461
vt 0.335441 0.330709
vt 0.335441 0.316160
vt 0.411557 0.316160
vt 0.411557 0.316160
vt 0.411557 0.330709
vt 0.335441 0.316160
vt 0.335441 0.304510
vt 0.411557 0.304510
vt 0.411557 0.304510
vt 0.411557 0.316160
vt 0.359334 0.278615
vt 0.352321 0.278615
vt 0.352321 0.220966
vt 0.352321 0.220966
vt 0.359334 0.220966
vt 0.352321 0.278615
vt 0.344765 0.278615
vt 0.344765 0.220966
vt 0.344765 0.220966
vt 0.352321 0.220966
vt 0.994096 0.324455
vt 0.994269 0.593861
vt 0.991812 0.594050
vt 0.991812 0.594050
vt 0.991638 0.324455
vt 0.532867 0.031835
vt 0.598978 0.031835
vt 0.598978 0.042461
vt 0.598978 0.042461
vt 0.532867 0.042461
vt 0.287736 0.589599
vt 0.287735 0.406778
vt 0.297591 0.406778
vt 0.297591 0.406778
vt 0.297424 0.589584
vt 0.297424 0.589584
vt 0.297591 0.406778
vt 0.305306 0.406763
vt 0.305306 0.406763
vt 0.305306 0.589584
vt 0.335441 0.330709
vt 0.335441 0.316160
vt 0.411557 0.316160
vt 0.411557 0.316160
vt 0.411557 0.330709
vt 0.335441 0.316160
vt 0.335441 0.304510
vt 0.411557 0.304510
vt 0.411557 0.304510
vt 0.411557 0.316160
vt 0.854355 0.438726
vt 0.833916 0.408345
vt 0.848972 0.361769
vt 0.857200 0.380359
vt 0.854355 0.438726
vt 0.861576 0.358475
vt 0.874183 0.368458
vt 0.887572 0.415635
vt 0.867485 0.437853
vt 0.867485 0.437853
vt 0.866261 0.379482
vt 0.866261 0.379482
vt 0.861497 0.358594
vt 0.791877 0.490927
vt 0.840944 0.508937
vt 0.827330 0.446069
vt 0.811457 0.450916
vt 0.840941 0.508937
vt 0.829983 0.457053
vt 0.822359 0.449935
vt 0.822200 0.437612
vt 0.222524 0.318002
vt 0.252430 0.318002
vt 0.252430 0.342822
vt 0.222524 0.342823
vt 0.548424 0.215705
vt 0.539113 0.174723
vt 0.614988 0.174367
vt 0.614988 0.231405
vt 0.217992 0.318002
vt 0.217992 0.342823
vt 0.152408 0.342823
vt 0.152408 0.318003
vt 0.039167 0.342824
vt 0.004700 0.342824
vt 0.004700 0.318004
vt 0.039167 0.318004
vt 0.618937 0.231411
vt 0.618937 0.174367
vt 0.724013 0.174507
vt 0.719311 0.219760
vt 0.148178 0.318003
vt 0.148178 0.342823
vt 0.043316 0.342824
vt 0.043315 0.318004
vt 0.903128 0.180148
vt 0.927369 0.180148
vt 0.927369 0.225000
vt 0.903128 0.225000
vt 0.940131 0.259198
vt 0.940131 0.217822
vt 0.966754 0.217842
vt 0.966754 0.259177
vt 0.366967 0.353051
vt 0.327264 0.353050
vt 0.327264 0.588491
vt 0.366967 0.588050
vt 0.379078 0.353492
vt 0.379078 0.588491
vt 0.416799 0.588491
vt 0.416799 0.353492
vt 0.898539 0.802300
vt 0.898539 0.937865
vt 0.982858 0.937865
vt 0.982858 0.802300
vt 0.909695 0.640258
vt 0.909695 0.793216
vt 0.858833 0.793216
vt 0.837716 0.640258
vt 0.344765 0.214114
vt 0.344765 0.198233
vt 0.352321 0.198233
vt 0.352321 0.214114
vt 0.718880 0.566392
vt 0.718880 0.577340
vt 0.663640 0.577340
vt 0.663640 0.566392
vt 0.344765 0.278615
vt 0.337818 0.278615
vt 0.337818 0.220966
vt 0.344765 0.220966
vt 0.344765 0.214114
vt 0.344765 0.198233
vt 0.352321 0.198233
vt 0.352321 0.214114
vt 0.718880 0.566392
vt 0.718880 0.577348
vt 0.663640 0.577348
vt 0.663640 0.566392
vt 0.344765 0.278615
vt 0.337818 0.278615
vt 0.337818 0.220966
vt 0.344765 0.220966
vt 0.344765 0.214114
vt 0.344765 0.198233
vt 0.352321 0.198233
vt 0.352321 0.214114
vt 0.718880 0.566392
vt 0.718880 0.577340
vt 0.663640 0.577340
vt 0.663640 0.566392
vt 0.344765 0.278615
vt 0.337818 0.278615
vt 0.337818 0.220966
vt 0.344765 0.220966
vt 0.344765 0.214114
vt 0.344765 0.198233
vt 0.352321 0.198233
vt 0.352321 0.214114
vt 0.718880 0.566392
vt 0.718880 0.577340
vt 0.663640 0.577340
vt 0.663640 0.566392
vt 0.352321 0.278615
vt 0.344765 0.278615
vt 0.344765 0.220966
vt 0.352321 0.220966
vt 0.344765 0.214114
vt 0.344765 0.198233
vt 0.352321 0.198233
vt 0.352321 0.214114
vt 0.718880 0.523051
vt 0.718880 0.512095
vt 0.663640 0.512095
vt 0.663640 0.523051
vt 0.352321 0.278615
vt 0.344765 0.278615
vt 0.344765 0.220966
vt 0.352321 0.220966
vt 0.344765 0.214114
vt 0.344765 0.198233
vt 0.352321 0.198233
vt 0.352321 0.214114
vt 0.718880 0.566392
vt 0.718880 0.577348
vt 0.663640 0.577348
vt 0.663640 0.566392
vt 0.344765 0.278615
vt 0.337818 0.278615
vt 0.337818 0.220966
vt 0.344765 0.220966
vt 0.344765 0.214114
vt 0.344765 0.198233
vt 0.352321 0.198233
vt 0.352321 0.214114
vt 0.718880 0.512095
vt 0.718880 0.523043
vt 0.663640 0.523043
vt 0.663640 0.512095
vt 0.344765 0.278615
vt 0.337818 0.278615
vt 0.337818 0.220966
vt 0.344765 0.220966
vt 0.012331 0.666544
vt 0.012331 0.804441
vt 0.098324 0.804441
vt 0.098324 0.666544
vt 0.191925 0.666544
vt 0.191925 0.804441
vt 0.101219 0.804441
vt 0.101219 0.666544
vt 0.098324 0.666544
vt 0.098324 0.804441
vt 0.012331 0.804441
vt 0.012331 0.666544
vt 0.191925 0.666544
vt 0.191925 0.804441
vt 0.101219 0.804441
vt 0.101219 0.666544
vt 0.098324 0.666544
vt 0.098324 0.804441
vt 0.012331 0.804441
vt 0.012331 0.666544
vt 0.532867 0.042461
vt 0.598978 0.042461
vt 0.598978 0.053087
vt 0.532867 0.053087
vt 0.419370 0.294959
vt 0.428830 0.294959
vt 0.428830 0.307658
vt 0.419370 0.307658
vt 0.335441 0.304510
vt 0.335441 0.290040
vt 0.411557 0.290040
vt 0.411557 0.304510
vt 0.666138 0.010369
vt 0.782049 0.010369
vt 0.782049 0.020569
vt 0.666138 0.020569
vt 0.666138 0.020569
vt 0.782049 0.020569
vt 0.774929 0.037619
vt 0.680164 0.037619
vt 0.148911 0.658020
vt 0.079584 0.658020
vt 0.091062 0.371988
vt 0.141754 0.371988
vt 0.075851 0.657446
vt 0.006209 0.657579
vt 0.015836 0.371509
vt 0.067573 0.371023
vt 0.220275 0.658015
vt 0.150949 0.658015
vt 0.158795 0.374048
vt 0.209488 0.374048
vt 0.075851 0.657446
vt 0.006209 0.657579
vt 0.015836 0.371509
vt 0.067573 0.371023
vt 0.680428 0.047573
vt 0.775193 0.047573
vt 0.782314 0.064691
vt 0.666402 0.064691
vt 0.666402 0.010259
vt 0.782314 0.010259
vt 0.782314 0.020459
vt 0.666402 0.020459
vt 0.785814 0.009941
vt 0.933937 0.009941
vt 0.933937 0.055539
vt 0.785814 0.055539
vt 0.075851 0.657446
vt 0.006209 0.657579
vt 0.015836 0.371509
vt 0.067573 0.371023
vt 0.158795 0.374048
vt 0.209488 0.374048
vt 0.220275 0.658015
vt 0.150949 0.658015
vt 0.285147 0.589837
vt 0.220867 0.589908
vt 0.228473 0.382444
vt 0.279165 0.382443
vt 0.626187 0.030122
vt 0.626187 0.045600
vt 0.602803 0.044324
vt 0.602803 0.031397
vt 0.747745 0.621538
vt 0.758487 0.621538
vt 0.757601 0.658927
vt 0.748631 0.658927
vt 0.644185 0.019393
vt 0.655464 0.019393
vt 0.654534 0.058652
vt 0.645115 0.058652
vt 0.895930 0.588063
vt 0.906000 0.588063
vt 0.905170 0.623116
vt 0.896760 0.623116
vt 0.298591 0.359382
vt 0.287312 0.359382
vt 0.288242 0.320123
vt 0.297660 0.320123
vt 0.515009 0.180719
vt 0.526288 0.180719
vt 0.525358 0.219977
vt 0.515939 0.219977
vt 0.706710 0.240360
vt 0.715955 0.240360
vt 0.715193 0.272539
vt 0.707472 0.272540
vt 0.485384 0.217079
vt 0.474105 0.217079
vt 0.475035 0.177820
vt 0.484454 0.177820
vt 0.366967 0.353051
vt 0.366967 0.588050
vt 0.327264 0.588491
vt 0.327264 0.353050
vt 0.379078 0.353492
vt 0.416799 0.353492
vt 0.416799 0.588491
vt 0.379078 0.588491
vt 0.806737 0.804441
vt 0.838636 0.804441
vt 0.838636 0.669456
vt 0.806737 0.669425
vt 0.806737 0.669456
vt 0.838636 0.669425
vt 0.838636 0.804441
vt 0.806737 0.804441
vt 0.921721 0.792896
vt 0.913485 0.793216
vt 0.913485 0.640258
vt 0.921721 0.640631
vt 0.988452 0.640631
vt 0.996605 0.640258
vt 0.996605 0.793216
vt 0.988452 0.792896
vt 0.921721 0.640631
vt 0.988452 0.640631
vt 0.988452 0.792896
vt 0.921721 0.792896
vt 0.837716 0.640258
vt 0.858833 0.793216
vt 0.909695 0.793216
vt 0.909695 0.640258
vt 0.898539 0.802300
vt 0.982858 0.802300
vt 0.982858 0.937865
vt 0.898539 0.937865
vt 0.344765 0.214114
vt 0.344765 0.198233
vt 0.352321 0.198233
vt 0.352321 0.214114
vt 0.718880 0.566392
vt 0.718880 0.577348
vt 0.663640 0.577348
vt 0.663640 0.566392
vt 0.344765 0.278615
vt 0.337818 0.278615
vt 0.337818 0.220966
vt 0.344765 0.220966
vt 0.191925 0.666544
vt 0.191925 0.804441
vt 0.101219 0.804441
vt 0.101219 0.666544
vt 0.098324 0.666544
vt 0.098324 0.804441
vt 0.012331 0.804441
vt 0.012331 0.666544
vt 0.302823 0.393843
vt 0.302823 0.377961
vt 0.310387 0.377961
vt 0.310387 0.393842
vt 0.991638 0.324455
vt 0.991812 0.594050
vt 0.989386 0.594236
vt 0.989212 0.324455
vt 0.532867 0.042461
vt 0.598978 0.042461
vt 0.598978 0.053087
vt 0.532867 0.053087
vt 0.295689 0.378752
vt 0.295690 0.394633
vt 0.288126 0.394633
vt 0.288126 0.378752
vt 0.305306 0.406763
vt 0.315163 0.406763
vt 0.315163 0.589584
vt 0.305306 0.589584
vt 0.419370 0.294959
vt 0.428830 0.294959
vt 0.428830 0.307658
vt 0.419370 0.307658
vt 0.335441 0.304510
vt 0.335441 0.290040
vt 0.411557 0.290040
vt 0.411557 0.304510
vt 0.876549 0.812112
vt 0.893790 0.812112
vt 0.893790 0.870054
vt 0.876549 0.870054
vt 0.876549 0.940508
vt 0.876549 0.878025
vt 0.894239 0.878025
vt 0.894275 0.940413
vt 0.087733 0.812112
vt 0.087733 0.870054
vt 0.006368 0.812112
vt 0.006368 0.870054
vt 0.006368 0.941579
vt 0.006368 0.878025
vt 0.087733 0.878025
vt 0.087733 0.940868
vt 0.779736 0.812112
vt 0.872800 0.812112
vt 0.872800 0.870054
vt 0.779736 0.870054
vt 0.872800 0.940508
vt 0.779736 0.940868
vt 0.779736 0.878025
vt 0.872800 0.878025
vt 0.091899 0.870054
vt 0.091899 0.812112
vt 0.132493 0.812112
vt 0.132493 0.870054
vt 0.091899 0.940868
vt 0.091899 0.878025
vt 0.132493 0.878025
vt 0.132493 0.940869
vt 0.356572 0.870054
vt 0.356572 0.812112
vt 0.460015 0.812112
vt 0.460015 0.870054
vt 0.248145 0.870054
vt 0.248145 0.812112
vt 0.352436 0.812112
vt 0.352436 0.870054
vt 0.136826 0.870054
vt 0.136826 0.812112
vt 0.243639 0.812112
vt 0.243639 0.870054
vt 0.775195 0.870054
vt 0.675768 0.870054
vt 0.675768 0.812112
vt 0.775195 0.812112
vt 0.570601 0.870054
vt 0.570601 0.812112
vt 0.671922 0.812112
vt 0.671922 0.870054
vt 0.464556 0.870054
vt 0.464556 0.812112
vt 0.566866 0.812112
vt 0.566866 0.870054
vt 0.356572 0.940868
vt 0.356572 0.878025
vt 0.460015 0.878025
vt 0.460015 0.940868
vt 0.248145 0.940868
vt 0.248145 0.878025
vt 0.352436 0.878025
vt 0.352436 0.940868
vt 0.675768 0.940868
vt 0.675768 0.878025
vt 0.775195 0.878025
vt 0.775195 0.940868
vt 0.570601 0.940868
vt 0.570601 0.878025
vt 0.671922 0.878025
vt 0.671922 0.940868
vt 0.464556 0.940868
vt 0.464556 0.878025
vt 0.566866 0.878025
vt 0.566866 0.940868
vt 0.681448 0.342871
vt 0.715945 0.342871
vt 0.715945 0.495153
vt 0.681448 0.495153
vt 0.389565 0.669966
vt 0.337990 0.669966
vt 0.337990 0.598522
vt 0.389565 0.598522
vt 0.224651 0.669966
vt 0.224651 0.598522
vt 0.277498 0.598522
vt 0.277498 0.669966
vt 0.600155 0.669966
vt 0.554050 0.669966
vt 0.554050 0.598522
vt 0.600155 0.598522
vt 0.444496 0.598522
vt 0.444496 0.669966
vt 0.393544 0.669966
vt 0.393544 0.598522
vt 0.334103 0.598522
vt 0.334103 0.669966
vt 0.281881 0.669966
vt 0.281881 0.598522
vt 0.646261 0.598522
vt 0.646261 0.669966
vt 0.604473 0.669966
vt 0.604473 0.598522
vt 0.549931 0.598522
vt 0.549931 0.669966
vt 0.501391 0.669966
vt 0.501391 0.598522
vt 0.448858 0.669966
vt 0.448858 0.598522
vt 0.497524 0.598522
vt 0.497524 0.669966
vt 0.727863 0.804310
vt 0.651222 0.804310
vt 0.727863 0.626291
vt 0.651222 0.626535
vt 0.148911 0.658020
vt 0.079584 0.658020
vt 0.091062 0.371988
vt 0.141754 0.371988
vt 0.802527 0.804441
vt 0.732019 0.804310
vt 0.732019 0.709342
vt 0.802527 0.709342
vt 0.574357 0.709423
vt 0.574357 0.804441
vt 0.503485 0.804441
vt 0.503485 0.709423
vt 0.499095 0.709423
vt 0.499095 0.804441
vt 0.426954 0.804441
vt 0.426954 0.709423
vt 0.422344 0.709423
vt 0.422344 0.804441
vt 0.351108 0.804441
vt 0.351108 0.709423
vt 0.271126 0.804441
vt 0.196041 0.804441
vt 0.196041 0.709423
vt 0.271126 0.709423
vt 0.889363 0.404389
vt 0.880463 0.432104
vt 0.869896 0.373979
vt 0.874350 0.355227
vt 0.861576 0.358475
vt 0.334047 0.063553
vt 0.335624 0.025752
vt 0.395816 0.005608
vt 0.395816 0.063553
vt 0.490980 0.022708
vt 0.493196 0.063553
vt 0.243639 0.940868
vt 0.136826 0.940869
vt 0.243639 0.878025
vt 0.136826 0.878025
vt 0.136826 0.878025
vt 0.821476 0.455226
vt 0.827330 0.446069
vt 0.840944 0.508937
vt 0.818506 0.526201
vt 0.811457 0.450916
vt 0.827330 0.446069
vt 0.821476 0.455226
vt 0.798900 0.517688
vt 0.866261 0.379482
vt 0.867485 0.437853
vt 0.854312 0.438278
vt 0.855294 0.377452
vt 0.861497 0.358594
vt 0.843516 0.433334
vt 0.930580 0.307415
vt 0.930580 0.495153
vt 0.867715 0.174664
vt 0.715945 0.307415
vt 0.778810 0.174664
vt 0.778810 0.627904
vt 0.715945 0.495153
vt 0.867715 0.627904
vn 0.624954 0.613517 0.48273099999999997
vn 0.01409 -0.03625399999999994 0.999243
vn 0.188435 -0.855743 0.4818680000000001
vn 0.627373 -0.4310399999999999 0.648543
vn 0.748379 -0.556187 0.3613660000000001
vn 0.687379 0.725539 0.033230999999999955
vn 0.7138 0.697412 -0.06407100000000004
vn 0.7138 0.697412 -0.06407100000000004
vn 0.7138 0.697412 -0.06407100000000004
vn 0.205403 -0.693305 0.690752
vn -0.695536 -0.649292 0.30765200000000004
vn 0.353794 -0.933159 0.06358800000000006
vn -0.907934 0.17639300000000002 0.380186
vn -0.942233 -0.32786 0.06859800000000002
vn -0.48371 -0.849831 0.20931400000000006
vn 0.000138 0.604596 0.796532
vn 0.000138 0.604596 0.796532
vn 0.000138 0.604596 0.796532
vn -0.595994 0.0012870000000000492 0.802988
vn -0.595994 0.0012870000000000492 0.802988
vn -0.595994 0.0012870000000000492 0.802988
vn -0.423974 -0.42398299999999994 0.800303
vn -0.423974 -0.42398299999999994 0.800303
vn -0.423974 -0.42398299999999994 0.800303
vn 2.4E-05 -0.607292 0.794479
vn 2.4E-05 -0.607292 0.794479
vn 2.4E-05 -0.607292 0.794479
vn 0.43405 -0.43405099999999996 0.789431
vn 0.43405 -0.43405099999999996 0.789431
vn 0.43405 -0.43405099999999996 0.789431
vn 0.61612 0.0014300000000000482 0.787651
vn 0.61612 0.0014300000000000482 0.787651
vn 0.61612 0.0014300000000000482 0.787651
vn 0.433075 0.43306600000000006 0.790507
vn 0.433075 0.43306600000000006 0.790507
vn 0.433075 0.43306600000000006 0.790507
vn 0.904384 0.426714 -0.002112000000000026
vn 0.904384 0.426714 -0.002112000000000026
vn 0.904384 0.426714 -0.002112000000000026
vn -0.386777 -0.922171 0.0018670000000000563
vn -0.386777 -0.922171 0.0018670000000000563
vn -0.386777 -0.922171 0.0018670000000000563
vn -0.941879 0.331204 0.05627699999999998
vn -0.215981 0.814354 0.538683
vn -0.457004 0.745303 0.4854589999999999
vn -0.861073 -0.262956 0.435209
vn -0.922404 0.382071 0.05650299999999998
vn -0.68528 -0.502369 0.527273
vn 0.922404 -0.382072 0.05650300000000002
vn 0.129337 -0.839795 0.527273
vn 0.422933 -0.794809 0.43520900000000007
vn 0.422933 0.794809 0.43520899999999996
vn 0.922404 0.382072 0.056501999999999976
vn 0.129337 0.839795 0.527273
vn -0.922403 -0.382072 0.05650500000000002
vn -0.68528 0.502369 0.527273
vn -0.861073 0.262955 0.43521
vn -0.422933 -0.794809 0.43520800000000004
vn -0.922403 -0.382073 0.05650200000000002
vn -0.129339 -0.839795 0.527272
vn 0.922403 0.382072 0.05650299999999998
vn 0.685279 -0.50237 0.527273
vn 0.861073 -0.262957 0.43521
vn -0.262956 0.861073 0.43520899999999996
vn 0.382072 0.922404 0.05650199999999994
vn -0.50237 0.68528 0.527273
vn -0.382072 -0.922404 0.056504000000000054
vn -0.839795 -0.12933799999999998 0.527273
vn -0.794808 -0.422933 0.435209
vn 0.262956 -0.861073 0.43520900000000007
vn -0.382071 -0.922404 0.056504000000000054
vn 0.502369 -0.68528 0.527273
vn 0.382072 0.922403 0.05650399999999994
vn 0.839795 0.12933700000000004 0.527273
vn 0.794809 0.422932 0.435209
vn -0.794809 0.422933 0.435208
vn -0.382072 0.922404 0.05650199999999994
vn -0.839795 0.12933700000000004 0.527273
vn 0.382072 -0.922403 0.056505000000000055
vn -0.502369 -0.68528 0.527273
vn -0.262956 -0.861073 0.43521000000000004
vn 0.707018 -0.549664 0.44496700000000006
vn 0.361728 -0.930574 0.05643200000000006
vn 0.804111 -0.23790699999999998 0.544798
vn 0.707107 0.707106 -4.3297754977894416E-17
vn 0.707107 0.707106 -4.3297754977894416E-17
vn 0.707107 0.707106 -4.3297754977894416E-17
vn 1 0 0
vn 0.709843 0.70436 -4.3129610972371485E-17
vn 0.709843 0.70436 -4.3129610972371485E-17
vn 0.708296 4.322488849334515E-17 0.705916
vn 0.708296 4.322488849334515E-17 0.705916
vn 0.708296 4.322488849334515E-17 0.705916
vn 0.500841 0.50084 0.705916
vn 0.500841 0.50084 0.705916
vn 0.500841 0.50084 0.705916
vn 0 0.708296 0.705916
vn 0 0.708296 0.705916
vn 0 0.708296 0.705916
vn -0.50084 0.500841 0.705916
vn -0.50084 0.500841 0.705916
vn -0.50084 0.500841 0.705916
vn -0.708295 4.322488849334515E-17 0.705916
vn -0.708295 4.322488849334515E-17 0.705916
vn -0.708295 4.322488849334515E-17 0.705916
vn -0.500841 -0.50084 0.705916
vn -0.500841 -0.50084 0.705916
vn -0.500841 -0.50084 0.705916
vn 0 -0.708296 0.705916
vn 0 -0.708296 0.705916
vn 0 -0.708296 0.705916
vn 0.50084 -0.500841 0.705916
vn 0.50084 -0.500841 0.705916
vn 0.50084 -0.500841 0.705916
vn -0.789352 0.613941 0.00026399999999996245
vn -0.789352 0.613941 0.00026399999999996245
vn -0.789352 0.613941 0.00026399999999996245
vn -0.282893 0.28172200000000003 0.916845
vn -0.282893 0.28172200000000003 0.916845
vn -0.282893 0.28172200000000003 0.916845
vn -0.280084 0.28007100000000007 0.918212
vn -0.280084 0.28007100000000007 0.918212
vn -0.280084 0.28007100000000007 0.918212
vn -0.999993 -0.002686 0.002455
vn -0.999993 -0.002686 0.002455
vn -0.999993 -0.002686 0.002455
vn -0.999994 0.002138 -0.002859
vn -0.999994 0.002138 -0.002859
vn -0.999994 0.002138 -0.002859
vn 0.999994 -0.002329 0.002557
vn 0.999994 -0.002329 0.002557
vn 0.999994 -0.002329 0.002557
vn 0.999994 0.002329 -0.002573
vn 0.999994 0.002329 -0.002573
vn 0.999994 0.002329 -0.002573
vn 0.205403 -0.693305 0.690752
vn 0.353794 -0.933159 0.06358800000000006
vn 0.69075 -0.553399 0.46541800000000005
vn 0.010024 0.19898600000000005 0.979951
vn 0.205403 -0.693305 0.690752
vn -0.806922 0.22207900000000003 0.547319
vn 0.205403 -0.693305 0.690752
vn -0.695536 -0.649292 0.30765200000000004
vn 0.010024 0.19898600000000005 0.979951
vn -0.747076 0.630655 0.21012199999999998
vn -0.931832 0.361325 -0.03365700000000002
vn -0.806922 0.22207900000000003 0.547319
vn -0.695536 -0.649292 0.30765200000000004
vn -0.806922 0.22207900000000003 0.547319
vn 0.917502 -0.354588 0.18016100000000002
vn -0.08945 0.97923 0.18195499999999995
vn 0.624954 0.613517 0.48273099999999997
vn 0.624954 0.613517 0.48273099999999997
vn 0.188435 -0.855743 0.4818680000000001
vn 0.652873 -0.751264 0.09674800000000004
vn 0.672223 0.713124 0.19892299999999993
vn 0.878665 -0.002933999999999971 0.47743
vn 0.878665 -0.002933999999999971 0.47743
vn 0.06494 -0.889054 0.4531740000000001
vn 0.878665 -0.002933999999999971 0.47743
vn -0.076923 0.049576000000000064 0.995804
vn 0.06494 -0.889054 0.4531740000000001
vn -0.898026 -0.12123899999999997 0.422907
vn 0.06494 -0.889054 0.4531740000000001
vn -0.601905 -0.784316 0.15019900000000005
vn 0.652873 -0.751264 0.09674800000000004
vn -0.934237 0.325183 0.14647999999999997
vn -0.299756 0.870503 0.39034699999999994
vn -0.076923 0.049576000000000064 0.995804
vn -0.448812 0.884268 0.12898999999999994
vn 0.672223 0.713124 0.19892299999999993
vn 0.878665 -0.002933999999999971 0.47743
vn 0.672223 0.713124 0.19892299999999993
vn -0.076923 0.049576000000000064 0.995804
vn -0.907934 0.17639300000000002 0.380186
vn -0.48371 -0.849831 0.20931400000000006
vn -0.128074 0.639469 0.758074
vn -0.047028 -0.49658899999999995 0.866711
vn -0.48371 -0.849831 0.20931400000000006
vn -0.48371 -0.849831 0.20931400000000006
vn 0.447944 -0.894049 0.004832000000000055
vn 0.724191 -0.68936 -0.01816899999999996
vn 0.732818 0.599239 0.32231899999999997
vn 0.902099 -0.23641299999999998 0.361008
vn -0.128074 0.639469 0.758074
vn -0.047028 -0.49658899999999995 0.866711
vn 0.008492 0.873221 0.48725099999999993
vn -0.907934 0.17639300000000002 0.380186
vn 0.391365 0.920236 -3.000000000056348E-06
vn 0.175025 0.4115440000000001 0.894426
vn 0.350048 0.823085 0.44721099999999997
vn 0.350048 0.823085 0.44721099999999997
vn 0.391365 0.920236 -5.0000000000563484E-06
vn 0.175025 0.4115440000000001 0.894426
vn -0.330885 -0.830968 0.44722100000000004
vn -0.165442 -0.41548199999999996 0.894429
vn -0.165442 -0.41548199999999996 0.894429
vn 0.350048 0.823085 0.44721099999999997
vn -0.394485 -0.918902 -2.9999999999437334E-06
vn -0.176422 -0.4109479999999999 0.894426
vn -0.352839 -0.821892 0.4472110000000001
vn -0.352839 -0.821892 0.4472110000000001
vn -0.394485 -0.918903 -1.999999999943733E-06
vn -0.176422 -0.4109479999999999 0.894426
vn 0.333734 0.829828 0.4472209999999999
vn 0.166865 0.41491300000000003 0.894429
vn 0.166865 0.41491300000000003 0.894429
vn -0.352839 -0.821892 0.4472110000000001
vn 0.927272 0.374389 -3.0000000000229246E-06
vn 0.414693 0.16743300000000005 0.894425
vn 0.829379 0.334864 0.44721
vn 0.829379 0.334864 0.44721
vn 0.927272 0.374389 -4.000000000022925E-06
vn 0.414693 0.16743300000000005 0.894425
vn -0.821405 -0.353957 0.447223
vn -0.410698 -0.17697799999999994 0.89443
vn -0.410698 -0.17697799999999994 0.89443
vn 0.829379 0.334864 0.44721
vn 0.92056 -0.390601 -3.999999999976082E-06
vn 0.411689 -0.17468399999999995 0.894426
vn 0.823375 -0.349365 0.44721
vn 0.823375 -0.349365 0.44721
vn 0.92056 -0.390602 -5.9999999999760825E-06
vn -0.918572 0.395254 -4.000000000024202E-06
vn -0.410801 0.17676600000000006 0.894425
vn -0.821597 0.353527 0.44721
vn -0.821597 0.353527 0.44721
vn -0.918572 0.395254 -4.000000000024202E-06
vn 1E-06 -2.9999999999387676E-06 1
vn -0.350987 0.822678 0.4472229999999999
vn -0.175493 0.41133700000000006 0.89443
vn -0.175493 0.41133700000000006 0.89443
vn 0 -1.9999999999387675E-06 1
vn -1E-06 6.000000000061232E-06 1
vn 0.353422 -0.821637 0.44722100000000004
vn 0.17671 -0.41081399999999996 0.89443
vn 0.17671 -0.41081399999999996 0.89443
vn -1E-06 7.000000000061232E-06 1
vn -0.707107 -0.707107 4.329781621023438E-17
vn -0.707107 -0.707107 4.329781621023438E-17
vn -0.316228 -0.948683 5.809007996777542E-17
vn -0.316228 -0.948683 5.809007996777542E-17
vn 0.316226 -0.948684 5.809014120011538E-17
vn 0.707107 -0.707107 -4.999999999956703E-06
vn 0.31623 -0.31623099999999993 0.894425
vn 0.632457 -0.632457 0.4472090000000001
vn 0.632457 -0.632457 0.4472090000000001
vn 0.707107 -0.707107 -5.999999999956702E-06
vn 0.31623 -0.31623099999999993 0.894425
vn -0.632453 0.632452 0.4472209999999999
vn -0.316225 0.31622300000000003 0.89443
vn -0.316225 0.31622300000000003 0.89443
vn 0.632457 -0.632457 0.4472090000000001
vn -0.928875 -0.370393 -3.99999999997732E-06
vn -0.41541 -0.16564499999999993 0.894425
vn -0.830813 -0.331289 0.44721
vn -0.830813 -0.331289 0.44721
vn -0.928875 -0.370393 -3.99999999997732E-06
vn -0.41541 -0.16564499999999993 0.894425
vn 0.822912 0.350441 0.447221
vn 0.411453 0.17522000000000004 0.89443
vn 0.411453 0.17522000000000004 0.89443
vn -0.830813 -0.331289 0.44721
vn -0.928396 0.08373999999999997 -0.362034
vn -0.928395 0.08374499999999997 -0.362036
vn -0.899182 -0.399389 -0.17877299999999996
vn -0.899182 -0.399389 -0.17877299999999996
vn -0.207355 -0.942284 0.26287900000000003
vn -0.707109 0.707105 -4.329769374555446E-17
vn -0.707109 0.707105 -4.329769374555446E-17
vn -0.948684 0.316226 -1.9363257935358545E-17
vn -0.948684 0.316226 -1.9363257935358545E-17
vn -0.948684 -0.316226 1.9363257935358545E-17
vn -0.707107 -0.707107 -4.999999999956703E-06
vn -0.707107 -0.707107 -3.999999999956702E-06
vn -0.632457 -0.632457 0.44721000000000005
vn -0.632457 -0.632457 0.44721000000000005
vn -0.316229 -0.3162289999999999 0.894426
vn -0.316229 -0.3162289999999999 0.894426
vn -0.632457 -0.632457 0.44721000000000005
vn 0.499997 0.49999800000000005 0.70711
vn 0.499997 0.49999800000000005 0.70711
vn 0.499996 0.4999970000000001 0.707111
vn 0.707107 -0.707107 -4.999999999956703E-06
vn 0.316229 -0.31623099999999993 0.894426
vn 0.632457 -0.632457 0.44721000000000005
vn 0.632457 -0.632457 0.44721000000000005
vn 0.707107 -0.707107 -5.999999999956702E-06
vn 0.316229 -0.31623099999999993 0.894426
vn -0.632453 0.632452 0.44722199999999995
vn -0.316225 0.31622400000000006 0.894429
vn -0.316225 0.31622400000000006 0.894429
vn 0.632457 -0.632457 0.44721000000000005
vn -0.08945 0.97923 0.18195499999999995
vn -0.821578 -0.51198 0.25077200000000005
vn -0.833908 0.18388000000000002 0.52037
vn 0.624954 0.613517 0.48273099999999997
vn -0.08945 0.97923 0.18195499999999995
vn 0.01409 -0.03625399999999994 0.999243
vn 0.968461 -0.236757 0.07764800000000001
vn 0.917096 -0.355651 -0.18013199999999996
vn 0.982608 0.182492 -0.034312000000000016
vn 0.982608 0.182492 -0.034312000000000016
vn 0.584657 0.686937 0.4316169999999999
vn 0.584657 0.686937 0.4316169999999999
vn 0.547997 0.500597 0.670151
vn 0.687379 0.725539 0.033230999999999955
vn -0.898533 0.409203 0.15872099999999997
vn -0.104158 0.751324 0.651662
vn 0.627373 -0.4310399999999999 0.648543
vn 0.724191 -0.68936 -0.01816899999999996
vn 0.902099 -0.23641299999999998 0.361008
vn -0.48371 -0.849831 0.20931400000000006
vn -0.047028 -0.49658899999999995 0.866711
vn 0.958725 0.22882 0.16878299999999996
vn 0.95614 0.236468 0.17285399999999998
vn 0.958725 0.22882 0.16878299999999996
vn 0.961231 0.221153 0.164699
vn -0.213157 0.967861 0.13345399999999993
vn -0.221385 0.962396 0.15742399999999995
vn -0.548122 0.81903 0.16956399999999994
vn -0.845686 0.509335 0.15935099999999996
vn 0.159612 -0.13779799999999995 0.977515
vn 0.161803 -0.17145699999999994 0.971814
vn 0.162342 -0.12380199999999994 0.978937
vn 0.13395 -0.09079199999999994 0.98682
vn -0.075246 -0.983847 0.16242900000000005
vn -0.078092 -0.983877 0.16089900000000004
vn -0.075246 -0.983847 0.16242900000000005
vn -0.072399 -0.983807 0.16395800000000005
vn -0.845686 0.509335 0.15935099999999996
vn -0.548122 0.81903 0.16956399999999994
vn -0.975446 0.16274 0.148392
vn -0.976952 0.168903 0.130527
vn 0.13395 -0.09079199999999994 0.98682
vn 0.162342 -0.12380199999999994 0.978937
vn 0.122258 -0.08416599999999995 0.988923
vn 0.07654 -0.07239199999999994 0.994435
vn -0.690922 -0.69092 0.21273700000000006
vn -0.690924 -0.690918 0.21273400000000006
vn -0.690922 -0.69092 0.21273700000000006
vn -0.690919 -0.690921 0.21274000000000007
vn 0.50234 0.502337 0.703784
vn 0.502341 0.502337 0.703784
vn 0.50234 0.502337 0.703784
vn 0.502339 0.502337 0.703785
vn -0.21644 -0.976296 5.978088857101822E-17
vn -0.21644 -0.976296 5.978088857101822E-17
vn -0.21644 -0.976296 5.978088857101822E-17
vn -0.21644 -0.976296 5.978088857101822E-17
vn 0.21644 0.976296 -5.978088857101822E-17
vn 0.21644 0.976296 -5.978088857101822E-17
vn 0.21644 0.976296 -5.978088857101822E-17
vn 0.21644 0.976296 -5.978088857101822E-17
vn -0.589256 0.589256 0.55277
vn -0.589256 0.589256 0.55277
vn -0.589256 0.589256 0.55277
vn -0.589256 0.589256 0.55277
vn -0.707107 0.707107 -4.329781621023438E-17
vn -0.707107 0.707107 -4.329781621023438E-17
vn -0.707107 0.707107 -4.329781621023438E-17
vn -0.707107 0.707107 -4.329781621023438E-17
vn 0.923883 -0.382676 6.0000000000234325E-06
vn 0.923881 -0.382681 2.0000000000234322E-06
vn 0.923883 -0.382676 6.0000000000234325E-06
vn 0.923883 -0.382676 6.0000000000234325E-06
vn 0.907392 -0.375853 -0.18807899999999997
vn 0.907394 -0.37585 -0.18807899999999997
vn 0.907392 -0.375853 -0.18807899999999997
vn 0.907391 -0.375857 -0.18807899999999997
vn -0.330885 -0.830968 0.44722100000000004
vn -0.369943 -0.929055 9.000000000056889E-06
vn -0.369943 -0.929055 9.000000000056889E-06
vn -0.165442 -0.41548199999999996 0.894429
vn -0.923879 0.382685 -4.000000000023432E-06
vn -0.923881 0.38268 -2.3432391854885458E-17
vn -0.923879 0.382685 -4.000000000023432E-06
vn -0.923879 0.382685 -4.000000000023432E-06
vn -0.907251 0.375796 -0.18887500000000002
vn -0.907252 0.375792 -0.18887600000000002
vn -0.907251 0.375796 -0.18887500000000002
vn -0.907249 0.375799 -0.18887500000000002
vn 0.333734 0.829828 0.4472209999999999
vn 0.373129 0.927779 9.99999999994319E-06
vn 0.373129 0.927779 9.99999999994319E-06
vn 0.166865 0.41491300000000003 0.894429
vn 0.382689 -0.923877 2.000000000056571E-06
vn 0.382688 -0.923878 1.0000000000565712E-06
vn 0.382689 -0.923877 2.000000000056571E-06
vn 0.382689 -0.923877 2.000000000056571E-06
vn 0.375802 -0.907266 -0.18878699999999995
vn 0.375806 -0.907265 -0.18878699999999995
vn 0.375802 -0.907266 -0.18878699999999995
vn 0.375799 -0.907268 -0.18878599999999995
vn -0.821405 -0.353957 0.447223
vn -0.918364 -0.395737 1.1000000000024232E-05
vn -0.918364 -0.395737 1.2000000000024232E-05
vn -0.410698 -0.17697799999999994 0.89443
vn -0.382679 -0.923881 4.0000000000565715E-06
vn -0.382682 -0.92388 2.000000000056571E-06
vn -0.382679 -0.923881 4.0000000000565715E-06
vn -0.382679 -0.923881 4.0000000000565715E-06
vn -0.375784 -0.907224 -0.18902699999999995
vn -0.37578 -0.907226 -0.18902699999999995
vn -0.375784 -0.907224 -0.18902699999999995
vn -0.375789 -0.907222 -0.18902599999999994
vn 0.411689 -0.17468399999999995 0.894426
vn 4E-06 -2.9999999999387676E-06 1
vn 3E-06 -1.9999999999387675E-06 1
vn 0.823375 -0.349365 0.44721
vn 0.382678 0.923882 3.999999999943428E-06
vn 0.382685 0.923879 -1.0000000000565712E-06
vn 0.382678 0.923882 3.999999999943428E-06
vn 0.382678 0.923882 3.999999999943428E-06
vn 0.375868 0.907418 -0.18792700000000007
vn 0.375864 0.907419 -0.18792800000000007
vn 0.375868 0.907418 -0.18792700000000007
vn 0.375871 0.907416 -0.18792700000000007
vn -0.410801 0.17676600000000006 0.894425
vn -3E-06 3.0000000000612325E-06 1
vn -4E-06 3.0000000000612325E-06 1
vn -0.821597 0.353527 0.44721
vn -0.923879 -0.382685 2.0000000000234327E-06
vn -0.923878 -0.382686 3.000000000023433E-06
vn -0.923879 -0.382685 2.0000000000234327E-06
vn -0.923879 -0.382685 2.0000000000234327E-06
vn -0.906998 -0.375693 -0.19028899999999999
vn -0.906996 -0.375697 -0.19028899999999999
vn -0.906998 -0.375693 -0.19028899999999999
vn -0.907 -0.375688 -0.19028799999999998
vn -0.350987 0.822678 0.4472229999999999
vn -0.392417 0.919787 1.0999999999943679E-05
vn -0.392417 0.919787 1.199999999994368E-05
vn -0.175493 0.41133700000000006 0.89443
vn 0.923879 0.382685 9.999999999765672E-07
vn 0.92388 0.382683 -2.3432575551905327E-17
vn 0.923879 0.382685 9.999999999765672E-07
vn 0.923879 0.382685 9.999999999765672E-07
vn 0.907641 0.375959 -0.18666400000000002
vn 0.90764 0.37596 -0.18666400000000002
vn 0.907641 0.375959 -0.18666400000000002
vn 0.907641 0.375958 -0.18666300000000002
vn 0.353422 -0.821637 0.44722100000000004
vn 0.395138 -0.918622 8.00000000005625E-06
vn 0.395139 -0.918622 9.00000000005625E-06
vn 0.17671 -0.41081399999999996 0.89443
vn 0.036481 0.99929 0.009377999999999938
vn 0.036218 0.999297 0.00966499999999994
vn 0.036481 0.99929 0.009377999999999938
vn 0.036481 0.99929 0.009377999999999938
vn -0.707075 0.707075 0.009527999999999957
vn -0.707075 0.707075 0.009527999999999957
vn -0.707075 0.707075 0.009527999999999957
vn -0.707075 0.707075 0.009527999999999957
vn -0.999955 5.83421735113799E-19 0.009528
vn -0.999955 5.83421735113799E-19 0.009528
vn -0.999955 5.83421735113799E-19 0.009528
vn -0.999955 5.83421735113799E-19 0.009528
vn -0.707075 -0.707075 0.009528000000000043
vn -0.707075 -0.707075 0.009528000000000043
vn -0.707075 -0.707075 0.009528000000000043
vn -0.707075 -0.707075 0.009528000000000043
vn -0 -0.999955 0.00952800000000006
vn -0 -0.999955 0.00952800000000006
vn -0 -0.999955 0.00952800000000006
vn -0 -0.999955 0.00952800000000006
vn 0.316226 -0.948684 5.809014120011538E-17
vn -0.316228 -0.948683 5.809007996777542E-17
vn 0.707105 -0.707109 4.329793867491429E-17
vn 0.707105 -0.707109 4.329793867491429E-17
vn -0.707104 -0.70711 4.000000000043298E-06
vn -0.707108 -0.707106 -9.999999999567022E-07
vn -0.707104 -0.70711 4.000000000043298E-06
vn -0.707104 -0.70711 4.000000000043298E-06
vn -0.632453 0.632452 0.4472209999999999
vn -0.707107 0.707107 7.999999999956701E-06
vn -0.707107 0.707107 8.999999999956702E-06
vn -0.316225 0.31622300000000003 0.89443
vn 0.555946 -0.555946 0.617939
vn 0.555946 -0.555946 0.617938
vn 0.555946 -0.555946 0.617939
vn 0.555946 -0.555946 0.617939
vn 0.707107 0.707107 -4.329781621023438E-17
vn 0.707107 0.707106 -4.3297754977894416E-17
vn 0.707107 0.707107 -4.329781621023438E-17
vn 0.707106 0.707107 -4.329781621023438E-17
vn -0.700218 -0.700217 0.13925000000000007
vn -0.700218 -0.700217 0.13925000000000007
vn -0.700218 -0.700217 0.13925000000000007
vn -0.700218 -0.700217 0.13925000000000007
vn -0 -0.991623 0.12916400000000006
vn -0 -0.991623 0.12916400000000006
vn -0 -0.991623 0.12916400000000006
vn -0 -0.991623 0.12916400000000006
vn 0.701994 -0.701995 0.12003300000000004
vn 0.701994 -0.701995 0.12003300000000004
vn 0.701994 -0.701995 0.12003300000000004
vn 0.701994 -0.701995 0.12003300000000004
vn 0.993104 7.178818304261826E-18 0.117239
vn 0.993104 7.178818304261826E-18 0.117239
vn 0.993104 7.178818304261826E-18 0.117239
vn 0.993104 7.178818304261826E-18 0.117239
vn -0.707107 -0.707107 4.329781621023438E-17
vn -0.707107 -0.707107 4.329781621023438E-17
vn -0.707107 -0.707107 4.329781621023438E-17
vn -0.707107 -0.707107 4.329781621023438E-17
vn 0.555946 -0.555946 0.617939
vn 0.555946 -0.555946 0.617939
vn 0.555946 -0.555946 0.617939
vn 0.555946 -0.555946 0.617939
vn 0.555946 -0.555946 0.617939
vn 0.555946 -0.555946 0.617939
vn 0.555946 -0.555946 0.617939
vn 0.555946 -0.555946 0.617939
vn 0 0.991176 0.13254899999999994
vn 1E-06 0.991176 0.13254899999999994
vn 0 0.991176 0.13254899999999994
vn 0 0.991176 0.13254899999999994
vn -0.989519 8.842072354523805E-18 0.144402
vn -0.989519 8.842072354523805E-18 0.144402
vn -0.989519 8.842072354523805E-18 0.144402
vn -0.989519 8.842072354523805E-18 0.144402
vn -0.699904 0.699905 0.14236199999999993
vn -0.700426 0.699448 0.14204099999999995
vn -0.699904 0.699905 0.14236199999999993
vn -0.699904 0.699905 0.14236199999999993
vn 0.224004 0.773213 0.593266
vn -0.457004 0.745303 0.4854589999999999
vn -0.215981 0.814354 0.538683
vn 0.148004 0.819926 0.553007
vn -0.68528 -0.502369 0.527273
vn 0.422933 -0.794809 0.43520900000000007
vn 0.129337 -0.839795 0.527273
vn -0.861073 -0.262956 0.435209
vn 0.129337 0.839795 0.527273
vn -0.861073 0.262955 0.43521
vn -0.68528 0.502369 0.527273
vn 0.422933 0.794809 0.43520899999999996
vn -0.129339 -0.839795 0.527272
vn 0.861073 -0.262957 0.43521
vn 0.685279 -0.50237 0.527273
vn -0.422933 -0.794809 0.43520800000000004
vn -0.50237 0.68528 0.527273
vn -0.794808 -0.422933 0.435209
vn -0.839795 -0.12933799999999998 0.527273
vn -0.262956 0.861073 0.43520899999999996
vn 0.502369 -0.68528 0.527273
vn 0.794809 0.422932 0.435209
vn 0.839795 0.12933700000000004 0.527273
vn 0.262956 -0.861073 0.43520900000000007
vn -0.839795 0.12933700000000004 0.527273
vn -0.262956 -0.861073 0.43521000000000004
vn -0.502369 -0.68528 0.527273
vn -0.794809 0.422933 0.435208
vn 0.804111 -0.23790699999999998 0.544798
vn 0.759876 0.31475200000000003 0.568788
vn 0.76617 0.18882600000000002 0.61427
vn 0.707018 -0.549664 0.44496700000000006
vn -0.953717 0.300705 -1.8412870786880243E-17
vn -0.953717 0.300706 -1.8412932019220197E-17
vn -0.953717 0.300705 -1.8412870786880243E-17
vn -0.953717 0.300705 -1.8412870786880243E-17
vn 0.953717 -0.300705 1.8412870786880243E-17
vn 0.953717 -0.300705 1.8412870786880243E-17
vn 0.953717 -0.300705 1.8412870786880243E-17
vn 0.953717 -0.300705 1.8412870786880243E-17
vn 0.707106 -0.707107 4.329781621023438E-17
vn 0.707106 -0.707107 4.329781621023438E-17
vn 0.707106 -0.707107 4.329781621023438E-17
vn 0.707106 -0.707107 4.329781621023438E-17
vn -0.707106 0.707107 -4.329781621023438E-17
vn -0.707106 0.707107 -4.329781621023438E-17
vn -0.707106 0.707107 -4.329781621023438E-17
vn -0.707106 0.707107 -4.329781621023438E-17
vn 0.707108 0.707105 -4.329769374555446E-17
vn 0.707107 0.707107 -4.329781621023438E-17
vn 0.707108 0.707105 -4.329769374555446E-17
vn 0.70711 0.707104 -4.32976325132145E-17
vn 0.707108 0.707105 -4.329769374555446E-17
vn 0.70711 0.707104 -4.32976325132145E-17
vn 0.707108 0.707105 -4.329769374555446E-17
vn 0.707107 0.707107 -4.329781621023438E-17
vn 0.707107 0.707107 -4.329781621023438E-17
vn 0.707107 0.707107 -4.329781621023438E-17
vn 0.707107 0.707107 -4.329781621023438E-17
vn 0.707107 0.707107 -4.329781621023438E-17
vn 0.707107 -0.707107 4.329781621023438E-17
vn 0.707107 -0.707107 4.329781621023438E-17
vn 0.707107 -0.707107 4.329781621023438E-17
vn 0.707107 -0.707107 4.329781621023438E-17
vn 0.589256 -0.589256 0.55277
vn 0.589256 -0.589256 0.55277
vn 0.589256 -0.589256 0.55277
vn 0.589256 -0.589256 0.55277
vn -0.382684 0.923879 -1.0000000000565712E-06
vn -0.382686 0.923879 -5.657127300747288E-17
vn -0.382684 0.923879 -1.0000000000565712E-06
vn -0.382684 0.923879 -1.0000000000565712E-06
vn -0.375846 0.907377 -0.18816700000000006
vn -0.375849 0.907376 -0.18816700000000006
vn -0.375846 0.907377 -0.18816700000000006
vn -0.375844 0.907378 -0.18816700000000006
vn 0.822912 0.350441 0.447221
vn 0.920048 0.391806 7.999999999976008E-06
vn 0.920048 0.391806 8.999999999976009E-06
vn 0.411453 0.17522000000000004 0.89443
vn 0.707075 -0.707074 0.009529000000000043
vn 0.707075 -0.707075 0.009528000000000043
vn 0.707075 -0.707074 0.009529000000000043
vn 0.707075 -0.707074 0.009529000000000043
vn 0.999145 0.040202 0.009679999999999998
vn 0.999159 0.039909 0.009362999999999998
vn 0.999145 0.040202 0.009679999999999998
vn 0.999145 0.040202 0.009679999999999998
vn 0.707107 -0.707107 4.329781621023438E-17
vn 0.707107 -0.707107 4.329781621023438E-17
vn 0.707107 -0.707107 4.329781621023438E-17
vn 0.707107 -0.707107 4.329781621023438E-17
vn -0.207355 -0.942284 0.26287900000000003
vn -0.899182 -0.399389 -0.17877299999999996
vn 0.282702 -0.866641 0.41111200000000003
vn 0.282704 -0.86664 0.41111300000000006
vn -0.948684 -0.316226 1.9363257935358545E-17
vn -0.948684 0.316226 -1.9363257935358545E-17
vn -0.707109 -0.707105 4.329769374555446E-17
vn -0.707108 -0.707106 4.3297754977894416E-17
vn -0.707108 0.707106 1.999999999956702E-06
vn -0.707108 0.707106 1.999999999956702E-06
vn -0.707108 0.707106 1.999999999956702E-06
vn -0.707108 0.707106 1.999999999956702E-06
vn 0.499997 0.49999800000000005 0.70711
vn 0.707107 0.707107 4.999999999956703E-06
vn 0.707107 0.707107 8.999999999956702E-06
vn 0.499996 0.4999970000000001 0.707111
vn -0.707105 -0.707109 4.329793867491429E-17
vn -0.707104 -0.70711 2.000000000043298E-06
vn -0.707105 -0.707109 4.329793867491429E-17
vn -0.707105 -0.707109 4.329793867491429E-17
vn -0.632453 0.632452 0.44722199999999995
vn -0.707107 0.707107 8.999999999956702E-06
vn -0.707107 0.707106 9.999999999956704E-06
vn -0.316225 0.31622400000000006 0.894429
vn 0.707165 0.707048 -4.329420350217689E-17
vn 0.707165 0.707048 -4.329420350217689E-17
vn 0.707165 0.707048 -4.329420350217689E-17
vn 0.707165 0.707048 -4.329420350217689E-17
vn -0.707165 -0.707048 4.329420350217689E-17
vn -0.707165 -0.707048 4.329420350217689E-17
vn -0.707165 -0.707048 4.329420350217689E-17
vn -0.707165 -0.707048 4.329420350217689E-17
vn 0.709843 0.70436 -4.3129610972371485E-17
vn 0.709843 0.70436 -4.3129610972371485E-17
vn 0.709843 0.70436 -4.3129610972371485E-17
vn 0.709843 0.70436 -4.3129610972371485E-17
vn -0.709843 -0.70436 4.3129610972371485E-17
vn -0.709843 -0.70436 4.3129610972371485E-17
vn -0.709843 -0.70436 4.3129610972371485E-17
vn -0.709843 -0.70436 4.3129610972371485E-17
vn -1.3E-05 1 -6.123233995736766E-17
vn -1.3E-05 1 -6.123233995736766E-17
vn -1.3E-05 1 -6.123233995736766E-17
vn -1.3E-05 1 -6.123233995736766E-17
vn 1.3E-05 -1 6.123233995736766E-17
vn 1.3E-05 -1 6.123233995736766E-17
vn 1.3E-05 -1 6.123233995736766E-17
vn 1.3E-05 -1 6.123233995736766E-17
vn 0.716142 -0.697955 4.273741783494454E-17
vn 0.716142 -0.697955 4.273741783494454E-17
vn 0.716142 -0.697955 4.273741783494454E-17
vn 0.716142 -0.697955 4.273741783494454E-17
vn -0.716142 0.697955 -4.273741783494454E-17
vn -0.716142 0.697955 -4.273741783494454E-17
vn -0.716142 0.697955 -4.273741783494454E-17
vn -0.716142 0.697955 -4.273741783494454E-17
vn 9.3E-05 -1 6.123233995736766E-17
vn 9.3E-05 -1 6.123233995736766E-17
vn 9.3E-05 -1 6.123233995736766E-17
vn 9.3E-05 -1 6.123233995736766E-17
vn 0.706844 -0.70737 4.3313920315643165E-17
vn 0.706844 -0.70737 4.3313920315643165E-17
vn 0.706844 -0.70737 4.3313920315643165E-17
vn 0.706844 -0.70737 4.3313920315643165E-17
vn 0.999997 -0.00257 1.5736711369043489E-19
vn 0.999997 -0.00257 1.5736711369043489E-19
vn 0.999997 -0.00257 1.5736711369043489E-19
vn 0.999997 -0.00257 1.5736711369043489E-19
vn -0.707074 0.70714 -4.3299836877452964E-17
vn -0.707074 0.70714 -4.3299836877452964E-17
vn -0.707074 0.70714 -4.3299836877452964E-17
vn -0.707074 0.70714 -4.3299836877452964E-17
vn -1 -8.4E-05 5.143516556418883E-21
vn -1 -8.4E-05 5.143516556418883E-21
vn -1 -8.4E-05 5.143516556418883E-21
vn -1 -8.4E-05 5.143516556418883E-21
vn -0.706958 -0.707256 4.3306939828888025E-17
vn -0.706958 -0.707256 4.3306939828888025E-17
vn -0.706958 -0.707256 4.3306939828888025E-17
vn -0.706958 -0.707256 4.3306939828888025E-17
vn -9.3E-05 1 -6.123233995736766E-17
vn -9.3E-05 1 -6.123233995736766E-17
vn -9.3E-05 1 -6.123233995736766E-17
vn -9.3E-05 1 -6.123233995736766E-17
vn -0.706844 0.70737 -4.3313920315643165E-17
vn -0.706844 0.70737 -4.3313920315643165E-17
vn -0.706844 0.70737 -4.3313920315643165E-17
vn -0.706844 0.70737 -4.3313920315643165E-17
vn 0.707074 -0.70714 4.3299836877452964E-17
vn 0.707074 -0.70714 4.3299836877452964E-17
vn 0.707074 -0.70714 4.3299836877452964E-17
vn 0.707074 -0.70714 4.3299836877452964E-17
vn 1 8.4E-05 -5.143516556418883E-21
vn 1 8.4E-05 -5.143516556418883E-21
vn 1 8.4E-05 -5.143516556418883E-21
vn 1 8.4E-05 -5.143516556418883E-21
vn 0.706958 0.707256 -4.3306939828888025E-17
vn 0.706958 0.707256 -4.3306939828888025E-17
vn 0.706958 0.707256 -4.3306939828888025E-17
vn 0.706958 0.707256 -4.3306939828888025E-17
vn -1E-06 -9.999999999387675E-07 1
vn -1E-06 -9.999999999387675E-07 1
vn -1E-06 -9.999999999387675E-07 1
vn -1E-06 -9.999999999387675E-07 1
vn 0.707107 0.707106 -4.3297754977894416E-17
vn 0.707107 0.707106 -4.3297754977894416E-17
vn 0.707107 0.707106 -4.3297754977894416E-17
vn 0.707107 0.707106 -4.3297754977894416E-17
vn -0.707107 0.707107 -4.329781621023438E-17
vn -0.707106 0.707107 -4.329781621023438E-17
vn -0.707107 0.707107 -4.329781621023438E-17
vn -0.707107 0.707107 -4.329781621023438E-17
vn -0.707107 -0.707107 4.329781621023438E-17
vn -0.707107 -0.707107 4.329781621023438E-17
vn -0.707107 -0.707107 4.329781621023438E-17
vn -0.707107 -0.707107 4.329781621023438E-17
vn 1 0 0
vn 1 -0 0
vn 1 0 0
vn 1 0 0
vn 0 1 -6.123233995736766E-17
vn 0 1 -6.123233995736766E-17
vn 0 1 -6.123233995736766E-17
vn 0 1 -6.123233995736766E-17
vn -1 0 0
vn -1 -0 0
vn -1 0 0
vn -1 0 0
vn 0 -1 1.0000000000612324E-06
vn -0 -1 6.123233995736766E-17
vn 0 -1 1.0000000000612324E-06
vn 0 -1 1.0000000000612324E-06
vn 0.707107 -0.707107 1.0000000000432977E-06
vn 0.707106 -0.707107 4.329781621023438E-17
vn 0.707107 -0.707107 1.0000000000432977E-06
vn 0.707107 -0.707107 1.0000000000432977E-06
vn -0.707107 0.707107 -1.5000000000043299E-05
vn -0.707107 0.707107 -1.5000000000043299E-05
vn -0.707107 0.707107 -1.5000000000043299E-05
vn -0.707107 0.707107 -1.5000000000043299E-05
vn 0.701787 0.701786 0.12243599999999996
vn 0.701787 0.701786 0.12243599999999996
vn 0.701787 0.701786 0.12243599999999996
vn 0.701787 0.701786 0.12243599999999996
vn 0.00023 0.999996 -0.002879000000000061
vn 0.000327 0.999996 -0.0027720000000000613
vn 0.00023 0.999996 -0.002879000000000061
vn 0.00023 0.999996 -0.002879000000000061
vn -0.707107 -0.707107 1.00000000000433E-05
vn -0.707107 -0.707107 1.00000000000433E-05
vn -0.707107 -0.707107 1.00000000000433E-05
vn -0.707107 -0.707107 1.00000000000433E-05
vn 3.2E-05 -0.999996 0.002649000000000061
vn -3.4E-05 -0.999997 0.0025760000000000613
vn 3.2E-05 -0.999996 0.002649000000000061
vn 3.2E-05 -0.999996 0.002649000000000061
vn 0.707107 -0.707107 0.0002650000000000433
vn 0.707107 -0.707107 0.0002650000000000433
vn 0.707107 -0.707107 0.0002650000000000433
vn 0.707107 -0.707107 0.0002650000000000433
vn 0.707107 0.707107 -2.6000000000043295E-05
vn 0.707107 0.707107 -2.6000000000043295E-05
vn 0.707107 0.707107 -2.6000000000043295E-05
vn 0.707107 0.707107 -2.6000000000043295E-05
vn -0.821578 -0.51198 0.25077200000000005
vn 0.917502 -0.354588 0.18016100000000002
vn 0.188435 -0.855743 0.4818680000000001
vn -0.833908 0.18388000000000002 0.52037
vn 0.01409 -0.03625399999999994 0.999243
vn 0.251128 -0.954343 0.16175200000000006
vn 0.245381 -0.957792 0.14974500000000004
vn 0.578927 -0.797778 0.16850900000000005
vn 0.864506 -0.473447 0.16875300000000001
vn 0.982559 -0.13297 0.129985
vn 0.980493 -0.126134 0.150744
vn -0.999997 0.00257 -1.5736711369043489E-19
vn -0.999997 0.00257 -1.5736711369043489E-19
vn -0.999997 0.00257 -1.5736711369043489E-19
vn -0.999997 0.00257 -1.5736711369043489E-19
vn 1 0 0
vn -0.613425 -0.45170699999999997 0.64782
vn -0.104158 0.751324 0.651662
vn -0.898533 0.409203 0.15872099999999997
vn -0.344527 -0.841866 0.4154070000000001
vn 0.627373 -0.4310399999999999 0.648543
vn -0.104158 0.751324 0.651662
vn -0.613425 -0.45170699999999997 0.64782
vn 0.748379 -0.556187 0.3613660000000001
vn 0.584657 0.686937 0.4316169999999999
vn 0.982608 0.182492 -0.034312000000000016
vn -0.140646 0.92098 0.36333799999999994
vn -0.306683 0.840346 0.44694999999999996
vn 0.547997 0.500597 0.670151
vn -0.633891 0.678861 0.37058099999999994
vn 0 6.123233995736766E-17 1
vn 0 6.123233995736766E-17 1
vn 0 6.123233995736766E-17 1
vn 0 6.123233995736766E-17 1
vn 0 6.123233995736766E-17 1
vn 0 6.123233995736766E-17 1
vn 0 6.123233995736766E-17 1
vn 0 6.123233995736766E-17 1
g 01
f 1/1/1 2/2/2 3/3/3
f 4/4/4 5/5/5 6/6/6
f 7/7/7 8/8/8 9/9/9
f 10/10/10 11/11/11 12/12/12
f 13/13/13 14/14/14 15/15/15
f 16/16/16 17/17/17 18/18/18
f 19/19/19 20/20/20 21/21/21
f 22/22/22 23/23/23 24/24/24
f 25/25/25 26/26/26 27/27/27
f 28/28/28 29/29/29 30/30/30
f 31/31/31 32/32/32 33/33/33
f 34/34/34 35/35/35 36/36/36
f 37/37/37 38/38/38 39/39/39
f 40/40/40 41/41/41 42/42/42
f 43/43/43 44/44/44 45/45/45
f 46/46/46 47/47/47 48/48/48
f 49/49/49 50/50/50 51/51/51
f 52/52/52 53/53/53 54/54/54
f 55/55/55 56/56/56 57/57/57
f 58/58/58 59/59/59 60/60/60
f 61/61/61 62/62/62 63/63/63
f 64/64/64 65/65/65 66/66/66
f 67/67/67 68/68/68 69/69/69
f 70/70/70 71/71/71 72/72/72
f 73/73/73 74/74/74 75/75/75
f 76/76/76 77/77/77 78/78/78
f 79/79/79 80/80/80 81/81/81
f 82/82/82 83/83/83 84/84/84
f 85/85/85 86/86/86 87/87/87
f 88/88/88 89/89/89 90/90/90
f 91/91/91 92/92/92 93/93/93
f 94/94/94 95/95/95 96/96/96
f 97/97/97 98/98/98 99/99/99
f 100/100/100 101/101/101 102/102/102
f 103/103/103 104/104/104 105/105/105
f 106/106/106 107/107/107 108/108/108
f 109/109/109 110/110/110 111/111/111
f 112/112/112 113/113/113 114/114/114
f 115/115/115 116/116/116 117/117/117
f 118/118/118 119/119/119 120/120/120
f 121/121/121 122/122/122 123/123/123
f 124/124/124 125/125/125 126/126/126
f 127/127/127 128/128/128 129/129/129
f 130/130/130 131/131/131 132/132/132
f 133/133/133 134/134/134 135/135/135
f 136/136/136 137/137/137 138/138/138
f 139/139/139 140/140/140 138/138/138
f 139/139/139 141/141/141 142/142/142
f 141/141/141 143/143/143 142/142/142
f 141/141/141 144/144/144 145/145/145
f 145/145/145 146/146/146 147/147/147
f 146/146/146 148/148/148 149/149/149
f 150/150/150 151/151/151 152/152/152
f 153/153/153 154/154/154 150/150/150
f 155/155/155 156/156/156 157/157/157
f 158/158/158 159/159/159 155/155/155
f 160/160/160 161/161/161 162/162/162
f 161/161/161 163/163/163 164/164/164
f 165/165/165 166/166/166 164/164/164
f 165/165/165 164/164/164 163/163/163
f 163/163/163 167/167/167 165/165/165
f 167/167/167 163/163/163 168/168/168
f 163/163/163 169/169/169 168/168/168
f 168/168/168 170/170/170 167/167/167
f 171/171/171 170/170/170 168/168/168
f 168/168/168 172/172/172 173/173/173
f 168/168/168 174/174/174 172/172/172
f 175/175/175 176/176/176 177/177/177
f 178/178/178 177/177/177 179/179/179
f 180/180/180 181/181/181 182/182/182
f 182/182/182 183/183/183 184/184/184
f 185/185/185 184/184/184 183/183/183
f 185/185/185 186/186/186 184/184/184
f 183/183/183 187/187/187 185/185/185
f 185/185/185 187/187/187 188/188/188
f 189/189/189 190/190/190 191/191/191
f 192/192/192 193/193/193 189/189/189
f 194/194/194 195/195/195 196/196/196
f 197/197/197 198/198/198 194/194/194
f 199/199/199 200/200/200 201/201/201
f 202/202/202 203/203/203 199/199/199
f 204/204/204 205/205/205 206/206/206
f 207/207/207 208/208/208 204/204/204
f 209/209/209 210/210/210 211/211/211
f 212/212/212 213/213/213 209/209/209
f 214/214/214 215/215/215 216/216/216
f 217/217/217 218/218/218 214/214/214
f 219/219/219 220/220/220 221/221/221
f 222/222/222 223/223/223 219/219/219
f 224/224/224 225/225/225 226/226/226
f 227/227/227 228/228/228 224/224/224
f 229/229/229 230/230/230 231/231/231
f 232/232/232 233/233/233 229/229/229
f 234/234/234 235/235/235 236/236/236
f 237/237/237 238/238/238 234/234/234
f 239/239/239 240/240/240 241/241/241
f 242/242/242 243/243/243 239/239/239
f 244/244/244 245/245/245 246/246/246
f 247/247/247 248/248/248 244/244/244
f 249/249/249 250/250/250 251/251/251
f 252/252/252 253/253/253 249/249/249
f 254/254/254 255/255/255 256/256/256
f 257/257/257 258/258/258 254/254/254
f 259/259/259 260/260/260 261/261/261
f 262/262/262 263/263/263 259/259/259
f 264/264/264 265/265/265 266/266/266
f 267/267/267 268/268/268 264/264/264
f 269/269/269 270/270/270 271/271/271
f 272/272/272 273/273/273 269/269/269
f 274/274/274 275/275/275 276/276/276
f 277/277/277 278/278/278 274/274/274
f 279/279/279 280/280/280 281/281/281
f 282/282/282 283/283/283 279/279/279
f 284/284/284 285/285/285 286/286/286
f 287/287/287 288/288/288 284/284/284
f 289/289/289 290/290/290 291/291/291
f 292/292/292 293/293/293 289/289/289
f 294/294/294 295/295/295 296/296/296
f 296/296/296 297/297/297 298/298/298
f 296/296/296 299/299/299 297/297/297
f 300/300/300 301/301/301 302/302/302
f 303/303/303 304/304/304 300/300/300
f 305/305/305 306/306/306 300/300/300
f 307/307/307 308/308/308 309/309/309
f 307/307/307 309/309/309 310/310/310
f 311/311/311 312/312/312 313/313/313
f 314/314/314 313/313/313 312/312/312
f 315/315/315 316/316/316 317/317/317
f 317/317/317 318/318/318 315/315/315
f 319/319/319 320/320/320 321/321/321
f 321/321/321 322/322/322 319/319/319
f 323/323/323 324/324/324 325/325/325
f 325/325/325 326/326/326 323/323/323
f 327/327/327 328/328/328 329/329/329
f 329/329/329 330/330/330 327/327/327
f 331/331/331 332/332/332 333/333/333
f 333/333/333 334/334/334 331/331/331
f 335/335/335 336/336/336 337/337/337
f 337/337/337 338/338/338 335/335/335
f 339/339/339 340/340/340 341/341/341
f 341/341/341 342/342/342 339/339/339
f 343/343/343 344/344/344 345/345/345
f 345/345/345 346/346/346 343/343/343
f 347/347/347 348/348/348 349/349/349
f 349/349/349 350/350/350 347/347/347
f 351/351/351 352/352/352 353/353/353
f 353/353/353 354/354/354 351/351/351
f 355/355/355 356/356/356 357/357/357
f 357/357/357 358/358/358 355/355/355
f 359/359/359 360/360/360 361/361/361
f 361/361/361 362/362/362 359/359/359
f 363/363/363 364/364/364 365/365/365
f 365/365/365 366/366/366 363/363/363
f 367/367/367 368/368/368 369/369/369
f 369/369/369 370/370/370 367/367/367
f 371/371/371 372/372/372 373/373/373
f 373/373/373 374/374/374 371/371/371
f 375/375/375 376/376/376 377/377/377
f 377/377/377 378/378/378 375/375/375
f 379/379/379 380/380/380 381/381/381
f 381/381/381 382/382/382 379/379/379
f 383/383/383 384/384/384 385/385/385
f 385/385/385 386/386/386 383/383/383
f 387/387/387 388/388/388 389/389/389
f 389/389/389 390/390/390 387/387/387
f 391/391/391 392/392/392 393/393/393
f 393/393/393 394/394/394 391/391/391
f 395/395/395 396/396/396 397/397/397
f 397/397/397 398/398/398 395/395/395
f 399/399/399 400/400/400 401/401/401
f 401/401/401 402/402/402 399/399/399
f 403/403/403 404/404/404 405/405/405
f 405/405/405 406/406/406 403/403/403
f 407/407/407 408/408/408 409/409/409
f 409/409/409 410/410/410 407/407/407
f 411/411/411 412/412/412 413/413/413
f 413/413/413 414/414/414 411/411/411
f 415/415/415 416/416/416 417/417/417
f 417/417/417 418/418/418 415/415/415
f 419/419/419 420/420/420 421/421/421
f 421/421/421 422/422/422 419/419/419
f 423/423/423 424/424/424 425/425/425
f 425/425/425 426/426/426 423/423/423
f 427/427/427 428/428/428 429/429/429
f 429/429/429 430/430/430 427/427/427
f 431/431/431 432/432/432 433/433/433
f 433/433/433 434/434/434 431/431/431
f 435/435/435 436/436/436 437/437/437
f 437/437/437 438/438/438 435/435/435
f 439/439/439 440/440/440 441/441/441
f 441/441/441 442/442/442 439/439/439
f 443/443/443 444/444/444 445/445/445
f 445/445/445 446/446/446 443/443/443
f 447/447/447 448/448/448 449/449/449
f 449/449/449 450/450/450 447/447/447
f 451/451/451 452/452/452 453/453/453
f 453/453/453 454/454/454 451/451/451
f 455/455/455 456/456/456 457/457/457
f 457/457/457 458/458/458 455/455/455
f 459/459/459 460/460/460 461/461/461
f 461/461/461 462/462/462 459/459/459
f 463/463/463 464/464/464 465/465/465
f 465/465/465 466/466/466 463/463/463
f 467/467/467 468/468/468 469/469/469
f 469/469/469 470/470/470 467/467/467
f 471/471/471 472/472/472 473/473/473
f 473/473/473 474/474/474 471/471/471
f 475/475/475 476/476/476 477/477/477
f 477/477/477 478/478/478 475/475/475
f 479/479/479 480/480/480 481/481/481
f 481/481/481 482/482/482 479/479/479
f 483/483/483 484/484/484 485/485/485
f 485/485/485 486/486/486 483/483/483
f 487/487/487 488/488/488 489/489/489
f 489/489/489 490/490/490 487/487/487
f 491/491/491 492/492/492 493/493/493
f 493/493/493 494/494/494 491/491/491
f 495/495/495 496/496/496 497/497/497
f 497/497/497 498/498/498 495/495/495
f 499/499/499 500/500/500 501/501/501
f 501/501/501 502/502/502 499/499/499
f 503/503/503 504/504/504 505/505/505
f 505/505/505 506/506/506 503/503/503
f 507/507/507 508/508/508 509/509/509
f 509/509/509 510/510/510 507/507/507
f 511/511/511 512/512/512 513/513/513
f 513/513/513 514/514/514 511/511/511
f 515/515/515 516/516/516 517/517/517
f 517/517/517 518/518/518 515/515/515
f 519/519/519 520/520/520 521/521/521
f 521/521/521 522/522/522 519/519/519
f 523/523/523 524/524/524 525/525/525
f 525/525/525 526/526/526 523/523/523
f 527/527/527 528/528/528 529/529/529
f 529/529/529 530/530/530 527/527/527
f 531/531/531 532/532/532 533/533/533
f 533/533/533 534/534/534 531/531/531
f 535/535/535 536/536/536 537/537/537
f 537/537/537 538/538/538 535/535/535
f 539/539/539 540/540/540 541/541/541
f 541/541/541 542/542/542 539/539/539
f 543/543/543 544/544/544 545/545/545
f 545/545/545 546/546/546 543/543/543
f 547/547/547 548/548/548 549/549/549
f 549/549/549 550/550/550 547/547/547
f 551/551/551 552/552/552 553/553/553
f 553/553/553 554/554/554 551/551/551
f 555/555/555 556/556/556 557/557/557
f 557/557/557 558/558/558 555/555/555
f 559/559/559 560/560/560 561/561/561
f 561/561/561 562/562/562 559/559/559
f 563/563/563 564/564/564 565/565/565
f 565/565/565 566/566/566 563/563/563
f 567/567/567 568/568/568 569/569/569
f 569/569/569 570/570/570 567/567/567
f 571/571/571 572/572/572 573/573/573
f 573/573/573 574/574/574 571/571/571
f 575/575/575 576/576/576 577/577/577
f 577/577/577 578/578/578 575/575/575
f 579/579/579 580/580/580 581/581/581
f 581/581/581 582/582/582 579/579/579
f 583/583/583 584/584/584 585/585/585
f 585/585/585 586/586/586 583/583/583
f 587/587/587 588/588/588 589/589/589
f 589/589/589 590/590/590 587/587/587
f 591/591/591 592/592/592 593/593/593
f 593/593/593 594/594/594 591/591/591
f 595/595/595 596/596/596 597/597/597
f 597/597/597 598/598/598 595/595/595
f 599/599/599 600/600/600 601/601/601
f 601/601/601 602/602/602 599/599/599
f 603/603/603 604/604/604 605/605/605
f 605/605/605 606/606/606 603/603/603
f 607/607/607 608/608/608 609/609/609
f 609/609/609 610/610/610 607/607/607
f 611/611/611 612/612/612 613/613/613
f 613/613/613 614/614/614 611/611/611
f 615/615/615 616/616/616 617/617/617
f 617/617/617 618/618/618 615/615/615
f 619/619/619 620/620/620 621/621/621
f 621/621/621 622/622/622 619/619/619
f 623/623/623 624/624/624 625/625/625
f 625/625/625 626/626/626 623/623/623
f 627/627/627 628/628/628 629/629/629
f 629/629/629 630/630/630 627/627/627
f 631/631/631 632/632/632 633/633/633
f 633/633/633 634/634/634 631/631/631
f 635/635/635 636/636/636 637/637/637
f 637/637/637 638/638/638 635/635/635
f 639/639/639 640/640/640 641/641/641
f 641/641/641 642/642/642 639/639/639
f 643/643/643 644/644/644 645/645/645
f 645/645/645 646/646/646 643/643/643
f 647/647/647 648/648/648 649/649/649
f 649/649/649 650/650/650 647/647/647
f 651/651/651 652/652/652 653/653/653
f 652/652/652 654/654/654 653/653/653
f 655/655/655 656/656/656 657/657/657
f 657/657/657 658/658/658 655/655/655
f 659/659/659 660/660/660 661/661/661
f 661/661/661 662/662/662 659/659/659
f 663/663/663 664/664/664 665/665/665
f 665/665/665 666/666/666 663/663/663
f 667/667/667 668/668/668 669/669/669
f 669/669/669 670/670/670 667/667/667
f 671/671/671 672/672/672 673/673/673
f 673/673/673 674/674/674 671/671/671
f 675/675/675 676/676/676 677/677/677
f 677/677/677 678/678/678 675/675/675
f 679/679/679 680/680/680 681/681/681
f 681/681/681 682/682/682 679/679/679
f 683/683/683 684/684/684 685/685/685
f 685/685/685 686/686/686 683/683/683
f 687/687/687 688/688/688 689/689/689
f 689/689/689 690/690/690 687/687/687
f 691/691/691 692/692/692 693/693/693
f 693/693/693 694/694/694 691/691/691
f 695/695/695 696/696/696 697/697/697
f 697/697/697 698/698/698 695/695/695
f 699/699/699 700/700/700 701/701/701
f 701/701/701 702/702/702 699/699/699
f 703/703/703 704/704/704 705/705/705
f 705/705/705 706/706/706 703/703/703
f 707/707/707 708/708/708 709/709/709
f 709/709/709 710/710/710 707/707/707
f 711/711/711 712/712/712 713/713/713
f 713/713/713 714/714/714 711/711/711
f 715/715/715 716/716/716 717/717/717
f 717/717/717 718/718/718 715/715/715
f 719/719/719 720/720/720 721/721/721
f 721/721/721 722/722/722 719/719/719
f 723/723/723 724/724/724 725/725/725
f 725/725/725 726/726/726 723/723/723
f 727/727/727 728/728/728 729/729/729
f 729/729/729 730/730/730 727/727/727
f 731/731/731 732/732/732 733/733/733
f 733/733/733 734/734/734 731/731/731
f 735/735/735 736/736/736 737/737/737
f 737/737/737 738/738/738 735/735/735
f 739/739/739 740/740/740 741/741/741
f 741/741/741 742/742/742 739/739/739
f 743/743/743 744/744/744 745/745/745
f 745/745/745 746/746/746 743/743/743
f 747/747/747 748/748/748 749/749/749
f 749/749/749 750/750/750 747/747/747
f 751/751/751 752/752/752 753/753/753
f 753/753/753 754/754/754 751/751/751
f 755/755/755 756/756/756 757/757/757
f 756/756/756 758/758/758 757/757/757
f 759/759/759 760/760/760 761/761/761
f 761/761/761 762/762/762 759/759/759
f 763/763/763 764/764/764 765/765/765
f 765/765/765 766/766/766 763/763/763
f 767/767/767 768/768/768 769/769/769
f 769/769/769 770/770/770 767/767/767
f 771/771/771 772/772/772 773/773/773
f 773/773/773 774/774/774 771/771/771
f 775/775/775 776/776/776 777/777/777
f 777/777/777 778/778/778 775/775/775
f 779/779/779 780/780/780 781/781/781
f 781/781/781 782/782/782 779/779/779
f 783/783/783 784/784/784 785/785/785
f 785/785/785 786/786/786 783/783/783
f 787/787/787 786/786/786 785/785/785
f 788/788/788 789/789/789 790/790/790
f 790/790/790 791/791/791 788/788/788
f 791/791/791 790/790/790 792/792/792
f 792/792/792 793/793/793 791/791/791
f 794/794/794 795/795/795 796/796/796
f 795/795/795 797/797/797 796/796/796
f 797/797/797 798/798/798 796/796/796
f 799/799/799 800/800/800 801/801/801
f 801/801/801 802/802/802 799/799/799
f 803/803/803 804/804/804 799/799/799
f 803/803/803 805/805/805 802/802/802
f 802/802/802 806/806/806 803/803/803
f 807/807/807 808/808/808 809/809/809
f 809/809/809 810/810/810 807/807/807
f 810/810/810 811/811/811 807/807/807
f 812/812/812 810/810/810 809/809/809
f 813/813/813 814/814/814 815/815/815
f 816/816/816 817/817/817 815/815/815
f 814/814/814 816/816/816 815/815/815
f 814/814/814 818/818/818 816/816/816
f 818/818/818 819/819/819 816/816/816
f 814/814/814 820/820/820 818/818/818
