v -1.5008247000000001 1.3744926000000002 0.9807669000000001
v -1.5008247000000001 1.2799053 1.1092734
v -1.5008247000000001 1.2798396 0.9807669000000001
v -1.5418611 1.2798396 0.9807669000000001
v -1.5418611 1.2799053 1.1092734
v -1.5418602000000001 1.3744926000000002 0.9807669000000001
v -1.5008247000000001 1.3744926000000002 0.9807669000000001
v -1.521342 1.4710842000000002 1.1092734
v -1.5418602000000001 1.3744926000000002 0.9807669000000001
v -1.5008247000000001 1.5676767 0.9807669000000001
v -1.5418602000000001 1.5676767 0.9807669000000001
v -1.521342 1.4710842000000002 1.1092734
v -1.5008247000000001 1.5676767 0.9807669000000001
v -1.521342 1.6642683 1.1092733999999997
v -1.5418602000000001 1.5676767 0.9807669000000001
v -1.5008247000000001 1.7610723000000001 0.9807668999999999
v -1.5418602000000001 1.7610723000000001 0.9807668999999999
v -1.521342 1.6642683 1.1092733999999997
v -0.6121935000000001 1.4416227000000001 0.31228919999999993
v -0.6109641 1.4416236 -0.015941700000000086
v -0.9361989000000001 1.4416236 -0.015941700000000086
v 0.8711208 1.748646 0.39516299999999993
v 0.7497891000000001 1.7971776 0.1401092999999999
v 0.7446978000000001 1.7995518 -0.01966500000000011
v -1.5008247000000001 -1.3316391 1.1092734
v -1.5008247000000001 -1.4262264000000002 0.9807669000000001
v -1.5008247000000001 -1.3315734 0.9807669000000001
v -1.5418611 -1.3316391 1.1092734
v -1.5418611 -1.3315734 0.9807669000000001
v -1.5418602000000001 -1.4262264000000002 0.9807669000000001
v -1.521342 -1.522818 1.1092734
v -1.5008247000000001 -1.4262264000000002 0.9807669000000001
v -1.5418602000000001 -1.4262264000000002 0.9807669000000001
v -1.5418602000000001 -1.6194105 0.9807669000000001
v -1.5008247000000001 -1.6194105 0.9807669000000001
v -1.521342 -1.522818 1.1092734
v -1.521342 -1.7160021 1.1092734000000002
v -1.5008247000000001 -1.6194105 0.9807669000000001
v -1.5418602000000001 -1.6194105 0.9807669000000001
v -1.5418602000000001 -1.812807 0.9807669000000003
v -1.5008247000000001 -1.812807 0.9807669000000003
v -1.521342 -1.7160021 1.1092734000000002
v 0.3705831 -1.7529839999999999 1.3482855000000002
v 0.370584 -1.7147925 1.3482855000000002
v 0.3514878 -1.7338869000000001 1.5176979000000002
v 0.33239070000000004 -1.7529839999999999 1.3482855000000002
v 0.3705831 -1.7529839999999999 1.3482855000000002
v 0.3514878 -1.7338869000000001 1.5176979000000002
v 0.370584 -1.7147925 1.3482855000000002
v 0.33239070000000004 -1.7529839999999999 1.3482855000000002
v 0.3514878 -1.7338869000000001 1.5176979000000002
v -0.6304202999999999 -1.7338869000000001 1.5176979000000002
v -0.6495165 -1.7147925 1.3482855000000002
v -0.6495165 -1.7529839999999999 1.3482855000000002
v -0.6304202999999999 -1.7338869000000001 1.5176979000000002
v -0.6495165 -1.7529839999999999 1.3482855000000002
v -0.6113241 -1.7529839999999999 1.3482855000000002
v -0.6304202999999999 -1.7338869000000001 1.5176979000000002
v -0.6113241 -1.7529839999999999 1.3482855000000002
v -0.6495165 -1.7147925 1.3482855000000002
v 0.0477153 -1.6941222 0.7031988000000001
v 0.0477153 -1.6941222 0.8455608000000001
v 0.0354096 -1.7901818999999999 0.7031988000000001
v -0.3312198 -1.6941222 0.8455608000000001
v -0.3312198 -1.6941222 0.7031988000000001
v -0.31891410000000003 -1.7901818999999999 0.7031988000000001
v -0.6182586 -1.1565126000000001 0.30407400000000007
v -0.6109641 -1.1550150000000001 -0.015941699999999927
v -0.9361989000000001 -1.1549196000000002 -0.015941699999999927
v -0.6109641 -1.4849046 -0.01594169999999991
v -0.6176871 -1.4849037 0.3122892000000001
v -0.9361989000000001 -1.4849046 -0.01594169999999991
v 0.3514878 1.6906059000000002 1.5176979
v 0.370584 1.6715115 1.3482854999999998
v 0.3705831 1.7097039 1.3482854999999998
v 0.3514878 1.6906059000000002 1.5176979
v 0.3705831 1.7097039 1.3482854999999998
v 0.33239070000000004 1.7097039 1.3482854999999998
v 0.3514878 1.6906059000000002 1.5176979
v 0.33239070000000004 1.7097039 1.3482854999999998
v 0.370584 1.6715115 1.3482854999999998
v -0.6495165 1.7097039 1.3482854999999998
v -0.6495165 1.6715115 1.3482854999999998
v -0.6304202999999999 1.6906059000000002 1.5176979
v -0.6113241 1.7097039 1.3482854999999998
v -0.6495165 1.7097039 1.3482854999999998
v -0.6304202999999999 1.6906059000000002 1.5176979
v -0.6495165 1.6715115 1.3482854999999998
v -0.6113241 1.7097039 1.3482854999999998
v -0.6304202999999999 1.6906059000000002 1.5176979
v 0.0477153 1.6508412000000001 0.8455607999999999
v 0.0477153 1.6508412000000001 0.7031987999999999
v 0.0354096 1.7469009 0.7031987999999999
v -0.31891410000000003 1.7469009 0.7031987999999999
v -0.3312198 1.6508412000000001 0.7031987999999999
v -0.3312198 1.6508412000000001 0.8455607999999999
v 1.4429592 0.9254403000000002 2.1105954
v 1.4105052 0.8942850000000001 1.7622387
v 1.4754312 0.8946423000000001 1.7622387
v 1.4429592 0.9254403000000002 2.1105954
v 1.4104467 0.9564579000000003 1.7622387
v 1.4105052 0.8942850000000001 1.7622387
v 1.4429592 0.9254403000000002 2.1105954
v 1.4754312 0.9564579000000003 1.7622387
v 1.4104467 0.9564579000000003 1.7622387
v 1.4429592 0.9254403000000002 2.1105954
v 1.4754312 0.8946423000000001 1.7622387
v 1.4754312 0.9564579000000003 1.7622387
v -1.325034 0.7869969000000001 2.0604771
v -1.325034 0.9141732000000004 2.0604771
v -1.325034 0.9136962000000002 2.4262740000000003
v -1.3698855 0.9141732000000004 2.0604771
v -1.3698855 0.7869969000000001 2.0604771
v -1.3698855 0.9136962000000002 2.4262740000000003
v 1.4754312 -0.9379232999999999 1.7622387
v 1.4105052 -0.9375659999999999 1.7622387
v 1.4429592 -0.9687212999999998 2.1105954
v 1.4105052 -0.9375659999999999 1.7622387
v 1.4104467 -0.9997379999999998 1.7622387
v 1.4429592 -0.9687212999999998 2.1105954
v 1.4104467 -0.9997379999999998 1.7622387
v 1.4754312 -0.9997379999999998 1.7622387
v 1.4429592 -0.9687212999999998 2.1105954
v 1.4754312 -0.9997379999999998 1.7622387
v 1.4754312 -0.9379232999999999 1.7622387
v 1.4429592 -0.9687212999999998 2.1105954
v -1.325034 -0.9569762999999998 2.4262749
v -1.325034 -0.9574541999999999 2.0604771
v -1.325034 -0.8302769999999999 2.0604771
v -1.3698855 -0.8302769999999999 2.0604771
v -1.3698855 -0.9574541999999999 2.0604771
v -1.3698855 -0.9569762999999998 2.4262740000000003
v 0.5728824 0.4179294000000001 1.9049238000000002
v 0.5731911 0.4179951000000001 1.5343101000000001
v 1.0191105 0.4179303000000001 1.5775965
v 0.5582493 0.6436224000000001 1.5343101000000001
v 0.5728824 0.6436224000000001 1.9049238000000002
v 1.0191105 0.6436233000000001 1.5775965
v -1.6673121 0.9594837000000002 1.9072368000000002
v -1.5556221000000001 0.9594837000000002 1.9069740000000002
v -1.6479972 0.9594837000000002 1.8256572
v -1.6560135 0.3471327000000001 1.8615168
v -1.6467759 0.3471327000000001 1.8254591999999998
v -1.6837911 0.3471327000000001 1.8615744
v -1.5556221000000001 -1.0027637999999999 1.9069740000000002
v -1.6673121 -1.0027646999999997 1.9072368000000002
v -1.6479972 -1.0027646999999997 1.8256572
v -1.6481484 -0.3904127999999999 1.8254591999999998
v -1.6587603 -0.3904127999999999 1.8615168
v -1.6837911 -0.3904127999999999 1.8615744
v -0.4071096 0.9271296000000002 2.2502025
v -0.4526505 0.9594756000000002 2.0552922000000002
v -0.3024666 0.9271296000000002 2.2502025
v -0.2569257 0.9594756000000002 2.0552922000000002
v -0.3024666 0.9271296000000002 2.2502025
v -1.5008247000000001 1.5676767 0.9807669000000001
v -1.521342 1.4710842000000002 1.1092734
v -1.5008247000000001 1.3744926000000002 0.9807669000000001
v -1.5008247000000001 1.7610723000000001 0.9807668999999999
v -1.521342 1.6642683 1.1092733999999997
v -1.5418602000000001 1.3744926000000002 0.9807669000000001
v -1.521342 1.4710842000000002 1.1092734
v -1.5418602000000001 1.5676767 0.9807669000000001
v -1.521342 1.6642683 1.1092733999999997
v -1.5418602000000001 1.7610723000000001 0.9807668999999999
v 1.3769235 1.7250831000000002 0.39516299999999993
v 1.2450582 1.7061111 -0.015710400000000103
v 1.3626819000000001 1.5964262999999999 -0.015710400000000097
v 1.3130271 1.8518715 -0.015710400000000114
v 1.3769235 1.7250831000000002 0.39516299999999993
v 1.4726583 1.8322722000000002 -0.015710400000000114
v 1.3769235 1.7250831000000002 0.39516299999999993
v 1.5033456 1.6743978 -0.015710400000000103
v 1.3769235 1.7250831000000002 0.39516299999999993
v 1.3626819000000001 1.5964262999999999 -0.015710400000000097
v 0.7497891000000001 1.7971776 0.1401092999999999
v 0.8711208 1.748646 0.39516299999999993
v 0.8853624000000001 1.8775233 -0.019665000000000116
v 0.7446978000000001 1.7995518 -0.01966500000000011
v 0.7497891000000001 1.7971776 0.1401092999999999
v 1.7222328 1.4656122 0.3206294999999999
v 1.6258158 1.4515794 0.005042699999999911
v 1.7118198000000002 1.3713795 0.0050426999999999165
v 1.6755138 1.5581574 0.005042699999999905
v 1.7222328 1.4656122 0.3206294999999999
v 1.7922320999999999 1.5438258 0.005042699999999906
v 1.7222328 1.4656122 0.3206294999999999
v 1.8146708999999999 1.4283909000000001 0.005042699999999913
v 1.7118198000000002 1.3713795 0.0050426999999999165
v -0.5367276 -1.8181971000000001 0.1341387000000001
v -0.5489721 -1.8898865999999999 0.3206295000000001
v -0.46131120000000003 -1.9370979000000002 0.13413870000000014
v -0.5362659000000001 -1.8149058 -0.01099799999999989
v -0.46131120000000003 -1.9370979000000002 0.13413870000000014
v -0.46131120000000003 -1.9370979000000002 0.13413870000000014
v -0.4576194 -1.9388988000000003 -0.010997999999999881
v -1.4110047 -1.1125116 2.7637479000000003
v -1.3562451 -1.1125116 2.831805
v -1.3562451 -1.057752 2.7637479000000003
v -1.3562451 -1.1125106999999999 2.6207640000000003
v -1.3562451 -1.057752 2.7637479000000003
v -1.3562451 -1.1125116 2.831805
v -1.4110047 -1.1125116 2.7637479000000003
v -1.3562451 -1.1672711999999998 2.7637479000000003
v -1.3562451 -1.1125106999999999 2.6207640000000003
v -1.3562451 -1.1672711999999998 2.7637479000000003
v -1.3562451 1.0692306000000003 2.831805
v -1.4110047 1.0692306000000003 2.7637479000000003
v -1.3562451 1.0144719000000002 2.7637479000000003
v -1.3562451 1.0692306000000003 2.6207640000000003
v -1.3562451 1.0144719000000002 2.7637479000000003
v -1.4110047 1.0692306000000003 2.7637479000000003
v -1.3562451 1.0692306000000003 2.831805
v -1.3562451 1.1239902000000002 2.7637479000000003
v -1.3562451 1.0692306000000003 2.6207640000000003
v -1.3562451 1.1239902000000002 2.7637479000000003
v -1.521342 -1.522818 1.1092734
v -1.5008247000000001 -1.6194105 0.9807669000000001
v -1.5008247000000001 -1.4262264000000002 0.9807669000000001
v -1.521342 -1.7160021 1.1092734000000002
v -1.5008247000000001 -1.812807 0.9807669000000003
v -1.521342 -1.522818 1.1092734
v -1.5418602000000001 -1.4262264000000002 0.9807669000000001
v -1.5418602000000001 -1.6194105 0.9807669000000001
v -1.521342 -1.7160021 1.1092734000000002
v -1.5418602000000001 -1.812807 0.9807669000000003
v 1.3680999 -0.9667053 0.39303180000000004
v 1.3997916 -0.9984006000000001 0.39303180000000004
v 1.3993209000000002 -0.3725847 0.3930327
v 1.3681008 -0.3725847 0.3930318
v 1.3680999 -0.9667053 0.39303180000000004
v -1.6008579 -0.021640499999999913 1.4512401000000001
v -1.6840629 -0.021640499999999906 1.5331689000000002
v -1.6839369 0.1578834000000001 1.2824730000000002
v -1.6008579 0.12209760000000008 1.2410793
v -1.6008579 -0.021640499999999913 1.4512401000000001
v -1.6837911 0.26541630000000005 0.9315243
v -1.6008579 0.21707910000000005 0.9315189
v -1.6837911 0.2654703 0.2883276
v -1.6008579 0.21753180000000003 0.2883276
v 1.5076935 -1.846287 -0.060204599999999886
v 1.4770053 -1.6884126000000002 -0.0602045999999999
v 1.473174 -1.6925202000000001 0.1401093000000001
v 1.473174 -1.6925202000000001 0.1401093000000001
v 1.5026022 -1.8439128000000002 0.14010930000000013
v 1.3670280000000001 -1.9242594 -0.060204599999999886
v 1.3677129000000001 -1.9186830000000001 0.14010930000000013
v 1.3812705 -1.7953812 0.3951630000000001
v 1.473174 -1.6925202000000001 0.1401093000000001
v 1.3812705 -1.7953812 0.3951630000000001
v 1.4770053 -1.6884126000000002 -0.0602045999999999
v 1.3173741 -1.6688124 -0.0602045999999999
v 1.3812705 -1.7953812 0.3951630000000001
v 1.2549195 -1.8135009 0.1401093000000001
v 1.2494052 -1.8145737 -0.060204599999999886
v 1.3677129000000001 -1.9186830000000001 0.14010930000000013
v 1.3670280000000001 -1.9242594 -0.060204599999999886
v -0.5930235 1.9326474 0.1341386999999999
v -0.5950152000000001 1.9362401999999999 -0.010998000000000119
v -0.6447132 1.8296621999999998 -0.010998000000000112
v -0.6406812 1.8304460999999999 0.13413869999999992
v -0.5587092 1.7494623 -0.010998000000000108
v -0.5482953 1.843695 0.3206294999999999
v -0.5930235 1.9326474 0.1341386999999999
v -0.5482953 1.843695 0.3206294999999999
v -0.5482953 1.843695 0.3206294999999999
v -0.48109680000000005 1.9189053 0.1341386999999999
v -0.5950152000000001 1.9362401999999999 -0.010998000000000119
v -0.47829600000000005 1.9219086000000003 -0.010998000000000117
v -0.45585719999999996 1.8064737 -0.010998000000000112
v -0.4595805 1.8082098000000002 0.13413869999999992
v -0.5587092 1.7494623 -0.010998000000000108
v -0.5482953 1.843695 0.3206294999999999
v -0.1970937 1.9318644 0.1341386999999999
v -0.19908540000000002 1.9354563000000002 -0.010998000000000119
v -0.24878340000000002 1.8288783000000002 -0.010998000000000112
v -0.24475140000000004 1.8296621999999998 0.13413869999999992
v -0.1627794 1.7486784 -0.010998000000000108
v -0.15236550000000001 1.8429111 0.3206294999999999
v -0.1970937 1.9318644 0.1341386999999999
v -0.15236550000000001 1.8429111 0.3206294999999999
v -0.0851679 1.9181214 0.1341386999999999
v -0.15236550000000001 1.8429111 0.3206294999999999
v -0.19908540000000002 1.9354563000000002 -0.010998000000000119
v -0.0823662 1.9211247000000002 -0.010998000000000117
v -0.0599283 1.8056898 -0.010998000000000112
v -0.06365069999999999 1.8074259000000001 0.13413869999999992
v -0.1627794 1.7486784 -0.010998000000000108
v -0.15236550000000001 1.8429111 0.3206294999999999
v 2.1518541 0.4613517 0.1341387
v 2.1552597000000002 0.4636485 -0.010998000000000029
v 2.0447559 0.5038686 -0.010998000000000032
v 2.0458881 0.49992030000000004 0.1341387
v 1.9723563000000002 0.4112019 -0.010998000000000025
v 2.067138 0.409041 0.32062949999999996
v 2.1518541 0.4613517 0.1341387
v 2.067138 0.409041 0.32062949999999996
v 2.067138 0.409041 0.32062949999999996
v 2.1479193 0.3486537 0.1341387
v 2.1552597000000002 0.4636485 -0.010998000000000029
v 2.1511557 0.3461247 -0.010998000000000022
v 2.0381157 0.3137112 -0.010998000000000018
v 2.0395206000000003 0.3175713 0.1341387
v 1.9723563000000002 0.4112019 -0.010998000000000025
v 2.067138 0.409041 0.32062949999999996
v 2.1589884 0.0423405 0.1341387
v 2.162394 0.0446382 -0.010998000000000003
v 2.0518902000000003 0.0848583 -0.010998000000000004
v 2.0530224 0.08090910000000003 0.1341387
v 1.9794906 -0.0078084 -0.010998
v 2.0742723 -0.00997019999999998 0.3206295
v 2.1589884 0.0423405 0.1341387
v 2.0742723 -0.00997019999999998 0.3206295
v 2.0742723 -0.00997019999999998 0.3206295
v 2.1550526999999997 -0.07035749999999999 0.1341387
v 2.162394 0.0446382 -0.010998000000000003
v 2.15829 -0.07288560000000001 -0.010997999999999996
v 2.0452500000000002 -0.1053 -0.010997999999999994
v 2.046654 -0.1014399 0.1341387
v 1.9794906 -0.0078084 -0.010998
v 2.0742723 -0.00997019999999998 0.3206295
v -0.07749450000000001 -1.9870902000000001 0.13413870000000014
v -0.0755028 -1.9906829999999998 -0.010997999999999878
v -0.0258048 -1.884105 -0.010997999999999885
v -0.0298377 -1.8848889 0.13413870000000014
v -0.1118088 -1.8039051 -0.01099799999999989
v -0.1222227 -1.8981378000000002 0.3206295000000001
v -0.07749450000000001 -1.9870902000000001 0.13413870000000014
v -0.1222227 -1.8981378000000002 0.3206295000000001
v -0.1222227 -1.8981378000000002 0.3206295000000001
v -0.18942119999999998 -1.9733471999999999 0.13413870000000014
v -0.0755028 -1.9906829999999998 -0.010997999999999878
v -0.192222 -1.9763514000000002 -0.010997999999999878
v -0.21465990000000001 -1.8609165 -0.010997999999999886
v -0.2109375 -1.8626526 0.13413870000000014
v -0.1118088 -1.8039051 -0.01099799999999989
v -0.1222227 -1.8981378000000002 0.3206295000000001
v 0.7898121 -1.675899 -0.0602045999999999
v 0.7243965 -1.822824 -0.060204599999999886
v 0.7298919 -1.8216557999999998 0.1401093000000001
v 0.7298919 -1.8216557999999998 0.1401093000000001
v 0.8641736999999999 -1.7901108000000001 0.3951630000000001
v 0.9460017 -1.6968843 0.1401093000000001
v 0.9497610000000001 -1.6927101 -0.0602045999999999
v 0.3420108 1.7908083 0.13413869999999992
v 0.3453336 1.7883936 -0.01099800000000011
v 0.3453336 1.9059894000000002 -0.010998000000000117
v 0.2334933 1.9423287 -0.010998000000000119
v 0.23476320000000003 1.9384218000000002 0.1341386999999999
v 0.3420108 1.9035746999999998 0.1341386999999999
v 0.3420108 1.7908083 0.13413869999999992
v 0.26388 1.852524 0.3206294999999999
v 0.26388 1.852524 0.3206294999999999
v 0.3420108 1.7908083 0.13413869999999992
v 0.2334933 1.7520552 -0.010998000000000108
v 0.3453336 1.7883936 -0.01099800000000011
v 0.26388 1.852524 0.3206294999999999
v 0.16848000000000002 1.8471915 0.1341386999999999
v 0.23476320000000003 1.9384218000000002 0.1341386999999999
v 0.1643724 1.8471915 -0.010998000000000112
v 0.2334933 1.9423287 -0.010998000000000119
v 1.8147717 -1.5635808 0.1341387000000001
v 1.8184635 -1.5653817 -0.010997999999999905
v 1.7980434 -1.4495724 -0.01099799999999991
v 1.6815924 -1.4332068 -0.010997999999999912
v 1.6835211 -1.4368338 0.1341387000000001
v 1.7951904 -1.4525271000000002 0.1341387000000001
v 1.7271117 -1.5163704 0.3206295000000001
v 1.8147717 -1.5635808 0.1341387000000001
v 1.7271117 -1.5163704 0.3206295000000001
v 1.8184635 -1.5653817 -0.010997999999999905
v 1.7152047000000001 -1.6165224 0.1341387000000001
v 1.7146332000000002 -1.6205895 -0.0109979999999999
v 1.7271117 -1.5163704 0.3206295000000001
v 1.6300422 -1.5389009999999999 -0.010997999999999907
v 1.6340868000000002 -1.5381873000000001 0.1341387000000001
v 1.6835211 -1.4368338 0.1341387000000001
v 1.6815924 -1.4332068 -0.010997999999999912
v 1.4755095 -0.5789078999999999 1.7622387
v 1.4427576 -0.6244505999999999 1.8938367
v 1.4755095 -0.7746335999999999 1.7622387
v 1.4427576 -0.7290926999999999 1.8938367
v 1.4755095 -0.7746335999999999 1.7622387
v 1.4427576 -0.7290926999999999 1.8938367
v 1.4755095 -0.5789078999999999 1.7622387
v 1.4427576 -0.6244505999999999 1.8938367
v 1.4755095 -0.1460852999999999 1.7622387
v 1.4427576 -0.19162709999999988 1.8938367
v 1.4755095 -0.3418109999999999 1.7622387
v 1.4427576 -0.2962691999999999 1.8938367
v 1.4755095 -0.3418109999999999 1.7622387
v 1.4427576 -0.2962691999999999 1.8938367
v 1.4755095 -0.1460852999999999 1.7622387
v 1.4427576 -0.19162709999999988 1.8938367
v 1.4755095 0.2867382000000001 1.7622387
v 1.4427576 0.2411955000000001 1.8938367
v 1.4755095 0.09101250000000012 1.7622387
v 1.4427576 0.13655430000000013 1.8938367
v 1.4755095 0.09101250000000012 1.7622387
v 1.4427576 0.13655430000000013 1.8938367
v 1.4755095 0.2867382000000001 1.7622387
v 1.4427576 0.2411955000000001 1.8938367
v -1.3830552 0.2504259000000002 2.0604771
v -1.3505877 0.20435580000000017 2.2587606
v -1.3830552 0.05470020000000012 2.0604771
v -1.3505877 0.10076940000000013 2.2587606
v -1.3830552 0.05470020000000012 2.0604771
v -1.3505877 0.10076940000000013 2.2587606
v -1.3830552 0.2504259000000002 2.0604771
v -1.3505877 0.20435580000000017 2.2587606
v -1.383183 0.6362010000000001 2.0604771
v -1.3507155000000002 0.5901318000000001 2.2587606
v -1.383183 0.44047620000000015 2.0604771
v -1.3507155000000002 0.48654540000000013 2.2587606
v -1.383183 0.44047620000000015 2.0604771
v -1.3507155000000002 0.48654540000000013 2.2587606
v -1.383183 0.6362010000000001 2.0604771
v -1.3507155000000002 0.5901318000000001 2.2587606
v -0.8338221 0.9594756000000002 2.0552922000000002
v -0.8798913 0.9271296000000002 2.2535748
v -1.0295469000000002 0.9594756000000002 2.0552922000000002
v -0.9834786 0.9271296000000002 2.2535748
v -1.0295469000000002 0.9594756000000002 2.0552922000000002
v -0.9834786 0.9271296000000002 2.2535748
v -0.8338221 0.9594756000000002 2.0552922000000002
v -0.8798913 0.9271296000000002 2.2535748
v 0.9258291000000001 0.9564579000000003 1.7622387
v 0.8797581 0.9253710000000002 1.8972099
v 0.7301034000000001 0.9564579000000003 1.7622387
v 0.7761726 0.9253710000000002 1.8972099
v 0.7301034000000001 0.9564579000000003 1.7622387
v 0.7761726 0.9253710000000002 1.8972099
v 0.9258291000000001 0.9564579000000003 1.7622387
v 0.8797581 0.9253710000000002 1.8972099
v 1.2838833 0.9564570000000002 1.7622387
v 1.2383397 0.9253710000000002 1.8938376000000001
v 1.0881567 0.9564570000000002 1.7622387
v 1.1336975999999999 0.9253710000000002 1.8938376000000001
v 1.0881567 0.9564570000000002 1.7622387
v 1.1336975999999999 0.9253710000000002 1.8938376000000001
v 1.2838833 0.9564570000000002 1.7622387
v 1.2383397 0.9253710000000002 1.8938376000000001
v -0.556587 0.9594756000000002 2.0552922000000002
v -0.6026562000000001 0.9271296000000002 2.2535748
v -0.7523118000000001 0.9594756000000002 2.0552922000000002
v -0.7062426 0.9271296000000002 2.2535748
v 0.0446337 0.9594756000000002 2.0552922000000002
v -0.0009072 0.9271296000000002 2.2502025
v -0.151092 0.9594756000000002 2.0552922000000002
v -0.1055502 0.9271296000000002 2.2502025
v -0.7523118000000001 0.9594756000000002 2.0552922000000002
v -0.7062426 0.9271296000000002 2.2535748
v -0.556587 0.9594756000000002 2.0552922000000002
v -0.6026562000000001 0.9271296000000002 2.2535748
v -0.4526505 0.9594756000000002 2.0552922000000002
v -0.4071096 0.9271296000000002 2.2502025
v -0.2569257 0.9594756000000002 2.0552922000000002
v -0.3024666 0.9271296000000002 2.2502025
v 0.1324881 0.9594756000000002 2.0552922000000002
v 0.2821446 0.9271296000000002 2.2535748
v 0.3282138 0.9594756000000002 2.0552922000000002
v 0.1785582 0.9271296000000002 2.2535748
v 0.3282138 -1.0027646999999997 2.0604771
v 0.1324881 -1.0027646999999997 2.0604771
v 0.1785582 -0.9704096999999998 2.2587597
v 0.2821446 -0.9704096999999998 2.2587597
v 0.2821446 -0.9704096999999998 2.2587597
v 0.1324881 -1.0027646999999997 2.0604771
v 0.3282138 -1.0027646999999997 2.0604771
v 0.1785582 -0.9704096999999998 2.2587597
v -0.151092 -1.0027646999999997 2.0604771
v 0.0446337 -1.0027646999999997 2.0604771
v -0.0009072 -0.9704096999999998 2.2553883000000003
v -0.1055502 -0.9704096999999998 2.2553883000000003
v 1.4755095 0.7195617000000002 1.7622387
v 1.4427576 0.674019 1.8938367
v 1.4755095 0.5238351000000001 1.7622387
v 1.4427576 0.5693769000000001 1.8938367
v 1.4755095 0.5238351000000001 1.7622387
v 1.4427576 0.5693769000000001 1.8938367
v 1.4755095 0.7195617000000002 1.7622387
v 1.4427576 0.674019 1.8938367
v 0.3282138 0.9594756000000002 2.0552922000000002
v 0.2821446 0.9271296000000002 2.2535748
v 0.1785582 0.9271296000000002 2.2535748
v 0.1324881 0.9594756000000002 2.0552922000000002
v -0.151092 0.9594756000000002 2.0552922000000002
v -0.1055502 0.9271296000000002 2.2502025
v -0.0009072 0.9271296000000002 2.2502025
v 0.0446337 0.9594756000000002 2.0552922000000002
v 0.5765913 -0.13846499999999987 2.0604771
v 0.544122 -0.18453419999999984 2.2587606
v 0.544122 -0.28812059999999984 2.2587606
v 0.5765913 -0.3341906999999999 2.0604771
v 0.5765913 -0.3341906999999999 2.0604771
v 0.544122 -0.28812059999999984 2.2587606
v 0.544122 -0.18453419999999984 2.2587606
v 0.5765913 -0.13846499999999987 2.0604771
v 0.5765913 -0.48375629999999986 2.0604771
v 0.544122 -0.5298254999999998 2.2587606
v 0.544122 -0.6334118999999999 2.2587606
v 0.5765913 -0.6794819999999999 2.0604771
v 0.5765913 -0.6794819999999999 2.0604771
v 0.544122 -0.6334118999999999 2.2587606
v 0.544122 -0.5298254999999998 2.2587606
v 0.5765913 -0.48375629999999986 2.0604771
v -1.3805622 -0.09798119999999988 2.0604771
v -1.3480947 -0.14404949999999986 2.2587606
v -1.3480947 -0.24763679999999985 2.2587606
v -1.3805622 -0.29370599999999986 2.0604771
v -1.3805622 -0.29370599999999986 2.0604771
v -1.3480947 -0.24763679999999985 2.2587606
v -1.3480947 -0.14404949999999986 2.2587606
v -1.3805622 -0.09798119999999988 2.0604771
v -1.3805622 -0.48375629999999986 2.0604771
v -1.3480947 -0.5298254999999998 2.2587606
v -1.3480947 -0.6334118999999999 2.2587606
v -1.3805622 -0.6794819999999999 2.0604771
v -1.3805622 -0.6794819999999999 2.0604771
v -1.3480947 -0.6334118999999999 2.2587606
v -1.3480947 -0.5298254999999998 2.2587606
v -1.3805622 -0.48375629999999986 2.0604771
v -1.0295469000000002 -1.0027646999999997 2.0604771
v -0.9834786 -0.9704096999999998 2.2587606
v -0.8798913 -0.9704096999999998 2.2587606
v -0.8338221 -1.0027646999999997 2.0604771
v -0.8338221 -1.0027646999999997 2.0604771
v -0.8798913 -0.9704096999999998 2.2587606
v -0.9834786 -0.9704096999999998 2.2587606
v -1.0295469000000002 -1.0027646999999997 2.0604771
v 0.7301034000000001 -0.9997379999999998 1.7622387
v 0.7761726 -0.9686519999999997 1.8972099
v 0.8797581 -0.9686519999999997 1.8972099
v 0.9258291000000001 -0.9997379999999998 1.7622387
v 0.9258291000000001 -0.9997379999999998 1.7622387
v 0.8797581 -0.9686519999999997 1.8972099
v 0.7761726 -0.9686519999999997 1.8972099
v 0.7301034000000001 -0.9997379999999998 1.7622387
v 1.0881567 -0.9997379999999998 1.7622387
v 1.1336975999999999 -0.9686519999999997 1.8938376000000001
v 1.2383397 -0.9686519999999997 1.8938376000000001
v 1.2838833 -0.9997379999999998 1.7622387
v 1.2838833 -0.9997379999999998 1.7622387
v 1.2383397 -0.9686519999999997 1.8938376000000001
v 1.1336975999999999 -0.9686519999999997 1.8938376000000001
v 1.0881567 -0.9997379999999998 1.7622387
v -0.4526505 -1.0027646999999997 2.0604771
v -0.4071096 -0.9704096999999998 2.2553883000000003
v -0.3024666 -0.9704096999999998 2.2553883000000003
v -0.2569257 -1.0027646999999997 2.0604771
v -0.7523118000000001 -1.0027646999999997 2.0604771
v -0.7062426 -0.9704096999999998 2.2587597
v -0.6026562000000001 -0.9704096999999998 2.2587597
v -0.556587 -1.0027646999999997 2.0604771
v -0.151092 -1.0027646999999997 2.0604771
v -0.1055502 -0.9704096999999998 2.2553883000000003
v -0.0009072 -0.9704096999999998 2.2553883000000003
v 0.0446337 -1.0027646999999997 2.0604771
v -0.556587 -1.0027646999999997 2.0604771
v -0.6026562000000001 -0.9704096999999998 2.2587597
v -0.7062426 -0.9704096999999998 2.2587597
v -0.7523118000000001 -1.0027646999999997 2.0604771
v -0.2569257 -1.0027646999999997 2.0604771
v -0.3024666 -0.9704096999999998 2.2553883000000003
v -0.4071096 -0.9704096999999998 2.2553883000000003
v -0.4526505 -1.0027646999999997 2.0604771
v 0.5765913 0.23776200000000017 2.0604771
v 0.544122 0.19169190000000016 2.2587606
v 0.544122 0.08810550000000014 2.2587606
v 0.5765913 0.042036300000000124 2.0604771
v 0.5765913 0.042036300000000124 2.0604771
v 0.544122 0.08810550000000014 2.2587606
v 0.544122 0.19169190000000016 2.2587606
v 0.5765913 0.23776200000000017 2.0604771
v 0.5292819000000001 -1.2133251 -0.026091899999999925
v 0.3183012 -1.2133251 -0.026091899999999925
v 0.3183012 -1.2133251 0.7343658000000001
v 0.5292819000000001 -1.2133251 0.7343658000000001
v 0.5292819000000001 1.170045 0.7343657999999998
v 0.3183012 1.170045 0.7343657999999998
v 0.31505130000000003 1.170045 -0.02609190000000007
v 0.5292819000000001 1.170045 -0.02609190000000007
v -1.5418611 1.2799053 1.1092734
v -1.5008247000000001 1.2799053 1.1092734
v -1.5008247000000001 1.3744926000000002 0.9807669000000001
v -1.5418602000000001 1.3744926000000002 0.9807669000000001
v -1.6479972 0.9594837000000002 1.8256572
v -1.6479972 -1.0027646999999997 1.8256572
v -1.6673121 -1.0027646999999997 1.9072368000000002
v -1.6673121 0.9594837000000002 1.9072368000000002
v 0.6233328 -0.8182484999999999 2.0604771
v 0.6233328 -0.8182484999999999 1.6088562
v 0.5136390000000001 -0.8182484999999999 1.6088562
v 0.512154 -0.8182484999999999 2.0604771
v -1.3093623 0.21857670000000007 1.1899656
v -1.6008579 0.21866940000000007 1.2001256999999999
v -1.6008579 0.21753180000000003 0.2883276
v -1.3093623 0.2187243 0.28832850000000004
v 0.5116581 0.7749675000000001 1.6077663000000002
v 0.6233328 0.7749675000000001 1.6088562
v 0.6233328 0.7749675000000001 2.0604771
v 0.5116581 0.7749675000000001 2.0604771
v 1.1821023000000002 -0.2387879999999998 2.8562705999999998
v 1.2664143 -0.3230999999999998 2.8562705999999998
v 1.2360753000000002 -0.3145418999999998 2.9771586
v 1.190448 -0.2693393999999998 2.9771586
v 1.190448 -0.2693393999999998 2.9771586
v 1.2664143 -0.3230999999999998 2.8562705999999998
v 1.1821023000000002 -0.2387879999999998 2.8562705999999998
v 1.2360753000000002 -0.3145418999999998 2.9771586
v 1.0290204 -0.18432719999999983 2.8562705999999998
v 1.1441925000000002 -0.21518729999999983 2.8562705999999998
v 1.1136393 -0.22294529999999982 2.9771586
v 1.0515231 -0.20661299999999982 2.9771586
v 1.0515231 -0.20661299999999982 2.9771586
v 1.1441925000000002 -0.21518729999999983 2.8562705999999998
v 1.0290204 -0.18432719999999983 2.8562705999999998
v 1.1136393 -0.22294529999999982 2.9771586
v 0.8692173000000001 -0.2137040999999998 2.8562705999999998
v 0.9843894000000001 -0.18284309999999984 2.8562705999999998
v 0.9618084 -0.20483819999999983 2.9771586
v 0.8998479 -0.22175189999999984 2.9771586
v 0.8998479 -0.22175189999999984 2.9771586
v 0.9843894000000001 -0.18284309999999984 2.8562705999999998
v 0.8692173000000001 -0.2137040999999998 2.8562705999999998
v 0.9618084 -0.20483819999999983 2.9771586
v 0.7455114 -0.3190463999999998 2.8562705999999998
v 0.8298234 -0.2347343999999998 2.8562705999999998
v 0.8212653000000001 -0.2650733999999998 2.9771586
v 0.7760627999999999 -0.3107015999999998 2.9771586
v 0.7760627999999999 -0.3107015999999998 2.9771586
v 0.8298234 -0.2347343999999998 2.8562705999999998
v 0.7455114 -0.3190463999999998 2.8562705999999998
v 0.8212653000000001 -0.2650733999999998 2.9771586
v 0.6910506000000001 -0.47212919999999986 2.8562705999999998
v 0.7219107 -0.35695619999999983 2.8562705999999998
v 0.7296687000000001 -0.38750939999999984 2.9771586
v 0.7133364 -0.4496255999999998 2.9771586
v 0.7133364 -0.4496255999999998 2.9771586
v 0.7219107 -0.35695619999999983 2.8562705999999998
v 0.6910506000000001 -0.47212919999999986 2.8562705999999998
v 0.7296687000000001 -0.38750939999999984 2.9771586
v 0.7204266 -0.6319322999999998 2.8562705999999998
v 0.6895665 -0.5167601999999998 2.8562705999999998
v 0.7115616 -0.5393411999999999 2.9771586
v 0.7284753 -0.6013016999999998 2.9771586
v 0.7284753 -0.6013016999999998 2.9771586
v 0.6895665 -0.5167601999999998 2.8562705999999998
v 0.7204266 -0.6319322999999998 2.8562705999999998
v 0.7115616 -0.5393411999999999 2.9771586
v 1.2874455 -0.3624938999999998 2.8562705999999998
v 1.3183056000000002 -0.4776659999999998 2.8562705999999998
v 1.2963105 -0.45508499999999985 2.9771586
v 1.2793968 -0.3931244999999998 2.9771586
v 1.2793968 -0.3931244999999998 2.9771586
v 1.3183056000000002 -0.4776659999999998 2.8562705999999998
v 1.2874455 -0.3624938999999998 2.8562705999999998
v 1.2963105 -0.45508499999999985 2.9771586
v 1.2782034 -0.6069158999999998 2.9771586
v 1.3168224 -0.5222969999999998 2.8562705999999998
v 1.2859614000000001 -0.6374690999999998 2.8562705999999998
v 1.2945366 -0.5447996999999998 2.9771586
v 1.3168224 -0.5222969999999998 2.8562705999999998
v 1.2945366 -0.5447996999999998 2.9771586
v 1.2859614000000001 -0.6374690999999998 2.8562705999999998
v 1.2782034 -0.6069158999999998 2.9771586
v 1.2623607 -0.6753797999999999 2.8562705999999998
v 1.1780496 -0.7596908999999998 2.8562705999999998
v 1.1866068 -0.7293527999999998 2.9771586
v 1.2318092999999999 -0.6837245999999998 2.9771586
v 1.2318092999999999 -0.6837245999999998 2.9771586
v 1.1780496 -0.7596908999999998 2.8562705999999998
v 1.2623607 -0.6753797999999999 2.8562705999999998
v 1.1866068 -0.7293527999999998 2.9771586
v 1.1386557000000002 -0.7807220999999999 2.8562705999999998
v 1.0234827 -0.8115821999999998 2.8562705999999998
v 1.0460637000000002 -0.7895870999999998 2.9771586
v 1.1080242 -0.7726733999999998 2.9771586
v 1.1080242 -0.7726733999999998 2.9771586
v 1.0234827 -0.8115821999999998 2.8562705999999998
v 1.1386557000000002 -0.7807220999999999 2.8562705999999998
v 1.0460637000000002 -0.7895870999999998 2.9771586
v 0.9788517 -0.8100989999999998 2.8562705999999998
v 0.8636796000000001 -0.7792388999999997 2.8562705999999998
v 0.8942328 -0.7714808999999998 2.9771586
v 0.9563490000000001 -0.7878131999999999 2.9771586
v 0.9563490000000001 -0.7878131999999999 2.9771586
v 0.8636796000000001 -0.7792388999999997 2.8562705999999998
v 0.9788517 -0.8100989999999998 2.8562705999999998
v 0.8942328 -0.7714808999999998 2.9771586
v 0.8257698 -0.7556381999999998 2.8562705999999998
v 0.7414578 -0.6713261999999998 2.8562705999999998
v 0.7717968 -0.6798842999999998 2.9771586
v 0.8174241 -0.7250867999999998 2.9771586
v 0.8174241 -0.7250867999999998 2.9771586
v 0.7414578 -0.6713261999999998 2.8562705999999998
v 0.8257698 -0.7556381999999998 2.8562705999999998
v 0.7717968 -0.6798842999999998 2.9771586
v -1.3093623 -0.3744189 0.2881404
v -1.3093623 -0.374418 1.1899656
v -1.3093623 0.21857670000000007 1.1899656
v -1.3093623 0.2187243 0.28832850000000004
v -0.9361989000000001 1.1116395000000001 -0.01594170000000007
v -0.6272676 1.1132325 0.30407399999999996
v -0.6121935000000001 1.4416227000000001 0.31228919999999993
v -0.9361989000000001 1.4416236 -0.015941700000000086
v 0.7446978000000001 1.7995518 -0.01966500000000011
v 0.775386 1.6416774 -0.019665000000000103
v 0.8711208 1.748646 0.39516299999999993
v 0.9350163 1.6220772 -0.019665000000000103
v 0.9974717999999999 1.7667657 0.1401092999999999
v 0.8711208 1.748646 0.39516299999999993
v 1.0029861 1.7678376 -0.01966500000000011
v 0.8853624000000001 1.8775233 -0.019665000000000116
v 0.8711208 1.748646 0.39516299999999993
v -1.3562451 -1.057752 2.7637479000000003
v -1.3562451 -1.1125116 2.831805
v -1.3014864000000002 -1.1125116 2.7637479000000003
v -1.3562451 -1.1125106999999999 2.6207640000000003
v -1.3562451 -1.1125116 2.831805
v -1.3562451 -1.1672711999999998 2.7637479000000003
v -1.3014864000000002 -1.1125116 2.7637479000000003
v -1.3562451 -1.1125106999999999 2.6207640000000003
v -1.3562451 1.0692306000000003 2.831805
v -1.3562451 1.0144719000000002 2.7637479000000003
v -1.3014864000000002 1.0692306000000003 2.7637479000000003
v -1.3562451 1.0692306000000003 2.6207640000000003
v -1.3562451 1.1239902000000002 2.7637479000000003
v -1.3562451 1.0692306000000003 2.831805
v -1.3014864000000002 1.0692306000000003 2.7637479000000003
v -1.3562451 1.0692306000000003 2.6207640000000003
v -0.4108509 0.0028053000000002664 4.354119
v -0.4018068 -0.021640499999999712 4.7668779
v -0.3783843 -0.028158299999999734 4.355046
v -0.401796 -0.021640499999999736 4.3173081
v -0.4431546 -0.006027299999999737 4.2820434
v -0.4017366 -0.021640499999999736 4.3273737
v -0.35730720000000005 -0.005395499999999738 4.2820434
v -0.4017366 -0.021640499999999743 4.2279516
v -0.46654470000000003 0.006935400000000255 4.1682357
v -0.4017573 -0.021640499999999743 4.249741500000001
v -0.3293217 0.008227800000000255 4.1682357
v -0.4017645 -0.02164049999999975 4.0650921
v -0.45272880000000004 -0.00010709999999975107 4.0654278
v -0.40176360000000005 -0.021640499999999747 4.1270895
v -0.3493449 -0.0021041999999997507 4.0654278
v -0.40176360000000005 -0.021640499999999757 4.0026726
v -0.4018068 -0.021640499999999712 4.7668779
v -0.4108509 0.0028053000000002664 4.354119
v -0.4163211 -0.04542119999999973 4.355046
v -0.401796 -0.021640499999999736 4.3173081
v -0.4018068 -0.021640499999999712 4.7668779
v -0.4163211 -0.04542119999999973 4.355046
v -0.3783843 -0.028158299999999734 4.355046
v -0.401796 -0.021640499999999736 4.3173081
v -0.4017366 -0.021640499999999736 4.3273737
v -0.4431546 -0.006027299999999737 4.2820434
v -0.4033125 -0.06350579999999974 4.2820425
v -0.4017366 -0.021640499999999743 4.2279516
v -0.4017366 -0.021640499999999736 4.3273737
v -0.4033125 -0.06350579999999974 4.2820425
v -0.35730720000000005 -0.005395499999999738 4.2820434
v -0.4017366 -0.021640499999999743 4.2279516
v -0.4017573 -0.021640499999999743 4.249741500000001
v -0.46654470000000003 0.006935400000000255 4.1682357
v -0.4020822 -0.09581759999999975 4.1682348
v -0.4017645 -0.02164049999999975 4.0650921
v -0.4017573 -0.021640499999999743 4.249741500000001
v -0.4020822 -0.09581759999999975 4.1682348
v -0.3293217 0.008227800000000255 4.1682357
v -0.4017645 -0.02164049999999975 4.0650921
v -0.40176360000000005 -0.021640499999999747 4.1270895
v -0.45272880000000004 -0.00010709999999975107 4.0654278
v -0.40287870000000003 -0.07140059999999976 4.0654278
v -0.40176360000000005 -0.021640499999999757 4.0026726
v -0.40176360000000005 -0.021640499999999747 4.1270895
v -0.40287870000000003 -0.07140059999999976 4.0654278
v -0.3493449 -0.0021041999999997507 4.0654278
v -0.40176360000000005 -0.021640499999999757 4.0026726
v -1.6479972 0.9594837000000002 1.8256572
v -1.6479972 0.9594836999999999 -0.01594170000000006
v -1.6479972 0.3471327 -0.01594170000000002
v -1.6467759 0.3471327000000001 1.8254591999999998
v -1.6481484 -0.3904127999999999 1.8254591999999998
v -1.6479972 -0.3904128 -0.015941699999999975
v -1.6479972 -1.0027647 -0.015941699999999937
v -1.6479972 -1.0027646999999997 1.8256572
v -1.3156362000000001 -0.021640499999999886 1.9067850000000002
v -0.4044285 -0.021640499999999886 1.9067418
v -0.4030956 0.8947701000000001 1.9068354
v -1.3157091 0.8947701000000001 1.9068354
v 0.5116581 -0.021640499999999886 1.9067418
v -0.4044285 -0.021640499999999886 1.9067418
v -0.4030956 -0.9380510999999998 1.9068354
v 0.5116581 -0.9380510999999998 1.9068354
v 0.5116581 0.8947701000000001 1.9068831
v -0.4030956 0.8947701000000001 1.9068354
v -0.4044285 -0.021640499999999886 1.9067418
v 0.5116581 -0.021640499999999886 1.9067418
v -1.5418611 -1.3316391 1.1092734
v -1.5418602000000001 -1.4262264000000002 0.9807669000000001
v -1.5008247000000001 -1.4262264000000002 0.9807669000000001
v -1.5008247000000001 -1.3316391 1.1092734
v -1.492272 -1.8168615 0.9892566000000003
v -1.550286 -1.8168605999999998 0.9892566000000003
v -1.5502797000000001 -1.8170036999999999 -0.01594169999999989
v -1.4922666 -1.8170036999999999 -0.01594169999999989
v -1.492272 -1.3315896 0.9892566000000002
v -1.550286 -1.3315896 0.9892566000000002
v -1.550286 -1.8168605999999998 0.9892566000000003
v -1.492272 -1.8168615 0.9892566000000003
v -1.492272 1.7735813999999999 0.9892565999999999
v -1.4922666 1.7737227000000002 -0.01594170000000011
v -1.5502797000000001 1.7737227000000002 -0.01594170000000011
v -1.550286 1.7735805 0.9892565999999999
v -1.492272 1.2883095 0.9892566000000002
v -1.492272 1.7735813999999999 0.9892565999999999
v -1.550286 1.7735805 0.9892565999999999
v -1.550286 1.2883086000000001 0.9892566000000002
v -0.6238611000000001 -1.1696256 0.7504893000000001
v -0.6238611000000001 -1.1696247 0.2843550000000001
v -0.6238611000000001 -1.4708925000000002 0.28435500000000014
v -0.6238611000000001 -1.4708925000000002 0.7504893000000001
v -0.3312198 -1.6941222 0.8455608000000001
v -0.31891410000000003 -1.7901818999999999 0.7031988000000001
v 0.0354096 -1.7901818999999999 0.7031988000000001
v 0.0477153 -1.6941222 0.8455608000000001
v 0.0118485 -1.7695377 0.7058412000000001
v -0.294633 -1.7695368 0.7058412000000001
v -0.294633 -1.7695368 0.3726585000000001
v 0.0118485 -1.7695377 0.3726585000000001
v 0.0036927 -1.6941123 0.26930790000000016
v 0.0036927 -1.7556246 0.37342710000000007
v -0.0268398 -1.7556246 0.37342710000000007
v -0.0268398 -1.6941123 0.26930790000000016
v -0.25573229999999997 -1.6941123 0.26930790000000016
v -0.25573229999999997 -1.7556246 0.37342710000000007
v -0.28626480000000004 -1.7556237000000001 0.37342710000000007
v -0.28626480000000004 -1.6941123 0.26930790000000016
v 0.0232695 -1.6941123 0.7058412000000001
v 0.0118485 -1.7695377 0.7058412000000001
v 0.0118485 -1.7695377 0.3726585000000001
v 0.0232695 -1.6941123 0.3584367000000001
v -0.306054 -1.6941123 0.3584367000000001
v -0.294633 -1.7695368 0.3726585000000001
v -0.294633 -1.7695368 0.7058412000000001
v -0.306054 -1.6941123 0.7058412000000001
v -0.6176871 -1.4849037 0.3122892000000001
v -0.6182586 -1.1565126000000001 0.30407400000000007
v -0.9361989000000001 -1.1549196000000002 -0.015941699999999927
v -0.9361989000000001 -1.4849046 -0.01594169999999991
v -0.6257286000000001 -1.7021241 -0.015941699999999896
v 0.341298 -1.7021241 -0.015941699999999896
v 0.341298 -1.7021232000000002 1.0976841000000002
v -0.6257286000000001 -1.7021232000000002 1.0976841000000002
v -0.6638742000000001 -1.7624673 1.0970001
v -0.6470622 -1.7389881 1.1854287000000001
v -0.6470622 -0.9807165 1.1854287
v -0.6638742000000001 -0.9807165 1.0970001
v 0.383049 -1.7624673 1.0970001
v 0.3684825 -1.7389881 1.1854287000000001
v -0.6470622 -1.7389881 1.1854287000000001
v -0.6638742000000001 -1.7624673 1.0970001
v 0.383049 -0.9807165 1.0970001
v 0.3684825 -0.9807165 1.1854287
v 0.3684825 -1.7389881 1.1854287000000001
v 0.383049 -1.7624673 1.0970001
v 0.314325 -1.6833096 1.3576266000000003
v 0.3879036 -1.7725392 1.3577715000000001
v 0.3879036 -0.9807165 1.3577706
v 0.314325 -0.9807165 1.3576257
v 0.314325 -1.6833096 1.3576266000000003
v -0.5987556 -1.6833096 1.3576266000000003
v -0.6723342 -1.7725392 1.3577715000000001
v 0.3879036 -1.7725392 1.3577715000000001
v -0.5987556 -1.6833096 1.3576266000000003
v -0.5987556 -0.9807165 1.3576257
v -0.6723342 -0.9807165 1.3577706
v -0.6723342 -1.7725392 1.3577715000000001
v -0.6723342 -1.7725392 1.1854287000000001
v -0.6723342 -1.7725392 1.3577715000000001
v -0.6723342 -0.9807165 1.3577706
v -0.6723342 -0.9807165 1.1854287
v 0.3879036 -1.7725392 1.1854287000000001
v 0.3879036 -1.7725392 1.3577715000000001
v -0.6723342 -1.7725392 1.3577715000000001
v -0.6723342 -1.7725392 1.1854287000000001
v 0.3879036 -0.9807165 1.1854287
v 0.3879036 -0.9807165 1.3577706
v 0.3879036 -1.7725392 1.3577715000000001
v 0.3879036 -1.7725392 1.1854287000000001
v 0.341298 -1.7021241 -0.015941699999999896
v 0.341298 -0.9807165 -0.01594169999999994
v 0.341298 -0.9807165 1.0976841
v 0.341298 -1.7021232000000002 1.0976841000000002
v -0.6199056 1.1263446000000001 0.7504892999999999
v -0.6199056 1.4276124000000001 0.7504892999999999
v -0.6199056 1.4276124000000001 0.2843549999999999
v -0.6199056 1.1263446000000001 0.28435499999999997
v 0.0354096 1.7469009 0.7031987999999999
v -0.31891410000000003 1.7469009 0.7031987999999999
v -0.3312198 1.6508412000000001 0.8455607999999999
v 0.0477153 1.6508412000000001 0.8455607999999999
v 0.0118485 1.7262567000000002 0.7058411999999998
v 0.0118485 1.7262567000000002 0.37265849999999995
v -0.294633 1.7262567000000002 0.37265849999999995
v -0.294633 1.7262567000000002 0.7058411999999998
v -0.0268398 1.7123445000000002 0.3734270999999999
v 0.0036927 1.7123436 0.3734270999999999
v 0.0036927 1.6508322 0.26930789999999993
v -0.0268398 1.6508322 0.26930789999999993
v -0.28626480000000004 1.7123436 0.3734270999999999
v -0.25573229999999997 1.7123436 0.3734270999999999
v -0.25573229999999997 1.6508313000000001 0.26930789999999993
v -0.28626480000000004 1.6508313000000001 0.26930789999999993
v 0.0232695 1.6508322 0.7058411999999998
v 0.0232695 1.6508322 0.3584366999999999
v 0.0118485 1.7262567000000002 0.37265849999999995
v 0.0118485 1.7262567000000002 0.7058411999999998
v -0.306054 1.6508313000000001 0.3584366999999999
v -0.306054 1.6508313000000001 0.7058411999999998
v -0.294633 1.7262567000000002 0.7058411999999998
v -0.294633 1.7262567000000002 0.37265849999999995
v -0.6257286000000001 1.6588431000000001 -0.015941700000000104
v -0.6257286000000001 1.6588422 1.0976840999999997
v 0.341298 1.6588422 1.0976840999999997
v 0.341298 1.6588431000000001 -0.015941700000000104
v -0.6638742000000001 1.7191863 1.0970000999999998
v -0.6638742000000001 0.9374364 1.0970001
v -0.6470622 0.9374364 1.1854287
v -0.6470622 1.6957071000000001 1.1854287
v 0.383049 1.7191863 1.0970000999999998
v -0.6638742000000001 1.7191863 1.0970000999999998
v -0.6470622 1.6957071000000001 1.1854287
v 0.3684825 1.6957071000000001 1.1854287
v 0.383049 0.9374364 1.0970001
v 0.383049 1.7191863 1.0970000999999998
v 0.3684825 1.6957071000000001 1.1854287
v 0.3684825 0.9374364 1.1854287
v 0.314325 1.6400286000000002 1.3576266
v 0.314325 0.9374364 1.3576257
v 0.3879036 0.9374364 1.3577706
v 0.3879036 1.7292591000000002 1.3577714999999997
v 0.314325 1.6400286000000002 1.3576266
v 0.3879036 1.7292591000000002 1.3577714999999997
v -0.6723342 1.7292591000000002 1.3577714999999997
v -0.5987556 1.6400286000000002 1.3576266
v -0.5987556 1.6400286000000002 1.3576266
v -0.6723342 1.7292591000000002 1.3577714999999997
v -0.6723342 0.9374364 1.3577706
v -0.5987556 0.9374364 1.3576257
v -0.6723342 1.7292591000000002 1.1854287
v -0.6723342 0.9374364 1.1854287
v -0.6723342 0.9374364 1.3577706
v -0.6723342 1.7292591000000002 1.3577714999999997
v 0.3879036 1.7292591000000002 1.1854287
v -0.6723342 1.7292591000000002 1.1854287
v -0.6723342 1.7292591000000002 1.3577714999999997
v 0.3879036 1.7292591000000002 1.3577714999999997
v 0.3879036 0.9374364 1.1854287
v 0.3879036 1.7292591000000002 1.1854287
v 0.3879036 1.7292591000000002 1.3577714999999997
v 0.3879036 0.9374364 1.3577706
v 0.341298 1.6588431000000001 -0.015941700000000104
v 0.341298 1.6588422 1.0976840999999997
v 0.341298 0.9374364 1.0976841
v 0.341298 0.9374364 -0.015941700000000055
v -1.3156362000000001 -0.021640499999999886 1.9067850000000002
v -1.3157091 -0.9380510999999998 1.9068831
v -0.4030956 -0.9380510999999998 1.9068354
v -0.4044285 -0.021640499999999886 1.9067418
v -1.5978987000000002 0.20551860000000002 0.28821060000000004
v -1.5979149 0.20542500000000005 0.9315171
v -1.8779886 0.15604470000000006 1.0045917
v -1.8779994000000002 0.1560996 0.2881683
v -1.8779994000000002 0.1560996 0.2881683
v -1.8779886 0.15604470000000006 1.0045917
v -1.5979149 0.20542500000000005 0.9315171
v -1.5978987000000002 0.20551860000000002 0.28821060000000004
v 0.5852277 -0.3227382 -0.00934829999999998
v 0.5462262 0.7818993000000001 -0.015941700000000048
v 0.5462262 0.7818993000000002 0.88065
v 0.5852277 -0.3227381999999999 0.88065
v -1.0980909 1.3258368000000003 2.1101076
v -1.1561616000000001 1.2677661000000002 2.1624444
v -1.1561616000000001 0.8755137000000002 2.1624444
v -1.0980909 0.8174430000000001 2.1101076
v -1.1561616000000001 0.8755137000000002 2.1624444
v -1.557927 0.8755137000000002 2.1624444
v -1.6159986000000002 0.8174430000000001 2.1101076
v -1.0980909 0.8174430000000001 2.1101076
v -1.6159986000000002 0.8174430000000001 2.1101076
v -1.557927 0.8755137000000002 2.1624444
v -1.5579279 1.2677661000000002 2.1624444
v -1.6159986000000002 1.3258368000000003 2.1101076
v -1.5579279 1.2677661000000002 2.1624444
v -1.1561616000000001 1.2677661000000002 2.1624444
v -1.0980909 1.3258368000000003 2.1101076
v -1.6159986000000002 1.3258368000000003 2.1101076
v -1.5791175 0.8544591000000001 1.9974455999999998
v -1.1351088 0.8544600000000001 1.9974455999999998
v -1.0980909 0.8174430000000001 2.1101076
v -1.6159986000000002 0.8174430000000001 2.1101076
v -1.325034 0.9136962000000002 2.4262740000000003
v -1.3698855 0.9136962000000002 2.4262740000000003
v -1.3698855 0.7869969000000001 2.0604771
v -1.325034 0.7869969000000001 2.0604771
v 0.341298 0.9374364 1.1854287
v 0.3879036 0.9374364 1.1854287
v -0.6723342 0.9374364 1.1854287
v -0.6257286000000001 0.9374364 1.1854287
v -1.0980909 -1.3691168999999999 2.1101076
v -1.0980909 -0.8607230999999999 2.1101076
v -1.1561616000000001 -0.9187937999999999 2.1624444
v -1.1561616000000001 -1.3110471 2.1624444
v -1.1561616000000001 -0.9187937999999999 2.1624444
v -1.0980909 -0.8607230999999999 2.1101076
v -1.6159986000000002 -0.8607239999999999 2.1101076
v -1.557927 -0.9187937999999999 2.1624444
v -1.6159986000000002 -0.8607239999999999 2.1101076
v -1.6159986000000002 -1.3691177999999997 2.1101076
v -1.5579279 -1.3110461999999998 2.1624444
v -1.557927 -0.9187937999999999 2.1624444
v -1.5579279 -1.3110461999999998 2.1624444
v -1.6159986000000002 -1.3691177999999997 2.1101076
v -1.0980909 -1.3691168999999999 2.1101076
v -1.1561616000000001 -1.3110471 2.1624444
v -1.308978 -1.1580488999999998 2.6426097
v -1.308978 -1.0719485999999998 2.6426106
v -1.4045913 -1.0719485999999998 2.6426106
v -1.4045913 -1.1580497999999997 2.6426106
v -1.5791175 -0.8977392 1.9974455999999998
v -1.6159986000000002 -0.8607239999999999 2.1101076
v -1.0980909 -0.8607230999999999 2.1101076
v -1.1351088 -0.8977409999999999 1.9974455999999998
v -1.325034 -0.8302769999999999 2.0604771
v -1.3698855 -0.8302769999999999 2.0604771
v -1.3698855 -0.9569762999999998 2.4262740000000003
v -1.325034 -0.9569762999999998 2.4262749
v 0.341298 -0.9807165 1.1854287
v -0.6257286000000001 -0.9807165 1.1854287
v -0.6723342 -0.9807165 1.1854287
v 0.3879036 -0.9807165 1.1854287
v 0.5728824 0.6436224000000001 1.9049238000000002
v 0.5728824 0.4179294000000001 1.9049238000000002
v 1.0191105 0.4179303000000001 1.5775965
v 1.0191105 0.6436233000000001 1.5775965
v 1.3681008 -0.3725847 0.3930318
v 1.3993209000000002 -0.3725847 0.3930327
v 1.3993209000000002 -0.3725847 -0.01594169999999998
v 1.3681008 -0.3725847 -0.01594169999999998
v 0.6233328 -0.9666161999999999 0.39303180000000004
v 0.6233274000000001 -0.9995400000000001 0.39303270000000007
v 1.3997916 -0.9984006000000001 0.39303180000000004
v 1.3680999 -0.9667053 0.39303180000000004
v 1.3680999 -0.9667053 1.3033287
v 1.3680999 -0.9667053 0.39303180000000004
v 1.3681008 -0.3725847 0.3930318
v 1.3681008 -0.3725846999999999 1.3033287
v 1.3997916 -0.9984006000000001 -0.015941699999999937
v 1.3997916 -0.9984006000000001 0.39303180000000004
v 0.6233274000000001 -0.9995400000000001 0.39303270000000007
v 0.6233274000000001 -0.9995400000000001 -0.015941699999999937
v 0.5116581 0.7749675000000001 1.9069236
v 0.5116581 0.2776275000000001 1.9069236
v 0.5765904000000001 0.2776275000000001 1.9069236
v 0.5765913 0.7749675000000001 1.9069272000000002
v 0.5765904000000001 0.23280570000000014 2.0604771
v 0.5765904000000001 0.2776275000000001 1.9069236
v 0.5116581 0.2776275000000001 1.9069236
v 0.5116581 0.23280570000000014 2.0604771
v 1.3997916 -0.9984006000000001 0.39303180000000004
v 1.3997916 -0.9984006000000001 -0.015941699999999937
v 1.3993209000000002 -0.3725847 -0.01594169999999998
v 1.3993209000000002 -0.3725847 0.3930327
v 0.6233328 0.8942850000000001 1.7622387
v 0.6233328 0.8942850000000001 1.6088562
v 1.4105052 0.8942850000000001 1.6088562
v 1.4105052 0.8942850000000001 1.7622387
v 1.4105052 0.8942850000000001 1.7622387
v 1.4754312 0.9564579000000003 1.7622387
v 0.6233328 0.9564579000000003 1.7622387
v 0.6233328 0.8942850000000001 1.7622387
v 1.4754312 0.9564579000000001 1.3033287
v 0.6233328 0.9564579000000001 1.3033287
v 0.6233328 0.9564579000000003 1.7622387
v 1.4754312 0.9564579000000003 1.7622387
v -1.6467759 0.3471327000000001 1.8254591999999998
v -1.6479972 0.3471327 -0.01594170000000002
v -1.6837911 0.3471327 -0.01594170000000002
v -1.6837911 0.3471327000000001 1.8615744
v 0.6233328 0.9371223000000003 2.413701
v 0.5548626 0.9370809000000002 2.4172578000000002
v 0.5116581 0.7749675000000001 2.0604771
v 0.6233328 0.7749675000000001 2.0604771
v 0.5116581 0.7749675000000001 2.0604771
v 0.5548626 0.9370809000000002 2.4172578000000002
v 0.5116581 0.8947701000000001 1.9068831
v 0.5116581 0.7749675000000001 1.9069236
v 0.3936942 0.9594837000000002 2.0567421
v -1.3805622 0.9594837000000002 2.0567421
v -1.3157073000000001 0.8947701000000001 2.0604771
v 0.3936942 0.8947701000000001 2.0604771
v 1.4105052 -0.9375659999999999 1.7622387
v 1.4754312 -0.9997379999999998 1.7622387
v 1.4754312 0.9564579000000003 1.7622387
v 1.4105052 0.8942850000000001 1.7622387
v 1.3680999 -0.9667053 1.3033287
v 0.6233328 -0.9666161999999999 1.3033287
v 0.6233328 -0.9666161999999999 0.39303180000000004
v 1.3680999 -0.9667053 0.39303180000000004
v -1.5791175 -0.8977392 1.9974455999999998
v -1.3805622 -1.0027646999999997 2.0604771
v -1.3805622 0.9594837000000002 2.0567421
v -1.5791175 0.8544591000000001 1.9974455999999998
v 1.4754312 -0.9997379999999999 1.3033287
v 1.4754312 0.9564579000000001 1.3033287
v 1.4754312 0.9564579000000003 1.7622387
v 1.4754312 -0.9997379999999998 1.7622387
v 0.6233328 -0.9375659999999999 1.7622387
v 1.4105052 -0.9375659999999999 1.7622387
v 1.4105052 -0.9375660000000001 1.6088562
v 0.6233328 -0.9375660000000001 1.6088562
v 1.4105052 -0.9375659999999999 1.7622387
v 0.6233328 -0.9375659999999999 1.7622387
v 0.6233328 -0.9997379999999998 1.7622387
v 1.4754312 -0.9997379999999998 1.7622387
v 1.4754312 -0.9997379999999999 1.3033287
v 1.4754312 -0.9997379999999998 1.7622387
v 0.6233328 -0.9997379999999998 1.7622387
v 0.6233328 -0.9997379999999999 1.3033287
v -1.6481484 -0.3904127999999999 1.8254591999999998
v -1.6837911 -0.3904127999999999 1.8615744
v -1.6837911 -0.3904128 -0.015941699999999975
v -1.6479972 -0.3904128 -0.015941699999999975
v -1.6837911 -0.3904127999999999 1.8615744
v -1.6587603 -0.3904127999999999 1.8615168
v -1.6560135 0.3471327000000001 1.8615168
v -1.6837911 0.3471327000000001 1.8615744
v -1.6673121 -1.0027646999999997 1.9072368000000002
v -1.5556221000000001 -1.0027637999999999 1.9069740000000002
v -1.5556221000000001 0.9594837000000002 1.9069740000000002
v -1.6673121 0.9594837000000002 1.9072368000000002
v -1.5556221000000001 -1.0027637999999999 1.9069740000000002
v -1.5791175 -0.8977392 1.9974455999999998
v -1.5791175 0.8544591000000001 1.9974455999999998
v -1.5556221000000001 0.9594837000000002 1.9069740000000002
v -1.3805622 -1.0027646999999997 2.0604771
v -1.3157073000000001 -0.9380510999999998 2.0604771
v -1.3157073000000001 0.8947701000000001 2.0604771
v -1.3805622 0.9594837000000002 2.0567421
v 0.5765904000000001 0.23280570000000014 2.0604771
v 0.5116581 0.23280570000000014 2.0604771
v 0.512154 -0.8182484999999999 2.0604771
v 0.5765913 -0.8182484999999999 2.0604771
v 0.3936942 -1.0027646999999997 2.0604771
v 0.3936942 -0.9380510999999998 2.0604771
v -1.3157073000000001 -0.9380510999999998 2.0604771
v -1.3805622 -1.0027646999999997 2.0604771
v 0.27423179999999997 -0.6996833999999997 3.2956137
v 0.5213817 -0.2716055999999998 3.2956137
v 0.1561932 -0.1727189999999998 3.6868149
v 0.0068148 -0.43145099999999975 3.6868149
v -0.4017546 -0.02163599999999975 4.0780161
v 0.5213817 -0.2716055999999998 3.2956137
v 0.5206266 0.2255148000000002 3.2956146
v 0.1557369 0.12774330000000023 3.6868157999999998
v 0.1561932 -0.1727189999999998 3.6868149
v -0.4017546 -0.02163599999999975 4.0780161
v 0.5292819000000001 -1.2133251 0.7343658000000001
v 0.5489406 -1.1732166 0.7694901000000001
v 0.6416181000000001 -1.3623075000000002 0.7694901000000001
v 0.6023016000000001 -1.3623075000000002 0.7343658000000001
v 0.5489406 -1.5513984 0.7694901000000001
v 0.5292819000000001 -1.511289 0.7343658000000001
v 0.33576480000000003 -1.5513984 0.7694901000000001
v 0.33576480000000003 -1.511289 0.7343658000000001
v 0.5292819000000001 -1.2133251 -0.026091899999999925
v 0.5292819000000001 -1.2133251 0.7343658000000001
v 0.6023016000000001 -1.3623075000000002 0.7343658000000001
v 0.6023016000000001 -1.3623075000000002 -0.026091899999999914
v 0.5292819000000001 -1.511289 0.7343658000000001
v 0.5292819000000001 -1.511289 -0.026091899999999908
v 0.33576480000000003 -1.511289 0.7343658000000001
v 0.33576480000000003 -1.511289 -0.026091899999999908
v 0.6233328 -1.0495088999999997 2.4405138
v 0.5550651000000001 -1.0495394999999998 2.413692
v 0.3936942 -1.0027646999999997 2.0604771
v 0.6233328 -1.0495089 -0.015941699999999934
v -1.3805622 -1.0027646999999997 2.0604771
v -1.3805631 -1.0027647 -0.015941699999999937
v -1.6479972 -1.0027647 -0.015941699999999937
v -1.6479972 -1.0027646999999997 1.8256572
v 0.6233328 -0.8182484999999999 2.0604771
v 0.512154 -0.8182484999999999 2.0604771
v 0.6233328 -0.9804023999999999 2.413701
v 0.5548626 -0.9803618999999998 2.4172578000000002
v 0.6233328 -1.0495088999999997 2.4405138
v 0.5550651000000001 -1.0495394999999998 2.413692
v 0.3936942 -0.9380510999999998 2.0604771
v 0.3936942 -1.0027646999999997 2.0604771
v 0.6232905 0.9189387 -0.019807200000000056
v 0.6233328 1.0062288 -0.015941700000000062
v 0.6233328 0.9142704000000001 1.3033287
v 0.6233328 1.0062279000000003 2.4405138
v 0.6233328 0.7749675000000001 1.6088562
v 0.6233328 0.7749675000000001 2.0604771
v 0.6233328 0.9371223000000003 2.413701
v 0.623151 -0.37281780000000003 -0.03267269999999998
v 0.6229017 -0.11517840000000001 -0.0326727
v 0.6229017 -0.15248069999999997 0.5930784
v 0.623151 -0.3728177999999999 1.3033287
v 0.6229017 -0.021674699999999957 0.7376679
v 0.6229017 0.48874949999999995 0.7379379
v 0.6233328 0.9142704000000001 1.3033287
v 0.6229017 0.10125090000000005 0.5930784
v 0.6229017 0.37340550000000006 0.5930784
v 0.6229017 0.3927699 -0.03267270000000003
v 0.6229017 0.0743454 -0.032672700000000006
v 0.6233328 0.9142704000000001 1.3033287
v 0.6229017 0.48874949999999995 0.7379379
v 0.6229017 0.6104529000000001 0.5930784
v 0.6232905 0.9189387 -0.019807200000000056
v 0.6229017 0.5936256 -0.03267270000000004
v 1.4105052 0.8942850000000001 1.6088562
v 0.6233328 0.8942850000000001 1.6088562
v 1.4105061 -0.0216404999999999 1.6088562
v 0.5651055 0.90153 1.6088562
v 1.4105052 -0.9375660000000001 1.6088562
v 0.5762016 -0.9375660000000001 1.6088562
v -1.6008660000000001 -0.02163959999999998 0.2883141
v -1.6008579 -0.26041410000000004 0.2883276
v -1.6008579 -0.26035919999999996 0.9315189
v -1.6008579 -0.021640499999999938 1.0045926
v -1.6008579 -0.15932069999999995 1.2445704000000002
v -1.6008579 0.21707910000000005 0.9315189
v -1.6008579 0.12209760000000008 1.2410793
v -1.6008579 -0.021640499999999913 1.4512401000000001
v -1.3093623 -0.3744189 0.2881404
v -1.3093623 0.2187243 0.28832850000000004
v -1.6837911 -0.3087513 0.2883276
v -1.6837911 0.2654703 0.2883276
v -1.7895653999999999 -0.021640499999999983 0.2883276
v -1.6837911 0.3471327 -0.01594170000000002
v -2.0352681 0.19310850000000002 -0.015941700000000013
v -2.0352681 -0.2363886 -0.015941699999999986
v -1.6837911 -0.3087513 0.2883276
v -1.6837911 -0.3904128 -0.015941699999999975
v -0.6242787000000001 0.8087985000000003 2.5043094000000004
v -0.6162111 0.7786674000000001 1.9108611
v -1.0938123 0.3786489000000001 1.9108611
v -1.1209041 0.39704850000000014 2.5074189
v -1.2029283 -0.2369258999999999 1.9108611
v -1.2335166 -0.24453629999999985 2.5065198
v -0.8002404 -0.7150733999999999 1.9108611
v -0.8151993000000001 -0.7438589999999998 2.5074198
v -0.1865043 -0.8212022999999999 1.9108611
v -0.1792332 -0.8521325999999999 2.5043094000000004
v 0.2906973 -0.42158339999999994 1.9108611
v 0.3173931 -0.4403816999999999 2.5074198
v 0.397188 0.1929951000000001 1.9108611
v 0.4277367 0.20059470000000015 2.5065198
v -0.0032733000000000003 0.6717402000000001 1.9108611
v 0.011687399999999999 0.7005258000000002 2.5074189
v -0.6162111 0.7786674000000001 1.9108611
v -0.6242787000000001 0.8087985000000003 2.5043094000000004
v -1.4922800999999999 -1.3799493 -0.015941699999999916
v -1.4922800999999999 -1.3315194 -0.01594169999999992
v -1.4922800999999999 -1.3799474999999999 0.5657166000000001
v -1.492272 -1.3315896 0.9892566000000002
v -1.492272 -1.4507451 0.7266501000000002
v -1.492272 -1.6466201999999999 0.7266501000000002
v -1.492272 -1.8168615 0.9892566000000003
v -1.4922800999999999 -1.5758235 0.5657175000000001
v -1.4922657 -1.7174169000000001 0.5657337000000001
v -1.4922657 -1.5215409 0.5657337000000001
v -1.4922666 -1.8170036999999999 -0.01594169999999989
v -1.4922666 -1.7174178 -0.015941699999999896
v -1.4922800999999999 -1.5758244 -0.015941699999999902
v -1.4922666 -1.5215418 -0.015941699999999906
v -1.5502932 -1.3315185 -0.01594169999999992
v -1.5502932 -1.3799484000000002 -0.015941699999999916
v -1.5502941000000001 -1.3799474999999999 0.5657166000000001
v -1.550286 -1.3315896 0.9892566000000002
v -1.550286 -1.4507442000000002 0.7266501000000002
v -1.550286 -1.6466201999999999 0.7266501000000002
v -1.550286 -1.8168605999999998 0.9892566000000003
v -1.5502941000000001 -1.5758235 0.5657175000000001
v -1.5502797000000001 -1.7174169000000001 0.5657337000000001
v -1.5502797000000001 -1.5215409 0.5657337000000001
v -1.5502797000000001 -1.8170036999999999 -0.01594169999999989
v -1.5502797000000001 -1.7174169000000001 -0.015941699999999896
v -1.5502932 -1.5758235 -0.015941699999999902
v -1.5502797000000001 -1.5215409 -0.015941699999999906
v -1.4922800999999999 1.2882384 -0.01594170000000008
v -1.4922800999999999 1.3366692 -0.015941700000000083
v -1.4922800999999999 1.3366673999999998 0.5657165999999999
v -1.492272 1.2883095 0.9892566000000002
v -1.492272 1.4074641 0.7266501
v -1.492272 1.6033392 0.7266501
v -1.492272 1.7735813999999999 0.9892565999999999
v -1.4922800999999999 1.5325434 0.5657174999999999
v -1.4922657 1.6741368 0.5657336999999999
v -1.4922657 1.4782608 0.5657336999999999
v -1.4922666 1.7737227000000002 -0.01594170000000011
v -1.4922666 1.6741368 -0.015941700000000104
v -1.4922800999999999 1.5325434 -0.015941700000000093
v -1.4922666 1.4782608 -0.01594170000000009
v -1.5502932 1.3366683000000001 -0.015941700000000083
v -1.5502932 1.2882384 -0.01594170000000008
v -1.5502941000000001 1.3366665 0.5657165999999999
v -1.550286 1.2883086000000001 0.9892566000000002
v -1.550286 1.4074641 0.7266501
v -1.550286 1.6033392 0.7266501
v -1.550286 1.7735805 0.9892565999999999
v -1.5502941000000001 1.5325425000000001 0.5657174999999999
v -1.5502797000000001 1.6741359000000002 0.5657336999999999
v -1.5502797000000001 1.4782608 0.5657336999999999
v -1.5502797000000001 1.7737227000000002 -0.01594170000000011
v -1.5502797000000001 1.6741359000000002 -0.015941700000000104
v -1.5502932 1.5325434 -0.015941700000000093
v -1.5502797000000001 1.4782608 -0.01594170000000009
v 0.6233328 0.9371223000000003 2.413701
v 0.6233328 1.0062279000000003 2.4405138
v 0.5548626 0.9370809000000002 2.4172578000000002
v 0.5550651000000001 1.0062594000000002 2.413692
v 0.3936942 0.8947701000000001 2.0604771
v 0.3936942 0.9594837000000002 2.0567421
v -1.3157091 0.8947701000000001 1.9068354
v -0.4030956 0.8947701000000001 1.9068354
v -1.3157073000000001 0.8947701000000001 2.0604771
v 0.5116581 0.8947701000000001 1.9068831
v 0.3936942 0.8947701000000001 2.0604771
v 0.5548626 0.9370809000000002 2.4172578000000002
v -1.6837911 -0.3087513 0.2883276
v -1.6837911 -0.3904128 -0.015941699999999975
v -1.6837911 -0.3086964 0.9315243
v -1.6837911 -0.3904127999999999 1.8615744
v -1.6839378 -0.19237769999999993 1.2804039
v -1.6840629 -0.021640499999999906 1.5331689000000002
v -1.6837911 0.3471327000000001 1.8615744
v -1.6839369 0.1578834000000001 1.2824730000000002
v -1.6837911 0.26541630000000005 0.9315243
v -1.6837911 0.3471327 -0.01594170000000002
v -1.6837911 0.2654703 0.2883276
v 0.3936942 -0.9380510999999998 2.0604771
v 0.5548626 -0.9803618999999998 2.4172578000000002
v 0.5116581 -0.9380510999999998 1.9068354
v -1.3157073000000001 -0.9380510999999998 2.0604771
v -0.4030956 -0.9380510999999998 1.9068354
v -1.3157091 -0.9380510999999998 1.9068831
v -1.550286 -1.4507442000000002 0.7266501000000002
v -1.492272 -1.4507451 0.7266501000000002
v -1.4922657 -1.5215409 0.5657337000000001
v -1.5502797000000001 -1.5215409 0.5657337000000001
v -1.4922666 -1.5215418 -0.015941699999999906
v -1.5502797000000001 -1.5215409 -0.015941699999999906
v -1.550286 -1.6466201999999999 0.7266501000000002
v -1.492272 -1.6466201999999999 0.7266501000000002
v -1.4922657 -1.7174169000000001 0.5657337000000001
v -1.5502797000000001 -1.7174169000000001 0.5657337000000001
v -1.4922666 -1.7174178 -0.015941699999999896
v -1.5502797000000001 -1.7174169000000001 -0.015941699999999896
v -0.6257286000000001 -0.9807165 -0.01594169999999994
v -0.6257286000000001 -1.2010104000000001 -0.015941699999999927
v -0.6257286000000001 -1.2309669 0.6187563000000001
v -0.6257286000000001 -0.9807165 1.0976841
v -0.6257286000000001 -1.3199112000000002 0.7058493000000001
v -0.6257286000000001 -1.7021232000000002 1.0976841000000002
v -0.6257286000000001 -1.4088555 0.6187563000000001
v -0.6257286000000001 -1.7021241 -0.015941699999999896
v -0.6257286000000001 -1.4384664 -0.015941699999999913
v 0.480105 1.3190264999999999 1.0331145
v 0.5906133 1.3190264999999999 0.9171126000000001
v 0.5234382 1.4560857 0.9171126000000001
v 0.5982561000000001 1.3190264999999999 0.8062326
v 0.5272596 1.4638824 0.8062326
v 0.6416181000000001 1.3190264999999999 0.7694901
v 0.5489406 1.5081174 0.7694901
v 0.33576480000000003 1.5081174 0.7694901
v 0.33576480000000003 1.4638824 0.8062326
v 0.5272596 1.4638824 0.8062326
v 0.33576480000000003 1.4560857 0.9171126000000001
v 0.5234382 1.4560857 0.9171126000000001
v 0.480105 1.3190264999999999 1.0331145
v 0.33576480000000003 1.3190264999999999 1.0331145
v 0.5489406 1.1299356 0.7694901
v 0.5982561000000001 1.3190264999999999 0.8062326
v 0.5272596 1.1741715 0.8062326
v 0.5906133 1.3190264999999999 0.9171126000000001
v 0.5234382 1.1819682 0.9171126000000001
v 0.480105 1.3190264999999999 1.0331145
v 0.33576480000000003 1.1299356 0.7694901
v 0.5272596 1.1741715 0.8062326
v 0.33576480000000003 1.1741715 0.8062326
v 0.5234382 1.1819682 0.9171126000000001
v 0.33576480000000003 1.1819682 0.9171126000000001
v 0.33576480000000003 1.3190264999999999 1.0331145
v 0.480105 1.3190264999999999 1.0331145
v -1.0980909 1.3258368000000003 2.1101076
v -1.0980909 0.8174430000000001 2.1101076
v -1.1351088 0.8544600000000001 1.9974455999999998
v -1.1351088 1.2888198000000002 1.9974455999999998
v -1.1351088 0.8971227 -0.015941700000000055
v -1.1351088 1.2888198 -0.01594170000000008
v 1.3025799 0.2249784 -0.015941700000000013
v 1.3025799 0.3794652 -0.01594170000000002
v 1.3025799 0.37946610000000003 0.920925
v 1.3025799 0.22498020000000005 0.920898
v 1.3025799 0.5809473 1.1862441000000001
v 1.3025799 0.023497200000000072 1.1862441000000001
v 1.302498 0.9187272 1.3669353000000002
v 1.3025799 0.782433 0.9208971000000001
v 1.302498 0.9187272 -0.015941700000000055
v 1.3025799 0.7824293999999999 -0.015941700000000048
v 1.3025799 -0.4610015999999999 1.3669353000000002
v 1.3025799 -0.17798759999999994 0.920925
v 1.3025799 -0.46140570000000003 -0.015941699999999972
v 1.3025799 -0.1779885 -0.01594169999999999
v 1.4105052 -0.9375660000000001 1.6088562
v 1.4105052 -0.9375659999999999 1.7622387
v 1.4105061 -0.0216404999999999 1.6088562
v 1.4105052 0.8942850000000001 1.7622387
v 1.4105052 0.8942850000000001 1.6088562
v -1.3156362000000001 -0.021640499999999886 1.9067850000000002
v -1.3157091 0.8947701000000001 1.9068354
v -1.3157073000000001 0.8947701000000001 2.0604771
v -1.3157091 -0.9380510999999998 1.9068831
v -1.3157073000000001 -0.9380510999999998 2.0604771
v 1.302498 0.9090756 1.3669353000000002
v 0.6133518000000001 0.9090756 1.3669353000000002
v 0.9774 0.9090756 1.1862432
v 0.7759161 0.9090756 0.920925
v 0.6129468 0.9090756 -0.015941700000000055
v 0.7759161 0.9090756 -0.015941700000000055
v 0.6416181000000001 1.3190264999999999 0.7694901
v 0.5489406 1.1299356 0.7694901
v 0.5292819000000001 1.170045 0.7343657999999998
v 0.6023016000000001 1.3190264999999999 0.7343657999999998
v 0.5489406 1.5081174 0.7694901
v 0.5292819000000001 1.4680089 0.7343657999999998
v 0.33576480000000003 1.5081174 0.7694901
v 0.33576480000000003 1.4680089 0.7343657999999998
v 0.6023016000000001 1.3190264999999999 0.7343657999999998
v 0.5292819000000001 1.170045 0.7343657999999998
v 0.5292819000000001 1.170045 -0.02609190000000007
v 0.6023016000000001 1.3190264999999999 -0.02609190000000008
v 0.5292819000000001 1.4680089 0.7343657999999998
v 0.5292819000000001 1.4680089 -0.02609190000000009
v 0.33576480000000003 1.4680089 0.7343657999999998
v 0.33576480000000003 1.4680089 -0.02609190000000009
v -1.3567905 0.24377130000000016 2.6579196
v -1.2325382999999999 0.20619360000000014 2.5038530999999997
v -1.2335166 -0.24453629999999985 2.5065198
v -1.3545558 -0.2769389999999998 2.6579196
v -1.3248864 0.22833450000000022 3.2956137
v -1.2335166 -0.24453629999999985 2.5065198
v -1.0073043 -0.6343910999999999 2.5038530999999997
v -1.0961361 -0.7290035999999998 2.6579196
v -1.3241313000000001 -0.2687858999999998 3.2956155000000003
v -0.9592434 -0.17101529999999976 3.6868157999999998
v -0.9596997 0.12944700000000023 3.6868149
v -0.4017546 -0.02163599999999975 4.0780161
v -1.3241313000000001 -0.2687858999999998 3.2956155000000003
v -1.0073043 -0.6343910999999999 2.5038530999999997
v -0.6230943 -0.8533268999999998 2.5027461000000004
v -0.6556491 -0.9768140999999997 2.6579196
v -1.0762254 -0.6996824999999999 3.2956137
v -1.0762254 -0.6996824999999999 3.2956137
v -0.8094078 -0.43145099999999975 3.6868149
v -0.6481476 -0.9468341999999998 3.2956137
v -0.9592434 -0.17101529999999976 3.6868157999999998
v -0.4017546 -0.02163599999999975 4.0780161
v -0.5506758 -0.5808302999999998 3.6868149
v -0.8094078 -0.43145099999999975 3.6868149
v -0.4017546 -0.02163599999999975 4.0780161
v -0.656973 0.9308493000000001 2.6579196
v -0.6242787000000001 0.8087985000000003 2.5043094000000004
v -1.0092708000000001 0.5879034000000002 2.5027461000000004
v -1.0992222 0.6786243000000002 2.6579196
v -0.6496587 0.9035622000000001 3.2956137
v -1.0092708000000001 0.5879034000000002 2.5027461000000004
v -1.2325382999999999 0.20619360000000014 2.5038530999999997
v -1.3567905 0.24377130000000016 2.6579196
v -1.0777364999999999 0.6564123000000002 3.2956137
v -1.0777364999999999 0.6564123000000002 3.2956137
v -0.5515893000000001 0.5375583000000003 3.6868149
v -1.3248864 0.22833450000000022 3.2956137
v -0.8103213 0.38817990000000024 3.6868149
v -0.4017546 -0.02163599999999975 4.0780161
v -0.8103213 0.38817990000000024 3.6868149
v -0.9596997 0.12944700000000023 3.6868149
v -0.4017546 -0.02163599999999975 4.0780161
v 0.5510475 0.23366610000000015 2.6579196
v 0.4277367 0.20059470000000015 2.5065198
v 0.2037924 0.5910579000000001 2.5038530999999997
v 0.2926269 0.6857316000000002 2.6579196
v 0.5206266 0.2255148000000002 3.2956146
v 0.2037924 0.5910579000000001 2.5038530999999997
v -0.1804176 0.8099937000000003 2.5027461000000004
v -0.1478601 0.9335412000000003 2.6579196
v 0.2727198 0.6564114000000003 3.2956137
v 0.1557369 0.12774330000000023 3.6868157999999998
v 0.005901300000000001 0.3881790000000003 3.6868149
v -0.4017546 -0.02163599999999975 4.0780161
v 0.2727198 0.6564114000000003 3.2956137
v -0.1804176 0.8099937000000003 2.5027461000000004
v -0.6242787000000001 0.8087985000000003 2.5043094000000004
v -0.656973 0.9308493000000001 2.6579196
v -0.1553571 0.9035631000000003 3.2956137
v -0.1553571 0.9035631000000003 3.2956137
v 0.005901300000000001 0.3881790000000003 3.6868149
v -0.6496587 0.9035622000000001 3.2956137
v -0.25283069999999996 0.5375583000000003 3.6868149
v -0.4017546 -0.02163599999999975 4.0780161
v -0.25283069999999996 0.5375583000000003 3.6868149
v -0.5515893000000001 0.5375583000000003 3.6868149
v -0.4017546 -0.02163599999999975 4.0780161
v -0.6556491 -0.9768140999999997 2.6579196
v -0.6230943 -0.8533268999999998 2.5027461000000004
v -0.1792332 -0.8521325999999999 2.5043094000000004
v -0.1465371 -0.9741221999999997 2.6579196
v -0.6481476 -0.9468341999999998 3.2956137
v -0.1792332 -0.8521325999999999 2.5043094000000004
v 0.2057589 -0.6312365999999998 2.5027461000000004
v 0.29571390000000003 -0.7218971999999999 2.6579196
v -0.1538469 -0.9468332999999999 3.2956137
v -0.1538469 -0.9468332999999999 3.2956137
v -0.25191810000000003 -0.5808302999999998 3.6868149
v 0.27423179999999997 -0.6996833999999997 3.2956137
v -0.5506758 -0.5808302999999998 3.6868149
v -0.4017546 -0.02163599999999975 4.0780161
v 0.0068148 -0.43145099999999975 3.6868149
v -0.25191810000000003 -0.5808302999999998 3.6868149
v -0.4017546 -0.02163599999999975 4.0780161
v 0.29571390000000003 -0.7218971999999999 2.6579196
v 0.2057589 -0.6312365999999998 2.5027461000000004
v 0.42902640000000003 -0.24952769999999988 2.5038530999999997
v 0.5532813 -0.28704419999999986 2.6579196
v 0.27423179999999997 -0.6996833999999997 3.2956137
v 0.5213817 -0.2716055999999998 3.2956137
v 0.5532813 -0.28704419999999986 2.6579196
v 0.42902640000000003 -0.24952769999999988 2.5038530999999997
v 0.4277367 0.20059470000000015 2.5065198
v 0.5510475 0.23366610000000015 2.6579196
v 0.5213817 -0.2716055999999998 3.2956137
v 0.5206266 0.2255148000000002 3.2956146
v -1.6839378 -0.19237769999999993 1.2804039
v -1.6840629 -0.021640499999999906 1.5331689000000002
v -1.6008579 -0.021640499999999913 1.4512401000000001
v -1.6008579 -0.15932069999999995 1.2445704000000002
v -1.6837911 -0.3086964 0.9315243
v -1.6008579 -0.26035919999999996 0.9315189
v -1.6837911 -0.3087513 0.2883276
v -1.6008579 -0.26041410000000004 0.2883276
v 0.37099350000000003 -1.9395297 -0.010997999999999881
v 0.3485556 -1.8240948 -0.010997999999999888
v 0.3457539 -1.8270981 0.1341387000000001
v 0.3457539 -1.8270981 0.1341387000000001
v 0.3672711 -1.9377936 0.13413870000000014
v 0.2681424 -1.9965411000000002 -0.010997999999999878
v 0.2686428 -1.9924641000000003 0.13413870000000014
v 0.2785563 -1.9023084 0.3206295000000001
v 0.3457539 -1.8270981 0.1341387000000001
v 0.2785563 -1.9023084 0.3206295000000001
v 0.2318364 -1.8097632000000001 -0.01099799999999989
v 0.2785563 -1.9023084 0.3206295000000001
v 0.1861704 -1.9155573000000001 0.13413870000000014
v 0.1821384 -1.9163412000000002 -0.010997999999999883
v 0.2686428 -1.9924641000000003 0.13413870000000014
v 0.2681424 -1.9965411000000002 -0.010997999999999878
v 0.6129468 0.9187272 -0.015941700000000055
v 0.7759161 0.9187272 0.920925
v 0.7759161 0.9187272 -0.015941700000000055
v 0.6133518000000001 0.9187272 1.3669353000000002
v 0.9774 0.9187272 1.1862432
v 1.302498 0.9187272 1.3669353000000002
v 1.1173554 0.9187272 1.0603035
v 1.1788848 0.9187272 0.9208971000000001
v 1.1788848 0.9187272 -0.015941700000000055
v 1.302498 0.9187272 -0.015941700000000055
v 0.623151 -0.37281780000000003 -0.03267269999999998
v 0.623151 -0.3728177999999999 1.3033287
v 1.3681008 -0.3725847 -0.01594169999999998
v 1.3681008 -0.3725847 0.3930318
v 1.3681008 -0.3725846999999999 1.3033287
v 0.5548626 -0.9803618999999998 2.4172578000000002
v 0.512154 -0.8182484999999999 2.0604771
v 0.5116581 -0.9380510999999998 1.9068354
v 0.5116581 0.2776275000000001 1.9069236
v 0.5116581 0.23280570000000014 2.0604771
v -1.4922657 1.4782608 0.5657336999999999
v -1.492272 1.4074641 0.7266501
v -1.550286 1.4074641 0.7266501
v -1.5502797000000001 1.4782608 0.5657336999999999
v -1.4922666 1.4782608 -0.01594170000000009
v -1.5502797000000001 1.4782608 -0.01594170000000009
v -1.4922657 1.6741368 0.5657336999999999
v -1.492272 1.6033392 0.7266501
v -1.550286 1.6033392 0.7266501
v -1.5502797000000001 1.6741359000000002 0.5657336999999999
v -1.4922666 1.6741368 -0.015941700000000104
v -1.5502797000000001 1.6741359000000002 -0.015941700000000104
v -0.48754260000000005 -0.9807164999999999 1.6967583
v -0.5987556 -0.9807165 1.3576257
v -0.5987556 -1.6833096 1.3576266000000003
v -0.4713093 -1.546641 1.6791804
v -0.249966 -0.9807164999999999 1.8462033000000002
v -0.24158609999999997 -1.1432411999999998 1.8462041999999999
v -0.034464600000000005 -0.9807164999999999 1.8462033000000002
v -0.042845400000000006 -1.1432411999999998 1.8462041999999999
v -0.4713093 -1.546641 1.6791804
v 0.1868778 -1.546641 1.6791804
v 0.1868778 -1.546641 1.6791804
v 0.203112 -0.9807164999999999 1.6967583
v 0.314325 -1.6833096 1.3576266000000003
v -0.5987556 -1.6833096 1.3576266000000003
v 0.314325 -0.9807165 1.3576257
v 0.314325 -1.6833096 1.3576266000000003
v 0.480105 -1.3623075000000002 1.0331145
v 0.5906133 -1.3623075000000002 0.9171126000000001
v 0.5234382 -1.2252482999999998 0.9171126000000001
v 0.5272596 -1.2174516 0.8062326000000001
v 0.5982561000000001 -1.3623075000000002 0.8062326000000001
v 0.5489406 -1.1732166 0.7694901000000001
v 0.6416181000000001 -1.3623075000000002 0.7694901000000001
v 0.5272596 -1.2174516 0.8062326000000001
v 0.33576480000000003 -1.1732166 0.7694901000000001
v 0.33576480000000003 -1.2174516 0.8062326000000001
v 0.5234382 -1.2252482999999998 0.9171126000000001
v 0.33576480000000003 -1.2252482999999998 0.9171126000000001
v 0.33576480000000003 -1.3623075000000002 1.0331145
v 0.480105 -1.3623075000000002 1.0331145
v 0.5982561000000001 -1.3623075000000002 0.8062326000000001
v 0.5272596 -1.5071625 0.8062326000000001
v 0.5489406 -1.5513984 0.7694901000000001
v 0.5234382 -1.4993658 0.9171126000000001
v 0.5906133 -1.3623075000000002 0.9171126000000001
v 0.480105 -1.3623075000000002 1.0331145
v 0.33576480000000003 -1.5071625 0.8062326000000001
v 0.33576480000000003 -1.5513984 0.7694901000000001
v 0.5272596 -1.5071625 0.8062326000000001
v 0.33576480000000003 -1.4993658 0.9171126000000001
v 0.5234382 -1.4993658 0.9171126000000001
v 0.33576480000000003 -1.3623075000000002 1.0331145
v 0.480105 -1.3623075000000002 1.0331145
v -0.6257286000000001 1.1876859 0.6187562999999999
v -0.6257286000000001 1.1577294 -0.015941700000000072
v -0.6257286000000001 0.9374355000000001 -0.015941700000000055
v -0.6257286000000001 0.9374364 1.0976841
v -0.6257286000000001 1.2766302 0.7058492999999999
v -0.6257286000000001 1.6588422 1.0976840999999997
v -0.6257286000000001 1.3655754 0.6187562999999999
v -0.6257286000000001 1.3951863 -0.015941700000000083
v -0.6257286000000001 1.6588431000000001 -0.015941700000000104
v -0.4713093 1.5033609000000003 1.6791804
v -0.5987556 1.6400286000000002 1.3576266
v -0.5987556 0.9374364 1.3576257
v -0.48754260000000005 0.9374355000000003 1.6791804
v -0.24158609999999997 1.0999602000000002 1.8462041999999999
v -0.249966 0.9374355000000003 1.8462033000000002
v -0.034464600000000005 0.9374364000000002 1.8462033000000002
v -0.042845400000000006 1.0999602000000002 1.8462041999999999
v -0.4713093 1.5033609000000003 1.6791804
v 0.1868778 1.5033609000000003 1.6791804
v 0.1868778 1.5033609000000003 1.6791804
v 0.203112 0.9374355000000003 1.6791804
v 0.314325 1.6400286000000002 1.3576266
v -0.5987556 1.6400286000000002 1.3576266
v 0.314325 0.9374364 1.3576257
v 0.314325 1.6400286000000002 1.3576266
v -1.1351088 -0.8977409999999999 1.9974455999999998
v -1.0980909 -0.8607230999999999 2.1101076
v -1.0980909 -1.3691168999999999 2.1101076
v -1.1351088 -1.3320998999999998 1.9974455999999998
v -1.1351088 -0.9404037000000001 -0.015941699999999944
v -1.1351088 -1.3320999 -0.01594169999999992
v 1.2684438 0.22498200000000007 0.920898
v 1.2684438 0.023498100000000074 1.1862441000000001
v 1.2684438 0.5809491000000001 1.1862441000000001
v 1.2684438 0.37946610000000003 0.920925
v 1.2684438 0.22498200000000002 -0.015941700000000013
v 1.2684438 0.3794661 -0.01594170000000002
v 0.5765904000000001 0.2776275000000001 1.9069236
v 0.5765913 0.7749675000000001 1.6088562
v 0.5765913 0.7749675000000001 1.9069272000000002
v 0.5764815 -0.8182484999999999 1.6088562
v 0.5765913 -0.8182484999999999 2.0604771
v 0.5765904000000001 0.23280570000000014 2.0604771
v -1.5502932 -1.5758235 -0.015941699999999902
v -1.4922800999999999 -1.5758244 -0.015941699999999902
v -1.4922800999999999 -1.5758235 0.5657175000000001
v -1.5502941000000001 -1.5758235 0.5657175000000001
v -1.550286 -1.6466201999999999 0.7266501000000002
v -1.492272 -1.6466201999999999 0.7266501000000002
v -1.5502932 -1.3799484000000002 -0.015941699999999916
v -1.4922800999999999 -1.3799493 -0.015941699999999916
v -1.4922800999999999 -1.3799474999999999 0.5657166000000001
v -1.5502941000000001 -1.3799474999999999 0.5657166000000001
v -1.550286 -1.4507442000000002 0.7266501000000002
v -1.492272 -1.4507451 0.7266501000000002
v -1.4922800999999999 1.5325434 0.5657174999999999
v -1.4922800999999999 1.5325434 -0.015941700000000093
v -1.5502932 1.5325434 -0.015941700000000093
v -1.5502941000000001 1.5325425000000001 0.5657174999999999
v -1.550286 1.6033392 0.7266501
v -1.492272 1.6033392 0.7266501
v -1.4922800999999999 1.3366673999999998 0.5657165999999999
v -1.4922800999999999 1.3366692 -0.015941700000000083
v -1.5502932 1.3366683000000001 -0.015941700000000083
v -1.5502941000000001 1.3366665 0.5657165999999999
v -1.550286 1.4074641 0.7266501
v -1.492272 1.4074641 0.7266501
v -1.5791175 1.2888189000000003 1.9974455999999998
v -1.5791175 1.2888189 -0.01594170000000008
v -1.5791175 0.89712 -0.015941700000000055
v -1.5791175 0.8544591000000001 1.9974455999999998
v -1.6159986000000002 0.8174430000000001 2.1101076
v -1.6159986000000002 1.3258368000000003 2.1101076
v -1.1351088 1.2888198000000002 1.9974455999999998
v -1.1351088 1.2888198 -0.01594170000000008
v -1.5791175 1.2888189 -0.01594170000000008
v -1.5791175 1.2888189000000003 1.9974455999999998
v -1.6159986000000002 1.3258368000000003 2.1101076
v -1.0980909 1.3258368000000003 2.1101076
v -1.4045913 1.0286685000000002 2.6426106
v -1.308978 1.0286685000000002 2.6426106
v -1.308978 1.1147688000000002 2.6426097
v -1.4045913 1.1147688000000002 2.6426106
v -1.5162003 1.2263778 2.4660873
v -1.5162003 0.9170604000000002 2.4660873
v -1.557927 0.8755137000000002 2.1624444
v -1.5579279 1.2677661000000002 2.1624444
v -1.308978 1.1147688000000002 2.6426097
v -1.308978 1.0286685000000002 2.6426106
v -1.1973690000000001 0.9170595000000002 2.4660873
v -1.1973690000000001 1.2263778 2.4660873
v -1.1561616000000001 1.2677661000000002 2.1624444
v -1.1561616000000001 0.8755137000000002 2.1624444
v -1.308978 1.0286685000000002 2.6426106
v -1.4045913 1.0286685000000002 2.6426106
v -1.5162003 0.9170604000000002 2.4660873
v -1.1973690000000001 0.9170595000000002 2.4660873
v -1.1561616000000001 0.8755137000000002 2.1624444
v -1.557927 0.8755137000000002 2.1624444
v -1.4045913 1.1147688000000002 2.6426106
v -1.308978 1.1147688000000002 2.6426097
v -1.1973690000000001 1.2263778 2.4660873
v -1.5162003 1.2263778 2.4660873
v -1.5579279 1.2677661000000002 2.1624444
v -1.1561616000000001 1.2677661000000002 2.1624444
v -1.5791175 -0.9404001 -0.015941699999999944
v -1.5791175 -1.3320990000000001 -0.01594169999999992
v -1.5791175 -1.3320998999999998 1.9974455999999998
v -1.5791175 -0.8977392 1.9974455999999998
v -1.6159986000000002 -0.8607239999999999 2.1101076
v -1.6159986000000002 -1.3691177999999997 2.1101076
v -1.5791175 -1.3320990000000001 -0.01594169999999992
v -1.1351088 -1.3320999 -0.01594169999999992
v -1.1351088 -1.3320998999999998 1.9974455999999998
v -1.5791175 -1.3320998999999998 1.9974455999999998
v -1.6159986000000002 -1.3691177999999997 2.1101076
v -1.0980909 -1.3691168999999999 2.1101076
v -1.1973690000000001 -0.9603404999999998 2.4660873
v -1.308978 -1.0719485999999998 2.6426106
v -1.308978 -1.1580488999999998 2.6426097
v -1.1973690000000001 -1.2696579 2.4660864
v -1.1561616000000001 -1.3110471 2.1624444
v -1.1561616000000001 -0.9187937999999999 2.1624444
v -1.5162003 -0.9603404999999998 2.4660882
v -1.4045913 -1.0719485999999998 2.6426106
v -1.308978 -1.0719485999999998 2.6426106
v -1.1973690000000001 -0.9603404999999998 2.4660873
v -1.1561616000000001 -0.9187937999999999 2.1624444
v -1.557927 -0.9187937999999999 2.1624444
v -1.5162003 -1.2696579 2.4660873
v -1.4045913 -1.1580497999999997 2.6426106
v -1.4045913 -1.0719485999999998 2.6426106
v -1.5162003 -0.9603404999999998 2.4660882
v -1.557927 -0.9187937999999999 2.1624444
v -1.5579279 -1.3110461999999998 2.1624444
v -1.1973690000000001 -1.2696579 2.4660864
v -1.308978 -1.1580488999999998 2.6426097
v -1.4045913 -1.1580497999999997 2.6426106
v -1.5162003 -1.2696579 2.4660873
v -1.5579279 -1.3110461999999998 2.1624444
v -1.1561616000000001 -1.3110471 2.1624444
v 0.6233328 -0.9375659999999999 1.7622387
v 0.6233328 -0.9375660000000001 1.6088562
v 0.6233328 -0.8182484999999999 1.6088562
v 0.6233328 -0.8182484999999999 2.0604771
v 0.6233328 -0.9804023999999999 2.413701
v 0.6233328 -0.9997379999999998 1.7622387
v 0.6233328 -1.0495088999999997 2.4405138
v 0.6233328 -0.9997379999999999 1.3033287
v 0.6233328 -1.0495089 -0.015941699999999934
v 0.6233328 -0.9666161999999999 -0.01594169999999994
v 0.6233328 -0.9666161999999999 0.39303180000000004
v 0.6233328 -0.9666161999999999 1.3033287
v -1.3805631 0.9594836999999999 -0.01967670000000006
v -1.6479972 0.9594836999999999 -0.01594170000000006
v -1.6479972 0.9594837000000002 1.8256572
v 0.3936942 0.9594837000000002 2.0567421
v -1.3805622 0.9594837000000002 2.0567421
v 0.6233328 1.0062288 -0.015941700000000062
v 0.6233328 1.0062279000000003 2.4405138
v 0.5550651000000001 1.0062594000000002 2.413692
v 0.7298919 -1.8216557999999998 0.1401093000000001
v 0.7243965 -1.822824 -0.060204599999999886
v 0.8439165 -1.9304397 -0.060204599999999886
v 0.8445033 -1.9248525 0.14010930000000013
v 0.8641736999999999 -1.7901108000000001 0.3951630000000001
v 0.9831987000000001 -1.8500247 -0.060204599999999886
v 0.9780669 -1.8477405 0.14010930000000013
v 0.8641736999999999 -1.7901108000000001 0.3951630000000001
v 0.9460017 -1.6968843 0.1401093000000001
v 0.9497610000000001 -1.6927101 -0.0602045999999999
v 0.8641736999999999 -1.7901108000000001 0.3951630000000001
v -0.6419961 -1.9117043999999999 0.13413870000000014
v -0.5489721 -1.8898865999999999 0.3206295000000001
v -0.5367276 -1.8181971000000001 0.1341387000000001
v -0.5362659000000001 -1.8149058 -0.01099799999999989
v -0.6460416 -1.9124172000000002 -0.010997999999999883
v -0.5608791 -1.9900386 0.13413870000000014
v -0.5614506 -1.9941066 -0.010997999999999878
v -0.5489721 -1.8898865999999999 0.3206295000000001
v -0.4576194 -1.9388988000000003 -0.010997999999999881
v -0.46131120000000003 -1.9370979000000002 0.13413870000000014
v 2.0353428 1.3984334999999999 1.1126025
v 2.0982654 1.3213125 1.4227020000000001
v 2.1530286 1.4025429 1.1126025
v 2.1522114 1.4013702 -0.015941700000000083
v 2.0336157 1.3972275 -0.015941700000000083
v 2.0028843 1.2852369 1.1126025
v 2.0009052 1.2831569999999999 -0.01594170000000008
v 2.0982654 1.3213125 1.4227020000000001
v 2.0992869 1.2167982000000002 -0.015941700000000076
v 2.10051 1.2193875 1.1126025
v 2.1927978 1.2898584 -0.01594170000000008
v 2.1933045 1.2918861000000001 1.1126025
v 2.0982654 1.3213125 1.4227020000000001
v 2.1530286 1.4025429 1.1126025
v 2.1522114 1.4013702 -0.015941700000000083
v 2.0982654 1.3213125 1.4227020000000001
v 1.9983347999999999 1.7482248 1.0179935999999998
v 2.0948211000000003 1.7726589000000001 1.3280930999999998
v 2.0443464000000002 1.8566208 1.0179935999999998
v 2.0544984000000004 1.8396819 -0.015941700000000114
v 2.0165463 1.7502705 -0.015941700000000107
v 2.087208 1.6709679 1.0179935999999998
v 2.0898531 1.6865451 -0.015941700000000104
v 2.0948211000000003 1.7726589000000001 1.3280930999999998
v 2.173113 1.7365725 -0.015941700000000107
v 2.1881457 1.731618 1.0179935999999998
v 2.1512619 1.8312165 -0.015941700000000114
v 2.1616569 1.8463580999999998 1.0179935999999998
v 2.0948211000000003 1.7726589000000001 1.3280930999999998
v 2.0443464000000002 1.8566208 1.0179935999999998
v 2.0544984000000004 1.8396819 -0.015941700000000114
v 2.0948211000000003 1.7726589000000001 1.3280930999999998
v 2.1643839000000002 -0.34020629999999996 1.0203291
v 2.0993616 -0.4155641999999999 1.3304286
v 2.1888675 -0.45539099999999993 1.0203291
v 2.1907197000000003 -0.456192 -0.015941699999999972
v 2.1652038 -0.33615269999999997 -0.01594169999999998
v 2.0472704999999998 -0.32789699999999994 1.0203291
v 2.0431557000000002 -0.32332500000000003 -0.015941699999999982
v 2.0993616 -0.4155641999999999 1.3304286
v 1.9932398999999998 -0.43543620000000005 -0.015941699999999972
v 1.9993743000000002 -0.43547489999999994 1.0203291
v 2.0844396 -0.5175522 -0.01594169999999997
v 2.0868858 -0.5142699 1.0203291
v 2.0993616 -0.4155641999999999 1.3304286
v 2.1888675 -0.45539099999999993 1.0203291
v 2.1907197000000003 -0.456192 -0.015941699999999972
v 2.0993616 -0.4155641999999999 1.3304286
v 2.0223135 -0.9332739000000001 1.1126025
v 2.0936565 -0.8638695 1.4227020000000001
v 2.007963 -0.8163935999999999 1.1126025
v 2.0186271000000002 -0.82233 -0.01594169999999995
v 2.0315457 -0.9275409000000001 -0.015941699999999944
v 2.1379086 -0.9557442 1.1126025
v 2.1355992 -0.9477666000000001 -0.01594169999999994
v 2.0936565 -0.8638695 1.4227020000000001
v 2.1869883000000003 -0.8550567 -0.015941699999999948
v 2.1949983 -0.8527499999999999 1.1126025
v 2.1146958 -0.7775325000000001 -0.015941699999999955
v 2.1146877 -0.7666272 1.1126025
v 2.0936565 -0.8638695 1.4227020000000001
v 2.007963 -0.8163935999999999 1.1126025
v 2.0186271000000002 -0.82233 -0.01594169999999995
v 2.0936565 -0.8638695 1.4227020000000001
v 2.0834091 -1.2170466 1.0120356000000001
v 2.0993409 -1.315296 1.3221351000000001
v 2.1873834000000003 -1.2723309 1.0120356000000001
v 2.1812454 -1.2752991 -0.015941699999999923
v 2.0820609 -1.2225618 -0.015941699999999927
v 1.9987002000000003 -1.2988485 1.0120356000000001
v 2.0012544 -1.3005963 -0.01594169999999992
v 2.0993409 -1.315296 1.3221351000000001
v 2.0504979000000003 -1.4015619 -0.015941699999999916
v 2.0503224 -1.4046894 1.0120356000000001
v 2.1617388 -1.3859271 -0.015941699999999916
v 2.1669345 -1.3883004 1.0120356000000001
v 2.0993409 -1.315296 1.3221351000000001
v 2.1873834000000003 -1.2723309 1.0120356000000001
v 2.1812454 -1.2752991 -0.015941699999999923
v 2.0993409 -1.315296 1.3221351000000001
v 2.0579211 -1.8606923999999998 0.9559152000000002
v 2.0932479 -1.7676395999999999 1.2660138000000003
v 1.9955186999999999 -1.7608284 0.9559152000000002
v 2.0055429 -1.7615511 -0.015941699999999892
v 2.0630574 -1.8535932 -0.01594169999999989
v 2.1721815 -1.8322047 0.9559152000000002
v 2.1683673 -1.8273357000000001 -0.01594169999999989
v 2.0932479 -1.7676395999999999 1.2660138000000003
v 2.1759380999999998 -1.7190657 -0.015941699999999896
v 2.1803958 -1.7147331000000001 0.9559152000000002
v 2.0753073 -1.6784091 -0.015941699999999896
v 2.0712123 -1.6706196 0.9559152000000002
v 2.0932479 -1.7676395999999999 1.2660138000000003
v 1.9955186999999999 -1.7608284 0.9559152000000002
v 2.0055429 -1.7615511 -0.015941699999999892
v 2.0932479 -1.7676395999999999 1.2660138000000003
v 1.2893904 -0.33121529999999977 2.8562778
v 1.3335498000000001 -0.49602239999999975 2.8562778
v 1.270044 -0.42471899999999985 2.4914663999999997
v 1.2893904 -0.6608294999999998 2.8562778
v 1.1987406 -0.6908264999999999 1.6088580000000001
v 1.270044 -0.4247189999999999 1.6088580000000001
v 1.1987406 -0.6908264999999998 2.4914663999999997
v 1.1687427 -0.7814762999999999 2.8562778
v 0.9326331000000001 -0.7621298999999999 1.6088580000000001
v 1.0039356 -0.8256365999999998 2.8562778
v 0.9326331000000001 -0.7621298999999998 2.4914663999999997
v 0.8391294 -0.7814762999999999 2.8562778
v 0.7378281 -0.5673257999999999 1.6088580000000001
v 0.7184817000000001 -0.6608294999999998 2.8562778
v 0.7378281 -0.5673257999999998 2.4914663999999997
v 0.6743223 -0.49602239999999975 2.8562778
v 0.8091315 -0.30121829999999994 1.6088580000000001
v 0.7184817000000001 -0.33121529999999977 2.8562778
v 0.8091315 -0.3012182999999999 2.4914663999999997
v 0.8391294 -0.21056849999999983 2.8562778
v 1.075239 -0.2299148999999999 1.6088580000000001
v 1.0039356 -0.16640819999999984 2.8562778
v 1.075239 -0.22991489999999984 2.4914663999999997
v 1.270044 -0.4247189999999999 1.6088580000000001
v 1.1687427 -0.21056759999999983 2.8562778
v 1.270044 -0.42471899999999985 2.4914663999999997
v 1.2893904 -0.33121529999999977 2.8562778
v 1.2893904 -0.33121529999999977 2.8562778
v 1.2893904 -0.6608294999999998 2.8562778
v 1.3335498000000001 -0.49602239999999975 2.8562778
v 1.0039356 -0.8256365999999998 2.8562778
v 1.1687427 -0.7814762999999999 2.8562778
v 0.7184817000000001 -0.6608294999999998 2.8562778
v 0.8391294 -0.7814762999999999 2.8562778
v 1.1687427 -0.21056759999999983 2.8562778
v 1.0039356 -0.16640819999999984 2.8562778
v 0.7184817000000001 -0.33121529999999977 2.8562778
v 0.6743223 -0.49602239999999975 2.8562778
v 0.8391294 -0.21056849999999983 2.8562778
v 0.9294066000000001 -0.7741700999999998 2.8562814000000003
v 1.2075543 -0.6996401999999998 2.8562814000000003
v 1.059291 -0.7026083999999998 3.0556386
v 0.852705 -0.6472538999999998 3.0556386
v 0.7257888 -0.5705513999999998 2.8562814000000003
v 1.2105225 -0.5513768999999998 3.0556386
v 1.2820842000000001 -0.4214924999999998 2.8562814000000003
v 0.7973496 -0.4406678999999998 3.0556386
v 0.8003178 -0.2924036999999998 2.8562814000000003
v 1.0039356 -0.49602239999999975 3.1729302
v 0.9485811000000001 -0.2894363999999998 3.0556386
v 1.0784655 -0.2178746999999998 2.8562814000000003
v 1.155168 -0.34479089999999984 3.0556386
vt 0.387079 0.433434
vt 0.400224 0.416032
vt 0.400234 0.433434
vt 0.256770 0.433433
vt 0.256779 0.415901
vt 0.269925 0.433433
vt 0.272015 0.695656
vt 0.251870 0.690728
vt 0.272035 0.690717
vt 0.231684 0.695677
vt 0.231693 0.690740
vt 0.251860 0.693197
vt 0.231684 0.695677
vt 0.211528 0.690752
vt 0.231693 0.690740
vt 0.191342 0.695701
vt 0.191351 0.690764
vt 0.211523 0.693221
vt 0.777137 0.931367
vt 0.776972 0.970857
vt 0.737763 0.970731
vt 0.411286 0.801171
vt 0.438649 0.774077
vt 0.460504 0.755153
vt 0.400224 0.416032
vt 0.387079 0.433434
vt 0.400234 0.433434
vt 0.256779 0.415901
vt 0.256770 0.433433
vt 0.269925 0.433433
vt 0.251870 0.690728
vt 0.272015 0.695656
vt 0.272035 0.690717
vt 0.231693 0.690740
vt 0.231684 0.695677
vt 0.251860 0.693197
vt 0.211528 0.690752
vt 0.231684 0.695677
vt 0.231693 0.690740
vt 0.191351 0.690764
vt 0.191342 0.695701
vt 0.211523 0.693221
vt 0.609454 0.849134
vt 0.605148 0.850761
vt 0.614652 0.869331
vt 0.593771 0.868525
vt 0.594099 0.873108
vt 0.614652 0.869331
vt 0.601595 0.853052
vt 0.598707 0.856669
vt 0.614652 0.869331
vt 0.571615 0.872493
vt 0.578373 0.852757
vt 0.573878 0.851761
vt 0.571615 0.872493
vt 0.592497 0.873299
vt 0.592168 0.868716
vt 0.571615 0.872493
vt 0.585590 0.857686
vt 0.582216 0.854517
vt 0.287826 0.631023
vt 0.287741 0.612028
vt 0.274877 0.631080
vt 0.213187 0.612259
vt 0.213273 0.631254
vt 0.226221 0.631196
vt 0.775359 0.932219
vt 0.777015 0.970727
vt 0.737805 0.970601
vt 0.776972 0.970857
vt 0.777137 0.931367
vt 0.737763 0.970731
vt 0.614652 0.869331
vt 0.605148 0.850761
vt 0.609454 0.849134
vt 0.614652 0.869331
vt 0.594099 0.873108
vt 0.593771 0.868525
vt 0.614652 0.869331
vt 0.598707 0.856669
vt 0.601595 0.853052
vt 0.573878 0.851761
vt 0.578373 0.852757
vt 0.571615 0.872493
vt 0.592168 0.868716
vt 0.592497 0.873299
vt 0.571615 0.872493
vt 0.582216 0.854517
vt 0.585591 0.857686
vt 0.571615 0.872493
vt 0.287741 0.612028
vt 0.287826 0.631023
vt 0.274877 0.631080
vt 0.226221 0.631196
vt 0.213273 0.631254
vt 0.213187 0.612259
vt 0.237606 0.537537
vt 0.195245 0.542508
vt 0.195256 0.534681
vt 0.237608 0.537576
vt 0.196141 0.549950
vt 0.195245 0.542508
vt 0.237621 0.537460
vt 0.196159 0.527284
vt 0.198038 0.519679
vt 0.237608 0.537498
vt 0.195256 0.534681
vt 0.196159 0.527284
vt 0.843236 0.660354
vt 0.847188 0.675648
vt 0.891302 0.660458
vt 0.847346 0.639447
vt 0.843236 0.654772
vt 0.891354 0.654661
vt 0.255055 0.564325
vt 0.253561 0.572008
vt 0.213093 0.556502
vt 0.253940 0.542539
vt 0.255207 0.549926
vt 0.213095 0.556385
vt 0.255207 0.549926
vt 0.255590 0.556892
vt 0.213099 0.556424
vt 0.255590 0.556892
vt 0.255055 0.564325
vt 0.213098 0.556463
vt 0.891296 0.660238
vt 0.847281 0.675667
vt 0.843163 0.660322
vt 0.843163 0.654731
vt 0.847116 0.639457
vt 0.891233 0.654462
vt 0.151779 0.659775
vt 0.151602 0.610319
vt 0.211247 0.615837
vt 0.207874 0.678301
vt 0.158354 0.676296
vt 0.202180 0.616797
vt 0.529496 0.164383
vt 0.529475 0.174971
vt 0.521894 0.166711
vt 0.956402 0.006398
vt 0.961137 0.006546
vt 0.956403 0.009756
vt 0.762940 0.174997
vt 0.762955 0.164460
vt 0.770552 0.166785
vt 0.863331 0.005495
vt 0.867681 0.006742
vt 0.867686 0.009761
vt 0.308182 0.127551
vt 0.289710 0.132145
vt 0.311699 0.114028
vt 0.289994 0.111401
vt 0.310800 0.117026
vt 0.360229 0.433434
vt 0.373654 0.416032
vt 0.387079 0.433434
vt 0.333350 0.433434
vt 0.346805 0.416033
vt 0.269925 0.433433
vt 0.283355 0.415904
vt 0.296774 0.433433
vt 0.310199 0.415901
vt 0.323653 0.433433
vt 0.411286 0.801171
vt 0.456158 0.849741
vt 0.435831 0.861188
vt 0.474942 0.824047
vt 0.411286 0.801171
vt 0.476104 0.786381
vt 0.411286 0.801171
vt 0.460504 0.755153
vt 0.411286 0.801171
vt 0.438035 0.742131
vt 0.438649 0.774077
vt 0.411286 0.801171
vt 0.438035 0.742131
vt 0.460504 0.755153
vt 0.438649 0.774077
vt 0.520802 0.816898
vt 0.478994 0.858393
vt 0.473575 0.849527
vt 0.502467 0.874295
vt 0.520802 0.816898
vt 0.536036 0.874129
vt 0.520802 0.816898
vt 0.563338 0.859246
vt 0.574214 0.838828
vt 0.491876 0.832294
vt 0.520802 0.816898
vt 0.511760 0.850303
vt 0.473575 0.849527
vt 0.511760 0.850303
vt 0.511760 0.850303
vt 0.502467 0.874295
vt 0.553478 0.392069
vt 0.566531 0.375750
vt 0.566554 0.392115
vt 0.566405 0.408210
vt 0.566554 0.392115
vt 0.566531 0.375750
vt 0.579372 0.392163
vt 0.566460 0.392106
vt 0.566405 0.408210
vt 0.566460 0.392106
vt 0.566531 0.375750
vt 0.553478 0.392069
vt 0.566554 0.392115
vt 0.566405 0.408210
vt 0.566554 0.392115
vt 0.579372 0.392163
vt 0.566531 0.375750
vt 0.566460 0.392106
vt 0.566405 0.408210
vt 0.566460 0.392106
vt 0.373654 0.416032
vt 0.360229 0.433434
vt 0.387079 0.433434
vt 0.346805 0.416033
vt 0.333350 0.433434
vt 0.283355 0.415904
vt 0.269925 0.433433
vt 0.296774 0.433433
vt 0.310199 0.415901
vt 0.323653 0.433433
vt 0.618229 0.623772
vt 0.618284 0.619940
vt 0.690146 0.619733
vt 0.690017 0.623563
vt 0.618229 0.623772
vt 0.911965 0.068594
vt 0.911982 0.049670
vt 0.934216 0.077640
vt 0.928676 0.087085
vt 0.911965 0.068594
vt 0.946614 0.121955
vt 0.938754 0.123740
vt 0.946623 0.199704
vt 0.938738 0.199784
vt 0.460504 0.755153
vt 0.476104 0.786381
vt 0.449141 0.791948
vt 0.449141 0.791948
vt 0.438649 0.774077
vt 0.438035 0.742131
vt 0.420443 0.764178
vt 0.411286 0.801171
vt 0.449141 0.791948
vt 0.411286 0.801171
vt 0.476104 0.786381
vt 0.474942 0.824047
vt 0.411286 0.801171
vt 0.436760 0.829803
vt 0.456158 0.849741
vt 0.418034 0.838679
vt 0.435831 0.861188
vt 0.339799 0.830922
vt 0.331301 0.852863
vt 0.309835 0.838320
vt 0.325501 0.821947
vt 0.299924 0.822105
vt 0.348068 0.800373
vt 0.339799 0.830922
vt 0.348068 0.800373
vt 0.348068 0.800373
vt 0.356681 0.830922
vt 0.331301 0.852863
vt 0.361999 0.852711
vt 0.386967 0.839100
vt 0.370924 0.821860
vt 0.396913 0.820428
vt 0.348068 0.800373
vt 0.511760 0.850303
vt 0.502467 0.874295
vt 0.478994 0.858393
vt 0.496125 0.840488
vt 0.473575 0.849527
vt 0.520802 0.816898
vt 0.511760 0.850303
vt 0.520802 0.816898
vt 0.530220 0.850303
vt 0.520802 0.816898
vt 0.502467 0.874295
vt 0.536036 0.874129
vt 0.563338 0.859246
vt 0.545795 0.840393
vt 0.574214 0.838828
vt 0.520802 0.816898
vt 0.339799 0.830922
vt 0.331301 0.852863
vt 0.309835 0.838320
vt 0.325501 0.821947
vt 0.299924 0.822105
vt 0.348068 0.800373
vt 0.339799 0.830922
vt 0.348068 0.800373
vt 0.348068 0.800373
vt 0.356681 0.830922
vt 0.331301 0.852863
vt 0.361999 0.852711
vt 0.386967 0.839100
vt 0.370924 0.821860
vt 0.396913 0.820428
vt 0.348068 0.800373
vt 0.511760 0.850303
vt 0.502467 0.874295
vt 0.478994 0.858393
vt 0.496125 0.840488
vt 0.473575 0.849527
vt 0.520802 0.816898
vt 0.511760 0.850303
vt 0.520802 0.816898
vt 0.520802 0.816898
vt 0.530220 0.850303
vt 0.502467 0.874295
vt 0.536036 0.874129
vt 0.563338 0.859246
vt 0.545795 0.840393
vt 0.574214 0.838828
vt 0.520802 0.816898
vt 0.339799 0.830922
vt 0.331301 0.852863
vt 0.309835 0.838320
vt 0.325501 0.821947
vt 0.299924 0.822105
vt 0.348068 0.800373
vt 0.339799 0.830922
vt 0.348068 0.800373
vt 0.348068 0.800373
vt 0.356681 0.830922
vt 0.331301 0.852863
vt 0.361999 0.852711
vt 0.386967 0.839100
vt 0.370924 0.821860
vt 0.396913 0.820428
vt 0.348068 0.800373
vt 0.460504 0.755153
vt 0.476104 0.786381
vt 0.449141 0.791948
vt 0.449141 0.791948
vt 0.411286 0.801171
vt 0.420443 0.764178
vt 0.438035 0.742131
vt 0.339799 0.830922
vt 0.331301 0.852863
vt 0.309835 0.838320
vt 0.299924 0.822105
vt 0.317729 0.806960
vt 0.325501 0.821947
vt 0.339799 0.830922
vt 0.348068 0.800373
vt 0.348068 0.800373
vt 0.339799 0.830922
vt 0.361999 0.852711
vt 0.331301 0.852863
vt 0.348068 0.800373
vt 0.370924 0.821860
vt 0.378451 0.806749
vt 0.386967 0.839100
vt 0.396913 0.820428
vt 0.511760 0.850303
vt 0.502467 0.874295
vt 0.478994 0.858393
vt 0.473575 0.849527
vt 0.487627 0.824100
vt 0.496125 0.840488
vt 0.520802 0.816898
vt 0.511760 0.850303
vt 0.520802 0.816898
vt 0.502467 0.874295
vt 0.530220 0.850303
vt 0.536036 0.874129
vt 0.520802 0.816898
vt 0.563338 0.859246
vt 0.545795 0.840393
vt 0.554026 0.823870
vt 0.574214 0.838828
vt 0.290427 0.866298
vt 0.295940 0.850324
vt 0.314095 0.866297
vt 0.308588 0.850319
vt 0.210211 0.125732
vt 0.218979 0.113118
vt 0.238387 0.128362
vt 0.233070 0.113896
vt 0.238087 0.866298
vt 0.243601 0.850325
vt 0.261756 0.866298
vt 0.256249 0.850320
vt 0.210539 0.125729
vt 0.219309 0.113118
vt 0.238716 0.128362
vt 0.233398 0.113896
vt 0.185748 0.866299
vt 0.191261 0.850325
vt 0.209416 0.866299
vt 0.203909 0.850321
vt 0.210363 0.125622
vt 0.219133 0.113011
vt 0.238540 0.128256
vt 0.233223 0.113789
vt 0.171374 0.126704
vt 0.180829 0.110413
vt 0.194811 0.131076
vt 0.192713 0.112319
vt 0.096868 0.236077
vt 0.091897 0.259498
vt 0.075680 0.236077
vt 0.080588 0.259558
vt 0.244630 0.136650
vt 0.252467 0.119320
vt 0.269901 0.138552
vt 0.265509 0.118977
vt 0.085904 0.161449
vt 0.080458 0.184929
vt 0.062772 0.161449
vt 0.068217 0.184931
vt 0.231129 0.201063
vt 0.251733 0.206337
vt 0.230846 0.221808
vt 0.252682 0.220105
vt 0.100487 0.125205
vt 0.094388 0.148765
vt 0.077000 0.124622
vt 0.081952 0.148461
vt 0.216944 0.128772
vt 0.222126 0.113854
vt 0.238459 0.128774
vt 0.236155 0.112971
vt 0.014260 0.866387
vt 0.019857 0.849962
vt 0.038032 0.866387
vt 0.032437 0.849960
vt 0.217460 0.128790
vt 0.222666 0.114134
vt 0.239042 0.128792
vt 0.236676 0.113176
vt 0.057748 0.866387
vt 0.063281 0.850372
vt 0.081520 0.866386
vt 0.075989 0.850370
vt 0.166856 0.185960
vt 0.172132 0.163268
vt 0.189276 0.185960
vt 0.183999 0.163269
vt 0.153748 0.232734
vt 0.158964 0.210429
vt 0.176169 0.232734
vt 0.170952 0.210430
vt 0.161872 0.103204
vt 0.157775 0.125416
vt 0.140125 0.104382
vt 0.143202 0.126130
vt 0.186445 0.187011
vt 0.181194 0.210615
vt 0.164699 0.187267
vt 0.170423 0.210850
vt 0.059483 0.158923
vt 0.077828 0.135482
vt 0.083022 0.159263
vt 0.065376 0.135313
vt 0.222478 0.187267
vt 0.222755 0.166986
vt 0.242631 0.168807
vt 0.243711 0.185650
vt 0.105207 0.149490
vt 0.086313 0.172452
vt 0.109817 0.173367
vt 0.092761 0.149001
vt 0.322910 0.162734
vt 0.322908 0.142155
vt 0.302159 0.147047
vt 0.301796 0.160893
vt 0.133408 0.866300
vt 0.138921 0.850326
vt 0.157076 0.866300
vt 0.151569 0.850321
vt 0.210323 0.126257
vt 0.219093 0.113647
vt 0.238501 0.128892
vt 0.233184 0.114425
vt 0.143824 0.158133
vt 0.148374 0.141510
vt 0.159588 0.140969
vt 0.160722 0.158602
vt 0.322908 0.162768
vt 0.302740 0.161160
vt 0.301364 0.144038
vt 0.322908 0.142179
vt 0.009810 0.175135
vt 0.015333 0.151316
vt 0.027751 0.151315
vt 0.033274 0.175135
vt 0.291987 0.105141
vt 0.310872 0.113712
vt 0.310393 0.127072
vt 0.290008 0.131725
vt 0.010908 0.142765
vt 0.016431 0.118946
vt 0.028849 0.118945
vt 0.034372 0.142765
vt 0.291986 0.105185
vt 0.310872 0.113757
vt 0.310360 0.127109
vt 0.290008 0.131770
vt 0.292893 0.105910
vt 0.311092 0.114083
vt 0.309703 0.126152
vt 0.290933 0.130505
vt 0.030677 0.178949
vt 0.025658 0.201446
vt 0.013561 0.202209
vt 0.008118 0.178949
vt 0.218967 0.132788
vt 0.235428 0.140176
vt 0.234162 0.151703
vt 0.217186 0.155639
vt 0.087555 0.189099
vt 0.080870 0.211833
vt 0.069939 0.212516
vt 0.064881 0.189099
vt 0.290197 0.111551
vt 0.309686 0.116665
vt 0.310827 0.130085
vt 0.289923 0.131642
vt 0.155925 0.234397
vt 0.158757 0.257193
vt 0.171415 0.257888
vt 0.175559 0.234146
vt 0.216601 0.128789
vt 0.221804 0.114963
vt 0.235784 0.112902
vt 0.238143 0.128791
vt 0.408168 0.866278
vt 0.413770 0.850638
vt 0.426295 0.849835
vt 0.431940 0.866278
vt 0.217275 0.128808
vt 0.222505 0.115245
vt 0.236457 0.113103
vt 0.238886 0.128809
vt 0.364681 0.866279
vt 0.370219 0.851050
vt 0.382872 0.850245
vt 0.388453 0.866278
vt 0.168681 0.136942
vt 0.187823 0.141998
vt 0.188968 0.155522
vt 0.168406 0.157034
vt 0.141866 0.184777
vt 0.147371 0.160986
vt 0.159751 0.160985
vt 0.165256 0.184777
vt 0.074910 0.234091
vt 0.080353 0.210702
vt 0.092859 0.210701
vt 0.098301 0.234091
vt 0.140042 0.104381
vt 0.146472 0.125542
vt 0.160955 0.126084
vt 0.161797 0.103203
vt 0.145078 0.186033
vt 0.149727 0.208817
vt 0.159829 0.209585
vt 0.165281 0.185935
vt 0.109787 0.175721
vt 0.104060 0.199350
vt 0.091589 0.198986
vt 0.086791 0.175010
vt 0.266011 0.174397
vt 0.249729 0.161551
vt 0.253395 0.148694
vt 0.274300 0.149060
vt 0.493841 0.088006
vt 0.493730 0.063084
vt 0.402099 0.064653
vt 0.402210 0.089575
vt 0.402345 0.087943
vt 0.402456 0.063020
vt 0.494087 0.064589
vt 0.493976 0.089511
vt 0.291997 0.690707
vt 0.291976 0.695647
vt 0.272015 0.695656
vt 0.272035 0.690717
vt 0.532479 0.154920
vt 0.758992 0.154854
vt 0.762955 0.164460
vt 0.529496 0.164383
vt 0.751320 0.247930
vt 0.751321 0.302369
vt 0.738123 0.302369
vt 0.738123 0.247930
vt 0.725789 0.659145
vt 0.697230 0.660143
vt 0.697229 0.570641
vt 0.725781 0.570640
vt 0.571100 0.368480
vt 0.557664 0.373442
vt 0.557664 0.319005
vt 0.571100 0.319005
vt 0.444592 0.024902
vt 0.435693 0.036168
vt 0.426306 0.024558
vt 0.431907 0.016798
vt 0.431907 0.016798
vt 0.449352 0.007446
vt 0.444592 0.024902
vt 0.434404 0.005669
vt 0.424212 0.025065
vt 0.415312 0.036331
vt 0.405925 0.024720
vt 0.411526 0.016961
vt 0.411526 0.016961
vt 0.428972 0.007578
vt 0.424212 0.025065
vt 0.414023 0.005804
vt 0.333724 0.038247
vt 0.342622 0.026981
vt 0.352010 0.038591
vt 0.346409 0.046351
vt 0.346409 0.046351
vt 0.328967 0.056061
vt 0.333724 0.038247
vt 0.343915 0.057877
vt 0.465207 0.024951
vt 0.456308 0.036218
vt 0.446920 0.024608
vt 0.452521 0.016848
vt 0.452521 0.016848
vt 0.469966 0.007322
vt 0.465207 0.024951
vt 0.455017 0.005560
vt 0.361449 0.025461
vt 0.352550 0.036727
vt 0.343163 0.025117
vt 0.348764 0.017358
vt 0.348764 0.017358
vt 0.366209 0.007981
vt 0.361449 0.025461
vt 0.351261 0.006207
vt 0.437513 0.038419
vt 0.446413 0.027153
vt 0.455799 0.038763
vt 0.450198 0.046523
vt 0.450198 0.046523
vt 0.432751 0.055531
vt 0.437513 0.038419
vt 0.447699 0.057291
vt 0.403601 0.025134
vt 0.394702 0.036401
vt 0.385315 0.024791
vt 0.390916 0.017031
vt 0.390916 0.017031
vt 0.408361 0.007708
vt 0.403601 0.025134
vt 0.393413 0.005929
vt 0.372678 0.038673
vt 0.354392 0.038329
vt 0.363291 0.027063
vt 0.367077 0.046433
vt 0.354392 0.038329
vt 0.367077 0.046433
vt 0.349633 0.055963
vt 0.364581 0.057765
vt 0.416374 0.038507
vt 0.425273 0.027240
vt 0.434660 0.038850
vt 0.429059 0.046609
vt 0.429059 0.046609
vt 0.411612 0.055659
vt 0.416374 0.038507
vt 0.426561 0.057422
vt 0.374778 0.038336
vt 0.383677 0.027071
vt 0.393064 0.038680
vt 0.387383 0.046798
vt 0.387383 0.046798
vt 0.370018 0.055855
vt 0.374778 0.038336
vt 0.384967 0.057648
vt 0.395623 0.038460
vt 0.404522 0.027195
vt 0.413909 0.038804
vt 0.408308 0.046564
vt 0.408308 0.046564
vt 0.390862 0.055763
vt 0.395623 0.038460
vt 0.405810 0.057538
vt 0.382117 0.024922
vt 0.373218 0.036189
vt 0.363830 0.024579
vt 0.369432 0.016819
vt 0.369432 0.016819
vt 0.386879 0.007829
vt 0.382117 0.024922
vt 0.371930 0.006022
vt 0.786062 0.570621
vt 0.783882 0.659144
vt 0.725789 0.659145
vt 0.725781 0.570640
vt 0.776881 0.931659
vt 0.831648 0.932182
vt 0.832725 0.971628
vt 0.776523 0.971233
vt 0.460504 0.755153
vt 0.476104 0.786381
vt 0.411286 0.801171
vt 0.474942 0.824047
vt 0.436760 0.829803
vt 0.411286 0.801171
vt 0.456158 0.849741
vt 0.435831 0.861188
vt 0.411286 0.801171
vt 0.566554 0.392115
vt 0.566531 0.375750
vt 0.579543 0.392161
vt 0.566405 0.408210
vt 0.566531 0.375750
vt 0.566460 0.392106
vt 0.553455 0.392061
vt 0.566405 0.408210
vt 0.566531 0.375750
vt 0.566554 0.392115
vt 0.579543 0.392161
vt 0.566405 0.408210
vt 0.566460 0.392106
vt 0.566531 0.375750
vt 0.553455 0.392061
vt 0.566405 0.408210
vt 0.901919 0.799282
vt 0.841463 0.796074
vt 0.901973 0.794453
vt 0.907455 0.796056
vt 0.909494 0.798617
vt 0.902836 0.796053
vt 0.909482 0.790962
vt 0.917429 0.796050
vt 0.926196 0.800343
vt 0.914233 0.796053
vt 0.926199 0.787444
vt 0.941313 0.796047
vt 0.941306 0.799070
vt 0.932238 0.796049
vt 0.941276 0.789918
vt 0.950498 0.796043
vt 0.841463 0.796074
vt 0.901988 0.794472
vt 0.901920 0.799285
vt 0.907455 0.796056
vt 0.841463 0.796074
vt 0.901981 0.794475
vt 0.901920 0.799281
vt 0.907455 0.796056
vt 0.902836 0.796053
vt 0.909484 0.790959
vt 0.909504 0.799466
vt 0.917429 0.796050
vt 0.902836 0.796053
vt 0.909482 0.790971
vt 0.909495 0.798599
vt 0.917429 0.796050
vt 0.914233 0.796053
vt 0.926201 0.787428
vt 0.926198 0.801768
vt 0.941313 0.796047
vt 0.914233 0.796053
vt 0.926201 0.787423
vt 0.926196 0.800337
vt 0.941313 0.796047
vt 0.932238 0.796049
vt 0.941278 0.789914
vt 0.941306 0.800074
vt 0.950498 0.796043
vt 0.932238 0.796049
vt 0.941276 0.789925
vt 0.941306 0.799059
vt 0.950498 0.796043
vt 0.789724 0.014124
vt 0.789727 0.236139
vt 0.863400 0.236136
vt 0.863393 0.014127
vt 0.863402 0.014127
vt 0.863415 0.236136
vt 0.789741 0.236139
vt 0.789725 0.014124
vt 0.405841 0.741005
vt 0.405863 0.622178
vt 0.524930 0.622179
vt 0.524910 0.741006
vt 0.405869 0.741024
vt 0.405863 0.622178
vt 0.524898 0.622176
vt 0.524902 0.741018
vt 0.514974 0.618662
vt 0.404757 0.618663
vt 0.404757 0.508182
vt 0.514974 0.508182
vt 0.291997 0.690707
vt 0.272035 0.690717
vt 0.272015 0.695656
vt 0.291976 0.695647
vt 0.332825 0.433392
vt 0.324777 0.433422
vt 0.324788 0.572594
vt 0.332816 0.572586
vt 0.298349 0.558414
vt 0.306388 0.558439
vt 0.306602 0.491067
vt 0.298564 0.491041
vt 0.332825 0.433392
vt 0.332816 0.572586
vt 0.324788 0.572594
vt 0.324777 0.433422
vt 0.298349 0.558414
vt 0.298564 0.491041
vt 0.306602 0.491067
vt 0.306388 0.558439
vt 0.634464 0.961708
vt 0.686712 0.961444
vt 0.686539 0.927610
vt 0.634293 0.927872
vt 0.225099 0.611254
vt 0.226827 0.630967
vt 0.274135 0.630754
vt 0.275693 0.611025
vt 0.264403 0.633900
vt 0.223552 0.634083
vt 0.223751 0.678425
vt 0.264603 0.678241
vt 0.289673 0.671235
vt 0.275799 0.671297
vt 0.275817 0.675365
vt 0.289691 0.675303
vt 0.289975 0.634575
vt 0.276100 0.634637
vt 0.276118 0.638706
vt 0.289993 0.638644
vt 0.213462 0.678485
vt 0.223729 0.678438
vt 0.223530 0.634076
vt 0.213254 0.632269
vt 0.274449 0.631841
vt 0.264395 0.633854
vt 0.264595 0.678245
vt 0.274658 0.678200
vt 0.832792 0.972006
vt 0.831695 0.932562
vt 0.776879 0.932045
vt 0.776521 0.971620
vt 0.581763 0.150226
vt 0.697990 0.150225
vt 0.697988 0.016105
vt 0.581762 0.016106
vt 0.566650 0.013086
vt 0.563829 0.002256
vt 0.472599 0.002256
vt 0.472599 0.013108
vt 0.692699 0.013097
vt 0.690852 0.002034
vt 0.568670 0.002034
vt 0.566650 0.013086
vt 0.786848 0.013128
vt 0.786848 0.002324
vt 0.695618 0.002324
vt 0.692699 0.013097
vt 0.232949 0.520986
vt 0.243641 0.533988
vt 0.243681 0.418649
vt 0.232984 0.418647
vt 0.190492 0.559860
vt 0.057762 0.559838
vt 0.047062 0.572837
vt 0.201184 0.572856
vt 0.015125 0.520728
vt 0.015158 0.418389
vt 0.004462 0.418385
vt 0.004425 0.533724
vt 0.324760 0.186873
vt 0.353189 0.187024
vt 0.353189 0.092017
vt 0.324760 0.091866
vt 0.324760 0.314085
vt 0.353189 0.314236
vt 0.353189 0.187024
vt 0.324760 0.186873
vt 0.324760 0.409091
vt 0.353189 0.409243
vt 0.353189 0.314236
vt 0.324760 0.314085
vt 0.697990 0.150225
vt 0.784726 0.150413
vt 0.784725 0.016157
vt 0.697988 0.016105
vt 0.634464 0.961708
vt 0.634293 0.927872
vt 0.686539 0.927610
vt 0.686712 0.961444
vt 0.274135 0.630754
vt 0.226827 0.630967
vt 0.225099 0.611254
vt 0.275693 0.611025
vt 0.264402 0.633863
vt 0.264602 0.678233
vt 0.223749 0.678416
vt 0.223549 0.634047
vt 0.275817 0.675365
vt 0.275799 0.671297
vt 0.289673 0.671235
vt 0.289691 0.675303
vt 0.276118 0.638706
vt 0.276100 0.634637
vt 0.289975 0.634575
vt 0.289993 0.638644
vt 0.213462 0.678485
vt 0.213254 0.632269
vt 0.223530 0.634076
vt 0.223729 0.678438
vt 0.274449 0.631841
vt 0.274658 0.678200
vt 0.264595 0.678245
vt 0.264395 0.633854
vt 0.581763 0.150226
vt 0.581762 0.016106
vt 0.697988 0.016105
vt 0.697990 0.150225
vt 0.566650 0.013086
vt 0.472599 0.013108
vt 0.472599 0.002256
vt 0.563829 0.002256
vt 0.692699 0.013097
vt 0.566650 0.013086
vt 0.568670 0.002034
vt 0.690852 0.002034
vt 0.786848 0.013128
vt 0.692699 0.013097
vt 0.695618 0.002324
vt 0.786848 0.002324
vt 0.232949 0.520986
vt 0.232984 0.418647
vt 0.243681 0.418649
vt 0.243641 0.533988
vt 0.190492 0.559860
vt 0.201184 0.572856
vt 0.047062 0.572837
vt 0.057762 0.559838
vt 0.015125 0.520728
vt 0.004425 0.533724
vt 0.004462 0.418385
vt 0.015158 0.418389
vt 0.324760 0.186873
vt 0.324760 0.091866
vt 0.353189 0.092017
vt 0.353189 0.187024
vt 0.324760 0.314085
vt 0.324760 0.186873
vt 0.353189 0.187024
vt 0.353189 0.314236
vt 0.324760 0.409091
vt 0.324760 0.314085
vt 0.353189 0.314236
vt 0.353189 0.409243
vt 0.697990 0.150225
vt 0.697988 0.016105
vt 0.784725 0.016157
vt 0.784726 0.150413
vt 0.405841 0.741005
vt 0.524873 0.741006
vt 0.524898 0.622176
vt 0.405863 0.622178
vt 0.005632 0.798290
vt 0.006219 0.719137
vt 0.042441 0.710571
vt 0.043808 0.798036
vt 0.004344 0.705537
vt 0.003655 0.604641
vt 0.043839 0.614657
vt 0.044454 0.705242
vt 0.735278 0.400817
vt 0.620875 0.401820
vt 0.620621 0.307549
vt 0.735025 0.307239
vt 0.904978 0.338083
vt 0.911977 0.328658
vt 0.959169 0.328658
vt 0.966156 0.338083
vt 0.932150 0.227033
vt 0.883820 0.227009
vt 0.876833 0.217608
vt 0.939144 0.217607
vt 0.781752 0.338085
vt 0.788716 0.328665
vt 0.835917 0.328665
vt 0.842787 0.338084
vt 0.849649 0.328657
vt 0.897986 0.328657
vt 0.904984 0.338083
vt 0.842771 0.338084
vt 0.880852 0.206239
vt 0.934690 0.206238
vt 0.939144 0.217607
vt 0.876833 0.217608
vt 0.891894 0.660394
vt 0.891910 0.654777
vt 0.843236 0.654772
vt 0.843236 0.660354
vt 0.266652 0.940737
vt 0.266652 0.940737
vt 0.266652 0.940737
vt 0.266652 0.940737
vt 0.904991 0.338082
vt 0.966169 0.338082
vt 0.959183 0.328654
vt 0.911989 0.328655
vt 0.932145 0.227047
vt 0.939125 0.217624
vt 0.876814 0.217624
vt 0.883801 0.227072
vt 0.781706 0.338085
vt 0.842776 0.338084
vt 0.835900 0.328665
vt 0.788716 0.328665
vt 0.849635 0.328652
vt 0.842767 0.338083
vt 0.904971 0.338082
vt 0.897972 0.328652
vt 0.806594 0.266536
vt 0.816965 0.266537
vt 0.816988 0.254934
vt 0.806629 0.254934
vt 0.880834 0.206257
vt 0.876814 0.217624
vt 0.939125 0.217624
vt 0.934671 0.206257
vt 0.843163 0.660322
vt 0.843163 0.654731
vt 0.891821 0.654701
vt 0.891855 0.660317
vt 0.272121 0.940737
vt 0.272121 0.940737
vt 0.272121 0.940737
vt 0.272121 0.940737
vt 0.008849 0.845025
vt 0.008899 0.816732
vt 0.071983 0.817570
vt 0.071968 0.844368
vt 0.693898 0.619719
vt 0.690146 0.619733
vt 0.689995 0.570424
vt 0.693755 0.570413
vt 0.528007 0.624034
vt 0.527878 0.620171
vt 0.618284 0.619940
vt 0.618229 0.623772
vt 0.618542 0.731779
vt 0.618229 0.623772
vt 0.690017 0.623563
vt 0.690330 0.731570
vt 0.618120 0.570632
vt 0.618284 0.619940
vt 0.527878 0.620171
vt 0.527733 0.570894
vt 0.782312 0.503847
vt 0.782312 0.563806
vt 0.774500 0.563806
vt 0.774500 0.503847
vt 0.613603 0.245786
vt 0.613603 0.266526
vt 0.605791 0.266546
vt 0.605791 0.245786
vt 0.618284 0.619940
vt 0.618120 0.570632
vt 0.689995 0.570424
vt 0.690146 0.619733
vt 0.871784 0.884074
vt 0.871626 0.902397
vt 0.777363 0.902417
vt 0.777376 0.884079
vt 0.991010 0.111610
vt 0.983344 0.118979
vt 0.983386 0.016854
vt 0.991010 0.017027
vt 0.104785 0.921992
vt 0.001293 0.921995
vt 0.001292 0.866388
vt 0.104785 0.866480
vt 0.960746 0.014123
vt 0.960756 0.236119
vt 0.956450 0.236119
vt 0.956403 0.009756
vt 0.831537 0.722610
vt 0.834835 0.715093
vt 0.879076 0.731321
vt 0.873146 0.743302
vt 0.879076 0.731321
vt 0.834835 0.715093
vt 0.896244 0.715574
vt 0.897333 0.729837
vt 0.969833 0.455640
vt 0.969812 0.242543
vt 0.977642 0.249903
vt 0.977643 0.455295
vt 0.991031 0.346718
vt 0.983405 0.354291
vt 0.983344 0.118979
vt 0.991030 0.126058
vt 0.618542 0.731779
vt 0.528320 0.732041
vt 0.528007 0.624034
vt 0.618229 0.623772
vt 0.748891 0.185815
vt 0.758394 0.214983
vt 0.531645 0.214542
vt 0.543397 0.185799
vt 0.341341 0.921989
vt 0.104785 0.921992
vt 0.104785 0.866480
vt 0.341340 0.866477
vt 0.463934 0.884084
vt 0.558289 0.884084
vt 0.558210 0.902436
vt 0.464092 0.902435
vt 0.991030 0.362355
vt 0.991030 0.456937
vt 0.983451 0.457096
vt 0.983405 0.354291
vt 0.341341 0.921989
vt 0.341340 0.866477
vt 0.444833 0.866381
vt 0.444833 0.921988
vt 0.863397 0.014127
vt 0.867686 0.009761
vt 0.867714 0.236136
vt 0.863408 0.236136
vt 0.867686 0.009761
vt 0.867681 0.006742
vt 0.956402 0.006398
vt 0.956403 0.009756
vt 0.762955 0.164460
vt 0.762940 0.174997
vt 0.529475 0.174971
vt 0.529496 0.164383
vt 0.762940 0.174997
vt 0.750409 0.185815
vt 0.541936 0.185799
vt 0.529475 0.174971
vt 0.969786 0.007127
vt 0.977590 0.015460
vt 0.977591 0.235358
vt 0.969812 0.242543
vt 0.963846 0.462339
vt 0.971660 0.462551
vt 0.971661 0.588840
vt 0.963846 0.589052
vt 0.961804 0.597123
vt 0.969607 0.597477
vt 0.969608 0.802869
vt 0.961771 0.811322
vt 0.080866 0.289781
vt 0.010810 0.289781
vt 0.028794 0.203081
vt 0.063822 0.203081
vt 0.046778 0.116380
vt 0.318570 0.289801
vt 0.247841 0.289801
vt 0.265790 0.203090
vt 0.301154 0.203090
vt 0.283739 0.116380
vt 0.402187 0.088482
vt 0.395993 0.088454
vt 0.396027 0.113780
vt 0.402187 0.113696
vt 0.395960 0.139017
vt 0.402187 0.139056
vt 0.395926 0.164616
vt 0.402187 0.164616
vt 0.493778 0.088482
vt 0.402187 0.088482
vt 0.402187 0.113696
vt 0.493779 0.113696
vt 0.402187 0.139056
vt 0.493779 0.139056
vt 0.402187 0.164616
vt 0.493779 0.164615
vt 0.003812 0.573870
vt 0.006978 0.582074
vt 0.049705 0.601470
vt 0.298453 0.573865
vt 0.049705 0.815082
vt 0.298453 0.815078
vt 0.298447 0.847276
vt 0.077811 0.847280
vt 0.058132 0.003964
vt 0.057776 0.017303
vt 0.011387 0.002710
vt 0.010780 0.010953
vt 0.002483 0.002215
vt 0.002447 0.011057
vt 0.014303 0.057903
vt 0.003710 0.057550
vt 0.540344 0.569510
vt 0.529842 0.569521
vt 0.540904 0.409991
vt 0.529840 0.273189
vt 0.557664 0.373442
vt 0.557664 0.319005
vt 0.538155 0.276421
vt 0.766237 0.483721
vt 0.749820 0.483265
vt 0.750988 0.447064
vt 0.766237 0.403977
vt 0.744815 0.439171
vt 0.713802 0.439152
vt 0.683969 0.404126
vt 0.738876 0.447117
vt 0.716190 0.447135
vt 0.714574 0.483609
vt 0.740670 0.483604
vt 0.722038 0.404604
vt 0.743752 0.439003
vt 0.737483 0.446838
vt 0.722408 0.482991
vt 0.738594 0.482793
vt 0.300879 0.577775
vt 0.395725 0.577811
vt 0.300842 0.688205
vt 0.401854 0.576944
vt 0.300806 0.798624
vt 0.401020 0.798686
vt 0.911971 0.199674
vt 0.885093 0.199675
vt 0.885315 0.123841
vt 0.912078 0.117373
vt 0.900046 0.094568
vt 0.938754 0.123740
vt 0.923603 0.092347
vt 0.911965 0.068594
vt 0.978048 0.964660
vt 0.906685 0.964766
vt 0.970938 0.914639
vt 0.899849 0.907497
vt 0.936355 0.900913
vt 0.871502 0.881817
vt 0.908615 0.857028
vt 0.961589 0.857041
vt 0.975548 0.910564
vt 0.999274 0.880987
vt 0.625707 0.927229
vt 0.625707 0.999467
vt 0.548532 0.999466
vt 0.548636 0.927229
vt 0.471181 0.999466
vt 0.471246 0.927229
vt 0.393855 0.999467
vt 0.393999 0.927229
vt 0.316473 0.999467
vt 0.316567 0.927229
vt 0.239139 0.999467
vt 0.239264 0.927229
vt 0.161846 0.999466
vt 0.161969 0.927229
vt 0.084445 0.999467
vt 0.084525 0.927229
vt 0.007123 0.999467
vt 0.007123 0.927229
vt 0.393555 0.572616
vt 0.400286 0.572616
vt 0.393554 0.491669
vt 0.400274 0.433361
vt 0.383714 0.469257
vt 0.356491 0.469257
vt 0.332825 0.433392
vt 0.366330 0.491670
vt 0.346651 0.491668
vt 0.373875 0.491668
vt 0.332816 0.572586
vt 0.346652 0.572617
vt 0.366331 0.572617
vt 0.373876 0.572617
vt 0.257325 0.572564
vt 0.264041 0.572478
vt 0.264051 0.491660
vt 0.257328 0.433421
vt 0.273884 0.469213
vt 0.301115 0.469212
vt 0.324777 0.433422
vt 0.291279 0.491645
vt 0.310945 0.491645
vt 0.283721 0.491643
vt 0.324788 0.572594
vt 0.310953 0.572564
vt 0.291274 0.572564
vt 0.283729 0.572564
vt 0.400286 0.572616
vt 0.393555 0.572616
vt 0.393554 0.491669
vt 0.400274 0.433361
vt 0.383714 0.469257
vt 0.356491 0.469257
vt 0.332825 0.433392
vt 0.366330 0.491670
vt 0.346651 0.491668
vt 0.373875 0.491668
vt 0.332816 0.572586
vt 0.346652 0.572617
vt 0.366331 0.572617
vt 0.373876 0.572617
vt 0.264041 0.572478
vt 0.257325 0.572564
vt 0.264051 0.491660
vt 0.257328 0.433421
vt 0.273884 0.469213
vt 0.301115 0.469212
vt 0.324777 0.433422
vt 0.291279 0.491645
vt 0.310945 0.491645
vt 0.283721 0.491643
vt 0.324788 0.572594
vt 0.310953 0.572564
vt 0.291274 0.572564
vt 0.283729 0.572564
vt 0.322910 0.232260
vt 0.313763 0.234370
vt 0.320803 0.223818
vt 0.312141 0.225205
vt 0.318716 0.174652
vt 0.310602 0.175895
vt 0.669286 0.924956
vt 0.560106 0.924971
vt 0.669365 0.906583
vt 0.450945 0.924971
vt 0.464699 0.906583
vt 0.445782 0.863923
vt 0.877538 0.199628
vt 0.867714 0.236136
vt 0.877607 0.121919
vt 0.867686 0.009761
vt 0.893012 0.077945
vt 0.911982 0.049670
vt 0.956440 0.009757
vt 0.934216 0.077640
vt 0.946614 0.121955
vt 0.956450 0.236119
vt 0.946623 0.199704
vt 0.839142 0.975016
vt 0.852876 0.932232
vt 0.853216 0.993292
vt 0.634332 0.976341
vt 0.743855 0.993992
vt 0.634458 0.994690
vt 0.198987 0.682042
vt 0.199048 0.688999
vt 0.220548 0.688979
vt 0.220522 0.681999
vt 0.290721 0.688931
vt 0.290719 0.681956
vt 0.199010 0.682021
vt 0.199028 0.688995
vt 0.220548 0.688977
vt 0.220522 0.681993
vt 0.290721 0.688928
vt 0.290719 0.681944
vt 0.494792 0.150414
vt 0.521296 0.150414
vt 0.524900 0.073896
vt 0.494791 0.016158
vt 0.535601 0.063397
vt 0.581762 0.016106
vt 0.546301 0.073896
vt 0.581763 0.150226
vt 0.549865 0.150413
vt 0.357813 0.123673
vt 0.376199 0.116569
vt 0.376199 0.134990
vt 0.389579 0.116163
vt 0.389579 0.135632
vt 0.396027 0.113780
vt 0.395960 0.139017
vt 0.395926 0.164616
vt 0.389000 0.164616
vt 0.389000 0.141505
vt 0.375613 0.164616
vt 0.375613 0.141966
vt 0.353377 0.149258
vt 0.353379 0.164617
vt 0.395993 0.088454
vt 0.389579 0.111437
vt 0.389579 0.091967
vt 0.376199 0.111030
vt 0.376199 0.092610
vt 0.357813 0.103927
vt 0.395926 0.062984
vt 0.389000 0.086094
vt 0.388999 0.062983
vt 0.375612 0.085634
vt 0.375612 0.062983
vt 0.353376 0.062984
vt 0.353377 0.078343
vt 0.904978 0.338083
vt 0.966156 0.338083
vt 0.961708 0.352376
vt 0.909443 0.352378
vt 0.956569 0.595109
vt 0.909449 0.595099
vt 0.958305 0.682752
vt 0.958305 0.701377
vt 0.845589 0.701378
vt 0.845592 0.682753
vt 0.813668 0.725668
vt 0.813667 0.657600
vt 0.791929 0.766390
vt 0.845593 0.749959
vt 0.958306 0.766389
vt 0.958306 0.749957
vt 0.791927 0.600053
vt 0.845646 0.634142
vt 0.958305 0.600003
vt 0.958325 0.634171
vt 0.558210 0.902436
vt 0.558289 0.884084
vt 0.667714 0.902437
vt 0.777376 0.884079
vt 0.777363 0.902417
vt 0.778760 0.924941
vt 0.669286 0.924956
vt 0.669365 0.906583
vt 0.888429 0.924950
vt 0.888373 0.906582
vt 0.457172 0.416915
vt 0.414812 0.417044
vt 0.437320 0.428400
vt 0.425127 0.445211
vt 0.415787 0.504470
vt 0.425804 0.504440
vt 0.396027 0.113780
vt 0.395993 0.088454
vt 0.402187 0.088482
vt 0.402187 0.113696
vt 0.395960 0.139017
vt 0.402187 0.139056
vt 0.395926 0.164616
vt 0.402187 0.164616
vt 0.402187 0.113696
vt 0.402187 0.088482
vt 0.493778 0.088482
vt 0.493779 0.113696
vt 0.402187 0.139056
vt 0.493779 0.139056
vt 0.402187 0.164616
vt 0.493779 0.164615
vt 0.321130 0.385828
vt 0.315862 0.414351
vt 0.250968 0.414351
vt 0.243922 0.385804
vt 0.318570 0.289801
vt 0.237381 0.414351
vt 0.171819 0.414351
vt 0.165200 0.385831
vt 0.247841 0.289801
vt 0.265790 0.203090
vt 0.301154 0.203090
vt 0.283739 0.116380
vt 0.240070 0.289805
vt 0.158722 0.414351
vt 0.093181 0.414351
vt 0.086712 0.385819
vt 0.169513 0.289805
vt 0.160898 0.289805
vt 0.187634 0.203092
vt 0.091082 0.289805
vt 0.222912 0.203093
vt 0.205754 0.116380
vt 0.108681 0.203092
vt 0.143589 0.203092
vt 0.126281 0.116380
vt 0.243922 0.385804
vt 0.237381 0.414351
vt 0.171819 0.414351
vt 0.165200 0.385831
vt 0.240070 0.289805
vt 0.158722 0.414351
vt 0.093181 0.414351
vt 0.086712 0.385819
vt 0.169513 0.289805
vt 0.160898 0.289805
vt 0.222912 0.203093
vt 0.091082 0.289805
vt 0.187634 0.203092
vt 0.205754 0.116380
vt 0.143589 0.203092
vt 0.108681 0.203092
vt 0.126281 0.116380
vt 0.243922 0.385804
vt 0.237381 0.414351
vt 0.171819 0.414351
vt 0.165200 0.385831
vt 0.240070 0.289805
vt 0.158722 0.414351
vt 0.093181 0.414351
vt 0.086712 0.385819
vt 0.169513 0.289805
vt 0.222912 0.203093
vt 0.187634 0.203092
vt 0.205754 0.116380
vt 0.160898 0.289805
vt 0.079218 0.414351
vt 0.013654 0.414351
vt 0.007048 0.385843
vt 0.091082 0.289805
vt 0.080866 0.289828
vt 0.143589 0.203092
vt 0.010808 0.289806
vt 0.108681 0.203092
vt 0.126281 0.116380
vt 0.063778 0.203081
vt 0.028793 0.203093
vt 0.046778 0.116380
vt 0.321130 0.385828
vt 0.315862 0.414351
vt 0.250968 0.414351
vt 0.243922 0.385804
vt 0.318570 0.289801
vt 0.237381 0.414351
vt 0.171819 0.414351
vt 0.165200 0.385831
vt 0.247841 0.289801
vt 0.240070 0.289805
vt 0.265790 0.203090
vt 0.169513 0.289805
vt 0.301154 0.203090
vt 0.283739 0.116380
vt 0.187634 0.203092
vt 0.222912 0.203093
vt 0.205754 0.116380
vt 0.195162 0.105086
vt 0.166631 0.098680
vt 0.166389 0.034810
vt 0.194896 0.028105
vt 0.290182 0.101195
vt 0.289988 0.031004
vt 0.048644 0.104069
vt 0.020087 0.097598
vt 0.019845 0.034038
vt 0.048377 0.027970
vt 0.143678 0.100387
vt 0.143426 0.030744
vt 0.893012 0.077945
vt 0.911982 0.049670
vt 0.911965 0.068594
vt 0.896808 0.086975
vt 0.877607 0.121919
vt 0.885315 0.122980
vt 0.877538 0.199628
vt 0.885093 0.199675
vt 0.563338 0.859246
vt 0.536036 0.874129
vt 0.530220 0.850303
vt 0.530220 0.850303
vt 0.545795 0.840393
vt 0.574214 0.838828
vt 0.554026 0.823870
vt 0.520802 0.816898
vt 0.530220 0.850303
vt 0.520802 0.816898
vt 0.502467 0.874295
vt 0.520802 0.816898
vt 0.496125 0.840488
vt 0.478994 0.858393
vt 0.487627 0.824100
vt 0.473575 0.849527
vt 0.958307 0.849520
vt 0.845590 0.829874
vt 0.958306 0.829873
vt 0.791930 0.849472
vt 0.813669 0.805583
vt 0.791929 0.766390
vt 0.828820 0.788710
vt 0.845593 0.781293
vt 0.958306 0.781292
vt 0.958306 0.766389
vt 0.724286 0.566266
vt 0.724285 0.486522
vt 0.766153 0.566271
vt 0.766153 0.541892
vt 0.766152 0.486479
vt 0.852876 0.932232
vt 0.867407 0.974836
vt 0.853216 0.993292
vt 0.998699 0.992359
vt 0.993436 0.974019
vt 0.220548 0.688979
vt 0.199048 0.688999
vt 0.198987 0.682042
vt 0.220522 0.681999
vt 0.290721 0.688931
vt 0.290719 0.681956
vt 0.220548 0.688977
vt 0.199028 0.688995
vt 0.199010 0.682021
vt 0.220522 0.681993
vt 0.290721 0.688928
vt 0.290719 0.681944
vt 0.065159 0.418516
vt 0.015158 0.418389
vt 0.015125 0.520728
vt 0.065831 0.500981
vt 0.108387 0.419199
vt 0.109339 0.442884
vt 0.139809 0.419231
vt 0.138850 0.442915
vt 0.076288 0.508519
vt 0.182256 0.501205
vt 0.171965 0.508517
vt 0.182983 0.418741
vt 0.190492 0.559860
vt 0.057762 0.559838
vt 0.232984 0.418647
vt 0.232949 0.520986
vt 0.357813 0.103927
vt 0.376199 0.111030
vt 0.376199 0.092610
vt 0.389579 0.091967
vt 0.389579 0.111437
vt 0.395993 0.088454
vt 0.396027 0.113780
vt 0.389000 0.086094
vt 0.395926 0.062984
vt 0.388999 0.062983
vt 0.375612 0.085634
vt 0.375612 0.062983
vt 0.353376 0.062984
vt 0.353377 0.078343
vt 0.389579 0.116163
vt 0.389579 0.135632
vt 0.395960 0.139017
vt 0.376199 0.134990
vt 0.376199 0.116569
vt 0.357813 0.123673
vt 0.389000 0.164616
vt 0.395926 0.164616
vt 0.389000 0.141505
vt 0.375613 0.164616
vt 0.375613 0.141966
vt 0.353379 0.164617
vt 0.353377 0.149258
vt 0.524900 0.073896
vt 0.521296 0.150414
vt 0.494792 0.150414
vt 0.494791 0.016158
vt 0.535601 0.063397
vt 0.581762 0.016106
vt 0.546301 0.073896
vt 0.549865 0.150413
vt 0.581763 0.150226
vt 0.065831 0.500981
vt 0.015125 0.520728
vt 0.015158 0.418389
vt 0.065159 0.418516
vt 0.109339 0.442884
vt 0.108387 0.419199
vt 0.139809 0.419231
vt 0.138850 0.442915
vt 0.076288 0.508519
vt 0.182256 0.501205
vt 0.171965 0.508517
vt 0.182983 0.418741
vt 0.190492 0.559860
vt 0.057762 0.559838
vt 0.232984 0.418647
vt 0.232949 0.520986
vt 0.961710 0.352375
vt 0.966169 0.338082
vt 0.904991 0.338082
vt 0.909456 0.352374
vt 0.956584 0.595082
vt 0.909452 0.595092
vt 0.446138 0.445457
vt 0.434196 0.428320
vt 0.467234 0.428320
vt 0.455293 0.445456
vt 0.446138 0.505964
vt 0.455293 0.505964
vt 0.613603 0.266526
vt 0.553686 0.302362
vt 0.553686 0.266506
vt 0.744982 0.302362
vt 0.744983 0.248092
vt 0.618977 0.248092
vt 0.290724 0.688927
vt 0.290716 0.681941
vt 0.220544 0.681990
vt 0.220527 0.688977
vt 0.199014 0.688988
vt 0.199023 0.681991
vt 0.290720 0.688933
vt 0.290714 0.681966
vt 0.220536 0.682015
vt 0.220531 0.688982
vt 0.199013 0.688994
vt 0.199022 0.682018
vt 0.220544 0.681990
vt 0.290716 0.681941
vt 0.290724 0.688927
vt 0.220527 0.688977
vt 0.199014 0.688988
vt 0.199023 0.681991
vt 0.220536 0.682015
vt 0.290714 0.681966
vt 0.290720 0.688933
vt 0.220531 0.688982
vt 0.199013 0.688994
vt 0.199022 0.682018
vt 0.838465 0.352386
vt 0.838467 0.595146
vt 0.791339 0.595146
vt 0.786189 0.352386
vt 0.781752 0.338085
vt 0.842787 0.338084
vt 0.900512 0.352374
vt 0.900520 0.595099
vt 0.847100 0.595101
vt 0.847092 0.352374
vt 0.842771 0.338084
vt 0.904984 0.338083
vt 0.807117 0.266256
vt 0.807099 0.254660
vt 0.817458 0.254660
vt 0.817457 0.266255
vt 0.830934 0.291612
vt 0.793740 0.291612
vt 0.788716 0.328665
vt 0.835917 0.328665
vt 0.930386 0.266255
vt 0.940744 0.266255
vt 0.954177 0.291601
vt 0.916962 0.291601
vt 0.911977 0.328658
vt 0.959169 0.328658
vt 0.913762 0.289428
vt 0.902259 0.289431
vt 0.888831 0.264096
vt 0.927190 0.264096
vt 0.932150 0.227033
vt 0.883820 0.227009
vt 0.868094 0.266253
vt 0.879598 0.266253
vt 0.893023 0.291598
vt 0.854664 0.291598
vt 0.849649 0.328657
vt 0.897986 0.328657
vt 0.791294 0.595144
vt 0.838418 0.595143
vt 0.838419 0.352385
vt 0.786177 0.352385
vt 0.781706 0.338085
vt 0.842776 0.338084
vt 0.847085 0.595068
vt 0.900506 0.595070
vt 0.900512 0.352374
vt 0.847091 0.352373
vt 0.842767 0.338083
vt 0.904971 0.338082
vt 0.954178 0.291601
vt 0.940755 0.266252
vt 0.930395 0.266252
vt 0.916962 0.291601
vt 0.911989 0.328655
vt 0.959183 0.328654
vt 0.888830 0.264098
vt 0.902258 0.289438
vt 0.913762 0.289441
vt 0.927189 0.264098
vt 0.932145 0.227047
vt 0.883801 0.227072
vt 0.830923 0.291612
vt 0.817446 0.266255
vt 0.807081 0.266256
vt 0.793688 0.291612
vt 0.788716 0.328665
vt 0.835900 0.328665
vt 0.893020 0.291597
vt 0.879589 0.266250
vt 0.868085 0.266250
vt 0.854660 0.291597
vt 0.849635 0.328652
vt 0.897972 0.328652
vt 0.765676 0.283885
vt 0.765676 0.302369
vt 0.751321 0.302369
vt 0.751320 0.247930
vt 0.770829 0.205346
vt 0.773156 0.283886
vt 0.779144 0.202114
vt 0.773156 0.338918
vt 0.779145 0.498449
vt 0.769172 0.498449
vt 0.769172 0.449387
vt 0.769171 0.338918
vt 0.297150 0.815100
vt 0.296706 0.847301
vt 0.077271 0.847305
vt 0.049705 0.601469
vt 0.049705 0.815104
vt 0.296705 0.573810
vt 0.003687 0.573854
vt 0.006958 0.582066
vt 0.449141 0.791948
vt 0.476104 0.786381
vt 0.474942 0.824047
vt 0.448399 0.812658
vt 0.411286 0.801171
vt 0.456158 0.849741
vt 0.436760 0.829803
vt 0.411286 0.801171
vt 0.418034 0.838679
vt 0.435831 0.861188
vt 0.411286 0.801171
vt 0.545795 0.840393
vt 0.520802 0.816898
vt 0.554026 0.823870
vt 0.574214 0.838828
vt 0.563338 0.859246
vt 0.530220 0.850303
vt 0.536036 0.874129
vt 0.520802 0.816898
vt 0.502467 0.874295
vt 0.511760 0.850303
vt 0.541927 0.753737
vt 0.497406 0.772682
vt 0.543643 0.738119
vt 0.685713 0.736497
vt 0.683257 0.758848
vt 0.540202 0.769437
vt 0.680774 0.781452
vt 0.497406 0.772682
vt 0.678247 0.804443
vt 0.538474 0.785159
vt 0.675798 0.826726
vt 0.536750 0.800834
vt 0.497406 0.772682
vt 0.535032 0.816482
vt 0.673347 0.849039
vt 0.497406 0.772682
vt 0.758755 0.703673
vt 0.735379 0.661321
vt 0.774481 0.703790
vt 0.790594 0.844962
vt 0.768052 0.844758
vt 0.742961 0.703555
vt 0.745299 0.844589
vt 0.735379 0.661321
vt 0.722161 0.844416
vt 0.727136 0.703438
vt 0.699773 0.844285
vt 0.711319 0.703321
vt 0.735379 0.661321
vt 0.695625 0.703202
vt 0.677313 0.844118
vt 0.735379 0.661321
vt 0.758755 0.703673
vt 0.735379 0.661321
vt 0.774481 0.703790
vt 0.790594 0.844962
vt 0.768052 0.844758
vt 0.742961 0.703555
vt 0.745299 0.844589
vt 0.735379 0.661321
vt 0.722161 0.844416
vt 0.727136 0.703438
vt 0.699773 0.844285
vt 0.711319 0.703321
vt 0.735379 0.661321
vt 0.695625 0.703202
vt 0.677313 0.844118
vt 0.735379 0.661321
vt 0.541927 0.753737
vt 0.497406 0.772682
vt 0.543643 0.738119
vt 0.685713 0.736497
vt 0.683257 0.758848
vt 0.540202 0.769437
vt 0.680774 0.781452
vt 0.497406 0.772682
vt 0.678247 0.804443
vt 0.538474 0.785159
vt 0.675798 0.826726
vt 0.536750 0.800834
vt 0.497406 0.772682
vt 0.535032 0.816482
vt 0.673347 0.849039
vt 0.497406 0.772682
vt 0.541927 0.753737
vt 0.497406 0.772682
vt 0.543643 0.738119
vt 0.685713 0.736497
vt 0.683257 0.758848
vt 0.540202 0.769437
vt 0.680774 0.781452
vt 0.497406 0.772682
vt 0.678247 0.804443
vt 0.538474 0.785159
vt 0.675798 0.826726
vt 0.536750 0.800834
vt 0.497406 0.772682
vt 0.535032 0.816482
vt 0.673347 0.849039
vt 0.497406 0.772682
vt 0.758755 0.703673
vt 0.735379 0.661321
vt 0.774481 0.703790
vt 0.790594 0.844962
vt 0.768052 0.844758
vt 0.742961 0.703555
vt 0.745299 0.844589
vt 0.735379 0.661321
vt 0.722161 0.844416
vt 0.727136 0.703438
vt 0.699773 0.844285
vt 0.711319 0.703321
vt 0.735379 0.661321
vt 0.695625 0.703202
vt 0.677313 0.844118
vt 0.735379 0.661321
vt 0.508006 0.168094
vt 0.508006 0.187535
vt 0.464947 0.174574
vt 0.508006 0.207945
vt 0.358517 0.218214
vt 0.358517 0.177814
vt 0.464947 0.218214
vt 0.508006 0.228483
vt 0.358517 0.259289
vt 0.508006 0.249020
vt 0.464947 0.259289
vt 0.508006 0.269558
vt 0.358517 0.300438
vt 0.508006 0.290096
vt 0.464947 0.300438
vt 0.508006 0.310780
vt 0.358517 0.341073
vt 0.508006 0.330804
vt 0.464947 0.341073
vt 0.508006 0.351342
vt 0.358517 0.382181
vt 0.508006 0.371880
vt 0.464947 0.382181
vt 0.358517 0.412301
vt 0.508006 0.392482
vt 0.464947 0.412301
vt 0.508006 0.412301
vt 0.105055 0.698662
vt 0.139120 0.689516
vt 0.123311 0.698662
vt 0.148248 0.655381
vt 0.148248 0.673674
vt 0.123311 0.630392
vt 0.139120 0.639539
vt 0.089245 0.689516
vt 0.080118 0.673674
vt 0.089245 0.639539
vt 0.105055 0.630392
vt 0.080118 0.655381
vt 0.629395 0.448768
vt 0.686415 0.464046
vt 0.653024 0.474370
vt 0.621632 0.482838
vt 0.587653 0.490509
vt 0.676075 0.497311
vt 0.701693 0.521066
vt 0.613272 0.514263
vt 0.602932 0.547529
vt 0.644674 0.505787
vt 0.636322 0.537205
vt 0.659951 0.562807
vt 0.667715 0.528737
vn 1 0 0
vn 1 0 0
vn 1 0 0
vn -1 2E-06 -1.2246467991473532E-22
vn -1 2E-06 -1.2246467991473532E-22
vn -1 2E-06 -1.2246467991473532E-22
vn 2E-06 -0.799367 0.600843
vn 2E-06 -0.799367 0.600843
vn 2E-06 -0.799367 0.600843
vn 0 0.799366 0.600844
vn 0 0.799366 0.600844
vn 0 0.799366 0.600844
vn 0 -0.799366 0.600844
vn 0 -0.799366 0.600844
vn 0 -0.799366 0.600844
vn 0 0.798733 0.601685
vn 0 0.798733 0.601685
vn 0 0.798733 0.601685
vn -0.638027 0.45281400000000005 0.622801
vn 0 1 2.9999999999387676E-06
vn -0.503228 0.707106 0.49675199999999997
vn -0.286977 -0.526589 0.800218
vn -0.755318 0.618224 0.21747099999999997
vn -0.978632 -0.130415 0.158971
vn 1 0 0
vn 1 0 0
vn 1 0 0
vn -1 -2E-06 1.2246467991473532E-22
vn -1 -2E-06 1.2246467991473532E-22
vn -1 -2E-06 1.2246467991473532E-22
vn 2E-06 0.799367 0.600843
vn 2E-06 0.799367 0.600843
vn 2E-06 0.799367 0.600843
vn 0 -0.799366 0.600844
vn 0 -0.799366 0.600844
vn 0 -0.799366 0.600844
vn 0 0.799367 0.600843
vn 0 0.799367 0.600843
vn 0 0.799367 0.600843
vn 0 -0.798733 0.601686
vn 0 -0.798733 0.601686
vn 0 -0.798733 0.601686
vn 0.993707 -2.9999999999931417E-06 0.112009
vn 0.993707 -2.9999999999931417E-06 0.112009
vn 0.993707 -2.9999999999931417E-06 0.112009
vn 0 -0.993706 0.11201900000000005
vn 0 -0.993706 0.11201900000000005
vn 0 -0.993706 0.11201900000000005
vn -0.707103 0.707111 -5.000000000043298E-06
vn -0.707103 0.707111 -5.000000000043298E-06
vn -0.707103 0.707111 -5.000000000043298E-06
vn -0.993707 -9.999999999931413E-07 0.112009
vn -0.993707 -9.999999999931413E-07 0.112009
vn -0.993707 -9.999999999931413E-07 0.112009
vn 0 -0.993706 0.11201900000000005
vn 0 -0.993706 0.11201900000000005
vn 0 -0.993706 0.11201900000000005
vn 0.707103 0.70711 -6.000000000043298E-06
vn 0.707103 0.70711 -6.000000000043298E-06
vn 0.707103 0.70711 -6.000000000043298E-06
vn 0.991894 -0.127066 7.78054850902288E-18
vn 0.991894 -0.127066 7.78054850902288E-18
vn 0.991894 -0.127066 7.78054850902288E-18
vn -0.991894 -0.127065 7.780487276682923E-18
vn -0.991894 -0.127065 7.780487276682923E-18
vn -0.991894 -0.127065 7.780487276682923E-18
vn -0.496505 0.711789 0.49682899999999997
vn 0.000293 0.999989 0.004687999999999939
vn -0.635174 0.45252400000000004 0.62592
vn 0 -1 3.0000000000612325E-06
vn -0.640266 -0.44134799999999996 0.628706
vn -0.507456 -0.707106 0.49243300000000007
vn 0.993707 3.0000000000068585E-06 0.112009
vn 0.993707 3.0000000000068585E-06 0.112009
vn 0.993707 3.0000000000068585E-06 0.112009
vn 0 0.993706 0.11201899999999994
vn 0 0.993706 0.11201899999999994
vn 0 0.993706 0.11201899999999994
vn -0.707103 -0.707111 -4.999999999956703E-06
vn -0.707103 -0.707111 -4.999999999956703E-06
vn -0.707103 -0.707111 -4.999999999956703E-06
vn -0.993707 1.0000000000068586E-06 0.112009
vn -0.993707 1.0000000000068586E-06 0.112009
vn -0.993707 1.0000000000068586E-06 0.112009
vn 0 0.993706 0.11201899999999994
vn 0 0.993706 0.11201899999999994
vn 0 0.993706 0.11201899999999994
vn 0.707103 -0.70711 -5.999999999956702E-06
vn 0.707103 -0.70711 -5.999999999956702E-06
vn 0.707103 -0.70711 -5.999999999956702E-06
vn 0.991894 0.127066 -7.78054850902288E-18
vn 0.991894 0.127066 -7.78054850902288E-18
vn 0.991894 0.127066 -7.78054850902288E-18
vn -0.991894 0.127065 -7.780487276682923E-18
vn -0.991894 0.127065 -7.780487276682923E-18
vn -0.991894 0.127065 -7.780487276682923E-18
vn 0.005476 -0.996055 0.08857200000000005
vn 0.005476 -0.996055 0.08857200000000005
vn 0.005476 -0.996055 0.08857200000000005
vn -0.99568 -0.0009439999999999943 0.092843
vn -0.99568 -0.0009439999999999943 0.092843
vn -0.99568 -0.0009439999999999943 0.092843
vn 0 0.99606 0.08868699999999995
vn 0 0.99606 0.08868699999999995
vn 0 0.99606 0.08868699999999995
vn 0.995684 5.6831571684631654E-18 0.092813
vn 0.995684 5.6831571684631654E-18 0.092813
vn 0.995684 5.6831571684631654E-18 0.092813
vn 1 0 0
vn 1 0 0
vn 1 0 0
vn -1 0 0
vn -1 0 0
vn -1 0 0
vn 0.005478 0.996055 0.08857199999999994
vn 0.005478 0.996055 0.08857199999999994
vn 0.005478 0.996055 0.08857199999999994
vn -0.99568 0.0009430000000000057 0.092843
vn -0.99568 0.0009430000000000057 0.092843
vn -0.99568 0.0009430000000000057 0.092843
vn -0 -0.99606 0.08868700000000006
vn -0 -0.99606 0.08868700000000006
vn -0 -0.99606 0.08868700000000006
vn 0.995684 5.6831571684631654E-18 0.092813
vn 0.995684 5.6831571684631654E-18 0.092813
vn 0.995684 5.6831571684631654E-18 0.092813
vn 1 0 0
vn 1 0 0
vn 1 0 0
vn -1 0 0
vn -1 0 0
vn -1 0 0
vn -0.000129 -1 -0.00017699999999993876
vn -0.000129 -1 -0.00017699999999993876
vn -0.000129 -1 -0.00017699999999993876
vn -0 1 9.999999999387675E-07
vn -0 1 9.999999999387675E-07
vn -0 1 9.999999999387675E-07
vn 0 1 9.999999999387675E-07
vn 0 1 9.999999999387675E-07
vn 0 1 9.999999999387675E-07
vn 0 1 -6.123233995736766E-17
vn 0 1 -6.123233995736766E-17
vn 0 1 -6.123233995736766E-17
vn 1E-06 -1 6.123233995736766E-17
vn 1E-06 -1 6.123233995736766E-17
vn 1E-06 -1 6.123233995736766E-17
vn 0 -1 6.123233995736766E-17
vn 0 -1 6.123233995736766E-17
vn 0 -1 6.123233995736766E-17
vn 0 -0.986508 -0.16371199999999994
vn 0 -0.986508 -0.16371199999999994
vn 0 -0.986508 -0.16371199999999994
vn 0 -0.986508 -0.16371199999999994
vn 0 -0.986508 -0.16371199999999994
vn 0.987492 9.654380576398245E-18 0.157668
vn 1E-06 6.123233995736766E-17 1
vn 0.987492 9.654380576398245E-18 0.157668
vn 0.987492 9.654380576398245E-18 0.157668
vn 0 6.123233995736766E-17 1
vn -0.987492 9.654441808738202E-18 0.157669
vn 1E-06 6.123233995736766E-17 1
vn -0.987492 9.654441808738202E-18 0.157669
vn 0 6.123233995736766E-17 1
vn -0.987492 9.654441808738202E-18 0.157669
vn -0.002758 -0.008094999999999939 0.999964
vn -0.933578 -0.18308599999999997 0.308077
vn -0.116599 -0.946639 0.30046400000000006
vn -0.459509 0.826038 0.32636199999999993
vn -0.002758 -0.008094999999999939 0.999964
vn 0.644349 0.689819 0.3300969999999999
vn -0.002758 -0.008094999999999939 0.999964
vn 0.859627 -0.402889 0.314201
vn -0.002758 -0.008094999999999939 0.999964
vn -0.116599 -0.946639 0.30046400000000006
vn -0.755318 0.618224 0.21747099999999997
vn -0.286977 -0.526589 0.800218
vn 0.120807 0.976527 0.17832599999999996
vn -0.978632 -0.130415 0.158971
vn -0.755318 0.618224 0.21747099999999997
vn -0.002643 -0.0075089999999999385 0.999968
vn -0.937772 -0.18371299999999996 0.294675
vn -0.117056 -0.950543 0.28769000000000006
vn -0.461747 0.83038 0.3118639999999999
vn -0.002643 -0.0075089999999999385 0.999968
vn 0.647662 0.693521 0.3155359999999999
vn -0.002643 -0.0075089999999999385 0.999968
vn 0.863669 -0.404552 0.300689
vn -0.117056 -0.950543 0.28769000000000006
vn 0.135208 0.97054 0.19942399999999993
vn -0.028341 -0.17012999999999995 0.985014
vn 0.978449 -0.028825999999999987 0.204466
vn 0.139136 0.990009 0.02288999999999994
vn 0.978449 -0.028825999999999987 0.204466
vn 0.978449 -0.028825999999999987 0.204466
vn 0.822854 -0.567564 0.027973000000000036
vn -0.984231 5.000000000010831E-06 0.176889
vn 6E-06 7.000000000061232E-06 1
vn 4E-06 0.984231 0.17688799999999993
vn 1.1E-05 1.1999999999938768E-05 -1
vn 4E-06 0.984231 0.17688799999999993
vn 6E-06 7.000000000061232E-06 1
vn -0.984231 5.000000000010831E-06 0.176889
vn 4E-06 -0.984231 0.17688800000000005
vn 1.1E-05 1.1999999999938768E-05 -1
vn 4E-06 -0.984231 0.17688800000000005
vn 6E-06 -6.999999999938768E-06 1
vn -0.984231 -4.999999999989169E-06 0.176889
vn 4E-06 -0.984231 0.17688800000000005
vn 1.1E-05 -1.2000000000061232E-05 -1
vn 4E-06 -0.984231 0.17688800000000005
vn -0.984231 -4.999999999989169E-06 0.176889
vn 6E-06 -6.999999999938768E-06 1
vn 4E-06 0.984231 0.17688799999999993
vn 1.1E-05 -1.2000000000061232E-05 -1
vn 4E-06 0.984231 0.17688799999999993
vn 1E-06 6.123233995736766E-17 1
vn 0.987492 9.654380576398245E-18 0.157668
vn 0.987492 9.654380576398245E-18 0.157668
vn 0 6.123233995736766E-17 1
vn 0.987492 9.654380576398245E-18 0.157668
vn 1E-06 6.123233995736766E-17 1
vn -0.987492 9.654441808738202E-18 0.157669
vn -0.987492 9.654441808738202E-18 0.157669
vn 0 6.123233995736766E-17 1
vn -0.987492 9.654441808738202E-18 0.157669
vn -3E-06 6.123233995736766E-17 1
vn -0 1.0000000000612324E-06 1
vn -4E-06 6.123233995736766E-17 1
vn -8E-06 6.123233995736766E-17 1
vn -3E-06 6.123233995736766E-17 1
vn -0.717527 0.016796999999999958 -0.696328
vn -0.701546 0.014596999999999957 -0.712474
vn -0.511609 -0.7518 -0.41599699999999995
vn -0.50768 -0.794975 -0.33207899999999996
vn -0.717527 0.016796999999999958 -0.696328
vn -0.496195 -0.850992 -0.17205699999999993
vn -0.50064 -0.861345 -0.08627999999999994
vn -0.502005 -0.864865 -0.00034099999999994703
vn -0.500452 -0.865764 -0.0006089999999999469
vn 0.979955 -0.197347 0.02724500000000001
vn 0.681729 0.731067 0.028031999999999956
vn 0.7285 0.655348 0.19951699999999997
vn 0.7285 0.655348 0.19951699999999997
vn 0.815014 -0.541795 0.20545300000000002
vn 0.115134 -0.992976 0.027247000000000063
vn -0.262296 -0.944598 0.19731900000000005
vn -0.107996 0.16853400000000004 0.979762
vn 0.7285 0.655348 0.19951699999999997
vn -0.107996 0.16853400000000004 0.979762
vn 0.681729 0.731067 0.028031999999999956
vn -0.479595 0.859623 0.17617299999999994
vn -0.107996 0.16853400000000004 0.979762
vn -0.967431 -0.10235199999999998 0.231521
vn -0.908798 -0.416346 0.027247000000000025
vn -0.262296 -0.944598 0.19731900000000005
vn 0.115134 -0.992976 0.027247000000000063
vn -0.596377 0.774027 0.21264299999999994
vn -0.265223 0.963795 0.027493999999999942
vn -0.998582 0.045588 0.027494999999999995
vn -0.936762 -0.263762 0.23001300000000002
vn -0.121113 -0.979143 0.16313000000000005
vn -0.028685 -0.20183599999999993 0.978999
vn -0.596377 0.774027 0.21264299999999994
vn -0.028685 -0.20183599999999993 0.978999
vn -0.028685 -0.20183599999999993 0.978999
vn 0.670505 0.718212 0.18599799999999994
vn -0.265223 0.963795 0.027493999999999942
vn 0.681725 0.731062 0.028288999999999957
vn 0.979948 -0.197346 0.02749500000000001
vn 0.843638 -0.483255 0.23396600000000004
vn -0.121113 -0.979143 0.16313000000000005
vn -0.028685 -0.20183599999999993 0.978999
vn -0.596377 0.774027 0.21264299999999994
vn -0.265223 0.963795 0.027493999999999942
vn -0.998582 0.045588 0.027496999999999997
vn -0.936762 -0.263761 0.23001400000000002
vn -0.121113 -0.979143 0.16313000000000005
vn -0.028686 -0.20183599999999993 0.978999
vn -0.596377 0.774027 0.21264299999999994
vn -0.028686 -0.20183599999999993 0.978999
vn 0.670505 0.718212 0.18599699999999994
vn -0.028686 -0.20183599999999993 0.978999
vn -0.265223 0.963795 0.027493999999999942
vn 0.681725 0.731062 0.028287999999999956
vn 0.979948 -0.197346 0.02749400000000001
vn 0.843638 -0.483255 0.23396500000000003
vn -0.121113 -0.979143 0.16313000000000005
vn -0.028686 -0.20183599999999993 0.978999
vn 0.719104 0.661568 0.21264299999999997
vn 0.937011 0.348215 0.02749599999999998
vn -0.041617 0.998755 0.02749399999999994
vn -0.344401 0.91021 0.23001199999999994
vn -0.985973 0.035313000000000004 0.163129
vn -0.203567 0.010984000000000061 0.978999
vn 0.719104 0.661568 0.21264299999999997
vn -0.203567 0.010984000000000061 0.978999
vn -0.203567 0.010984000000000061 0.978999
vn 0.773917 -0.605357 0.18599800000000002
vn 0.937011 0.348215 0.02749599999999998
vn 0.787695 -0.615415 0.02828900000000004
vn -0.111187 -0.993419 0.02749500000000006
vn -0.407887 -0.882547 0.23396500000000006
vn -0.985973 0.035313000000000004 0.163129
vn -0.203567 0.010984000000000061 0.978999
vn 0.719104 0.661568 0.21264399999999997
vn 0.937012 0.348214 0.02749599999999998
vn -0.041619 0.998755 0.02749799999999994
vn -0.344403 0.910209 0.23001399999999994
vn -0.985972 0.035313000000000004 0.16313
vn -0.203568 0.010984000000000061 0.978999
vn 0.719104 0.661568 0.21264399999999997
vn -0.203568 0.010984000000000061 0.978999
vn -0.203568 0.010984000000000061 0.978999
vn 0.773917 -0.605357 0.18599700000000002
vn 0.937012 0.348214 0.02749599999999998
vn 0.787697 -0.615413 0.02828800000000004
vn -0.111185 -0.993419 0.02749500000000006
vn -0.407888 -0.882546 0.23396600000000006
vn -0.985972 0.035313000000000004 0.16313
vn -0.203568 0.010984000000000061 0.978999
vn 0.596377 -0.774026 0.21264400000000006
vn 0.265223 -0.963795 0.02749600000000006
vn 0.998582 -0.045587 0.027496000000000003
vn 0.936762 0.263762 0.23001299999999997
vn 0.121113 0.979143 0.16312899999999994
vn 0.028686 0.20183600000000004 0.978999
vn 0.596377 -0.774026 0.21264400000000006
vn 0.028686 0.20183600000000004 0.978999
vn 0.028686 0.20183600000000004 0.978999
vn -0.670505 -0.718211 0.18599800000000005
vn 0.265223 -0.963795 0.02749600000000006
vn -0.681726 -0.731061 0.028289000000000047
vn -0.979948 0.197346 0.02749299999999999
vn -0.843639 0.483254 0.23396399999999998
vn 0.121113 0.979143 0.16312899999999994
vn 0.028686 0.20183600000000004 0.978999
vn -0.489413 0.855362 0.16979399999999994
vn -0.977763 -0.207831 0.028034000000000014
vn -0.936882 -0.287545 0.19892400000000002
vn -0.936882 -0.287545 0.19892400000000002
vn -0.086064 0.18398000000000006 0.979155
vn 0.721928 0.666943 0.18440899999999996
vn 0.668867 0.742853 0.028032999999999954
vn 0.840714 -0.503935 0.19811600000000001
vn 0.808693 -0.58755 0.028289000000000036
vn 0.808693 0.58755 0.028290999999999965
vn -0.523994 0.851278 0.02749799999999995
vn -0.16148 0.966918 0.19746799999999995
vn 0.782897 0.570928 0.24721199999999996
vn 0.840714 -0.503935 0.19811600000000001
vn -0.067525 -0.18589799999999995 0.980246
vn -0.067525 -0.18589799999999995 0.980246
vn 0.840714 -0.503935 0.19811600000000001
vn -0.305383 -0.935258 0.17897900000000005
vn 0.808693 -0.58755 0.028289000000000036
vn -0.067525 -0.18589799999999995 0.980246
vn -0.97739 0.08790100000000002 0.192307
vn -0.16148 0.966918 0.19746799999999995
vn -0.9996 -2.999999999998268E-06 0.028289
vn -0.523994 0.851278 0.02749799999999995
vn 0.932487 -0.291977 0.21264300000000003
vn 0.770069 -0.637368 0.027495000000000037
vn 0.694381 0.719052 0.028288999999999957
vn -0.663855 0.747356 0.027495999999999955
vn -0.32693 0.924188 0.19746599999999995
vn 0.671862 0.698203 0.24720999999999996
vn -0.003297 0.01179000000000006 0.999925
vn 0.932487 -0.291977 0.21264300000000003
vn -0.003297 0.01179000000000006 0.999925
vn 0.770069 -0.637368 0.027495000000000037
vn -0.137295 -0.97291 0.18599900000000005
vn -0.139117 -0.989872 0.02829200000000006
vn -0.003297 0.01179000000000006 0.999925
vn -0.91592 -0.400419 0.027496000000000024
vn -0.97835 -0.023659999999999987 0.2056
vn -0.32693 0.924188 0.19746599999999995
vn -0.663855 0.747356 0.027495999999999955
vn 0.970397 1.0000000000147885E-06 0.241514
vn 0.970397 1.4788467352463694E-17 0.241514
vn 0.970397 1.4788467352463694E-17 0.241514
vn 0.970397 1.4788467352463694E-17 0.241514
vn -0.970397 -1.0000000000147885E-06 -0.241514
vn -0.970397 -1.4788467352463694E-17 -0.241514
vn -0.970397 -1.4788467352463694E-17 -0.241514
vn -0.970397 -1.4788467352463694E-17 -0.241514
vn 0.970397 1.0000000000147885E-06 0.241514
vn 0.970397 1.4788467352463694E-17 0.241514
vn 0.970397 1.4788467352463694E-17 0.241514
vn 0.970397 1.4788467352463694E-17 0.241514
vn -0.970397 -1.0000000000147885E-06 -0.241514
vn -0.970397 -1.4788467352463694E-17 -0.241514
vn -0.970397 -1.4788467352463694E-17 -0.241514
vn -0.970397 -1.4788467352463694E-17 -0.241514
vn 0.970397 1.4788467352463694E-17 0.241514
vn 0.970397 1.4788467352463694E-17 0.241514
vn 0.970397 1.4788467352463694E-17 0.241514
vn 0.970397 1.4788467352463694E-17 0.241514
vn -0.970397 -1.4788467352463694E-17 -0.241514
vn -0.970397 -1.4788467352463694E-17 -0.241514
vn -0.970397 -1.4788467352463694E-17 -0.241514
vn -0.970397 -1.4788467352463694E-17 -0.241514
vn 0.986858 -9.894656278390956E-18 -0.161592
vn 0.986858 -9.894656278390956E-18 -0.161592
vn 0.986858 -9.894656278390956E-18 -0.161592
vn 0.986858 -9.894656278390956E-18 -0.161592
vn -0.986858 9.894656278390956E-18 0.161592
vn -0.986858 9.894656278390956E-18 0.161592
vn -0.986858 9.894656278390956E-18 0.161592
vn -0.986858 9.894656278390956E-18 0.161592
vn 0.986858 -9.894656278390956E-18 -0.161592
vn 0.986858 -9.894656278390956E-18 -0.161592
vn 0.986858 -9.894656278390956E-18 -0.161592
vn 0.986858 -9.894656278390956E-18 -0.161592
vn -0.986858 9.894656278390956E-18 0.161592
vn -0.986858 9.894656278390956E-18 0.161592
vn -0.986858 9.894656278390956E-18 0.161592
vn -0.986858 9.894656278390956E-18 0.161592
vn 0 -0.986954 -0.16100099999999995
vn 0 -0.986954 -0.16100099999999995
vn 0 -0.986954 -0.16100099999999995
vn 0 -0.986954 -0.16100099999999995
vn 0 0.986954 0.16100099999999995
vn 0 0.986954 0.16100099999999995
vn 0 0.986954 0.16100099999999995
vn 0 0.986954 0.16100099999999995
vn 0 -0.974488 -0.22444199999999995
vn 0 -0.974487 -0.22444199999999995
vn 0 -0.974487 -0.22444199999999995
vn 0 -0.974487 -0.22444199999999995
vn -0 0.974487 0.22444199999999995
vn -0 0.974487 0.22444199999999995
vn -0 0.974487 0.22444199999999995
vn 0 0.974488 0.22444199999999995
vn 0 -0.973217 -0.22989099999999996
vn 0 -0.973217 -0.22989099999999996
vn 0 -0.973217 -0.22989099999999996
vn 0 -0.973216 -0.22989099999999996
vn -0 0.973216 0.22989099999999996
vn -0 0.973217 0.22989099999999996
vn -0 0.973217 0.22989099999999996
vn 0 0.973216 0.22989099999999996
vn 0 -0.986954 -0.16100099999999995
vn 0 -0.986954 -0.16100099999999995
vn 0 -0.986954 -0.16100099999999995
vn 0 -0.986954 -0.16100099999999995
vn 0 -0.986508 -0.16371199999999994
vn -0 -0.986508 -0.16371199999999994
vn -0 -0.986508 -0.16371199999999994
vn -0 -0.986508 -0.16371199999999994
vn 0 0.986954 0.16100099999999995
vn 0 0.986954 0.16100099999999995
vn 0 0.986954 0.16100099999999995
vn 0 0.986954 0.16100099999999995
vn 0 0.986508 0.16371199999999994
vn 0 0.986508 0.16371199999999994
vn 0 0.986508 0.16371199999999994
vn 0 0.986508 0.16371199999999994
vn 0 0.986954 0.16100099999999995
vn 0 0.986954 0.16100099999999995
vn 0 0.986954 0.16100099999999995
vn 0 0.986954 0.16100099999999995
vn 0 0.986947 -0.16104300000000005
vn 0 0.986947 -0.16104200000000005
vn 0 0.986947 -0.16104300000000005
vn 0 0.986947 -0.16104300000000005
vn 0 -0.986947 0.16104200000000005
vn 0 -0.986947 0.16104200000000005
vn 0 -0.986947 0.16104200000000005
vn 0 -0.986947 0.16104300000000005
vn 0 -0.986501 0.16375400000000007
vn 0 -0.986501 0.16375400000000007
vn 0 -0.986501 0.16375400000000007
vn 0 -0.986501 0.16375400000000007
vn 0.970397 1.0000000000147885E-06 0.241514
vn 0.970397 1.4788467352463694E-17 0.241514
vn 0.970397 1.4788467352463694E-17 0.241514
vn 0.970397 1.4788467352463694E-17 0.241514
vn -0.970397 -1.0000000000147885E-06 -0.241514
vn -0.970397 -1.4788467352463694E-17 -0.241514
vn -0.970397 -1.4788467352463694E-17 -0.241514
vn -0.970397 -1.4788467352463694E-17 -0.241514
vn 0 -0.986954 -0.16100099999999995
vn 0 -0.986954 -0.16100099999999995
vn 0 -0.986954 -0.16100099999999995
vn 0 -0.986954 -0.16100099999999995
vn 0 0.986508 0.16371199999999994
vn 0 0.986508 0.16371199999999994
vn 0 0.986508 0.16371199999999994
vn 0 0.986508 0.16371199999999994
vn 0.986857 9.895084904770656E-18 0.161599
vn 0.986857 9.895084904770656E-18 0.161599
vn 0.986857 9.895084904770656E-18 0.161599
vn 0.986857 9.895084904770656E-18 0.161599
vn -0.986857 -9.895084904770656E-18 -0.161599
vn -0.986857 -9.895084904770656E-18 -0.161599
vn -0.986857 -9.895084904770656E-18 -0.161599
vn -0.986857 -9.895084904770656E-18 -0.161599
vn 0.986857 9.895084904770656E-18 0.161599
vn 0.986857 9.895084904770656E-18 0.161599
vn 0.986857 9.895084904770656E-18 0.161599
vn 0.986857 9.895023672430699E-18 0.161598
vn -0.986857 -9.895084904770656E-18 -0.161599
vn -0.986857 -9.895023672430699E-18 -0.161598
vn -0.986857 -9.895084904770656E-18 -0.161599
vn -0.986857 -9.895084904770656E-18 -0.161599
vn 0.986858 -9.894656278390956E-18 -0.161592
vn 0.986858 -9.894656278390956E-18 -0.161592
vn 0.986858 -9.894656278390956E-18 -0.161592
vn 0.986858 -9.894656278390956E-18 -0.161592
vn -0.986858 9.894656278390956E-18 0.161592
vn -0.986858 9.894656278390956E-18 0.161592
vn -0.986858 9.894656278390956E-18 0.161592
vn -0.986858 9.894656278390956E-18 0.161592
vn 0.986858 -9.894656278390956E-18 -0.161592
vn 0.986858 -9.894656278390956E-18 -0.161592
vn 0.986858 -9.894656278390956E-18 -0.161592
vn 0.986858 -9.894656278390956E-18 -0.161592
vn -0.986858 9.894656278390956E-18 0.161592
vn -0.986858 9.894656278390956E-18 0.161592
vn -0.986858 9.894656278390956E-18 0.161592
vn -0.986858 9.894656278390956E-18 0.161592
vn 0 0.986948 -0.16104200000000005
vn 0 0.986948 -0.16104200000000005
vn 0 0.986948 -0.16104200000000005
vn 0 0.986948 -0.16104200000000005
vn 0 -0.986948 0.16104200000000005
vn 0 -0.986948 0.16104200000000005
vn 0 -0.986948 0.16104200000000005
vn 0 -0.986948 0.16104200000000005
vn 0 0.974487 -0.22444200000000006
vn 0 0.974487 -0.22444200000000006
vn 0 0.974487 -0.22444200000000006
vn 0 0.974487 -0.22444200000000006
vn -0 -0.974488 0.22444200000000006
vn 0 -0.974488 0.22444200000000006
vn -0 -0.974488 0.22444200000000006
vn -0 -0.974487 0.22444200000000006
vn 0 0.973216 -0.22989300000000004
vn 0 0.973216 -0.22989300000000004
vn 0 0.973216 -0.22989300000000004
vn 0 0.973216 -0.22989300000000004
vn -0 -0.973216 0.22989300000000004
vn 0 -0.973216 0.22989300000000004
vn -0 -0.973216 0.22989300000000004
vn -0 -0.973216 0.22989300000000004
vn 0 0.986501 -0.16375400000000007
vn 0 0.986501 -0.16375400000000007
vn 0 0.986501 -0.16375400000000007
vn 0 0.986501 -0.16375400000000007
vn 0 0.986948 -0.16104200000000005
vn 0 0.986948 -0.16104200000000005
vn 0 0.986948 -0.16104200000000005
vn 0 0.986948 -0.16104200000000005
vn 0 0.986501 -0.16375400000000007
vn 0 0.986501 -0.16375400000000007
vn 0 0.986501 -0.16375400000000007
vn 0 0.986501 -0.16375400000000007
vn 0 -0.986948 0.16104200000000005
vn 0 -0.986948 0.16104200000000005
vn 0 -0.986948 0.16104200000000005
vn 0 -0.986948 0.16104200000000005
vn 0 -0.986501 0.16375400000000007
vn 0 -0.986501 0.16375400000000007
vn 0 -0.986501 0.16375400000000007
vn 0 -0.986501 0.16375400000000007
vn 0.986857 9.895084904770656E-18 0.161599
vn 0.986857 9.895084904770656E-18 0.161599
vn 0.986857 9.895084904770656E-18 0.161599
vn 0.986857 9.895084904770656E-18 0.161599
vn -0.986857 -9.895084904770656E-18 -0.161599
vn -0.986857 -9.895084904770656E-18 -0.161599
vn -0.986857 -9.895084904770656E-18 -0.161599
vn -0.986857 -9.895084904770656E-18 -0.161599
vn 0 1 -6.123233995736766E-17
vn 1E-06 1 -6.123233995736766E-17
vn 0 1 -6.123233995736766E-17
vn 0 1 -6.123233995736766E-17
vn 0 -1 6.123233995736766E-17
vn 0 -1 6.123233995736766E-17
vn 0 -1 6.123233995736766E-17
vn 0 -1 6.123233995736766E-17
vn 1E-06 0.805361 0.592785
vn 0 0.805361 0.592785
vn 1E-06 0.805361 0.592785
vn 2E-06 0.805361 0.592785
vn -0.9731 -1.4106890176398233E-17 -0.230383
vn -0.9731 -1.4106890176398233E-17 -0.230383
vn -0.9731 -1.4106890176398233E-17 -0.230383
vn -0.9731 -1.4106890176398233E-17 -0.230383
vn -0 0.98987 0.14197599999999994
vn -0 1 -6.123233995736766E-17
vn -0 1 -6.123233995736766E-17
vn 0.007454 0.959413 0.28190699999999996
vn 0.001909 -0.999998 0.0005420000000000612
vn -0.000275 -0.999999 0.0012480000000000611
vn 0.001909 -0.999998 0.0005420000000000612
vn 0.004092 -0.999992 -0.00016399999999993877
vn -0 -1 6.123233995736766E-17
vn 0 -1 6.123233995736766E-17
vn -0 -0.98987 0.14197600000000005
vn 0.007454 -0.959415 0.28189900000000007
vn -0.699635 -0.702921 -0.12811399999999995
vn -0.701436 -0.701438 -0.12638099999999994
vn -0.699635 -0.702921 -0.12811399999999995
vn -0.697828 -0.704397 -0.12984599999999993
vn 0.699729 0.703016 0.12707399999999994
vn 0.699729 0.703016 0.12707399999999994
vn 0.701215 0.701218 0.12880799999999995
vn 0.698236 0.704809 0.12533899999999995
vn -0.254443 -0.958564 -0.12811399999999995
vn -0.256744 -0.958181 -0.12638099999999994
vn -0.254443 -0.958564 -0.12811399999999995
vn -0.25214 -0.95894 -0.12984599999999993
vn 0.254476 0.958694 0.12707399999999994
vn 0.254476 0.958694 0.12707399999999994
vn 0.256663 0.957879 0.12880899999999995
vn 0.252287 0.959501 0.12533899999999995
vn 0.258928 -0.957363 -0.12811399999999995
vn 0.256743 -0.958181 -0.12637999999999994
vn 0.258928 -0.957363 -0.12811399999999995
vn 0.261111 -0.956536 -0.12984699999999993
vn -0.258964 0.957492 0.12707399999999994
vn -0.258964 0.957492 0.12707399999999994
vn -0.256662 0.957879 0.12880899999999995
vn -0.261264 0.957095 0.12533799999999995
vn 0.702921 -0.699635 -0.12811399999999995
vn 0.701437 -0.701437 -0.12637999999999994
vn 0.702921 -0.699635 -0.12811399999999995
vn 0.704398 -0.697827 -0.12984699999999993
vn -0.703016 0.699729 0.12707399999999994
vn -0.703016 0.699729 0.12707399999999994
vn -0.701216 0.701216 0.12880899999999995
vn -0.70481 0.698236 0.12533799999999995
vn 0.958564 -0.254443 -0.12811299999999998
vn 0.958181 -0.256745 -0.12637999999999996
vn 0.958564 -0.254443 -0.12811299999999998
vn 0.95894 -0.252139 -0.12984599999999996
vn -0.958694 0.254477 0.12707299999999996
vn -0.958694 0.254477 0.12707299999999996
vn -0.957879 0.256664 0.12880799999999998
vn -0.959501 0.252287 0.12533699999999998
vn 0.957362 0.258929 -0.12811300000000003
vn 0.958181 0.256744 -0.12637900000000002
vn 0.957362 0.258929 -0.12811300000000003
vn 0.956535 0.261113 -0.12984700000000002
vn -0.957491 -0.258965 0.12707300000000002
vn -0.957491 -0.258965 0.12707300000000002
vn -0.957879 -0.256663 0.12880800000000003
vn -0.957095 -0.261266 0.12533700000000003
vn -0.957362 -0.258931 -0.12811399999999998
vn -0.958181 -0.256745 -0.12637999999999996
vn -0.957362 -0.258931 -0.12811399999999998
vn -0.956535 -0.261115 -0.12984799999999996
vn 0.957491 0.258967 0.12707399999999996
vn 0.957491 0.258967 0.12707399999999996
vn 0.957879 0.256664 0.12880999999999998
vn 0.957094 0.261267 0.12533799999999998
vn -0.958564 0.254445 -0.12811300000000003
vn -0.958564 0.254445 -0.12811300000000003
vn -0.958181 0.256745 -0.12638000000000002
vn -0.958939 0.252143 -0.12984500000000002
vn 0.957879 -0.256665 0.12880700000000003
vn 0.958693 -0.254478 0.12707400000000002
vn 0.958693 -0.254478 0.12707400000000002
vn 0.9595 -0.25229 0.12533900000000003
vn -0.70292 0.699636 -0.12811300000000006
vn -0.701437 0.701437 -0.12638000000000005
vn -0.70292 0.699636 -0.12811300000000006
vn -0.704397 0.697829 -0.12984500000000004
vn 0.703016 -0.69973 0.12707400000000005
vn 0.703016 -0.69973 0.12707400000000005
vn 0.701217 -0.701216 0.12880800000000006
vn 0.704809 -0.698237 0.12533800000000006
vn -0.258928 0.957363 -0.12811400000000006
vn -0.256744 0.958181 -0.12638100000000005
vn -0.258928 0.957363 -0.12811400000000006
vn -0.26111 0.956536 -0.12984500000000004
vn 0.258964 -0.957491 0.12707400000000005
vn 0.258964 -0.957491 0.12707400000000005
vn 0.256664 -0.957879 0.12880800000000006
vn 0.261262 -0.957096 0.12534000000000006
vn 0.254443 0.958564 -0.12811400000000006
vn 0.256744 0.958181 -0.12638100000000005
vn 0.254443 0.958564 -0.12811400000000006
vn 0.25214 0.95894 -0.12984600000000004
vn -0.254476 -0.958694 0.12707500000000005
vn -0.254476 -0.958694 0.12707500000000005
vn -0.256663 -0.957879 0.12880900000000006
vn -0.252287 -0.959501 0.12533900000000006
vn 0.699637 0.702919 -0.12811300000000006
vn 0.701437 0.701437 -0.12638100000000005
vn 0.699637 0.702919 -0.12811300000000006
vn 0.69783 0.704396 -0.12984500000000004
vn -0.69973 -0.703015 0.12707400000000005
vn -0.69973 -0.703015 0.12707400000000005
vn -0.701216 -0.701216 0.12880800000000006
vn -0.698238 -0.704808 0.12533900000000006
vn -1 0 -0
vn -1 -0 0
vn -1 0 -0
vn -1 0 -0
vn -0.715573 0.007825000000000044 0.698494
vn -0.719407 0.015650000000000042 0.694412
vn -0.638027 0.45281400000000005 0.622801
vn -0.503228 0.707106 0.49675199999999997
vn -0.978632 -0.130415 0.158971
vn -0.645055 -0.690652 0.32696100000000006
vn -0.286977 -0.526589 0.800218
vn 0.578573 -0.781184 0.23453300000000005
vn 0.957385 0.182052 0.224212
vn -0.286977 -0.526589 0.800218
vn 0.981021 0.190691 0.03513899999999998
vn 0.120807 0.976527 0.17832599999999996
vn -0.286977 -0.526589 0.800218
vn 4E-06 0.984231 0.17688799999999993
vn 6E-06 7.000000000061232E-06 1
vn 0.984231 5.000000000010831E-06 0.176887
vn 1.1E-05 1.1999999999938768E-05 -1
vn 6E-06 7.000000000061232E-06 1
vn 4E-06 -0.984231 0.17688800000000005
vn 0.984231 5.000000000010831E-06 0.176887
vn 1.1E-05 1.1999999999938768E-05 -1
vn 6E-06 -6.999999999938768E-06 1
vn 4E-06 -0.984231 0.17688800000000005
vn 0.984231 -4.999999999989169E-06 0.176887
vn 1.1E-05 -1.2000000000061232E-05 -1
vn 4E-06 0.984231 0.17688799999999993
vn 6E-06 -6.999999999938768E-06 1
vn 0.984231 -4.999999999989169E-06 0.176887
vn 1.1E-05 -1.2000000000061232E-05 -1
vn -0.324538 0.898032 -0.2970090000000001
vn 0.679756 -0.44775599999999993 0.580902
vn 0.951127 -0.14997600000000003 -0.269935
vn 0.100296 -0.05241200000000006 -0.993576
vn -0.855352 0.513937 0.06513199999999997
vn -0.028842 -0.07651599999999995 0.996651
vn 0.865857 0.49537 0.07000699999999997
vn -0.034938 -0.10797700000000006 -0.993539
vn -0.857781 0.507994 0.07844199999999997
vn -0.034667 -0.036521999999999936 0.998731
vn 0.858543 0.505586 0.08535999999999998
vn -0.04077 -0.06327200000000005 -0.997163
vn -0.858573 0.512648 0.006606999999999969
vn -0.006415 -0.10123999999999994 0.994842
vn 0.879283 0.476253 0.006672999999999971
vn -0.00654 -0.10425700000000006 -0.994529
vn 0.679756 -0.44775599999999993 0.580902
vn -0.324538 0.898032 -0.2970090000000001
vn -0.568935 -0.763071 -0.3066519999999999
vn 0.100296 -0.05241200000000006 -0.993576
vn 0.679756 -0.44775599999999993 0.580902
vn -0.568935 -0.763071 -0.3066519999999999
vn 0.951127 -0.14997600000000003 -0.269935
vn 0.100296 -0.05241200000000006 -0.993576
vn -0.028842 -0.07651599999999995 0.996651
vn -0.855352 0.513937 0.06513199999999997
vn -0.029539 -0.997791 0.05950700000000006
vn -0.034938 -0.10797700000000006 -0.993539
vn -0.028842 -0.07651599999999995 0.996651
vn -0.029539 -0.997791 0.05950700000000006
vn 0.865857 0.49537 0.07000699999999997
vn -0.034938 -0.10797700000000006 -0.993539
vn -0.034667 -0.036521999999999936 0.998731
vn -0.857781 0.507994 0.07844199999999997
vn -0.032791 -0.996326 0.07911500000000006
vn -0.04077 -0.06327200000000005 -0.997163
vn -0.034667 -0.036521999999999936 0.998731
vn -0.032791 -0.996326 0.07911500000000006
vn 0.858543 0.505586 0.08535999999999998
vn -0.04077 -0.06327200000000005 -0.997163
vn -0.006415 -0.10123999999999994 0.994842
vn -0.858573 0.512648 0.006606999999999969
vn -0.02425 -0.999689 0.0057440000000000616
vn -0.00654 -0.10425700000000006 -0.994529
vn -0.006415 -0.10123999999999994 0.994842
vn -0.02425 -0.999689 0.0057440000000000616
vn 0.879283 0.476253 0.006672999999999971
vn -0.00654 -0.10425700000000006 -0.994529
vn -0.999999 -0.000998 0.00033200000000000005
vn -1 -0 0
vn -0.999999 -0.000998 0.00033200000000000005
vn -0.999998 -0.001996 0.0006640000000000001
vn -1 -0.000123 -4.0999999999999994E-05
vn -1 -5.021051876504148E-21 -8.2E-05
vn -1 -0.000123 -4.0999999999999994E-05
vn -1 -0.000247 1.5124387969469812E-20
vn 3.7E-05 1.3000000000061231E-05 1
vn 9E-06 -3.099999999993877E-05 1
vn -1E-06 -8.699999999993877E-05 1
vn -0 -5.499999999993877E-05 1
vn -0 1.7000000000061234E-05 1
vn 9E-06 -3.099999999993877E-05 1
vn 2.5E-05 0.00010400000000006122 1
vn 0 0.00010300000000006123 1
vn -2.6E-05 -0.00012899999999993876 1
vn -1E-06 -8.699999999993877E-05 1
vn 9E-06 -3.099999999993877E-05 1
vn -0 1.7000000000061234E-05 1
vn 1E-06 -0.805361 0.592785
vn 2E-06 -0.805361 0.592785
vn 1E-06 -0.805361 0.592785
vn 0 -0.805361 0.592785
vn -7E-06 -1 0.00014200000000006124
vn -1.1E-05 -1 0.00014200000000006124
vn -7E-06 -1 0.00014200000000006124
vn -4E-06 -1 0.00014100000000006124
vn -2E-06 6.123233995736766E-17 1
vn -2E-06 6.123233995736766E-17 1
vn -2E-06 6.123233995736766E-17 1
vn -2E-06 6.123233995736766E-17 1
vn -7E-06 1 0.00014199999999993878
vn -4E-06 1 0.00014099999999993878
vn -7E-06 1 0.00014199999999993878
vn -1.1E-05 1 0.00014199999999993878
vn -2E-06 6.123233995736766E-17 1
vn -2E-06 6.123233995736766E-17 1
vn -2E-06 6.123233995736766E-17 1
vn -2E-06 6.123233995736766E-17 1
vn -1 0 0
vn -1 0 0
vn -1 0 0
vn -1 0 0
vn 0 -0.828943 0.559334
vn 1E-06 -0.828942 0.559334
vn 0 -0.828943 0.559334
vn 0 -0.828943 0.559333
vn -1E-06 -1 6.123233995736766E-17
vn -1E-06 -1 6.123233995736766E-17
vn -1E-06 -1 6.123233995736766E-17
vn -1E-06 -1 6.123233995736766E-17
vn 1E-05 -0.860973 -0.50865
vn 1.5E-05 -0.860974 -0.508649
vn 1E-05 -0.860973 -0.50865
vn 5E-06 -0.860973 -0.508651
vn -9E-06 -0.860973 -0.508651
vn -1.5E-05 -0.860972 -0.508652
vn -9E-06 -0.860973 -0.508651
vn -4E-06 -0.860974 -0.50865
vn 0.988728 -0.14972 9.167705938417086E-18
vn 0.988728 -0.14972 9.167705938417086E-18
vn 0.988728 -0.14972 9.167705938417086E-18
vn 0.988728 -0.14972 9.167705938417086E-18
vn -0.988729 -0.149719 9.167644706077127E-18
vn -0.988729 -0.149719 9.167644706077127E-18
vn -0.988729 -0.149719 9.167644706077127E-18
vn -0.988729 -0.149718 9.16758347373717E-18
vn -0.640266 -0.44134799999999996 0.628706
vn -0.496505 0.711789 0.49682899999999997
vn -0.635174 0.45252400000000004 0.62592
vn -0.507456 -0.707106 0.49243300000000007
vn -0 -1 1.0000000000612324E-06
vn -0 -1 1.0000000000612324E-06
vn -0 -1 1.0000000000612324E-06
vn -0 -1 1.0000000000612324E-06
vn -0.982403 1.1436731527877302E-17 0.186776
vn -0.982403 1.1436731527877302E-17 0.186776
vn -0.982403 1.1436731527877302E-17 0.186776
vn -0.982403 1.1436731527877302E-17 0.186776
vn -0 -0.966511 0.25662500000000005
vn -0 -0.966511 0.2566240000000001
vn -0 -0.966511 0.25662500000000005
vn 0 -0.966511 0.2566260000000001
vn 0.986704 9.952153445610924E-18 0.162531
vn 0.986704 9.952153445610924E-18 0.162531
vn 0.986704 9.952153445610924E-18 0.162531
vn 0.986704 9.952092213270967E-18 0.16253
vn -0.000984 0.0008120000000000613 0.999999
vn -0.000985 0.0008130000000000613 0.999999
vn -0.001969 1.0000000000612322E-06 0.999998
vn -0.001968 1.0000000000612322E-06 0.999998
vn -0.000984 0.0008120000000000613 0.999999
vn 0.001312 0.0005420000000000612 0.999999
vn 0.000656 0.0010830000000000611 0.999999
vn -0.000985 0.0008130000000000613 0.999999
vn 0.001312 0.0005420000000000612 0.999999
vn 0.001968 1.0000000000612322E-06 0.999998
vn 0.001968 1.0000000000612322E-06 0.999998
vn 0.000656 0.0010830000000000611 0.999999
vn -1 0 0
vn -1 0 0
vn -1 0 0
vn -0.447214 0.632456 -0.632455
vn 0 -1 6.123233995736766E-17
vn 0 -1 6.123233995736766E-17
vn 0 -1 6.123233995736766E-17
vn 0 -1 6.123233995736766E-17
vn 0.894427 0.316228 -0.316228
vn 1 0 0
vn 1 0 0
vn 1 0 0
vn 1 -0 0
vn 1 -0 0
vn 1 -0 0
vn 1 0 0
vn -1 0 0
vn -1 0 0
vn -1 0 0
vn -1 0 0
vn 0 0.828943 0.559334
vn 1E-06 0.828942 0.559334
vn 0 0.828943 0.559334
vn 0 0.828943 0.559333
vn -1E-06 1 -6.123233995736766E-17
vn -1E-06 1 -6.123233995736766E-17
vn -1E-06 1 -6.123233995736766E-17
vn -1E-06 1 -6.123233995736766E-17
vn 1E-05 0.860973 -0.50865
vn 1.5E-05 0.860974 -0.508649
vn 1E-05 0.860973 -0.50865
vn 5E-06 0.860973 -0.508651
vn -9E-06 0.860973 -0.508651
vn -1.5E-05 0.860972 -0.508652
vn -9E-06 0.860973 -0.508651
vn -4E-06 0.860974 -0.50865
vn 0.988728 0.14972 -9.167705938417086E-18
vn 0.988728 0.14972 -9.167705938417086E-18
vn 0.988728 0.14972 -9.167705938417086E-18
vn 0.988728 0.14972 -9.167705938417086E-18
vn -0.988729 0.149719 -9.167644706077127E-18
vn -0.988729 0.149718 -9.16758347373717E-18
vn -0.988729 0.149719 -9.167644706077127E-18
vn -0.988729 0.149719 -9.167644706077127E-18
vn -0 1 9.999999999387675E-07
vn -0 1 9.999999999387675E-07
vn -0 1 9.999999999387675E-07
vn -0 1 9.999999999387675E-07
vn -0.982403 1.1436731527877302E-17 0.186776
vn -0.982403 1.1436731527877302E-17 0.186776
vn -0.982403 1.1436731527877302E-17 0.186776
vn -0.982403 1.1436731527877302E-17 0.186776
vn -0 0.966511 0.25662499999999994
vn 0 0.966511 0.25662599999999997
vn -0 0.966511 0.25662499999999994
vn -0 0.966511 0.25662399999999996
vn 0.986704 9.952153445610924E-18 0.162531
vn 0.986704 9.952092213270967E-18 0.16253
vn 0.986704 9.952153445610924E-18 0.162531
vn 0.986704 9.952153445610924E-18 0.162531
vn -0.000984 -0.0008119999999999387 0.999999
vn -0.001968 -9.999999999387677E-07 0.999998
vn -0.001969 -9.999999999387677E-07 0.999998
vn -0.000985 -0.0008129999999999388 0.999999
vn -0.000984 -0.0008119999999999387 0.999999
vn -0.000985 -0.0008129999999999388 0.999999
vn 0.000656 -0.0010829999999999388 0.999999
vn 0.001312 -0.0005419999999999387 0.999999
vn 0.001312 -0.0005419999999999387 0.999999
vn 0.000656 -0.0010829999999999388 0.999999
vn 0.001968 -9.999999999387677E-07 0.999998
vn 0.001968 -9.999999999387677E-07 0.999998
vn -1 0 0
vn -1 0 0
vn -1 0 0
vn -1 0 0
vn 0 1 -6.123233995736766E-17
vn 0 1 -6.123233995736766E-17
vn 0 1 -6.123233995736766E-17
vn 0 1 -6.123233995736766E-17
vn 1 0 0
vn 1 0 0
vn 1 0 0
vn 1 0 0
vn 1 0 -0
vn 1 0 0
vn 1 0 -0
vn 1 0 -0
vn 3.7E-05 1.3000000000061231E-05 1
vn 5.2E-05 0.00010600000000006123 1
vn 2.5E-05 0.00010400000000006122 1
vn 9E-06 -3.099999999993877E-05 1
vn 0.173597 -0.984817 -7.699999999993969E-05
vn -0.173765 0.984787 7.69999999999397E-05
vn 0.173734 -0.984793 -0.00013899999999993968
vn -0.173613 0.984814 0.00013899999999993968
vn -0.173613 0.984814 0.00013899999999993968
vn 0.173734 -0.984793 -0.00013899999999993968
vn -0.173765 0.984787 7.69999999999397E-05
vn 0.173597 -0.984817 -7.699999999993969E-05
vn 0.999377 0.035285 -2.1605831153957177E-18
vn 0.999377 0.035285 -2.1605831153957177E-18
vn 0.999377 0.035285 -2.1605831153957177E-18
vn 0.999377 0.035285 -2.1605831153957177E-18
vn 0.669482 4.548515785819146E-17 0.742829
vn 0.669483 4.5485096625851505E-17 0.742828
vn 0.669482 4.548515785819146E-17 0.742829
vn 0.66948 1.0000000000454852E-06 0.74283
vn 0 -0.66948 0.74283
vn 0 -0.669482 0.742829
vn 0 -0.66948 0.74283
vn -0 -0.669479 0.742831
vn -0.66948 4.548521909053142E-17 0.74283
vn -0.669478 4.5485280322871376E-17 0.742831
vn -0.66948 4.548521909053142E-17 0.74283
vn -0.669481 4.548515785819146E-17 0.742829
vn 0 0.669481 0.742829
vn 0 0.669483 0.742828
vn 0 0.669481 0.742829
vn 1E-06 0.66948 0.74283
vn 1E-06 -0.950034 -0.31214699999999995
vn 3E-06 -0.950032 -0.31215299999999996
vn 1E-06 -0.950034 -0.31214699999999995
vn -1E-06 -0.950036 -0.3121399999999999
vn 0 -0.944924 0.3272900000000001
vn 0 -0.944924 0.3272900000000001
vn 0 -0.944924 0.3272900000000001
vn 0 -0.944924 0.3272900000000001
vn 1 0 0
vn 1 0 0
vn -1 0 0
vn 1 0 0
vn 0.669482 -9.99999999954515E-07 0.742828
vn 0.669482 -9.999999999545147E-07 0.742829
vn 0.669482 -9.99999999954515E-07 0.742828
vn 0.669483 4.5485096625851505E-17 0.742828
vn -0 0.669481 0.742829
vn -0 0.669481 0.742829
vn -0 0.669481 0.742829
vn 0 0.669481 0.742829
vn -0.669479 4.5485280322871376E-17 0.742831
vn -0.669479 4.5485280322871376E-17 0.742831
vn -0.669479 4.5485280322871376E-17 0.742831
vn -0.669479 4.5485280322871376E-17 0.742831
vn 0 -0.66948 0.74283
vn 1E-06 -0.669476 0.742833
vn 0 -0.66948 0.74283
vn -1E-06 -0.669483 0.742827
vn 0.415471 -0.20773399999999995 0.885568
vn 0.262744 0.525483 0.809218
vn -0.415465 0.20773300000000006 0.885571
vn -0.262738 -0.525483 0.809219
vn 1E-06 0.950034 -0.31214700000000006
vn -1E-06 0.950036 -0.31214000000000003
vn 1E-06 0.950034 -0.31214700000000006
vn 3E-06 0.950032 -0.31215300000000007
vn -2E-06 0.944924 0.32728899999999994
vn 0 0.944924 0.32728899999999994
vn -2E-06 0.944924 0.32728899999999994
vn -3E-06 0.944924 0.32728899999999994
vn 0 0.707107 -0.707107
vn 0 0.707107 -0.707107
vn -0.447214 0.632456 -0.632455
vn 0.894427 0.316228 -0.316228
vn 0.591473 4.9373166516124474E-17 0.806325
vn 0.591473 4.9373166516124474E-17 0.806325
vn 0.591473 4.9373166516124474E-17 0.806325
vn 0.591473 4.9373166516124474E-17 0.806325
vn 2E-06 1 -6.123233995736766E-17
vn 2E-06 1 -6.123233995736766E-17
vn 2E-06 1 -6.123233995736766E-17
vn 3E-06 1 -6.123233995736766E-17
vn 0 2.0000000000612323E-06 1
vn 0 3.0000000000612325E-06 1
vn -0 1.0000000000612324E-06 1
vn -3E-06 6.123233995736766E-17 1
vn 1 -2E-06 1.2246467991473532E-22
vn 1 -2E-06 1.2246467991473532E-22
vn 1 -2E-06 1.2246467991473532E-22
vn 1 -2E-06 1.2246467991473532E-22
vn 0.001467 -0.999999 6.12322787250277E-17
vn 0.001467 -0.999999 6.12322787250277E-17
vn 0.001467 -0.999999 6.12322787250277E-17
vn 0.001467 -0.999999 6.12322787250277E-17
vn -2.5E-05 -2.9999999999387676E-06 1
vn 0 6.123233995736766E-17 1
vn -2.5E-05 -2.9999999999387676E-06 1
vn -5E-05 -5.999999999938768E-06 1
vn 0 0.599916 0.800063
vn 0 0.959941 0.28020199999999995
vn 0 0.959941 0.28020199999999995
vn 0 0.599916 0.800063
vn 1 0.000753 -4.610795198789785E-20
vn 1 0.000753 -4.610795198789785E-20
vn 1 0.000753 -4.610795198789785E-20
vn 1 0.000753 -4.610795198789785E-20
vn -0 -1 6.123233995736766E-17
vn -0 -1 6.123233995736766E-17
vn -0 -1 6.123233995736766E-17
vn 0 -1 6.123233995736766E-17
vn -1E-06 -9.999999999387675E-07 1
vn -1E-06 -9.999999999387675E-07 1
vn -0 -9.999999999387675E-07 1
vn 0 6.123233995736766E-17 1
vn 0 1 -6.123233995736766E-17
vn 0 1 -6.123233995736766E-17
vn 0 1 -6.123233995736766E-17
vn 0 1 -6.123233995736766E-17
vn 0 1 -6.123233995736766E-17
vn 0 1 -6.123233995736766E-17
vn -0.133238 0.987719 0.08160099999999995
vn 0 1 -6.123233995736766E-17
vn 0.025146 -0.778054 0.627694
vn -0.380013 -0.37777399999999994 0.844321
vn 0.007454 -0.959415 0.28189900000000007
vn -0 -0.98987 0.14197600000000005
vn -0.998086 0.048769 0.038039
vn -0.992349 0.097351 0.075933
vn -0.998086 0.048769 0.038039
vn -1 0 0
vn -0 0.057625000000000065 0.998338
vn -0.027826 0.029786000000000062 0.999169
vn -0.013912 0.029308000000000063 0.999474
vn -0 0.057625000000000065 0.998338
vn -1E-06 6.123233995736766E-17 1
vn -1E-06 1.0000000000612324E-06 1
vn -1E-06 -9.999999999387675E-07 1
vn -1E-06 -9.999999999387675E-07 1
vn -0.000119 -1 6.123233995736766E-17
vn -0.000119 -1 6.123233995736766E-17
vn -0.000119 -1 6.123233995736766E-17
vn -0.000119 -1 6.123233995736766E-17
vn -0.293934 0.0009070000000000586 0.955825
vn -0.301698 0.0018150000000000583 0.953402
vn -0.293934 0.0009070000000000586 0.955825
vn -0.286151 5.867190966205033E-17 0.958185
vn 1 0 0
vn 1 0 0
vn 1 0 0
vn 1 0 0
vn 0 1 -6.123233995736766E-17
vn 0 1 -6.123233995736766E-17
vn 0 1 -6.123233995736766E-17
vn 0 1 -6.123233995736766E-17
vn -1E-06 6.123233995736766E-17 1
vn 0 6.123233995736766E-17 1
vn -0 1.0000000000612324E-06 1
vn -1E-06 1.0000000000612324E-06 1
vn 0 -1 6.123233995736766E-17
vn 0 -1 6.123233995736766E-17
vn 0 -1 6.123233995736766E-17
vn 0 -1 6.123233995736766E-17
vn 0 -1 6.123233995736766E-17
vn 0 -1 6.123233995736766E-17
vn -0.133238 -0.987719 0.08160100000000006
vn 0 -1 6.123233995736766E-17
vn 0.002192 -3.999999999938768E-06 0.999998
vn 0.002306 -8.999999999938768E-06 0.999997
vn 0.002192 -3.999999999938768E-06 0.999998
vn 0.002078 6.123221749268775E-17 0.999998
vn 0.002355 6.123215626034779E-17 0.999997
vn 0.002355 6.123215626034779E-17 0.999997
vn 0.002355 6.123215626034779E-17 0.999997
vn 0.002355 6.123215626034779E-17 0.999997
vn -0.967893 -1.5391605901043763E-17 -0.251364
vn -0.967893 -1.5391605901043763E-17 -0.251364
vn -0.967893 -1.5391605901043763E-17 -0.251364
vn -0.967893 -1.5391605901043763E-17 -0.251364
vn -0.018543 0.0006340000000000613 0.999828
vn 0 6.123233995736766E-17 1
vn -0.013912 0.029308000000000063 0.999474
vn -0.027826 0.029786000000000062 0.999169
vn 0 0.599916 0.800063
vn 0 0.599916 0.800063
vn 0 6.123233995736766E-17 1
vn 0 6.123233995736766E-17 1
vn 0 6.123233995736766E-17 1
vn 0 6.123233995736766E-17 1
vn 0 6.123233995736766E-17 1
vn -0.018543 0.0006340000000000613 0.999828
vn 0.701796 -0.589311 0.40024300000000007
vn 0.902827 -0.15598299999999998 0.400716
vn 0.625793 -0.20713799999999993 0.751982
vn 0.437813 -0.49229399999999995 0.752308
vn -0 6.123233995736766E-17 1
vn 0.902827 -0.15598299999999998 0.400716
vn 0.89579 0.297607 0.330136
vn 0.64673 0.17329100000000006 0.742772
vn 0.625793 -0.20713799999999993 0.751982
vn -0 6.123233995736766E-17 1
vn 0.63332 0.31040399999999996 -0.708912
vn 0.63332 0.31040399999999996 -0.708911
vn 0.662316 0.10820499999999995 -0.74137
vn 0.662316 -0.10820500000000004 -0.74137
vn 0.449195 -0.45379700000000006 -0.769606
vn 0.224597 -0.577354 -0.784995
vn 0 -0.65881 -0.752309
vn 0 -0.65881 -0.752309
vn 0.897947 0.440103 -2.6948536512257382E-17
vn 0.897947 0.440103 -2.6948536512257382E-17
vn 0.986916 0.161236 -9.872857565366131E-18
vn 0.986916 -0.161236 9.872857565366131E-18
vn 0.690708 -0.723134 4.427918692273111E-17
vn 0.345354 -0.938473 5.746489777681071E-17
vn 0 -1 6.123233995736766E-17
vn 0 -1 6.123233995736766E-17
vn -0.069039 -0.994354 -0.08058799999999995
vn 0.063025 -0.985222 -0.15926499999999993
vn -0.045922 -0.997884 -0.04602899999999994
vn -0.074566 -0.997188 0.0075330000000000605
vn -0.005831 -0.999967 0.005627000000000062
vn -0.011661 -0.999932 6.122817615825057E-17
vn -0 -1 6.123233995736766E-17
vn 0 -1 6.123233995736766E-17
vn -0 0.98987 0.14197599999999994
vn 0.007454 0.959413 0.28190699999999996
vn 0.025144 0.778048 0.627701
vn -0.380013 0.3777690000000001 0.844323
vn -0.165502 0.16323800000000005 0.972606
vn -0.77976 -0.025939999999999963 0.62554
vn -0.910919 -0.011883999999999974 0.412415
vn -0.90957 2.544509886928413E-17 0.41555
vn 1 -0.00048 -3.399999999999997E-05
vn 1 -0.00024 -1.6999999999999986E-05
vn 1 -0.00016 -1.099999999999999E-05
vn 1 0 0
vn 1 0 0
vn 1 -1E-06 6.123233995736766E-23
vn 1 -1E-06 6.123233995736766E-23
vn 1 0.000967 5.799999999999994E-05
vn 1 0.000967 5.799999999999994E-05
vn 1 0.000967 5.799999999999994E-05
vn 1 0.000289 -0.000261
vn 1 0.000289 -0.000261
vn 1 0 0
vn 1 -0.00014100000000000004 -0.000656
vn 1 0 0
vn 1 0 0
vn 1 0 0
vn 1 0 0
vn 1 -0.000479 -0.00040199999999999996
vn 1 -0.000479 -0.00040199999999999996
vn 1 -0.000479 -0.00040199999999999996
vn 0.999999 -0.001197 3.200000000000007E-05
vn 0.999999 -0.001197 3.200000000000007E-05
vn 0 6.123233995736766E-17 1
vn 0 6.123233995736766E-17 1
vn -0 6.123233995736766E-17 1
vn -0 6.123233995736766E-17 1
vn -0 6.123233995736766E-17 1
vn 0 6.123233995736766E-17 1
vn -1 -1.8E-05 6.000000000000001E-06
vn -1 -3.3E-05 2.020667218593133E-21
vn -1 -1.2E-05 4.000000000000001E-06
vn -1 -9.999999999999997E-07 4E-06
vn -1 -0 0
vn -1 -0 0
vn -1 -0 0
vn -1 0 0
vn 0.000446 -0.00031699999999993875 1
vn 0.000223 -0.00015799999999993876 1
vn -0.248246 -0.26752499999999996 0.931023
vn -0.31633 0.34065800000000007 0.885374
vn -0.568612 5.037009024297038E-17 0.822606
vn -0.133238 0.987719 0.08160099999999995
vn -0.686267 0.42497000000000007 0.590287
vn -0.686267 -0.42496999999999996 0.590287
vn -0.248246 -0.26752499999999996 0.931023
vn -0.133238 -0.987719 0.08160100000000006
vn -0.279703 0.88421 -0.37408300000000005
vn -0.109581 0.992543 -0.05339400000000006
vn -0.796861 0.60184 -0.052939000000000035
vn -0.917928 0.393161 -0.05321600000000002
vn -0.992766 -0.107731 -0.052997999999999997
vn -0.883219 -0.28007 -0.376145
vn -0.598723 -0.799227 -0.05260799999999995
vn -0.38888 -0.919747 -0.053264999999999944
vn 0.110071 -0.992456 -0.053998999999999936
vn 0.279661 -0.884148 -0.37426299999999996
vn 0.797581 -0.600893 -0.052842999999999966
vn 0.918898 -0.39091 -0.05305999999999998
vn 0.992621 0.109201 -0.05270500000000001
vn 0.882392 0.279201 -0.378724
vn 0.600908 0.797585 -0.05261500000000005
vn 0.390296 0.919178 -0.05272700000000006
vn -0.109581 0.992543 -0.05339400000000006
vn -0.279703 0.88421 -0.37408300000000005
vn 1 0 0
vn 1 -4.8E-05 -3.999999999999997E-06
vn 1 -1.4E-05 -1.0999999999999998E-05
vn 1 -1E-05 -8E-06
vn 1 -5.1E-05 1.9000000000000004E-05
vn 1 9E-06 -7.000000000000001E-06
vn 1 -9.999999999999993E-07 1E-05
vn 1 -0.000171 3.400000000000001E-05
vn 1 1.0000000000000006E-06 9E-06
vn 1 -0.000252 5.0000000000000016E-05
vn 1 -1.7E-05 2.0000000000000008E-06
vn 1 3E-06 -1.0000000000000002E-06
vn 1 -0.00025 1.5308084989341914E-20
vn 1 -0.000243 -9.999999999999851E-07
vn -1 4.5E-05 2.999999999999997E-06
vn -1 -0 0
vn -1 1.1E-05 1E-05
vn -1 8E-06 6.999999999999999E-06
vn -1 5E-05 -2.0000000000000005E-05
vn -1 -8E-06 5.000000000000001E-06
vn -1 1.999999999999999E-06 -1.1E-05
vn -1 0.000171 -3.400000000000001E-05
vn -1 1.9999999999999995E-06 -1E-05
vn -1 0.000254 -5.0000000000000016E-05
vn -1 1.9E-05 -3.0000000000000013E-06
vn -1 -1E-06 1E-06
vn -1 0.000252 -1.543054966925665E-20
vn -1 0.000247 9.99999999999985E-07
vn 1 4.8E-05 -4.000000000000002E-06
vn 1 0 0
vn 1 1.4E-05 -1.1000000000000001E-05
vn 1 1E-05 -8E-06
vn 1 5.1E-05 1.8999999999999998E-05
vn 1 -9E-06 -6.999999999999999E-06
vn 1 1.0000000000000006E-06 1E-05
vn 1 0.000171 3.3999999999999986E-05
vn 1 -9.999999999999993E-07 9E-06
vn 1 0.000252 4.999999999999999E-05
vn 1 1.7E-05 1.999999999999999E-06
vn 1 -3E-06 -9.999999999999997E-07
vn 1 0.00025 -1.5308084989341914E-20
vn 1 0.000243 -1.0000000000000148E-06
vn -1 -0 0
vn -1 -4.5E-05 3.000000000000003E-06
vn -1 -1.1E-05 1E-05
vn -1 -8E-06 7.000000000000001E-06
vn -1 -5E-05 -1.9999999999999998E-05
vn -1 8E-06 4.9999999999999996E-06
vn -1 -2.0000000000000008E-06 -1.1E-05
vn -1 -0.000171 -3.3999999999999986E-05
vn -1 -2.0000000000000003E-06 -1E-05
vn -1 -0.000254 -4.999999999999999E-05
vn -1 -1.9E-05 -2.999999999999999E-06
vn -1 1E-06 1E-06
vn -1 -0.000252 1.543054966925665E-20
vn -1 -0.000247 1.000000000000015E-06
vn 0.025146 -0.778054 0.627694
vn -0.165497 -0.16323699999999994 0.972607
vn -0.380013 -0.37777399999999994 0.844321
vn -0.78101 0.03438000000000004 0.623571
vn -0.912121 0.023695000000000025 0.409236
vn -0.912114 0.023622000000000025 0.409256
vn -0 -1 -9.999999999387675E-07
vn -0 -1 -9.999999999387675E-07
vn -0 -1 -9.999999999387675E-07
vn 0.032221 -0.999174 0.024746000000000063
vn 0.048341 -0.998141 0.037128000000000064
vn 0.096503 -0.992569 0.07411700000000006
vn -1 4E-06 -2.4492935982947065E-22
vn -1 3E-06 -1.8369701987210298E-22
vn -1 -0.00033 -2.899999999999998E-05
vn -1 -0.000433 0.00018500000000000002
vn -1 -0.000866 -4.299999999999995E-05
vn -1 -3.999999999999983E-06 0.000281
vn -1 0.000444 0.00018799999999999996
vn -1 0.000888 -3.9000000000000054E-05
vn -1 0.000348 -3.100000000000002E-05
vn -1 -4E-06 2.4492935982947065E-22
vn -1 -6E-06 3.6739403974420597E-22
vn 0.048351 0.99814 0.03712299999999994
vn 0.096522 0.992568 0.07410799999999994
vn 0.032227 0.999174 0.02474299999999994
vn -0 1 -1.0000000000612324E-06
vn -0 1 -1.0000000000612324E-06
vn -0 1 -1.0000000000612324E-06
vn 5E-06 0.915329 -0.40270700000000004
vn 1E-05 0.915329 -0.40270600000000006
vn 3E-06 0.961824 -0.27367100000000005
vn 2E-06 0.990594 -0.13683600000000007
vn 3E-06 1 -6.123233995736766E-17
vn 6E-06 1 -6.123233995736766E-17
vn 5E-06 0.915328 -0.40270900000000004
vn 1E-06 0.915327 -0.40271000000000007
vn 6E-06 0.961823 -0.2736720000000001
vn 9E-06 0.990594 -0.13683600000000007
vn 9E-06 1 -1.0000000000612324E-06
vn 9E-06 1 -1.0000000000612324E-06
vn -1 0 0
vn -1 0 0
vn -1 0 0
vn -1 -0 0
vn -1 -0 0
vn -1 -0 0
vn -1 0 0
vn -1 0 0
vn -1 0 0
vn 0.35041 0.16588100000000006 0.92179
vn 0.934116 -0.10122899999999997 0.342316
vn 0.602592 0.695535 0.3912979999999999
vn 0.886283 0.026799000000000028 0.462367
vn 0.435084 0.751586 0.49580299999999994
vn 0.642908 0.10503400000000004 0.758708
vn 0.217756 0.558258 0.800581
vn 0 0.638956 0.769244
vn 0 0.816556 0.577266
vn 0.435084 0.751586 0.49580299999999994
vn -0 0.891881 0.45226999999999995
vn 0.602592 0.695535 0.3912979999999999
vn 0.35041 0.16588100000000006 0.92179
vn 0 -0.27152399999999993 0.962432
vn 0.435512 -0.43921999999999994 0.785758
vn 0.886283 0.026799000000000028 0.462367
vn 0.493795 -0.708487 0.504194
vn 0.934116 -0.10122899999999997 0.342316
vn 0.31801 -0.818069 0.47920000000000007
vn 0.35041 0.16588100000000006 0.92179
vn 0 -0.638956 0.769243
vn 0.493795 -0.708487 0.504194
vn 0 -0.945235 0.32639100000000004
vn 0.31801 -0.818069 0.47920000000000007
vn 0 -0.891881 0.45227000000000006
vn 0 -0.27152399999999993 0.962432
vn 0.35041 0.16588100000000006 0.92179
vn 0.950032 -1.9113858614712188E-17 -0.312153
vn 0.950032 -1.9113919847052145E-17 -0.312154
vn 0.977604 -1.2886468408707938E-17 -0.210452
vn 0.994448 -6.443234204353969E-18 -0.105226
vn 1 0 0
vn 1 0 0
vn 1 0 0
vn 1 0 0
vn 1 0 0
vn 1 0 0
vn 1 4.300000000000001E-05 0.000146
vn 1 1.500000000000001E-05 0.000153
vn 1 0.000208 0.000186
vn 1 0.000458 4.399999999999997E-05
vn 1 0.000601 -3.680063631437796E-20
vn 1 0.000601 -3.680063631437796E-20
vn 1 2.0000000000000005E-05 5.3E-05
vn 1 0 0
vn 1 0 0
vn 1 0 0
vn -1 1E-06 -6.123233995736766E-23
vn -1 -1.2246467991473532E-22 -2E-06
vn -1 -1.2246467991473532E-22 -2E-06
vn -1 -1.2246467991473532E-22 -2E-06
vn -1 -1E-06 6.123233995736766E-23
vn 1 2.841180574021859E-20 0.000464
vn 1 7.9E-05 -9.000000000000005E-06
vn 1 1.8737096026954506E-20 0.000306
vn 1 -3.9999999999999976E-05 0.000464
vn 1 -5.51091059616309E-22 -9E-06
vn -0 -1 1.0000000000612324E-06
vn -1E-06 -1 6.123233995736766E-17
vn -0 -1 6.123233995736766E-17
vn -0 -1 6.123233995736766E-17
vn -0 -1 6.123233995736766E-17
vn 0 -1 6.123233995736766E-17
vn 0.662316 -0.10820500000000004 -0.74137
vn 0.63332 -0.31040400000000007 -0.708911
vn 0.63332 -0.31040400000000007 -0.708912
vn 0.662316 0.10820499999999995 -0.74137
vn 0.449195 0.45379699999999995 -0.769606
vn 0.224597 0.577354 -0.784995
vn 0 0.65881 -0.752309
vn 0 0.65881 -0.752309
vn 0.986916 -0.161236 9.872857565366131E-18
vn 0.897947 -0.440103 2.6948536512257382E-17
vn 0.897947 -0.440103 2.6948536512257382E-17
vn 0.986916 0.161236 -9.872857565366131E-18
vn 0.690708 0.723134 -4.427918692273111E-17
vn 0.345354 0.938473 -5.746489777681071E-17
vn 0 1 -6.123233995736766E-17
vn 0 1 -6.123233995736766E-17
vn -0.912104 0.256786 -0.319574
vn -0.720622 0.26713499999999996 -0.639799
vn -0.883219 -0.28007 -0.376145
vn -0.918417 -0.23518400000000003 -0.318118
vn -0.87244 0.19068100000000002 0.449989
vn -0.883219 -0.28007 -0.376145
vn -0.590244 -0.49130900000000005 -0.640491
vn -0.675912 -0.664305 -0.31912699999999994
vn -0.861361 -0.314222 0.399151
vn -0.646177 -0.13340999999999995 0.751437
vn -0.621064 0.16581800000000005 0.766018
vn -0 6.123233995736766E-17 1
vn -0.861361 -0.314222 0.399151
vn -0.590244 -0.49130900000000005 -0.640491
vn -0.259238 -0.725159 -0.637919
vn -0.249693 -0.915368 -0.3158389999999999
vn -0.586475 -0.703857 0.40079000000000004
vn -0.586475 -0.703857 0.40079000000000004
vn -0.493165 -0.43760799999999994 0.751856
vn -0.156705 -0.903685 0.39849300000000004
vn -0.646177 -0.13340999999999995 0.751437
vn -0 6.123233995736766E-17 1
vn -0.207523 -0.625342 0.752251
vn -0.493165 -0.43760799999999994 0.751856
vn -0 6.123233995736766E-17 1
vn -0.234701 0.918503 -0.31822600000000006
vn -0.279703 0.88421 -0.37408300000000005
vn -0.493048 0.595571 -0.634191
vn -0.658267 0.681452 -0.31985500000000006
vn -0.248673 0.882526 0.39913499999999996
vn -0.493048 0.595571 -0.634191
vn -0.720622 0.26713499999999996 -0.639799
vn -0.912104 0.256786 -0.319574
vn -0.655134 0.639962 0.40155699999999994
vn -0.655134 0.639962 0.40155699999999994
vn -0.207431 0.625181 0.75241
vn -0.87244 0.19068100000000002 0.449989
vn -0.492391 0.4378000000000001 0.752251
vn -0 6.123233995736766E-17 1
vn -0.492391 0.4378000000000001 0.752251
vn -0.621064 0.16581800000000005 0.766018
vn -0 6.123233995736766E-17 1
vn 0.917612 0.23419499999999996 -0.321157
vn 0.882392 0.279201 -0.378724
vn 0.589096 0.48907899999999993 -0.643247
vn 0.675896 0.664276 -0.31922000000000006
vn 0.89579 0.297607 0.330136
vn 0.589096 0.48907899999999993 -0.643247
vn 0.259192 0.725024 -0.638091
vn 0.249691 0.915329 -0.31595500000000004
vn 0.637526 0.657225 0.4020139999999999
vn 0.64673 0.17329100000000006 0.742772
vn 0.438384 0.4922830000000001 0.751982
vn -0 6.123233995736766E-17 1
vn 0.637526 0.657225 0.4020139999999999
vn 0.259192 0.725024 -0.638091
vn -0.279703 0.88421 -0.37408300000000005
vn -0.234701 0.918503 -0.31822600000000006
vn 0.224043 0.88882 0.39975499999999997
vn 0.224043 0.88882 0.39975499999999997
vn 0.438384 0.4922830000000001 0.751982
vn -0.248673 0.882526 0.39913499999999996
vn 0.13301 0.645245 0.752308
vn -0 6.123233995736766E-17 1
vn 0.13301 0.645245 0.752308
vn -0.207431 0.625181 0.75241
vn -0 6.123233995736766E-17 1
vn -0.249693 -0.915368 -0.3158389999999999
vn -0.259238 -0.725159 -0.637919
vn 0.279661 -0.884148 -0.37426299999999996
vn 0.234715 -0.918536 -0.31811999999999996
vn -0.156705 -0.903685 0.39849300000000004
vn 0.279661 -0.884148 -0.37426299999999996
vn 0.493114 -0.595661 -0.634055
vn 0.658284 -0.681468 -0.31978699999999993
vn 0.31445 -0.861874 0.39786200000000005
vn 0.31445 -0.861874 0.39786200000000005
vn 0.13295 -0.645139 0.75241
vn 0.701796 -0.589311 0.40024300000000007
vn -0.207523 -0.625342 0.752251
vn -0 6.123233995736766E-17 1
vn 0.437813 -0.49229399999999995 0.752308
vn 0.13295 -0.645139 0.75241
vn -0 6.123233995736766E-17 1
vn 0.658284 -0.681468 -0.31978699999999993
vn 0.493114 -0.595661 -0.634055
vn 0.721085 -0.26592600000000005 -0.639781
vn 0.911763 -0.256248 -0.320975
vn 0.701796 -0.589311 0.40024300000000007
vn 0.902827 -0.15598299999999998 0.400716
vn 0.911763 -0.256248 -0.320975
vn 0.721085 -0.26592600000000005 -0.639781
vn 0.882392 0.279201 -0.378724
vn 0.917612 0.23419499999999996 -0.321157
vn 0.902827 -0.15598299999999998 0.400716
vn 0.89579 0.297607 0.330136
vn -0.481508 0.768979 -0.42050100000000007
vn -0.701546 0.014596999999999957 -0.712474
vn -0.717527 0.016796999999999958 -0.696328
vn -0.482261 0.804755 -0.34611100000000006
vn -0.486147 0.85407 -0.18499900000000005
vn -0.501501 0.860429 -0.09032200000000006
vn -0.503554 0.863964 -7.300000000005291E-05
vn -0.503553 0.863964 -7.300000000005291E-05
vn 0.979948 -0.197346 0.02749500000000001
vn 0.681725 0.731061 0.028289999999999954
vn 0.728686 0.655051 0.19981399999999996
vn 0.728686 0.655051 0.19981399999999996
vn 0.814988 -0.541778 0.20560000000000003
vn 0.115133 -0.99297 0.027496000000000062
vn -0.262288 -0.94457 0.19746700000000006
vn -0.107448 0.16752900000000007 0.979994
vn 0.728686 0.655051 0.19981399999999996
vn -0.107448 0.16752900000000007 0.979994
vn -0.479543 0.859511 0.17685999999999993
vn -0.107448 0.16752900000000007 0.979994
vn -0.967308 -0.10288299999999999 0.231797
vn -0.908792 -0.416342 0.027496000000000024
vn -0.262288 -0.94457 0.19746700000000006
vn 0.115133 -0.99297 0.027496000000000062
vn 0 1 -6.123233995736766E-17
vn 0 1 -6.123233995736766E-17
vn 0 1 -6.123233995736766E-17
vn 1E-06 1 -6.123233995736766E-17
vn 0 1 -6.123233995736766E-17
vn 0 1 -6.123233995736766E-17
vn 0 1 -6.123233995736766E-17
vn 0 1 -6.123233995736766E-17
vn 0 1 -6.123233995736766E-17
vn 0 1 -6.123233995736766E-17
vn -0.000313 1 -6.123233995736766E-17
vn -0.000313 1 -6.123233995736766E-17
vn -0.000313 1 -6.123233995736766E-17
vn -0.000313 1 -6.123233995736766E-17
vn -0.000313 1 -6.123233995736766E-17
vn -0.992676 -0.093693 0.076257
vn -0.999155 -0.031438 0.026490000000000003
vn -0.998105 -0.04693 0.039811
vn -0.999999 -0.0002359999999999999 0.001543
vn -1 -0.000471 -0.00013799999999999997
vn 3E-06 -0.961824 -0.27367099999999994
vn 1E-05 -0.915329 -0.40270599999999995
vn 5E-06 -0.915329 -0.4027069999999999
vn 2E-06 -0.990594 -0.13683599999999996
vn 3E-06 -1 6.123233995736766E-17
vn 6E-06 -1 6.123233995736766E-17
vn 6E-06 -0.961823 -0.27367199999999997
vn 1E-06 -0.915327 -0.40270999999999996
vn 5E-06 -0.915328 -0.40270899999999993
vn 9E-06 -0.990594 -0.13683599999999996
vn 9E-06 -1 -9.999999999387675E-07
vn 9E-06 -1 -9.999999999387675E-07
vn -0.841932 -0.027960999999999965 0.538859
vn -0.950212 1.908030329241555E-17 0.311605
vn -0.79125 -0.40489099999999995 0.458242
vn -0.347749 -0.4696409999999999 0.811485
vn -0.375906 -0.024258999999999944 0.92634
vn -0.145211 -0.10766699999999994 0.983525
vn 0.283294 -0.01828199999999994 0.958859
vn 0.145735 -0.20859899999999995 0.967082
vn -0.347749 -0.4696409999999999 0.811485
vn 0.602 -0.28619199999999995 0.745446
vn 0.602 -0.28619199999999995 0.745446
vn 0.787429 -0.041690999999999964 0.614994
vn 0.393673 -0.779452 0.4873160000000001
vn -0.79125 -0.40489099999999995 0.458242
vn 0.940193 -0.01846699999999998 0.34014
vn 0.393673 -0.779452 0.4873160000000001
vn 0.434774 5.514217142520787E-17 0.90054
vn 0.934116 0.10122900000000003 0.342316
vn 0.31801 0.818069 0.47919999999999996
vn 0.493795 0.708487 0.504194
vn 0.886283 -0.026798999999999972 0.462367
vn 0.435512 0.43922000000000005 0.785758
vn 0.642908 -0.10503399999999996 0.758708
vn 0.493795 0.708487 0.504194
vn 0 0.638956 0.769243
vn 0 0.945235 0.32639099999999993
vn 0.31801 0.818069 0.47919999999999996
vn 0 0.891881 0.45226999999999995
vn 0 6.123233995736766E-17 1
vn 0.434774 5.514217142520787E-17 0.90054
vn 0.886283 -0.026798999999999972 0.462367
vn 0.435084 -0.751585 0.49580300000000005
vn 0.217756 -0.558258 0.800581
vn 0.505051 -0.714791 0.48373200000000005
vn 0.934116 0.10122900000000003 0.342316
vn 0.434774 5.514217142520787E-17 0.90054
vn 0 -0.816556 0.577266
vn 0 -0.638956 0.769244
vn 0.435084 -0.751585 0.49580300000000005
vn 0 -0.946157 0.3237070000000001
vn 0.505051 -0.714791 0.48373200000000005
vn 0 6.123233995736766E-17 1
vn 0.434774 5.514217142520787E-17 0.90054
vn -1 0 0
vn -1 0 0
vn -1 0 0
vn -1 0 -0
vn -1 0 -0
vn -1 0 -0
vn -1 0 0
vn -1 0 0
vn -1 0 0
vn -0.444701 0.48214100000000004 0.754838
vn -0.61456 0.608398 0.502162
vn -0.937501 0.01355500000000002 0.347718
vn -0.72783 0.02546000000000004 0.685285
vn -0.242134 0.09070000000000006 0.965994
vn -0.301504 0.01554400000000006 0.953338
vn 0.295636 0.01179900000000006 0.955228
vn 0.145735 0.20859900000000006 0.967082
vn -0.444701 0.48214100000000004 0.754838
vn 0.609255 0.2788900000000001 0.742314
vn 0.609255 0.2788900000000001 0.742314
vn 0.79856 0.02290800000000004 0.601479
vn 0.393673 0.779452 0.48731599999999997
vn -0.61456 0.608398 0.502162
vn 0.937501 0.01355500000000002 0.347719
vn 0.393673 0.779452 0.48731599999999997
vn 0.977604 -1.2886468408707938E-17 -0.210452
vn 0.950032 -1.9113919847052145E-17 -0.312154
vn 0.950032 -1.9113858614712188E-17 -0.312153
vn 0.994448 -6.443234204353969E-18 -0.105226
vn 1 0 -0
vn 1 0 -0
vn -1 0 0
vn -1 0 0
vn -1 0 0
vn -1 0 0
vn -1 0 0
vn -1 0 0
vn 1 -2.6000000000000005E-05 -8.9E-05
vn 1 -3.5000000000000004E-05 -5.7E-05
vn 1 -1E-06 6.123233995736766E-23
vn 1 -5.100000000000001E-05 -0.000179
vn 1 -1.7000000000000007E-05 -0.000122
vn 1 0 0
vn -1E-05 -1 1.0000000000612324E-06
vn -1.1E-05 -1 1.0000000000612324E-06
vn -8E-06 -0.978607 -0.20573699999999995
vn -9E-06 -0.978607 -0.20573699999999995
vn -5E-06 -0.915345 -0.4026719999999999
vn -2E-06 -0.915345 -0.40267099999999995
vn -8E-06 -1 2.0000000000612323E-06
vn -1.3E-05 -1 3.0000000000612325E-06
vn -8E-06 -0.978607 -0.20573799999999995
vn -4E-06 -0.978607 -0.20573699999999995
vn -7E-06 -0.915343 -0.40267499999999995
vn -1.1E-05 -0.915343 -0.4026759999999999
vn -8E-06 0.978607 -0.20573700000000006
vn -1.1E-05 1 9.999999999387675E-07
vn -1E-05 1 9.999999999387675E-07
vn -9E-06 0.978607 -0.20573700000000006
vn -5E-06 0.915345 -0.40267200000000003
vn -2E-06 0.915345 -0.40267100000000006
vn -8E-06 0.978607 -0.20573800000000006
vn -1.3E-05 1 2.9999999999387676E-06
vn -8E-06 1 1.9999999999387675E-06
vn -4E-06 0.978607 -0.20573700000000006
vn -7E-06 0.915343 -0.40267500000000006
vn -1.1E-05 0.915343 -0.40267600000000003
vn -0.987516 -9.645440654764468E-18 -0.157522
vn -1 0 0
vn -1 0 0
vn -0.987516 -9.645440654764468E-18 -0.157522
vn -0.950374 -1.9050054516476613E-17 -0.311111
vn -0.950373 -1.9050054516476613E-17 -0.311111
vn -0 0.987429 -0.15806400000000007
vn -0 1 -6.123233995736766E-17
vn -1E-06 1 -6.123233995736766E-17
vn -1E-06 0.987429 -0.15806600000000007
vn -0 0.950031 -0.31215500000000007
vn 0 0.950032 -0.31215200000000004
vn -0.415465 -0.20773399999999995 0.885571
vn 0.262744 -0.525484 0.809217
vn 0.41547 0.20773300000000006 0.885568
vn -0.262738 0.525483 0.80922
vn -0.803254 0.40166 0.439832
vn -0.401624 -0.803283 0.43981100000000006
vn -0.879629 -0.43985 0.18106400000000003
vn -0.439827 0.879785 0.18036199999999994
vn 0.41547 0.20773300000000006 0.885568
vn 0.262744 -0.525484 0.809217
vn 0.803513 -0.401724 0.439301
vn 0.40176 0.803483 0.43932099999999996
vn 0.879933 0.439932 0.17938299999999996
vn 0.439954 -0.879779 0.18008400000000005
vn 0.262744 -0.525484 0.809217
vn -0.415465 -0.20773399999999995 0.885571
vn -0.401624 -0.803283 0.43981100000000006
vn 0.803513 -0.401724 0.439301
vn 0.439954 -0.879779 0.18008400000000005
vn -0.879629 -0.43985 0.18106400000000003
vn -0.262738 0.525483 0.80922
vn 0.41547 0.20773300000000006 0.885568
vn 0.40176 0.803483 0.43932099999999996
vn -0.803254 0.40166 0.439832
vn -0.439827 0.879785 0.18036199999999994
vn 0.879933 0.439932 0.17938299999999996
vn -1 0 0
vn -1 0 0
vn -0.987516 -9.645440654764468E-18 -0.157522
vn -0.987516 -9.645440654764468E-18 -0.157522
vn -0.950374 -1.9050054516476613E-17 -0.311111
vn -0.950373 -1.9050054516476613E-17 -0.311111
vn -1E-06 -1 6.123233995736766E-17
vn -0 -1 6.123233995736766E-17
vn -0 -0.987429 -0.15806399999999995
vn -1E-06 -0.987429 -0.15806599999999996
vn -0 -0.950031 -0.31215399999999993
vn 1E-06 -0.950033 -0.31215099999999996
vn 0.803513 0.401724 0.439301
vn 0.262744 0.525483 0.809218
vn 0.415471 -0.20773399999999995 0.885568
vn 0.40176 -0.803484 0.4393210000000001
vn 0.879933 -0.439932 0.17938300000000001
vn 0.439954 0.879779 0.18008399999999994
vn -0.401625 0.803283 0.4398119999999999
vn -0.415465 0.20773300000000006 0.885571
vn 0.262744 0.525483 0.809218
vn 0.803513 0.401724 0.439301
vn 0.439954 0.879779 0.18008399999999994
vn -0.879629 0.43985 0.18106399999999997
vn -0.803254 -0.40166 0.439831
vn -0.262738 -0.525483 0.809219
vn -0.415465 0.20773300000000006 0.885571
vn -0.401625 0.803283 0.4398119999999999
vn -0.879629 0.43985 0.18106399999999997
vn -0.439827 -0.879785 0.18036200000000005
vn 0.40176 -0.803484 0.4393210000000001
vn 0.415471 -0.20773399999999995 0.885568
vn -0.262738 -0.525483 0.809219
vn -0.803254 -0.40166 0.439831
vn -0.439827 -0.879785 0.18036200000000005
vn 0.879933 -0.439932 0.17938300000000001
vn 1 0 -0
vn 1 -6.123233995736766E-23 -1E-06
vn 1 -0 0
vn 1 0 0
vn 1 0 0
vn 1 0 0
vn 1 0 0
vn 1 1E-06 -6.123233995736766E-23
vn 1 -0 0
vn 1 1E-06 -6.123233995736766E-23
vn 1 2E-06 -1.2246467991473532E-22
vn 1 2E-06 -1.2246467991473532E-22
vn -0.007785 0.999948 0.006651999999999938
vn -0 1 -6.123233995736766E-17
vn 0 1 -6.123233995736766E-17
vn -0.032311 0.999096 -0.02763700000000006
vn 0 1 -6.123233995736766E-17
vn -0.111855 0.993674 0.01001699999999994
vn -0.069421 0.994408 -0.07958100000000005
vn 0.062251 0.985587 -0.15729700000000005
vn -0.936882 -0.287545 0.19892400000000002
vn -0.977763 -0.207831 0.028034000000000014
vn -0.335553 -0.941627 0.02724600000000006
vn 0.044561 -0.976146 0.21249500000000004
vn -0.086064 0.18398000000000006 0.979155
vn 0.913186 -0.406577 0.028033000000000023
vn 0.885915 -0.392558 0.24708900000000003
vn -0.086064 0.18398000000000006 0.979155
vn 0.721928 0.666943 0.18440899999999996
vn 0.668867 0.742853 0.028032999999999954
vn -0.086064 0.18398000000000006 0.979155
vn -0.95012 0.2419 0.19686699999999996
vn -0.028341 -0.17012999999999995 0.985014
vn 0.135208 0.97054 0.19942399999999993
vn 0.139136 0.990009 0.02288999999999994
vn -0.94742 -0.318768 0.02797100000000002
vn -0.137297 -0.97291 0.18599800000000005
vn -0.139118 -0.989872 0.02828900000000006
vn -0.028341 -0.17012999999999995 0.985014
vn 0.822854 -0.567564 0.027973000000000036
vn 0.978449 -0.028825999999999987 0.204466
vn -0.490333 0.862763 0.12334699999999994
vn 0.001892 0.0027420000000000612 0.999994
vn 0.668974 0.733372 0.12099599999999996
vn 0.348345 0.937366 -0.0012270000000000575
vn -0.783842 0.62096 0.000536999999999962
vn -0.934243 -0.339885 0.10802300000000001
vn -0.939691 -0.342018 0.002278000000000021
vn 0.001892 0.0027420000000000612 0.999994
vn -0.201309 -0.979525 0.00246500000000006
vn 0.178853 -0.975571 0.12756600000000007
vn 0.961262 -0.275636 6.400000000001687E-05
vn 0.949607 -0.271941 0.15587000000000004
vn 0.001892 0.0027420000000000612 0.999994
vn 0.668974 0.733372 0.12099599999999996
vn 0.348345 0.937366 -0.0012270000000000575
vn 0.001892 0.0027420000000000612 0.999994
vn -0.990389 -0.079886 0.112906
vn -0.001685 0.002868000000000061 0.999994
vn -0.382418 0.917358 0.11050099999999995
vn -0.702205 0.711733 -0.018555000000000044
vn -0.893918 -0.447922 -0.016630999999999972
vn -0.086886 -0.991542 0.09640800000000005
vn -0.087139 -0.99608 -0.01522999999999994
vn -0.001685 0.002868000000000061 0.999994
vn 0.802587 -0.596358 -0.014526999999999964
vn 0.960982 -0.250529 0.11725800000000001
vn 0.655966 0.754585 -0.017645000000000046
vn 0.648662 0.746708 0.14718799999999996
vn -0.001685 0.002868000000000061 0.999994
vn -0.382418 0.917358 0.11050099999999995
vn -0.702205 0.711733 -0.018555000000000044
vn -0.001685 0.002868000000000061 0.999994
vn 0.764324 0.632545 0.12528299999999998
vn 0.003026 -0.0013849999999999388 0.999994
vn 0.838201 -0.531337 0.12288500000000002
vn 0.983613 -0.18028 0.001897000000000011
vn 0.47541 0.879756 0.0038169999999999463
vn -0.496822 0.860807 0.11036099999999995
vn -0.499989 0.866012 0.005806999999999947
vn 0.003026 -0.0013849999999999388 0.999994
vn -0.999586 0.028158 0.005917999999999998
vn -0.929443 -0.345448 0.12962200000000001
vn -0.104525 -0.994516 0.003396000000000061
vn -0.102886 -0.982144 0.15750200000000006
vn 0.003026 -0.0013849999999999388 0.999994
vn 0.838201 -0.531337 0.12288500000000002
vn 0.983613 -0.18028 0.001897000000000011
vn 0.003026 -0.0013849999999999388 0.999994
vn -0.817302 -0.564053 0.11773300000000003
vn -0.002895 0.001646000000000061 0.999994
vn -0.789419 0.602914 0.11537899999999995
vn -0.964107 0.265308 -0.010506000000000015
vn -0.550254 -0.834951 -0.00874299999999995
vn 0.420302 -0.901668 0.10169200000000006
vn 0.42261 -0.906282 -0.007270999999999944
vn -0.002895 0.001646000000000061 0.999994
vn 0.993322 -0.115172 -0.006814999999999993
vn 0.956951 0.263384 0.12195599999999998
vn 0.190805 0.981582 -0.00948400000000006
vn 0.188284 0.970407 0.15119099999999994
vn -0.002895 0.001646000000000061 0.999994
vn -0.789419 0.602914 0.11537899999999995
vn -0.964107 0.265308 -0.010506000000000015
vn -0.002895 0.001646000000000061 0.999994
vn 0.006742 0.992721 0.12024699999999995
vn 0.003008 0.001429000000000061 0.999994
vn 0.946396 0.300747 0.11783999999999999
vn 0.770343 0.637597 -0.006441000000000039
vn -0.368349 0.929677 -0.004505000000000058
vn -0.979371 0.172833 0.10469599999999998
vn -0.984804 0.173646 -0.002742000000000011
vn 0.003008 0.001429000000000061 0.999994
vn -0.664105 -0.747636 -0.002387999999999954
vn -0.333023 -0.93465 0.12460200000000006
vn 0.694648 -0.719332 -0.005170999999999956
vn 0.68669 -0.710602 0.15330600000000005
vn 0.003008 0.001429000000000061 0.999994
vn 0.946396 0.300747 0.11783999999999999
vn 0.770343 0.637597 -0.006441000000000039
vn 0.003008 0.001429000000000061 0.999994
vn -0.502326 -0.856575 0.11809900000000005
vn -0.003316 0.00026700000000006124 0.999995
vn -0.970227 0.212796 0.11565799999999998
vn -0.985906 -0.167 -0.01004499999999999
vn -0.145833 -0.989277 -0.00799799999999994
vn 0.76193 -0.639515 0.10238600000000005
vn 0.766034 -0.642771 -0.006225999999999961
vn -0.003316 0.00026700000000006124 0.999995
vn 0.948936 0.315417 -0.005759000000000019
vn 0.755928 0.643084 0.12254199999999996
vn -0.241907 0.97026 -0.00879500000000006
vn -0.239454 0.95901 0.15152899999999994
vn -0.003316 0.00026700000000006124 0.999995
vn -0.970227 0.212796 0.11565799999999998
vn -0.985906 -0.167 -0.01004499999999999
vn -0.003316 0.00026700000000006124 0.999995
vn 0.804772 0.563337 -0.18706600000000004
vn 0.985253 0.0021789999999999895 -0.171087
vn 0.987483 0.10098399999999999 -0.121161
vn 0.89025 -0.415285 -0.18706599999999998
vn 0.827996 -0.560734 3.433505491365459E-17
vn 0.899608 0.436698 -2.6740040394702542E-17
vn 0.581196 -0.804693 -0.12115999999999995
vn 0.494514 -0.852165 -0.17108699999999993
vn -0.071612 -0.997433 6.10751565406971E-17
vn 0.085478 -0.978622 -0.18706599999999995
vn -0.406287 -0.905677 -0.12116099999999995
vn -0.49074 -0.854344 -0.17108799999999993
vn -0.899608 -0.436698 2.6740040394702542E-17
vn -0.804772 -0.563337 -0.18706599999999998
vn -0.987483 -0.10098400000000002 -0.12116
vn -0.985254 -0.0021790000000000104 -0.171087
vn -0.827996 0.560734 -3.433505491365459E-17
vn -0.89025 0.415284 -0.18706500000000004
vn -0.581196 0.804693 -0.12116000000000006
vn -0.494514 0.852165 -0.17108700000000004
vn 0.071612 0.997433 -6.10751565406971E-17
vn -0.085479 0.978621 -0.18706500000000006
vn 0.406287 0.905677 -0.12116100000000006
vn 0.899608 0.436698 -2.6740040394702542E-17
vn 0.49074 0.854344 -0.17108700000000004
vn 0.987483 0.10098399999999999 -0.121161
vn 0.804772 0.563337 -0.18706600000000004
vn 0 6.123233995736766E-17 1
vn 0 6.123233995736766E-17 1
vn 0 6.123233995736766E-17 1
vn 0 6.123233995736766E-17 1
vn 0 6.123233995736766E-17 1
vn 0 6.123233995736766E-17 1
vn 0 6.123233995736766E-17 1
vn 0 6.123233995736766E-17 1
vn 0 6.123233995736766E-17 1
vn 0 6.123233995736766E-17 1
vn 0 6.123233995736766E-17 1
vn 0 6.123233995736766E-17 1
vn -0.247088 -0.922145 0.2976500000000001
vn 0.675058 -0.675057 0.2976500000000001
vn 0.201516 -0.752064 0.627528
vn -0.55055 -0.550549 0.627528
vn -0.922146 -0.24708799999999997 0.297649
vn 0.752064 -0.20151399999999997 0.627528
vn 0.922145 0.24708800000000003 0.29765
vn -0.752065 0.20151500000000003 0.627527
vn -0.675058 0.675057 0.29764999999999997
vn 0 1.0000000000612324E-06 1
vn -0.201516 0.752065 0.627527
vn 0.247088 0.922146 0.29764999999999997
vn 0.550549 0.55055 0.627528
g diff
f 1/1/1 2/2/2 3/3/3
f 4/4/4 5/5/5 6/6/6
f 7/7/7 8/8/8 9/9/9
f 10/10/10 11/11/11 12/12/12
f 13/13/13 14/14/14 15/15/15
f 16/16/16 17/17/17 18/18/18
f 19/19/19 20/20/20 21/21/21
f 22/22/22 23/23/23 24/24/24
f 25/25/25 26/26/26 27/27/27
f 28/28/28 29/29/29 30/30/30
f 31/31/31 32/32/32 33/33/33
f 34/34/34 35/35/35 36/36/36
f 37/37/37 38/38/38 39/39/39
f 40/40/40 41/41/41 42/42/42
f 43/43/43 44/44/44 45/45/45
f 46/46/46 47/47/47 48/48/48
f 49/49/49 50/50/50 51/51/51
f 52/52/52 53/53/53 54/54/54
f 55/55/55 56/56/56 57/57/57
f 58/58/58 59/59/59 60/60/60
f 61/61/61 62/62/62 63/63/63
f 64/64/64 65/65/65 66/66/66
f 67/67/67 68/68/68 69/69/69
f 70/70/70 71/71/71 72/72/72
f 73/73/73 74/74/74 75/75/75
f 76/76/76 77/77/77 78/78/78
f 79/79/79 80/80/80 81/81/81
f 82/82/82 83/83/83 84/84/84
f 85/85/85 86/86/86 87/87/87
f 88/88/88 89/89/89 90/90/90
f 91/91/91 92/92/92 93/93/93
f 94/94/94 95/95/95 96/96/96
f 97/97/97 98/98/98 99/99/99
f 100/100/100 101/101/101 102/102/102
f 103/103/103 104/104/104 105/105/105
f 106/106/106 107/107/107 108/108/108
f 109/109/109 110/110/110 111/111/111
f 112/112/112 113/113/113 114/114/114
f 115/115/115 116/116/116 117/117/117
f 118/118/118 119/119/119 120/120/120
f 121/121/121 122/122/122 123/123/123
f 124/124/124 125/125/125 126/126/126
f 127/127/127 128/128/128 129/129/129
f 130/130/130 131/131/131 132/132/132
f 133/133/133 134/134/134 135/135/135
f 136/136/136 137/137/137 138/138/138
f 139/139/139 140/140/140 141/141/141
f 142/142/142 143/143/143 144/144/144
f 145/145/145 146/146/146 147/147/147
f 148/148/148 149/149/149 150/150/150
f 151/151/151 152/152/152 153/153/153
f 154/154/154 155/155/155 152/152/152
f 156/156/156 157/157/157 158/158/158
f 159/159/159 160/160/160 156/156/156
f 161/161/161 162/162/162 163/163/163
f 163/163/163 164/164/164 165/165/165
f 166/166/166 167/167/167 168/168/168
f 169/169/169 167/167/167 170/170/170
f 171/171/171 169/169/169 172/172/172
f 172/172/172 173/173/173 171/171/171
f 174/174/174 175/175/175 173/173/173
f 176/176/176 177/177/177 178/178/178
f 178/178/178 179/179/179 180/180/180
f 181/181/181 182/182/182 183/183/183
f 184/184/184 182/182/182 185/185/185
f 186/186/186 184/184/184 187/187/187
f 187/187/187 188/188/188 186/186/186
f 187/187/187 189/189/189 188/188/188
f 190/190/190 191/191/191 192/192/192
f 193/193/193 190/190/190 194/194/194
f 195/195/195 196/196/196 193/193/193
f 197/197/197 198/198/198 199/199/199
f 200/200/200 197/197/197 201/201/201
f 202/202/202 203/203/203 204/204/204
f 203/203/203 205/205/205 206/206/206
f 207/207/207 208/208/208 209/209/209
f 208/208/208 210/210/210 211/211/211
f 212/212/212 213/213/213 214/214/214
f 215/215/215 212/212/212 216/216/216
f 217/217/217 218/218/218 219/219/219
f 220/220/220 221/221/221 218/218/218
f 222/222/222 223/223/223 224/224/224
f 225/225/225 224/224/224 226/226/226
f 227/227/227 228/228/228 229/229/229
f 229/229/229 230/230/230 231/231/231
f 232/232/232 233/233/233 234/234/234
f 234/234/234 235/235/235 236/236/236
f 235/235/235 234/234/234 237/237/237
f 237/237/237 238/238/238 235/235/235
f 238/238/238 237/237/237 239/239/239
f 239/239/239 240/240/240 238/238/238
f 241/241/241 242/242/242 243/243/243
f 244/244/244 245/245/245 241/241/241
f 246/246/246 241/241/241 245/245/245
f 245/245/245 247/247/247 246/246/246
f 245/245/245 248/248/248 247/247/247
f 249/249/249 250/250/250 245/245/245
f 249/249/249 251/251/251 252/252/252
f 252/252/252 253/253/253 249/249/249
f 254/254/254 253/253/253 252/252/252
f 252/252/252 255/255/255 254/254/254
f 256/256/256 253/253/253 254/254/254
f 256/256/256 254/254/254 255/255/255
f 255/255/255 257/257/257 256/256/256
f 258/258/258 259/259/259 260/260/260
f 261/261/261 260/260/260 262/262/262
f 262/262/262 263/263/263 261/261/261
f 260/260/260 261/261/261 264/264/264
f 261/261/261 265/265/265 264/264/264
f 264/264/264 266/266/266 267/267/267
f 268/268/268 264/264/264 267/267/267
f 267/267/267 269/269/269 268/268/268
f 270/270/270 269/269/269 267/267/267
f 267/267/267 271/271/271 270/270/270
f 272/272/272 270/270/270 271/271/271
f 267/267/267 273/273/273 271/271/271
f 271/271/271 273/273/273 272/272/272
f 274/274/274 275/275/275 276/276/276
f 277/277/277 276/276/276 278/278/278
f 278/278/278 279/279/279 277/277/277
f 276/276/276 277/277/277 280/280/280
f 277/277/277 281/281/281 280/280/280
f 282/282/282 280/280/280 283/283/283
f 284/284/284 280/280/280 282/282/282
f 282/282/282 285/285/285 284/284/284
f 286/286/286 285/285/285 282/282/282
f 282/282/282 287/287/287 286/286/286
f 288/288/288 286/286/286 287/287/287
f 289/289/289 287/287/287 282/282/282
f 287/287/287 289/289/289 288/288/288
f 290/290/290 291/291/291 292/292/292
f 293/293/293 292/292/292 294/294/294
f 294/294/294 295/295/295 293/293/293
f 292/292/292 293/293/293 296/296/296
f 293/293/293 297/297/297 296/296/296
f 296/296/296 298/298/298 299/299/299
f 300/300/300 296/296/296 299/299/299
f 299/299/299 301/301/301 300/300/300
f 302/302/302 301/301/301 299/299/299
f 299/299/299 303/303/303 302/302/302
f 304/304/304 302/302/302 303/303/303
f 299/299/299 305/305/305 303/303/303
f 303/303/303 305/305/305 304/304/304
f 306/306/306 307/307/307 308/308/308
f 309/309/309 308/308/308 310/310/310
f 310/310/310 311/311/311 309/309/309
f 308/308/308 309/309/309 312/312/312
f 309/309/309 313/313/313 312/312/312
f 312/312/312 314/314/314 315/315/315
f 316/316/316 312/312/312 315/315/315
f 315/315/315 317/317/317 316/316/316
f 318/318/318 317/317/317 315/315/315
f 315/315/315 319/319/319 318/318/318
f 320/320/320 318/318/318 319/319/319
f 315/315/315 321/321/321 319/319/319
f 319/319/319 321/321/321 320/320/320
f 322/322/322 323/323/323 324/324/324
f 325/325/325 324/324/324 326/326/326
f 326/326/326 327/327/327 325/325/325
f 324/324/324 325/325/325 328/328/328
f 325/325/325 329/329/329 328/328/328
f 328/328/328 330/330/330 331/331/331
f 332/332/332 328/328/328 331/331/331
f 331/331/331 333/333/333 332/332/332
f 334/334/334 333/333/333 331/331/331
f 331/331/331 335/335/335 334/334/334
f 336/336/336 334/334/334 335/335/335
f 331/331/331 337/337/337 335/335/335
f 335/335/335 337/337/337 336/336/336
f 338/338/338 339/339/339 340/340/340
f 341/341/341 342/342/342 338/338/338
f 338/338/338 342/342/342 343/343/343
f 343/343/343 344/344/344 338/338/338
f 345/345/345 346/346/346 347/347/347
f 347/347/347 348/348/348 349/349/349
f 349/349/349 350/350/350 347/347/347
f 347/347/347 350/350/350 351/351/351
f 349/349/349 352/352/352 350/350/350
f 350/350/350 353/353/353 354/354/354
f 355/355/355 356/356/356 354/354/354
f 354/354/354 357/357/357 355/355/355
f 355/355/355 357/357/357 358/358/358
f 358/358/358 357/357/357 359/359/359
f 358/358/358 360/360/360 355/355/355
f 358/358/358 359/359/359 361/361/361
f 361/361/361 360/360/360 358/358/358
f 362/362/362 363/363/363 364/364/364
f 364/364/364 365/365/365 366/366/366
f 366/366/366 367/367/367 364/364/364
f 366/366/366 368/368/368 367/367/367
f 364/364/364 367/367/367 369/369/369
f 367/367/367 370/370/370 369/369/369
f 371/371/371 369/369/369 372/372/372
f 372/372/372 373/373/373 371/371/371
f 369/369/369 374/374/374 372/372/372
f 375/375/375 373/373/373 372/372/372
f 372/372/372 374/374/374 376/376/376
f 372/372/372 376/376/376 375/375/375
f 376/376/376 374/374/374 377/377/377
f 378/378/378 375/375/375 376/376/376
f 376/376/376 377/377/377 378/378/378
f 379/379/379 380/380/380 381/381/381
f 382/382/382 381/381/381 380/380/380
f 383/383/383 384/384/384 385/385/385
f 386/386/386 385/385/385 384/384/384
f 387/387/387 388/388/388 389/389/389
f 390/390/390 389/389/389 388/388/388
f 391/391/391 392/392/392 393/393/393
f 394/394/394 393/393/393 392/392/392
f 395/395/395 396/396/396 397/397/397
f 398/398/398 397/397/397 396/396/396
f 399/399/399 400/400/400 401/401/401
f 402/402/402 401/401/401 400/400/400
f 403/403/403 404/404/404 405/405/405
f 406/406/406 405/405/405 404/404/404
f 407/407/407 408/408/408 409/409/409
f 410/410/410 409/409/409 408/408/408
f 411/411/411 412/412/412 413/413/413
f 414/414/414 413/413/413 412/412/412
f 415/415/415 416/416/416 417/417/417
f 418/418/418 417/417/417 416/416/416
f 419/419/419 420/420/420 421/421/421
f 422/422/422 421/421/421 420/420/420
f 423/423/423 424/424/424 425/425/425
f 426/426/426 425/425/425 424/424/424
f 427/427/427 428/428/428 429/429/429
f 430/430/430 429/429/429 428/428/428
f 431/431/431 432/432/432 433/433/433
f 434/434/434 433/433/433 432/432/432
f 435/435/435 436/436/436 437/437/437
f 438/438/438 437/437/437 436/436/436
f 439/439/439 440/440/440 441/441/441
f 442/442/442 441/441/441 440/440/440
f 443/443/443 444/444/444 445/445/445
f 446/446/446 445/445/445 444/444/444
f 447/447/447 448/448/448 449/449/449
f 450/450/450 449/449/449 448/448/448
f 451/451/451 452/452/452 453/453/453
f 454/454/454 453/453/453 452/452/452
f 455/455/455 456/456/456 457/457/457
f 458/458/458 457/457/457 456/456/456
f 459/459/459 460/460/460 461/461/461
f 460/460/460 459/459/459 462/462/462
f 463/463/463 464/464/464 465/465/465
f 466/466/466 463/463/463 465/465/465
f 467/467/467 468/468/468 469/469/469
f 470/470/470 468/468/468 467/467/467
f 471/471/471 472/472/472 473/473/473
f 474/474/474 471/471/471 473/473/473
f 475/475/475 476/476/476 477/477/477
f 478/478/478 477/477/477 476/476/476
f 479/479/479 480/480/480 481/481/481
f 482/482/482 481/481/481 480/480/480
f 483/483/483 484/484/484 485/485/485
f 485/485/485 486/486/486 483/483/483
f 487/487/487 488/488/488 489/489/489
f 489/489/489 490/490/490 487/487/487
f 491/491/491 492/492/492 493/493/493
f 493/493/493 494/494/494 491/491/491
f 495/495/495 496/496/496 497/497/497
f 497/497/497 498/498/498 495/495/495
f 499/499/499 500/500/500 501/501/501
f 501/501/501 502/502/502 499/499/499
f 503/503/503 504/504/504 505/505/505
f 505/505/505 506/506/506 503/503/503
f 507/507/507 508/508/508 509/509/509
f 509/509/509 510/510/510 507/507/507
f 511/511/511 512/512/512 513/513/513
f 513/513/513 514/514/514 511/511/511
f 515/515/515 516/516/516 517/517/517
f 517/517/517 518/518/518 515/515/515
f 519/519/519 520/520/520 521/521/521
f 521/521/521 522/522/522 519/519/519
f 523/523/523 524/524/524 525/525/525
f 525/525/525 526/526/526 523/523/523
f 527/527/527 528/528/528 529/529/529
f 529/529/529 530/530/530 527/527/527
f 531/531/531 532/532/532 533/533/533
f 533/533/533 534/534/534 531/531/531
f 535/535/535 536/536/536 537/537/537
f 537/537/537 538/538/538 535/535/535
f 539/539/539 540/540/540 541/541/541
f 541/541/541 542/542/542 539/539/539
f 543/543/543 544/544/544 545/545/545
f 545/545/545 546/546/546 543/543/543
f 547/547/547 548/548/548 549/549/549
f 549/549/549 550/550/550 547/547/547
f 551/551/551 552/552/552 553/553/553
f 553/553/553 554/554/554 551/551/551
f 555/555/555 556/556/556 557/557/557
f 557/557/557 558/558/558 555/555/555
f 559/559/559 560/560/560 561/561/561
f 561/561/561 562/562/562 559/559/559
f 563/563/563 564/564/564 565/565/565
f 565/565/565 566/566/566 563/563/563
f 567/567/567 568/568/568 569/569/569
f 569/569/569 570/570/570 567/567/567
f 571/571/571 572/572/572 573/573/573
f 573/573/573 574/574/574 571/571/571
f 575/575/575 576/576/576 577/577/577
f 577/577/577 578/578/578 575/575/575
f 579/579/579 580/580/580 581/581/581
f 581/581/581 582/582/582 579/579/579
f 583/583/583 584/584/584 585/585/585
f 585/585/585 586/586/586 583/583/583
f 587/587/587 588/588/588 589/589/589
f 589/589/589 590/590/590 587/587/587
f 591/591/591 592/592/592 593/593/593
f 593/593/593 594/594/594 591/591/591
f 595/595/595 596/596/596 597/597/597
f 597/597/597 598/598/598 595/595/595
f 599/599/599 600/600/600 601/601/601
f 601/601/601 602/602/602 599/599/599
f 603/603/603 604/604/604 605/605/605
f 606/606/606 603/603/603 605/605/605
f 607/607/607 608/608/608 609/609/609
f 610/610/610 608/608/608 607/607/607
f 611/611/611 612/612/612 613/613/613
f 614/614/614 611/611/611 613/613/613
f 615/615/615 616/616/616 617/617/617
f 618/618/618 616/616/616 615/615/615
f 619/619/619 620/620/620 621/621/621
f 622/622/622 619/619/619 621/621/621
f 623/623/623 624/624/624 625/625/625
f 626/626/626 624/624/624 623/623/623
f 627/627/627 628/628/628 629/629/629
f 630/630/630 627/627/627 629/629/629
f 631/631/631 632/632/632 633/633/633
f 634/634/634 632/632/632 631/631/631
f 635/635/635 636/636/636 637/637/637
f 638/638/638 635/635/635 637/637/637
f 639/639/639 640/640/640 641/641/641
f 642/642/642 640/640/640 639/639/639
f 643/643/643 644/644/644 645/645/645
f 646/646/646 643/643/643 645/645/645
f 647/647/647 648/648/648 649/649/649
f 650/650/650 648/648/648 647/647/647
f 651/651/651 652/652/652 653/653/653
f 654/654/654 651/651/651 653/653/653
f 655/655/655 656/656/656 657/657/657
f 658/658/658 656/656/656 655/655/655
f 659/659/659 660/660/660 661/661/661
f 660/660/660 659/659/659 662/662/662
f 663/663/663 664/664/664 665/665/665
f 665/665/665 664/664/664 666/666/666
f 667/667/667 668/668/668 669/669/669
f 670/670/670 667/667/667 669/669/669
f 671/671/671 672/672/672 673/673/673
f 674/674/674 672/672/672 671/671/671
f 675/675/675 676/676/676 677/677/677
f 678/678/678 675/675/675 677/677/677
f 679/679/679 680/680/680 681/681/681
f 682/682/682 680/680/680 679/679/679
f 683/683/683 684/684/684 685/685/685
f 686/686/686 683/683/683 685/685/685
f 687/687/687 688/688/688 689/689/689
f 690/690/690 688/688/688 687/687/687
f 691/691/691 692/692/692 693/693/693
f 694/694/694 691/691/691 693/693/693
f 695/695/695 696/696/696 697/697/697
f 698/698/698 696/696/696 695/695/695
f 699/699/699 700/700/700 701/701/701
f 701/701/701 702/702/702 699/699/699
f 703/703/703 704/704/704 705/705/705
f 705/705/705 706/706/706 703/703/703
f 707/707/707 708/708/708 709/709/709
f 708/708/708 710/710/710 709/709/709
f 711/711/711 712/712/712 710/710/710
f 710/710/710 713/713/713 711/711/711
f 711/711/711 713/713/713 714/714/714
f 714/714/714 715/715/715 711/711/711
f 716/716/716 717/717/717 718/718/718
f 719/719/719 716/716/716 718/718/718
f 720/720/720 721/721/721 722/722/722
f 721/721/721 723/723/723 722/722/722
f 724/724/724 725/725/725 726/726/726
f 725/725/725 727/727/727 726/726/726
f 728/728/728 729/729/729 730/730/730
f 731/731/731 728/728/728 730/730/730
f 732/732/732 733/733/733 734/734/734
f 735/735/735 732/732/732 734/734/734
f 736/736/736 737/737/737 738/738/738
f 739/739/739 736/736/736 738/738/738
f 740/740/740 741/741/741 742/742/742
f 743/743/743 740/740/740 742/742/742
f 744/744/744 745/745/745 746/746/746
f 747/747/747 744/744/744 746/746/746
f 748/748/748 749/749/749 750/750/750
f 749/749/749 751/751/751 750/750/750
f 752/752/752 753/753/753 754/754/754
f 753/753/753 755/755/755 754/754/754
f 756/756/756 757/757/757 758/758/758
f 757/757/757 759/759/759 758/758/758
f 760/760/760 761/761/761 762/762/762
f 761/761/761 763/763/763 762/762/762
f 764/764/764 765/765/765 766/766/766
f 765/765/765 767/767/767 766/766/766
f 768/768/768 769/769/769 770/770/770
f 769/769/769 771/771/771 770/770/770
f 772/772/772 773/773/773 774/774/774
f 773/773/773 775/775/775 774/774/774
f 776/776/776 777/777/777 778/778/778
f 777/777/777 779/779/779 778/778/778
f 780/780/780 781/781/781 782/782/782
f 782/782/782 783/783/783 780/780/780
f 784/784/784 785/785/785 786/786/786
f 786/786/786 787/787/787 784/784/784
f 788/788/788 789/789/789 790/790/790
f 790/790/790 791/791/791 788/788/788
f 792/792/792 793/793/793 794/794/794
f 794/794/794 795/795/795 792/792/792
f 796/796/796 797/797/797 798/798/798
f 798/798/798 799/799/799 796/796/796
f 800/800/800 801/801/801 802/802/802
f 802/802/802 803/803/803 800/800/800
f 804/804/804 805/805/805 806/806/806
f 806/806/806 807/807/807 804/804/804
f 808/808/808 809/809/809 810/810/810
f 810/810/810 811/811/811 808/808/808
f 812/812/812 813/813/813 814/814/814
f 814/814/814 815/815/815 812/812/812
f 816/816/816 817/817/817 818/818/818
f 818/818/818 819/819/819 816/816/816
f 820/820/820 821/821/821 822/822/822
f 822/822/822 823/823/823 820/820/820
f 824/824/824 825/825/825 826/826/826
f 826/826/826 827/827/827 824/824/824
f 828/828/828 829/829/829 830/830/830
f 830/830/830 831/831/831 828/828/828
f 832/832/832 833/833/833 834/834/834
f 834/834/834 835/835/835 832/832/832
f 836/836/836 837/837/837 838/838/838
f 838/838/838 839/839/839 836/836/836
f 840/840/840 841/841/841 842/842/842
f 842/842/842 843/843/843 840/840/840
f 844/844/844 845/845/845 846/846/846
f 846/846/846 847/847/847 844/844/844
f 848/848/848 849/849/849 850/850/850
f 850/850/850 851/851/851 848/848/848
f 852/852/852 853/853/853 854/854/854
f 854/854/854 855/855/855 852/852/852
f 856/856/856 857/857/857 858/858/858
f 858/858/858 859/859/859 856/856/856
f 860/860/860 861/861/861 862/862/862
f 862/862/862 863/863/863 860/860/860
f 864/864/864 865/865/865 866/866/866
f 866/866/866 867/867/867 864/864/864
f 868/868/868 869/869/869 870/870/870
f 870/870/870 871/871/871 868/868/868
f 872/872/872 873/873/873 874/874/874
f 874/874/874 875/875/875 872/872/872
f 876/876/876 877/877/877 878/878/878
f 878/878/878 879/879/879 876/876/876
f 880/880/880 881/881/881 882/882/882
f 882/882/882 883/883/883 880/880/880
f 884/884/884 885/885/885 886/886/886
f 886/886/886 887/887/887 884/884/884
f 888/888/888 889/889/889 890/890/890
f 890/890/890 891/891/891 888/888/888
f 892/892/892 893/893/893 894/894/894
f 894/894/894 895/895/895 892/892/892
f 896/896/896 897/897/897 898/898/898
f 898/898/898 899/899/899 896/896/896
f 900/900/900 901/901/901 902/902/902
f 902/902/902 903/903/903 900/900/900
f 904/904/904 905/905/905 906/906/906
f 906/906/906 907/907/907 904/904/904
f 908/908/908 909/909/909 910/910/910
f 910/910/910 911/911/911 908/908/908
f 912/912/912 913/913/913 914/914/914
f 914/914/914 915/915/915 912/912/912
f 916/916/916 917/917/917 918/918/918
f 918/918/918 919/919/919 916/916/916
f 920/920/920 921/921/921 922/922/922
f 922/922/922 923/923/923 920/920/920
f 924/924/924 925/925/925 926/926/926
f 926/926/926 927/927/927 924/924/924
f 928/928/928 929/929/929 930/930/930
f 930/930/930 931/931/931 928/928/928
f 932/932/932 933/933/933 934/934/934
f 934/934/934 935/935/935 932/932/932
f 936/936/936 937/937/937 938/938/938
f 938/938/938 939/939/939 936/936/936
f 940/940/940 941/941/941 942/942/942
f 942/942/942 943/943/943 940/940/940
f 944/944/944 945/945/945 946/946/946
f 946/946/946 947/947/947 944/944/944
f 948/948/948 949/949/949 950/950/950
f 950/950/950 951/951/951 948/948/948
f 952/952/952 953/953/953 954/954/954
f 954/954/954 955/955/955 952/952/952
f 956/956/956 957/957/957 958/958/958
f 958/958/958 959/959/959 956/956/956
f 960/960/960 961/961/961 962/962/962
f 962/962/962 963/963/963 960/960/960
f 964/964/964 965/965/965 966/966/966
f 966/966/966 967/967/967 964/964/964
f 968/968/968 969/969/969 970/970/970
f 970/970/970 971/971/971 968/968/968
f 972/972/972 973/973/973 974/974/974
f 974/974/974 975/975/975 972/972/972
f 976/976/976 977/977/977 978/978/978
f 978/978/978 979/979/979 976/976/976
f 980/980/980 981/981/981 982/982/982
f 982/982/982 983/983/983 980/980/980
f 984/984/984 985/985/985 986/986/986
f 986/986/986 987/987/987 984/984/984
f 988/988/988 989/989/989 990/990/990
f 990/990/990 991/991/991 988/988/988
f 992/992/992 993/993/993 994/994/994
f 994/994/994 995/995/995 992/992/992
f 996/996/996 997/997/997 998/998/998
f 998/998/998 999/999/999 996/996/996
f 1000/1000/1000 1001/1001/1001 1002/1002/1002
f 1002/1002/1002 1003/1003/1003 1000/1000/1000
f 1004/1004/1004 1005/1005/1005 1006/1006/1006
f 1006/1006/1006 1007/1007/1007 1004/1004/1004
f 1008/1008/1008 1009/1009/1009 1010/1010/1010
f 1010/1010/1010 1011/1011/1011 1008/1008/1008
f 1012/1012/1012 1013/1013/1013 1014/1014/1014
f 1014/1014/1014 1015/1015/1015 1012/1012/1012
f 1016/1016/1016 1017/1017/1017 1018/1018/1018
f 1018/1018/1018 1019/1019/1019 1016/1016/1016
f 1020/1020/1020 1021/1021/1021 1022/1022/1022
f 1022/1022/1022 1023/1023/1023 1020/1020/1020
f 1024/1024/1024 1025/1025/1025 1026/1026/1026
f 1026/1026/1026 1027/1027/1027 1024/1024/1024
f 1028/1028/1028 1029/1029/1029 1030/1030/1030
f 1030/1030/1030 1031/1031/1031 1028/1028/1028
f 1032/1032/1032 1033/1033/1033 1034/1034/1034
f 1034/1034/1034 1035/1035/1035 1032/1032/1032
f 1036/1036/1036 1037/1037/1037 1038/1038/1038
f 1038/1038/1038 1039/1039/1039 1036/1036/1036
f 1040/1040/1040 1041/1041/1041 1042/1042/1042
f 1042/1042/1042 1043/1043/1043 1040/1040/1040
f 1044/1044/1044 1045/1045/1045 1046/1046/1046
f 1046/1046/1046 1047/1047/1047 1044/1044/1044
f 1048/1048/1048 1049/1049/1049 1050/1050/1050
f 1050/1050/1050 1051/1051/1051 1048/1048/1048
f 1052/1052/1052 1053/1053/1053 1054/1054/1054
f 1054/1054/1054 1055/1055/1055 1052/1052/1052
f 1056/1056/1056 1057/1057/1057 1058/1058/1058
f 1058/1058/1058 1059/1059/1059 1056/1056/1056
f 1060/1060/1060 1061/1061/1061 1062/1062/1062
f 1062/1062/1062 1063/1063/1063 1060/1060/1060
f 1064/1064/1064 1065/1065/1065 1066/1066/1066
f 1066/1066/1066 1067/1067/1067 1064/1064/1064
f 1068/1068/1068 1069/1069/1069 1070/1070/1070
f 1070/1070/1070 1071/1071/1071 1068/1068/1068
f 1072/1072/1072 1073/1073/1073 1074/1074/1074
f 1074/1074/1074 1075/1075/1075 1072/1072/1072
f 1076/1076/1076 1077/1077/1077 1078/1078/1078
f 1078/1078/1078 1079/1079/1079 1076/1076/1076
f 1080/1080/1080 1081/1081/1081 1082/1082/1082
f 1082/1082/1082 1083/1083/1083 1080/1080/1080
f 1084/1084/1084 1085/1085/1085 1086/1086/1086
f 1086/1086/1086 1087/1087/1087 1084/1084/1084
f 1088/1088/1088 1089/1089/1089 1090/1090/1090
f 1090/1090/1090 1091/1091/1091 1088/1088/1088
f 1092/1092/1092 1093/1093/1093 1094/1094/1094
f 1094/1094/1094 1095/1095/1095 1092/1092/1092
f 1096/1096/1096 1097/1097/1097 1098/1098/1098
f 1098/1098/1098 1099/1099/1099 1096/1096/1096
f 1100/1100/1100 1101/1101/1101 1102/1102/1102
f 1102/1102/1102 1103/1103/1103 1100/1100/1100
f 1104/1104/1104 1105/1105/1105 1106/1106/1106
f 1106/1106/1106 1107/1107/1107 1104/1104/1104
f 1108/1108/1108 1109/1109/1109 1110/1110/1110
f 1110/1110/1110 1111/1111/1111 1108/1108/1108
f 1112/1112/1112 1113/1113/1113 1114/1114/1114
f 1114/1114/1114 1115/1115/1115 1112/1112/1112
f 1116/1116/1116 1117/1117/1117 1118/1118/1118
f 1118/1118/1118 1119/1119/1119 1116/1116/1116
f 1120/1120/1120 1121/1121/1121 1122/1122/1122
f 1122/1122/1122 1123/1123/1123 1120/1120/1120
f 1124/1124/1124 1125/1125/1125 1126/1126/1126
f 1126/1126/1126 1127/1127/1127 1124/1124/1124
f 1128/1128/1128 1129/1129/1129 1130/1130/1130
f 1130/1130/1130 1131/1131/1131 1128/1128/1128
f 1132/1132/1132 1133/1133/1133 1134/1134/1134
f 1134/1134/1134 1135/1135/1135 1132/1132/1132
f 1136/1136/1136 1137/1137/1137 1138/1138/1138
f 1138/1138/1138 1139/1139/1139 1136/1136/1136
f 1140/1140/1140 1141/1141/1141 1142/1142/1142
f 1142/1142/1142 1143/1143/1143 1140/1140/1140
f 1144/1144/1144 1145/1145/1145 1146/1146/1146
f 1146/1146/1146 1147/1147/1147 1144/1144/1144
f 1148/1148/1148 1149/1149/1149 1150/1150/1150
f 1150/1150/1150 1151/1151/1151 1148/1148/1148
f 1152/1152/1152 1153/1153/1153 1154/1154/1154
f 1154/1154/1154 1155/1155/1155 1152/1152/1152
f 1156/1156/1156 1157/1157/1157 1158/1158/1158
f 1158/1158/1158 1159/1159/1159 1156/1156/1156
f 1160/1160/1160 1161/1161/1161 1162/1162/1162
f 1162/1162/1162 1163/1163/1163 1160/1160/1160
f 1163/1163/1163 1162/1162/1162 1164/1164/1164
f 1165/1165/1165 1166/1166/1166 1167/1167/1167
f 1167/1167/1167 1168/1168/1168 1165/1165/1165
f 1168/1168/1168 1167/1167/1167 1169/1169/1169
f 1170/1170/1170 1171/1171/1171 1172/1172/1172
f 1172/1172/1172 1173/1173/1173 1170/1170/1170
f 1173/1173/1173 1172/1172/1172 1174/1174/1174
f 1174/1174/1174 1175/1175/1175 1173/1173/1173
f 1175/1175/1175 1174/1174/1174 1176/1176/1176
f 1176/1176/1176 1177/1177/1177 1175/1175/1175
f 1178/1178/1178 1179/1179/1179 1180/1180/1180
f 1180/1180/1180 1181/1181/1181 1178/1178/1178
f 1181/1181/1181 1180/1180/1180 1182/1182/1182
f 1182/1182/1182 1183/1183/1183 1181/1181/1181
f 1183/1183/1183 1182/1182/1182 1184/1184/1184
f 1184/1184/1184 1185/1185/1185 1183/1183/1183
f 1186/1186/1186 1187/1187/1187 1188/1188/1188
f 1189/1189/1189 1186/1186/1186 1188/1188/1188
f 1189/1189/1189 1188/1188/1188 1190/1190/1190
f 1191/1191/1191 1189/1189/1189 1190/1190/1190
f 1192/1192/1192 1191/1191/1191 1190/1190/1190
f 1193/1193/1193 1192/1192/1192 1190/1190/1190
f 1194/1194/1194 1195/1195/1195 1196/1196/1196
f 1196/1196/1196 1195/1195/1195 1197/1197/1197
f 1198/1198/1198 1196/1196/1196 1197/1197/1197
f 1199/1199/1199 1198/1198/1198 1197/1197/1197
f 1197/1197/1197 1200/1200/1200 1199/1199/1199
f 1201/1201/1201 1199/1199/1199 1200/1200/1200
f 1202/1202/1202 1203/1203/1203 1204/1204/1204
f 1204/1204/1204 1203/1203/1203 1205/1205/1205
f 1204/1204/1204 1205/1205/1205 1206/1206/1206
f 1205/1205/1205 1207/1207/1207 1206/1206/1206
f 1205/1205/1205 1208/1208/1208 1207/1207/1207
f 1209/1209/1209 1210/1210/1210 1211/1211/1211
f 1212/1212/1212 1209/1209/1209 1211/1211/1211
f 1212/1212/1212 1211/1211/1211 1213/1213/1213
f 1212/1212/1212 1213/1213/1213 1214/1214/1214
f 1214/1214/1214 1215/1215/1215 1212/1212/1212
f 1214/1214/1214 1213/1213/1213 1216/1216/1216
f 1216/1216/1216 1217/1217/1217 1214/1214/1214
f 1218/1218/1218 1217/1217/1217 1216/1216/1216
f 1216/1216/1216 1219/1219/1219 1218/1218/1218
f 1220/1220/1220 1221/1221/1221 1222/1222/1222
f 1223/1223/1223 1220/1220/1220 1222/1222/1222
f 1222/1222/1222 1224/1224/1224 1223/1223/1223
f 1225/1225/1225 1226/1226/1226 1227/1227/1227
f 1226/1226/1226 1228/1228/1228 1227/1227/1227
f 1228/1228/1228 1229/1229/1229 1227/1227/1227
f 1228/1228/1228 1230/1230/1230 1229/1229/1229
f 1231/1231/1231 1232/1232/1232 1233/1233/1233
f 1233/1233/1233 1234/1234/1234 1231/1231/1231
f 1234/1234/1234 1233/1233/1233 1235/1235/1235
f 1236/1236/1236 1234/1234/1234 1235/1235/1235
f 1237/1237/1237 1236/1236/1236 1235/1235/1235
f 1235/1235/1235 1238/1238/1238 1237/1237/1237
f 1239/1239/1239 1240/1240/1240 1241/1241/1241
f 1240/1240/1240 1242/1242/1242 1241/1241/1241
f 1242/1242/1242 1243/1243/1243 1241/1241/1241
f 1242/1242/1242 1244/1244/1244 1245/1245/1245
f 1245/1245/1245 1243/1243/1243 1242/1242/1242
f 1243/1243/1243 1245/1245/1245 1246/1246/1246
f 1246/1246/1246 1247/1247/1247 1243/1243/1243
f 1246/1246/1246 1248/1248/1248 1247/1247/1247
f 1249/1249/1249 1250/1250/1250 1251/1251/1251
f 1251/1251/1251 1252/1252/1252 1249/1249/1249
f 1252/1252/1252 1251/1251/1251 1253/1253/1253
f 1253/1253/1253 1254/1254/1254 1252/1252/1252
f 1254/1254/1254 1253/1253/1253 1255/1255/1255
f 1255/1255/1255 1256/1256/1256 1254/1254/1254
f 1256/1256/1256 1255/1255/1255 1257/1257/1257
f 1257/1257/1257 1258/1258/1258 1256/1256/1256
f 1258/1258/1258 1257/1257/1257 1259/1259/1259
f 1259/1259/1259 1260/1260/1260 1258/1258/1258
f 1260/1260/1260 1259/1259/1259 1261/1261/1261
f 1261/1261/1261 1262/1262/1262 1260/1260/1260
f 1262/1262/1262 1261/1261/1261 1263/1263/1263
f 1263/1263/1263 1264/1264/1264 1262/1262/1262
f 1264/1264/1264 1263/1263/1263 1265/1265/1265
f 1265/1265/1265 1266/1266/1266 1264/1264/1264
f 1267/1267/1267 1268/1268/1268 1269/1269/1269
f 1269/1269/1269 1268/1268/1268 1270/1270/1270
f 1270/1270/1270 1271/1271/1271 1269/1269/1269
f 1272/1272/1272 1271/1271/1271 1270/1270/1270
f 1270/1270/1270 1273/1273/1273 1272/1272/1272
f 1271/1271/1271 1272/1272/1272 1274/1274/1274
f 1275/1275/1275 1272/1272/1272 1273/1273/1273
f 1274/1274/1274 1276/1276/1276 1271/1271/1271
f 1273/1273/1273 1277/1277/1277 1275/1275/1275
f 1275/1275/1275 1277/1277/1277 1278/1278/1278
f 1276/1276/1276 1274/1274/1274 1279/1279/1279
f 1279/1279/1279 1280/1280/1280 1276/1276/1276
f 1281/1281/1281 1282/1282/1282 1283/1283/1283
f 1284/1284/1284 1281/1281/1281 1283/1283/1283
f 1283/1283/1283 1285/1285/1285 1284/1284/1284
f 1284/1284/1284 1285/1285/1285 1286/1286/1286
f 1286/1286/1286 1287/1287/1287 1284/1284/1284
f 1288/1288/1288 1286/1286/1286 1285/1285/1285
f 1287/1287/1287 1286/1286/1286 1289/1289/1289
f 1285/1285/1285 1290/1290/1290 1288/1288/1288
f 1289/1289/1289 1291/1291/1291 1287/1287/1287
f 1291/1291/1291 1289/1289/1289 1292/1292/1292
f 1293/1293/1293 1288/1288/1288 1290/1290/1290
f 1290/1290/1290 1294/1294/1294 1293/1293/1293
f 1295/1295/1295 1296/1296/1296 1297/1297/1297
f 1298/1298/1298 1295/1295/1295 1297/1297/1297
f 1297/1297/1297 1299/1299/1299 1298/1298/1298
f 1298/1298/1298 1299/1299/1299 1300/1300/1300
f 1300/1300/1300 1301/1301/1301 1298/1298/1298
f 1302/1302/1302 1300/1300/1300 1299/1299/1299
f 1301/1301/1301 1300/1300/1300 1303/1303/1303
f 1299/1299/1299 1304/1304/1304 1302/1302/1302
f 1303/1303/1303 1305/1305/1305 1301/1301/1301
f 1305/1305/1305 1303/1303/1303 1306/1306/1306
f 1307/1307/1307 1302/1302/1302 1304/1304/1304
f 1304/1304/1304 1308/1308/1308 1307/1307/1307
f 1309/1309/1309 1310/1310/1310 1311/1311/1311
f 1311/1311/1311 1310/1310/1310 1312/1312/1312
f 1312/1312/1312 1313/1313/1313 1311/1311/1311
f 1314/1314/1314 1313/1313/1313 1312/1312/1312
f 1312/1312/1312 1315/1315/1315 1314/1314/1314
f 1313/1313/1313 1314/1314/1314 1316/1316/1316
f 1317/1317/1317 1314/1314/1314 1315/1315/1315
f 1316/1316/1316 1318/1318/1318 1313/1313/1313
f 1315/1315/1315 1319/1319/1319 1317/1317/1317
f 1317/1317/1317 1319/1319/1319 1320/1320/1320
f 1318/1318/1318 1316/1316/1316 1321/1321/1321
f 1321/1321/1321 1322/1322/1322 1318/1318/1318
f 1323/1323/1323 1324/1324/1324 1325/1325/1325
f 1324/1324/1324 1326/1326/1326 1325/1325/1325
f 1327/1327/1327 1325/1325/1325 1326/1326/1326
f 1326/1326/1326 1328/1328/1328 1327/1327/1327
f 1329/1329/1329 1330/1330/1330 1331/1331/1331
f 1331/1331/1331 1330/1330/1330 1332/1332/1332
f 1332/1332/1332 1333/1333/1333 1331/1331/1331
f 1334/1334/1334 1333/1333/1333 1332/1332/1332
f 1335/1335/1335 1336/1336/1336 1337/1337/1337
f 1336/1336/1336 1338/1338/1338 1337/1337/1337
f 1338/1338/1338 1339/1339/1339 1337/1337/1337
f 1338/1338/1338 1340/1340/1340 1339/1339/1339
f 1338/1338/1338 1341/1341/1341 1340/1340/1340
f 1341/1341/1341 1342/1342/1342 1340/1340/1340
f 1341/1341/1341 1343/1343/1343 1342/1342/1342
f 1341/1341/1341 1344/1344/1344 1343/1343/1343
f 1343/1343/1343 1344/1344/1344 1345/1345/1345
f 1346/1346/1346 1347/1347/1347 1348/1348/1348
f 1346/1346/1346 1348/1348/1348 1349/1349/1349
f 1349/1349/1349 1348/1348/1348 1350/1350/1350
f 1350/1350/1350 1351/1351/1351 1349/1349/1349
f 1352/1352/1352 1353/1353/1353 1354/1354/1354
f 1354/1354/1354 1355/1355/1355 1352/1352/1352
f 1355/1355/1355 1354/1354/1354 1356/1356/1356
f 1356/1356/1356 1357/1357/1357 1355/1355/1355
f 1358/1358/1358 1359/1359/1359 1360/1360/1360
f 1360/1360/1360 1361/1361/1361 1358/1358/1358
f 1361/1361/1361 1360/1360/1360 1362/1362/1362
f 1362/1362/1362 1363/1363/1363 1361/1361/1361
f 1364/1364/1364 1365/1365/1365 1366/1366/1366
f 1366/1366/1366 1367/1367/1367 1364/1364/1364
f 1368/1368/1368 1367/1367/1367 1366/1366/1366
f 1369/1369/1369 1367/1367/1367 1368/1368/1368
f 1368/1368/1368 1370/1370/1370 1369/1369/1369
f 1371/1371/1371 1369/1369/1369 1370/1370/1370
f 1370/1370/1370 1372/1372/1372 1371/1371/1371
f 1373/1373/1373 1374/1374/1374 1375/1375/1375
f 1375/1375/1375 1374/1374/1374 1376/1376/1376
f 1376/1376/1376 1377/1377/1377 1375/1375/1375
f 1377/1377/1377 1376/1376/1376 1378/1378/1378
f 1378/1378/1378 1379/1379/1379 1377/1377/1377
f 1379/1379/1379 1380/1380/1380 1381/1381/1381
f 1381/1381/1381 1382/1382/1382 1379/1379/1379
f 1382/1382/1382 1381/1381/1381 1383/1383/1383
f 1383/1383/1383 1384/1384/1384 1382/1382/1382
f 1385/1385/1385 1384/1384/1384 1383/1383/1383
f 1383/1383/1383 1386/1386/1386 1385/1385/1385
f 1387/1387/1387 1378/1378/1378 1388/1388/1388
f 1388/1388/1388 1389/1389/1389 1387/1387/1387
f 1389/1389/1389 1388/1388/1388 1390/1390/1390
f 1390/1390/1390 1391/1391/1391 1389/1389/1389
f 1391/1391/1391 1390/1390/1390 1392/1392/1392
f 1393/1393/1393 1387/1387/1387 1394/1394/1394
f 1394/1394/1394 1395/1395/1395 1393/1393/1393
f 1395/1395/1395 1394/1394/1394 1396/1396/1396
f 1396/1396/1396 1397/1397/1397 1395/1395/1395
f 1398/1398/1398 1397/1397/1397 1396/1396/1396
f 1396/1396/1396 1399/1399/1399 1398/1398/1398
f 1400/1400/1400 1401/1401/1401 1402/1402/1402
f 1402/1402/1402 1403/1403/1403 1400/1400/1400
f 1403/1403/1403 1402/1402/1402 1404/1404/1404
f 1404/1404/1404 1405/1405/1405 1403/1403/1403
f 1406/1406/1406 1407/1407/1407 1408/1408/1408
f 1408/1408/1408 1409/1409/1409 1406/1406/1406
f 1409/1409/1409 1408/1408/1408 1410/1410/1410
f 1410/1410/1410 1411/1411/1411 1409/1409/1409
f 1411/1411/1411 1410/1410/1410 1412/1412/1412
f 1410/1410/1410 1413/1413/1413 1412/1412/1412
f 1413/1413/1413 1414/1414/1414 1412/1412/1412
f 1413/1413/1413 1415/1415/1415 1414/1414/1414
f 1412/1412/1412 1416/1416/1416 1411/1411/1411
f 1417/1417/1417 1411/1411/1411 1416/1416/1416
f 1416/1416/1416 1418/1418/1418 1417/1417/1417
f 1417/1417/1417 1418/1418/1418 1419/1419/1419
f 1420/1420/1420 1421/1421/1421 1422/1422/1422
f 1421/1421/1421 1423/1423/1423 1422/1422/1422
f 1423/1423/1423 1424/1424/1424 1422/1422/1422
f 1425/1425/1425 1426/1426/1426 1427/1427/1427
f 1425/1425/1425 1427/1427/1427 1428/1428/1428
f 1427/1427/1427 1429/1429/1429 1428/1428/1428
f 1430/1430/1430 1431/1431/1431 1432/1432/1432
f 1433/1433/1433 1432/1432/1432 1431/1431/1431
f 1431/1431/1431 1434/1434/1434 1433/1433/1433
f 1433/1433/1433 1434/1434/1434 1435/1435/1435
f 1436/1436/1436 1437/1437/1437 1438/1438/1438
f 1438/1438/1438 1439/1439/1439 1436/1436/1436
f 1440/1440/1440 1436/1436/1436 1439/1439/1439
f 1439/1439/1439 1441/1441/1441 1440/1440/1440
f 1442/1442/1442 1440/1440/1440 1441/1441/1441
f 1441/1441/1441 1443/1443/1443 1442/1442/1442
f 1444/1444/1444 1445/1445/1445 1446/1446/1446
f 1446/1446/1446 1447/1447/1447 1444/1444/1444
f 1448/1448/1448 1444/1444/1444 1447/1447/1447
f 1447/1447/1447 1449/1449/1449 1448/1448/1448
f 1450/1450/1450 1448/1448/1448 1449/1449/1449
f 1449/1449/1449 1451/1451/1451 1450/1450/1450
f 1452/1452/1452 1453/1453/1453 1454/1454/1454
f 1454/1454/1454 1455/1455/1455 1452/1452/1452
f 1456/1456/1456 1452/1452/1452 1455/1455/1455
f 1455/1455/1455 1457/1457/1457 1458/1458/1458
f 1458/1458/1458 1459/1459/1459 1455/1455/1455
f 1455/1455/1455 1460/1460/1460 1456/1456/1456
f 1456/1456/1456 1460/1460/1460 1461/1461/1461
f 1461/1461/1461 1462/1462/1462 1456/1456/1456
f 1462/1462/1462 1461/1461/1461 1463/1463/1463
f 1464/1464/1464 1455/1455/1455 1459/1459/1459
f 1459/1459/1459 1465/1465/1465 1466/1466/1466
f 1466/1466/1466 1467/1467/1467 1459/1459/1459
f 1459/1459/1459 1468/1468/1468 1464/1464/1464
f 1469/1469/1469 1459/1459/1459 1467/1467/1467
f 1464/1464/1464 1468/1468/1468 1470/1470/1470
f 1467/1467/1467 1471/1471/1471 1469/1469/1469
f 1470/1470/1470 1472/1472/1472 1464/1464/1464
f 1472/1472/1472 1470/1470/1470 1473/1473/1473
f 1469/1469/1469 1471/1471/1471 1474/1474/1474
f 1474/1474/1474 1475/1475/1475 1469/1469/1469
f 1475/1475/1475 1474/1474/1474 1476/1476/1476
f 1477/1477/1477 1478/1478/1478 1479/1479/1479
f 1479/1479/1479 1480/1480/1480 1477/1477/1477
f 1481/1481/1481 1477/1477/1477 1480/1480/1480
f 1480/1480/1480 1482/1482/1482 1483/1483/1483
f 1483/1483/1483 1484/1484/1484 1480/1480/1480
f 1480/1480/1480 1485/1485/1485 1481/1481/1481
f 1486/1486/1486 1480/1480/1480 1484/1484/1484
f 1487/1487/1487 1481/1481/1481 1485/1485/1485
f 1484/1484/1484 1488/1488/1488 1486/1486/1486
f 1485/1485/1485 1489/1489/1489 1487/1487/1487
f 1487/1487/1487 1489/1489/1489 1490/1490/1490
f 1491/1491/1491 1486/1486/1486 1488/1488/1488
f 1488/1488/1488 1492/1492/1492 1491/1491/1491
f 1491/1491/1491 1492/1492/1492 1493/1493/1493
f 1494/1494/1494 1495/1495/1495 1496/1496/1496
f 1496/1496/1496 1497/1497/1497 1494/1494/1494
f 1498/1498/1498 1494/1494/1494 1497/1497/1497
f 1497/1497/1497 1499/1499/1499 1500/1500/1500
f 1500/1500/1500 1501/1501/1501 1497/1497/1497
f 1497/1497/1497 1502/1502/1502 1498/1498/1498
f 1503/1503/1503 1498/1498/1498 1502/1502/1502
f 1502/1502/1502 1504/1504/1504 1503/1503/1503
f 1503/1503/1503 1504/1504/1504 1505/1505/1505
f 1506/1506/1506 1497/1497/1497 1501/1501/1501
f 1501/1501/1501 1507/1507/1507 1508/1508/1508
f 1508/1508/1508 1509/1509/1509 1501/1501/1501
f 1501/1501/1501 1510/1510/1510 1506/1506/1506
f 1511/1511/1511 1501/1501/1501 1509/1509/1509
f 1512/1512/1512 1506/1506/1506 1510/1510/1510
f 1509/1509/1509 1513/1513/1513 1511/1511/1511
f 1510/1510/1510 1514/1514/1514 1512/1512/1512
f 1512/1512/1512 1514/1514/1514 1515/1515/1515
f 1516/1516/1516 1511/1511/1511 1513/1513/1513
f 1513/1513/1513 1517/1517/1517 1516/1516/1516
f 1516/1516/1516 1517/1517/1517 1518/1518/1518
f 1519/1519/1519 1520/1520/1520 1521/1521/1521
f 1521/1521/1521 1522/1522/1522 1519/1519/1519
f 1523/1523/1523 1519/1519/1519 1522/1522/1522
f 1522/1522/1522 1524/1524/1524 1525/1525/1525
f 1525/1525/1525 1526/1526/1526 1522/1522/1522
f 1522/1522/1522 1527/1527/1527 1523/1523/1523
f 1528/1528/1528 1522/1522/1522 1526/1526/1526
f 1523/1523/1523 1527/1527/1527 1529/1529/1529
f 1526/1526/1526 1530/1530/1530 1528/1528/1528
f 1529/1529/1529 1531/1531/1531 1523/1523/1523
f 1531/1531/1531 1529/1529/1529 1532/1532/1532
f 1528/1528/1528 1530/1530/1530 1533/1533/1533
f 1533/1533/1533 1534/1534/1534 1528/1528/1528
f 1534/1534/1534 1533/1533/1533 1535/1535/1535
f 1536/1536/1536 1537/1537/1537 1538/1538/1538
f 1538/1538/1538 1539/1539/1539 1536/1536/1536
f 1540/1540/1540 1536/1536/1536 1539/1539/1539
f 1539/1539/1539 1541/1541/1541 1540/1540/1540
f 1542/1542/1542 1543/1543/1543 1544/1544/1544
f 1544/1544/1544 1545/1545/1545 1542/1542/1542
f 1546/1546/1546 1542/1542/1542 1545/1545/1545
f 1545/1545/1545 1547/1547/1547 1546/1546/1546
f 1548/1548/1548 1549/1549/1549 1550/1550/1550
f 1550/1550/1550 1551/1551/1551 1548/1548/1548
f 1552/1552/1552 1548/1548/1548 1551/1551/1551
f 1551/1551/1551 1553/1553/1553 1552/1552/1552
f 1554/1554/1554 1552/1552/1552 1553/1553/1553
f 1553/1553/1553 1555/1555/1555 1554/1554/1554
f 1556/1556/1556 1557/1557/1557 1558/1558/1558
f 1559/1559/1559 1560/1560/1560 1556/1556/1556
f 1561/1561/1561 1556/1556/1556 1560/1560/1560
f 1560/1560/1560 1562/1562/1562 1561/1561/1561
f 1560/1560/1560 1563/1563/1563 1562/1562/1562
f 1564/1564/1564 1565/1565/1565 1560/1560/1560
f 1564/1564/1564 1557/1557/1557 1566/1566/1566
f 1566/1566/1566 1567/1567/1567 1564/1564/1564
f 1568/1568/1568 1567/1567/1567 1566/1566/1566
f 1566/1566/1566 1569/1569/1569 1568/1568/1568
f 1570/1570/1570 1567/1567/1567 1568/1568/1568
f 1570/1570/1570 1568/1568/1568 1569/1569/1569
f 1569/1569/1569 1571/1571/1571 1570/1570/1570
f 1572/1572/1572 1573/1573/1573 1574/1574/1574
f 1573/1573/1573 1572/1572/1572 1575/1575/1575
f 1575/1575/1575 1576/1576/1576 1573/1573/1573
f 1575/1575/1575 1577/1577/1577 1576/1576/1576
f 1576/1576/1576 1577/1577/1577 1578/1578/1578
f 1577/1577/1577 1579/1579/1579 1578/1578/1578
f 1577/1577/1577 1580/1580/1580 1579/1579/1579
f 1577/1577/1577 1581/1581/1581 1580/1580/1580
f 1582/1582/1582 1583/1583/1583 1584/1584/1584
f 1585/1585/1585 1584/1584/1584 1583/1583/1583
f 1583/1583/1583 1586/1586/1586 1585/1585/1585
f 1587/1587/1587 1588/1588/1588 1589/1589/1589
f 1590/1590/1590 1589/1589/1589 1588/1588/1588
f 1588/1588/1588 1591/1591/1591 1590/1590/1590
f 1592/1592/1592 1593/1593/1593 1594/1594/1594
f 1594/1594/1594 1595/1595/1595 1592/1592/1592
f 1596/1596/1596 1592/1592/1592 1595/1595/1595
f 1595/1595/1595 1597/1597/1597 1596/1596/1596
f 1598/1598/1598 1599/1599/1599 1600/1600/1600
f 1600/1600/1600 1601/1601/1601 1598/1598/1598
f 1602/1602/1602 1598/1598/1598 1601/1601/1601
f 1601/1601/1601 1603/1603/1603 1602/1602/1602
f 1604/1604/1604 1605/1605/1605 1606/1606/1606
f 1606/1606/1606 1607/1607/1607 1604/1604/1604
f 1608/1608/1608 1604/1604/1604 1607/1607/1607
f 1607/1607/1607 1609/1609/1609 1608/1608/1608
f 1610/1610/1610 1608/1608/1608 1609/1609/1609
f 1609/1609/1609 1611/1611/1611 1610/1610/1610
f 1611/1611/1611 1609/1609/1609 1612/1612/1612
f 1610/1610/1610 1611/1611/1611 1613/1613/1613
f 1612/1612/1612 1614/1614/1614 1611/1611/1611
f 1613/1613/1613 1615/1615/1615 1610/1610/1610
f 1616/1616/1616 1614/1614/1614 1612/1612/1612
f 1612/1612/1612 1617/1617/1617 1616/1616/1616
f 1618/1618/1618 1615/1615/1615 1613/1613/1613
f 1613/1613/1613 1619/1619/1619 1618/1618/1618
f 1620/1620/1620 1621/1621/1621 1622/1622/1622
f 1623/1623/1623 1622/1622/1622 1621/1621/1621
f 1621/1621/1621 1624/1624/1624 1623/1623/1623
f 1625/1625/1625 1623/1623/1623 1624/1624/1624
f 1624/1624/1624 1626/1626/1626 1625/1625/1625
f 1627/1627/1627 1625/1625/1625 1628/1628/1628
f 1628/1628/1628 1629/1629/1629 1627/1627/1627
f 1630/1630/1630 1627/1627/1627 1629/1629/1629
f 1629/1629/1629 1631/1631/1631 1630/1630/1630
f 1630/1630/1630 1631/1631/1631 1632/1632/1632
f 1632/1632/1632 1633/1633/1633 1630/1630/1630
f 1626/1626/1626 1634/1634/1634 1635/1635/1635
f 1635/1635/1635 1636/1636/1636 1626/1626/1626
f 1637/1637/1637 1635/1635/1635 1634/1634/1634
f 1634/1634/1634 1638/1638/1638 1637/1637/1637
f 1637/1637/1637 1638/1638/1638 1639/1639/1639
f 1640/1640/1640 1641/1641/1641 1636/1636/1636
f 1636/1636/1636 1642/1642/1642 1640/1640/1640
f 1643/1643/1643 1640/1640/1640 1642/1642/1642
f 1642/1642/1642 1644/1644/1644 1643/1643/1643
f 1645/1645/1645 1643/1643/1643 1644/1644/1644
f 1644/1644/1644 1646/1646/1646 1645/1645/1645
f 1647/1647/1647 1648/1648/1648 1649/1649/1649
f 1649/1649/1649 1650/1650/1650 1647/1647/1647
f 1651/1651/1651 1647/1647/1647 1650/1650/1650
f 1650/1650/1650 1652/1652/1652 1651/1651/1651
f 1652/1652/1652 1653/1653/1653 1651/1651/1651
f 1654/1654/1654 1653/1653/1653 1652/1652/1652
f 1652/1652/1652 1655/1655/1655 1654/1654/1654
f 1656/1656/1656 1657/1657/1657 1658/1658/1658
f 1658/1658/1658 1659/1659/1659 1656/1656/1656
f 1660/1660/1660 1656/1656/1656 1659/1659/1659
f 1659/1659/1659 1661/1661/1661 1660/1660/1660
f 1660/1660/1660 1661/1661/1661 1662/1662/1662
f 1662/1662/1662 1663/1663/1663 1660/1660/1660
f 1664/1664/1664 1660/1660/1660 1663/1663/1663
f 1665/1665/1665 1663/1663/1663 1662/1662/1662
f 1663/1663/1663 1666/1666/1666 1664/1664/1664
f 1662/1662/1662 1667/1667/1667 1665/1665/1665
f 1664/1664/1664 1666/1666/1666 1668/1668/1668
f 1668/1668/1668 1669/1669/1669 1664/1664/1664
f 1665/1665/1665 1667/1667/1667 1670/1670/1670
f 1670/1670/1670 1671/1671/1671 1665/1665/1665
f 1672/1672/1672 1673/1673/1673 1674/1674/1674
f 1674/1674/1674 1675/1675/1675 1672/1672/1672
f 1676/1676/1676 1672/1672/1672 1675/1675/1675
f 1675/1675/1675 1677/1677/1677 1676/1676/1676
f 1678/1678/1678 1679/1679/1679 1680/1680/1680
f 1680/1680/1680 1681/1681/1681 1678/1678/1678
f 1682/1682/1682 1678/1678/1678 1681/1681/1681
f 1681/1681/1681 1683/1683/1683 1682/1682/1682
f 1684/1684/1684 1685/1685/1685 1686/1686/1686
f 1687/1687/1687 1685/1685/1685 1684/1684/1684
f 1687/1687/1687 1684/1684/1684 1688/1688/1688
f 1684/1684/1684 1689/1689/1689 1688/1688/1688
f 1690/1690/1690 1691/1691/1691 1692/1692/1692
f 1692/1692/1692 1693/1693/1693 1690/1690/1690
f 1694/1694/1694 1693/1693/1693 1692/1692/1692
f 1692/1692/1692 1695/1695/1695 1694/1694/1694
f 1696/1696/1696 1697/1697/1697 1698/1698/1698
f 1698/1698/1698 1699/1699/1699 1696/1696/1696
f 1700/1700/1700 1699/1699/1699 1698/1698/1698
f 1698/1698/1698 1701/1701/1701 1700/1700/1700
f 1702/1702/1702 1703/1703/1703 1704/1704/1704
f 1704/1704/1704 1705/1705/1705 1702/1702/1702
f 1702/1702/1702 1705/1705/1705 1706/1706/1706
f 1706/1706/1706 1707/1707/1707 1702/1702/1702
f 1708/1708/1708 1709/1709/1709 1710/1710/1710
f 1710/1710/1710 1711/1711/1711 1708/1708/1708
f 1708/1708/1708 1711/1711/1711 1712/1712/1712
f 1712/1712/1712 1713/1713/1713 1708/1708/1708
f 1714/1714/1714 1715/1715/1715 1716/1716/1716
f 1716/1716/1716 1717/1717/1717 1714/1714/1714
f 1714/1714/1714 1717/1717/1717 1718/1718/1718
f 1718/1718/1718 1719/1719/1719 1714/1714/1714
f 1720/1720/1720 1721/1721/1721 1722/1722/1722
f 1722/1722/1722 1723/1723/1723 1720/1720/1720
f 1720/1720/1720 1723/1723/1723 1724/1724/1724
f 1724/1724/1724 1725/1725/1725 1720/1720/1720
f 1726/1726/1726 1727/1727/1727 1728/1728/1728
f 1728/1728/1728 1729/1729/1729 1726/1726/1726
f 1726/1726/1726 1729/1729/1729 1730/1730/1730
f 1730/1730/1730 1731/1731/1731 1726/1726/1726
f 1732/1732/1732 1731/1731/1731 1730/1730/1730
f 1730/1730/1730 1733/1733/1733 1732/1732/1732
f 1734/1734/1734 1735/1735/1735 1736/1736/1736
f 1736/1736/1736 1737/1737/1737 1734/1734/1734
f 1738/1738/1738 1737/1737/1737 1736/1736/1736
f 1736/1736/1736 1739/1739/1739 1738/1738/1738
f 1740/1740/1740 1741/1741/1741 1742/1742/1742
f 1742/1742/1742 1743/1743/1743 1740/1740/1740
f 1744/1744/1744 1743/1743/1743 1742/1742/1742
f 1742/1742/1742 1745/1745/1745 1744/1744/1744
f 1746/1746/1746 1747/1747/1747 1748/1748/1748
f 1748/1748/1748 1749/1749/1749 1746/1746/1746
f 1750/1750/1750 1749/1749/1749 1748/1748/1748
f 1748/1748/1748 1751/1751/1751 1750/1750/1750
f 1752/1752/1752 1753/1753/1753 1754/1754/1754
f 1754/1754/1754 1755/1755/1755 1752/1752/1752
f 1756/1756/1756 1755/1755/1755 1754/1754/1754
f 1754/1754/1754 1757/1757/1757 1756/1756/1756
f 1758/1758/1758 1759/1759/1759 1760/1760/1760
f 1760/1760/1760 1761/1761/1761 1758/1758/1758
f 1762/1762/1762 1761/1761/1761 1760/1760/1760
f 1760/1760/1760 1763/1763/1763 1762/1762/1762
f 1764/1764/1764 1765/1765/1765 1766/1766/1766
f 1766/1766/1766 1767/1767/1767 1764/1764/1764
f 1764/1764/1764 1767/1767/1767 1768/1768/1768
f 1768/1768/1768 1769/1769/1769 1764/1764/1764
f 1770/1770/1770 1771/1771/1771 1772/1772/1772
f 1772/1772/1772 1773/1773/1773 1770/1770/1770
f 1770/1770/1770 1773/1773/1773 1774/1774/1774
f 1774/1774/1774 1775/1775/1775 1770/1770/1770
f 1776/1776/1776 1777/1777/1777 1778/1778/1778
f 1778/1778/1778 1779/1779/1779 1776/1776/1776
f 1776/1776/1776 1779/1779/1779 1780/1780/1780
f 1780/1780/1780 1781/1781/1781 1776/1776/1776
f 1782/1782/1782 1783/1783/1783 1784/1784/1784
f 1784/1784/1784 1785/1785/1785 1782/1782/1782
f 1782/1782/1782 1785/1785/1785 1786/1786/1786
f 1786/1786/1786 1787/1787/1787 1782/1782/1782
f 1788/1788/1788 1789/1789/1789 1790/1790/1790
f 1790/1790/1790 1791/1791/1791 1788/1788/1788
f 1788/1788/1788 1791/1791/1791 1792/1792/1792
f 1793/1793/1793 1788/1788/1788 1792/1792/1792
f 1792/1792/1792 1794/1794/1794 1793/1793/1793
f 1795/1795/1795 1793/1793/1793 1794/1794/1794
f 1794/1794/1794 1796/1796/1796 1795/1795/1795
f 1795/1795/1795 1796/1796/1796 1797/1797/1797
f 1797/1797/1797 1798/1798/1798 1795/1795/1795
f 1795/1795/1795 1798/1798/1798 1799/1799/1799
f 1800/1800/1800 1801/1801/1801 1802/1802/1802
f 1800/1800/1800 1802/1802/1802 1803/1803/1803
f 1802/1802/1802 1804/1804/1804 1803/1803/1803
f 1805/1805/1805 1800/1800/1800 1803/1803/1803
f 1805/1805/1805 1803/1803/1803 1806/1806/1806
f 1807/1807/1807 1806/1806/1806 1803/1803/1803
f 1808/1808/1808 1809/1809/1809 1810/1810/1810
f 1810/1810/1810 1811/1811/1811 1808/1808/1808
f 1811/1811/1811 1812/1812/1812 1808/1808/1808
f 1811/1811/1811 1810/1810/1810 1813/1813/1813
f 1814/1814/1814 1815/1815/1815 1811/1811/1811
f 1813/1813/1813 1814/1814/1814 1811/1811/1811
f 1816/1816/1816 1814/1814/1814 1813/1813/1813
f 1813/1813/1813 1817/1817/1817 1816/1816/1816
f 1816/1816/1816 1818/1818/1818 1814/1814/1814
f 1819/1819/1819 1820/1820/1820 1821/1821/1821
f 1819/1819/1819 1821/1821/1821 1822/1822/1822
f 1822/1822/1822 1823/1823/1823 1819/1819/1819
f 1824/1824/1824 1819/1819/1819 1823/1823/1823
f 1823/1823/1823 1825/1825/1825 1824/1824/1824
f 1824/1824/1824 1826/1826/1826 1819/1819/1819
f 1824/1824/1824 1825/1825/1825 1827/1827/1827
f 1828/1828/1828 1826/1826/1826 1824/1824/1824
f 1827/1827/1827 1828/1828/1828 1824/1824/1824
f 1829/1829/1829 1830/1830/1830 1831/1831/1831
f 1829/1829/1829 1831/1831/1831 1832/1832/1832
f 1832/1832/1832 1833/1833/1833 1829/1829/1829
f 1834/1834/1834 1829/1829/1829 1833/1833/1833
f 1833/1833/1833 1835/1835/1835 1834/1834/1834
f 1834/1834/1834 1836/1836/1836 1829/1829/1829
f 1834/1834/1834 1835/1835/1835 1837/1837/1837
f 1838/1838/1838 1836/1836/1836 1834/1834/1834
f 1837/1837/1837 1838/1838/1838 1834/1834/1834
f 1838/1838/1838 1837/1837/1837 1839/1839/1839
f 1840/1840/1840 1841/1841/1841 1838/1838/1838
f 1839/1839/1839 1840/1840/1840 1838/1838/1838
f 1842/1842/1842 1840/1840/1840 1839/1839/1839
f 1839/1839/1839 1843/1843/1843 1842/1842/1842
f 1842/1842/1842 1844/1844/1844 1840/1840/1840
f 1845/1845/1845 1846/1846/1846 1847/1847/1847
f 1845/1845/1845 1847/1847/1847 1848/1848/1848
f 1848/1848/1848 1849/1849/1849 1845/1845/1845
f 1850/1850/1850 1845/1845/1845 1849/1849/1849
f 1849/1849/1849 1851/1851/1851 1850/1850/1850
f 1850/1850/1850 1852/1852/1852 1845/1845/1845
f 1850/1850/1850 1851/1851/1851 1853/1853/1853
f 1854/1854/1854 1852/1852/1852 1850/1850/1850
f 1853/1853/1853 1854/1854/1854 1850/1850/1850
f 1854/1854/1854 1853/1853/1853 1855/1855/1855
f 1856/1856/1856 1857/1857/1857 1854/1854/1854
f 1855/1855/1855 1856/1856/1856 1854/1854/1854
f 1858/1858/1858 1856/1856/1856 1855/1855/1855
f 1855/1855/1855 1859/1859/1859 1858/1858/1858
f 1858/1858/1858 1860/1860/1860 1856/1856/1856
f 1861/1861/1861 1862/1862/1862 1863/1863/1863
f 1861/1861/1861 1863/1863/1863 1864/1864/1864
f 1864/1864/1864 1865/1865/1865 1861/1861/1861
f 1866/1866/1866 1861/1861/1861 1865/1865/1865
f 1865/1865/1865 1867/1867/1867 1866/1866/1866
f 1866/1866/1866 1868/1868/1868 1861/1861/1861
f 1866/1866/1866 1867/1867/1867 1869/1869/1869
f 1870/1870/1870 1868/1868/1868 1866/1866/1866
f 1869/1869/1869 1870/1870/1870 1866/1866/1866
f 1870/1870/1870 1869/1869/1869 1871/1871/1871
f 1872/1872/1872 1873/1873/1873 1870/1870/1870
f 1871/1871/1871 1872/1872/1872 1870/1870/1870
f 1874/1874/1874 1872/1872/1872 1871/1871/1871
f 1871/1871/1871 1875/1875/1875 1874/1874/1874
f 1874/1874/1874 1876/1876/1876 1872/1872/1872
f 1877/1877/1877 1878/1878/1878 1879/1879/1879
f 1877/1877/1877 1879/1879/1879 1880/1880/1880
f 1880/1880/1880 1881/1881/1881 1877/1877/1877
f 1882/1882/1882 1877/1877/1877 1881/1881/1881
f 1881/1881/1881 1883/1883/1883 1882/1882/1882
f 1882/1882/1882 1884/1884/1884 1877/1877/1877
f 1882/1882/1882 1883/1883/1883 1885/1885/1885
f 1886/1886/1886 1884/1884/1884 1882/1882/1882
f 1885/1885/1885 1886/1886/1886 1882/1882/1882
f 1886/1886/1886 1885/1885/1885 1887/1887/1887
f 1888/1888/1888 1889/1889/1889 1886/1886/1886
f 1887/1887/1887 1888/1888/1888 1886/1886/1886
f 1890/1890/1890 1888/1888/1888 1887/1887/1887
f 1887/1887/1887 1891/1891/1891 1890/1890/1890
f 1890/1890/1890 1892/1892/1892 1888/1888/1888
f 1893/1893/1893 1894/1894/1894 1895/1895/1895
f 1893/1893/1893 1895/1895/1895 1896/1896/1896
f 1896/1896/1896 1897/1897/1897 1893/1893/1893
f 1898/1898/1898 1893/1893/1893 1897/1897/1897
f 1897/1897/1897 1899/1899/1899 1898/1898/1898
f 1898/1898/1898 1900/1900/1900 1893/1893/1893
f 1898/1898/1898 1899/1899/1899 1901/1901/1901
f 1902/1902/1902 1900/1900/1900 1898/1898/1898
f 1901/1901/1901 1902/1902/1902 1898/1898/1898
f 1902/1902/1902 1901/1901/1901 1903/1903/1903
f 1904/1904/1904 1905/1905/1905 1902/1902/1902
f 1903/1903/1903 1904/1904/1904 1902/1902/1902
f 1906/1906/1906 1904/1904/1904 1903/1903/1903
f 1903/1903/1903 1907/1907/1907 1906/1906/1906
f 1906/1906/1906 1908/1908/1908 1904/1904/1904
f 1909/1909/1909 1910/1910/1910 1911/1911/1911
f 1909/1909/1909 1911/1911/1911 1912/1912/1912
f 1912/1912/1912 1913/1913/1913 1909/1909/1909
f 1914/1914/1914 1909/1909/1909 1913/1913/1913
f 1913/1913/1913 1915/1915/1915 1914/1914/1914
f 1914/1914/1914 1916/1916/1916 1909/1909/1909
f 1914/1914/1914 1915/1915/1915 1917/1917/1917
f 1918/1918/1918 1916/1916/1916 1914/1914/1914
f 1917/1917/1917 1918/1918/1918 1914/1914/1914
f 1918/1918/1918 1917/1917/1917 1919/1919/1919
f 1920/1920/1920 1921/1921/1921 1918/1918/1918
f 1919/1919/1919 1920/1920/1920 1918/1918/1918
f 1922/1922/1922 1920/1920/1920 1919/1919/1919
f 1919/1919/1919 1923/1923/1923 1922/1922/1922
f 1922/1922/1922 1924/1924/1924 1920/1920/1920
f 1925/1925/1925 1926/1926/1926 1927/1927/1927
f 1927/1927/1927 1926/1926/1926 1928/1928/1928
f 1929/1929/1929 1930/1930/1930 1927/1927/1927
f 1928/1928/1928 1931/1931/1931 1927/1927/1927
f 1927/1927/1927 1931/1931/1931 1929/1929/1929
f 1928/1928/1928 1932/1932/1932 1931/1931/1931
f 1933/1933/1933 1929/1929/1929 1931/1931/1931
f 1931/1931/1931 1932/1932/1932 1934/1934/1934
f 1931/1931/1931 1935/1935/1935 1933/1933/1933
f 1934/1934/1934 1935/1935/1935 1931/1931/1931
f 1934/1934/1934 1936/1936/1936 1935/1935/1935
f 1937/1937/1937 1933/1933/1933 1935/1935/1935
f 1935/1935/1935 1936/1936/1936 1938/1938/1938
f 1935/1935/1935 1939/1939/1939 1937/1937/1937
f 1938/1938/1938 1939/1939/1939 1935/1935/1935
f 1938/1938/1938 1940/1940/1940 1939/1939/1939
f 1941/1941/1941 1937/1937/1937 1939/1939/1939
f 1939/1939/1939 1940/1940/1940 1942/1942/1942
f 1939/1939/1939 1943/1943/1943 1941/1941/1941
f 1942/1942/1942 1943/1943/1943 1939/1939/1939
f 1942/1942/1942 1944/1944/1944 1943/1943/1943
f 1945/1945/1945 1941/1941/1941 1943/1943/1943
f 1943/1943/1943 1944/1944/1944 1946/1946/1946
f 1943/1943/1943 1947/1947/1947 1945/1945/1945
f 1946/1946/1946 1947/1947/1947 1943/1943/1943
f 1948/1948/1948 1945/1945/1945 1947/1947/1947
f 1946/1946/1946 1949/1949/1949 1947/1947/1947
f 1947/1947/1947 1950/1950/1950 1948/1948/1948
f 1947/1947/1947 1949/1949/1949 1951/1951/1951
f 1951/1951/1951 1950/1950/1950 1947/1947/1947
f 1952/1952/1952 1953/1953/1953 1954/1954/1954
f 1955/1955/1955 1956/1956/1956 1953/1953/1953
f 1953/1953/1953 1952/1952/1952 1955/1955/1955
f 1957/1957/1957 1958/1958/1958 1955/1955/1955
f 1952/1952/1952 1959/1959/1959 1960/1960/1960
f 1955/1955/1955 1961/1961/1961 1957/1957/1957
f 1952/1952/1952 1961/1961/1961 1955/1955/1955
f 1961/1961/1961 1952/1952/1952 1960/1960/1960
f 1961/1961/1961 1962/1962/1962 1957/1957/1957
f 1960/1960/1960 1963/1963/1963 1961/1961/1961
f 1964/1964/1964 1965/1965/1965 1966/1966/1966
f 1964/1964/1964 1966/1966/1966 1967/1967/1967
f 1964/1964/1964 1967/1967/1967 1968/1968/1968
f 1965/1965/1965 1969/1969/1969 1966/1966/1966
f 1970/1970/1970 1969/1969/1969 1965/1965/1965
f 1968/1968/1968 1967/1967/1967 1971/1971/1971
f 1968/1968/1968 1971/1971/1971 1972/1972/1972
f 1966/1966/1966 1973/1973/1973 1967/1967/1967
f 1967/1967/1967 1973/1973/1973 1971/1971/1971
f 1969/1969/1969 1973/1973/1973 1966/1966/1966
f 1972/1972/1972 1971/1971/1971 1974/1974/1974
f 1971/1971/1971 1973/1973/1973 1974/1974/1974
f 1972/1972/1972 1974/1974/1974 1975/1975/1975
f 1976/1976/1976 1973/1973/1973 1969/1969/1969
f 1974/1974/1974 1973/1973/1973 1976/1976/1976
f 1975/1975/1975 1974/1974/1974 1976/1976/1976
f 1970/1970/1970 1976/1976/1976 1969/1969/1969
f 1975/1975/1975 1976/1976/1976 1970/1970/1970
