v 1.025831 -0.5727639999999999 1.318561
v 0.980772 -0.5767579999999999 1.318561
v -0.132204 0.46690000000000004 1.068704
v 0.88815 0.5561700000000002 1.068704
v 0.88815 0.5561700000000002 1.086684
v -0.007447 -0.9590839999999999 1.086684
v -0.132204 0.46690000000000004 1.086684
v 1.012908 -0.8698149999999999 1.086684
v 0.191171 0.027735000000000107 1.73881
v 0.646203 0.0675450000000001 1.73881
v 0.689788 -0.43062699999999987 1.73881
v 0.689788 -0.4306269999999999 1.086428
v -0.935424 0.374319 0.004617999999999977
v 1.695166 0.604466 0.004617999999999962
v -0.81454 -1.007387 0.004617000000000061
v 1.816049 -0.777241 0.004617000000000047
v -0.935424 0.37431900000000007 1.086684
v 1.695166 0.6044660000000001 1.086684
v 1.816049 -0.7772409999999998 1.086684
v 1.734403 0.37303500000000006 1.272293
v 1.774453 -0.08473899999999988 1.845168
v 1.814503 -0.5425119999999999 1.272293
v -0.853777 -0.7759559999999999 1.272293
v -0.933877 0.13959000000000008 1.272293
v -0.893827 -0.3181829999999999 1.845168
v -0.108346 0.19633500000000007 1.086609
v 0.989258 -0.5991829999999999 1.086609
v 0.234755 -0.4704379999999999 1.73881
v 0.416099 0.07530400000000018 2.954913
v 0.464526 -0.4782259999999998 2.954913
v 1.615329 0.6619650000000001 1.042421
v 1.704431 0.35861000000000004 1.263005
v 1.832759 -0.07963799999999989 1.845168
v 1.793734 0.36642300000000005 1.263005
v 1.832759 -0.07963799999999989 1.818158
v 1.766719 0.6752100000000001 1.042421
v 0.234755 -0.4704379999999999 1.533601
v 0.150578 0.05207400000000014 2.244925
v 0.681621 0.09853400000000014 2.244925
v 0.730048 -0.4549959999999999 2.244925
v 0.199005 -0.5014559999999999 2.244925
v 0.719173 -0.44899499999999987 1.805099
v 0.208672 -0.4936579999999999 1.805099
v 0.18214 -0.1956719999999999 1.934219
v 0.388604 0.06523600000000013 1.934219
v 0.693558 -0.1509279999999999 1.934219
v 0.671953 0.09073600000000012 1.934219
v 0.492022 -0.4681579999999999 1.934219
v 0.187067 -0.2519929999999999 1.934219
v 0.671953 0.09073600000000011 1.805099
v -1.194462 -0.385079 0.07872400000000003
v -1.194462 -0.362952 0.07872400000000003
v -1.195198 -0.362952 0.017711000000000022
v -1.195198 -0.385079 0.017711000000000025
v -1.590446 -0.3850779999999999 0.892463
v -1.590741 -0.3850779999999999 0.830686
v -1.590741 -0.36295099999999997 0.830686
v 1.637787 1.417592 -8.680247526484474E-17
v 1.749707 1.417593 -8.68025364971847E-17
v 1.637787 0.490466 -3.003238084953029E-17
v 1.749708 0.490466 -3.003238084953029E-17
v 1.637787 1.417592 0.16618299999999991
v 1.749707 1.417593 0.16618299999999991
v 1.637787 0.490466 0.40568899999999997
v 1.749708 0.490466 0.40568999999999994
v 1.749707 1.285624 0.40568999999999994
v 1.637787 1.285624 0.40568999999999994
v -1.916661 -0.571265 3.4979892685745637E-17
v -1.916662 -1.425617 8.729386479300261E-17
v -1.822004 -0.571265 3.4979892685745637E-17
v -1.822004 -0.632887 0.4460740000000001
v -1.916662 -0.632887 0.4460740000000001
v -1.916662 -1.425617 0.44607400000000014
v 1.749707 1.297529 0.19062099999999993
v 1.637787 1.297529 0.19062099999999993
v -1.822004 -1.331694 8.154273972718677E-17
v -1.822004 -1.331712 0.4460740000000001
v -1.480114 -1.331694 8.154273972718677E-17
v -1.480114 -1.425617 8.729386479300261E-17
v -1.480114 -1.425617 0.44607400000000014
v -1.480114 -1.331712 0.4460740000000001
v -1.591035 0.920701 0.7049649999999998
v -0.888357 -0.39831399999999995 0.704965
v -1.869413 -0.39829599999999993 0.704965
v -0.726486 0.34787300000000004 0.704965
v -1.869397 0.544394 0.704965
v -0.726505 0.920628 0.7049649999999998
v -0.888376 0.34787300000000004 0.726499
v -0.888357 -0.39831399999999995 0.726499
v -0.726486 0.34787300000000004 0.726499
v -0.726505 0.920628 0.7264989999999999
v -1.869413 -0.39829599999999993 0.726499
v -1.869397 0.544394 0.726499
v -1.591035 0.920701 0.7264989999999999
v -1.594988 0.910151 0.8972169999999999
v -0.644591 0.910136 0.8972159999999999
v -1.870673 -0.39414599999999994 0.897216
v -1.870674 0.547183 0.897217
v -0.644589 0.32893500000000003 0.897219
v -1.145803 -0.39413499999999996 0.897223
v -1.572441 0.863481 0.897221
v -0.692427 0.863486 0.897223
v -0.69245 0.32899000000000006 0.897219
v -1.823335 -0.35169199999999995 0.897223
v -1.82333 0.531963 0.89722
v -1.145778 -0.35167099999999996 0.897216
v -1.587136 0.880057 0.39017499999999994
v -0.813361 0.880083 0.3901859999999999
v -0.873192 -0.366447 0.390267
v -1.836692 -0.343943 0.390186
v -1.836669 0.541587 0.39017299999999994
v -0.813364 0.859811 0.39011499999999993
v -1.579444 0.859821 0.3901319999999999
v -1.816989 -0.320446 0.390115
v -0.873209 -0.342975 0.390187
v -1.817019 0.534077 0.39014399999999994
v -1.620546 -0.366451 0.390188
v -1.620497 -0.34296 0.390151
v -1.121916 -0.33823499999999995 0.680084
v 0.691588 0.516664 0.519235
v 0.691588 0.516664 0.0046179999999999685
v 0.812472 -0.865042 0.0046170000000000525
v 0.812472 -0.865042 0.519235
v 0.508738 0.500667 0.775179
v 0.629622 -0.88104 0.775179
v 0.500755 -0.892314 0.805652
v 0.068154 0.46212100000000006 0.519235
v 0.189037 -0.919586 0.5192350000000001
v 0.147029 0.4690210000000001 0.691188
v 0.267912 -0.912685 0.6911880000000001
v 0.251004 0.47811800000000004 0.775179
v 0.371888 -0.903588 0.775179
v 0.379871 0.48939200000000005 0.805652
v 0.612713 0.509763 0.691188
v 0.733597 -0.871943 0.691188
v 0.385414 0.4260340000000001 0.805652
v 0.152572 0.40566300000000005 0.691188
v 0.183494 -0.856228 0.519235
v 0.262369 -0.849327 0.691188
v 0.366345 -0.84023 0.775179
v 0.495211 -0.828956 0.805652
v 0.728054 -0.808585 0.691188
v 0.806929 -0.801684 0.519235
v 0.629328 0.26085700000000006 1.086534
v 0.226855 -0.42369199999999996 1.085997
v 0.681887 -0.3838809999999999 1.085997
v 0.191508 -0.019672999999999934 1.085997
v 0.64654 0.020137000000000065 1.085997
v -0.794813 0.40761600000000003 1.31856
v 0.927032 0.5582440000000001 1.318559
v 0.952834 0.26334500000000005 1.318561
v 0.885835 0.5103810000000001 1.318565
v -0.790814 0.36368800000000007 1.318563
v 0.907766 0.2594540000000001 1.318561
v 1.05163 -0.8676629999999999 1.318559
v -0.048421 -0.9627449999999999 1.318559
v -0.074222 -0.6678459999999999 1.318561
v -0.007224 -0.9148819999999999 1.318565
v 1.002748 -0.8276819999999999 1.318565
v -0.029155 -0.6639549999999999 1.318561
v 1.044014 0.15956900000000007 1.464796
v 1.287131 0.1808220000000001 1.465034
v 1.081971 -0.0530809999999999 1.731078
v 1.286679 -0.03515999999999989 1.731247
v 1.085293 0.1264440000000001 1.992887
v 1.252247 0.14105100000000012 1.992887
v 1.099273 -0.03335499999999988 1.992887
v 1.266228 -0.01874799999999988 1.992887
v -0.954269 0.37267000000000006 1.086684
v 1.714011 0.6061150000000001 1.086684
v -0.833385 -1.009036 1.086684
v 1.834895 -0.7755919999999998 1.086684
v 0.697131 0.453306 0.004617999999999972
v 0.66801 -0.1815399999999999 1.845168
v 1.623968 -0.910818 0.004109000000000055
v 1.227068 -0.945542 0.004109000000000058
v 0.18927 -0.916483 0.004618000000000056
v -1.589218 -0.893254 0.708658
v -1.589195 -0.019450999999999954 0.708645
v -1.569516 -0.893233 0.708587
v -1.569545 -0.026960999999999954 0.708616
v 0.45024 -0.29821499999999984 2.573576
v 0.516522 -0.26382599999999984 2.573576
v 0.483847 -0.23633599999999982 2.801716
v 0.446575 -0.25567599999999985 2.801716
v 0.539069 -0.19264099999999984 2.573576
v 0.496529 -0.19630499999999984 2.801716
v 0.504681 -0.12636099999999983 2.573575
v 0.47719 -0.15903199999999984 2.801717
v 0.433494 -0.10381099999999985 2.573575
v 0.437158 -0.14635099999999984 2.801717
v 0.367216 -0.13819999999999982 2.573575
v 0.399886 -0.16569099999999984 2.801717
v 0.344664 -0.20938499999999982 2.573575
v 0.387204 -0.20572099999999982 2.801716
v 0.379054 -0.27566599999999986 2.573576
v 0.406544 -0.24299399999999982 2.801716
v 0.441867 -0.20101399999999983 2.832111
v 0.410369 -0.033260999999999825 2.862833
v 0.442355 -0.030462999999999824 2.862833
v 0.44129 -0.38669099999999984 2.862833
v 0.473276 -0.38389199999999984 2.862833
v -0.995945 0.45971500000000004 1.354269
v -1.244885 0.6582380000000001 1.354269
v -1.555307 0.5873860000000001 1.354269
v -1.693458 0.30051200000000006 1.354269
v -1.555307 0.013639000000000083 1.354269
v -1.244885 -0.05721299999999992 1.354269
v -0.995945 0.14130900000000007 1.354269
v -1.05177 0.4328310000000001 0.724582
v -1.258672 0.59783 0.724582
v -1.516675 0.538943 0.724582
v -1.631497 0.30051200000000006 0.724582
v -1.516675 0.06208200000000004 0.724582
v -1.258672 0.003194000000000044 0.724582
v -1.05177 0.16819300000000006 0.724582
v -1.29418 0.583315 0.757033
v -1.356643 0.583315 0.757033
v -1.29418 0.9771860000000001 0.9740939999999999
v -1.356643 0.9771860000000001 0.9740939999999999
v -1.186671 0.910141 0.8972159999999999
v -1.423744 0.910146 0.8972169999999999
v -1.423749 0.863483 0.897222
v -1.186729 0.863485 0.897222
v -0.81454 -1.007387 1.086684
v -1.29418 0.705115 0.756946
v -1.29418 0.8584810000000002 0.973842
v -1.356643 0.8584810000000002 0.973842
v -1.356643 0.705115 0.756946
v -1.314621 0.6220510000000001 1.090991
v -1.337946 0.6220510000000001 1.090991
v -1.337946 0.8248640000000002 0.948979
v -1.314621 0.8248640000000002 0.948979
v -0.395041 -0.977887 0.24463800000000005
v -0.432713 -0.981183 0.24463800000000005
v -0.401305 -0.906296 0.24479100000000006
v -0.438977 -0.909592 0.24479100000000006
v -0.392138 -1.011071 0.19648700000000005
v -0.429809 -1.014385 0.19646100000000005
v -0.940722 0.16406500000000007 1.231531
v -0.054802 0.2415730000000001 1.231531
v -0.072966 0.44918800000000003 1.231381
v -0.958886 0.37168000000000007 1.231381
v 0.456176 -0.5174669999999998 2.954513
v 0.482253 -0.5150959999999998 2.954519
v 0.400885 0.11503100000000017 2.954513
v 0.427626 0.11727700000000019 2.954519
v 0.989227 -0.5991619999999999 1.275119
v 0.911826 0.28554000000000007 1.275119
v 0.979685 -0.6166309999999999 1.275119
v 1.74741 -0.8477299999999999 1.042421
v 1.782482 -0.5335099999999999 1.263005
v 1.872903 -0.5384849999999999 1.275119
v 1.900666 -0.8558099999999998 1.054085
v 1.007448 -0.9339559999999999 1.054085
v 1.871785 -0.5256969999999999 1.263005
v 1.8988 -0.8344849999999999 1.042421
v 0.688279 -0.6421259999999999 1.275119
v 0.669213 -0.43242799999999987 1.533601
v 0.629322 0.26082400000000006 1.275119
v 0.706723 -0.6238769999999999 1.275119
v 0.561171 -0.4948949999999998 2.521439
v 0.50838 0.10850200000000015 2.521439
v 0.696104 0.12492600000000013 2.225134
v 0.748894 -0.47847099999999987 2.225134
v -1.178418 0.902837 -5.528282211008995E-17
v -1.147274 0.902837 -5.528282211008995E-17
v -1.178418 0.871693 -5.337580211445769E-17
v -1.147274 0.871693 -5.337580211445769E-17
v -1.178418 0.902837 0.893148
v -1.147274 0.902837 0.893148
v -1.178418 0.871693 0.893148
v -1.147274 0.871693 0.893148
v -1.609139 0.879287 -5.384080050409394E-17
v -1.587116 0.857265 -5.249234191355279E-17
v -1.565094 0.879287 -5.384080050409394E-17
v -1.587116 0.90131 -5.5189320326975045E-17
v -1.609139 0.879287 0.893148
v -1.587116 0.901309 0.893148
v -1.565094 0.879287 0.893148
v -1.587116 0.857265 0.893148
v -1.146284 0.898328 0.07872399999999995
v -1.146284 0.876201 0.07872399999999995
v -1.145548 0.876201 0.01771099999999995
v -1.145548 0.898328 0.017710999999999946
v -0.687868 0.898328 0.872649
v -0.651779 0.898328 0.872868
v -0.651779 0.876201 0.872868
v -0.687868 0.876201 0.872649
v 0.840006 0.5430750000000001 1.078496
v 0.869329 0.5456410000000002 1.078496
v 0.869329 0.5456400000000001 1.316608
v 0.840006 0.5430750000000001 1.316608
v 0.871895 0.5163170000000001 1.078496
v 0.871895 0.5163170000000001 1.316608
v 0.842571 0.5137520000000001 1.078496
v 0.842571 0.5137520000000001 1.316608
v -1.585288 0.600654 -3.677944992475272E-17
v -1.482821 0.49220200000000003 0.71378
v -1.680914 0.501419 -3.0703058669083335E-17
v -1.578447 0.39296700000000007 0.71378
v -1.680914 0.600653 -3.6779388692412755E-17
v -1.578447 0.49220200000000003 0.71378
v -1.571275 0.570258 0.09749399999999996
v -1.129038 0.4935510000000001 0.541019
v -1.555506 0.570258 0.20855099999999996
v -1.141154 0.4935510000000001 0.624191
v -1.131255 -0.3115669999999999 0.60836
v -1.071316 -0.992546 -0.02148199999999994
v -1.128869 -0.33885299999999996 0.679562
v -1.071348 -0.992705 0.05948800000000006
v 1.001308 0.47991800000000007 0.77508
v 1.001308 0.479918 0.00461799999999997
v 1.604174 -0.684562 0.0041090000000000414
v 0.633644 0.658312 0.775179
v 0.669342 0.560234 0.691188
v 0.696422 0.48583300000000007 0.519235
v 0.696422 0.485833 0.00461799999999997
v 0.589401 0.77987 0.805652
v 0.589401 0.77987 0.004617999999999952
v 0.611441 0.650231 0.775179
v 0.647138 0.552153 0.691188
v 0.674218 0.47775200000000007 0.519235
v 0.674218 0.477752 0.00461799999999997
v 0.567197 0.771789 0.805652
v 0.567197 0.771789 0.004617999999999953
v 1.11143 0.749071 0.007618999999999954
v 1.442593 0.778044 0.007618999999999952
v 1.091024 0.488541 0.00761899999999997
v 1.50793 0.525015 0.007618999999999968
v 1.134366 0.733334 0.16281899999999994
v 1.422738 0.758563 0.16281899999999994
v 1.117958 0.490904 0.16281899999999996
v 1.480994 0.522666 0.16281899999999996
v 0.001204 -1.147659 0.26760400000000006
v -0.035479 -1.095271 0.26760400000000006
v -0.09919 -1.100845 0.26760400000000006
v -0.126218 -1.158807 0.26760400000000006
v -0.089535 -1.211195 0.26760400000000006
v -0.025824 -1.205621 0.26760400000000006
v -0.009977 -1.148637 -0.0007589999999999297
v -0.040222 -1.105443 -0.0007589999999999324
v -0.092752 -1.110039 -0.000758999999999932
v -0.115037 -1.157829 -0.0007589999999999291
v -0.084792 -1.201023 -0.0007589999999999265
v -0.032262 -1.196427 -0.0007589999999999267
v -1.546556 0.755305 0.72591
v -1.47851 0.6093810000000001 1.278273
v -1.525033 0.5876870000000001 1.278273
v -1.593079 0.733611 0.72591
v 1.862105 -0.05815699999999989 1.851142
v 1.864797 -0.09373199999999988 1.85115
v 0.699816 -0.15981899999999988 1.851142
v 0.702811 -0.19501299999999988 1.85115
v 0.646203 0.06754500000000006 1.086428
v 0.646203 0.06754500000000009 1.533601
v 0.911848 0.28559100000000004 1.086609
v 1.743456 -0.08745099999999989 1.818158
v 0.689788 -0.4306279999999999 1.533601
v 0.549557 -0.36214799999999986 2.521439
v 0.519994 -0.024244999999999843 2.521439
v 0.890087 0.5340300000000001 1.086684
v 0.4357 -0.47308499999999987 1.934219
v -1.12431 -0.31093499999999996 0.608368
v -1.064724 -0.991976 -0.022344999999999938
v -1.064711 -0.99213 0.059290000000000065
v 0.618256 0.44640500000000005 0.691188
v 0.514281 0.43730900000000006 0.775179
v 0.706734 -0.6238929999999999 1.086534
v 0.697131 0.45330600000000004 0.519235
v 1.010971 -0.8476759999999999 1.086684
v 1.604168 -0.684497 0.09948100000000004
v 1.618654 -0.850073 0.09948100000000006
v -0.973757 0.587003 0.729516
v -0.952227 0.3409200000000001 1.466796
v 0.719173 -0.44899499999999987 1.934219
v 0.208672 -0.4936579999999999 1.934219
v 0.212975 -0.22134999999999988 1.845168
v -0.107744 0.1963390000000001 1.275119
v -0.030344 -0.6883619999999999 1.275119
v -0.018772 -0.7039849999999999 1.275119
v -0.866784 0.44480800000000004 1.042421
v -0.734703 -1.064887 1.042421
v -0.823805 -0.7615309999999998 1.263005
v -0.901856 0.1305890000000001 1.263005
v 0.00899 -1.02131 1.054085
v -0.862831 -0.3154709999999999 1.818158
v -0.126822 0.5310350000000001 1.054085
v -0.992277 0.13556300000000007 1.275119
v -0.91199 -0.7821309999999999 1.275119
v -0.952133 -0.3232839999999999 1.845168
v -1.02004 0.45288800000000007 1.054085
v -0.884227 -1.099456 1.054085
v -0.09906 0.2137100000000001 1.275119
v -0.991159 0.12277600000000008 1.263005
v -0.913108 -0.7693439999999999 1.263005
v -0.952133 -0.3232839999999999 1.818158
v -1.018174 0.43156400000000006 1.042421
v -0.886093 -1.078132 1.042421
v 0.193175 0.23927700000000007 1.275119
v 0.273463 -0.6784179999999999 1.275119
v 0.211451 0.029509000000000094 1.533601
v 0.255036 -0.4686629999999999 1.533601
v 0.174285 0.22101400000000007 1.275119
v 0.251686 -0.6636879999999998 1.275119
v 0.466708 -0.5031589999999998 2.954912
v 0.372245 -0.5114239999999999 2.521439
v 0.413918 0.10023700000000019 2.954912
v 0.319455 0.09197300000000015 2.521439
v 0.184521 -0.5278469999999998 2.225134
v 0.131731 0.07554900000000014 2.225134
v -1.472349 0.902837 -5.528282211008995E-17
v -1.472349 0.871693 -5.337580211445769E-17
v -1.441205 0.871693 -5.337580211445769E-17
v -1.441205 0.902837 -5.528282211008995E-17
v -1.472349 0.902837 0.893148
v -1.441205 0.902837 0.893148
v -1.441205 0.871693 0.893148
v -1.472349 0.871693 0.893148
v -1.824626 0.553065 -3.3865464098521545E-17
v -1.854709 0.561125 -3.435899675857793E-17
v -1.86277 0.531042 -3.251694427564044E-17
v -1.832687 0.522982 -3.202341161558405E-17
v -1.824626 0.553065 0.893148
v -1.832687 0.522982 0.893148
v -1.86277 0.531043 0.893148
v -1.854709 0.561126 0.893148
v -1.862757 0.170422 -1.043533784021451E-17
v -1.831731 0.167708 -1.0269153269570215E-17
v -1.829017 0.198733 -1.2168886616747546E-17
v -1.860042 0.201448 -1.23351324197318E-17
v -1.862756 0.17042200000000005 0.893148
v -1.860042 0.20144800000000004 0.893148
v -1.829017 0.19873300000000005 0.893148
v -1.831731 0.16770700000000005 0.893148
v -1.164456 -0.389187 2.3830830690988047E-17
v -1.164456 -0.358042 2.1923749463015834E-17
v -1.195601 -0.358042 2.1923749463015834E-17
v -1.195601 -0.389187 2.3830830690988047E-17
v -1.164456 -0.3891859999999999 0.893147
v -1.1956 -0.3891859999999999 0.893147
v -1.1956 -0.35804199999999997 0.893147
v -1.164456 -0.35804199999999997 0.893147
v -1.836039 0.168774 0.07872399999999999
v -1.858166 0.168774 0.07872399999999999
v -1.858166 0.168038 0.01771099999999999
v -1.836039 0.168038 0.01771099999999999
v -1.836039 -0.30103899999999995 0.892463
v -1.833177 -0.3370159999999999 0.892915
v -1.858166 -0.30103899999999995 0.892463
v -1.861459 -0.336905 2.0629481493336953E-17
v -1.861459 -0.368049 2.2536501488969212E-17
v -1.830314 -0.368049 2.2536501488969212E-17
v -1.830314 -0.336905 2.0629481493336953E-17
v -1.859812 -0.3370159999999999 0.892915
v -1.830315 -0.36804899999999996 0.893147
v -1.861459 -0.36804899999999996 0.893147
v -1.590728 -0.35831 2.1940159730124408E-17
v -1.621872 -0.35831 2.1940159730124408E-17
v -1.621872 -0.389454 2.3847179725756667E-17
v -1.590728 -0.389454 2.3847179725756667E-17
v -1.590744 -0.3594029999999999 0.892976
v -1.621872 -0.38945399999999997 0.893147
v -1.621872 -0.35830999999999996 0.893147
v 0.368516 0.5018250000000001 1.078496
v 0.39784 0.5043900000000001 1.078496
v 0.397839 0.5043900000000001 1.316608
v 0.368516 0.5018250000000001 1.316608
v 0.400405 0.4750670000000001 1.078496
v 0.400405 0.4750670000000001 1.316608
v 0.371082 0.47250200000000003 1.078496
v 0.371082 0.47250100000000006 1.316608
v -0.109909 0.45996800000000004 1.078496
v -0.080585 0.46253400000000006 1.078496
v -0.080585 0.46253400000000006 1.316608
v -0.109909 0.45996800000000004 1.316608
v -0.07802 0.43321000000000004 1.078496
v -0.07802 0.43321000000000004 1.316608
v -0.107343 0.43064500000000006 1.078496
v -0.107343 0.43064500000000006 1.316608
v -0.472739 0.4282250000000001 1.078496
v -0.443416 0.43079000000000006 1.078496
v -0.443416 0.43079000000000006 1.316607
v -0.472739 0.4282250000000001 1.316607
v -0.44085 0.4014670000000001 1.078496
v -0.44085 0.4014670000000001 1.316607
v -0.470174 0.39890100000000006 1.078496
v -0.470174 0.39890100000000006 1.316607
v -0.775299 0.40175400000000006 1.078496
v -0.745976 0.40432000000000007 1.078496
v -0.745976 0.40431900000000004 1.316607
v -0.775299 0.40175400000000006 1.316607
v -0.74341 0.37499600000000005 1.078496
v -0.74341 0.37499600000000005 1.316607
v -0.772734 0.37243100000000007 1.078496
v -0.772734 0.37243100000000007 1.316607
v -1.707588 -0.039135 2.3963276242315835E-18
v -1.707588 -0.134762 8.25179259733478E-18
v -1.608353 -0.134762 8.25179259733478E-18
v -1.599137 0.06333200000000004 0.71378
v -1.599137 -0.032294999999999956 0.71378
v -1.499902 -0.032294999999999956 0.71378
v -1.069442 -0.139558 8.545462899770316E-18
v -0.973816 -0.139558 8.545462899770316E-18
v -0.973816 -0.040323 2.469071644100936E-18
v -1.171909 -0.031106999999999954 0.71378
v -1.076283 0.06812800000000004 0.71378
v -1.076283 -0.031106999999999954 0.71378
v -1.083454 -0.109163 0.097494
v -1.099224 -0.10916299999999998 0.208551
v -1.525691 -0.032455999999999964 0.541019
v -1.513576 -0.03245599999999996 0.624191
v -0.947141 0.500231 -3.063031464921398E-17
v -1.055593 0.39776400000000006 0.71378
v -1.046376 0.595857 -3.648571838997722E-17
v -1.154828 0.49339000000000005 0.71378
v -0.947141 0.595857 -3.648571838997722E-17
v -1.055593 0.49339000000000005 0.71378
v -1.665234 -0.030169999999999992 0.097494
v -1.57746 0.41707000000000005 0.541019
v -1.666609 -0.014459999999999988 0.208551
v -1.576404 0.40500100000000006 0.624191
v -0.989496 0.491516 0.09749399999999997
v -1.077033 0.04427600000000004 0.541019
v -0.988121 0.475807 0.20855099999999996
v -1.078089 0.05634600000000004 0.624191
v 0.03869 -0.9475689999999999 1.078496
v 0.009367 -0.9501339999999999 1.078496
v 0.009367 -0.9501339999999999 1.315523
v 0.038691 -0.9475689999999999 1.315523
v 0.006801 -0.9208109999999999 1.078496
v 0.006802 -0.9208109999999999 1.315523
v 0.036125 -0.9182459999999999 1.078496
v 0.036125 -0.9182449999999999 1.315523
v 0.51018 -0.9063189999999999 1.078496
v 0.480857 -0.9088839999999999 1.078496
v 0.480857 -0.9088839999999999 1.315523
v 0.51018 -0.9063189999999999 1.315523
v 0.478291 -0.8795609999999999 1.078496
v 0.478291 -0.8795609999999999 1.315523
v 0.507614 -0.8769949999999999 1.078496
v 0.507615 -0.8769949999999999 1.315523
v 0.988605 -0.8644619999999998 1.078496
v 0.959282 -0.8670269999999999 1.078496
v 0.959282 -0.8670269999999999 1.315523
v 0.988605 -0.8644619999999998 1.315523
v 0.956716 -0.8377039999999999 1.078496
v 0.956716 -0.8377039999999999 1.315523
v 0.986039 -0.8351379999999999 1.078496
v 0.98604 -0.8351379999999999 1.315523
v 1.111106 -0.775072 0.004617000000000047
v 1.111106 -0.775072 0.77508
v -0.120682 -0.88284 0.77508
v -0.120683 -0.882839 0.004617000000000053
v -0.23048 0.372151 0.004616999999999977
v -0.23048 0.37215100000000007 0.77508
v 1.207274 -0.719287 0.004109000000000044
v 0.064552 0.4577550000000001 0.519235
v 0.109966 0.522612 0.691188
v 0.169831 0.608109 0.775179
v 0.244028 0.714074 0.805652
v 0.244028 0.714074 0.004617999999999956
v 0.083907 0.444202 0.004617999999999973
v 0.083907 0.44420200000000004 0.519235
v 0.129321 0.509059 0.691188
v 0.189186 0.594556 0.775179
v 0.263384 0.700521 0.805652
v 0.263384 0.700521 0.004617999999999957
v 0.810217 -0.844929 0.519235
v 0.764803 -0.909787 0.6911880000000001
v 0.704937 -0.995283 0.7751790000000001
v 0.63074 -1.101248 0.8056520000000001
v 0.63074 -1.101248 0.004618000000000067
v 0.810217 -0.844929 0.004618000000000052
v 0.187192 -0.886984 0.519235
v 0.294213 -1.181021 0.004618000000000072
v 0.294213 -1.181021 0.8056520000000001
v 0.24997 -1.059463 0.7751790000000001
v 0.214272 -0.961385 0.6911880000000001
v 0.685582 -0.981731 0.7751790000000001
v 0.745448 -0.896234 0.691188
v 0.790861 -0.831376 0.519235
v 0.790861 -0.831376 0.004618000000000051
v 0.611385 -1.087696 0.0046180000000000665
v 0.611385 -1.087695 0.8056520000000001
v 0.316417 -1.17294 0.004618000000000072
v 0.209396 -0.878903 0.0046180000000000535
v 0.209396 -0.878903 0.519235
v 0.236476 -0.953304 0.6911880000000001
v 0.272173 -1.051382 0.7751790000000001
v 0.316417 -1.17294 0.8056520000000001
v -0.230873 -1.151203 0.0054450000000000704
v -0.562037 -1.180176 0.005445000000000072
v -0.210467 -0.890673 0.005445000000000055
v -0.627373 -0.927148 0.0054450000000000566
v -0.253809 -1.135466 0.1606450000000001
v -0.542182 -1.160695 0.1606450000000001
v -0.237401 -0.893036 0.16064500000000007
v -0.600438 -0.924798 0.16064500000000007
v 0.984218 -0.6823649999999999 1.405656
v 0.973037 -0.6833439999999998 1.137294
v 0.942792 -0.6401489999999999 1.137294
v 0.947535 -0.6299769999999999 1.405656
v 0.890262 -0.6447449999999999 1.137294
v 0.883825 -0.6355509999999999 1.405656
v 0.867977 -0.6925349999999999 1.137294
v 0.856797 -0.6935129999999999 1.405656
v 0.898222 -0.7357299999999999 1.137294
v 0.893479 -0.7459019999999998 1.405656
v 0.950752 -0.7311339999999998 1.137294
v 0.95719 -0.7403279999999999 1.405656
v -0.758371 0.3578800000000001 1.466796
v -0.779901 0.603963 0.729516
v -1.840139 0.35501000000000005 0.72591
v -1.67913 0.35501000000000005 1.278273
v -1.67913 0.30367700000000003 1.278273
v -1.840139 0.30367700000000003 0.72591
v -1.576771 -0.15087199999999995 0.72591
v -1.496266 -0.011433999999999922 1.278273
v -1.451811 -0.037099999999999925 1.278273
v -1.532315 -0.17653799999999994 0.72591
v -0.91309 0.607275 0.72591
v -1.03643 0.5037810000000001 1.278273
v -1.069427 0.5431040000000001 1.278273
v -0.946086 0.646598 0.72591
v -0.981763 -0.30690099999999987 1.850696
v -0.978329 -0.3415449999999999 1.850705
v 0.180526 -0.2052389999999999 1.850696
v 0.183657 -0.2402639999999999 1.850705
v 0.234755 -0.47043799999999997 1.086428
v 0.191171 0.027735000000000065 1.086428
v 0.191171 0.027735000000000093 1.533601
v -0.009383 -0.9369449999999999 1.086684
v -0.030733 -0.6884129999999999 1.086534
v 0.251686 -0.6636879999999998 1.086384
v 0.455094 -0.37041199999999985 2.954912
v 0.425531 -0.03250999999999982 2.954912
v 0.360631 -0.37867599999999985 2.521439
v 0.331069 -0.040773999999999845 2.521439
v 0.444925 0.07016300000000013 1.934219
v 0.698486 -0.20724999999999988 1.934219
v 0.161452 0.04607300000000012 1.934219
v 0.161452 0.046073000000000114 1.805099
v -1.593183 -0.38976799999999995 0.892805
v 0.066353 0.459938 0.004617999999999972
v 0.256547 0.4147600000000001 0.775179
v 0.806929 -0.801684 0.004617000000000049
v 0.183494 -0.856227 0.004617000000000052
v 0.624079 -0.817681 0.775179
v 0.174229 0.22104100000000004 1.086534
v 0.073697 0.39876300000000003 0.519235
v 0.073697 0.398763 0.004616999999999975
v -0.130267 0.4447610000000001 1.086684
v 1.221754 -0.884797 0.09948100000000006
v 1.207268 -0.719222 0.09948100000000004
v 0.18696 -0.890087 0.004617000000000054
v 0.66801 -0.1815399999999999 1.845168
v 0.555751 -0.46981599999999984 2.517111
v 0.507398 0.08286300000000016 2.517111
v 1.010971 -0.8476759999999999 1.086684
v 0.212975 -0.22134999999999988 1.845168
v 0.324875 0.06689400000000015 2.517111
v 0.373228 -0.48578499999999986 2.517111
v -1.590744 -0.3594029999999999 0.892976
v -0.009383 -0.9369449999999999 1.086684
v 0.066353 0.459938 0.004617999999999972
v -0.130267 0.4447610000000001 1.086684
v 0.66801 -0.1815399999999999 1.845168
v 0.212975 -0.22134999999999988 1.845168
v 1.792616 0.37921000000000005 1.275119
v 1.832759 -0.07963799999999989 1.845168
v 1.764853 0.6965350000000001 1.054085
v 0.899398 0.3010630000000001 1.275119
v 0.871635 0.6183890000000001 1.054085
v 0.607992 0.27556900000000006 1.275119
v 0.66801 -0.1815399999999999 1.845168
v 0.150578 0.052074000000000106 1.73881
v 0.681621 0.09853400000000011 1.73881
v 0.730048 -0.4549959999999999 1.73881
v 0.199005 -0.5014559999999999 1.73881
v 0.150578 0.05207400000000014 2.244925
v 0.681621 0.09853400000000014 2.244925
v 0.730048 -0.4549959999999999 2.244925
v 0.199005 -0.5014559999999999 2.244925
v -1.123145 -0.34508199999999994 0.610594
v -0.878329 -0.3236629999999999 0.610594
v -1.071716 -0.932922 0.06733800000000005
v -0.826899 -0.911504 0.06733800000000005
v -0.126218 -1.158807 0.26760400000000006
v -0.09919 -1.100845 0.26760400000000006
v -0.035479 -1.095271 0.26760400000000006
v 0.001204 -1.147659 0.26760400000000006
v -0.025824 -1.205621 0.26760400000000006
v -0.089535 -1.211195 0.26760400000000006
v 0.883825 -0.6355509999999999 1.405656
v 0.947535 -0.6299769999999999 1.405656
v 0.984218 -0.6823659999999999 1.405656
v 0.95719 -0.7403279999999999 1.405656
v 0.893479 -0.7459019999999998 1.405656
v 0.856797 -0.6935129999999999 1.405656
v 0.67703 0.09282700000000012 1.73881
v 0.67703 0.09282700000000015 2.244925
v 0.15609 0.04725100000000014 2.244925
v 0.15609 0.047251000000000105 1.73881
v 0.203596 -0.4957489999999999 1.73881
v 0.203596 -0.4957489999999999 2.244925
v 0.724536 -0.4501719999999999 2.244925
v 0.724536 -0.4501719999999999 1.73881
v 0.890087 0.5340300000000001 1.086684
v -1.833177 -0.3370159999999999 0.892915
v -1.859812 -0.3370159999999999 0.892915
v 0.88815 0.5561700000000002 1.086684
v -0.132204 0.46690000000000004 1.086684
v -0.108346 0.19633500000000007 1.086609
v 0.989258 -0.5991829999999999 1.086609
v 0.911848 0.28559100000000004 1.086609
v -0.030733 -0.6884129999999999 1.086534
v -0.846042 -0.972837 -0.021481999999999942
v -0.905981 -0.2918569999999999 0.60836
v -0.846075 -0.972996 0.05948800000000006
v -0.903595 -0.3191439999999999 0.679562
v -0.817591 -0.97051 0.059290000000000065
v -0.874796 -0.3166149999999999 0.680084
v 0.88815 0.5561700000000002 1.086684
v 0.64654 0.020137000000000065 1.085997
v -0.132204 0.46690000000000004 1.086684
v 0.64654 0.020137000000000065 1.085997
v -0.108346 0.19633500000000007 1.086609
v 0.64654 0.020137000000000065 1.085997
v -0.007447 -0.9590839999999999 1.086684
v 0.226855 -0.42369199999999996 1.085997
v 1.012908 -0.8698149999999999 1.086684
v 0.226855 -0.42369199999999996 1.085997
v 0.989258 -0.5991829999999999 1.086609
v 0.226855 -0.42369199999999996 1.085997
v 0.507398 0.08286300000000016 2.517111
v 0.324875 0.06689400000000015 2.517111
v 0.373228 -0.48578499999999986 2.517111
v 0.555751 -0.46981599999999984 2.517111
v 1.704431 0.35861000000000004 1.263005
v 1.793734 0.36642300000000005 1.263005
v 0.549557 -0.36214799999999986 2.521439
v 0.360631 -0.37867599999999985 2.521439
v 0.331069 -0.040773999999999845 2.521439
v 0.519994 -0.024244999999999843 2.521439
v 1.749707 1.297529 0.19062099999999993
v 1.749708 0.490466 0.40568999999999994
v 1.749708 0.490466 -3.003238084953029E-17
v 1.637787 1.417592 -8.680247526484474E-17
v 1.637787 1.417592 0.16618299999999991
v 1.637787 1.297529 0.19062099999999993
v 1.637787 0.490466 -3.003238084953029E-17
v 1.749707 1.285624 0.40568999999999994
v -1.822004 -0.632887 0.4460740000000001
v -1.822004 -0.571265 3.4979892685745637E-17
v -1.916662 -0.632887 0.4460740000000001
v -1.916661 -0.571265 3.4979892685745637E-17
v -1.822004 -1.331712 0.4460740000000001
v -1.916662 -1.425617 0.44607400000000014
v -1.480114 -1.425617 0.44607400000000014
v -1.480114 -1.425617 8.729386479300261E-17
v -1.480114 -1.331694 8.154273972718677E-17
v -1.480114 -1.331712 0.4460740000000001
v -0.726505 0.920628 0.7264989999999999
v -1.591035 0.920701 0.7264989999999999
v -1.869413 -0.39829599999999993 0.704965
v -1.869413 -0.39829599999999993 0.726499
v -1.869397 0.544394 0.704965
v -1.591035 0.920701 0.7049649999999998
v -1.591035 0.920701 0.7264989999999999
v -1.869397 0.544394 0.726499
v -0.726486 0.34787300000000004 0.726499
v -0.726505 0.920628 0.7264989999999999
v -0.726505 0.920628 0.7049649999999998
v 1.749707 1.417593 0.16618299999999991
v 1.749707 1.417593 -8.68025364971847E-17
v 1.637787 1.285624 0.40568999999999994
v 1.637787 0.490466 0.40568899999999997
v -1.869413 -0.39829599999999993 0.726499
v -1.869397 0.544394 0.726499
v -0.888357 -0.39831399999999995 0.726499
v 0.234755 -0.4704379999999999 1.533601
v 0.234755 -0.4704379999999999 1.73881
v 0.234755 -0.47043799999999997 1.086428
v 0.234755 -0.4704379999999999 1.73881
v 0.689788 -0.43062699999999987 1.73881
v 0.689788 -0.4306279999999999 1.533601
v 1.816049 -0.7772409999999998 1.086684
v 1.816049 -0.777241 0.004617000000000047
v 0.812472 -0.865042 0.0046170000000000525
v 0.812472 -0.865042 0.519235
v 0.733597 -0.871943 0.691188
v 0.066353 0.459938 0.004617999999999972
v 0.068154 0.46212100000000006 0.519235
v 1.252247 0.14105100000000012 1.992887
v 1.287131 0.1808220000000001 1.465034
v 1.266228 -0.01874799999999988 1.992887
v 1.286679 -0.03515999999999989 1.731247
v 1.085293 0.1264440000000001 1.992887
v 1.099273 -0.03335499999999988 1.992887
v 1.081971 -0.0530809999999999 1.731078
v 1.044014 0.15956900000000007 1.464796
v 1.252247 0.14105100000000012 1.992887
v 1.266228 -0.01874799999999988 1.992887
v 1.099273 -0.03335499999999988 1.992887
v 1.085293 0.1264440000000001 1.992887
v 0.691588 0.516664 0.519235
v 0.691588 0.516664 0.0046179999999999685
v 1.695166 0.604466 0.004617999999999962
v 1.695166 0.6044660000000001 1.086684
v 0.612713 0.509763 0.691188
v 0.508738 0.500667 0.775179
v 0.379871 0.48939200000000005 0.805652
v 0.251004 0.47811800000000004 0.775179
v 0.147029 0.4690210000000001 0.691188
v 0.267912 -0.912685 0.6911880000000001
v 0.189037 -0.919586 0.5192350000000001
v 0.18927 -0.916483 0.004618000000000056
v 0.371888 -0.903588 0.775179
v 0.500755 -0.892314 0.805652
v 0.629622 -0.88104 0.775179
v 0.191171 0.027735000000000093 1.533601
v 0.646203 0.06754500000000009 1.533601
v 0.646203 0.0675450000000001 1.73881
v 0.191171 0.027735000000000107 1.73881
v -0.81454 -1.007387 1.086684
v -0.81454 -1.007387 0.004617000000000061
v -0.935424 0.374319 0.004617999999999977
v -0.935424 0.37431900000000007 1.086684
v 1.618654 -0.850073 0.09948100000000006
v 1.221754 -0.884797 0.09948100000000006
v -1.589195 -0.019450999999999954 0.708645
v -1.569516 -0.893233 0.708587
v 0.504681 -0.12636099999999983 2.573575
v 0.47719 -0.15903199999999984 2.801717
v -1.631497 0.30051200000000006 0.724582
v -1.693458 0.30051200000000006 1.354269
v -1.693458 0.30051200000000006 1.354269
v -1.555307 0.5873860000000001 1.354269
v -1.244885 0.6582380000000001 1.354269
v -0.995945 0.45971500000000004 1.354269
v -0.995945 0.14130900000000007 1.354269
v -1.244885 -0.05721299999999992 1.354269
v -1.555307 0.013639000000000083 1.354269
v 0.646203 0.06754500000000009 1.533601
v 0.646203 0.06754500000000006 1.086428
v 0.689788 -0.4306269999999999 1.086428
v 0.689788 -0.4306279999999999 1.533601
v 0.519994 -0.024244999999999843 2.521439
v 0.549557 -0.36214799999999986 2.521439
v 1.832759 -0.07963799999999989 1.818158
v 1.743456 -0.08745099999999989 1.818158
v 1.782482 -0.5335099999999999 1.263005
v 1.871785 -0.5256969999999999 1.263005
v 0.629328 0.26085700000000006 1.086534
v 0.629322 0.26082400000000006 1.275119
v 0.706723 -0.6238769999999999 1.275119
v 0.706734 -0.6238929999999999 1.086534
v 0.911826 0.28554000000000007 1.275119
v 0.911848 0.28559100000000004 1.086609
v 0.989258 -0.5991829999999999 1.086609
v 0.989227 -0.5991619999999999 1.275119
v 0.425531 -0.03250999999999982 2.954912
v 0.455094 -0.37041199999999985 2.954912
v 0.208672 -0.4936579999999999 1.805099
v 0.719173 -0.44899499999999987 1.805099
v 0.208672 -0.4936579999999999 1.805099
v 0.719173 -0.44899499999999987 1.805099
v 0.492022 -0.4681579999999999 1.934219
v 0.4357 -0.47308499999999987 1.934219
v -1.578447 0.49220200000000003 0.71378
v -1.680914 0.600653 -3.6779388692412755E-17
v 1.001308 0.479918 0.00461799999999997
v 0.697131 0.453306 0.004617999999999972
v 0.697131 0.45330600000000004 0.519235
v 1.001308 0.47991800000000007 0.77508
v 0.514281 0.43730900000000006 0.775179
v 0.618256 0.44640500000000005 0.691188
v 1.618654 -0.850073 0.09948100000000006
v 1.604168 -0.684497 0.09948100000000004
v 1.623968 -0.910818 0.004109000000000055
v 1.422738 0.758563 0.16281899999999994
v 1.134366 0.733334 0.16281899999999994
v 1.480994 0.522666 0.16281899999999996
v 1.442593 0.778044 0.007618999999999952
v 1.117958 0.490904 0.16281899999999996
v 1.11143 0.749071 0.007618999999999954
v -0.032262 -1.196427 -0.0007589999999999267
v -0.025824 -1.205621 0.26760400000000006
v 0.191171 0.027735000000000065 1.086428
v 0.191171 0.027735000000000093 1.533601
v 0.234755 -0.4704379999999999 1.533601
v 0.234755 -0.47043799999999997 1.086428
v -0.952133 -0.3232839999999999 1.845168
v 0.212975 -0.22134999999999988 1.845168
v 0.331069 -0.040773999999999845 2.521439
v 0.360631 -0.37867599999999985 2.521439
v -0.913108 -0.7693439999999999 1.263005
v -0.823805 -0.7615309999999998 1.263005
v -0.862831 -0.3154709999999999 1.818158
v -0.952133 -0.3232839999999999 1.818158
v -0.991159 0.12277600000000008 1.263005
v -0.901856 0.1305890000000001 1.263005
v 0.174285 0.22101400000000007 1.275119
v 0.174229 0.22104100000000004 1.086534
v 0.251686 -0.6636879999999998 1.086384
v 0.251686 -0.6636879999999998 1.275119
v -0.108346 0.19633500000000007 1.086609
v -0.107744 0.1963390000000001 1.275119
v -0.030344 -0.6883619999999999 1.275119
v -0.030733 -0.6884129999999999 1.086534
v 0.671953 0.09073600000000011 1.805099
v 0.161452 0.046073000000000114 1.805099
v 0.161452 0.046073000000000114 1.805099
v 0.161452 0.046073000000000114 1.805099
v 0.388604 0.06523600000000013 1.934219
v 0.671953 0.09073600000000012 1.934219
v 0.161452 0.046073000000000114 1.805099
v 0.444925 0.07016300000000013 1.934219
v 0.719173 -0.44899499999999987 1.934219
v 0.719173 -0.44899499999999987 1.805099
v 0.671953 0.09073600000000011 1.805099
v 0.671953 0.09073600000000012 1.934219
v 0.719173 -0.44899499999999987 1.805099
v 0.671953 0.09073600000000011 1.805099
v 0.693558 -0.1509279999999999 1.934219
v 0.698486 -0.20724999999999988 1.934219
v 0.161452 0.04607300000000012 1.934219
v 0.161452 0.046073000000000114 1.805099
v 0.208672 -0.4936579999999999 1.805099
v 0.208672 -0.4936579999999999 1.934219
v 0.161452 0.046073000000000114 1.805099
v 0.208672 -0.4936579999999999 1.805099
v 0.187067 -0.2519929999999999 1.934219
v 0.18214 -0.1956719999999999 1.934219
v -1.833177 -0.3370159999999999 0.892915
v -1.830314 -0.336905 2.0629481493336953E-17
v -1.830315 -0.36804899999999996 0.893147
v -1.830314 -0.368049 2.2536501488969212E-17
v -1.859812 -0.3370159999999999 0.892915
v -1.861459 -0.36804899999999996 0.893147
v -1.861459 -0.368049 2.2536501488969212E-17
v -1.861459 -0.336905 2.0629481493336953E-17
v -1.599137 -0.032294999999999956 0.71378
v -1.707588 -0.134762 8.25179259733478E-18
v -1.076283 -0.031106999999999954 0.71378
v -0.973816 -0.139558 8.545462899770316E-18
v -1.055593 0.49339000000000005 0.71378
v -0.947141 0.595857 -3.648571838997722E-17
v 1.111106 -0.775072 0.77508
v 0.806929 -0.801684 0.519235
v 0.806929 -0.801684 0.004617000000000049
v 1.111106 -0.775072 0.004617000000000047
v -0.120683 -0.882839 0.004617000000000053
v 0.183494 -0.856227 0.004617000000000052
v 0.183494 -0.856228 0.519235
v -0.120682 -0.88284 0.77508
v -0.23048 0.37215100000000007 0.77508
v 0.073697 0.39876300000000003 0.519235
v 0.073697 0.398763 0.004616999999999975
v -0.23048 0.372151 0.004616999999999977
v 0.152572 0.40566300000000005 0.691188
v 0.728054 -0.808585 0.691188
v 0.366345 -0.84023 0.775179
v 0.262369 -0.849327 0.691188
v 0.256547 0.4147600000000001 0.775179
v 0.624079 -0.817681 0.775179
v 1.227068 -0.945542 0.004109000000000058
v 1.207268 -0.719222 0.09948100000000004
v 1.221754 -0.884797 0.09948100000000006
v -0.542182 -1.160695 0.1606450000000001
v -0.253809 -1.135466 0.1606450000000001
v -0.600438 -0.924798 0.16064500000000007
v -0.542182 -1.160695 0.1606450000000001
v -0.562037 -1.180176 0.005445000000000072
v -0.253809 -1.135466 0.1606450000000001
v -0.237401 -0.893036 0.16064500000000007
v -0.230873 -1.151203 0.0054450000000000704
v 0.950752 -0.7311339999999998 1.137294
v 0.95719 -0.7403279999999999 1.405656
v 0.681621 0.09853400000000011 1.73881
v 0.730048 -0.4549959999999999 1.73881
v 0.730048 -0.4549959999999999 2.244925
v 0.681621 0.09853400000000014 2.244925
v 0.199005 -0.5014559999999999 1.73881
v 0.150578 0.052074000000000106 1.73881
v 0.150578 0.05207400000000014 2.244925
v 0.199005 -0.5014559999999999 2.244925
v 0.67703 0.09282700000000012 1.73881
v 0.67703 0.09282700000000015 2.244925
v 0.724536 -0.4501719999999999 2.244925
v 0.724536 -0.4501719999999999 1.73881
v 0.203596 -0.4957489999999999 1.73881
v 0.203596 -0.4957489999999999 2.244925
v 0.15609 0.04725100000000014 2.244925
v 0.15609 0.047251000000000105 1.73881
v -0.903595 -0.3191439999999999 0.679562
v -0.817591 -0.97051 0.059290000000000065
v -0.846075 -0.972996 0.05948800000000006
v -0.903595 -0.3191439999999999 0.679562
v 1.749707 1.417593 0.16618299999999991
v 1.637787 1.417592 0.16618299999999991
v 1.749707 1.417593 0.16618299999999991
v 1.749708 0.490466 0.40568999999999994
v 1.749708 0.490466 0.40568999999999994
v 1.637787 0.490466 0.40568899999999997
v -1.916662 -0.632887 0.4460740000000001
v -1.822004 -0.632887 0.4460740000000001
v -1.916662 -0.632887 0.4460740000000001
v 1.637787 1.297529 0.19062099999999993
v 1.749707 1.297529 0.19062099999999993
v 1.749707 1.285624 0.40568999999999994
v 1.749707 1.285624 0.40568999999999994
v 1.637787 1.285624 0.40568999999999994
v 1.637787 1.297529 0.19062099999999993
v -1.916662 -1.425617 8.729386479300261E-17
v -1.916662 -1.425617 8.729386479300261E-17
v -1.916662 -1.425617 0.44607400000000014
v -1.480114 -1.331712 0.4460740000000001
v -1.480114 -1.425617 0.44607400000000014
v -1.480114 -1.331712 0.4460740000000001
v -1.822004 -1.331712 0.4460740000000001
v -1.822004 -1.331712 0.4460740000000001
v -1.822004 -1.331694 8.154273972718677E-17
v 0.441867 -0.20101399999999983 2.832111
v 0.441867 -0.20101399999999983 2.832111
v 0.441867 -0.20101399999999983 2.832111
v 1.422738 0.758563 0.16281899999999994
v 1.134366 0.733334 0.16281899999999994
v 1.134366 0.733334 0.16281899999999994
v 0.425531 -0.03250999999999982 2.954912
v 0.413918 0.10023700000000019 2.954912
v 0.455094 -0.37041199999999985 2.954912
v 0.466708 -0.5031589999999998 2.954912
vt 0.458128 0.221267
vt 0.453095 0.221256
vt 0.542836 0.005306
vt 0.428861 0.004199
vt 0.428851 0.008202
vt 0.456452 0.136425
vt 0.542826 0.009307
vt 0.342477 0.137329
vt 0.315924 0.306661
vt 0.120508 0.191187
vt 0.360106 0.409404
vt 0.322694 0.373922
vt 0.378443 0.993754
vt 0.218753 0.994375
vt 0.672895 0.743981
vt 0.373093 0.994375
vt 0.378443 0.752934
vt 0.218753 0.753555
vt 0.373093 0.753555
vt 0.226701 0.229689
vt 0.290450 0.331957
vt 0.226702 0.434228
vt 0.245271 0.453402
vt 0.347540 0.453402
vt 0.296406 0.325906
vt 0.660183 0.271012
vt 0.660183 0.271012
vt 0.334047 0.079444
vt 0.476489 0.225518
vt 0.607169 0.224312
vt 0.211134 0.645244
vt 0.201847 0.529102
vt 0.185379 0.995292
vt 0.188242 0.529102
vt 0.188552 0.314947
vt 0.188136 0.645244
vt 0.312043 0.067239
vt 0.446830 0.383529
vt 0.506149 0.383529
vt 0.577509 0.382324
vt 0.636828 0.382324
vt 0.041686 0.684339
vt 0.003246 0.684339
vt 0.542133 0.697479
vt 0.542133 0.686739
vt 0.542133 0.686739
vt 0.542133 0.742150
vt 0.542133 0.686739
vt 0.542133 0.686739
vt 0.041686 0.765619
vt 0.895085 0.281947
vt 0.895022 0.298104
vt 0.889308 0.292266
vt 0.889326 0.287612
vt 0.990260 0.283437
vt 0.984409 0.289087
vt 0.984391 0.293741
vt 0.977190 0.636842
vt 0.965418 0.636842
vt 0.977191 0.995470
vt 0.785575 0.425227
vt 0.977190 0.671798
vt 0.965419 0.671798
vt 0.977191 0.910135
vt 0.785575 0.510562
vt 0.869204 0.510561
vt 0.977190 0.742878
vt 0.927172 0.715833
vt 0.830200 0.709965
vt 0.917216 0.715833
vt 0.917217 0.810554
vt 0.927172 0.810554
vt 0.830200 0.616135
vt 0.965419 0.697570
vt 0.977190 0.697570
vt 0.877424 0.811006
vt 0.877425 0.717177
vt 0.834346 0.957545
vt 0.834346 0.977302
vt 0.881260 0.977301
vt 0.881260 0.957549
vt 0.998038 0.493027
vt 0.998021 0.996134
vt 0.998029 0.789774
vt 0.998048 0.190701
vt 0.998035 0.591484
vt 0.998044 0.311178
vt 0.676658 0.494431
vt 0.995755 0.996134
vt 0.659632 0.494429
vt 0.659639 0.373953
vt 0.995764 0.789773
vt 0.995771 0.591484
vt 0.750563 0.373953
vt 0.547141 0.358087
vt 0.670685 0.124331
vt 0.518385 0.083468
vt 0.518376 0.281427
vt 0.609559 0.124332
vt 0.594626 0.083686
vt 0.549541 0.348229
vt 0.665779 0.134395
vt 0.609564 0.134399
vt 0.523341 0.092534
vt 0.523261 0.278405
vt 0.594586 0.092748
vt 0.549689 0.159434
vt 0.549596 0.322179
vt 0.680667 0.310022
vt 0.678461 0.107348
vt 0.585329 0.107058
vt 0.551728 0.322192
vt 0.551818 0.161058
vt 0.675987 0.111485
vt 0.678199 0.310011
vt 0.586115 0.111194
vt 0.680793 0.152821
vt 0.678322 0.152824
vt 0.761249 0.086409
vt 0.838360 0.088119
vt 0.781094 0.088121
vt 0.997150 0.159907
vt 0.939885 0.159908
vt 0.874333 0.088118
vt 0.903911 0.159909
vt 0.889122 0.159909
vt 0.939884 0.088117
vt 0.838360 0.159910
vt 0.918819 0.088117
vt 0.859426 0.159910
vt 0.903911 0.088117
vt 0.874334 0.159909
vt 0.889122 0.088117
vt 0.859425 0.088118
vt 0.918819 0.159908
vt 0.889122 0.073964
vt 0.918819 0.073963
vt 0.838360 0.145755
vt 0.859426 0.145754
vt 0.874334 0.145754
vt 0.889122 0.145754
vt 0.918819 0.145753
vt 0.939885 0.145753
vt 0.557594 0.207941
vt 0.425060 0.022517
vt 0.374232 0.022921
vt 0.511384 0.123159
vt 0.460556 0.122667
vt 0.961277 0.011595
vt 0.768955 0.011545
vt 0.768955 0.077426
vt 0.773985 0.021357
vt 0.961272 0.021356
vt 0.773988 0.077415
vt 0.458128 0.155703
vt 0.335261 0.155958
vt 0.335260 0.221524
vt 0.340293 0.165770
vt 0.453097 0.165515
vt 0.340294 0.221513
vt 0.172238 0.172711
vt 0.209171 0.172638
vt 0.145684 0.077740
vt 0.235722 0.077740
vt 0.178024 0.005565
vt 0.203388 0.005565
vt 0.153990 0.005565
vt 0.227422 0.005565
vt 0.373575 0.494710
vt 0.206047 0.177618
vt 0.219235 0.494710
vt 0.206048 0.486298
vt 0.781094 0.073966
vt 0.150725 0.189031
vt 0.783978 0.811867
vt 0.783978 0.723197
vt 0.781095 0.159911
vt 0.988425 0.311861
vt 0.896920 0.312069
vt 0.988425 0.316284
vt 0.896920 0.316284
vt 0.141371 0.268800
vt 0.134162 0.262195
vt 0.144743 0.227393
vt 0.146866 0.230391
vt 0.128184 0.252649
vt 0.143203 0.222673
vt 0.123238 0.242762
vt 0.142579 0.216318
vt 0.170465 0.252487
vt 0.155394 0.222617
vt 0.164504 0.262106
vt 0.153870 0.227347
vt 0.157294 0.268713
vt 0.151750 0.230358
vt 0.149338 0.271136
vt 0.149308 0.231413
vt 0.149294 0.220481
vt 0.091107 0.367388
vt 0.087534 0.367388
vt 0.091107 0.446449
vt 0.087534 0.446449
vt 0.778206 0.819179
vt 0.743941 0.819179
vt 0.710002 0.819179
vt 0.676497 0.819179
vt 0.880351 0.819179
vt 0.846671 0.819179
vt 0.812398 0.819179
vt 0.778206 0.949892
vt 0.743941 0.949892
vt 0.710002 0.949892
vt 0.676794 0.949892
vt 0.880351 0.949892
vt 0.846671 0.949892
vt 0.812676 0.949892
vt 0.442468 0.334591
vt 0.451404 0.334591
vt 0.442467 0.226552
vt 0.451403 0.226551
vt 0.670647 0.238338
vt 0.565153 0.358019
vt 0.565156 0.348108
vt 0.665740 0.238340
vt 0.672895 0.503161
vt 0.442467 0.307992
vt 0.442467 0.252116
vt 0.451403 0.252115
vt 0.451403 0.307991
vt 0.399811 0.006420
vt 0.399841 0.015235
vt 0.425879 0.014894
vt 0.425850 0.006079
vt 0.176008 0.202776
vt 0.181849 0.202776
vt 0.176008 0.185620
vt 0.181849 0.185620
vt 0.176008 0.217549
vt 0.181849 0.217549
vt 0.712576 0.188562
vt 0.811536 0.188562
vt 0.811536 0.234945
vt 0.712576 0.234945
vt 0.015349 0.034979
vt 0.015363 0.021795
vt 0.111435 0.034980
vt 0.111421 0.021470
vt 0.639207 0.270942
vt 0.578567 0.271023
vt 0.049686 0.774045
vt 0.211479 0.659243
vt 0.201618 0.774047
vt 0.185380 0.774047
vt 0.185380 0.656456
vt 0.049686 0.656454
vt 0.188151 0.774047
vt 0.188151 0.659243
vt 0.005318 0.774044
vt 0.005318 0.874374
vt 0.578566 0.207939
vt 0.639206 0.207882
vt 0.008746 0.193052
vt 0.100547 0.193052
vt 0.100547 0.299310
vt 0.008746 0.299310
vt 0.803466 0.262725
vt 0.803466 0.256303
vt 0.803466 0.243236
vt 0.803466 0.249787
vt 0.709536 0.262725
vt 0.709536 0.256304
vt 0.709536 0.243237
vt 0.709536 0.249787
vt 0.803466 0.262725
vt 0.803466 0.243236
vt 0.803466 0.249787
vt 0.803466 0.256303
vt 0.709536 0.262725
vt 0.709536 0.256304
vt 0.709536 0.249787
vt 0.709536 0.243237
vt 0.986708 0.259687
vt 0.986708 0.254961
vt 0.992294 0.248308
vt 0.992297 0.266335
vt 0.887885 0.259740
vt 0.885937 0.266374
vt 0.885934 0.248375
vt 0.887884 0.255013
vt 0.474971 0.180091
vt 0.478246 0.180091
vt 0.478246 0.130770
vt 0.474971 0.130770
vt 0.481521 0.180091
vt 0.481521 0.130770
vt 0.484797 0.180091
vt 0.484797 0.130770
vt 0.023285 0.674597
vt 0.023285 0.535325
vt 0.002804 0.674597
vt 0.002804 0.535325
vt 0.013135 0.674597
vt 0.013135 0.535325
vt 0.778959 0.169846
vt 0.712341 0.169847
vt 0.769807 0.184270
vt 0.707101 0.184271
vt 0.761249 0.043338
vt 0.606488 0.043339
vt 0.761249 0.022238
vt 0.606487 0.022239
vt 0.756376 0.279148
vt 0.756376 0.367535
vt 0.811096 0.958669
vt 0.539765 0.823885
vt 0.551086 0.842424
vt 0.559674 0.880378
vt 0.559674 0.993965
vt 0.525689 0.816978
vt 0.525855 0.994034
vt 0.539765 0.823885
vt 0.551086 0.842424
vt 0.559674 0.880378
vt 0.559674 0.993965
vt 0.525689 0.816978
vt 0.525855 0.994034
vt 0.374383 0.213228
vt 0.411376 0.213228
vt 0.346036 0.213228
vt 0.439723 0.213228
vt 0.590338 0.006903
vt 0.552769 0.006904
vt 0.595202 0.069219
vt 0.547905 0.069220
vt 0.534084 0.622927
vt 0.527375 0.622927
vt 0.520651 0.622927
vt 0.513926 0.622927
vt 0.507210 0.622927
vt 0.500515 0.622927
vt 0.531526 0.679226
vt 0.525994 0.679226
vt 0.520450 0.679226
vt 0.514904 0.679226
vt 0.509367 0.679226
vt 0.503848 0.679226
vt 0.684004 0.246209
vt 0.684004 0.130231
vt 0.689403 0.130231
vt 0.689403 0.246209
vt 0.815948 0.222513
vt 0.816015 0.204797
vt 0.992518 0.222670
vt 0.992534 0.204933
vt 0.429630 0.373845
vt 0.112324 0.233824
vt 0.557594 0.271023
vt 0.202118 0.314947
vt 0.360106 0.455075
vt 0.322192 0.052667
vt 0.284448 0.052667
vt 0.582358 0.752934
vt 0.542133 0.697479
vt 0.761249 0.064672
vt 0.606488 0.064673
vt 0.606488 0.086410
vt 0.859425 0.073964
vt 0.874333 0.073964
vt 0.660192 0.207889
vt 0.838360 0.073965
vt 0.660135 0.326520
vt 0.748085 0.811867
vt 0.766580 0.811867
vt 0.512743 0.129454
vt 0.512744 0.300292
vt 0.542133 0.642070
vt 0.542133 0.742150
vt 0.288101 0.282990
vt 0.639207 0.270942
vt 0.578567 0.271023
vt 0.049686 0.774045
vt 0.211479 0.659243
vt 0.211479 0.659243
vt 0.201618 0.774047
vt 0.201618 0.774047
vt 0.049686 0.656454
vt 0.201617 0.990176
vt 0.049686 0.656454
vt 0.185380 0.774047
vt 0.185380 0.774047
vt 0.185379 0.995292
vt 0.185380 0.656456
vt 0.185380 0.656456
vt 0.049686 0.774045
vt 0.188151 0.774047
vt 0.188151 0.774047
vt 0.188150 0.990176
vt 0.188151 0.659243
vt 0.188151 0.659243
vt 0.005318 0.774044
vt 0.005318 0.774044
vt 0.005318 0.874374
vt 0.005318 0.874374
vt 0.639206 0.207882
vt 0.578566 0.207939
vt 0.008746 0.058217
vt 0.008746 0.193052
vt 0.100547 0.058217
vt 0.100547 0.193052
vt 0.008746 0.299310
vt 0.100547 0.299310
vt 0.803466 0.262725
vt 0.803466 0.243236
vt 0.803466 0.249787
vt 0.803466 0.256303
vt 0.709536 0.262725
vt 0.709536 0.256304
vt 0.709536 0.249787
vt 0.709536 0.243237
vt 0.803466 0.249787
vt 0.803466 0.256303
vt 0.803466 0.262725
vt 0.803466 0.243236
vt 0.709536 0.249787
vt 0.709536 0.243237
vt 0.709536 0.262725
vt 0.709536 0.256304
vt 0.803466 0.262725
vt 0.803466 0.243236
vt 0.803466 0.249787
vt 0.803466 0.256303
vt 0.709536 0.262725
vt 0.709536 0.256304
vt 0.709536 0.249787
vt 0.709536 0.243237
vt 0.803466 0.262725
vt 0.803466 0.243236
vt 0.803466 0.249787
vt 0.803466 0.256303
vt 0.709536 0.262725
vt 0.709536 0.256304
vt 0.709536 0.249787
vt 0.709536 0.243237
vt 0.986708 0.254961
vt 0.986708 0.259687
vt 0.992297 0.266335
vt 0.992294 0.248308
vt 0.887884 0.255013
vt 0.885934 0.248375
vt 0.887885 0.259740
vt 0.803466 0.256303
vt 0.803466 0.262725
vt 0.803466 0.243236
vt 0.803466 0.249787
vt 0.885937 0.266374
vt 0.709536 0.243237
vt 0.709536 0.262725
vt 0.803466 0.243236
vt 0.803466 0.249787
vt 0.803466 0.256303
vt 0.803466 0.262725
vt 0.709536 0.243237
vt 0.709536 0.256304
vt 0.709536 0.249787
vt 0.474971 0.180091
vt 0.478246 0.180091
vt 0.478246 0.130770
vt 0.474971 0.130770
vt 0.481521 0.180091
vt 0.481521 0.130770
vt 0.484797 0.180091
vt 0.484797 0.130770
vt 0.474971 0.180091
vt 0.478246 0.180091
vt 0.478246 0.130770
vt 0.474971 0.130770
vt 0.481521 0.180091
vt 0.481521 0.130770
vt 0.484797 0.180091
vt 0.484797 0.130770
vt 0.474971 0.180091
vt 0.478246 0.180091
vt 0.478246 0.130770
vt 0.474971 0.130770
vt 0.481521 0.180091
vt 0.481521 0.130770
vt 0.484797 0.180091
vt 0.484797 0.130770
vt 0.474971 0.180091
vt 0.478246 0.180091
vt 0.478246 0.130770
vt 0.474971 0.130770
vt 0.481521 0.180091
vt 0.481521 0.130770
vt 0.484797 0.180091
vt 0.484797 0.130770
vt 0.023285 0.674597
vt 0.013135 0.674597
vt 0.002804 0.674597
vt 0.023285 0.535325
vt 0.013135 0.535325
vt 0.002804 0.535325
vt 0.002804 0.674597
vt 0.013135 0.674597
vt 0.023285 0.674597
vt 0.002804 0.535325
vt 0.023285 0.535325
vt 0.013135 0.535325
vt 0.778959 0.169846
vt 0.769807 0.184270
vt 0.712341 0.169847
vt 0.707101 0.184271
vt 0.023285 0.674597
vt 0.023285 0.535325
vt 0.002804 0.674597
vt 0.002804 0.535325
vt 0.013135 0.674597
vt 0.013135 0.535325
vt 0.778959 0.169846
vt 0.712341 0.169847
vt 0.769807 0.184270
vt 0.707101 0.184271
vt 0.778959 0.169846
vt 0.712341 0.169847
vt 0.769807 0.184270
vt 0.707101 0.184271
vt 0.478246 0.180091
vt 0.481521 0.180091
vt 0.481521 0.130770
vt 0.478246 0.130770
vt 0.471695 0.180091
vt 0.471695 0.130770
vt 0.474971 0.180091
vt 0.474971 0.130770
vt 0.478246 0.180091
vt 0.481521 0.180091
vt 0.481521 0.130770
vt 0.478246 0.130770
vt 0.471695 0.180091
vt 0.471695 0.130770
vt 0.474971 0.180091
vt 0.474971 0.130770
vt 0.474971 0.180091
vt 0.478246 0.180091
vt 0.478246 0.130770
vt 0.474971 0.130770
vt 0.481521 0.180091
vt 0.481521 0.130770
vt 0.484797 0.180091
vt 0.484797 0.130770
vt 0.684051 0.367338
vt 0.684051 0.278951
vt 0.756376 0.279148
vt 0.756376 0.367535
vt 0.684051 0.367338
vt 0.684051 0.278951
vt 0.811096 0.958669
vt 0.559879 0.879861
vt 0.551254 0.841907
vt 0.539436 0.822813
vt 0.525567 0.816978
vt 0.525742 0.993078
vt 0.559879 0.993417
vt 0.559879 0.879861
vt 0.551254 0.841907
vt 0.539436 0.822813
vt 0.525567 0.816978
vt 0.525742 0.993078
vt 0.559879 0.879861
vt 0.551254 0.841907
vt 0.539436 0.822813
vt 0.525567 0.816978
vt 0.525742 0.993078
vt 0.559879 0.993417
vt 0.559879 0.879861
vt 0.525742 0.993078
vt 0.525567 0.816978
vt 0.539436 0.822813
vt 0.551254 0.841907
vt 0.539765 0.823885
vt 0.551086 0.842424
vt 0.559674 0.880378
vt 0.559674 0.993965
vt 0.525855 0.994034
vt 0.525689 0.816978
vt 0.525855 0.994034
vt 0.559674 0.993965
vt 0.559674 0.880378
vt 0.551086 0.842424
vt 0.539765 0.823885
vt 0.525689 0.816978
vt 0.374383 0.213228
vt 0.411376 0.213228
vt 0.346036 0.213228
vt 0.439723 0.213228
vt 0.590338 0.006903
vt 0.552769 0.006904
vt 0.595202 0.069219
vt 0.547905 0.069220
vt 0.534084 0.622927
vt 0.531526 0.679226
vt 0.525994 0.679226
vt 0.527375 0.622927
vt 0.520450 0.679226
vt 0.520651 0.622927
vt 0.514904 0.679226
vt 0.513926 0.622927
vt 0.509367 0.679226
vt 0.507210 0.622927
vt 0.503848 0.679226
vt 0.500515 0.622927
vt 0.488401 0.300294
vt 0.488400 0.129454
vt 0.689403 0.246209
vt 0.689403 0.130231
vt 0.684004 0.130231
vt 0.684004 0.246209
vt 0.684004 0.246209
vt 0.684004 0.130231
vt 0.689403 0.130231
vt 0.689403 0.246209
vt 0.689403 0.246209
vt 0.689403 0.130231
vt 0.684004 0.130231
vt 0.684004 0.246209
vt 0.815948 0.222513
vt 0.816015 0.204797
vt 0.992518 0.222670
vt 0.992534 0.204933
vt 0.373522 0.373922
vt 0.378801 0.373845
vt 0.315924 0.352331
vt 0.557594 0.326557
vt 0.557594 0.271023
vt 0.557594 0.207941
vt 0.370429 0.029820
vt 0.236212 0.029821
vt 0.322192 0.006974
vt 0.284448 0.006975
vt 0.542133 0.697479
vt 0.542133 0.697479
vt 0.542133 0.642070
vt 0.003246 0.765619
vt 0.709536 0.262725
vt 0.559879 0.993417
vt 0.903911 0.073964
vt 0.997150 0.145751
vt 0.781095 0.145756
vt 0.903911 0.145753
vt 0.660192 0.207889
vt 0.939884 0.073963
vt 0.997150 0.073961
vt 0.660135 0.326520
vt 0.766580 0.723197
vt 0.748085 0.723197
vt 0.559879 0.993417
vt 0.332282 0.385734
vt 0.596731 0.320783
vt 0.486928 0.321990
vt 0.468980 0.503161
vt 0.338017 0.139392
vt 0.466050 0.321990
vt 0.617608 0.320783
vt 0.990244 0.299562
vt 0.582957 0.503161
vt 0.997150 0.088115
vt 0.468382 0.752934
vt 0.008398 0.995290
vt 0.008398 0.995290
vt 0.185617 0.529102
vt 0.185994 0.308206
vt 0.185630 0.647048
vt 0.049935 0.529102
vt 0.049935 0.647048
vt 0.005665 0.529102
vt 0.008686 0.308206
vt 0.446830 0.496168
vt 0.506149 0.496168
vt 0.577509 0.494962
vt 0.636828 0.494962
vt 0.446830 0.383529
vt 0.506149 0.383529
vt 0.577509 0.382324
vt 0.636828 0.382324
vt 0.888486 0.567948
vt 0.912243 0.567948
vt 0.888486 0.425617
vt 0.912243 0.425617
vt 0.516099 0.606225
vt 0.519841 0.614579
vt 0.527326 0.614579
vt 0.531068 0.606225
vt 0.527326 0.597871
vt 0.519841 0.597871
vt 0.527326 0.597871
vt 0.519841 0.597871
vt 0.516099 0.606225
vt 0.519841 0.614579
vt 0.527326 0.614579
vt 0.531068 0.606225
vt 0.506149 0.496168
vt 0.506149 0.383529
vt 0.446830 0.383529
vt 0.446830 0.496168
vt 0.636828 0.494962
vt 0.636828 0.382324
vt 0.577509 0.382324
vt 0.577509 0.494962
vt 0.557594 0.326557
vt 0.709536 0.249787
vt 0.709536 0.256304
vt 0.428851 0.008202
vt 0.542826 0.009307
vt 0.542659 0.069755
vt 0.342354 0.076869
vt 0.428702 0.068649
vt 0.456289 0.075964
vt 0.606488 0.043339
vt 0.761249 0.043338
vt 0.606487 0.022239
vt 0.761249 0.022238
vt 0.606487 0.005850
vt 0.761249 0.005849
vt 0.428851 0.008202
vt 0.460556 0.122667
vt 0.542826 0.009307
vt 0.460556 0.122667
vt 0.542659 0.069755
vt 0.460556 0.122667
vt 0.456452 0.136425
vt 0.425060 0.022517
vt 0.342477 0.137329
vt 0.425060 0.022517
vt 0.342354 0.076869
vt 0.425060 0.022517
vt 0.486928 0.321990
vt 0.466050 0.321990
vt 0.617608 0.320783
vt 0.596731 0.320783
vt 0.201847 0.529102
vt 0.188242 0.529102
vt 0.322192 0.052667
vt 0.322192 0.006974
vt 0.284448 0.006975
vt 0.284448 0.052667
vt 0.870456 0.465322
vt 0.965419 0.910136
vt 0.965420 0.995470
vt 0.882446 0.606436
vt 0.882446 0.571481
vt 0.869819 0.566340
vt 0.784938 0.606436
vt 0.965419 0.742878
vt 0.803929 0.717177
vt 0.797448 0.811006
vt 0.913574 0.616135
vt 0.920055 0.709965
vt 0.917217 0.957548
vt 0.927174 0.977300
vt 0.784288 0.616135
vt 0.784288 0.709965
vt 0.913381 0.811006
vt 0.913381 0.717177
vt 0.995779 0.311177
vt 0.995774 0.493027
vt 0.998029 0.789774
vt 0.995764 0.789773
vt 0.998035 0.591484
vt 0.998038 0.493027
vt 0.995774 0.493027
vt 0.995771 0.591484
vt 0.995783 0.190701
vt 0.995779 0.311177
vt 0.998044 0.311178
vt 0.883084 0.460181
vt 0.883083 0.425226
vt 0.868567 0.521102
vt 0.784938 0.521102
vt 0.779829 0.651401
vt 0.779836 0.453112
vt 0.676649 0.651388
vt 0.373522 0.274402
vt 0.373522 0.228732
vt 0.373522 0.373922
vt 0.373522 0.228732
vt 0.322694 0.228732
vt 0.322694 0.274402
vt 0.379050 0.503161
vt 0.379050 0.743981
vt 0.491153 0.743981
vt 0.491153 0.629449
vt 0.499963 0.591180
vt 0.490791 0.993412
vt 0.490791 0.878913
vt 0.203388 0.005565
vt 0.209171 0.172638
vt 0.129630 0.005565
vt 0.115823 0.077740
vt 0.178024 0.005565
vt 0.153990 0.005565
vt 0.145684 0.077740
vt 0.172238 0.172711
vt 0.137273 0.139854
vt 0.137273 0.091302
vt 0.111910 0.091302
vt 0.111910 0.139854
vt 0.560259 0.879434
vt 0.560259 0.993964
vt 0.672287 0.993754
vt 0.672287 0.752934
vt 0.551523 0.841165
vt 0.540008 0.822472
vt 0.525691 0.815507
vt 0.511585 0.821391
vt 0.499564 0.840643
vt 0.551982 0.591180
vt 0.560792 0.629449
vt 0.560792 0.743981
vt 0.540367 0.572488
vt 0.525973 0.565706
vt 0.511578 0.572488
vt 0.378801 0.274325
vt 0.429630 0.274325
vt 0.429630 0.228655
vt 0.378801 0.228655
vt 0.218834 0.504188
vt 0.218834 0.745007
vt 0.373175 0.745007
vt 0.373175 0.504188
vt 0.766580 0.811867
vt 0.766580 0.723197
vt 0.896920 0.312069
vt 0.988425 0.316284
vt 0.175387 0.242554
vt 0.156001 0.216258
vt 0.913454 0.949892
vt 0.913188 0.819179
vt 0.222994 0.163130
vt 0.242755 0.245195
vt 0.287156 0.265463
vt 0.322763 0.208673
vt 0.322763 0.117586
vt 0.287156 0.060795
vt 0.242755 0.081064
vt 0.607329 0.164760
vt 0.557594 0.164761
vt 0.660204 0.164708
vt 0.610443 0.164708
vt 0.080245 0.193052
vt 0.028913 0.193052
vt 0.188150 0.990176
vt 0.201617 0.990176
vt 0.201618 0.774047
vt 0.188151 0.774047
vt 0.557594 0.207941
vt 0.578566 0.207939
vt 0.639206 0.207882
vt 0.660192 0.207889
vt 0.578567 0.271023
vt 0.557594 0.271023
vt 0.660183 0.271012
vt 0.639207 0.270942
vt 0.080245 0.058217
vt 0.028913 0.058217
vt 0.556539 0.742150
vt 0.556539 0.642069
vt 0.556539 0.742150
vt 0.556539 0.642069
vt 0.542133 0.686739
vt 0.542133 0.697479
vt 0.013135 0.535325
vt 0.013135 0.674597
vt 0.756376 0.367535
vt 0.773890 0.367535
vt 0.773890 0.308498
vt 0.756376 0.279148
vt 0.784419 0.279137
vt 0.778432 0.288772
vt 0.792608 0.979895
vt 0.811103 0.979895
vt 0.785823 0.958669
vt 0.408986 0.178875
vt 0.376774 0.178875
vt 0.435333 0.178875
vt 0.411376 0.213228
vt 0.350426 0.178875
vt 0.374383 0.213228
vt 0.537037 0.679226
vt 0.540769 0.622927
vt 0.660204 0.164708
vt 0.610443 0.164708
vt 0.607329 0.164760
vt 0.557594 0.164761
vt 0.185379 0.995292
vt 0.008398 0.995290
vt 0.080245 0.193052
vt 0.028913 0.193052
vt 0.188151 0.774047
vt 0.201618 0.774047
vt 0.201617 0.990176
vt 0.188150 0.990176
vt 0.188151 0.774047
vt 0.201618 0.774047
vt 0.639206 0.207882
vt 0.660192 0.207889
vt 0.557594 0.207941
vt 0.578566 0.207939
vt 0.660183 0.271012
vt 0.639207 0.270942
vt 0.578567 0.271023
vt 0.557594 0.271023
vt 0.556539 0.742150
vt 0.556539 0.642069
vt 0.556539 0.642069
vt 0.556539 0.642069
vt 0.542133 0.686739
vt 0.542133 0.742150
vt 0.556539 0.642069
vt 0.542133 0.697479
vt 0.542133 0.742150
vt 0.556539 0.742150
vt 0.556539 0.642069
vt 0.542133 0.642070
vt 0.556539 0.742150
vt 0.556539 0.642069
vt 0.542133 0.686739
vt 0.542133 0.697479
vt 0.542133 0.742150
vt 0.556539 0.742150
vt 0.556539 0.642069
vt 0.542133 0.642070
vt 0.556539 0.742150
vt 0.556539 0.642069
vt 0.542133 0.686739
vt 0.542133 0.697479
vt 0.709536 0.249787
vt 0.803466 0.249787
vt 0.709536 0.269296
vt 0.803466 0.269295
vt 0.709536 0.256304
vt 0.709536 0.262725
vt 0.803466 0.262725
vt 0.803466 0.256303
vt 0.013135 0.535325
vt 0.013135 0.674597
vt 0.013135 0.535325
vt 0.013135 0.674597
vt 0.013135 0.535325
vt 0.013135 0.674597
vt 0.756376 0.279148
vt 0.773890 0.308498
vt 0.773890 0.367535
vt 0.756376 0.367535
vt 0.756376 0.367535
vt 0.773890 0.367535
vt 0.773890 0.308498
vt 0.756376 0.279148
vt 0.756376 0.279148
vt 0.773890 0.308498
vt 0.773890 0.367535
vt 0.756376 0.367535
vt 0.778432 0.288772
vt 0.778432 0.288772
vt 0.784419 0.279137
vt 0.778432 0.288772
vt 0.784419 0.279137
vt 0.784419 0.279137
vt 0.785823 0.958669
vt 0.811103 0.979895
vt 0.792608 0.979895
vt 0.408986 0.178875
vt 0.376774 0.178875
vt 0.435333 0.178875
vt 0.408986 0.178875
vt 0.411376 0.213228
vt 0.376774 0.178875
vt 0.350426 0.178875
vt 0.374383 0.213228
vt 0.537037 0.679226
vt 0.540769 0.622927
vt 0.510439 0.496016
vt 0.572270 0.496016
vt 0.572270 0.383378
vt 0.510439 0.383378
vt 0.379870 0.496276
vt 0.441701 0.496276
vt 0.441701 0.383637
vt 0.379870 0.383637
vt 0.510439 0.496016
vt 0.510439 0.383378
vt 0.572270 0.383378
vt 0.572270 0.496016
vt 0.379870 0.496276
vt 0.379870 0.383637
vt 0.441701 0.383637
vt 0.441701 0.496276
vt 0.761249 0.016297
vt 0.606487 0.005850
vt 0.606487 0.016299
vt 0.761249 0.016297
vt 0.965419 0.671798
vt 0.977190 0.671798
vt 0.965419 0.671798
vt 0.965419 0.910136
vt 0.965419 0.910136
vt 0.977191 0.910135
vt 0.927172 0.810554
vt 0.917217 0.810554
vt 0.927172 0.810554
vt 0.977190 0.697570
vt 0.965419 0.697570
vt 0.965419 0.742878
vt 0.965419 0.742878
vt 0.977190 0.742878
vt 0.977190 0.697570
vt 0.830200 0.709965
vt 0.830200 0.709965
vt 0.830200 0.616135
vt 0.881260 0.957549
vt 0.881260 0.977301
vt 0.881260 0.957549
vt 0.877425 0.717177
vt 0.877425 0.717177
vt 0.877424 0.811006
vt 0.149294 0.220481
vt 0.149294 0.220481
vt 0.149294 0.220481
vt 0.408986 0.178875
vt 0.376774 0.178875
vt 0.376774 0.178875
vt 0.080245 0.058217
vt 0.100547 0.058217
vt 0.028913 0.058217
vt 0.008746 0.058217
vn 6.4E-05 9.000000000061232E-06 1
vn -1E-06 1.5000000000061232E-05 1
vn -0.087156 0.996195 -6.099935090382987E-17
vn -0.087156 0.996195 -6.099935090382987E-17
vn -0.087156 0.996195 -6.099935090382987E-17
vn 0.001391 0.0006750000000000613 0.999999
vn -0.087156 0.996195 -6.099935090382987E-17
vn -0.000117 0.001334000000000061 0.999999
vn -0.996191 -0.087203 5.339643741302332E-18
vn 0.99619 0.087212 -5.340194832361948E-18
vn 0.9962 0.087099 -5.3332755779467656E-18
vn 0.087156 -0.996195 6.099935090382987E-17
vn -0.085156 0.996368 -6.10099440986425E-17
vn 0.996195 0.087156 -5.336765821324336E-18
vn 0.09019 -0.995925 6.098281817204138E-17
vn 0.996195 0.087156 -5.336765821324336E-18
vn -0.087221 0.996188 -0.001304000000000061
vn 0.996195 0.087156 -5.336765821324336E-18
vn 0.996195 0.087156 -5.336765821324336E-18
vn 0.996195 0.087156 -5.336765821324336E-18
vn 0.996195 0.087156 -5.336765821324336E-18
vn 0.996195 0.087156 -5.336765821324336E-18
vn -0.996195 -0.087156 5.336765821324336E-18
vn -0.996195 -0.087156 5.336765821324336E-18
vn -0.996195 -0.087156 5.336765821324336E-18
vn -0.087156 0.996195 0.000256999999999939
vn 0.087156 -0.996195 0.00012700000000006098
vn -0.996199 -0.087108 5.3338266690063826E-18
vn -0.087156 0.996194 -0.000975000000000061
vn 0.087156 -0.996194 -0.0009749999999999389
vn 0.050534 -0.577602 -0.814753
vn 0.06784 -0.77541 -0.627803
vn 0.067792 -0.774864 0.628482
vn 0.06784 -0.77541 -0.627803
vn 0.06784 -0.77541 -0.627803
vn 0.050534 -0.577602 -0.814753
vn -0.996199 -0.087108 5.3338266690063826E-18
vn -0.087156 0.996193 0.0015689999999999391
vn -0.087156 0.996193 0.0015689999999999391
vn 0.087156 -0.996193 0.001569000000000061
vn 0.087156 -0.996193 0.001569000000000061
vn 0 6.123233995736766E-17 1
vn 0 6.123233995736766E-17 1
vn 0.996358 0.085265 -5.2209754664649534E-18
vn 0.084063 -0.99646 6.101557747391858E-17
vn -0.996028 -0.089044 5.452372479163846E-18
vn 0.087156 -0.996195 6.099935090382987E-17
vn -0.084064 0.99646 -6.101557747391858E-17
vn 0.996028 0.089045 -5.452433711503803E-18
vn 0 6.123233995736766E-17 1
vn -2E-06 -1 -9.999999999387675E-07
vn 0.008737 0.999962 -0.00010500000000006123
vn -0.053808 0.998148 -0.028363000000000062
vn -0 -1 6.123233995736766E-17
vn -4E-06 -1 -1.9999999999387675E-06
vn -2E-06 -1 -9.999999999387675E-07
vn -0.116099 0.99163 -0.056487000000000065
vn -0.707107 0.707106 -4.3297754977894416E-17
vn 0.894427 0.447214 -2.738395968169422E-17
vn -0.948683 -0.316228 1.9363380400038462E-17
vn 0.707107 -0.707107 4.329781621023438E-17
vn -0.542414 0.650598 0.531515
vn 0.307211 0.73697 0.602078
vn -0.408248 -0.816497 0.40824800000000006
vn 0.666667 -0.33333299999999993 0.666667
vn 0.400928 0.800632 0.44524699999999995
vn -0.658627 0.32881000000000005 0.676827
vn -0.447213 0.886013 0.12239499999999995
vn -0.707107 -0.707107 -9.999999999567022E-07
vn 0.707107 0.700454 0.09676299999999996
vn 0.647274 0.641185 0.41221199999999997
vn -0.647274 0.32059200000000004 0.691561
vn -0.301511 -0.3015109999999999 0.904534
vn 0.929815 0.278462 0.24063099999999998
vn -0.687769 0.549262 0.47464199999999995
vn 0.894427 0.447214 1.8999999999972618E-05
vn 0.267257 0.534513 0.801792
vn 0.447214 0.894427 3.699999999994523E-05
vn 0.894427 -0.447213 2.7383898449354267E-17
vn 0.408248 -0.816497 0.40824900000000003
vn 0.66666 0.33333100000000004 0.666674
vn 8.4E-05 1 -6.123233995736766E-17
vn -1.9E-05 -1 -2.9999999999387676E-06
vn -1.9E-05 -1 -2.9999999999387676E-06
vn 1 3.4E-05 -8.000000000000001E-06
vn -1 1.6E-05 -9.797174393178826E-22
vn 8.4E-05 1 5.999999999938768E-06
vn 0 6.123233995736766E-17 1
vn -1.9E-05 -1 -2.9999999999387676E-06
vn 0 6.123233995736766E-17 1
vn -0 6.123233995736766E-17 1
vn -1.9E-05 -1 -2.9999999999387676E-06
vn -1 1.6E-05 -9.797174393178826E-22
vn -0 6.123233995736766E-17 1
vn -3.3E-05 7.100000000006123E-05 1
vn 6.7E-05 7.300000000006123E-05 1
vn -4.6E-05 3.0000000000612325E-06 1
vn -7.9E-05 2.3000000000061234E-05 1
vn 6.7E-05 -1.9999999999387675E-06 1
vn -1E-05 0.00017700000000006122 1
vn -3E-05 7.100000000006123E-05 1
vn 3.3E-05 6.600000000006124E-05 1
vn -0 -7.999999999938768E-06 1
vn -6.3E-05 -5.499999999993877E-05 1
vn -5.6E-05 1.9000000000061235E-05 1
vn -0 6.000000000061232E-06 1
vn 0.000639 -0.002348999999999939 0.999997
vn -1.4E-05 -0.0035049999999999387 0.999994
vn -7.7E-05 0.002503000000000061 0.999997
vn 0.001938 0.0014040000000000612 0.999997
vn 0.002045 -0.0005649999999999387 0.999998
vn 4E-06 -0.002816999999999939 0.999996
vn 0.001039 -0.0014569999999999388 0.999998
vn 0.001341 0.0010900000000000612 0.999999
vn -4.8E-05 0.003420000000000061 0.999994
vn 0.001337 -0.00043099999999993876 0.999999
vn 5.8E-05 0.0019880000000000613 0.999998
vn -5.2E-05 0.0021970000000000613 0.999998
vn 0.99619 0.087208 -6.100000000000534E-05
vn -0.973098 -0.08513500000000002 -0.214087
vn -0.996195 -0.087156 5.336765821324336E-18
vn -0.996195 -0.087156 5.336765821324336E-18
vn -0.986051 -0.08626800000000001 -0.142345
vn -0.368574 -0.03224600000000005 -0.929039
vn -0.503589 -0.044058000000000055 -0.862819
vn -0.077984 -0.006823000000000061 -0.996931
vn 0.954614 0.08351799999999998 -0.285896
vn 0.955062 0.08355699999999999 -0.284385
vn 0.78555 0.06872699999999995 -0.614969
vn 0.735304 0.06433099999999996 -0.674678
vn 0.503589 0.044057999999999944 -0.862819
vn 0.368573 0.03224599999999994 -0.929039
vn 0.077984 0.006822999999999939 -0.996931
vn -0.735304 -0.06433100000000004 -0.674678
vn -0.830998 -0.07270300000000003 -0.551504
vn -0.077984 -0.006823000000000061 -0.996931
vn 0.78555 0.06872699999999995 -0.614969
vn 0.985847 0.08908199999999998 -0.142021
vn 0.830998 0.07270299999999998 -0.551504
vn 0.503589 0.044057999999999944 -0.862819
vn 0.077983 0.006822999999999939 -0.996931
vn -0.735303 -0.06433100000000004 -0.674678
vn -0.954972 -0.08354900000000001 -0.28469
vn -0.996211 -0.086966 -4.499999999999468E-05
vn 0.001391 0.0006750000000000613 0.999999
vn -0.000221 0.0025270000000000613 0.999997
vn 0.000221 -0.002525999999999939 0.999997
vn -0.001865 -0.00044099999999993873 0.999998
vn -1E-05 0.00011300000000006123 1
vn 5.8E-05 8.000000000006124E-05 1
vn 6.4E-05 3.0000000000612325E-06 1
vn 2.7E-05 5.800000000006123E-05 1
vn -8E-06 8.600000000006123E-05 1
vn 1E-06 -1.4999999999938768E-05 1
vn 5.1E-05 -9.199999999993877E-05 1
vn -5.8E-05 -7.999999999993878E-05 1
vn -6.4E-05 -2.9999999999387676E-06 1
vn -2.6E-05 -7.099999999993877E-05 1
vn 4.7E-05 -4.099999999993877E-05 1
vn -1E-06 1.5000000000061232E-05 1
vn -0.086947 0.993811 0.06913199999999994
vn -0.086947 0.993811 0.06913199999999994
vn 0.086947 -0.993811 0.06913300000000006
vn 0.993594 0.086928 0.072212
vn -0.086947 0.993811 0.06913199999999994
vn -0.086947 0.993811 0.06913199999999994
vn 0.086947 -0.993811 0.06913300000000006
vn 0.993594 0.086928 0.072212
vn -0.996195 -0.087156 5.336765821324336E-18
vn 0.996195 0.087156 -5.336765821324336E-18
vn -0.996195 -0.087156 5.336765821324336E-18
vn 0.996195 0.087156 -5.336765821324336E-18
vn -0.996195 -0.087156 5.336765821324336E-18
vn 0.99619 0.087212 -5.340194832361948E-18
vn 0.073431 -0.83931 0.538671
vn 0.073431 -0.83931 0.538671
vn 0.995825 0.091283 0.00048699999999999444
vn 0.003615 1.4000000000061232E-05 0.999994
vn 0.003615 1.4000000000061232E-05 0.999994
vn 0.003615 1.4000000000061232E-05 0.999994
vn 0.001492 -3.399999999993877E-05 0.999999
vn 0.084349 -0.979308 0.18395900000000007
vn 0.75212 -0.632827 0.18396900000000002
vn 0.614501 -0.51704 0.595868
vn 0.076079 -0.883226 0.46273500000000006
vn 0.958872 0.217565 0.182291
vn 0.856763 -0.013856999999999968 0.515525
vn 0.524179 0.831869 0.18229199999999995
vn 0.615616 0.596026 0.515529
vn -0.217581 0.958868 0.18229099999999995
vn 0.013832 0.856762 0.515527
vn -0.831861 0.524192 0.18228899999999998
vn -0.596036 0.615611 0.515522
vn -0.958872 -0.217566 0.182292
vn -0.856762 0.01385000000000003 0.515526
vn -0.524182 -0.831867 0.18229300000000007
vn -0.615613 -0.596036 0.515521
vn 2E-06 -8.999999999938768E-06 1
vn 0 6.123233995736766E-17 1
vn 0 6.123233995736766E-17 1
vn 0 6.123233995736766E-17 1
vn 0 6.123233995736766E-17 1
vn 0.896638 0.431798 -0.09792700000000003
vn 0.372476 0.92299 -0.09670100000000005
vn -0.489387 0.866688 -0.09670100000000005
vn -0.982733 0.157753 -0.09670100000000001
vn -0.73606 -0.669974 -0.09670099999999995
vn 0.064881 -0.993197 -0.09670099999999994
vn 0.896639 -0.431798 -0.09792699999999997
vn 0.896638 0.431798 -0.09792700000000003
vn 0.064881 0.993197 -0.09670100000000005
vn -0.73606 0.669974 -0.09670100000000004
vn -0.982732 -0.157753 -0.09670099999999998
vn -0.489387 -0.866689 -0.09670099999999994
vn 0.372477 -0.92299 -0.09670099999999994
vn 0.896639 -0.431798 -0.09792699999999997
vn -0 0.0007170000000000612 1
vn -0 0.0007170000000000612 1
vn 0 -0.0021259999999999387 0.999998
vn 0 -0.0021259999999999387 0.999998
vn -0 0.00013300000000006124 1
vn -1E-06 9.800000000006123E-05 1
vn -4E-06 0.00010700000000006123 1
vn -1E-06 0.00012400000000006124 1
vn 0.087077 -0.996201 -0.001492999999999939
vn 0 -0.45938499999999993 0.888237
vn 0 -0.4606469999999999 0.887583
vn 0 -0.4606469999999999 0.887583
vn 0 -0.45938499999999993 0.888238
vn 1E-06 0.57358 0.819149
vn 1E-06 0.57358 0.819149
vn 1E-06 0.57358 0.819149
vn 1E-06 0.57358 0.819149
vn 0.053194 -0.607947 0.792194
vn 0.026699 -0.30515099999999995 0.95193
vn 0.000185 -0.002117999999999939 0.999998
vn 0.000185 -0.002117999999999939 0.999998
vn 0.071686 -0.819259 0.568926
vn 0.071683 -0.819258 0.568927
vn -6.3E-05 0.0007170000000000612 1
vn -6.3E-05 0.0007170000000000612 1
vn -6.3E-05 0.0007170000000000612 1
vn -6.3E-05 0.0007170000000000612 1
vn -0.000224 -1.8999999999938767E-05 1
vn -0.000227 -1.9999999999938768E-05 1
vn -0.000221 -1.8999999999938767E-05 1
vn -0.000224 -1.8999999999938767E-05 1
vn 0.087156 -0.996195 0.00012700000000006098
vn -0.087212 0.99619 0.000256999999999939
vn 0.063748 -0.728645 0.681918
vn -0.050534 0.577602 -0.814753
vn -0.050534 0.577602 -0.814753
vn 0.056227 -0.642675 0.764073
vn 0.049687 -0.567925 0.821579
vn 0.049687 -0.567925 0.821579
vn -0.050534 0.577602 -0.814753
vn -0.050534 0.577602 -0.814753
vn 0.000401 -0.777826 0.628479
vn -0.066992 -0.777249 0.625616
vn -0.996208 -0.08701 5.32782589969056E-18
vn -0.996178 -0.087348 -4.7999999999994655E-05
vn 0.921047 0.08058100000000003 0.381025
vn 0.921047 0.08058100000000003 0.381025
vn 0.840601 0.07354300000000003 0.536639
vn 0.840601 0.07354300000000003 0.536638
vn 0 1 -6.123233995736766E-17
vn 0 1 -6.123233995736766E-17
vn 0 -1 6.123233995736766E-17
vn 0 -1 6.123233995736766E-17
vn 0 1 -6.123233995736766E-17
vn 0 1 -6.123233995736766E-17
vn 0 -1 6.123233995736766E-17
vn 0 -1 6.123233995736766E-17
vn -0.707105 0.707109 -4.329793867491429E-17
vn 0.707107 -0.707107 4.329781621023438E-17
vn 0.707106 -0.707108 4.329787744257433E-17
vn -0.707105 0.707109 -4.329793867491429E-17
vn -0.707105 0.707109 -4.329793867491429E-17
vn -0.707105 0.707109 -4.329793867491429E-17
vn 0.707105 -0.707109 4.329793867491429E-17
vn 0.707106 -0.707108 4.329787744257433E-17
vn 0 1 -6.123233995736766E-17
vn -0 -1 6.123233995736766E-17
vn -0 -1 6.123233995736766E-17
vn 0 1 -6.123233995736766E-17
vn -0 1 -6.123233995736766E-17
vn 0 1 -6.123233995736766E-17
vn 0 -1 6.123233995736766E-17
vn -0 -1 6.123233995736766E-17
vn -0.087156 0.996195 1.9999999999390004E-06
vn -0.087155 0.996195 9.999999999390007E-07
vn -0.087156 0.996195 1.9999999999390004E-06
vn -0.087157 0.996195 1.9999999999390004E-06
vn 0.087155 -0.996195 -9.999999999390007E-07
vn 0.087155 -0.996195 -9.999999999390007E-07
vn 0.087155 -0.996195 -9.999999999390007E-07
vn 0.087155 -0.996195 -9.999999999390007E-07
vn -2E-06 0.988653 0.15021599999999993
vn -1E-06 0.988653 0.15021599999999993
vn -0.989852 1.000000000008701E-06 0.142099
vn -0.989852 1.000000000008701E-06 0.142099
vn -0.989852 1.000000000008701E-06 0.142099
vn -0.989852 1.000000000008701E-06 0.142099
vn 0.198163 0.979765 -0.02813900000000006
vn 0.178882 0.983868 -0.0024600000000000602
vn 0.178882 0.983868 -0.0024600000000000602
vn 0.159414 0.986939 0.02322199999999994
vn -0.99618 -0.087325 -0.00035899999999999463
vn -0.996194 -0.087156 -0.0005699999999999947
vn -0.996165 -0.087494 -0.00014799999999999463
vn -0.99618 -0.087325 -0.00035899999999999463
vn -0.996195 -0.087156 5.336765821324336E-18
vn -0.996195 -0.087156 5.336765821324336E-18
vn 0.996195 0.087159 3.999999999994663E-06
vn 0.939693 0.34202 -2.0942684912218888E-17
vn 0.939693 0.342019 1.9999999999790574E-06
vn 0.939693 0.34202 -2.0942684912218888E-17
vn 0.939693 0.34202 -2.0942684912218888E-17
vn 0.939693 0.34202 -2.0942684912218888E-17
vn 0.939693 0.34202 -2.0942684912218888E-17
vn -0.939693 -0.342019 -1.9999999999790574E-06
vn -0.939693 -0.342019 -1.9999999999790574E-06
vn -0.939693 -0.342019 -1.9999999999790574E-06
vn -0.939693 -0.34202 2.0942684912218888E-17
vn -0.939693 -0.34202 2.0942684912218888E-17
vn -0.939693 -0.34202 2.0942684912218888E-17
vn -0.086596 0.989796 0.11316099999999994
vn -0.086596 0.989796 0.11316099999999994
vn -0.984249 0.07185800000000002 0.161526
vn 0.954256 0.246408 0.16934599999999997
vn -0.746877 0.4119650000000001 0.521977
vn 0.235053 0.662613 0.711122
vn -0.412621 0.027927000000000056 0.910475
vn 0.805596 0.20347100000000004 0.556431
vn 0.960963 0.273619 -0.041034000000000015
vn 0.243522 0.969027 -0.041034000000000063
vn -0.717442 0.695409 -0.041035000000000044
vn -0.960963 -0.273618 -0.04103399999999999
vn -0.243522 -0.969027 -0.04103499999999994
vn 0.717442 -0.695408 -0.04103399999999996
vn 0.993877 -0.102589 -0.041033999999999994
vn 0.585785 0.809427 -0.04103400000000005
vn -0.408091 0.912019 -0.04103500000000006
vn -0.993877 0.10259 -0.04103400000000001
vn -0.585786 -0.809426 -0.04103399999999995
vn 0.408092 -0.912018 -0.041034999999999947
vn -0.405735 0.870095 0.27984499999999995
vn -0.405737 0.870095 0.27984499999999995
vn -0.405738 0.870094 0.27984499999999995
vn -0.405737 0.870095 0.27984499999999995
vn -2E-05 0.00023000000000006124 1
vn -2E-05 0.00023100000000006123 1
vn -2E-05 0.00023100000000006123 1
vn -2E-05 0.00023200000000006123 1
vn -0.087156 0.996195 -6.099935090382987E-17
vn 0.99619 0.087212 -5.340194832361948E-18
vn -0.087212 0.99619 0.000256999999999939
vn 0.06784 -0.77541 -0.627803
vn 0.9962 0.087099 -5.3332755779467656E-18
vn -0.087156 0.996195 -6.099935090382987E-17
vn 0.087156 -0.996195 6.099935090382987E-17
vn -0.087156 0.996195 -6.099935090382987E-17
vn -0.090247 0.995919 -6.098245077800164E-17
vn 0.996195 0.087154 6.999999999994664E-06
vn 0.996195 0.087154 6.999999999994664E-06
vn 0.996195 0.087154 6.999999999994664E-06
vn -0.830998 -0.07270300000000003 -0.551504
vn -0.50359 -0.044059000000000056 -0.862819
vn -0.996178 -0.087348 -4.7999999999994655E-05
vn -0.973098 -0.08513500000000002 -0.214087
vn -0.996204 -0.087047 -0.00014999999999999465
vn -0 1.0000000000612324E-06 1
vn 0.07343 -0.839312 0.538669
vn -0.082641 0.944587 0.31768899999999994
vn -0.082641 0.944587 0.31768899999999994
vn -0.084064 0.99646 -6.101557747391858E-17
vn -0.090247 0.995919 -6.098245077800164E-17
vn -0.996191 -0.087203 5.339643741302332E-18
vn -0.087156 0.996195 0.000256999999999939
vn 0.087212 -0.99619 8.4000000000061E-05
vn 0.061143 -0.698867 0.712633
vn 0.050534 -0.577602 -0.814753
vn -0.050534 0.577602 -0.814753
vn -0.050534 0.577602 -0.814753
vn 0.067839 -0.77541 -0.627803
vn 0.049687 -0.567925 0.821579
vn 0.067839 -0.77541 -0.627803
vn -0.049687 0.567925 0.821579
vn -0.056227 0.642675 0.764073
vn 0.059339 -0.678249 0.732432
vn -0.067792 0.774864 0.628482
vn -0.049687 0.567925 0.821579
vn 0.049687 -0.567925 0.821579
vn -0.063748 0.728645 0.681918
vn 0.06784 -0.77541 -0.627803
vn -0.050534 0.577602 -0.814753
vn 0.067839 -0.77541 -0.627803
vn 0.050534 -0.577602 -0.814753
vn -0.050534 0.577602 -0.814753
vn 0.003778 0.777865 0.628421
vn 0.138793 -0.765392 0.62842
vn 0.075329 0.776873 0.625134
vn 0.209082 -0.751992 0.625135
vn 0.996182 0.087306 -0.00028100000000000537
vn 0.996184 0.087278 -5.344236166799135E-18
vn -0.832863 -0.07286599999999997 0.548661
vn -0.921047 -0.08058099999999997 0.381025
vn 0.832863 0.07286600000000003 0.548661
vn -0.921047 -0.08058099999999997 0.381025
vn -0.840601 -0.07354299999999997 0.536639
vn -0.840601 -0.07354299999999997 0.536639
vn 0 1 -6.123233995736766E-17
vn -2E-06 -1 6.123233995736766E-17
vn -1E-06 -1 6.123233995736766E-17
vn 0 1 -6.123233995736766E-17
vn 0 1 -6.123233995736766E-17
vn 0 1 -6.123233995736766E-17
vn 0 -1 6.123233995736766E-17
vn -1E-06 -1 6.123233995736766E-17
vn 0.965926 -0.258817 1.5847970530746027E-17
vn -0.965927 0.258815 -1.5847848066066113E-17
vn -0.965927 0.258815 -1.5847848066066113E-17
vn 0.965926 -0.258818 1.5848031763085984E-17
vn 0.965926 -0.258817 1.5847970530746027E-17
vn 0.965926 -0.258817 1.5847970530746027E-17
vn -0.965927 0.258814 -1.5847786833726152E-17
vn -0.965927 0.258815 -1.5847848066066113E-17
vn -0.996195 0.087156 -5.336765821324336E-18
vn 0.996195 -0.087156 5.336765821324336E-18
vn 0.996195 -0.087156 5.336765821324336E-18
vn -0.996195 0.087156 -5.336765821324336E-18
vn -0.996195 0.087156 -5.336765821324336E-18
vn -0.996195 0.087156 -5.336765821324336E-18
vn 0.996195 -0.087156 5.336765821324336E-18
vn 0.996195 -0.087156 5.336765821324336E-18
vn 0 -1 6.123233995736766E-17
vn 0 1 -6.123233995736766E-17
vn 0 1 -6.123233995736766E-17
vn 0 -1 6.123233995736766E-17
vn 0 -1 6.123233995736766E-17
vn 0 -1 6.123233995736766E-17
vn 0 1 -6.123233995736766E-17
vn 0 1 -6.123233995736766E-17
vn 0.998822 0.042714 0.023023999999999996
vn -1 0 -0
vn -0.999659 0.023008 0.012336999999999999
vn 0.999985 0.005554 -6.500000000000033E-05
vn 0.995746 0.079793 0.04606799999999999
vn 0.998822 0.042714 0.023023999999999996
vn -0.999659 0.023008 0.012336999999999999
vn 0 1 0.00012499999999993877
vn 0 -1 6.123233995736766E-17
vn 1 0 0
vn 0 1 0.00012499999999993877
vn -0.998637 0.045999 0.024665999999999997
vn 0.998941 0.045985 0.0016039999999999971
vn 0 -1 6.123233995736766E-17
vn 0 0.999999 0.001223999999999939
vn 0.017554 0.999846 0.0006119999999999388
vn 0 -1 6.123233995736766E-17
vn -0.005476 -0.999985 -0.00019099999999993878
vn 0.017554 0.999846 0.0006119999999999388
vn -0.005476 -0.999985 -0.00019099999999993878
vn 0.035103 0.999384 -6.119462083595392E-17
vn -0.087156 0.996195 -6.099935090382987E-17
vn -0.087155 0.996195 -1.0000000000609992E-06
vn -0.087156 0.996195 -6.099935090382987E-17
vn -0.087157 0.996195 -6.099935090382987E-17
vn 0.087156 -0.996195 -9.999999999390007E-07
vn 0.087156 -0.996195 -9.999999999390007E-07
vn 0.087156 -0.996195 -9.999999999390007E-07
vn 0.087156 -0.996195 -9.999999999390007E-07
vn -0.087156 0.996195 -1.0000000000609992E-06
vn -0.087156 0.996195 -6.099935090382987E-17
vn -0.087156 0.996195 -1.0000000000609992E-06
vn -0.087155 0.996195 -1.0000000000609992E-06
vn 0.087156 -0.996195 6.099935090382987E-17
vn 0.087156 -0.996195 6.099935090382987E-17
vn 0.087155 -0.996195 -9.999999999390007E-07
vn 0.087156 -0.996195 6.099935090382987E-17
vn -0.087156 0.996195 9.999999999390007E-07
vn -0.087156 0.996195 9.999999999390007E-07
vn -0.087156 0.996195 9.999999999390007E-07
vn -0.087156 0.996195 9.999999999390007E-07
vn 0.087156 -0.996195 6.099935090382987E-17
vn 0.087156 -0.996195 6.099935090382987E-17
vn 0.087155 -0.996195 6.099935090382987E-17
vn 0.087156 -0.996195 6.099935090382987E-17
vn -0.087156 0.996195 1.9999999999390004E-06
vn -0.087156 0.996195 1.9999999999390004E-06
vn -0.087156 0.996195 1.9999999999390004E-06
vn -0.087156 0.996195 1.9999999999390004E-06
vn 0.087156 -0.996195 6.099935090382987E-17
vn 0.087156 -0.996195 6.099935090382987E-17
vn 0.087155 -0.996195 6.099935090382987E-17
vn 0.087156 -0.996195 6.099935090382987E-17
vn -0.988653 9.19807717903594E-18 0.150216
vn 0 -0.989852 0.14209900000000006
vn 0 -0.989852 0.14209900000000006
vn -0.988653 9.19807717903594E-18 0.150216
vn 0 -0.989852 0.14209900000000006
vn 0 -0.989852 0.14209900000000006
vn 0 -0.988653 0.15021500000000004
vn 0.989852 8.701054275601988E-18 0.142099
vn 0.989852 8.701054275601988E-18 0.142099
vn 0 -0.988653 0.15021500000000004
vn 0.989852 8.701054275601988E-18 0.142099
vn 0.989852 8.701054275601988E-18 0.142099
vn -0.198163 -0.979765 -0.028138999999999942
vn -0.178882 -0.983867 -0.0024599999999999397
vn -0.178882 -0.983867 -0.0024599999999999397
vn -0.159414 -0.986939 0.02322200000000006
vn 0.988653 -1.999999999990802E-06 0.150215
vn 0.988653 -9.999999999908018E-07 0.150216
vn 0 0.989852 0.14209899999999995
vn 0 0.989852 0.14209899999999995
vn 1E-06 0.989852 0.14209899999999995
vn 0 0.989852 0.14209899999999995
vn -0.970822 0.23548 -0.04532600000000001
vn -0.978732 0.205108 -0.0037830000000000125
vn -0.978732 0.205108 -0.0037830000000000125
vn -0.983989 0.17418 0.03776899999999998
vn 0.970962 -0.234916 -0.04524799999999998
vn 0.978841 -0.204589 -0.0037779999999999875
vn 0.978841 -0.204589 -0.0037779999999999875
vn 0.984075 -0.173709 0.03770200000000001
vn 0.087155 -0.996195 6.099935090382987E-17
vn 0.087155 -0.996195 6.099935090382987E-17
vn 0.087155 -0.996195 6.099935090382987E-17
vn 0.087155 -0.996195 6.099935090382987E-17
vn -0.087155 0.996195 -1.0000000000609992E-06
vn -0.087155 0.996195 -1.0000000000609992E-06
vn -0.087155 0.996195 -1.0000000000609992E-06
vn -0.087155 0.996195 -1.0000000000609992E-06
vn 0.087155 -0.996195 6.099935090382987E-17
vn 0.087155 -0.996195 6.099935090382987E-17
vn 0.087155 -0.996195 6.099935090382987E-17
vn 0.087155 -0.996195 6.099935090382987E-17
vn -0.087156 0.996195 -6.099935090382987E-17
vn -0.087155 0.996195 -6.099935090382987E-17
vn -0.087157 0.996195 -6.099935090382987E-17
vn -0.087156 0.996195 -6.099935090382987E-17
vn 0.087156 -0.996195 6.099935090382987E-17
vn 0.087157 -0.996195 6.099935090382987E-17
vn 0.087156 -0.996195 6.099935090382987E-17
vn 0.087155 -0.996195 6.099935090382987E-17
vn -0.087156 0.996195 -6.099935090382987E-17
vn -0.087157 0.996195 -6.099935090382987E-17
vn -0.087155 0.996195 -6.099935090382987E-17
vn -0.087156 0.996195 -6.099935090382987E-17
vn -0.996195 -0.087156 5.336765821324336E-18
vn -0.996195 -0.087156 5.336765821324336E-18
vn 0.996195 0.087156 -5.336765821324336E-18
vn 0.996195 0.087156 -5.336765821324336E-18
vn 0.996195 0.087156 -5.336765821324336E-18
vn 0.996195 0.087156 -5.336765821324336E-18
vn -0.996195 -0.087156 1.0000000000053367E-06
vn -0.819256 0.573428 -0.00010900000000003512
vn -0.819153 0.573575 1.9999999999648785E-06
vn -0.819153 0.573575 9.999999999648786E-07
vn -0.819152 0.573576 -3.512140062338711E-17
vn -0.819358 0.573282 -0.0002190000000000351
vn 0.819152 -0.573577 3.512146185572707E-17
vn 0.819152 -0.573577 3.512146185572707E-17
vn 0.819152 -0.573577 -9.999999999648786E-07
vn 0.819152 -0.573577 -9.999999999648786E-07
vn 0.819152 -0.573577 -9.999999999648786E-07
vn 0.819152 -0.573577 3.512146185572707E-17
vn 0.819152 -0.573576 1.0000000000351213E-06
vn 0.819152 -0.573576 1.0000000000351213E-06
vn 0.819153 -0.573576 1.0000000000351213E-06
vn 0.819152 -0.573576 1.0000000000351213E-06
vn 0.819152 -0.573577 3.512146185572707E-17
vn 0.819152 -0.573577 3.512146185572707E-17
vn -0.939221 -0.343312 0.000837000000000021
vn -0.939221 -0.343312 0.0008360000000000211
vn -0.939693 -0.34202 2.0942684912218888E-17
vn -0.939693 -0.34202 2.0942684912218888E-17
vn -0.939693 -0.342019 1.0000000000209426E-06
vn -0.819152 0.573576 -3.512140062338711E-17
vn -0.819153 0.573576 -1.0000000000351213E-06
vn -0.819152 0.573576 -3.512140062338711E-17
vn -0.819152 0.573576 -3.512140062338711E-17
vn -0.819152 0.573576 -3.512140062338711E-17
vn -0.819152 0.573576 -3.512140062338711E-17
vn 0.939693 0.34202 -2.0942684912218888E-17
vn 0.939693 0.34202 -2.0942684912218888E-17
vn 0.939693 0.34202 -1.0000000000209426E-06
vn 0.939693 0.342019 -1.0000000000209426E-06
vn 0.939693 0.34202 -1.0000000000209426E-06
vn 0.939693 0.34202 -2.0942684912218888E-17
vn 0.086596 -0.989796 0.11316300000000006
vn 0.086596 -0.989796 0.11316300000000006
vn 0.984249 -0.07185799999999999 0.161526
vn -0.954257 -0.246407 0.16934400000000002
vn 0 6.123233995736766E-17 1
vn 0 6.123233995736766E-17 1
vn 0 6.123233995736766E-17 1
vn 0 6.123233995736766E-17 1
vn 0.960962 0.27362 -0.041034000000000015
vn 0.993877 -0.102589 -0.041033999999999994
vn 0.585785 0.809427 -0.04103400000000005
vn 0.243522 0.969027 -0.041035000000000064
vn -0.408091 0.912019 -0.04103500000000006
vn -0.717442 0.695409 -0.04103400000000004
vn -0.993877 0.102591 -0.04103400000000001
vn -0.960963 -0.273619 -0.04103399999999999
vn -0.585785 -0.809427 -0.04103399999999995
vn -0.243522 -0.969027 -0.04103399999999994
vn 0.408091 -0.912019 -0.041034999999999947
vn 0.717442 -0.695408 -0.04103399999999996
vn -0.082641 0.944587 0.31768899999999994
vn -0.082641 0.944587 0.31768899999999994
vn -0.960045 1.7135564175369553E-17 0.279845
vn -0.960045 1.7135564175369553E-17 0.279845
vn -0.960045 -9.999999999828645E-07 0.279845
vn -0.960045 1.7135564175369553E-17 0.279845
vn -0.480022 -0.831424 0.27984500000000007
vn -0.480021 -0.831424 0.27984500000000007
vn -0.480021 -0.831424 0.27984500000000007
vn -0.480021 -0.831424 0.27984500000000007
vn 0.735439 0.617103 0.2798439999999999
vn 0.735436 0.617107 0.27984499999999995
vn 0.735433 0.61711 0.27984499999999995
vn 0.735436 0.617107 0.27984499999999995
vn -2.1E-05 0.00023900000000006124 1
vn -2.1E-05 0.00023900000000006124 1
vn -2.1E-05 0.00023600000000006122 1
vn -2.1E-05 0.00023900000000006124 1
vn 0.934673 0.35551 -2.1768709178243775E-17
vn -0.087156 0.996195 -6.099935090382987E-17
vn -0.996191 -0.087203 5.339643741302332E-18
vn 0.996329 0.085587 -0.002080000000000005
vn 0.087212 -0.99619 8.4000000000061E-05
vn 0.996184 0.087278 -5.344236166799135E-18
vn -0.087156 0.996195 -6.099935090382987E-17
vn 0.087156 -0.996195 6.099935090382987E-17
vn -0.087156 0.996195 -6.099935090382987E-17
vn 0.087156 -0.996195 6.099935090382987E-17
vn 0.087154 -0.99618 -0.005479999999999939
vn -0.996358 -0.085266 5.2210366988049105E-18
vn 0.084063 -0.99646 6.101557747391858E-17
vn 0 6.123233995736766E-17 1
vn -0.010953 -0.99994 -0.0003819999999999388
vn -0.819565 0.572986 -0.0004380000000000351
vn 0.368574 0.03224599999999994 -0.929039
vn -0.996195 -0.087156 5.336765821324336E-18
vn 0.995438 0.09541 -5.842177555332448E-18
vn -0.368573 -0.03224600000000005 -0.929039
vn 0.996182 0.087306 -0.00028100000000000537
vn 0.984847 0.09716599999999999 -0.143647
vn 0.992871 0.119196 -7.298649993558395E-18
vn 0.996124 0.0879 -0.003178000000000005
vn 0.073431 -0.83931 0.538671
vn -0 1.0000000000612324E-06 1
vn -0.938271 -0.345893 0.002509000000000021
vn 0.9962 0.087099 -5.3332755779467656E-18
vn 0.087156 -0.996193 0.001569000000000061
vn -0.087156 0.996193 0.0015689999999999391
vn 0.087156 -0.996195 6.099935090382987E-17
vn -0.996199 -0.087108 5.3338266690063826E-18
vn -0.087156 0.996193 0.0015689999999999391
vn 0.087156 -0.996193 0.001569000000000061
vn -0.053808 0.998148 -0.028363000000000062
vn 0.087156 -0.996195 6.099935090382987E-17
vn 0.99466 0.103189 -0.0019280000000000063
vn -0.087156 0.996195 -6.099935090382987E-17
vn 0.02291 -0.777231 0.628798
vn -0.020131 0.777306 0.6288
vn -0.059339 0.678249 0.732433
vn -0.067792 0.774864 0.628482
vn -0.049687 0.567925 0.821579
vn -0.059339 0.678249 0.732432
vn -0.049687 0.567925 0.821579
vn -0.067792 0.774864 0.628482
vn -0.067792 0.774864 0.628482
vn -0.087156 0.996195 -6.099935090382987E-17
vn -0.087156 0.996195 -6.099935090382987E-17
vn 0.087156 -0.996195 6.099935090382987E-17
vn 0.087156 -0.996195 6.099935090382987E-17
vn -0.087156 0.996195 -6.099935090382987E-17
vn -0.087156 0.996195 -6.099935090382987E-17
vn 0.087156 -0.996195 6.099935090382987E-17
vn 0.087156 -0.996195 6.099935090382987E-17
vn 0.059031 -0.674734 0.735697
vn 0.059032 -0.674734 0.735697
vn 0.059031 -0.674734 0.735697
vn 0.059031 -0.674734 0.735697
vn 0 6.123233995736766E-17 1
vn 0 6.123233995736766E-17 1
vn 0 6.123233995736766E-17 1
vn 0 6.123233995736766E-17 1
vn 0 6.123233995736766E-17 1
vn 0 6.123233995736766E-17 1
vn 0 6.123233995736766E-17 1
vn 0 6.123233995736766E-17 1
vn 0 6.123233995736766E-17 1
vn 0 6.123233995736766E-17 1
vn 0 6.123233995736766E-17 1
vn 0 6.123233995736766E-17 1
vn 0.087156 -0.996195 6.099935090382987E-17
vn 0.087156 -0.996195 6.099935090382987E-17
vn 0.087156 -0.996195 6.099935090382987E-17
vn 0.087156 -0.996195 6.099935090382987E-17
vn -0.087156 0.996195 -6.099935090382987E-17
vn -0.087156 0.996195 -6.099935090382987E-17
vn -0.087156 0.996195 -6.099935090382987E-17
vn -0.087156 0.996195 -6.099935090382987E-17
vn -0.996186 -0.087258 -0.00014099999999999467
vn 0 1 0.00012499999999993877
vn 0 1 0.00012499999999993877
vn -0.001865 -0.00044099999999993873 0.999998
vn 0.000117 -0.0013339999999999388 0.999999
vn 0.000761 -0.00020999999999993878 1
vn -0.000754 0.00021200000000006123 1
vn -0.001865 -0.00044099999999993873 0.999998
vn 0.001391 0.0006750000000000613 0.999999
vn -0.996195 -0.087156 -0.0005709999999999947
vn -0.996165 -0.087494 -0.00014799999999999463
vn -0.996165 -0.087494 -0.00014799999999999463
vn -0.996165 -0.087494 -0.00014799999999999463
vn 0.047052 -0.685582 0.726474
vn 0.047052 -0.685582 0.726474
vn 0.000117 -0.0013339999999999388 0.999999
vn 0.000117 -0.0013339999999999388 0.999999
vn 0.000761 -0.00020999999999993878 1
vn 0.000761 -0.00020999999999993878 1
vn 0.000221 -0.002525999999999939 0.999997
vn 0.000221 -0.002525999999999939 0.999997
vn -0.000117 0.001334000000000061 0.999999
vn -0.000117 0.001334000000000061 0.999999
vn -0.000754 0.00021200000000006123 1
vn -0.000754 0.00021200000000006123 1
vn -0.000221 0.0025270000000000613 0.999997
vn -0.000221 0.0025270000000000613 0.999997
vn -0.087156 0.996194 -0.000975000000000061
vn -0.087156 0.996194 -0.000975000000000061
vn 0.087156 -0.996194 -0.0009749999999999389
vn 0.087156 -0.996194 -0.0009749999999999389
vn 0.050534 -0.577602 -0.814753
vn 0.050534 -0.577602 -0.814753
vn 0 6.123233995736766E-17 1
vn 0 6.123233995736766E-17 1
vn 0 6.123233995736766E-17 1
vn 0 6.123233995736766E-17 1
vn 0.929815 0.278462 0.24063099999999998
vn 0.666667 -0.33333299999999993 0.666667
vn 0.707107 -0.707107 4.329781621023438E-17
vn -0.707107 0.707106 -4.3297754977894416E-17
vn -0.542414 0.650598 0.531515
vn -0.687769 0.549262 0.47464199999999995
vn -0.948683 -0.316228 1.9363380400038462E-17
vn 0.400928 0.800632 0.44524699999999995
vn 0.647274 0.641185 0.41221199999999997
vn 0.707107 0.700454 0.09676299999999996
vn -0.647274 0.32059200000000004 0.691561
vn -0.447213 0.886013 0.12239499999999995
vn 0.267257 0.534513 0.801792
vn -0.301511 -0.3015109999999999 0.904534
vn 0.408248 -0.816497 0.40824900000000003
vn 0.894427 -0.447213 2.7383898449354267E-17
vn 0.447214 0.894427 3.699999999994523E-05
vn 0.66666 0.33333100000000004 0.666674
vn 8.4E-05 1 5.999999999938768E-06
vn 8.4E-05 1 5.999999999938768E-06
vn -1 1.6E-05 -9.797174393178826E-22
vn -1 1.6E-05 -9.797174393178826E-22
vn -0.803949 0.594698 1.7999999999963585E-05
vn -0.803949 0.594698 1.7999999999963585E-05
vn -0.803949 0.594698 1.7999999999963585E-05
vn -0.803949 0.594698 -3.641475010796663E-17
vn 1 3.4E-05 -1.1000000000000001E-05
vn 1 3.4E-05 -1.1000000000000001E-05
vn 1 3.4E-05 -1.1000000000000001E-05
vn 0.307211 0.73697 0.602078
vn 0.894427 0.447214 -2.738395968169422E-17
vn -0.658627 0.32881000000000005 0.676827
vn -0.408248 -0.816497 0.40824800000000006
vn -0 6.123233995736766E-17 1
vn -0 6.123233995736766E-17 1
vn -0 6.123233995736766E-17 1
vn 0.934673 0.35551 -2.1768709178243775E-17
vn 0.934673 0.35551 -2.1768709178243775E-17
vn 0.087156 -0.996195 6.099935090382987E-17
vn 0.087156 -0.996195 6.099935090382987E-17
vn 0.087156 -0.996195 6.099935090382987E-17
vn 0.087155 -0.996195 6.099935090382987E-17
vn 0.087156 -0.996195 6.099935090382987E-17
vn 0.087156 -0.996195 6.099935090382987E-17
vn 0.087156 -0.996195 6.099935090382987E-17
vn 0.087156 -0.996195 6.099935090382987E-17
vn 0.087156 -0.996195 6.099935090382987E-17
vn -0.087254 0.996184 -0.001956000000000061
vn -0.087887 0.99613 -0.001304000000000061
vn 0.993594 0.086928 0.072212
vn 0.993594 0.086928 0.072212
vn 0.086947 -0.993811 0.06913300000000006
vn 0.086947 -0.993811 0.06913300000000006
vn -0.993594 -0.086928 0.072212
vn -0.993594 -0.086928 0.072212
vn -0.993594 -0.086928 0.072212
vn -0.993594 -0.086928 0.072212
vn 0 6.123233995736766E-17 1
vn 0 6.123233995736766E-17 1
vn 0 6.123233995736766E-17 1
vn 0 6.123233995736766E-17 1
vn -0.087156 0.996195 -6.099935090382987E-17
vn -0.087155 0.996195 -6.099935090382987E-17
vn -0.087156 0.996195 -6.099935090382987E-17
vn -0.087156 0.996195 -6.099935090382987E-17
vn -0.087156 0.996195 -6.099935090382987E-17
vn -0.087156 0.996195 -6.099935090382987E-17
vn -0.087156 0.996195 -6.099935090382987E-17
vn -0.087156 0.996195 -6.099935090382987E-17
vn -0.087155 0.996195 -6.099935090382987E-17
vn 0.087156 -0.996195 6.099935090382987E-17
vn 0.08548 -0.996336 -0.0029849999999999387
vn 0.086998 -0.996204 -0.0029849999999999387
vn 0.087156 -0.996195 6.099935090382987E-17
vn 0.087156 -0.996195 6.099935090382987E-17
vn 0.087156 -0.996195 6.099935090382987E-17
vn -0.087156 0.996195 -6.099935090382987E-17
vn -0.087156 0.996195 9.999999999390007E-07
vn -0.087156 0.996195 9.999999999390007E-07
vn -0.087156 0.996195 9.999999999390007E-07
vn -0.996195 -0.087156 5.336765821324336E-18
vn -0.996195 -0.087156 5.336765821324336E-18
vn -0.996195 -0.087156 5.336765821324336E-18
vn -0.996195 -0.087156 5.336765821324336E-18
vn -0 1.0000000000612324E-06 1
vn -0 6.123233995736766E-17 1
vn 0.001492 -3.399999999993877E-05 0.999999
vn 0.001492 -3.399999999993877E-05 0.999999
vn 0.524179 0.831869 0.18229199999999995
vn 0.615616 0.596026 0.515529
vn -0.982732 -0.157753 -0.09670099999999998
vn -0.982733 0.157753 -0.09670100000000001
vn -0 6.123233995736766E-17 1
vn 0 6.123233995736766E-17 1
vn 0 6.123233995736766E-17 1
vn 0 6.123233995736766E-17 1
vn 0 6.123233995736766E-17 1
vn 0 6.123233995736766E-17 1
vn -0 6.123233995736766E-17 1
vn -0.996208 -0.08701 5.32782589969056E-18
vn -0.996208 -0.08701 5.32782589969056E-18
vn -0.996178 -0.087348 -4.7999999999994655E-05
vn -0.996182 -0.087301 5.345644510618154E-18
vn 0.921047 0.08058100000000003 0.381025
vn 0.897038 0.07848000000000002 0.434929
vn -0.06784 0.77541 -0.627803
vn -0.06784 0.77541 -0.627803
vn -0.06784 0.77541 -0.627803
vn -0.06784 0.77541 -0.627803
vn -0.087212 0.99619 0.000256999999999939
vn -0.087156 0.996195 0.00017299999999993902
vn 0.087156 -0.996195 0.00012700000000006098
vn 0.087128 -0.996197 8.5000000000061E-05
vn -0.996186 -0.087258 -0.00014099999999999467
vn -0.996186 -0.087258 -0.00014099999999999467
vn -0.996204 -0.087047 -0.00014999999999999465
vn -0.996204 -0.087047 -0.00014999999999999465
vn -0.832863 -0.07286599999999997 0.548661
vn 0.832863 0.07286600000000003 0.548661
vn -0.090247 0.995919 -6.098245077800164E-17
vn -0.084064 0.99646 -6.101557747391858E-17
vn -0.087154 0.99618 -0.005479000000000061
vn -0.087154 0.99618 -0.005479000000000061
vn -0.087154 0.99618 -0.005479000000000061
vn -0.087154 0.99618 -0.00548000000000006
vn -0 0.988653 0.15021599999999993
vn -1E-06 0.988653 0.15021599999999993
vn 0.087156 -0.996195 -9.999999999390007E-07
vn 0.087156 -0.996195 -9.999999999390007E-07
vn 0.087156 -0.996195 -9.999999999390007E-07
vn 0.087156 -0.996195 6.099935090382987E-17
vn 0.087156 -0.996195 6.099935090382987E-17
vn 0.087156 -0.996195 6.099935090382987E-17
vn 0.996195 0.087159 3.999999999994663E-06
vn 0.996195 0.087159 3.999999999994663E-06
vn 0.996195 0.087156 -5.336765821324336E-18
vn 0.235053 0.662613 0.711122
vn -0.746877 0.4119650000000001 0.521977
vn 0.805596 0.20347100000000004 0.556431
vn 0.956916 0.24169 0.16092499999999998
vn -0.412621 0.027927000000000056 0.910475
vn -0.985145 0.07716200000000001 0.153411
vn 0.408092 -0.912018 -0.041034999999999947
vn 0.717442 -0.695408 -0.04103399999999996
vn 0.996182 0.087306 -0.00028100000000000537
vn 0.996205 0.087033 -5.32923424350958E-18
vn 0.996184 0.087278 -5.344236166799135E-18
vn 0.996184 0.087278 -5.344236166799135E-18
vn 0.067792 -0.774864 0.628482
vn 0.115151 -0.768993 0.6288
vn -0.897038 -0.07847999999999997 0.434929
vn -0.921047 -0.08058099999999997 0.381025
vn -0.067839 0.77541 -0.627803
vn -0.067839 0.77541 -0.627803
vn -0.067839 0.77541 -0.627803
vn -0.067839 0.77541 -0.627803
vn 0.050534 -0.577602 -0.814753
vn 0.050534 -0.577602 -0.814753
vn -0.087156 0.996195 0.000256999999999939
vn -0.0871 0.9962 0.00017199999999993902
vn 0.087212 -0.99619 8.4000000000061E-05
vn 0.087156 -0.996195 6.099935090382987E-17
vn 0.996124 0.0879 -0.003178000000000005
vn 0.996124 0.0879 -0.003178000000000005
vn 0.996329 0.085587 -0.002080000000000005
vn 0.996329 0.085587 -0.002080000000000005
vn 0.087156 -0.996195 6.099935090382987E-17
vn 0.087156 -0.996195 6.099935090382987E-17
vn 0.084063 -0.99646 6.101557747391858E-17
vn 0.087154 -0.99618 -0.005479999999999939
vn 0.087154 -0.99618 -0.005479999999999939
vn 0.090241 -0.995844 -0.01231799999999994
vn 0.090241 -0.995844 -0.01231799999999994
vn 0.090241 -0.995844 -0.01231799999999994
vn -0.996358 -0.085266 5.2210366988049105E-18
vn -0.996358 -0.085266 5.2210366988049105E-18
vn -0.996028 -0.089044 5.452372479163846E-18
vn -0.996028 -0.089044 5.452372479163846E-18
vn -0.996188 -0.087155 0.003564000000000005
vn -0.996188 -0.087155 0.003564000000000005
vn -0.996188 -0.087155 0.003564000000000005
vn -0.996188 -0.087155 0.0035650000000000052
vn 0.996358 0.085265 -5.2209754664649534E-18
vn 0.996358 0.085265 -5.2209754664649534E-18
vn 0.996028 0.089045 -5.452433711503803E-18
vn 0.996028 0.089045 -5.452433711503803E-18
vn 0.996188 0.087155 0.0035639999999999947
vn 0.996188 0.087155 0.0035639999999999947
vn 0.996188 0.087155 0.0035639999999999947
vn 0.996188 0.087155 0.003564999999999995
vn 0.995766 0.091873 0.003203999999999994
vn 0.998941 0.045985 0.0016039999999999971
vn 0 -1 6.123233995736766E-17
vn 0 -1 6.123233995736766E-17
vn -0.999649 0.026497 0.0009219999999999983
vn -0.998596 0.052975 -3.243783209241552E-18
vn -0.999649 0.026497 0.0009219999999999983
vn -0.999998 1.1291243488138596E-19 0.001844
vn -0.988653 9.19807717903594E-18 0.150216
vn -0.988653 9.19807717903594E-18 0.150216
vn 0 -0.988653 0.15021500000000004
vn 0 -0.988653 0.15021500000000004
vn 0.988653 1.000000000009198E-06 0.150216
vn 0.988653 -9.999999999908018E-07 0.150216
vn -0.087156 0.996195 -6.099935090382987E-17
vn -0.087156 0.996195 -6.099935090382987E-17
vn -0.087156 0.996195 -6.099935090382987E-17
vn -0.087156 0.996195 -6.099935090382987E-17
vn -0.087156 0.996195 -6.099935090382987E-17
vn -0.087156 0.996195 -6.099935090382987E-17
vn -0.087156 0.996195 -6.099935090382987E-17
vn -0.087156 0.996195 -6.099935090382987E-17
vn 0.087155 -0.996195 6.099935090382987E-17
vn 0.087155 -0.996195 6.099935090382987E-17
vn 0.087155 -0.996195 6.099935090382987E-17
vn 0.087156 -0.996195 6.099935090382987E-17
vn 0.087156 -0.996195 6.099935090382987E-17
vn -0.087156 0.996195 -6.099935090382987E-17
vn -0.087156 0.996195 -6.099935090382987E-17
vn -0.087156 0.996195 -6.099935090382987E-17
vn 0.087156 -0.996195 6.099935090382987E-17
vn -0.087156 0.996195 -1.0000000000609992E-06
vn -0.996195 -0.087156 1.0000000000053367E-06
vn -0.996195 -0.087156 1.0000000000053367E-06
vn -0.996195 -0.087156 1.0000000000053367E-06
vn 0.086596 -0.989796 0.11316300000000006
vn 0.086596 -0.989796 0.11316200000000005
vn -0.956917 -0.24169 0.16092400000000004
vn -0.95948 -0.236949 0.15248800000000004
vn -0.956917 -0.24169 0.16092400000000004
vn 0.984249 -0.07185799999999999 0.161526
vn 0.983259 -0.06654799999999998 0.169626
vn 0.985145 -0.07716199999999998 0.153411
vn 0.408091 -0.912019 -0.041034999999999947
vn 0.717442 -0.695408 -0.04103399999999996
vn 0.996195 0.087155 -5.336704588984378E-18
vn 0.996195 0.087155 -5.336704588984378E-18
vn 0.996195 0.087155 -5.336704588984378E-18
vn 0.996195 0.087155 -5.336704588984378E-18
vn -0.996195 -0.087155 5.336704588984378E-18
vn -0.996195 -0.087155 5.336704588984378E-18
vn -0.996195 -0.087155 5.336704588984378E-18
vn -0.996195 -0.087155 5.336704588984378E-18
vn -0.996195 -0.087155 5.336704588984378E-18
vn -0.996195 -0.087155 5.336704588984378E-18
vn -0.996195 -0.087155 5.336704588984378E-18
vn -0.996195 -0.087155 5.336704588984378E-18
vn 0.996195 0.087155 -5.336704588984378E-18
vn 0.996195 0.087155 -5.336704588984378E-18
vn 0.996195 0.087155 -5.336704588984378E-18
vn 0.996195 0.087155 -5.336704588984378E-18
vn 0.047052 -0.685582 0.726474
vn 0.064735 -0.683668 0.726916
vn 0.064735 -0.683668 0.726916
vn 0.064735 -0.683668 0.726916
vn 0.307211 0.73697 0.602078
vn -0.542414 0.650598 0.531515
vn 0.307211 0.73697 0.602078
vn 0.666667 -0.33333299999999993 0.666667
vn 0.666667 -0.33333299999999993 0.666667
vn -0.408248 -0.816497 0.40824800000000006
vn -0.647274 0.32059200000000004 0.691561
vn 0.647274 0.641185 0.41221199999999997
vn -0.647274 0.32059200000000004 0.691561
vn -0.687769 0.549262 0.47464199999999995
vn 0.929815 0.278462 0.24063099999999998
vn 0.400928 0.800632 0.44524699999999995
vn 0.400928 0.800632 0.44524699999999995
vn -0.658627 0.32881000000000005 0.676827
vn -0.687769 0.549262 0.47464199999999995
vn -0.707107 -0.707107 -9.999999999567022E-07
vn -0.707107 -0.707107 -9.999999999567022E-07
vn -0.301511 -0.3015109999999999 0.904534
vn 0.66666 0.33333100000000004 0.666674
vn 0.408248 -0.816497 0.40824900000000003
vn 0.66666 0.33333100000000004 0.666674
vn 0.267257 0.534513 0.801792
vn 0.267257 0.534513 0.801792
vn 0.894427 0.447214 1.8999999999972618E-05
vn 2E-06 -8.999999999938768E-06 1
vn 2E-06 -8.999999999938768E-06 1
vn 2E-06 -8.999999999938768E-06 1
vn 0.235053 0.662613 0.711122
vn -0.746877 0.4119650000000001 0.521977
vn -0.746877 0.4119650000000001 0.521977
vn -0.832863 -0.07286599999999997 0.548661
vn 0.832863 0.07286600000000003 0.548661
vn 0.832863 0.07286600000000003 0.548661
vn -0.832863 -0.07286599999999997 0.548661
g 01
f 1000/1000/1000 999/999/999 998/998/998
f 722/722/722 723/723/723 997/997/997
f 719/719/719 718/718/718 720/720/720
f 720/720/720 721/721/721 719/719/719
f 993/993/993 996/996/996 995/995/995
f 995/995/995 994/994/994 993/993/993
f 989/989/989 992/992/992 991/991/991
f 991/991/991 990/990/990 989/989/989
f 708/708/708 705/705/705 706/706/706
f 706/706/706 707/707/707 708/708/708
f 704/704/704 701/701/701 702/702/702
f 702/702/702 703/703/703 704/704/704
f 697/697/697 696/696/696 698/698/698
f 696/696/696 700/700/700 698/698/698
f 696/696/696 695/695/695 700/700/700
f 700/700/700 699/699/699 698/698/698
f 690/690/690 689/689/689 691/691/691
f 689/689/689 693/693/693 691/691/691
f 689/689/689 694/694/694 693/693/693
f 693/693/693 692/692/692 691/691/691
f 688/688/688 686/686/686 685/685/685
f 685/685/685 687/687/687 688/688/688
f 985/985/985 988/988/988 987/987/987
f 987/987/987 986/986/986 985/985/985
f 981/981/981 984/984/984 983/983/983
f 983/983/983 982/982/982 981/981/981
f 679/679/679 683/683/683 684/684/684
f 684/684/684 680/680/680 679/679/679
f 677/677/677 681/681/681 682/682/682
f 682/682/682 678/678/678 677/677/677
f 629/629/629 628/628/628 626/626/626
f 626/626/626 627/627/627 629/629/629
f 623/623/623 622/622/622 625/625/625
f 625/625/625 624/624/624 623/623/623
f 619/619/619 618/618/618 621/621/621
f 621/621/621 620/620/620 619/619/619
f 615/615/615 614/614/614 617/617/617
f 617/617/617 616/616/616 615/615/615
f 601/601/601 600/600/600 980/980/980
f 980/980/980 979/979/979 601/601/601
f 610/610/610 611/611/611 609/609/609
f 609/609/609 608/608/608 610/610/610
f 608/608/608 609/609/609 607/607/607
f 607/607/607 606/606/606 608/608/608
f 606/606/606 607/607/607 605/605/605
f 605/605/605 604/604/604 606/606/606
f 604/604/604 605/605/605 603/603/603
f 603/603/603 602/602/602 604/604/604
f 602/602/602 603/603/603 600/600/600
f 600/600/600 601/601/601 602/602/602
f 976/976/976 978/978/978 594/594/594
f 594/594/594 977/977/977 976/976/976
f 973/973/973 595/595/595 975/975/975
f 975/975/975 974/974/974 973/973/973
f 971/971/971 593/593/593 592/592/592
f 592/592/592 972/972/972 971/971/971
f 597/597/597 596/596/596 598/598/598
f 598/598/598 599/599/599 597/597/597
f 591/591/591 586/586/586 590/590/590
f 586/586/586 588/588/588 590/590/590
f 586/586/586 587/587/587 588/588/588
f 588/588/588 589/589/589 590/590/590
f 585/585/585 582/582/582 584/584/584
f 585/585/585 580/580/580 582/582/582
f 580/580/580 581/581/581 582/582/582
f 582/582/582 583/583/583 584/584/584
f 579/579/579 575/575/575 578/578/578
f 575/575/575 576/576/576 578/578/578
f 575/575/575 656/656/656 576/576/576
f 576/576/576 577/577/577 578/578/578
f 570/570/570 571/571/571 569/569/569
f 571/571/571 572/572/572 569/569/569
f 572/572/572 573/573/573 569/569/569
f 573/573/573 574/574/574 569/569/569
f 567/567/567 564/564/564 568/568/568
f 567/567/567 566/566/566 564/564/564
f 566/566/566 565/565/565 564/564/564
f 564/564/564 563/563/563 568/568/568
f 559/559/559 560/560/560 558/558/558
f 560/560/560 561/561/561 558/558/558
f 561/561/561 562/562/562 558/558/558
f 562/562/562 645/645/645 558/558/558
f 968/968/968 970/970/970 969/969/969
f 969/969/969 557/557/557 968/968/968
f 956/956/956 957/957/957 965/965/965
f 967/967/967 950/950/950 963/963/963
f 966/966/966 958/958/958 962/962/962
f 965/965/965 957/957/957 964/964/964
f 951/951/951 963/963/963 950/950/950
f 959/959/959 962/962/962 958/958/958
f 958/958/958 961/961/961 960/960/960
f 960/960/960 959/959/959 958/958/958
f 954/954/954 957/957/957 956/956/956
f 956/956/956 955/955/955 954/954/954
f 950/950/950 953/953/953 952/952/952
f 952/952/952 951/951/951 950/950/950
f 556/556/556 553/553/553 554/554/554
f 554/554/554 555/555/555 556/556/556
f 550/550/550 549/549/549 547/547/547
f 547/547/547 548/548/548 550/550/550
f 545/545/545 544/544/544 543/543/543
f 543/543/543 546/546/546 545/545/545
f 542/542/542 541/541/541 539/539/539
f 539/539/539 540/540/540 542/542/542
f 537/537/537 536/536/536 535/535/535
f 535/535/535 538/538/538 537/537/537
f 534/534/534 533/533/533 531/531/531
f 531/531/531 532/532/532 534/534/534
f 529/529/529 528/528/528 527/527/527
f 527/527/527 530/530/530 529/529/529
f 524/524/524 523/523/523 525/525/525
f 525/525/525 526/526/526 524/524/524
f 520/520/520 519/519/519 521/521/521
f 521/521/521 522/522/522 520/520/520
f 514/514/514 513/513/513 949/949/949
f 949/949/949 948/948/948 514/514/514
f 518/518/518 517/517/517 515/515/515
f 515/515/515 516/516/516 518/518/518
f 511/511/511 509/509/509 510/510/510
f 510/510/510 512/512/512 511/511/511
f 506/506/506 503/503/503 947/947/947
f 947/947/947 946/946/946 506/506/506
f 508/508/508 504/504/504 505/505/505
f 505/505/505 507/507/507 508/508/508
f 500/500/500 497/497/497 945/945/945
f 945/945/945 944/944/944 500/500/500
f 501/501/501 498/498/498 499/499/499
f 499/499/499 502/502/502 501/501/501
f 496/496/496 495/495/495 493/493/493
f 493/493/493 494/494/494 496/496/496
f 491/491/491 490/490/490 489/489/489
f 489/489/489 492/492/492 491/491/491
f 488/488/488 487/487/487 485/485/485
f 485/485/485 486/486/486 488/488/488
f 483/483/483 482/482/482 481/481/481
f 481/481/481 484/484/484 483/483/483
f 480/480/480 479/479/479 477/477/477
f 477/477/477 478/478/478 480/480/480
f 475/475/475 474/474/474 473/473/473
f 473/473/473 476/476/476 475/475/475
f 472/472/472 471/471/471 469/469/469
f 469/469/469 470/470/470 472/472/472
f 467/467/467 466/466/466 465/465/465
f 465/465/465 468/468/468 467/467/467
f 462/462/462 458/458/458 459/459/459
f 459/459/459 464/464/464 462/462/462
f 463/463/463 460/460/460 461/461/461
f 461/461/461 644/644/644 463/463/463
f 940/940/940 943/943/943 942/942/942
f 942/942/942 941/941/941 940/940/940
f 457/457/457 452/452/452 939/939/939
f 939/939/939 938/938/938 457/457/457
f 456/456/456 453/453/453 937/937/937
f 937/937/937 936/936/936 456/456/456
f 710/710/710 454/454/454 451/451/451
f 451/451/451 711/711/711 710/710/710
f 450/450/450 445/445/445 446/446/446
f 446/446/446 455/455/455 450/450/450
f 449/449/449 447/447/447 444/444/444
f 444/444/444 448/448/448 449/449/449
f 443/443/443 437/437/437 438/438/438
f 438/438/438 442/442/442 443/443/443
f 441/441/441 439/439/439 436/436/436
f 436/436/436 440/440/440 441/441/441
f 435/435/435 429/429/429 430/430/430
f 430/430/430 434/434/434 435/435/435
f 433/433/433 431/431/431 428/428/428
f 428/428/428 432/432/432 433/433/433
f 427/427/427 421/421/421 422/422/422
f 422/422/422 426/426/426 427/427/427
f 425/425/425 423/423/423 420/420/420
f 420/420/420 424/424/424 425/425/425
f 419/419/419 413/413/413 414/414/414
f 414/414/414 418/418/418 419/419/419
f 417/417/417 415/415/415 412/412/412
f 412/412/412 416/416/416 417/417/417
f 934/934/934 932/932/932 935/935/935
f 934/934/934 933/933/933 932/932/932
f 49/49/49 931/931/931 930/930/930
f 929/929/929 928/928/928 44/44/44
f 926/926/926 924/924/924 927/927/927
f 926/926/926 925/925/925 924/924/924
f 46/46/46 923/923/923 922/922/922
f 921/921/921 920/920/920 641/641/641
f 919/919/919 918/918/918 917/917/917
f 640/640/640 916/916/916 915/915/915
f 45/45/45 642/642/642 914/914/914
f 913/913/913 912/912/912 47/47/47
f 897/897/897 407/407/407 1034/1034/1034
f 1034/1034/1034 1033/1033/1033 897/897/897
f 1031/1031/1031 1032/1032/1032 409/409/409
f 409/409/409 896/896/896 1031/1031/1031
f 633/633/633 911/911/911 910/910/910
f 909/909/909 908/908/908 653/653/653
f 906/906/906 907/907/907 380/380/380
f 380/380/380 634/634/634 906/906/906
f 904/904/904 905/905/905 26/26/26
f 26/26/26 379/379/379 904/904/904
f 902/902/902 398/398/398 382/382/382
f 382/382/382 903/903/903 902/902/902
f 898/898/898 901/901/901 900/900/900
f 900/900/900 899/899/899 898/898/898
f 399/399/399 396/396/396 384/384/384
f 384/384/384 383/383/383 399/399/399
f 397/397/397 395/395/395 385/385/385
f 385/385/385 387/387/387 397/397/397
f 407/407/407 897/897/897 410/410/410
f 897/897/897 896/896/896 410/410/410
f 896/896/896 409/409/409 410/410/410
f 409/409/409 411/411/411 410/410/410
f 401/401/401 895/895/895 381/381/381
f 401/401/401 403/403/403 895/895/895
f 895/895/895 894/894/894 381/381/381
f 402/402/402 400/400/400 669/669/669
f 400/400/400 394/394/394 669/669/669
f 394/394/394 391/391/391 669/669/669
f 388/388/388 392/392/392 389/389/389
f 389/389/389 394/394/394 388/388/388
f 894/894/894 390/390/390 381/381/381
f 381/381/381 390/390/390 393/393/393
f 393/393/393 386/386/386 381/381/381
f 391/391/391 394/394/394 389/389/389
f 405/405/405 635/635/635 893/893/893
f 893/893/893 892/892/892 405/405/405
f 404/404/404 891/891/891 890/890/890
f 890/890/890 650/650/650 404/404/404
f 353/353/353 354/354/354 352/352/352
f 352/352/352 351/351/351 353/353/353
f 348/348/348 347/347/347 350/350/350
f 350/350/350 349/349/349 348/348/348
f 613/613/613 374/374/374 375/375/375
f 375/375/375 612/612/612 613/613/613
f 341/341/341 335/335/335 889/889/889
f 889/889/889 888/888/888 341/341/341
f 346/346/346 340/340/340 339/339/339
f 339/339/339 345/345/345 346/346/346
f 345/345/345 339/339/339 338/338/338
f 338/338/338 344/344/344 345/345/345
f 344/344/344 338/338/338 337/337/337
f 337/337/337 343/343/343 344/344/344
f 343/343/343 337/337/337 336/336/336
f 336/336/336 342/342/342 343/343/343
f 342/342/342 336/336/336 335/335/335
f 335/335/335 341/341/341 342/342/342
f 1030/1030/1030 887/887/887 329/329/329
f 329/329/329 886/886/886 1029/1029/1029
f 884/884/884 330/330/330 885/885/885
f 885/885/885 1028/1028/1028 884/884/884
f 882/882/882 328/328/328 327/327/327
f 327/327/327 883/883/883 882/882/882
f 332/332/332 331/331/331 333/333/333
f 333/333/333 334/334/334 332/332/332
f 325/325/325 326/326/326 321/321/321
f 326/326/326 323/323/323 321/321/321
f 326/326/326 324/324/324 323/323/323
f 323/323/323 322/322/322 321/321/321
f 316/316/316 317/317/317 315/315/315
f 317/317/317 320/320/320 315/315/315
f 317/317/317 318/318/318 320/320/320
f 320/320/320 319/319/319 315/315/315
f 879/879/879 881/881/881 314/314/314
f 314/314/314 880/880/880 879/879/879
f 875/875/875 876/876/876 878/878/878
f 878/878/878 876/876/876 877/877/877
f 873/873/873 876/876/876 875/875/875
f 875/875/875 874/874/874 873/873/873
f 313/313/313 551/551/551 552/552/552
f 552/552/552 312/312/312 313/313/313
f 308/308/308 309/309/309 311/311/311
f 311/311/311 310/310/310 308/308/308
f 305/305/305 304/304/304 306/306/306
f 306/306/306 307/307/307 305/305/305
f 299/299/299 298/298/298 872/872/872
f 872/872/872 871/871/871 299/299/299
f 303/303/303 302/302/302 300/300/300
f 300/300/300 301/301/301 303/303/303
f 297/297/297 296/296/296 294/294/294
f 294/294/294 295/295/295 297/297/297
f 292/292/292 291/291/291 290/290/290
f 290/290/290 293/293/293 292/292/292
f 289/289/289 283/283/283 284/284/284
f 284/284/284 288/288/288 289/289/289
f 287/287/287 285/285/285 282/282/282
f 282/282/282 286/286/286 287/287/287
f 281/281/281 275/275/275 276/276/276
f 276/276/276 280/280/280 281/281/281
f 279/279/279 277/277/277 274/274/274
f 274/274/274 278/278/278 279/279/279
f 272/272/272 268/268/268 269/269/269
f 269/269/269 273/273/273 272/272/272
f 271/271/271 267/267/267 266/266/266
f 266/266/266 270/270/270 271/271/271
f 869/869/869 867/867/867 870/870/870
f 869/869/869 868/868/868 867/867/867
f 48/48/48 376/376/376 866/866/866
f 865/865/865 377/377/377 363/363/363
f 864/864/864 406/406/406 262/262/262
f 262/262/262 850/850/850 864/864/864
f 849/849/849 263/263/263 408/408/408
f 408/408/408 863/863/863 849/849/849
f 862/862/862 861/861/861 371/371/371
f 709/709/709 860/860/860 859/859/859
f 857/857/857 858/858/858 27/27/27
f 27/27/27 248/248/248 857/857/857
f 855/855/855 856/856/856 249/249/249
f 249/249/249 357/357/357 855/855/855
f 851/851/851 854/854/854 853/853/853
f 853/853/853 852/852/852 851/851/851
f 256/256/256 257/257/257 251/251/251
f 251/251/251 252/252/252 256/256/256
f 259/259/259 258/258/258 668/668/668
f 258/258/258 250/250/250 668/668/668
f 250/250/250 33/33/33 668/668/668
f 33/33/33 250/250/250 253/253/253
f 255/255/255 254/254/254 253/253/253
f 253/253/253 250/250/250 255/255/255
f 850/850/850 264/264/264 849/849/849
f 850/850/850 262/262/262 264/264/264
f 262/262/262 265/265/265 264/264/264
f 264/264/264 263/263/263 849/849/849
f 261/261/261 848/848/848 847/847/847
f 847/847/847 369/369/369 261/261/261
f 260/260/260 144/144/144 846/846/846
f 846/846/846 845/845/845 260/260/260
f 247/247/247 246/246/246 244/244/244
f 244/244/244 245/245/245 247/247/247
f 241/241/241 242/242/242 243/243/243
f 243/243/243 240/240/240 241/241/241
f 234/234/234 235/235/235 239/239/239
f 239/239/239 238/238/238 234/234/234
f 236/236/236 237/237/237 235/235/235
f 235/235/235 234/234/234 236/236/236
f 233/233/233 232/232/232 231/231/231
f 231/231/231 230/230/230 233/233/233
f 218/218/218 217/217/217 226/226/226
f 226/226/226 229/229/229 218/218/218
f 219/219/219 220/220/220 228/228/228
f 228/228/228 227/227/227 219/219/219
f 101/101/101 223/223/223 222/222/222
f 222/222/222 95/95/95 101/101/101
f 221/221/221 224/224/224 102/102/102
f 102/102/102 96/96/96 221/221/221
f 228/228/228 229/229/229 226/226/226
f 226/226/226 227/227/227 228/228/228
f 844/844/844 843/843/843 838/838/838
f 843/843/843 841/841/841 838/838/838
f 843/843/843 842/842/842 841/841/841
f 841/841/841 840/840/840 838/838/838
f 840/840/840 839/839/839 838/838/838
f 215/215/215 216/216/216 209/209/209
f 209/209/209 208/208/208 215/215/215
f 214/214/214 215/215/215 208/208/208
f 208/208/208 207/207/207 214/214/214
f 836/836/836 214/214/214 207/207/207
f 207/207/207 837/837/837 836/836/836
f 212/212/212 213/213/213 206/206/206
f 206/206/206 205/205/205 212/212/212
f 211/211/211 212/212/212 205/205/205
f 205/205/205 204/204/204 211/211/211
f 210/210/210 211/211/211 204/204/204
f 204/204/204 203/203/203 210/210/210
f 209/209/209 216/216/216 210/210/210
f 210/210/210 203/203/203 209/209/209
f 201/201/201 202/202/202 200/200/200
f 200/200/200 199/199/199 201/201/201
f 197/197/197 185/185/185 198/198/198
f 195/195/195 197/197/197 198/198/198
f 193/193/193 195/195/195 1027/1027/1027
f 191/191/191 193/193/193 1026/1026/1026
f 835/835/835 191/191/191 1025/1025/1025
f 187/187/187 189/189/189 198/198/198
f 184/184/184 187/187/187 198/198/198
f 185/185/185 184/184/184 198/198/198
f 185/185/185 197/197/197 196/196/196
f 196/196/196 182/182/182 185/185/185
f 197/197/197 195/195/195 194/194/194
f 194/194/194 196/196/196 197/197/197
f 195/195/195 193/193/193 192/192/192
f 192/192/192 194/194/194 195/195/195
f 193/193/193 191/191/191 190/190/190
f 190/190/190 192/192/192 193/193/193
f 191/191/191 835/835/835 834/834/834
f 834/834/834 190/190/190 191/191/191
f 189/189/189 187/187/187 186/186/186
f 186/186/186 188/188/188 189/189/189
f 187/187/187 184/184/184 183/183/183
f 183/183/183 186/186/186 187/187/187
f 183/183/183 184/184/184 185/185/185
f 185/185/185 182/182/182 183/183/183
f 833/833/833 181/181/181 832/832/832
f 179/179/179 178/178/178 180/180/180
f 655/655/655 831/831/831 830/830/830
f 830/830/830 372/372/372 655/655/655
f 175/175/175 373/373/373 654/654/654
f 654/654/654 176/176/176 175/175/175
f 828/828/828 826/826/826 829/829/829
f 828/828/828 827/827/827 826/826/826
f 21/21/21 22/22/22 20/20/20
f 25/25/25 24/24/24 23/23/23
f 670/670/670 673/673/673 671/671/671
f 673/673/673 675/675/675 671/671/671
f 675/675/675 676/676/676 671/671/671
f 825/825/825 355/355/355 822/822/822
f 825/825/825 823/823/823 355/355/355
f 825/825/825 824/824/824 823/823/823
f 355/355/355 631/631/631 822/822/822
f 792/792/792 660/660/660 821/821/821
f 820/820/820 821/821/821 660/660/660
f 660/660/660 665/665/665 820/820/820
f 820/820/820 665/665/665 819/819/819
f 819/819/819 665/665/665 816/816/816
f 15/15/15 818/818/818 225/225/225
f 818/818/818 817/817/817 225/225/225
f 817/817/817 816/816/816 225/225/225
f 816/816/816 665/665/665 225/225/225
f 794/794/794 667/667/667 815/815/815
f 815/815/815 667/667/667 814/814/814
f 814/814/814 667/667/667 813/813/813
f 362/362/362 812/812/812 813/813/813
f 813/813/813 667/667/667 362/362/362
f 812/812/812 362/362/362 811/811/811
f 811/811/811 362/362/362 807/807/807
f 810/810/810 808/808/808 362/362/362
f 810/810/810 809/809/809 808/808/808
f 808/808/808 807/807/807 362/362/362
f 22/22/22 172/172/172 170/170/170
f 170/170/170 20/20/20 22/22/22
f 24/24/24 169/169/169 171/171/171
f 171/171/171 23/23/23 24/24/24
f 803/803/803 806/806/806 805/805/805
f 805/805/805 804/804/804 803/803/803
f 799/799/799 802/802/802 801/801/801
f 801/801/801 800/800/800 799/799/799
f 167/167/167 163/163/163 798/798/798
f 798/798/798 797/797/797 167/167/167
f 168/168/168 164/164/164 796/796/796
f 796/796/796 795/795/795 168/168/168
f 166/166/166 162/162/162 161/161/161
f 161/161/161 165/165/165 166/166/166
f 158/158/158 160/160/160 157/157/157
f 157/157/157 156/156/156 158/158/158
f 158/158/158 156/156/156 155/155/155
f 155/155/155 159/159/159 158/158/158
f 152/152/152 154/154/154 151/151/151
f 151/151/151 150/150/150 152/152/152
f 152/152/152 150/150/150 149/149/149
f 149/149/149 153/153/153 152/152/152
f 667/667/667 794/794/794 17/17/17
f 794/794/794 793/793/793 17/17/17
f 793/793/793 13/13/13 17/17/17
f 660/660/660 792/792/792 788/788/788
f 792/792/792 791/791/791 788/788/788
f 791/791/791 790/790/790 788/788/788
f 790/790/790 789/789/789 788/788/788
f 647/647/647 122/122/122 123/123/123
f 123/123/123 143/143/143 647/647/647
f 143/143/143 123/123/123 135/135/135
f 135/135/135 142/142/142 143/143/143
f 142/142/142 135/135/135 125/125/125
f 125/125/125 649/649/649 142/142/142
f 649/649/649 125/125/125 126/126/126
f 126/126/126 141/141/141 649/649/649
f 141/141/141 126/126/126 132/132/132
f 132/132/132 140/140/140 141/141/141
f 140/140/140 132/132/132 130/130/130
f 130/130/130 139/139/139 140/140/140
f 139/139/139 130/130/130 128/128/128
f 128/128/128 138/138/138 139/139/139
f 138/138/138 128/128/128 177/177/177
f 177/177/177 648/648/648 138/138/138
f 666/666/666 127/127/127 651/651/651
f 651/651/651 652/652/652 666/666/666
f 127/127/127 129/129/129 137/137/137
f 137/137/137 651/651/651 127/127/127
f 137/137/137 129/129/129 131/131/131
f 131/131/131 646/646/646 137/137/137
f 646/646/646 131/131/131 133/133/133
f 133/133/133 136/136/136 646/646/646
f 136/136/136 133/133/133 124/124/124
f 124/124/124 368/368/368 136/136/136
f 368/368/368 124/124/124 134/134/134
f 134/134/134 367/367/367 368/368/368
f 367/367/367 134/134/134 120/120/120
f 120/120/120 370/370/370 367/367/367
f 120/120/120 121/121/121 173/173/173
f 173/173/173 370/370/370 120/120/120
f 16/16/16 14/14/14 18/18/18
f 18/18/18 19/19/19 16/16/16
f 12/12/12 787/787/787 784/784/784
f 787/787/787 786/786/786 784/784/784
f 786/786/786 785/785/785 784/784/784
f 783/783/783 782/782/782 630/630/630
f 781/781/781 88/88/88 779/779/779
f 88/88/88 94/94/94 779/779/779
f 94/94/94 780/780/780 779/779/779
f 777/777/777 751/751/751 752/752/752
f 752/752/752 778/778/778 777/777/777
f 746/746/746 61/61/61 776/776/776
f 776/776/776 775/775/775 746/746/746
f 11/11/11 359/359/359 657/657/657
f 9/9/9 632/632/632 378/378/378
f 364/364/364 119/119/119 366/366/366
f 366/366/366 365/365/365 364/364/364
f 114/114/114 110/110/110 117/117/117
f 117/117/117 118/118/118 114/114/114
f 113/113/113 107/107/107 111/111/111
f 111/111/111 116/116/116 113/113/113
f 114/114/114 116/116/116 111/111/111
f 111/111/111 110/110/110 114/114/114
f 118/118/118 117/117/117 109/109/109
f 109/109/109 115/115/115 118/118/118
f 112/112/112 108/108/108 107/107/107
f 107/107/107 113/113/113 112/112/112
f 101/101/101 95/95/95 98/98/98
f 98/98/98 105/105/105 101/101/101
f 104/104/104 105/105/105 98/98/98
f 98/98/98 97/97/97 104/104/104
f 106/106/106 104/104/104 97/97/97
f 97/97/97 100/100/100 106/106/106
f 102/102/102 103/103/103 99/99/99
f 99/99/99 96/96/96 102/102/102
f 772/772/772 85/85/85 774/774/774
f 774/774/774 773/773/773 772/772/772
f 768/768/768 771/771/771 770/770/770
f 770/770/770 769/769/769 768/768/768
f 766/766/766 767/767/767 93/93/93
f 93/93/93 86/86/86 766/766/766
f 83/83/83 89/89/89 92/92/92
f 92/92/92 84/84/84 83/83/83
f 87/87/87 82/82/82 765/765/765
f 765/765/765 764/764/764 87/87/87
f 91/91/91 88/88/88 90/90/90
f 88/88/88 91/91/91 94/94/94
f 762/762/762 1024/1024/1024 1023/1023/1023
f 1022/1022/1022 763/763/763 762/762/762
f 1021/1021/1021 758/758/758 759/759/759
f 759/759/759 1020/1020/1020 1019/1019/1019
f 760/760/760 1018/1018/1018 1017/1017/1017
f 1016/1016/1016 761/761/761 760/760/760
f 81/81/81 80/80/80 79/79/79
f 79/79/79 78/78/78 81/81/81
f 1015/1015/1015 1014/1014/1014 1013/1013/1013
f 1012/1012/1012 1011/1011/1011 1010/1010/1010
f 1009/1009/1009 759/759/759 758/758/758
f 758/758/758 1008/1008/1008 1007/1007/1007
f 756/756/756 757/757/757 69/69/69
f 69/69/69 73/73/73 756/756/756
f 754/754/754 77/77/77 76/76/76
f 76/76/76 755/755/755 754/754/754
f 71/71/71 70/70/70 68/68/68
f 68/68/68 72/72/72 71/71/71
f 67/67/67 1006/1006/1006 1005/1005/1005
f 1004/1004/1004 753/753/753 67/67/67
f 749/749/749 752/752/752 751/751/751
f 751/751/751 750/750/750 749/749/749
f 64/64/64 60/60/60 748/748/748
f 748/748/748 747/747/747 64/64/64
f 746/746/746 66/66/66 65/65/65
f 65/65/65 61/61/61 746/746/746
f 1003/1003/1003 59/59/59 58/58/58
f 58/58/58 1002/1002/1002 1001/1001/1001
f 75/75/75 74/74/74 63/63/63
f 63/63/63 62/62/62 75/75/75
f 664/664/664 52/52/52 53/53/53
f 53/53/53 57/57/57 664/664/664
f 56/56/56 54/54/54 51/51/51
f 51/51/51 55/55/55 56/56/56
f 50/50/50 643/643/643 43/43/43
f 43/43/43 42/42/42 50/50/50
f 742/742/742 745/745/745 744/744/744
f 744/744/744 743/743/743 742/742/742
f 360/360/360 638/638/638 636/636/636
f 639/639/639 361/361/361 637/637/637
f 36/36/36 741/741/741 740/740/740
f 740/740/740 31/31/31 36/36/36
f 34/34/34 35/35/35 358/358/358
f 358/358/358 32/32/32 34/34/34
f 739/739/739 30/30/30 738/738/738
f 737/737/737 29/29/29 736/736/736
f 658/658/658 663/663/663 41/41/41
f 41/41/41 40/40/40 658/658/658
f 662/662/662 659/659/659 39/39/39
f 39/39/39 38/38/38 662/662/662
f 37/37/37 28/28/28 661/661/661
f 356/356/356 10/10/10 174/174/174
f 673/673/673 670/670/670 672/672/672
f 672/672/672 674/674/674 673/673/673
f 7/7/7 5/5/5 4/4/4
f 4/4/4 3/3/3 7/7/7
f 146/146/146 735/735/735 734/734/734
f 733/733/733 732/732/732 715/715/715
f 731/731/731 730/730/730 8/8/8
f 145/145/145 717/717/717 6/6/6
f 147/147/147 729/729/729 728/728/728
f 727/727/727 726/726/726 714/714/714
f 725/725/725 724/724/724 713/713/713
f 148/148/148 716/716/716 712/712/712
f 159/159/159 155/155/155 1/1/1
f 1/1/1 2/2/2 159/159/159
