v -0.24551238600000003 0.4973891265 0.05653799549999997
v -2.051513919 0.4973929695 0.05653799549999997
v -2.066061816 0.541105362 0.008408042999999966
v -0.24551238600000003 0.5450428620000001 0.010613861999999967
v -0.24551238600000003 0.52567452 0.06691803299999997
v -2.0697527339999997 0.5174188425 0.06312678749999998
v -1.3554462914999998 0.5238864854999999 0.009143315999999969
v -0.9533115585 0.5258860110000001 0.009878588999999969
v -0.9494622585 0.5012343315 0.06109613999999997
v -1.3579072289999998 0.501638067 0.06439053599999998
v -1.3554462914999998 0.5410361565 0.009143315999999967
v -0.9533115585 0.5430356505 0.009878588999999967
v -1.357906977 0.518787738 0.06439053599999998
v -0.9525021345 0.5222292075 0.06565428449999997
v -2.380574448 2.5058486565 1.5775201889999997
v -2.411176572 2.5283893005 1.8007298504999998
v -2.380574448 2.5509299445 1.5775201889999997
v -2.4417787275 2.5058486565 1.5775201889999997
v -2.4417787275 2.5509299445 1.5775201889999997
v -2.716813008 2.2504956075 0.6407853479999999
v -2.7047356560000004 2.2623927165 0.7019537489999998
v -2.6394371640000003 2.2623927165 0.7019791694999999
v -2.6271161595000003 2.2504956075 0.6407853479999999
v -2.1059342955 2.250541755 0.6407853479999999
v -2.2020954165 2.250541755 0.6407853479999999
v -2.189033721 2.2624004025000004 0.7019791694999999
v -2.119028688 2.2624004025000004 0.7019791694999999
v -2.2020954165 2.796643017 0.6407853479999998
v -2.105933823 2.796643017 0.6407853479999998
v -2.1190282154999998 2.7847843694999996 0.7019791694999998
v -2.189033217 2.7847843694999996 0.7019791694999998
v -2.7168288525 2.7967006935 0.6407853479999998
v -2.6271315315 2.7967006935 0.6407853479999998
v -2.639391993 2.7847958984999996 0.7019791694999998
v -2.704690485 2.7847958984999996 0.7019537489999997
v -2.704690485 2.7210037995 0.7019791694999999
v -2.71682838 2.7090759465 0.6407853479999999
v -2.716813008 2.338120386 0.6407853479999999
v -2.7047356560000004 2.3261809725 0.7019791694999999
v -2.6404133805 2.326023315 0.7019791694999999
v -2.6284571775 2.337901209 0.6407853479999999
v -2.2020954165 2.3377320225 0.6407853479999999
v -2.189033721 2.325873375 0.7019791694999999
v -2.1062779605 2.709452781 0.6407853479999999
v -2.1192786405 2.7213114285 0.7019791694999999
v -2.640367737 2.721157614 0.7019791694999999
v -2.628472077 2.7092912805 0.6407853479999999
v -2.1192791129999997 2.325873375 0.7019791694999999
v -2.1062779605 2.3377320225 0.6407853479999999
v -2.189033217 2.7213114285 0.7019791694999999
v -2.2020958889999998 2.709452781 0.6407853479999999
v -2.711891133 2.332321803 0.8871684569999999
v -2.7119156400000004 2.2534333605 0.8871898454999999
v -2.711914191 2.2534333605 0.8763519869999999
v -2.7118892115000004 2.332314117 0.8763519869999999
v -2.634499917 2.3322448799999997 0.8763519869999999
v -2.6344941525000003 2.332252566 0.8871684569999999
v -2.6344393740000003 2.2534295175000003 0.8871684569999999
v -2.6344451385 2.2534295175000003 0.8763519869999999
v -2.7118906290000004 2.790048492 0.8871684569999998
v -2.7119156400000004 2.7111562065 0.8871898454999999
v -2.711914191 2.7111562065 0.8763519869999999
v -2.7118892115000004 2.7900369315000004 0.8763519869999998
v -2.6344994445 2.789967726 0.8763519869999998
v -2.6344941525000003 2.789975412 0.8871684569999998
v -2.6344393740000003 2.7111523635 0.8871684569999999
v -2.6344446345 2.7111523635 0.8763519869999999
v -2.1923280855000002 2.332321803 0.8871684569999999
v -2.1923525925 2.2534333605 0.8871898454999999
v -2.192351175 2.2534333605 0.8763519869999999
v -2.1923261640000002 2.332314117 0.8763519869999999
v -2.114936901 2.3322448799999997 0.8763519869999999
v -2.1149311365 2.332252566 0.8871684569999999
v -2.1148768305 2.2534295175000003 0.8871684569999999
v -2.114882091 2.2534333605 0.8763519869999999
v -2.1923285895 2.790048492 0.8871684569999998
v -2.1923545455 2.7111562065 0.8871898454999999
v -2.1923525925 2.7111562065 0.8763519869999999
v -2.192327613 2.7900369315000004 0.8763519869999998
v -2.1149373734999997 2.789967726 0.8763519869999998
v -2.114933058 2.789975412 0.8871684569999998
v -2.114877303 2.7111523635 0.8871684569999999
v -2.11488354 2.7111523635 0.8763519869999999
v -2.553360138 2.9613758580000002 0.28887862499999983
v -2.423413503 2.9728884465 0.23642857349999982
v -2.2934697345000004 2.9613758580000002 0.28887862499999983
v -2.4759944055000003 2.978433234 0.21115974599999981
v -2.5213886145 2.9900842335 0.1580609204999998
v -2.325439809 2.9900842335 0.1580609204999998
v -2.325440313 3.0262485015 -0.006732369000000185
v -2.2934697345000004 3.026340765 -0.007147287000000185
v -2.5213886145 3.0262485015 -0.006732243000000185
v -2.553359634 3.026340765 -0.007147287000000185
v -2.5213886145 2.9602992195000004 0.15152394599999985
v -2.4759944055000003 2.948644377 0.20462273999999983
v -2.423413503 2.943099558 0.22989181949999984
v -2.3708335455 2.978433234 0.21115974599999981
v -2.3708335455 2.948644377 0.20462273999999983
v -2.325439809 2.9602992195000004 0.15152394599999985
v -2.2934697345000004 2.9953137375 -0.004675167000000183
v -2.2934697345000004 2.931587001 0.2823417449999998
v -2.325440313 2.9952252855 -0.004260123000000184
v -2.553359634 2.931587001 0.2823417449999998
v -2.553359634 2.9953137375 -0.004675167000000183
v -2.5213886145 2.9952252855 -0.004260123000000184
v -2.8211749965 2.4013049445 0.2893732064999998
v -2.8306573155000003 2.5312501305 0.23651891549999982
v -2.8211745240000003 2.6611953165 0.2893732064999998
v -2.835225414 2.478666834 0.21105507149999986
v -2.8448250075 2.4332740740000003 0.15754699799999985
v -2.8448250075 2.6292262185 0.15754699799999983
v -2.8746167625 2.6292262185 -0.00851678100000016
v -2.87469126 2.6611953165 -0.008934943500000162
v -2.8746167625 2.433277917 -0.008516655000000149
v -2.8746907875 2.4013049445 -0.008934943500000146
v -2.8148078069999998 2.4332740740000003 0.15216200999999988
v -2.805208245 2.4786706769999998 0.20567020949999987
v -2.80063917 2.5312501305 0.23113392749999984
v -2.8352249415000004 2.5838334585 0.21105519749999985
v -2.805208245 2.5838334585 0.20567020949999984
v -2.8148078069999998 2.6292262185 0.15216200999999985
v -2.8437834285 2.6611953165 -0.005269855500000162
v -2.7911578275 2.6611953165 0.28398821849999983
v -2.8437094035 2.6292262185 -0.004851567000000161
v -2.7911582999999998 2.4013049445 0.28398821849999983
v -2.8437839009999997 2.4013049445 -0.005269855500000147
v -2.8437089309999997 2.4332740740000003 -0.0048515670000001485
v -2.288212857 2.0954834775 0.34174167299999986
v -2.4181585155 2.083974732 0.28042383599999987
v -2.5481027565 2.0954834775 0.3417417989999999
v -2.3655780855 2.0784299445000003 0.2508827264999999
v -2.3201838765000002 2.066775102 0.18880618049999986
v -2.5161326820000003 2.066775102 0.18880618049999986
v -2.5161326820000003 2.0306108655 -0.0038493000000001244
v -2.5481027565 2.0305224135 -0.0043346520000001245
v -2.3201838765000002 2.0306108655 -0.0038493000000001244
v -2.288212857 2.0305224135 -0.0043346520000001245
v -2.3201838765000002 2.0965639905 0.18116405999999988
v -2.3655780855 2.10821499 0.24324047999999987
v -2.4181585155 2.1137597775000003 0.27278180999999985
v -2.4707389455 2.0784299445000003 0.2508827264999999
v -2.4707389455 2.10821499 0.24324047999999987
v -2.5161326820000003 2.0965639905 0.18116405999999988
v -2.5481027565 2.061545598 -0.0014444640000001263
v -2.5481027565 2.125272366 0.3340996784999999
v -2.5161326820000003 2.0616378930000003 -0.0009592695000001263
v -2.288212857 2.125272366 0.3340996784999999
v -2.288212857 2.061545598 -0.0014447160000001264
v -2.3201838765000002 2.0616378930000003 -0.0009592695000001263
v -0.1067334345 -2.899017072 0.7105335300000002
v -0.185505768 -2.899017072 0.49248898650000017
v 0.021865347 -2.1878685989999997 4.1455861965
v -0.0059473575 -2.1787573814999996 4.348648647
v -0.0059473575 -2.2074311384999996 4.1455867005
v -0.0337596525 -2.1878685989999997 4.1455861965
v -0.022837941 -2.1553073324999996 4.1455861965
v 0.010943352 -2.1553073324999996 4.1455861965
v -0.008565574500000001 -2.9164003155 0.8708542290000003
v -0.1067334345 -2.9164003155 0.7105335300000002
v -0.008565574500000001 -2.9164003155 0.7694347500000003
v -0.1393434945 -2.9164003155 0.7539954975000002
v -0.185505768 -2.9164003155 0.49248898650000017
v -0.22915232549999998 -2.9164003155 0.5054012145000002
v -0.185505768 -2.9164003155 1.785780155704703e-16
v -0.229085514 -2.9171597489999996 0.0009829260000001785
v -0.22915232549999998 -2.899017072 1.7751359889491658e-16
v -0.22915232549999998 -2.899017072 0.5054012145000002
v -0.1393434945 -2.899017072 0.7539954975000002
v -0.008565574500000001 -2.899017072 0.8708542290000003
v -0.008565574500000001 -2.899018017 0.7694347500000003
v 0.089602758 -2.899018017 0.7105335300000002
v 0.168374745 -2.899018017 0.49248898650000017
v 0.168374745 -2.899018017 1.7751365675947786e-16
v 0.2120214285 -2.9164003155 0.5054012145000002
v 0.089602758 -2.9164003155 0.7105335300000002
v 0.168374745 -2.9164003155 0.49248898650000017
v 0.122212818 -2.9164003155 0.7539954975000002
v -0.008565574500000001 -2.9164003155 0.7694347500000003
v -0.008565574500000001 -2.9164003155 0.8708542290000003
v 0.211954743 -2.917160694 0.0009829260000001785
v 0.168374745 -2.9164003155 1.785780155704703e-16
v 0.122212818 -2.899018017 0.7539954975000002
v 0.2120214285 -2.899018017 0.5054012145000002
v 0.2120214285 -2.899018017 1.7751365675947786e-16
v -0.008565574500000001 -2.899018017 0.8708542290000003
v -0.776780865 -2.1796052355 1.0658710755
v -0.6283017405 -2.6382711285 1.0657248525000003
v -0.6283017405 -2.638270152 1.1222259615000003
v -0.776780865 -2.179603314 1.1222259615000003
v -0.2432814615 -2.918701674 1.0657248525000003
v -0.2432814615 -2.918701674 1.1222259615000003
v -0.628302213 -1.720936476 1.0658710754999998
v -0.628302213 -1.720936476 1.1222259615
v -0.618431058 -2.6242264755000004 1.1222259615000003
v -0.7628977125 -2.179603314 1.1222259615000003
v -0.6184305855 -1.7349811290000001 1.1222259615
v -0.240212007 -2.899018017 1.1222259615000003
v -1.6823907135 2.417460129 0.06617686949999985
v -1.6823907135 2.6407094805 0.06617686949999983
v -1.6396422525 2.640709953 0.06634977299999983
v -1.6396422525 2.417460129 0.06634977299999985
v -1.639501668 2.640709953 0.0015144254999998384
v -1.639501668 2.417460129 0.001514425499999852
v -1.7243670150000001 2.417460129 0.13001187149999985
v -1.7243679600000001 2.6407094805 0.13025580749999985
v -1.6824334905 2.6407094805 0.13101284699999982
v -1.6824334905 2.417460129 0.13101284699999985
v -1.766035908 2.417460129 0.19418612849999986
v -1.7243924984999999 2.417460129 0.19461424499999985
v -1.808781975 2.417460129 0.2583309014999999
v -1.808781975 2.6407094805 0.2583309014999999
v -1.7661224385 2.6407094805 0.2593616759999998
v -1.7661224385 2.417460129 0.2593616759999998
v -1.7659880909999999 2.6407094805 0.19443063149999984
v -1.8493689375 2.4174596564999997 0.32213635649999983
v -1.8493689375 2.6407094805 0.32213635649999983
v -1.8083854215000001 2.6407094805 0.32230891349999985
v -1.8083856735000001 2.417460129 0.32230891349999985
v -1.8918419625 2.417460129 0.38603829599999984
v -1.8918424665 2.6407094805 0.38616038999999985
v -1.8494117145 2.6407094805 0.38697233399999986
v -1.8494117145 2.4174596564999997 0.38697233399999986
v -1.7243658179999999 2.6407094805 0.19450840499999986
v -1.9350119565 2.417460129 0.45076528349999984
v -1.9350119565 2.6407094805 0.45076528349999984
v -1.8922637475000001 2.640709953 0.45093809249999983
v -1.8922637475000001 2.417460129 0.45093809249999983
v -1.9769884785 2.417460129 0.5146001909999999
v -1.976989455 2.640709953 0.5148440954999999
v -1.9350549855 2.6407094805 0.5156012609999998
v -1.9350549855 2.417460129 0.5156012609999998
v -2.018657529 2.417460129 0.5787744794999998
v -1.977013962 2.417460129 0.5792025015
v -2.0614033440000004 2.417460129 0.6429191894999998
v -2.0614033440000004 2.6407094805 0.6429191894999998
v -2.0187435555 2.6407094805 0.6439499639999998
v -2.0187435555 2.417460129 0.6439499639999998
v -2.01860946 2.6407094805 0.5790190139999999
v -1.9769872815 2.640709953 0.5790967559999999
v 2.392054308 2.5105499055 1.5775201889999997
v 2.4226564635 2.5330905495 1.8007298504999998
v 2.392054308 2.5556311935 1.5775201889999997
v 2.453258619 2.5105499055 1.5775201889999997
v 2.453258619 2.5556311935 1.5775201889999997
v 2.728291923 2.255196888 0.6407853479999999
v 2.716214571 2.2670939655 0.7019537489999998
v 2.6509161105 2.2670939655 0.7019791694999999
v 2.6385950745 2.255196888 0.6407853479999999
v 2.117414187 2.255243004 0.6407853479999999
v 2.2135753080000002 2.255243004 0.6407853479999999
v 2.2005145575 2.2671016515 0.7019791694999999
v 2.1305085795 2.2671016515 0.7019791694999999
v 2.2135753080000002 2.8013442659999996 0.6407853479999998
v 2.117413683 2.8013442659999996 0.6407853479999998
v 2.130508107 2.7894856185 0.7019791694999998
v 2.2005131085 2.7894856185 0.7019791694999998
v 2.728307799 2.8014019425 0.6407853479999998
v 2.6386104465 2.8014019425 0.6407853479999998
v 2.6508709395000003 2.789497179 0.7019791694999998
v 2.7161694 2.789497179 0.7019537489999997
v 2.7161694 2.7257050485 0.7019791694999999
v 2.728307295 2.7137771955 0.6407853479999999
v 2.728291923 2.3428216350000004 0.6407853479999999
v 2.716214571 2.330882253 0.7019791694999999
v 2.6518922954999997 2.3307245955 0.7019791694999999
v 2.6399360925 2.342602458 0.6407853479999999
v 2.2135753080000002 2.3424332715 0.6407853479999999
v 2.2005145575 2.330574624 0.7019791694999999
v 2.117757348 2.71415403 0.6407853479999999
v 2.1307585005000003 2.7260126775 0.7019791694999999
v 2.651846652 2.725858863 0.7019791694999999
v 2.639950992 2.7139925295 0.6407853479999999
v 2.1307590044999998 2.330574624 0.7019791694999999
v 2.117758797 2.3424332715 0.6407853479999999
v 2.2005131085 2.7260126775 0.7019791694999999
v 2.2135753080000002 2.71415403 0.6407853479999999
v 2.723393106 2.2581346095 0.8763519869999999
v 2.7233681265 2.3370153659999997 0.8763519869999999
v 2.723370048 2.337023052 0.8871684569999999
v 2.723394555 2.2581346095 0.8871898454999999
v 2.6459788635000003 2.336946129 0.8763519869999999
v 2.645973099 2.3369538464999997 0.8871684569999999
v 2.645918289 2.2581307665 0.8871684569999999
v 2.6459240535000004 2.2581307665 0.8763519869999999
v 2.72339361 2.7158574555 0.8763519869999999
v 2.723368599 2.794738212 0.8763519869999998
v 2.723370048 2.794749741 0.8871684569999998
v 2.7233950275 2.7158574555 0.8871898454999999
v 2.6459788635000003 2.794668975 0.8763519869999998
v 2.6459735715 2.794676661 0.8871684569999998
v 2.6459187615 2.7158536125 0.8871684569999999
v 2.6459240535000004 2.7158536125 0.8763519869999999
v 2.2038305625 2.2581346095 0.8763519869999999
v 2.2038060555 2.3370153659999997 0.8763519869999999
v 2.2038079770000003 2.337023052 0.8871684569999999
v 2.203832484 2.2581346095 0.8871898454999999
v 2.12641632 2.336946129 0.8763519869999999
v 2.1264110279999997 2.3369538464999997 0.8871684569999999
v 2.1263566905 2.2581307665 0.8871684569999999
v 2.1263619825 2.2581346095 0.8763519869999999
v 2.203832484 2.7158574555 0.8763519869999999
v 2.2038070320000003 2.794738212 0.8763519869999998
v 2.2038084495000003 2.794749741 0.8871684569999998
v 2.203833933 2.7158574555 0.8871898454999999
v 2.1264172649999997 2.794668975 0.8763519869999998
v 2.1264124454999997 2.794676661 0.8871684569999998
v 2.1263566905 2.7158536125 0.8871684569999999
v 2.126362959 2.7158536125 0.8763519869999999
v 2.554897716 2.9660771385 0.28887862499999983
v 2.522926224 2.994785514 0.1580609204999998
v 2.477532015 2.9831344829999997 0.21115974599999981
v 2.424951081 2.9775896955 0.23642857349999982
v 2.295007344 2.9660771385 0.28887862499999983
v 2.295007344 3.0310420455 -0.007147287000000185
v 2.3269774185 2.994785514 0.1580609204999998
v 2.3269778910000003 3.0309497504999996 -0.006732369000000185
v 2.5548972435 3.0310420455 -0.007147287000000185
v 2.522926224 3.0309497504999996 -0.006732243000000185
v 2.522926224 2.9650004685 0.15152394599999985
v 2.477532015 2.953345626 0.20462273999999983
v 2.424951081 2.947800807 0.22989181949999984
v 2.372371155 2.953345626 0.20462273999999983
v 2.3269774185 2.9650004685 0.15152394599999985
v 2.372371155 2.9831344829999997 0.21115974599999981
v 2.295007344 3.0000149864999996 -0.004675167000000183
v 2.295007344 2.93628825 0.2823417449999998
v 2.3269778910000003 2.999926566 -0.004260123000000184
v 2.5548972435 2.93628825 0.2823417449999998
v 2.5548972435 3.0000149864999996 -0.004675167000000183
v 2.522926224 2.999926566 -0.004260123000000184
v 2.832654888 2.4060061934999997 0.2893732064999998
v 2.856304899 2.437975323 0.15754699799999985
v 2.8467053055 2.483368083 0.21105507149999986
v 2.842137207 2.5359513795 0.23651891549999982
v 2.8326544155000004 2.6658965969999997 0.2893732064999998
v 2.8861711515 2.6658965969999997 -0.008934943500000162
v 2.856304899 2.6339274675 0.15754699799999983
v 2.886096654 2.6339274675 -0.00851678100000016
v 2.886170679 2.4060061934999997 -0.008934943500000146
v 2.886096654 2.437979166 -0.008516655000000149
v 2.8262876985000003 2.437975323 0.15216200999999988
v 2.8166881365000003 2.4833719260000002 0.20567020949999987
v 2.8121190615000002 2.5359513795 0.23113392749999984
v 2.8166881365000003 2.5885347075 0.20567020949999984
v 2.8262876985000003 2.6339274675 0.15216200999999985
v 2.846704833 2.5885347075 0.21105519749999985
v 2.85526332 2.6658965969999997 -0.005269855500000163
v 2.8026377190000002 2.6658965969999997 0.28398821849999983
v 2.8551892949999997 2.6339274675 -0.004851567000000161
v 2.8026381915 2.4060061934999997 0.28398821849999983
v 2.8552637924999997 2.4060061934999997 -0.0052698555000001476
v 2.8551888225 2.437975323 -0.004851567000000149
v 2.302175547 2.1001847265 0.3141672659999999
v 2.334146598 2.0714763510000003 0.17416457099999988
v 2.3795407754999998 2.0831311935 0.23099167349999986
v 2.4321212054999997 2.0886760125 0.25803470699999986
v 2.5620654464999997 2.1001847265 0.3141673919999999
v 2.5620654464999997 2.0352236625 -0.0026435745000001247
v 2.530095372 2.0714763510000003 0.17416457099999988
v 2.530095372 2.0353121145 -0.0021993300000001242
v 2.302175547 2.0352236625 -0.0026435745000001247
v 2.334146598 2.0353121145 -0.0021993300000001242
v 2.334146598 2.1012652395 0.16716867299999988
v 2.3795407754999998 2.112916239 0.22399564949999987
v 2.4321212054999997 2.1184610265 0.25103880899999986
v 2.4847016355 2.112916239 0.22399564949999987
v 2.530095372 2.1012652395 0.16716867299999988
v 2.4847016355 2.0831311935 0.23099167349999986
v 2.5620654464999997 2.0662468785000003 0.0000021734999998734787
v 2.5620654464999997 2.1299736150000004 0.3071714939999999
v 2.530095372 2.066339142 0.0004464179999998735
v 2.302175547 2.1299736150000004 0.3071714939999999
v 2.302175547 2.0662468785000003 0.000001921499999873479
v 2.334146598 2.066339142 0.0004464179999998735
v 1.6938698804999999 2.422161378 0.06617686949999985
v 1.6938698804999999 2.6454107295 0.06617686949999983
v 1.6511219235 2.645411202 0.06634977299999983
v 1.6511219235 2.422161378 0.06634977299999985
v 1.650981339 2.645411202 0.0015144254999998382
v 1.650981339 2.422161378 0.0015144254999998517
v 1.735846182 2.422161378 0.13001187149999985
v 1.735847127 2.6454107295 0.13025580749999985
v 1.6939131615 2.6454107295 0.13101284699999982
v 1.6939131615 2.422161378 0.13101284699999985
v 1.777515579 2.422161378 0.19418612849999986
v 1.7358721380000002 2.422161378 0.19461424499999985
v 1.820261142 2.422161378 0.2583309014999999
v 1.820261142 2.6454107295 0.2583309014999999
v 1.7776020780000001 2.6454107295 0.2593616759999998
v 1.7776020780000001 2.422161378 0.2593616759999998
v 1.7774677305 2.6454107295 0.19443063149999984
v 1.860848577 2.4221609055 0.32213635649999983
v 1.860848577 2.6454107295 0.32213635649999983
v 1.8198650925 2.6454107295 0.32230891349999985
v 1.819865313 2.422161378 0.32230891349999985
v 1.9033216334999998 2.422161378 0.38603829599999984
v 1.9033216334999998 2.6454107295 0.38616038999999985
v 1.860891354 2.6454107295 0.38697233399999986
v 1.860891354 2.4221609055 0.38697233399999986
v 1.7358454575000002 2.6454107295 0.19450840499999986
v 1.9464916275 2.422161378 0.45076528349999984
v 1.9464916275 2.6454107295 0.45076528349999984
v 1.903743387 2.645411202 0.45093809249999983
v 1.903743387 2.422161378 0.45093809249999983
v 1.9884681495 2.422161378 0.5146001909999999
v 1.9884690944999999 2.645411202 0.5148440954999999
v 1.9465341525000002 2.6454107295 0.5156012609999998
v 1.9465341525000002 2.422161378 0.5156012609999998
v 2.030136948 2.422161378 0.5787744794999998
v 1.988493129 2.422161378 0.5792025015
v 2.0728832355 2.422161378 0.6429191894999998
v 2.0728832355 2.6454107295 0.6429191894999998
v 2.030223447 2.6454107295 0.6439499639999998
v 2.030223447 2.422161378 0.6439499639999998
v 2.030088879 2.6454107295 0.5790190139999999
v 1.9884669525 2.645411202 0.5790967559999999
v 0.238313565 0.5450428620000001 0.010613861999999967
v 0.238313565 0.52567452 0.06691803299999997
v 0.9453031559999999 0.5222292075 0.06565428449999997
v 0.94611258 0.5430356505 0.009878588999999967
v 1.3507085025 0.518787738 0.06439053599999998
v 2.0625540075 0.5174188425 0.06312678749999998
v 2.0588630895 0.541105362 0.008408042999999966
v 1.3482477855 0.5410361565 0.009143315999999967
v 1.3507087229999999 0.501638067 0.06439053599999998
v 2.0443151925 0.4973929695 0.05653799549999997
v 0.238313565 0.4973891265 0.05653799549999997
v 0.9422628075 0.5012343315 0.06109613999999997
v 0.94611258 0.5258860110000001 0.009878588999999969
v 1.3482477855 0.5238864854999999 0.009143315999999969
v -1.8965473065 -0.03952591649999992 1.36614618
v -1.8980310825000002 -0.1716090389999999 1.3661675684999999
v -1.8979236675 -0.17141102999999994 1.35532971
v -1.896444711 -0.03980661299999992 1.35532971
v -1.770556221 -0.04223104199999991 1.35532971
v -1.770202917 -0.04196187449999991 1.36614618
v -1.766479554 -0.17250499349999993 1.36614618
v -1.7668475055000001 -0.17230310999999993 1.35532971
v -0.587456415 -0.6859353689999999 1.36614618
v -0.588940443 -0.8180166014999999 1.3661675684999999
v -0.5888327760000001 -0.8178204824999998 1.35532971
v -0.587353788 -0.6862141439999999 1.35532971
v -0.46146555 -0.6886404944999999 1.35532971
v -0.4611120255 -0.6883694054999998 1.36614618
v -0.4573886625 -0.8189125245 1.36614618
v -0.4577568345 -0.8187125624999999 1.35532971
v -0.5437243035 -0.12738618899999987 2.1573498555
v -0.556321248 -0.14011193699999988 2.055495393
v -0.556321248 -0.11466047249999987 2.055495393
v -0.5306238945 -0.14011193699999988 2.055495393
v -0.5306238945 -0.11466047249999987 2.055495393
v -0.544369833 -1.37543238 2.1573498555
v -0.5569667460000001 -1.388142756 2.055495393
v -0.5569667460000001 -1.3627239569999998 2.055495393
v -0.531269424 -1.388142756 2.055495393
v -0.5312696760000001 -1.3627239569999998 2.055495393
v -1.8108172845000001 -0.12837730499999986 2.1573498555
v -1.823403897 -0.1411030529999999 2.055495393
v -1.823403897 -0.11565155699999988 2.055495393
v -1.7977274595 -0.1411030529999999 2.055495393
v -1.7977274595 -0.11565155699999988 2.055495393
v -1.8101549655 -1.3737751019999997 2.1573498555
v -1.8227415465 -1.3864854464999998 2.055495393
v -1.8227415465 -1.361066679 2.055495393
v -1.797065109 -1.3864835249999998 2.055495393
v -1.797065109 -1.361066679 2.055495393
v -1.896547086 -1.3317872715 1.36614618
v -1.8980310825000002 -1.4638684725 1.3661675684999999
v -1.8979234155 -1.463672385 1.35532971
v -1.896444711 -1.3320660465 1.35532971
v -1.770556221 -1.334492397 1.35532971
v -1.7702026965 -1.334221308 1.36614618
v -1.766479554 -1.464764427 1.36614618
v -1.7668475055000001 -1.464564465 1.35532971
v -1.8965473065 -0.6859353689999999 1.36614618
v -1.8980310825000002 -0.8180166014999999 1.3661675684999999
v -1.8979234155 -0.8178204824999998 1.35532971
v -1.896444711 -0.6862141439999999 1.35532971
v -1.770556221 -0.6886404944999999 1.35532971
v -1.7702026965 -0.6883713269999999 1.36614618
v -1.766479554 -0.8189125245 1.36614618
v -1.7668475055000001 -0.8187125624999999 1.35532971
v -1.244510379 -1.3317872715 1.36614618
v -1.245994407 -1.4638684725 1.3661675684999999
v -1.24588674 -1.463672385 1.35532971
v -1.2444077835 -1.3320660465 1.35532971
v -1.118519766 -1.334492397 1.35532971
v -1.1181662415 -1.334221308 1.36614618
v -1.1144428785 -1.464764427 1.36614618
v -1.11481083 -1.464564465 1.35532971
v -1.244510631 -0.03952591649999992 1.36614618
v -1.245994407 -0.1716090389999999 1.3661675684999999
v -1.245886992 -0.17141102999999994 1.35532971
v -1.2444080039999998 -0.03980661299999992 1.35532971
v -1.118519766 -0.04223104199999991 1.35532971
v -1.1181662415 -0.04196187449999991 1.36614618
v -1.1144428785 -0.17250499349999993 1.36614618
v -1.1148110505 -0.1723050314999999 1.35532971
v -0.587456415 -1.3317872715 1.36614618
v -0.5889401910000001 -1.4638684725 1.3661675684999999
v -0.5888327760000001 -1.463672385 1.35532971
v -0.587353788 -1.3320660465 1.35532971
v -0.46146555 -1.334492397 1.35532971
v -0.4611120255 -1.334221308 1.36614618
v -0.4573886625 -1.464764427 1.36614618
v -0.4577568345 -1.464564465 1.35532971
v -0.587456415 -0.03952591649999992 1.36614618
v -0.588940443 -0.1716090389999999 1.3661675684999999
v -0.5888327760000001 -0.17141102999999994 1.35532971
v -0.5873540399999999 -0.03980661299999992 1.35532971
v -0.46146555 -0.04223104199999991 1.35532971
v -0.4611120255 -0.04196187449999991 1.36614618
v -0.45738891449999997 -0.17250499349999993 1.36614618
v -0.4577568345 -0.1723050314999999 1.35532971
v 1.908720072 -0.03952591649999992 1.36614618
v 1.910203848 -0.1716090389999999 1.3661675684999999
v 1.9100964015000002 -0.17141102999999994 1.35532971
v 1.9086174450000002 -0.03980661299999992 1.35532971
v 1.7827289549999998 -0.04223104199999991 1.35532971
v 1.7823756825 -0.04196187449999991 1.36614618
v 1.7786523195000001 -0.17250499349999993 1.36614618
v 1.7790202394999999 -0.17230310999999993 1.35532971
v 0.5996291805 -0.6859353689999999 1.36614618
v 0.601113177 -0.8180166014999999 1.3661675684999999
v 0.60100551 -0.8178204824999998 1.35532971
v 0.5995265535000001 -0.6862141439999999 1.35532971
v 0.4736383155 -0.6886404944999999 1.35532971
v 0.47328479100000004 -0.6883694054999998 1.36614618
v 0.469561428 -0.8189125245 1.36614618
v 0.4699296 -0.8187125624999999 1.35532971
v 0.5563656945000001 -0.12612017249999988 2.1573498555
v 0.5689626074999999 -0.1388458889999999 2.055495393
v 0.5689626074999999 -0.11339442449999988 2.055495393
v 0.5432652855 -0.1388458889999999 2.055495393
v 0.5432652855 -0.11339442449999988 2.055495393
v 0.5564036835 -1.3780048274999996 2.1573498555
v 0.5690005964999999 -1.3907152034999999 2.055495393
v 0.5690005964999999 -1.3652964044999998 2.055495393
v 0.5433032745 -1.3907152034999999 2.055495393
v 0.543303495 -1.3652964044999998 2.055495393
v 1.8231759315 -0.12806391149999988 2.1573498555
v 1.8357625124999999 -0.1407896594999999 2.055495393
v 1.8357625124999999 -0.11533819499999988 2.055495393
v 1.8100861065 -0.1407896594999999 2.055495393
v 1.8100861065 -0.11533819499999988 2.055495393
v 1.8235560105 -1.375291071 2.1573498555
v 1.8361425915 -1.3880014469999997 2.055495393
v 1.8361425915 -1.3625826479999996 2.055495393
v 1.8104661855 -1.3879995254999997 2.055495393
v 1.8104661855 -1.3625826479999996 2.055495393
v 1.90871982 -1.3317872715 1.36614618
v 1.910203848 -1.4638684725 1.3661675684999999
v 1.9100961810000001 -1.463672385 1.35532971
v 1.9086174450000002 -1.3320660465 1.35532971
v 1.7827289549999998 -1.334492397 1.35532971
v 1.7823754305000001 -1.334221308 1.36614618
v 1.7786523195000001 -1.464764427 1.36614618
v 1.7790202394999999 -1.464564465 1.35532971
v 1.908720072 -0.6859353689999999 1.36614618
v 1.910203848 -0.8180166014999999 1.3661675684999999
v 1.9100961810000001 -0.8178204824999998 1.35532971
v 1.9086174450000002 -0.6862141439999999 1.35532971
v 1.7827289549999998 -0.6886404944999999 1.35532971
v 1.7823754305000001 -0.6883713269999999 1.36614618
v 1.7786523195000001 -0.8189125245 1.36614618
v 1.7790202394999999 -0.8187125624999999 1.35532971
v 1.2566831445 -1.3317872715 1.36614618
v 1.258167141 -1.4638684725 1.3661675684999999
v 1.258059474 -1.463672385 1.35532971
v 1.2565805175 -1.3320660465 1.35532971
v 1.1306925 -1.334492397 1.35532971
v 1.130339007 -1.334221308 1.36614618
v 1.1266156125 -1.464764427 1.36614618
v 1.126983564 -1.464564465 1.35532971
v 1.2566833965 -0.03952591649999992 1.36614618
v 1.258167141 -0.1716090389999999 1.3661675684999999
v 1.258059726 -0.17141102999999994 1.35532971
v 1.2565807695 -0.03980661299999992 1.35532971
v 1.1306925 -0.04223104199999991 1.35532971
v 1.130339007 -0.04196187449999991 1.36614618
v 1.1266156125 -0.17250499349999993 1.36614618
v 1.126983816 -0.1723050314999999 1.35532971
v 0.5996291805 -1.3317872715 1.36614618
v 0.6011129565000001 -1.4638684725 1.3661675684999999
v 0.60100551 -1.463672385 1.35532971
v 0.5995265535000001 -1.3320660465 1.35532971
v 0.4736383155 -1.334492397 1.35532971
v 0.47328479100000004 -1.334221308 1.36614618
v 0.469561428 -1.464764427 1.36614618
v 0.4699296 -1.464564465 1.35532971
v 0.5996291805 -0.03952591649999992 1.36614618
v 0.601113177 -0.1716090389999999 1.3661675684999999
v 0.60100551 -0.17141102999999994 1.35532971
v 0.5995268054999999 -0.03980661299999992 1.35532971
v 0.4736383155 -0.04223104199999991 1.35532971
v 0.47328479100000004 -0.04196187449999991 1.36614618
v 0.46956164850000004 -0.17250499349999993 1.36614618
v 0.4699296 -0.1723050314999999 1.35532971
v 2.6624623410000003 -0.4117561874999999 1.333748808
v 2.7455901165 -0.34262499599999996 1.2975601904999998
v 2.7455905890000003 -0.4117561874999999 1.333748808
v 2.6624623410000003 -0.34262691749999996 1.2975601904999998
v 2.6624623410000003 -0.48088737899999995 1.2975601904999998
v 2.7455905890000003 -0.48088737899999995 1.2975601904999998
v 2.6624676015 -0.0044537219999999334 1.099694673
v 2.745595881 -0.0044537219999999334 1.099694673
v 2.745595881 -0.07358491349999993 1.1071063395
v 2.6624676015 -0.07358299199999993 1.1071062135
v 2.6624676015 0.06467746950000006 0.99827532
v 2.745595881 0.06467746950000006 0.9982753830000001
v 2.666989584 0.037674441 0.0737599905
v 2.0712749715000003 0.03776481450000001 0.0737756145
v 2.0712754440000003 0.07169692949999999 0.073955385
v 2.666435877 0.07169692949999999 0.073955385
v 2.0712749715000003 0.07026648299999999 0.006561260999999996
v 2.6664349004999996 0.07026648299999999 0.006561260999999996
v 2.666434428 0.005216998500000008 0.140129955
v 2.071273995 0.005215077000000009 0.1403834985
v 2.0712749715000003 0.03773019600000001 0.141170463
v 2.6664349004999996 0.03772827450000001 0.141170463
v 2.666434428 -0.05952104549999999 0.273513366
v 2.0712735225000003 -0.05952104549999999 0.273513366
v 2.0712735225000003 -0.02743464149999998 0.27458474400000005
v 2.666434428 -0.02743464149999998 0.27458474400000005
v 2.0712735225000003 -0.027321209999999985 0.207091143
v 2.666434428 -0.027361592999999986 0.2068370955
v 2.666434428 -0.09163435049999999 0.3398369625
v 2.0712735225000003 -0.09163435049999999 0.3398369625
v 2.0712735225000003 -0.059188436999999976 0.340016481
v 2.666434428 -0.059188436999999976 0.340016481
v 2.666434428 -0.12427638299999998 0.406193949
v 2.0712735225000003 -0.12427638299999998 0.4064477445
v 2.0712735225000003 -0.09167089049999998 0.40723193700000004
v 2.666434428 -0.09167089049999998 0.40723193700000004
v 2.071273995 0.005216998500000013 0.2071720035
v 2.666434428 0.005195862000000014 0.20728193849999998
v 2.6664349004999996 -0.156578121 0.4718002905
v 2.0712749715000003 -0.15660310049999998 0.4718791035
v 2.0712735225000003 -0.12440134349999997 0.4732387695
v 2.666434428 -0.12429751949999997 0.4733459325
v 2.6664349004999996 -0.18880677899999995 0.5381837055
v 2.0712749715000003 -0.18880677899999995 0.5381837055
v 2.0712754440000003 -0.15487466399999997 0.5383634759999999
v 2.6664363495 -0.15487466399999997 0.5383634759999999
v 2.6664349004999996 -0.22135459499999996 0.6045380775
v 2.0712744675 -0.2213565165 0.604791621
v 2.0712749715000003 -0.18884139749999995 0.605578554
v 2.6664349004999996 -0.18884139749999995 0.605578554
v 2.666434428 -0.286092639 0.7379214885000001
v 2.0712735225000003 -0.286092639 0.7379214885000001
v 2.0712735225000003 -0.25400431349999997 0.7389928665
v 2.666434428 -0.25400431349999997 0.7389928665
v 2.0712735225000003 -0.25389472499999993 0.671499234
v 2.666434428 -0.2539331864999999 0.6712450919999999
v 2.6664349004999996 -0.3182886314999999 0.8033204024999999
v 2.0712744675 -0.3182886314999999 0.8033204024999999
v 2.0712735225000003 -0.285761952 0.8044246035
v 2.666434428 -0.28576003049999993 0.8044246035
v 2.0712744675 -0.2213565165 0.671580126
v 2.6664349004999996 -0.22137576299999998 0.6716900610000001
v 2.6664349004999996 -0.35087295599999996 0.869610231
v 2.0712754440000003 -0.35087295599999996 0.869610231
v 2.0712764205 -0.3169408724999999 0.8697899385000001
v 2.6664363495 -0.3169408724999999 0.8697899385000001
v 2.666434428 -0.38342272499999996 0.9359645715
v 2.0712744675 -0.38342272499999996 0.936218115
v 2.0712754440000003 -0.35090949599999993 0.9370051425
v 2.6664349004999996 -0.35090949599999993 0.9370051425
v 2.663984799 -0.44884809899999994 1.0694717775
v 2.057312754 -0.4488471224999999 1.0612257075
v 2.0712744675 -0.41607244349999994 1.0704193604999999
v 2.666434428 -0.41607244349999994 1.0704193604999999
v 2.0712744675 -0.41595901199999996 1.0029257595
v 2.666434428 -0.41599936349999994 1.0026716805
v 2.0712744675 -0.38342272499999996 1.00300662
v 2.666434428 -0.3834438615 1.0031166495
v 2.6624676015 0.61772319 0.6689635469999999
v 2.745595881 0.61772319 0.6689635469999999
v 2.745595881 0.5485919985 0.6445751759999999
v 2.6624676015 0.5485919985 0.6445751759999999
v 2.6624676015 0.6868543815 0.6445751759999999
v 2.745595881 0.6868543815 0.6445751759999999
v 2.6624676015 0.825114843 0.6689635469999999
v 2.745595881 0.825114843 0.6689635469999999
v 2.745595881 0.7559836515 0.6445751759999999
v 2.6624676015 0.7559836515 0.6445751759999999
v 2.6624666565 0.8942460345000001 0.6445751759999999
v 2.7455949045 0.8942460345000001 0.6445751759999999
v 2.7455949045 1.2398996295 0.6689635469999998
v 2.6624666565 1.2398996295 0.6689635469999998
v 2.6624666565 1.3090298445 0.6445751759999998
v 2.7455949045 1.3090288995 0.6445751759999998
v 2.7455949045 1.1707689105 0.6445751759999998
v 2.6624666565 1.1707689105 0.6445751759999998
v 2.7455949045 1.032504606 0.6689635469999998
v 2.6624666565 1.0325065275 0.6689635469999998
v 2.6624666565 1.1016357975000002 0.6445751759999998
v 2.7455949045 1.1016357975000002 0.6445751759999998
v 2.7455949045 0.963375336 0.6445751759999998
v 2.6624666565 0.963375336 0.6445751759999998
v 2.6624676015 -0.21184537499999992 1.2629409974999999
v 2.7455963535 -0.21184537499999992 1.2629409974999999
v 2.7455963535 -0.2809765664999999 1.2703525065
v 2.6624676015 -0.2809765664999999 1.270352412
v 2.6624676015 -0.14271418349999992 1.1615216445
v 2.745595881 -0.14271418349999992 1.1615216445
v 2.745595881 0.4103315370000001 0.7732021815
v 2.6624676015 0.4103315370000001 0.7732021815
v 2.6624676015 0.4794608070000001 0.6717828285
v 2.745595881 0.4794608070000001 0.6717828285
v 2.745595881 0.34120034550000006 0.7806136905
v 2.6624676015 0.34120034550000006 0.7806136905
v 2.745595881 0.20293793100000004 0.9364484115
v 2.6624676015 0.20293793100000004 0.9364484115
v 2.6624676015 0.27206912250000004 0.8350290899999999
v 2.745595881 0.27206912250000004 0.835029153
v 2.745595881 0.13380866100000005 0.9438599520000001
v 2.6624676015 0.13380866100000005 0.9438599520000001
v 2.6624676015 1.4446928790000002 0.6689635469999998
v 2.745595881 1.4446928790000002 0.6689635469999998
v 2.745595881 1.3755616875 0.6445751759999998
v 2.6624676015 1.3755616875 0.6445751759999998
v 2.6624676015 1.5138240705000001 0.6445751759999998
v 2.745595881 1.5138240705000001 0.6445751759999998
v 2.6624676015 1.6520855085 0.6689635469999998
v 2.745595881 1.6520855085 0.6689635469999998
v 2.745595881 1.582954317 0.6445751759999998
v 2.6624676015 1.582954317 0.6445751759999998
v 2.6624666565 1.7212157234999999 0.6445751759999998
v 2.7455949045 1.7212157234999999 0.6445751759999998
v 2.7455949045 2.066869791 0.6689635469999998
v 2.6624666565 2.066869791 0.6689635469999998
v 2.6624666565 2.1360000374999997 0.6445751759999998
v 2.7455949045 2.135999061 0.6445751759999998
v 2.7455949045 1.9977385995 0.6445751759999998
v 2.6624666565 1.9977385995 0.6445751759999998
v 2.7455949045 1.85947524 0.6689635469999998
v 2.6624666565 1.8594771615 0.6689635469999998
v 2.6624666565 1.9286064315 0.6445751759999998
v 2.7455949045 1.9286064315 0.6445751759999998
v 2.7455949045 1.79034597 0.6445751759999998
v 2.6624666565 1.79034597 0.6445751759999998
v -2.653174692 -0.4117561874999999 1.333748808
v -2.7363024675 -0.34262499599999996 1.2975601904999998
v -2.7363034440000003 -0.4117561874999999 1.333748808
v -2.653174692 -0.34262691749999996 1.2975601904999998
v -2.653174692 -0.48088737899999995 1.2975601904999998
v -2.7363034440000003 -0.48088737899999995 1.2975601904999998
v -2.6531804565000003 -0.0044537219999999334 1.099694673
v -2.7363082320000003 -0.0044537219999999334 1.099694673
v -2.7363082320000003 -0.07358491349999993 1.1071063395
v -2.6531804565000003 -0.07358299199999993 1.1071062135
v -2.6531804565000003 0.06467746950000006 0.99827532
v -2.7363082320000003 0.06467746950000006 0.9982753830000001
v -2.6571477555 0.03776481450000001 0.0737756145
v -2.0619873225 0.03776481450000001 0.0737756145
v -2.061987795 0.07169692949999999 0.073955385
v -2.657148732 0.07169692949999999 0.073955385
v -2.0619873225 0.07026648299999999 0.006561260999999996
v -2.6571477555 0.07026648299999999 0.006561260999999996
v -2.6571468105 0.005216998500000008 0.140129955
v -2.0619863775 0.005215077000000009 0.1403834985
v -2.0619873225 0.03773019600000001 0.141170463
v -2.6571477555 0.03772827450000001 0.141170463
v -2.6571468105 -0.05952104549999999 0.273513366
v -2.0619858735 -0.05952104549999999 0.273513366
v -2.0619858735 -0.02743464149999998 0.27458474400000005
v -2.6571468105 -0.02743464149999998 0.27458474400000005
v -2.0619858735 -0.027321209999999985 0.207091143
v -2.6571468105 -0.027361592999999986 0.2068370955
v -2.6571468105 -0.09163435049999999 0.3398369625
v -2.0619858735 -0.09163435049999999 0.3398369625
v -2.0619858735 -0.059188436999999976 0.340016481
v -2.6571468105 -0.059188436999999976 0.340016481
v -2.6571468105 -0.12427638299999998 0.406193949
v -2.0619858735 -0.12427638299999998 0.4064477445
v -2.0619858735 -0.09167089049999998 0.40723193700000004
v -2.6571468105 -0.09167089049999998 0.40723193700000004
v -2.0619863775 0.005216998500000013 0.2071720035
v -2.6571468105 0.005195862000000014 0.20728193849999998
v -2.6571477555 -0.156578121 0.4718002905
v -2.0619873225 -0.15660310049999998 0.4718791035
v -2.0619858735 -0.12440134349999997 0.4732387695
v -2.6571468105 -0.12429751949999997 0.4733459325
v -2.6571477555 -0.18880677899999995 0.5381837055
v -2.0619873225 -0.18880677899999995 0.5381837055
v -2.061987795 -0.15487466399999997 0.5383634759999999
v -2.657148732 -0.15487466399999997 0.5383634759999999
v -2.6571477555 -0.22135459499999996 0.6045380775
v -2.0619868500000003 -0.2213565165 0.604791621
v -2.0619873225 -0.18884139749999995 0.605578554
v -2.6571477555 -0.18884139749999995 0.605578554
v -2.6571468105 -0.286092639 0.7379214885000001
v -2.0619858735 -0.286092639 0.7379214885000001
v -2.0619858735 -0.25400431349999997 0.7389928665
v -2.6571468105 -0.25400431349999997 0.7389928665
v -2.0619858735 -0.25389472499999993 0.671499234
v -2.6571468105 -0.2539331864999999 0.6712450919999999
v -2.6571477555 -0.3182886314999999 0.8033204024999999
v -2.0619868500000003 -0.3182886314999999 0.8033204024999999
v -2.0619858735 -0.285761952 0.8044246035
v -2.6571468105 -0.28576003049999993 0.8044246035
v -2.0619868500000003 -0.2213565165 0.671580126
v -2.6571477555 -0.22137576299999998 0.6716900610000001
v -2.6571477555 -0.35087295599999996 0.869610231
v -2.061987795 -0.35087295599999996 0.869610231
v -2.0619887715000003 -0.3169408724999999 0.8697899385000001
v -2.657148732 -0.3169408724999999 0.8697899385000001
v -2.6571468105 -0.38342272499999996 0.9359645715
v -2.0619868500000003 -0.38342272499999996 0.936218115
v -2.061987795 -0.35090949599999993 0.9370051425
v -2.6571477555 -0.35090949599999993 0.9370051425
v -2.6546974019999996 -0.4488471224999999 1.069472124
v -2.054384388 -0.4488471224999999 1.0588792725
v -2.0619868500000003 -0.41607244349999994 1.0580185665
v -2.6571468105 -0.41607244349999994 1.068475149
v -2.0619868500000003 -0.41595901199999996 1.0029257595
v -2.6571468105 -0.41599936349999994 1.0026716805
v -2.0619868500000003 -0.38342272499999996 1.00300662
v -2.6571468105 -0.3834438615 1.0031166495
v -2.6531804565000003 0.61772319 0.6689635469999999
v -2.7363082320000003 0.61772319 0.6689635469999999
v -2.7363082320000003 0.5485919985 0.6445751759999999
v -2.6531804565000003 0.5485919985 0.6445751759999999
v -2.6531804565000003 0.6868543815 0.6445751759999999
v -2.7363082320000003 0.6868543815 0.6445751759999999
v -2.6531804565000003 0.825114843 0.6689635469999999
v -2.7363082320000003 0.825114843 0.6689635469999999
v -2.7363082320000003 0.7559836515 0.6445751759999999
v -2.6531804565000003 0.7559836515 0.6445751759999999
v -2.6531795115 0.8942460345000001 0.6445751759999999
v -2.7363072870000003 0.8942460345000001 0.6445751759999999
v -2.7363072870000003 1.2398996295 0.6689635469999998
v -2.6531795115 1.2398996295 0.6689635469999998
v -2.6531795115 1.3090298445 0.6445751759999998
v -2.7363072870000003 1.3090288995 0.6445751759999998
v -2.7363072870000003 1.1707689105 0.6445751759999998
v -2.6531795115 1.1707689105 0.6445751759999998
v -2.7363072870000003 1.032504606 0.6689635469999998
v -2.6531795115 1.0325065275 0.6689635469999998
v -2.6531795115 1.1016357975000002 0.6445751759999998
v -2.7363072870000003 1.1016357975000002 0.6445751759999998
v -2.7363072870000003 0.963375336 0.6445751759999998
v -2.6531795115 0.963375336 0.6445751759999998
v -2.6531804565000003 -0.21184537499999992 1.2629409974999999
v -2.7363092085 -0.21184537499999992 1.2629409974999999
v -2.7363092085 -0.2809765664999999 1.2703525065
v -2.6531804565000003 -0.2809765664999999 1.270352412
v -2.6531804565000003 -0.14271418349999992 1.1615216445
v -2.7363082320000003 -0.14271418349999992 1.1615216445
v -2.7363082320000003 0.4103315370000001 0.7732021815
v -2.6531804565000003 0.4103315370000001 0.7732021815
v -2.6531804565000003 0.4794608070000001 0.6717828285
v -2.7363082320000003 0.4794608070000001 0.6717828285
v -2.7363082320000003 0.34120034550000006 0.7806136905
v -2.6531804565000003 0.34120034550000006 0.7806136905
v -2.7363082320000003 0.20293793100000004 0.9364484115
v -2.6531804565000003 0.20293793100000004 0.9364484115
v -2.6531804565000003 0.27206912250000004 0.8350290899999999
v -2.7363082320000003 0.27206912250000004 0.835029153
v -2.7363082320000003 0.13380866100000005 0.9438599520000001
v -2.6531804565000003 0.13380866100000005 0.9438599520000001
v -2.6531804565000003 1.4446928790000002 0.6689635469999998
v -2.7363082320000003 1.4446928790000002 0.6689635469999998
v -2.7363082320000003 1.3755616875 0.6445751759999998
v -2.6531804565000003 1.3755616875 0.6445751759999998
v -2.6531804565000003 1.5138240705000001 0.6445751759999998
v -2.7363082320000003 1.5138240705000001 0.6445751759999998
v -2.6531804565000003 1.6520855085 0.6689635469999998
v -2.7363082320000003 1.6520855085 0.6689635469999998
v -2.7363082320000003 1.582954317 0.6445751759999998
v -2.6531804565000003 1.582954317 0.6445751759999998
v -2.6531795115 1.7212157234999999 0.6445751759999998
v -2.7363072870000003 1.7212157234999999 0.6445751759999998
v -2.7363072870000003 2.066869791 0.6689635469999998
v -2.6531795115 2.066869791 0.6689635469999998
v -2.6531795115 2.1360000374999997 0.6445751759999998
v -2.7363072870000003 2.135999061 0.6445751759999998
v -2.7363072870000003 1.9977385995 0.6445751759999998
v -2.6531795115 1.9977385995 0.6445751759999998
v -2.7363072870000003 1.85947524 0.6689635469999998
v -2.6531795115 1.8594771615 0.6689635469999998
v -2.6531795115 1.9286064315 0.6445751759999998
v -2.7363072870000003 1.9286064315 0.6445751759999998
v -2.7363072870000003 1.79034597 0.6445751759999998
v -2.6531795115 1.79034597 0.6445751759999998
v -0.568406979 1.960703892 0.2114339534999999
v -0.600628455 1.960703892 0.2113098119999999
v -0.600721443 1.9607942655 0.00015513749999987995
v -0.568313739 1.9607942655 0.00015513749999987995
v -0.6006289275000001 1.9292260049999999 0.2114339534999999
v -0.600721443 1.9291346864999999 0.00015513749999988187
v -0.5688883619999999 1.929303873 0.2114339534999999
v -0.5687979885000001 1.9292134994999999 0.00015513749999988185
v -0.5616475830000001 1.9561237605000001 0.2301126659999999
v -0.584519166 1.972172727 0.24616150649999988
v -0.607512591 1.956070872 0.22993160399999987
v -0.584597034 1.9398666735 0.21372772049999988
v -0.584431911 1.9499762205 0.2684821544999999
v -0.6075128115 1.9336840425 0.2523183074999999
v -0.5619878775 1.9341613305 0.2525566994999999
v -0.58493925 1.917777834 0.23630106149999988
v 0.250782147 1.960703892 0.5286179114999999
v 0.2185604505 1.960703892 0.528493896
v 0.218467557 1.9607942655 0.3173390954999999
v 0.250875261 1.9607942655 0.3173390954999999
v 0.218560104 1.9292260049999999 0.5286179114999999
v 0.21846743100000002 1.9291346864999999 0.3173390954999999
v 0.25030054350000003 1.929303873 0.5286179114999999
v 0.2503908855 1.9292134994999999 0.3173390954999999
v 0.2575413225 1.956124233 0.5472967499999999
v 0.2346694875 1.972172727 0.5633455589999999
v 0.2116761885 1.956070872 0.5471155619999999
v 0.2345917455 1.9398666735 0.5309118044999999
v 0.23475696299999999 1.9499762205 0.5856662384999999
v 0.2116760625 1.9336840425 0.5695023914999998
v 0.25720077599999996 1.9341613305 0.5697406889999999
v 0.2342494035 1.917777834 0.5534850194999998
v -0.231738003 1.960703892 0.5286179114999999
v -0.2639595735 1.960703892 0.528493896
v -0.264052467 1.9607942655 0.3173390954999999
v -0.231644889 1.9607942655 0.3173390954999999
v -0.2639599515 1.9292260049999999 0.5286179114999999
v -0.264052593 1.9291346864999999 0.3173390954999999
v -0.23221948050000002 1.929303873 0.5286179114999999
v -0.2321291385 1.9292134994999999 0.3173390954999999
v -0.22497882749999998 1.9561237605000001 0.5472967499999999
v -0.24785066249999999 1.972172727 0.5633455589999999
v -0.2708439615 1.956070872 0.5471155619999999
v -0.2479284045 1.9398666735 0.5309118044999999
v -0.247763187 1.9499762205 0.5856662384999999
v -0.2708440875 1.9336840425 0.5695023914999998
v -0.225319248 1.9341613305 0.5697406889999999
v -0.2482707465 1.917777834 0.5534850194999998
v 0.561003282 1.960703892 0.2114339534999999
v 0.5933177460000001 1.9607942655 0.00015513749999987995
v 0.5932247265 1.960703892 0.2113098119999999
v 0.5609100105 1.9607942655 0.00015513749999987995
v 0.593225199 1.9292260049999999 0.2114339534999999
v 0.5933177460000001 1.9291346864999999 0.00015513749999988187
v 0.5614846335000001 1.929303873 0.2114339534999999
v 0.5613942915 1.9292134994999999 0.00015513749999988185
v 0.5542438545 1.9561237605000001 0.2301126659999999
v 0.6001088625000001 1.956070872 0.22993160399999987
v 0.5771154374999999 1.972172727 0.24616150649999988
v 0.5771933055 1.9398666735 0.21372772049999988
v 0.577028214 1.9499762205 0.2684821544999999
v 0.6001091144999999 1.9336840425 0.2523183074999999
v 0.554584149 1.9341613305 0.2525566994999999
v 0.5775355215 1.917777834 0.23630106149999988
v 0.515946249 1.409753331 0.06617686949999992
v 0.515946249 1.9484266095 0.06617686949999987
v 0.5852096145 1.9484266095 0.06634977299999988
v 0.5852096145 1.409751882 0.06634977299999992
v 0.5853494745 1.9484266095 0.0015144254999998807
v 0.5853501990000001 1.409751882 0.0015144254999999137
v 0.44377612650000003 1.409753331 0.13001174549999991
v 0.4437749295 1.9484266095 0.1302556814999999
v 0.51590322 1.9484266095 0.1310129729999999
v 0.515903472 1.409753331 0.13101297299999992
v 0.30322678049999996 1.409753331 0.25833090149999993
v 0.30322678049999996 1.9484266095 0.25833090149999993
v 0.3716951805 1.9484266095 0.2593616759999999
v 0.37169565299999996 1.409753331 0.2593616759999999
v 0.3718300005 1.9484266095 0.1944306314999999
v 0.371782152 1.409753331 0.19418612849999992
v 0.236732328 1.409750937 0.3221362304999999
v 0.236732202 1.9484266095 0.3221362304999999
v 0.30362260950000003 1.9484266095 0.3223090394999999
v 0.30362260950000003 1.409753331 0.3223090394999999
v 0.44377685099999997 1.9484266095 0.1945084049999999
v 0.443750895 1.409753331 0.1946142449999999
v 1.1921570639999999 -0.7792616159999998 2.8290012344999997
v 1.2162639195 -0.7449911594999998 2.829001707
v 1.1809302435 -0.7449911594999998 3.0792136725
v 1.1921570639999999 -0.7107206714999997 2.8290012344999997
v 1.152036585 -0.7241779754999997 2.8290012344999997
v 1.152036585 -0.7658043434999998 2.8290012344999997
v -1.1889126585 -0.7942704524999998 2.8290012344999997
v -1.213019766 -0.7599999959999998 2.829001707
v -1.17768609 -0.7599999959999998 3.0792136725
v -1.1889126585 -0.7257295079999997 2.8290012344999997
v -1.1487921795 -0.7391868119999998 2.8290012344999997
v -1.1487921795 -0.7808131799999998 2.8290012344999997
v -0.008565574500000001 -2.899017072 0.7694347500000003
v -0.1067334345 -2.899017072 0.7105335300000002
v -0.1067334345 -2.899017072 0.7105335300000002
v -0.185505768 -2.899017072 0.49248898650000017
v -0.185505768 -2.899017072 0.49248898650000017
v -0.185505768 -2.899017072 1.7751359889491658e-16
v -0.008565574500000001 -2.899017072 0.7694347500000003
v -0.1067334345 -2.9164003155 0.7105335300000002
v -0.185505768 -2.9164003155 0.49248898650000017
v -0.185505768 -2.9164003155 1.785780155704703e-16
v 1.7806621455 -0.04702600349999993 1.1475845325
v 1.9123944210000001 -0.03218925149999994 1.069281801
v 1.896102243 -0.04855737599999993 1.1476058265
v 1.7628809310000002 -0.030207050999999933 1.069281675
v 1.771324065 -0.17526968549999997 1.069281801
v 1.787181228 -0.1590294194999999 1.1475845325
v 1.8981853695 -0.16187487749999993 1.1475845325
v 1.9150923015 -0.17895342149999993 1.069281801
v 0.4739658525 -0.6915993839999999 1.1475845325
v 0.459757305 -0.8212859864999998 1.069281801
v 0.45705895199999996 -0.6745218164999999 1.069281801
v 0.476049483 -0.8049178619999999 1.1476058265
v 0.5849700255 -0.6944448419999999 1.1475845325
v 0.600826716 -0.6782055209999999 1.069281801
v 0.5914886039999999 -0.8064482579999999 1.1475845325
v 0.60926985 -0.8232681869999998 1.069281801
v 0.4739658525 -1.339114329 1.1475845325
v 0.459757305 -1.4687999865 1.069281801
v 0.45705895199999996 -1.3220358165000001 1.069281801
v 0.476049483 -1.4524318619999999 1.1476058265
v 0.4746577815 -0.16050406049999993 1.1475845325
v 0.45688277250000003 -0.03152595599999994 1.069281801
v 0.473393655 -0.04795752149999993 1.1476058265
v 0.45852036300000004 -0.17729226899999995 1.069281801
v 0.5849700255 -1.3419588420000002 1.1475845325
v 0.600826716 -1.3257195210000001 1.069281801
v 0.5979531284999999 -0.17460446849999994 1.069281801
v 0.5823151424999999 -0.1584295649999999 1.1475845325
v 0.5854883894999999 -0.04719518999999993 1.1475845325
v 0.602061264 -0.030537737999999932 1.069281675
v 1.1224969244999998 -0.04733363249999993 1.1475845325
v 1.2619157669999999 -0.031003969499999937 1.069281675
v 1.2440239875 -0.04733363249999993 1.1475845325
v 1.1045186144999999 -0.031003969499999937 1.069281675
v 1.105081929 -0.17432569349999996 1.069281675
v 1.122930459 -0.1579931639999999 1.1475845325
v 1.2440239875 -0.1579931639999999 1.1475845325
v 1.2619147904999999 -0.17432569349999996 1.069281675
v 1.8973584315 -0.6911936954999999 1.1475845325
v 1.913002686 -0.8287014644999999 1.069281801
v 1.8973584315 -0.8110365479999998 1.1475845325
v 1.913002686 -0.6734865059999999 1.069281801
v 1.8974927475 -1.3404832245 1.1475845325
v 1.9152677565 -1.4694623055 1.069281801
v 1.898756874 -1.453029795 1.1476058265
v 1.913630166 -1.3236969375 1.069281801
v 1.77570351 -0.6740421345 1.069281801
v 1.791348741 -0.6916224419999999 1.1475845325
v 1.791348741 -0.8110365479999998 1.1475845325
v 1.77570351 -0.8287005194999999 1.069281801
v 1.7741968965000001 -1.326384738 1.069281801
v 1.7898353865 -1.3425586965 1.1475845325
v 1.7866630845 -1.4537930715 1.1475845325
v 1.770089265 -1.4704515 1.069281801
v 1.249654329 -1.4536546289999999 1.1475845325
v 1.1102350140000001 -1.4699852684999999 1.069281801
v 1.128127266 -1.4536546289999999 1.1475845325
v 1.2676316625 -1.4699852684999999 1.069281801
v 0.5914886039999999 -1.453962258 1.1475845325
v 0.60926985 -1.4707821870000002 1.069281801
v 1.2670688205 -1.326663513 1.069281801
v 1.2492202905 -1.3429941525 1.1475845325
v 1.128127266 -1.342995129 1.1475845325
v 1.1102359590000002 -1.326663513 1.069281801
v -0.5766962984999999 -0.04702600349999993 1.1475845325
v -0.4449640545 -0.03218925149999994 1.069281801
v -0.46125623250000003 -0.04855737599999993 1.1476058265
v -0.5944775445 -0.030207050999999933 1.069281675
v -0.5860344105 -0.17526968549999997 1.069281801
v -0.570177216 -0.1590294194999999 1.1475845325
v -0.4591730745 -0.16187487749999993 1.1475845325
v -0.4422661425 -0.17895342149999993 1.069281801
v -1.8833925915 -0.6915993839999999 1.1475845325
v -1.897601139 -0.8212859864999998 1.069281801
v -1.9002995235 -0.6745218164999999 1.069281801
v -1.881308961 -0.8049178619999999 1.1476058265
v -1.77238845 -0.6944448419999999 1.1475845325
v -1.7565317594999998 -0.6782055209999999 1.069281801
v -1.7658698715 -0.8064482579999999 1.1475845325
v -1.7480886255 -0.8232681869999998 1.069281801
v -1.8833925915 -1.339114329 1.1475845325
v -1.897601139 -1.4687999865 1.069281801
v -1.9002995235 -1.3220358165000001 1.069281801
v -1.881308961 -1.4524318619999999 1.1476058265
v -1.882700694 -0.16050406049999993 1.1475845325
v -1.9004756715 -0.03152595599999994 1.069281801
v -1.8839648205000001 -0.04795752149999993 1.1476058265
v -1.8988381125 -0.17729226899999995 1.069281801
v -1.77238845 -1.3419588420000002 1.1475845325
v -1.7565317594999998 -1.3257195210000001 1.069281801
v -1.7594053155 -0.17460446849999994 1.069281801
v -1.7750433330000002 -0.1584295649999999 1.1475845325
v -1.771870086 -0.04719518999999993 1.1475845325
v -1.7552972114999998 -0.030537737999999932 1.069281675
v -1.234861551 -0.04733363249999993 1.1475845325
v -1.0954427085 -0.031003969499999937 1.069281675
v -1.113334488 -0.04733363249999993 1.1475845325
v -1.252839861 -0.031003969499999937 1.069281675
v -1.252276515 -0.17432569349999996 1.069281675
v -1.234427985 -0.1579931639999999 1.1475845325
v -1.113334488 -0.1579931639999999 1.1475845325
v -1.095443685 -0.17432569349999996 1.069281675
v -0.460000044 -0.6911936954999999 1.1475845325
v -0.44435578950000004 -0.8287014644999999 1.069281801
v -0.460000044 -0.8110365479999998 1.1475845325
v -0.44435578950000004 -0.6734865059999999 1.069281801
v -0.4598656965 -1.3404832245 1.1475845325
v -0.44209071899999997 -1.4694623055 1.069281801
v -0.4586016015 -1.453029795 1.1476058265
v -0.4437283095 -1.3236969375 1.069281801
v -0.5816549655 -0.6740421345 1.069281801
v -0.5660097345 -0.6916224419999999 1.1475845325
v -0.5660097345 -0.8110365479999998 1.1475845325
v -0.5816549655 -0.8287005194999999 1.069281801
v -0.5831615475 -1.326384738 1.069281801
v -0.5675230575 -1.3425586965 1.1475845325
v -0.5706953594999999 -1.4537930715 1.1475845325
v -0.5872692105 -1.4704515 1.069281801
v -1.1077041465 -1.4536546289999999 1.1475845325
v -1.2471234615 -1.4699852684999999 1.069281801
v -1.229231178 -1.4536546289999999 1.1475845325
v -1.0897267815 -1.4699852684999999 1.069281801
v -1.7658698715 -1.453962258 1.1475845325
v -1.7480886255 -1.4707821870000002 1.069281801
v -1.0902896549999999 -1.326663513 1.069281801
v -1.1081381535000001 -1.3429941525 1.1475845325
v -1.229231178 -1.342995129 1.1475845325
v -1.247122485 -1.326663513 1.069281801
v 1.2342463245 -0.9036725984999999 2.3379442065
v 1.3405532805 -0.7464398444999999 2.3379442065
v 1.339066764 -0.7458870824999998 2.585006235
v 1.2314469825 -0.8988805034999999 2.5850057625000002
v 1.2342463245 -0.5892070904999999 2.3379442065
v 1.2314469825 -0.5928936614999999 2.5850057625000002
v 1.062238086 -0.6492635729999999 2.3379442065
v 1.0523374785 -0.6529742099999999 2.5850057625000002
v 1.062238086 -0.8436141945 2.3379442065
v 1.052337384 -0.8388028529999998 2.5850057625000002
v -1.222073559 -0.9036725984999999 2.3379442065
v -1.3283805465 -0.7464398444999999 2.3379442065
v -1.33779051 -0.7627233599999999 2.5839963765
v -1.2291295275 -0.9171981315 2.583995904
v -1.222073559 -0.5892070904999999 2.3379442065
v -1.2291295275 -0.6082495334999999 2.583995904
v -1.0500653205 -0.6492635729999999 2.3379442065
v -1.048286925 -0.6689097135 2.583995904
v -1.0500653205 -0.8436141945 2.3379442065
v -1.0482871455 -0.8565360299999999 2.583995904
v 0.484831242 -0.0575484524999999 1.552522797
v 0.48389985 -0.054892372499999884 1.9279081710000001
v 0.48389937749999995 -0.1958406344999999 1.9279081710000001
v 0.484114239 -0.19551571199999992 1.5524377155
v 0.6258947625 -0.0552172949999999 1.5524377155
v 0.6261343515 -0.054892372499999884 1.9279081710000001
v 0.484114239 -0.19551571199999992 1.5524377155
v 0.48389937749999995 -0.1958406344999999 1.9279081710000001
v 0.626134131 -0.1958406344999999 1.9279081710000001
v 0.6258942584999999 -0.19551571199999992 1.5524377155
v 0.6261343515 -0.054892372499999884 1.9279081710000001
v 0.6258947625 -0.0552172949999999 1.5524377155
v 1.8910008495000001 -0.0584578259999999 1.552522797
v 1.8920215125 -0.05671499399999988 1.9279081710000001
v 1.8920212605 -0.1991792564999999 1.9279081710000001
v 1.8917811675 -0.1988543339999999 1.5524377155
v 1.750001148 -0.0585558854999999 1.5524377155
v 1.749787011 -0.058230962999999886 1.9279081710000001
v 1.8917811675 -0.1988543339999999 1.5524377155
v 1.8920212605 -0.1991792564999999 1.9279081710000001
v 1.749787011 -0.20069617049999988 1.9279081710000001
v 1.750001148 -0.20037124799999992 1.5524377155
v 1.749787011 -0.058230962999999886 1.9279081710000001
v 1.750001148 -0.0585558854999999 1.5524377155
v 1.8917816715 -1.3056484769999999 1.5524377155
v 1.8920212605 -1.3053235544999997 1.9279081710000001
v 1.8920210085 -1.4462718164999997 1.9279081710000001
v 1.8910005975 -1.445055759 1.552522797
v 1.7500016205 -1.3056484769999999 1.5524377155
v 1.749786759 -1.3053235544999997 1.9279081710000001
v 1.8910005975 -1.445055759 1.552522797
v 1.8920210085 -1.4462718164999997 1.9279081710000001
v 1.7497862865 -1.4462718164999997 1.9279081710000001
v 1.750001148 -1.445946894 1.5524377155
v 1.749786759 -1.3053235544999997 1.9279081710000001
v 1.7500016205 -1.3056484769999999 1.5524377155
v 0.6267493575 -1.3070846565 1.5524377155
v 0.6269889465 -1.306759734 1.9279081710000001
v 0.6269884739999999 -1.4477079959999999 1.9279081710000001
v 0.626748885 -1.4473830735000002 1.5524377155
v 0.4849683615 -1.3070846565 1.5524377155
v 0.4847542245 -1.306759734 1.9279081710000001
v 0.626748885 -1.4473830735000002 1.5524377155
v 0.6269884739999999 -1.4477079959999999 1.9279081710000001
v 0.4847539725 -1.4477079959999999 1.9279081710000001
v 0.4852587915 -1.445772888 1.552522797
v 0.4847542245 -1.306759734 1.9279081710000001
v 0.4849683615 -1.3070846565 1.5524377155
v 0.1158896025 -2.2202241704999994 3.7082814615
v 0.120542814 -2.2195560554999996 3.9212059005
v -0.004821768000000001 -2.3077403054999994 3.9212059005
v -0.007807243500000001 -2.3076489869999994 3.708281934
v -0.083319327 -2.0748202649999996 3.708281934
v -0.0809565435 -2.072791885499999 3.9212059005
v 0.071312157 -2.0727909404999996 3.9212059005
v 0.067115349 -2.0748192884999996 3.708281934
v -0.007807243500000001 -2.3076489869999994 3.708281934
v -0.004821768000000001 -2.3077403054999994 3.9212059005
v -0.130186476 -2.2195560554999996 3.9212059005
v -0.1317989295 -2.2202241704999994 3.7082814615
v -0.0809565435 -2.072791885499999 3.9212059005
v -0.083319327 -2.0748202649999996 3.708281934
v -0.5940903780000001 1.9484266095 0.06634977299999988
v -0.5940903780000001 1.409751882 0.06634977299999992
v -0.5248270125 1.409753331 0.06617686949999992
v -0.5248270125 1.9484266095 0.06617686949999987
v -0.594230238 1.9484266095 0.0015144254999998807
v -0.5942312145 1.409751882 0.0015144254999999137
v -0.5247842355 1.9484266095 0.1310129729999999
v -0.5247842355 1.409753331 0.13101297299999992
v -0.452657142 1.409753331 0.13001174549999991
v -0.452655693 1.9484266095 0.1302556814999999
v -0.3805761645 1.9484266095 0.2593616759999999
v -0.3805766685 1.409753331 0.2593616759999999
v -0.312107796 1.409753331 0.25833090149999993
v -0.312107796 1.9484266095 0.25833090149999993
v -0.380710764 1.9484266095 0.1944306314999999
v -0.3806631675 1.409753331 0.19418612849999992
v -0.31250337300000003 1.9484266095 0.3223090394999999
v -0.31250337300000003 1.409753331 0.3223090394999999
v -0.2456132175 1.409750937 0.3221362304999999
v -0.2456129655 1.9484266095 0.3221362304999999
v -0.45265761449999997 1.9484266095 0.1945084049999999
v -0.4526316585 1.409753331 0.1946142449999999
v -2.0697527339999997 0.5174188425 0.06312678749999998
v -2.0697527339999997 0.5174188425 0.06312678749999998
v -1.357906977 0.518787738 0.06439053599999998
v -1.3579072289999998 0.501638067 0.06439053599999998
v -0.24551238600000003 0.52567452 0.06691803299999997
v -0.9494622585 0.5012343315 0.06109613999999997
v -0.9525021345 0.5222292075 0.06565428449999997
v -0.24551238600000003 0.52567452 0.06691803299999997
v -0.9533115585 0.5430356505 0.009878588999999967
v -0.9525021345 0.5222292075 0.06565428449999997
v -0.9525021345 0.5222292075 0.06565428449999997
v -0.9494622585 0.5012343315 0.06109613999999997
v -0.9533115585 0.5258860110000001 0.009878588999999969
v -1.3579072289999998 0.501638067 0.06439053599999998
v -1.357906977 0.518787738 0.06439053599999998
v -1.3554462914999998 0.5410361565 0.009143315999999967
v -2.411176572 2.5283893005 1.8007298504999998
v -2.380574448 2.5058486565 1.5775201889999997
v -2.411176572 2.5283893005 1.8007298504999998
v -2.4417787275 2.5058486565 1.5775201889999997
v -2.380574448 2.5509299445 1.5775201889999997
v -2.411176572 2.5283893005 1.8007298504999998
v -2.4417787275 2.5509299445 1.5775201889999997
v -2.7168288525 2.7967006935 0.6407853479999998
v -2.704690485 2.7847958984999996 0.7019537489999997
v -2.7047356560000004 2.2623927165 0.7019537489999998
v -2.716813008 2.2504956075 0.6407853479999999
v -2.6271161595000003 2.2504956075 0.6407853479999999
v -2.6394371640000003 2.2623927165 0.7019791694999999
v -2.189033721 2.2624004025000004 0.7019791694999999
v -2.2020954165 2.250541755 0.6407853479999999
v -2.1190282154999998 2.7847843694999996 0.7019791694999998
v -2.105933823 2.796643017 0.6407853479999998
v -2.71682838 2.7090759465 0.6407853479999999
v -2.704690485 2.7210037995 0.7019791694999999
v -2.7047356560000004 2.3261809725 0.7019791694999999
v -2.716813008 2.338120386 0.6407853479999999
v -2.6284571775 2.337901209 0.6407853479999999
v -2.6404133805 2.326023315 0.7019791694999999
v -2.1059342955 2.250541755 0.6407853479999999
v -2.119028688 2.2624004025000004 0.7019791694999999
v -2.2020954165 2.796643017 0.6407853479999998
v -2.189033217 2.7847843694999996 0.7019791694999998
v -2.639391993 2.7847958984999996 0.7019791694999998
v -2.6271315315 2.7967006935 0.6407853479999998
v -2.628472077 2.7092912805 0.6407853479999999
v -2.640367737 2.721157614 0.7019791694999999
v -2.1062779605 2.3377320225 0.6407853479999999
v -2.1192791129999997 2.325873375 0.7019791694999999
v -2.189033721 2.325873375 0.7019791694999999
v -2.2020954165 2.3377320225 0.6407853479999999
v -2.1192786405 2.7213114285 0.7019791694999999
v -2.1062779605 2.709452781 0.6407853479999999
v -2.2020958889999998 2.709452781 0.6407853479999999
v -2.189033217 2.7213114285 0.7019791694999999
v -2.189033721 2.325873375 0.7019791694999999
v -2.1192791129999997 2.325873375 0.7019791694999999
v -2.119028688 2.2624004025000004 0.7019791694999999
v -2.189033721 2.2624004025000004 0.7019791694999999
v -2.7047356560000004 2.2623927165 0.7019537489999998
v -2.7047356560000004 2.3261809725 0.7019791694999999
v -2.6404133805 2.326023315 0.7019791694999999
v -2.6394371640000003 2.2623927165 0.7019791694999999
v -2.704690485 2.7210037995 0.7019791694999999
v -2.704690485 2.7847958984999996 0.7019537489999997
v -2.639391993 2.7847958984999996 0.7019791694999998
v -2.640367737 2.721157614 0.7019791694999999
v -2.189033217 2.7213114285 0.7019791694999999
v -2.189033217 2.7847843694999996 0.7019791694999998
v -2.1190282154999998 2.7847843694999996 0.7019791694999998
v -2.1192786405 2.7213114285 0.7019791694999999
v -2.711891133 2.332321803 0.8871684569999999
v -2.7118892115000004 2.332314117 0.8763519869999999
v -2.711914191 2.2534333605 0.8763519869999999
v -2.6344451385 2.2534295175000003 0.8763519869999999
v -2.6344393740000003 2.2534295175000003 0.8871684569999999
v -2.6344941525000003 2.332252566 0.8871684569999999
v -2.634499917 2.3322448799999997 0.8763519869999999
v -2.711891133 2.332321803 0.8871684569999999
v -2.6344941525000003 2.332252566 0.8871684569999999
v -2.6344393740000003 2.2534295175000003 0.8871684569999999
v -2.7119156400000004 2.2534333605 0.8871898454999999
v -2.7118906290000004 2.790048492 0.8871684569999998
v -2.7118892115000004 2.7900369315000004 0.8763519869999998
v -2.711914191 2.7111562065 0.8763519869999999
v -2.6344446345 2.7111523635 0.8763519869999999
v -2.6344393740000003 2.7111523635 0.8871684569999999
v -2.6344941525000003 2.789975412 0.8871684569999998
v -2.6344994445 2.789967726 0.8763519869999998
v -2.7118906290000004 2.790048492 0.8871684569999998
v -2.6344941525000003 2.789975412 0.8871684569999998
v -2.6344393740000003 2.7111523635 0.8871684569999999
v -2.7119156400000004 2.7111562065 0.8871898454999999
v -2.1923280855000002 2.332321803 0.8871684569999999
v -2.1923261640000002 2.332314117 0.8763519869999999
v -2.192351175 2.2534333605 0.8763519869999999
v -2.114882091 2.2534333605 0.8763519869999999
v -2.1148768305 2.2534295175000003 0.8871684569999999
v -2.1149311365 2.332252566 0.8871684569999999
v -2.114936901 2.3322448799999997 0.8763519869999999
v -2.1923280855000002 2.332321803 0.8871684569999999
v -2.1149311365 2.332252566 0.8871684569999999
v -2.1148768305 2.2534295175000003 0.8871684569999999
v -2.1923525925 2.2534333605 0.8871898454999999
v -2.1923285895 2.790048492 0.8871684569999998
v -2.192327613 2.7900369315000004 0.8763519869999998
v -2.1923525925 2.7111562065 0.8763519869999999
v -2.11488354 2.7111523635 0.8763519869999999
v -2.114877303 2.7111523635 0.8871684569999999
v -2.114933058 2.789975412 0.8871684569999998
v -2.1149373734999997 2.789967726 0.8763519869999998
v -2.1923285895 2.790048492 0.8871684569999998
v -2.114933058 2.789975412 0.8871684569999998
v -2.114877303 2.7111523635 0.8871684569999999
v -2.1923545455 2.7111562065 0.8871898454999999
v -2.4759944055000003 2.978433234 0.21115974599999981
v -2.5213886145 2.9900842335 0.1580609204999998
v -2.4759944055000003 2.978433234 0.21115974599999981
v -2.4759944055000003 2.948644377 0.20462273999999983
v -2.423413503 2.9728884465 0.23642857349999982
v -2.325439809 2.9900842335 0.1580609204999998
v -2.2934697345000004 2.9613758580000002 0.28887862499999983
v -2.2934697345000004 3.026340765 -0.007147287000000185
v -2.325439809 2.9602992195000004 0.15152394599999985
v -2.325440313 3.0262485015 -0.006732369000000185
v -2.325439809 2.9900842335 0.1580609204999998
v -2.553359634 3.026340765 -0.007147287000000185
v -2.553360138 2.9613758580000002 0.28887862499999983
v -2.5213886145 2.9602992195000004 0.15152394599999985
v -2.5213886145 2.9900842335 0.1580609204999998
v -2.5213886145 3.0262485015 -0.006732243000000185
v -2.3708335455 2.978433234 0.21115974599999981
v -2.2934697345000004 2.9613758580000002 0.28887862499999983
v -2.2934697345000004 2.931587001 0.2823417449999998
v -2.553359634 2.931587001 0.2823417449999998
v -2.553360138 2.9613758580000002 0.28887862499999983
v -2.423413503 2.9728884465 0.23642857349999982
v -2.423413503 2.943099558 0.22989181949999984
v -2.3708335455 2.948644377 0.20462273999999983
v -2.3708335455 2.978433234 0.21115974599999981
v -2.835225414 2.478666834 0.21105507149999986
v -2.8448250075 2.4332740740000003 0.15754699799999985
v -2.835225414 2.478666834 0.21105507149999986
v -2.805208245 2.4786706769999998 0.20567020949999987
v -2.8306573155000003 2.5312501305 0.23651891549999982
v -2.8448250075 2.6292262185 0.15754699799999983
v -2.8211745240000003 2.6611953165 0.2893732064999998
v -2.87469126 2.6611953165 -0.008934943500000162
v -2.8148078069999998 2.6292262185 0.15216200999999985
v -2.8746167625 2.6292262185 -0.00851678100000016
v -2.8448250075 2.6292262185 0.15754699799999983
v -2.8746907875 2.4013049445 -0.008934943500000146
v -2.8211749965 2.4013049445 0.2893732064999998
v -2.8148078069999998 2.4332740740000003 0.15216200999999988
v -2.8448250075 2.4332740740000003 0.15754699799999985
v -2.8746167625 2.433277917 -0.008516655000000149
v -2.8352249415000004 2.5838334585 0.21105519749999985
v -2.8211745240000003 2.6611953165 0.2893732064999998
v -2.7911578275 2.6611953165 0.28398821849999983
v -2.7911582999999998 2.4013049445 0.28398821849999983
v -2.8211749965 2.4013049445 0.2893732064999998
v -2.8306573155000003 2.5312501305 0.23651891549999982
v -2.80063917 2.5312501305 0.23113392749999984
v -2.805208245 2.5838334585 0.20567020949999984
v -2.8352249415000004 2.5838334585 0.21105519749999985
v -2.3655780855 2.0784299445000003 0.2508827264999999
v -2.3201838765000002 2.066775102 0.18880618049999986
v -2.3655780855 2.0784299445000003 0.2508827264999999
v -2.3655780855 2.10821499 0.24324047999999987
v -2.4181585155 2.083974732 0.28042383599999987
v -2.5161326820000003 2.066775102 0.18880618049999986
v -2.5481027565 2.0954834775 0.3417417989999999
v -2.5481027565 2.0305224135 -0.0043346520000001245
v -2.5161326820000003 2.0965639905 0.18116405999999988
v -2.5161326820000003 2.0306108655 -0.0038493000000001244
v -2.5161326820000003 2.066775102 0.18880618049999986
v -2.288212857 2.0305224135 -0.0043346520000001245
v -2.288212857 2.0954834775 0.34174167299999986
v -2.3201838765000002 2.0965639905 0.18116405999999988
v -2.3201838765000002 2.066775102 0.18880618049999986
v -2.3201838765000002 2.0306108655 -0.0038493000000001244
v -2.4707389455 2.0784299445000003 0.2508827264999999
v -2.5481027565 2.0954834775 0.3417417989999999
v -2.5481027565 2.125272366 0.3340996784999999
v -2.288212857 2.125272366 0.3340996784999999
v -2.288212857 2.0954834775 0.34174167299999986
v -2.4181585155 2.083974732 0.28042383599999987
v -2.4181585155 2.1137597775000003 0.27278180999999985
v -2.4707389455 2.10821499 0.24324047999999987
v -2.4707389455 2.0784299445000003 0.2508827264999999
v -0.0059473575 -2.2074311384999996 4.1455867005
v -0.0059473575 -2.1787573814999996 4.348648647
v -0.0337596525 -2.1878685989999997 4.1455861965
v -0.0059473575 -2.1787573814999996 4.348648647
v -0.022837941 -2.1553073324999996 4.1455861965
v -0.0059473575 -2.1787573814999996 4.348648647
v 0.010943352 -2.1553073324999996 4.1455861965
v 0.021865347 -2.1878685989999997 4.1455861965
v -0.0059473575 -2.1787573814999996 4.348648647
v -0.1067334345 -2.9164003155 0.7105335300000002
v -0.008565574500000001 -2.9164003155 0.7694347500000003
v -0.185505768 -2.9164003155 0.49248898650000017
v -0.1067334345 -2.9164003155 0.7105335300000002
v -0.185505768 -2.9164003155 1.785780155704703e-16
v -0.185505768 -2.9164003155 0.49248898650000017
v -0.22915232549999998 -2.9164003155 0.5054012145000002
v -0.22915232549999998 -2.9164003155 0.5054012145000002
v -0.229085514 -2.9171597489999996 0.0009829260000001785
v -0.22915232549999998 -2.899017072 1.7751359889491658e-16
v -0.22915232549999998 -2.899017072 0.5054012145000002
v -0.1393434945 -2.9164003155 0.7539954975000002
v -0.22915232549999998 -2.9164003155 0.5054012145000002
v -0.1393434945 -2.899017072 0.7539954975000002
v -0.008565574500000001 -2.9164003155 0.8708542290000003
v -0.1393434945 -2.9164003155 0.7539954975000002
v 0.2120214285 -2.9164003155 0.5054012145000002
v 0.122212818 -2.9164003155 0.7539954975000002
v 0.2120214285 -2.899018017 0.5054012145000002
v 0.211954743 -2.917160694 0.0009829260000001785
v 0.211954743 -2.917160694 0.0009829260000001785
v 0.2120214285 -2.9164003155 0.5054012145000002
v 0.2120214285 -2.899018017 0.5054012145000002
v 0.168374745 -2.9164003155 0.49248898650000017
v 0.168374745 -2.9164003155 1.785780155704703e-16
v 0.168374745 -2.899018017 0.49248898650000017
v 0.089602758 -2.9164003155 0.7105335300000002
v 0.168374745 -2.9164003155 0.49248898650000017
v 0.089602758 -2.899018017 0.7105335300000002
v -0.008565574500000001 -2.9164003155 0.7694347500000003
v 0.089602758 -2.9164003155 0.7105335300000002
v 0.122212818 -2.899018017 0.7539954975000002
v 0.122212818 -2.9164003155 0.7539954975000002
v -0.008565574500000001 -2.9164003155 0.8708542290000003
v -0.6283017405 -2.6382711285 1.0657248525000003
v -0.6283017405 -2.638270152 1.1222259615000003
v -0.776780865 -2.179603314 1.1222259615000003
v -0.776780865 -2.1796052355 1.0658710755
v -0.776780865 -2.179603314 1.1222259615000003
v -0.6283017405 -2.638270152 1.1222259615000003
v -0.628302213 -1.720936476 1.1222259615
v -0.7628977125 -2.179603314 1.1222259615000003
v -0.776780865 -2.179603314 1.1222259615000003
v -0.6283017405 -2.638270152 1.1222259615000003
v -0.618431058 -2.6242264755000004 1.1222259615000003
v -0.2432814615 -2.918701674 1.1222259615000003
v -1.6396422525 2.417460129 0.06634977299999985
v -1.6396422525 2.640709953 0.06634977299999983
v -1.639501668 2.417460129 0.001514425499999852
v -1.6823907135 2.417460129 0.06617686949999985
v -1.6396422525 2.417460129 0.06634977299999985
v -1.6823907135 2.6407094805 0.06617686949999983
v -1.639501668 2.640709953 0.0015144254999998384
v -1.6396422525 2.640709953 0.06634977299999983
v -1.6824334905 2.417460129 0.13101284699999985
v -1.6824334905 2.6407094805 0.13101284699999982
v -1.6823907135 2.6407094805 0.06617686949999983
v -1.6823907135 2.417460129 0.06617686949999985
v -1.6823907135 2.417460129 0.06617686949999985
v -1.7243670150000001 2.417460129 0.13001187149999985
v -1.6824334905 2.417460129 0.13101284699999985
v -1.7243679600000001 2.6407094805 0.13025580749999985
v -1.6823907135 2.6407094805 0.06617686949999983
v -1.6824334905 2.6407094805 0.13101284699999982
v -1.7243670150000001 2.417460129 0.13001187149999985
v -1.7661224385 2.417460129 0.2593616759999998
v -1.7661224385 2.6407094805 0.2593616759999998
v -1.766035908 2.417460129 0.19418612849999986
v -1.766035908 2.417460129 0.19418612849999986
v -1.808781975 2.417460129 0.2583309014999999
v -1.7661224385 2.417460129 0.2593616759999998
v -1.808781975 2.6407094805 0.2583309014999999
v -1.7659880909999999 2.6407094805 0.19443063149999984
v -1.7661224385 2.6407094805 0.2593616759999998
v -1.8083856735000001 2.417460129 0.32230891349999985
v -1.8083854215000001 2.6407094805 0.32230891349999985
v -1.808781975 2.6407094805 0.2583309014999999
v -1.808781975 2.417460129 0.2583309014999999
v -1.808781975 2.417460129 0.2583309014999999
v -1.8493689375 2.4174596564999997 0.32213635649999983
v -1.8083856735000001 2.417460129 0.32230891349999985
v -1.8493689375 2.6407094805 0.32213635649999983
v -1.808781975 2.6407094805 0.2583309014999999
v -1.8083854215000001 2.6407094805 0.32230891349999985
v -1.8494117145 2.4174596564999997 0.38697233399999986
v -1.8494117145 2.6407094805 0.38697233399999986
v -1.8493689375 2.6407094805 0.32213635649999983
v -1.8493689375 2.4174596564999997 0.32213635649999983
v -1.8493689375 2.4174596564999997 0.32213635649999983
v -1.8918419625 2.417460129 0.38603829599999984
v -1.8494117145 2.4174596564999997 0.38697233399999986
v -1.8918424665 2.6407094805 0.38616038999999985
v -1.8493689375 2.6407094805 0.32213635649999983
v -1.8494117145 2.6407094805 0.38697233399999986
v -1.766035908 2.417460129 0.19418612849999986
v -1.7659880909999999 2.6407094805 0.19443063149999984
v -1.7243924984999999 2.417460129 0.19461424499999985
v -1.7243924984999999 2.417460129 0.19461424499999985
v -1.7243658179999999 2.6407094805 0.19450840499999986
v -1.7243679600000001 2.6407094805 0.13025580749999985
v -1.7243670150000001 2.417460129 0.13001187149999985
v -1.7659880909999999 2.6407094805 0.19443063149999984
v -1.7243679600000001 2.6407094805 0.13025580749999985
v -1.7243658179999999 2.6407094805 0.19450840499999986
v -1.8922637475000001 2.417460129 0.45093809249999983
v -1.8922637475000001 2.640709953 0.45093809249999983
v -1.8918424665 2.6407094805 0.38616038999999985
v -1.8918419625 2.417460129 0.38603829599999984
v -1.8918419625 2.417460129 0.38603829599999984
v -1.9350119565 2.417460129 0.45076528349999984
v -1.8922637475000001 2.417460129 0.45093809249999983
v -1.9350119565 2.6407094805 0.45076528349999984
v -1.8918424665 2.6407094805 0.38616038999999985
v -1.8922637475000001 2.640709953 0.45093809249999983
v -1.9350549855 2.417460129 0.5156012609999998
v -1.9350549855 2.6407094805 0.5156012609999998
v -1.9350119565 2.6407094805 0.45076528349999984
v -1.9350119565 2.417460129 0.45076528349999984
v -1.9350119565 2.417460129 0.45076528349999984
v -1.9769884785 2.417460129 0.5146001909999999
v -1.9350549855 2.417460129 0.5156012609999998
v -1.976989455 2.640709953 0.5148440954999999
v -1.9350119565 2.6407094805 0.45076528349999984
v -1.9350549855 2.6407094805 0.5156012609999998
v -1.9769884785 2.417460129 0.5146001909999999
v -2.0187435555 2.417460129 0.6439499639999998
v -2.0187435555 2.6407094805 0.6439499639999998
v -2.018657529 2.417460129 0.5787744794999998
v -2.018657529 2.417460129 0.5787744794999998
v -2.0614033440000004 2.417460129 0.6429191894999998
v -2.0187435555 2.417460129 0.6439499639999998
v -2.0614033440000004 2.6407094805 0.6429191894999998
v -2.01860946 2.6407094805 0.5790190139999999
v -2.0187435555 2.6407094805 0.6439499639999998
v -2.018657529 2.417460129 0.5787744794999998
v -2.01860946 2.6407094805 0.5790190139999999
v -1.977013962 2.417460129 0.5792025015
v -1.977013962 2.417460129 0.5792025015
v -1.9769872815 2.640709953 0.5790967559999999
v -1.976989455 2.640709953 0.5148440954999999
v -1.9769884785 2.417460129 0.5146001909999999
v -2.01860946 2.6407094805 0.5790190139999999
v -1.976989455 2.640709953 0.5148440954999999
v -1.9769872815 2.640709953 0.5790967559999999
v 2.392054308 2.5105499055 1.5775201889999997
v 2.4226564635 2.5330905495 1.8007298504999998
v 2.453258619 2.5105499055 1.5775201889999997
v 2.4226564635 2.5330905495 1.8007298504999998
v 2.392054308 2.5556311935 1.5775201889999997
v 2.453258619 2.5556311935 1.5775201889999997
v 2.4226564635 2.5330905495 1.8007298504999998
v 2.7161694 2.789497179 0.7019537489999997
v 2.728307799 2.8014019425 0.6407853479999998
v 2.728291923 2.255196888 0.6407853479999999
v 2.716214571 2.2670939655 0.7019537489999998
v 2.6509161105 2.2670939655 0.7019791694999999
v 2.6385950745 2.255196888 0.6407853479999999
v 2.2135753080000002 2.255243004 0.6407853479999999
v 2.2005145575 2.2671016515 0.7019791694999999
v 2.117413683 2.8013442659999996 0.6407853479999998
v 2.130508107 2.7894856185 0.7019791694999998
v 2.7161694 2.7257050485 0.7019791694999999
v 2.728307295 2.7137771955 0.6407853479999999
v 2.6399360925 2.342602458 0.6407853479999999
v 2.728291923 2.3428216350000004 0.6407853479999999
v 2.716214571 2.330882253 0.7019791694999999
v 2.6518922954999997 2.3307245955 0.7019791694999999
v 2.1305085795 2.2671016515 0.7019791694999999
v 2.117414187 2.255243004 0.6407853479999999
v 2.2005131085 2.7894856185 0.7019791694999998
v 2.2135753080000002 2.8013442659999996 0.6407853479999998
v 2.639950992 2.7139925295 0.6407853479999999
v 2.6386104465 2.8014019425 0.6407853479999998
v 2.6508709395000003 2.789497179 0.7019791694999998
v 2.651846652 2.725858863 0.7019791694999999
v 2.2005145575 2.330574624 0.7019791694999999
v 2.1307590044999998 2.330574624 0.7019791694999999
v 2.117758797 2.3424332715 0.6407853479999999
v 2.2135753080000002 2.3424332715 0.6407853479999999
v 2.2135753080000002 2.71415403 0.6407853479999999
v 2.117757348 2.71415403 0.6407853479999999
v 2.1307585005000003 2.7260126775 0.7019791694999999
v 2.2005131085 2.7260126775 0.7019791694999999
v 2.1305085795 2.2671016515 0.7019791694999999
v 2.1307590044999998 2.330574624 0.7019791694999999
v 2.2005145575 2.330574624 0.7019791694999999
v 2.2005145575 2.2671016515 0.7019791694999999
v 2.6518922954999997 2.3307245955 0.7019791694999999
v 2.716214571 2.330882253 0.7019791694999999
v 2.716214571 2.2670939655 0.7019537489999998
v 2.6509161105 2.2670939655 0.7019791694999999
v 2.6508709395000003 2.789497179 0.7019791694999998
v 2.7161694 2.789497179 0.7019537489999997
v 2.7161694 2.7257050485 0.7019791694999999
v 2.651846652 2.725858863 0.7019791694999999
v 2.130508107 2.7894856185 0.7019791694999998
v 2.2005131085 2.7894856185 0.7019791694999998
v 2.2005131085 2.7260126775 0.7019791694999999
v 2.1307585005000003 2.7260126775 0.7019791694999999
v 2.7233681265 2.3370153659999997 0.8763519869999999
v 2.723370048 2.337023052 0.8871684569999999
v 2.723393106 2.2581346095 0.8763519869999999
v 2.645973099 2.3369538464999997 0.8871684569999999
v 2.645918289 2.2581307665 0.8871684569999999
v 2.6459240535000004 2.2581307665 0.8763519869999999
v 2.6459788635000003 2.336946129 0.8763519869999999
v 2.645918289 2.2581307665 0.8871684569999999
v 2.645973099 2.3369538464999997 0.8871684569999999
v 2.723370048 2.337023052 0.8871684569999999
v 2.723394555 2.2581346095 0.8871898454999999
v 2.723368599 2.794738212 0.8763519869999998
v 2.723370048 2.794749741 0.8871684569999998
v 2.72339361 2.7158574555 0.8763519869999999
v 2.6459735715 2.794676661 0.8871684569999998
v 2.6459187615 2.7158536125 0.8871684569999999
v 2.6459240535000004 2.7158536125 0.8763519869999999
v 2.6459788635000003 2.794668975 0.8763519869999998
v 2.6459187615 2.7158536125 0.8871684569999999
v 2.6459735715 2.794676661 0.8871684569999998
v 2.723370048 2.794749741 0.8871684569999998
v 2.7233950275 2.7158574555 0.8871898454999999
v 2.2038060555 2.3370153659999997 0.8763519869999999
v 2.2038079770000003 2.337023052 0.8871684569999999
v 2.2038305625 2.2581346095 0.8763519869999999
v 2.1264110279999997 2.3369538464999997 0.8871684569999999
v 2.1263566905 2.2581307665 0.8871684569999999
v 2.1263619825 2.2581346095 0.8763519869999999
v 2.12641632 2.336946129 0.8763519869999999
v 2.1263566905 2.2581307665 0.8871684569999999
v 2.1264110279999997 2.3369538464999997 0.8871684569999999
v 2.2038079770000003 2.337023052 0.8871684569999999
v 2.203832484 2.2581346095 0.8871898454999999
v 2.2038070320000003 2.794738212 0.8763519869999998
v 2.2038084495000003 2.794749741 0.8871684569999998
v 2.203832484 2.7158574555 0.8763519869999999
v 2.1264124454999997 2.794676661 0.8871684569999998
v 2.1263566905 2.7158536125 0.8871684569999999
v 2.126362959 2.7158536125 0.8763519869999999
v 2.1264172649999997 2.794668975 0.8763519869999998
v 2.1263566905 2.7158536125 0.8871684569999999
v 2.1264124454999997 2.794676661 0.8871684569999998
v 2.2038084495000003 2.794749741 0.8871684569999998
v 2.203833933 2.7158574555 0.8871898454999999
v 2.477532015 2.9831344829999997 0.21115974599999981
v 2.522926224 2.994785514 0.1580609204999998
v 2.477532015 2.953345626 0.20462273999999983
v 2.477532015 2.9831344829999997 0.21115974599999981
v 2.424951081 2.9775896955 0.23642857349999982
v 2.3269774185 2.994785514 0.1580609204999998
v 2.295007344 2.9660771385 0.28887862499999983
v 2.295007344 3.0310420455 -0.007147287000000185
v 2.3269778910000003 3.0309497504999996 -0.006732369000000185
v 2.3269774185 2.9650004685 0.15152394599999985
v 2.3269774185 2.994785514 0.1580609204999998
v 2.5548972435 3.0310420455 -0.007147287000000185
v 2.554897716 2.9660771385 0.28887862499999983
v 2.522926224 2.994785514 0.1580609204999998
v 2.522926224 2.9650004685 0.15152394599999985
v 2.522926224 3.0309497504999996 -0.006732243000000185
v 2.372371155 2.9831344829999997 0.21115974599999981
v 2.5548972435 2.93628825 0.2823417449999998
v 2.295007344 2.93628825 0.2823417449999998
v 2.295007344 2.9660771385 0.28887862499999983
v 2.554897716 2.9660771385 0.28887862499999983
v 2.372371155 2.953345626 0.20462273999999983
v 2.424951081 2.947800807 0.22989181949999984
v 2.424951081 2.9775896955 0.23642857349999982
v 2.372371155 2.9831344829999997 0.21115974599999981
v 2.8467053055 2.483368083 0.21105507149999986
v 2.856304899 2.437975323 0.15754699799999985
v 2.8166881365000003 2.4833719260000002 0.20567020949999987
v 2.8467053055 2.483368083 0.21105507149999986
v 2.842137207 2.5359513795 0.23651891549999982
v 2.856304899 2.6339274675 0.15754699799999983
v 2.8326544155000004 2.6658965969999997 0.2893732064999998
v 2.8861711515 2.6658965969999997 -0.008934943500000162
v 2.886096654 2.6339274675 -0.00851678100000016
v 2.8262876985000003 2.6339274675 0.15216200999999985
v 2.856304899 2.6339274675 0.15754699799999983
v 2.886170679 2.4060061934999997 -0.008934943500000146
v 2.832654888 2.4060061934999997 0.2893732064999998
v 2.856304899 2.437975323 0.15754699799999985
v 2.8262876985000003 2.437975323 0.15216200999999988
v 2.886096654 2.437979166 -0.008516655000000149
v 2.846704833 2.5885347075 0.21105519749999985
v 2.8026381915 2.4060061934999997 0.28398821849999983
v 2.8026377190000002 2.6658965969999997 0.28398821849999983
v 2.8326544155000004 2.6658965969999997 0.2893732064999998
v 2.832654888 2.4060061934999997 0.2893732064999998
v 2.8166881365000003 2.5885347075 0.20567020949999984
v 2.8121190615000002 2.5359513795 0.23113392749999984
v 2.842137207 2.5359513795 0.23651891549999982
v 2.846704833 2.5885347075 0.21105519749999985
v 2.3795407754999998 2.0831311935 0.23099167349999986
v 2.334146598 2.0714763510000003 0.17416457099999988
v 2.3795407754999998 2.112916239 0.22399564949999987
v 2.3795407754999998 2.0831311935 0.23099167349999986
v 2.4321212054999997 2.0886760125 0.25803470699999986
v 2.530095372 2.0714763510000003 0.17416457099999988
v 2.5620654464999997 2.1001847265 0.3141673919999999
v 2.5620654464999997 2.0352236625 -0.0026435745000001247
v 2.530095372 2.0353121145 -0.0021993300000001242
v 2.530095372 2.1012652395 0.16716867299999988
v 2.530095372 2.0714763510000003 0.17416457099999988
v 2.302175547 2.0352236625 -0.0026435745000001247
v 2.302175547 2.1001847265 0.3141672659999999
v 2.334146598 2.0714763510000003 0.17416457099999988
v 2.334146598 2.1012652395 0.16716867299999988
v 2.334146598 2.0353121145 -0.0021993300000001242
v 2.4847016355 2.0831311935 0.23099167349999986
v 2.302175547 2.1299736150000004 0.3071714939999999
v 2.5620654464999997 2.1299736150000004 0.3071714939999999
v 2.5620654464999997 2.1001847265 0.3141673919999999
v 2.302175547 2.1001847265 0.3141672659999999
v 2.4847016355 2.112916239 0.22399564949999987
v 2.4321212054999997 2.1184610265 0.25103880899999986
v 2.4321212054999997 2.0886760125 0.25803470699999986
v 2.4847016355 2.0831311935 0.23099167349999986
v 1.6511219235 2.645411202 0.06634977299999983
v 1.6511219235 2.422161378 0.06634977299999985
v 1.650981339 2.422161378 0.0015144254999998517
v 1.6511219235 2.422161378 0.06634977299999985
v 1.6938698804999999 2.422161378 0.06617686949999985
v 1.6938698804999999 2.6454107295 0.06617686949999983
v 1.6511219235 2.645411202 0.06634977299999983
v 1.650981339 2.645411202 0.0015144254999998382
v 1.6938698804999999 2.6454107295 0.06617686949999983
v 1.6939131615 2.6454107295 0.13101284699999982
v 1.6939131615 2.422161378 0.13101284699999985
v 1.6938698804999999 2.422161378 0.06617686949999985
v 1.6938698804999999 2.422161378 0.06617686949999985
v 1.6939131615 2.422161378 0.13101284699999985
v 1.735846182 2.422161378 0.13001187149999985
v 1.735847127 2.6454107295 0.13025580749999985
v 1.6939131615 2.6454107295 0.13101284699999982
v 1.6938698804999999 2.6454107295 0.06617686949999983
v 1.735846182 2.422161378 0.13001187149999985
v 1.7776020780000001 2.6454107295 0.2593616759999998
v 1.7776020780000001 2.422161378 0.2593616759999998
v 1.777515579 2.422161378 0.19418612849999986
v 1.777515579 2.422161378 0.19418612849999986
v 1.7776020780000001 2.422161378 0.2593616759999998
v 1.820261142 2.422161378 0.2583309014999999
v 1.820261142 2.6454107295 0.2583309014999999
v 1.7776020780000001 2.6454107295 0.2593616759999998
v 1.7774677305 2.6454107295 0.19443063149999984
v 1.820261142 2.6454107295 0.2583309014999999
v 1.8198650925 2.6454107295 0.32230891349999985
v 1.819865313 2.422161378 0.32230891349999985
v 1.820261142 2.422161378 0.2583309014999999
v 1.820261142 2.422161378 0.2583309014999999
v 1.819865313 2.422161378 0.32230891349999985
v 1.860848577 2.4221609055 0.32213635649999983
v 1.860848577 2.6454107295 0.32213635649999983
v 1.8198650925 2.6454107295 0.32230891349999985
v 1.820261142 2.6454107295 0.2583309014999999
v 1.860848577 2.6454107295 0.32213635649999983
v 1.860891354 2.6454107295 0.38697233399999986
v 1.860891354 2.4221609055 0.38697233399999986
v 1.860848577 2.4221609055 0.32213635649999983
v 1.860848577 2.4221609055 0.32213635649999983
v 1.860891354 2.4221609055 0.38697233399999986
v 1.9033216334999998 2.422161378 0.38603829599999984
v 1.9033216334999998 2.6454107295 0.38616038999999985
v 1.860891354 2.6454107295 0.38697233399999986
v 1.860848577 2.6454107295 0.32213635649999983
v 1.7774677305 2.6454107295 0.19443063149999984
v 1.777515579 2.422161378 0.19418612849999986
v 1.7358721380000002 2.422161378 0.19461424499999985
v 1.735847127 2.6454107295 0.13025580749999985
v 1.7358454575000002 2.6454107295 0.19450840499999986
v 1.7358721380000002 2.422161378 0.19461424499999985
v 1.735846182 2.422161378 0.13001187149999985
v 1.7774677305 2.6454107295 0.19443063149999984
v 1.7358454575000002 2.6454107295 0.19450840499999986
v 1.735847127 2.6454107295 0.13025580749999985
v 1.9033216334999998 2.6454107295 0.38616038999999985
v 1.903743387 2.645411202 0.45093809249999983
v 1.903743387 2.422161378 0.45093809249999983
v 1.9033216334999998 2.422161378 0.38603829599999984
v 1.9033216334999998 2.422161378 0.38603829599999984
v 1.903743387 2.422161378 0.45093809249999983
v 1.9464916275 2.422161378 0.45076528349999984
v 1.9464916275 2.6454107295 0.45076528349999984
v 1.903743387 2.645411202 0.45093809249999983
v 1.9033216334999998 2.6454107295 0.38616038999999985
v 1.9464916275 2.6454107295 0.45076528349999984
v 1.9465341525000002 2.6454107295 0.5156012609999998
v 1.9465341525000002 2.422161378 0.5156012609999998
v 1.9464916275 2.422161378 0.45076528349999984
v 1.9464916275 2.422161378 0.45076528349999984
v 1.9465341525000002 2.422161378 0.5156012609999998
v 1.9884681495 2.422161378 0.5146001909999999
v 1.9884690944999999 2.645411202 0.5148440954999999
v 1.9465341525000002 2.6454107295 0.5156012609999998
v 1.9464916275 2.6454107295 0.45076528349999984
v 1.9884681495 2.422161378 0.5146001909999999
v 2.030223447 2.6454107295 0.6439499639999998
v 2.030223447 2.422161378 0.6439499639999998
v 2.030136948 2.422161378 0.5787744794999998
v 2.030136948 2.422161378 0.5787744794999998
v 2.030223447 2.422161378 0.6439499639999998
v 2.0728832355 2.422161378 0.6429191894999998
v 2.0728832355 2.6454107295 0.6429191894999998
v 2.030223447 2.6454107295 0.6439499639999998
v 2.030088879 2.6454107295 0.5790190139999999
v 2.030088879 2.6454107295 0.5790190139999999
v 2.030136948 2.422161378 0.5787744794999998
v 1.988493129 2.422161378 0.5792025015
v 1.9884690944999999 2.645411202 0.5148440954999999
v 1.9884669525 2.645411202 0.5790967559999999
v 1.988493129 2.422161378 0.5792025015
v 1.9884681495 2.422161378 0.5146001909999999
v 2.030088879 2.6454107295 0.5790190139999999
v 1.9884669525 2.645411202 0.5790967559999999
v 1.9884690944999999 2.645411202 0.5148440954999999
v 2.0625540075 0.5174188425 0.06312678749999998
v 1.3507087229999999 0.501638067 0.06439053599999998
v 1.3507085025 0.518787738 0.06439053599999998
v 2.0625540075 0.5174188425 0.06312678749999998
v 0.238313565 0.52567452 0.06691803299999997
v 0.238313565 0.52567452 0.06691803299999997
v 0.9453031559999999 0.5222292075 0.06565428449999997
v 0.9422628075 0.5012343315 0.06109613999999997
v 0.9453031559999999 0.5222292075 0.06565428449999997
v 0.94611258 0.5430356505 0.009878588999999967
v 0.94611258 0.5258860110000001 0.009878588999999969
v 0.9422628075 0.5012343315 0.06109613999999997
v 0.9453031559999999 0.5222292075 0.06565428449999997
v 1.3482477855 0.5410361565 0.009143315999999967
v 1.3507085025 0.518787738 0.06439053599999998
v 1.3507087229999999 0.501638067 0.06439053599999998
v -1.8965473065 -0.03952591649999992 1.36614618
v -1.896444711 -0.03980661299999992 1.35532971
v -1.8979236675 -0.17141102999999994 1.35532971
v -1.770202917 -0.04196187449999991 1.36614618
v -1.770556221 -0.04223104199999991 1.35532971
v -1.7668475055000001 -0.17230310999999993 1.35532971
v -1.766479554 -0.17250499349999993 1.36614618
v -1.766479554 -0.17250499349999993 1.36614618
v -1.8980310825000002 -0.1716090389999999 1.3661675684999999
v -1.8965473065 -0.03952591649999992 1.36614618
v -1.770202917 -0.04196187449999991 1.36614618
v -0.587456415 -0.6859353689999999 1.36614618
v -0.587353788 -0.6862141439999999 1.35532971
v -0.5888327760000001 -0.8178204824999998 1.35532971
v -0.4611120255 -0.6883694054999998 1.36614618
v -0.46146555 -0.6886404944999999 1.35532971
v -0.4577568345 -0.8187125624999999 1.35532971
v -0.4573886625 -0.8189125245 1.36614618
v -0.4573886625 -0.8189125245 1.36614618
v -0.588940443 -0.8180166014999999 1.3661675684999999
v -0.587456415 -0.6859353689999999 1.36614618
v -0.4611120255 -0.6883694054999998 1.36614618
v -0.5437243035 -0.12738618899999987 2.1573498555
v -0.556321248 -0.14011193699999988 2.055495393
v -0.5437243035 -0.12738618899999987 2.1573498555
v -0.5306238945 -0.14011193699999988 2.055495393
v -0.5437243035 -0.12738618899999987 2.1573498555
v -0.556321248 -0.11466047249999987 2.055495393
v -0.5306238945 -0.11466047249999987 2.055495393
v -0.544369833 -1.37543238 2.1573498555
v -0.5569667460000001 -1.388142756 2.055495393
v -0.544369833 -1.37543238 2.1573498555
v -0.531269424 -1.388142756 2.055495393
v -0.544369833 -1.37543238 2.1573498555
v -0.5569667460000001 -1.3627239569999998 2.055495393
v -0.5312696760000001 -1.3627239569999998 2.055495393
v -1.8108172845000001 -0.12837730499999986 2.1573498555
v -1.823403897 -0.1411030529999999 2.055495393
v -1.8108172845000001 -0.12837730499999986 2.1573498555
v -1.7977274595 -0.1411030529999999 2.055495393
v -1.8108172845000001 -0.12837730499999986 2.1573498555
v -1.823403897 -0.11565155699999988 2.055495393
v -1.7977274595 -0.11565155699999988 2.055495393
v -1.8101549655 -1.3737751019999997 2.1573498555
v -1.8227415465 -1.3864854464999998 2.055495393
v -1.8101549655 -1.3737751019999997 2.1573498555
v -1.797065109 -1.3864835249999998 2.055495393
v -1.8101549655 -1.3737751019999997 2.1573498555
v -1.8227415465 -1.361066679 2.055495393
v -1.797065109 -1.361066679 2.055495393
v -1.896547086 -1.3317872715 1.36614618
v -1.896444711 -1.3320660465 1.35532971
v -1.8979234155 -1.463672385 1.35532971
v -1.7702026965 -1.334221308 1.36614618
v -1.770556221 -1.334492397 1.35532971
v -1.7668475055000001 -1.464564465 1.35532971
v -1.766479554 -1.464764427 1.36614618
v -1.766479554 -1.464764427 1.36614618
v -1.8980310825000002 -1.4638684725 1.3661675684999999
v -1.896547086 -1.3317872715 1.36614618
v -1.7702026965 -1.334221308 1.36614618
v -1.8965473065 -0.6859353689999999 1.36614618
v -1.896444711 -0.6862141439999999 1.35532971
v -1.8979234155 -0.8178204824999998 1.35532971
v -1.7702026965 -0.6883713269999999 1.36614618
v -1.770556221 -0.6886404944999999 1.35532971
v -1.7668475055000001 -0.8187125624999999 1.35532971
v -1.766479554 -0.8189125245 1.36614618
v -1.766479554 -0.8189125245 1.36614618
v -1.8980310825000002 -0.8180166014999999 1.3661675684999999
v -1.8965473065 -0.6859353689999999 1.36614618
v -1.7702026965 -0.6883713269999999 1.36614618
v -1.244510379 -1.3317872715 1.36614618
v -1.2444077835 -1.3320660465 1.35532971
v -1.24588674 -1.463672385 1.35532971
v -1.1181662415 -1.334221308 1.36614618
v -1.118519766 -1.334492397 1.35532971
v -1.11481083 -1.464564465 1.35532971
v -1.1144428785 -1.464764427 1.36614618
v -1.1144428785 -1.464764427 1.36614618
v -1.245994407 -1.4638684725 1.3661675684999999
v -1.244510379 -1.3317872715 1.36614618
v -1.1181662415 -1.334221308 1.36614618
v -1.244510631 -0.03952591649999992 1.36614618
v -1.2444080039999998 -0.03980661299999992 1.35532971
v -1.245886992 -0.17141102999999994 1.35532971
v -1.1181662415 -0.04196187449999991 1.36614618
v -1.118519766 -0.04223104199999991 1.35532971
v -1.1148110505 -0.1723050314999999 1.35532971
v -1.1144428785 -0.17250499349999993 1.36614618
v -1.1144428785 -0.17250499349999993 1.36614618
v -1.245994407 -0.1716090389999999 1.3661675684999999
v -1.244510631 -0.03952591649999992 1.36614618
v -1.1181662415 -0.04196187449999991 1.36614618
v -0.587456415 -1.3317872715 1.36614618
v -0.587353788 -1.3320660465 1.35532971
v -0.5888327760000001 -1.463672385 1.35532971
v -0.4611120255 -1.334221308 1.36614618
v -0.46146555 -1.334492397 1.35532971
v -0.4577568345 -1.464564465 1.35532971
v -0.4573886625 -1.464764427 1.36614618
v -0.4573886625 -1.464764427 1.36614618
v -0.5889401910000001 -1.4638684725 1.3661675684999999
v -0.587456415 -1.3317872715 1.36614618
v -0.4611120255 -1.334221308 1.36614618
v -0.587456415 -0.03952591649999992 1.36614618
v -0.5873540399999999 -0.03980661299999992 1.35532971
v -0.5888327760000001 -0.17141102999999994 1.35532971
v -0.4611120255 -0.04196187449999991 1.36614618
v -0.46146555 -0.04223104199999991 1.35532971
v -0.4577568345 -0.1723050314999999 1.35532971
v -0.45738891449999997 -0.17250499349999993 1.36614618
v -0.45738891449999997 -0.17250499349999993 1.36614618
v -0.588940443 -0.1716090389999999 1.3661675684999999
v -0.587456415 -0.03952591649999992 1.36614618
v -0.4611120255 -0.04196187449999991 1.36614618
v 1.908720072 -0.03952591649999992 1.36614618
v 1.9086174450000002 -0.03980661299999992 1.35532971
v 1.9100964015000002 -0.17141102999999994 1.35532971
v 1.7790202394999999 -0.17230310999999993 1.35532971
v 1.7827289549999998 -0.04223104199999991 1.35532971
v 1.7823756825 -0.04196187449999991 1.36614618
v 1.7786523195000001 -0.17250499349999993 1.36614618
v 1.908720072 -0.03952591649999992 1.36614618
v 1.910203848 -0.1716090389999999 1.3661675684999999
v 1.7786523195000001 -0.17250499349999993 1.36614618
v 1.7823756825 -0.04196187449999991 1.36614618
v 0.5996291805 -0.6859353689999999 1.36614618
v 0.5995265535000001 -0.6862141439999999 1.35532971
v 0.60100551 -0.8178204824999998 1.35532971
v 0.4699296 -0.8187125624999999 1.35532971
v 0.4736383155 -0.6886404944999999 1.35532971
v 0.47328479100000004 -0.6883694054999998 1.36614618
v 0.469561428 -0.8189125245 1.36614618
v 0.5996291805 -0.6859353689999999 1.36614618
v 0.601113177 -0.8180166014999999 1.3661675684999999
v 0.469561428 -0.8189125245 1.36614618
v 0.47328479100000004 -0.6883694054999998 1.36614618
v 0.5563656945000001 -0.12612017249999988 2.1573498555
v 0.5689626074999999 -0.1388458889999999 2.055495393
v 0.5563656945000001 -0.12612017249999988 2.1573498555
v 0.5432652855 -0.1388458889999999 2.055495393
v 0.5563656945000001 -0.12612017249999988 2.1573498555
v 0.5432652855 -0.11339442449999988 2.055495393
v 0.5689626074999999 -0.11339442449999988 2.055495393
v 0.5564036835 -1.3780048274999996 2.1573498555
v 0.5690005964999999 -1.3907152034999999 2.055495393
v 0.5564036835 -1.3780048274999996 2.1573498555
v 0.5433032745 -1.3907152034999999 2.055495393
v 0.5564036835 -1.3780048274999996 2.1573498555
v 0.543303495 -1.3652964044999998 2.055495393
v 0.5690005964999999 -1.3652964044999998 2.055495393
v 1.8231759315 -0.12806391149999988 2.1573498555
v 1.8357625124999999 -0.1407896594999999 2.055495393
v 1.8231759315 -0.12806391149999988 2.1573498555
v 1.8100861065 -0.1407896594999999 2.055495393
v 1.8231759315 -0.12806391149999988 2.1573498555
v 1.8100861065 -0.11533819499999988 2.055495393
v 1.8357625124999999 -0.11533819499999988 2.055495393
v 1.8235560105 -1.375291071 2.1573498555
v 1.8361425915 -1.3880014469999997 2.055495393
v 1.8235560105 -1.375291071 2.1573498555
v 1.8104661855 -1.3879995254999997 2.055495393
v 1.8235560105 -1.375291071 2.1573498555
v 1.8104661855 -1.3625826479999996 2.055495393
v 1.8361425915 -1.3625826479999996 2.055495393
v 1.90871982 -1.3317872715 1.36614618
v 1.9086174450000002 -1.3320660465 1.35532971
v 1.9100961810000001 -1.463672385 1.35532971
v 1.7790202394999999 -1.464564465 1.35532971
v 1.7827289549999998 -1.334492397 1.35532971
v 1.7823754305000001 -1.334221308 1.36614618
v 1.7786523195000001 -1.464764427 1.36614618
v 1.90871982 -1.3317872715 1.36614618
v 1.910203848 -1.4638684725 1.3661675684999999
v 1.7786523195000001 -1.464764427 1.36614618
v 1.7823754305000001 -1.334221308 1.36614618
v 1.908720072 -0.6859353689999999 1.36614618
v 1.9086174450000002 -0.6862141439999999 1.35532971
v 1.9100961810000001 -0.8178204824999998 1.35532971
v 1.7790202394999999 -0.8187125624999999 1.35532971
v 1.7827289549999998 -0.6886404944999999 1.35532971
v 1.7823754305000001 -0.6883713269999999 1.36614618
v 1.7786523195000001 -0.8189125245 1.36614618
v 1.908720072 -0.6859353689999999 1.36614618
v 1.910203848 -0.8180166014999999 1.3661675684999999
v 1.7786523195000001 -0.8189125245 1.36614618
v 1.7823754305000001 -0.6883713269999999 1.36614618
v 1.2566831445 -1.3317872715 1.36614618
v 1.2565805175 -1.3320660465 1.35532971
v 1.258059474 -1.463672385 1.35532971
v 1.126983564 -1.464564465 1.35532971
v 1.1306925 -1.334492397 1.35532971
v 1.130339007 -1.334221308 1.36614618
v 1.1266156125 -1.464764427 1.36614618
v 1.2566831445 -1.3317872715 1.36614618
v 1.258167141 -1.4638684725 1.3661675684999999
v 1.1266156125 -1.464764427 1.36614618
v 1.130339007 -1.334221308 1.36614618
v 1.2566833965 -0.03952591649999992 1.36614618
v 1.2565807695 -0.03980661299999992 1.35532971
v 1.258059726 -0.17141102999999994 1.35532971
v 1.126983816 -0.1723050314999999 1.35532971
v 1.1306925 -0.04223104199999991 1.35532971
v 1.130339007 -0.04196187449999991 1.36614618
v 1.1266156125 -0.17250499349999993 1.36614618
v 1.2566833965 -0.03952591649999992 1.36614618
v 1.258167141 -0.1716090389999999 1.3661675684999999
v 1.1266156125 -0.17250499349999993 1.36614618
v 1.130339007 -0.04196187449999991 1.36614618
v 0.5996291805 -1.3317872715 1.36614618
v 0.5995265535000001 -1.3320660465 1.35532971
v 0.60100551 -1.463672385 1.35532971
v 0.4699296 -1.464564465 1.35532971
v 0.4736383155 -1.334492397 1.35532971
v 0.47328479100000004 -1.334221308 1.36614618
v 0.469561428 -1.464764427 1.36614618
v 0.5996291805 -1.3317872715 1.36614618
v 0.6011129565000001 -1.4638684725 1.3661675684999999
v 0.469561428 -1.464764427 1.36614618
v 0.47328479100000004 -1.334221308 1.36614618
v 0.5996291805 -0.03952591649999992 1.36614618
v 0.5995268054999999 -0.03980661299999992 1.35532971
v 0.60100551 -0.17141102999999994 1.35532971
v 0.4699296 -0.1723050314999999 1.35532971
v 0.4736383155 -0.04223104199999991 1.35532971
v 0.47328479100000004 -0.04196187449999991 1.36614618
v 0.46956164850000004 -0.17250499349999993 1.36614618
v 0.5996291805 -0.03952591649999992 1.36614618
v 0.601113177 -0.1716090389999999 1.3661675684999999
v 0.46956164850000004 -0.17250499349999993 1.36614618
v 0.47328479100000004 -0.04196187449999991 1.36614618
v 2.7455905890000003 -0.4117561874999999 1.333748808
v 2.6624623410000003 -0.4117561874999999 1.333748808
v 2.7455905890000003 -0.4117561874999999 1.333748808
v 2.7455901165 -0.34262499599999996 1.2975601904999998
v 2.7455905890000003 -0.48088737899999995 1.2975601904999998
v 2.6624623410000003 -0.34262691749999996 1.2975601904999998
v 2.6624623410000003 -0.4117561874999999 1.333748808
v 2.6624623410000003 -0.48088737899999995 1.2975601904999998
v 2.745595881 -0.0044537219999999334 1.099694673
v 2.6624676015 -0.0044537219999999334 1.099694673
v 2.745595881 0.06467746950000006 0.9982753830000001
v 2.745595881 -0.07358491349999993 1.1071063395
v 2.745595881 -0.0044537219999999334 1.099694673
v 2.6624676015 -0.07358299199999993 1.1071062135
v 2.6624676015 0.06467746950000006 0.99827532
v 2.6624676015 -0.0044537219999999334 1.099694673
v 2.745595881 0.61772319 0.6689635469999999
v 2.6624676015 0.61772319 0.6689635469999999
v 2.745595881 0.825114843 0.6689635469999999
v 2.6624676015 0.825114843 0.6689635469999999
v 2.6624666565 1.2398996295 0.6689635469999998
v 2.7455949045 1.2398996295 0.6689635469999998
v 2.6624666565 1.0325065275 0.6689635469999998
v 2.7455949045 1.032504606 0.6689635469999998
v 2.7455949045 1.3090288995 0.6445751759999998
v 2.7455949045 1.1707689105 0.6445751759999998
v 2.7455949045 1.2398996295 0.6689635469999998
v 2.7455949045 1.1016357975000002 0.6445751759999998
v 2.7455949045 0.963375336 0.6445751759999998
v 2.7455949045 1.032504606 0.6689635469999998
v 2.7455949045 0.8942460345000001 0.6445751759999999
v 2.745595881 0.7559836515 0.6445751759999999
v 2.745595881 0.825114843 0.6689635469999999
v 2.745595881 0.6868543815 0.6445751759999999
v 2.745595881 0.5485919985 0.6445751759999999
v 2.745595881 0.61772319 0.6689635469999999
v 2.6624676015 0.5485919985 0.6445751759999999
v 2.6624676015 0.6868543815 0.6445751759999999
v 2.6624676015 0.61772319 0.6689635469999999
v 2.6624676015 0.7559836515 0.6445751759999999
v 2.6624666565 0.8942460345000001 0.6445751759999999
v 2.6624676015 0.825114843 0.6689635469999999
v 2.6624666565 0.963375336 0.6445751759999998
v 2.6624666565 1.1016357975000002 0.6445751759999998
v 2.6624666565 1.0325065275 0.6689635469999998
v 2.6624666565 1.1707689105 0.6445751759999998
v 2.6624666565 1.3090298445 0.6445751759999998
v 2.6624666565 1.2398996295 0.6689635469999998
v 2.7455963535 -0.21184537499999992 1.2629409974999999
v 2.6624676015 -0.21184537499999992 1.2629409974999999
v 2.6624676015 0.4103315370000001 0.7732021815
v 2.745595881 0.4103315370000001 0.7732021815
v 2.6624676015 0.20293793100000004 0.9364484115
v 2.745595881 0.20293793100000004 0.9364484115
v 2.745595881 0.4794608070000001 0.6717828285
v 2.745595881 0.34120034550000006 0.7806136905
v 2.745595881 0.4103315370000001 0.7732021815
v 2.745595881 0.27206912250000004 0.835029153
v 2.745595881 0.13380866100000005 0.9438599520000001
v 2.745595881 0.20293793100000004 0.9364484115
v 2.745595881 -0.14271418349999992 1.1615216445
v 2.7455963535 -0.2809765664999999 1.2703525065
v 2.7455963535 -0.21184537499999992 1.2629409974999999
v 2.6624676015 -0.2809765664999999 1.270352412
v 2.6624676015 -0.14271418349999992 1.1615216445
v 2.6624676015 -0.21184537499999992 1.2629409974999999
v 2.6624676015 0.13380866100000005 0.9438599520000001
v 2.6624676015 0.27206912250000004 0.8350290899999999
v 2.6624676015 0.20293793100000004 0.9364484115
v 2.6624676015 0.34120034550000006 0.7806136905
v 2.6624676015 0.4794608070000001 0.6717828285
v 2.6624676015 0.4103315370000001 0.7732021815
v 2.745595881 1.4446928790000002 0.6689635469999998
v 2.6624676015 1.4446928790000002 0.6689635469999998
v 2.745595881 1.6520855085 0.6689635469999998
v 2.6624676015 1.6520855085 0.6689635469999998
v 2.6624666565 2.066869791 0.6689635469999998
v 2.7455949045 2.066869791 0.6689635469999998
v 2.6624666565 1.8594771615 0.6689635469999998
v 2.7455949045 1.85947524 0.6689635469999998
v 2.7455949045 2.135999061 0.6445751759999998
v 2.7455949045 1.9977385995 0.6445751759999998
v 2.7455949045 2.066869791 0.6689635469999998
v 2.7455949045 1.9286064315 0.6445751759999998
v 2.7455949045 1.79034597 0.6445751759999998
v 2.7455949045 1.85947524 0.6689635469999998
v 2.7455949045 1.7212157234999999 0.6445751759999998
v 2.745595881 1.582954317 0.6445751759999998
v 2.745595881 1.6520855085 0.6689635469999998
v 2.745595881 1.5138240705000001 0.6445751759999998
v 2.745595881 1.3755616875 0.6445751759999998
v 2.745595881 1.4446928790000002 0.6689635469999998
v 2.6624676015 1.3755616875 0.6445751759999998
v 2.6624676015 1.5138240705000001 0.6445751759999998
v 2.6624676015 1.4446928790000002 0.6689635469999998
v 2.6624676015 1.582954317 0.6445751759999998
v 2.6624666565 1.7212157234999999 0.6445751759999998
v 2.6624676015 1.6520855085 0.6689635469999998
v 2.6624666565 1.79034597 0.6445751759999998
v 2.6624666565 1.9286064315 0.6445751759999998
v 2.6624666565 1.8594771615 0.6689635469999998
v 2.6624666565 1.9977385995 0.6445751759999998
v 2.6624666565 2.1360000374999997 0.6445751759999998
v 2.6624666565 2.066869791 0.6689635469999998
v -2.7363034440000003 -0.4117561874999999 1.333748808
v -2.653174692 -0.4117561874999999 1.333748808
v -2.7363034440000003 -0.4117561874999999 1.333748808
v -2.7363034440000003 -0.48088737899999995 1.2975601904999998
v -2.7363024675 -0.34262499599999996 1.2975601904999998
v -2.653174692 -0.34262691749999996 1.2975601904999998
v -2.653174692 -0.48088737899999995 1.2975601904999998
v -2.653174692 -0.4117561874999999 1.333748808
v -2.7363082320000003 -0.0044537219999999334 1.099694673
v -2.6531804565000003 -0.0044537219999999334 1.099694673
v -2.7363082320000003 0.06467746950000006 0.9982753830000001
v -2.7363082320000003 -0.0044537219999999334 1.099694673
v -2.7363082320000003 -0.07358491349999993 1.1071063395
v -2.6531804565000003 -0.07358299199999993 1.1071062135
v -2.6531804565000003 -0.0044537219999999334 1.099694673
v -2.6531804565000003 0.06467746950000006 0.99827532
v -2.7363082320000003 0.61772319 0.6689635469999999
v -2.6531804565000003 0.61772319 0.6689635469999999
v -2.7363082320000003 0.825114843 0.6689635469999999
v -2.6531804565000003 0.825114843 0.6689635469999999
v -2.6531795115 1.2398996295 0.6689635469999998
v -2.7363072870000003 1.2398996295 0.6689635469999998
v -2.6531795115 1.0325065275 0.6689635469999998
v -2.7363072870000003 1.032504606 0.6689635469999998
v -2.7363072870000003 1.3090288995 0.6445751759999998
v -2.7363072870000003 1.2398996295 0.6689635469999998
v -2.7363072870000003 1.1707689105 0.6445751759999998
v -2.7363072870000003 1.1016357975000002 0.6445751759999998
v -2.7363072870000003 1.032504606 0.6689635469999998
v -2.7363072870000003 0.963375336 0.6445751759999998
v -2.7363072870000003 0.8942460345000001 0.6445751759999999
v -2.7363082320000003 0.825114843 0.6689635469999999
v -2.7363082320000003 0.7559836515 0.6445751759999999
v -2.7363082320000003 0.6868543815 0.6445751759999999
v -2.7363082320000003 0.61772319 0.6689635469999999
v -2.7363082320000003 0.5485919985 0.6445751759999999
v -2.6531804565000003 0.5485919985 0.6445751759999999
v -2.6531804565000003 0.61772319 0.6689635469999999
v -2.6531804565000003 0.6868543815 0.6445751759999999
v -2.6531804565000003 0.7559836515 0.6445751759999999
v -2.6531804565000003 0.825114843 0.6689635469999999
v -2.6531795115 0.8942460345000001 0.6445751759999999
v -2.6531795115 0.963375336 0.6445751759999998
v -2.6531795115 1.0325065275 0.6689635469999998
v -2.6531795115 1.1016357975000002 0.6445751759999998
v -2.6531795115 1.1707689105 0.6445751759999998
v -2.6531795115 1.2398996295 0.6689635469999998
v -2.6531795115 1.3090298445 0.6445751759999998
v -2.7363092085 -0.21184537499999992 1.2629409974999999
v -2.6531804565000003 -0.21184537499999992 1.2629409974999999
v -2.6531804565000003 0.4103315370000001 0.7732021815
v -2.7363082320000003 0.4103315370000001 0.7732021815
v -2.6531804565000003 0.20293793100000004 0.9364484115
v -2.7363082320000003 0.20293793100000004 0.9364484115
v -2.7363082320000003 0.4794608070000001 0.6717828285
v -2.7363082320000003 0.4103315370000001 0.7732021815
v -2.7363082320000003 0.34120034550000006 0.7806136905
v -2.7363082320000003 0.27206912250000004 0.835029153
v -2.7363082320000003 0.20293793100000004 0.9364484115
v -2.7363082320000003 0.13380866100000005 0.9438599520000001
v -2.7363082320000003 -0.14271418349999992 1.1615216445
v -2.7363092085 -0.21184537499999992 1.2629409974999999
v -2.7363092085 -0.2809765664999999 1.2703525065
v -2.6531804565000003 -0.2809765664999999 1.270352412
v -2.6531804565000003 -0.21184537499999992 1.2629409974999999
v -2.6531804565000003 -0.14271418349999992 1.1615216445
v -2.6531804565000003 0.13380866100000005 0.9438599520000001
v -2.6531804565000003 0.20293793100000004 0.9364484115
v -2.6531804565000003 0.27206912250000004 0.8350290899999999
v -2.6531804565000003 0.34120034550000006 0.7806136905
v -2.6531804565000003 0.4103315370000001 0.7732021815
v -2.6531804565000003 0.4794608070000001 0.6717828285
v -2.7363082320000003 1.4446928790000002 0.6689635469999998
v -2.6531804565000003 1.4446928790000002 0.6689635469999998
v -2.7363082320000003 1.6520855085 0.6689635469999998
v -2.6531804565000003 1.6520855085 0.6689635469999998
v -2.6531795115 2.066869791 0.6689635469999998
v -2.7363072870000003 2.066869791 0.6689635469999998
v -2.6531795115 1.8594771615 0.6689635469999998
v -2.7363072870000003 1.85947524 0.6689635469999998
v -2.7363072870000003 2.135999061 0.6445751759999998
v -2.7363072870000003 2.066869791 0.6689635469999998
v -2.7363072870000003 1.9977385995 0.6445751759999998
v -2.7363072870000003 1.9286064315 0.6445751759999998
v -2.7363072870000003 1.85947524 0.6689635469999998
v -2.7363072870000003 1.79034597 0.6445751759999998
v -2.7363072870000003 1.7212157234999999 0.6445751759999998
v -2.7363082320000003 1.6520855085 0.6689635469999998
v -2.7363082320000003 1.582954317 0.6445751759999998
v -2.7363082320000003 1.5138240705000001 0.6445751759999998
v -2.7363082320000003 1.4446928790000002 0.6689635469999998
v -2.7363082320000003 1.3755616875 0.6445751759999998
v -2.6531804565000003 1.3755616875 0.6445751759999998
v -2.6531804565000003 1.4446928790000002 0.6689635469999998
v -2.6531804565000003 1.5138240705000001 0.6445751759999998
v -2.6531804565000003 1.582954317 0.6445751759999998
v -2.6531804565000003 1.6520855085 0.6689635469999998
v -2.6531795115 1.7212157234999999 0.6445751759999998
v -2.6531795115 1.79034597 0.6445751759999998
v -2.6531795115 1.8594771615 0.6689635469999998
v -2.6531795115 1.9286064315 0.6445751759999998
v -2.6531795115 1.9977385995 0.6445751759999998
v -2.6531795115 2.066869791 0.6689635469999998
v -2.6531795115 2.1360000374999997 0.6445751759999998
v -0.600721443 1.9607942655 0.00015513749999987995
v -0.600628455 1.960703892 0.2113098119999999
v -0.600721443 1.9291346864999999 0.00015513749999988187
v -0.6006289275000001 1.9292260049999999 0.2114339534999999
v -0.5687979885000001 1.9292134994999999 0.00015513749999988185
v -0.5688883619999999 1.929303873 0.2114339534999999
v -0.568406979 1.960703892 0.2114339534999999
v -0.568313739 1.9607942655 0.00015513749999987995
v -0.568406979 1.960703892 0.2114339534999999
v -0.5688883619999999 1.929303873 0.2114339534999999
v -0.6006289275000001 1.9292260049999999 0.2114339534999999
v -0.6006289275000001 1.9292260049999999 0.2114339534999999
v -0.600628455 1.960703892 0.2113098119999999
v -0.568406979 1.960703892 0.2114339534999999
v -0.607512591 1.956070872 0.22993160399999987
v -0.584519166 1.972172727 0.24616150649999988
v -0.6075128115 1.9336840425 0.2523183074999999
v -0.584431911 1.9499762205 0.2684821544999999
v -0.58493925 1.917777834 0.23630106149999988
v -0.5619878775 1.9341613305 0.2525566994999999
v -0.5616475830000001 1.9561237605000001 0.2301126659999999
v -0.584597034 1.9398666735 0.21372772049999988
v -0.5616475830000001 1.9561237605000001 0.2301126659999999
v -0.5619878775 1.9341613305 0.2525566994999999
v -0.584431911 1.9499762205 0.2684821544999999
v -0.584431911 1.9499762205 0.2684821544999999
v -0.584519166 1.972172727 0.24616150649999988
v -0.5616475830000001 1.9561237605000001 0.2301126659999999
v -0.58493925 1.917777834 0.23630106149999988
v -0.584597034 1.9398666735 0.21372772049999988
v -0.607512591 1.956070872 0.22993160399999987
v -0.6075128115 1.9336840425 0.2523183074999999
v 0.218467557 1.9607942655 0.3173390954999999
v 0.2185604505 1.960703892 0.528493896
v 0.21846743100000002 1.9291346864999999 0.3173390954999999
v 0.218560104 1.9292260049999999 0.5286179114999999
v 0.2503908855 1.9292134994999999 0.3173390954999999
v 0.25030054350000003 1.929303873 0.5286179114999999
v 0.250782147 1.960703892 0.5286179114999999
v 0.250875261 1.9607942655 0.3173390954999999
v 0.250782147 1.960703892 0.5286179114999999
v 0.25030054350000003 1.929303873 0.5286179114999999
v 0.218560104 1.9292260049999999 0.5286179114999999
v 0.218560104 1.9292260049999999 0.5286179114999999
v 0.2185604505 1.960703892 0.528493896
v 0.250782147 1.960703892 0.5286179114999999
v 0.2116761885 1.956070872 0.5471155619999999
v 0.2346694875 1.972172727 0.5633455589999999
v 0.2116760625 1.9336840425 0.5695023914999998
v 0.23475696299999999 1.9499762205 0.5856662384999999
v 0.2342494035 1.917777834 0.5534850194999998
v 0.25720077599999996 1.9341613305 0.5697406889999999
v 0.2575413225 1.956124233 0.5472967499999999
v 0.2345917455 1.9398666735 0.5309118044999999
v 0.2575413225 1.956124233 0.5472967499999999
v 0.25720077599999996 1.9341613305 0.5697406889999999
v 0.23475696299999999 1.9499762205 0.5856662384999999
v 0.23475696299999999 1.9499762205 0.5856662384999999
v 0.2346694875 1.972172727 0.5633455589999999
v 0.2575413225 1.956124233 0.5472967499999999
v 0.2342494035 1.917777834 0.5534850194999998
v 0.2345917455 1.9398666735 0.5309118044999999
v 0.2116761885 1.956070872 0.5471155619999999
v 0.2116760625 1.9336840425 0.5695023914999998
v -0.264052467 1.9607942655 0.3173390954999999
v -0.2639595735 1.960703892 0.528493896
v -0.264052593 1.9291346864999999 0.3173390954999999
v -0.2639599515 1.9292260049999999 0.5286179114999999
v -0.2321291385 1.9292134994999999 0.3173390954999999
v -0.23221948050000002 1.929303873 0.5286179114999999
v -0.231738003 1.960703892 0.5286179114999999
v -0.231644889 1.9607942655 0.3173390954999999
v -0.231738003 1.960703892 0.5286179114999999
v -0.23221948050000002 1.929303873 0.5286179114999999
v -0.2639599515 1.9292260049999999 0.5286179114999999
v -0.2639599515 1.9292260049999999 0.5286179114999999
v -0.2639595735 1.960703892 0.528493896
v -0.231738003 1.960703892 0.5286179114999999
v -0.2708439615 1.956070872 0.5471155619999999
v -0.24785066249999999 1.972172727 0.5633455589999999
v -0.2708440875 1.9336840425 0.5695023914999998
v -0.247763187 1.9499762205 0.5856662384999999
v -0.2482707465 1.917777834 0.5534850194999998
v -0.225319248 1.9341613305 0.5697406889999999
v -0.22497882749999998 1.9561237605000001 0.5472967499999999
v -0.2479284045 1.9398666735 0.5309118044999999
v -0.22497882749999998 1.9561237605000001 0.5472967499999999
v -0.225319248 1.9341613305 0.5697406889999999
v -0.247763187 1.9499762205 0.5856662384999999
v -0.247763187 1.9499762205 0.5856662384999999
v -0.24785066249999999 1.972172727 0.5633455589999999
v -0.22497882749999998 1.9561237605000001 0.5472967499999999
v -0.2482707465 1.917777834 0.5534850194999998
v -0.2479284045 1.9398666735 0.5309118044999999
v -0.2708439615 1.956070872 0.5471155619999999
v -0.2708440875 1.9336840425 0.5695023914999998
v 0.5933177460000001 1.9607942655 0.00015513749999987995
v 0.5932247265 1.960703892 0.2113098119999999
v 0.5933177460000001 1.9291346864999999 0.00015513749999988187
v 0.593225199 1.9292260049999999 0.2114339534999999
v 0.561003282 1.960703892 0.2114339534999999
v 0.5614846335000001 1.929303873 0.2114339534999999
v 0.5613942915 1.9292134994999999 0.00015513749999988185
v 0.5609100105 1.9607942655 0.00015513749999987995
v 0.593225199 1.9292260049999999 0.2114339534999999
v 0.5614846335000001 1.929303873 0.2114339534999999
v 0.561003282 1.960703892 0.2114339534999999
v 0.561003282 1.960703892 0.2114339534999999
v 0.5932247265 1.960703892 0.2113098119999999
v 0.593225199 1.9292260049999999 0.2114339534999999
v 0.6001088625000001 1.956070872 0.22993160399999987
v 0.5771154374999999 1.972172727 0.24616150649999988
v 0.6001091144999999 1.9336840425 0.2523183074999999
v 0.577028214 1.9499762205 0.2684821544999999
v 0.5542438545 1.9561237605000001 0.2301126659999999
v 0.554584149 1.9341613305 0.2525566994999999
v 0.5775355215 1.917777834 0.23630106149999988
v 0.5771933055 1.9398666735 0.21372772049999988
v 0.577028214 1.9499762205 0.2684821544999999
v 0.554584149 1.9341613305 0.2525566994999999
v 0.5542438545 1.9561237605000001 0.2301126659999999
v 0.5542438545 1.9561237605000001 0.2301126659999999
v 0.5771154374999999 1.972172727 0.24616150649999988
v 0.577028214 1.9499762205 0.2684821544999999
v 0.6001088625000001 1.956070872 0.22993160399999987
v 0.5771933055 1.9398666735 0.21372772049999988
v 0.5775355215 1.917777834 0.23630106149999988
v 0.6001091144999999 1.9336840425 0.2523183074999999
v 0.5852096145 1.409751882 0.06634977299999992
v 0.5852096145 1.9484266095 0.06634977299999988
v 0.51590322 1.9484266095 0.1310129729999999
v 0.44377612650000003 1.409753331 0.13001174549999991
v 0.515903472 1.409753331 0.13101297299999992
v 0.51590322 1.9484266095 0.1310129729999999
v 0.515946249 1.9484266095 0.06617686949999987
v 0.515946249 1.409753331 0.06617686949999992
v 0.37169565299999996 1.409753331 0.2593616759999999
v 0.3716951805 1.9484266095 0.2593616759999999
v 0.30362260950000003 1.409753331 0.3223090394999999
v 0.30362260950000003 1.9484266095 0.3223090394999999
v 0.30322678049999996 1.9484266095 0.25833090149999993
v 0.30322678049999996 1.409753331 0.25833090149999993
v 0.371782152 1.409753331 0.19418612849999992
v 0.3718300005 1.9484266095 0.1944306314999999
v 0.44377685099999997 1.9484266095 0.1945084049999999
v 0.371782152 1.409753331 0.19418612849999992
v 0.443750895 1.409753331 0.1946142449999999
v 0.44377685099999997 1.9484266095 0.1945084049999999
v 0.4437749295 1.9484266095 0.1302556814999999
v 0.44377612650000003 1.409753331 0.13001174549999991
v 1.2162639195 -0.7449911594999998 2.829001707
v 1.1809302435 -0.7449911594999998 3.0792136725
v 1.1921570639999999 -0.7107206714999997 2.8290012344999997
v 1.1809302435 -0.7449911594999998 3.0792136725
v 1.152036585 -0.7241779754999997 2.8290012344999997
v 1.1809302435 -0.7449911594999998 3.0792136725
v 1.152036585 -0.7658043434999998 2.8290012344999997
v 1.1809302435 -0.7449911594999998 3.0792136725
v 1.1921570639999999 -0.7792616159999998 2.8290012344999997
v -1.213019766 -0.7599999959999998 2.829001707
v -1.17768609 -0.7599999959999998 3.0792136725
v -1.1889126585 -0.7257295079999997 2.8290012344999997
v -1.17768609 -0.7599999959999998 3.0792136725
v -1.1487921795 -0.7391868119999998 2.8290012344999997
v -1.17768609 -0.7599999959999998 3.0792136725
v -1.1487921795 -0.7808131799999998 2.8290012344999997
v -1.1889126585 -0.7942704524999998 2.8290012344999997
v -1.17768609 -0.7599999959999998 3.0792136725
v 1.7628809310000002 -0.030207050999999933 1.069281675
v 1.7806621455 -0.04702600349999993 1.1475845325
v 1.896102243 -0.04855737599999993 1.1476058265
v 1.9123944210000001 -0.03218925149999994 1.069281801
v 1.787181228 -0.1590294194999999 1.1475845325
v 1.8981853695 -0.16187487749999993 1.1475845325
v 1.9150923015 -0.17895342149999993 1.069281801
v 1.771324065 -0.17526968549999997 1.069281801
v 1.787181228 -0.1590294194999999 1.1475845325
v 1.7806621455 -0.04702600349999993 1.1475845325
v 1.896102243 -0.04855737599999993 1.1476058265
v 1.8981853695 -0.16187487749999993 1.1475845325
v 0.4739658525 -0.6915993839999999 1.1475845325
v 0.45705895199999996 -0.6745218164999999 1.069281801
v 0.459757305 -0.8212859864999998 1.069281801
v 0.476049483 -0.8049178619999999 1.1476058265
v 0.600826716 -0.6782055209999999 1.069281801
v 0.60926985 -0.8232681869999998 1.069281801
v 0.5914886039999999 -0.8064482579999999 1.1475845325
v 0.5849700255 -0.6944448419999999 1.1475845325
v 0.476049483 -0.8049178619999999 1.1476058265
v 0.4739658525 -0.6915993839999999 1.1475845325
v 0.5849700255 -0.6944448419999999 1.1475845325
v 0.5914886039999999 -0.8064482579999999 1.1475845325
v 0.4739658525 -1.339114329 1.1475845325
v 0.45705895199999996 -1.3220358165000001 1.069281801
v 0.45852036300000004 -0.17729226899999995 1.069281801
v 0.4746577815 -0.16050406049999993 1.1475845325
v 0.473393655 -0.04795752149999993 1.1476058265
v 0.45688277250000003 -0.03152595599999994 1.069281801
v 0.5823151424999999 -0.1584295649999999 1.1475845325
v 0.5854883894999999 -0.04719518999999993 1.1475845325
v 0.602061264 -0.030537737999999932 1.069281675
v 0.5979531284999999 -0.17460446849999994 1.069281801
v 1.1045186144999999 -0.031003969499999937 1.069281675
v 1.1224969244999998 -0.04733363249999993 1.1475845325
v 1.2440239875 -0.04733363249999993 1.1475845325
v 1.2619157669999999 -0.031003969499999937 1.069281675
v 1.2619147904999999 -0.17432569349999996 1.069281675
v 1.105081929 -0.17432569349999996 1.069281675
v 1.122930459 -0.1579931639999999 1.1475845325
v 1.2440239875 -0.1579931639999999 1.1475845325
v 1.913002686 -0.6734865059999999 1.069281801
v 1.8973584315 -0.6911936954999999 1.1475845325
v 1.8973584315 -0.8110365479999998 1.1475845325
v 1.913002686 -0.8287014644999999 1.069281801
v 1.913630166 -1.3236969375 1.069281801
v 1.8974927475 -1.3404832245 1.1475845325
v 1.77570351 -0.8287005194999999 1.069281801
v 1.77570351 -0.6740421345 1.069281801
v 1.791348741 -0.6916224419999999 1.1475845325
v 1.791348741 -0.8110365479999998 1.1475845325
v 1.898756874 -1.453029795 1.1476058265
v 1.9152677565 -1.4694623055 1.069281801
v 0.459757305 -1.4687999865 1.069281801
v 0.476049483 -1.4524318619999999 1.1476058265
v 1.7898353865 -1.3425586965 1.1475845325
v 1.7866630845 -1.4537930715 1.1475845325
v 1.770089265 -1.4704515 1.069281801
v 1.7741968965000001 -1.326384738 1.069281801
v 1.2676316625 -1.4699852684999999 1.069281801
v 1.249654329 -1.4536546289999999 1.1475845325
v 1.128127266 -1.4536546289999999 1.1475845325
v 1.1102350140000001 -1.4699852684999999 1.069281801
v 0.600826716 -1.3257195210000001 1.069281801
v 0.60926985 -1.4707821870000002 1.069281801
v 0.5914886039999999 -1.453962258 1.1475845325
v 0.5849700255 -1.3419588420000002 1.1475845325
v 1.1102359590000002 -1.326663513 1.069281801
v 1.2670688205 -1.326663513 1.069281801
v 1.2492202905 -1.3429941525 1.1475845325
v 1.128127266 -1.342995129 1.1475845325
v 1.7866630845 -1.4537930715 1.1475845325
v 1.7898353865 -1.3425586965 1.1475845325
v 1.8974927475 -1.3404832245 1.1475845325
v 1.898756874 -1.453029795 1.1476058265
v 1.791348741 -0.8110365479999998 1.1475845325
v 1.791348741 -0.6916224419999999 1.1475845325
v 1.8973584315 -0.6911936954999999 1.1475845325
v 1.8973584315 -0.8110365479999998 1.1475845325
v 1.122930459 -0.1579931639999999 1.1475845325
v 1.1224969244999998 -0.04733363249999993 1.1475845325
v 1.2440239875 -0.04733363249999993 1.1475845325
v 1.2440239875 -0.1579931639999999 1.1475845325
v 0.4746577815 -0.16050406049999993 1.1475845325
v 0.473393655 -0.04795752149999993 1.1476058265
v 0.5854883894999999 -0.04719518999999993 1.1475845325
v 0.5823151424999999 -0.1584295649999999 1.1475845325
v 1.128127266 -1.4536546289999999 1.1475845325
v 1.128127266 -1.342995129 1.1475845325
v 1.2492202905 -1.3429941525 1.1475845325
v 1.249654329 -1.4536546289999999 1.1475845325
v 0.476049483 -1.4524318619999999 1.1476058265
v 0.4739658525 -1.339114329 1.1475845325
v 0.5849700255 -1.3419588420000002 1.1475845325
v 0.5914886039999999 -1.453962258 1.1475845325
v -0.5944775445 -0.030207050999999933 1.069281675
v -0.5766962984999999 -0.04702600349999993 1.1475845325
v -0.46125623250000003 -0.04855737599999993 1.1476058265
v -0.4449640545 -0.03218925149999994 1.069281801
v -0.570177216 -0.1590294194999999 1.1475845325
v -0.4591730745 -0.16187487749999993 1.1475845325
v -0.4422661425 -0.17895342149999993 1.069281801
v -0.5860344105 -0.17526968549999997 1.069281801
v -0.570177216 -0.1590294194999999 1.1475845325
v -0.5766962984999999 -0.04702600349999993 1.1475845325
v -0.46125623250000003 -0.04855737599999993 1.1476058265
v -0.4591730745 -0.16187487749999993 1.1475845325
v -1.8833925915 -0.6915993839999999 1.1475845325
v -1.9002995235 -0.6745218164999999 1.069281801
v -1.897601139 -0.8212859864999998 1.069281801
v -1.881308961 -0.8049178619999999 1.1476058265
v -1.7565317594999998 -0.6782055209999999 1.069281801
v -1.7480886255 -0.8232681869999998 1.069281801
v -1.7658698715 -0.8064482579999999 1.1475845325
v -1.77238845 -0.6944448419999999 1.1475845325
v -1.881308961 -0.8049178619999999 1.1476058265
v -1.8833925915 -0.6915993839999999 1.1475845325
v -1.77238845 -0.6944448419999999 1.1475845325
v -1.7658698715 -0.8064482579999999 1.1475845325
v -1.8833925915 -1.339114329 1.1475845325
v -1.9002995235 -1.3220358165000001 1.069281801
v -1.8988381125 -0.17729226899999995 1.069281801
v -1.882700694 -0.16050406049999993 1.1475845325
v -1.8839648205000001 -0.04795752149999993 1.1476058265
v -1.9004756715 -0.03152595599999994 1.069281801
v -1.7750433330000002 -0.1584295649999999 1.1475845325
v -1.771870086 -0.04719518999999993 1.1475845325
v -1.7552972114999998 -0.030537737999999932 1.069281675
v -1.7594053155 -0.17460446849999994 1.069281801
v -1.252839861 -0.031003969499999937 1.069281675
v -1.234861551 -0.04733363249999993 1.1475845325
v -1.113334488 -0.04733363249999993 1.1475845325
v -1.0954427085 -0.031003969499999937 1.069281675
v -1.095443685 -0.17432569349999996 1.069281675
v -1.252276515 -0.17432569349999996 1.069281675
v -1.234427985 -0.1579931639999999 1.1475845325
v -1.113334488 -0.1579931639999999 1.1475845325
v -0.44435578950000004 -0.6734865059999999 1.069281801
v -0.460000044 -0.6911936954999999 1.1475845325
v -0.460000044 -0.8110365479999998 1.1475845325
v -0.44435578950000004 -0.8287014644999999 1.069281801
v -0.4437283095 -1.3236969375 1.069281801
v -0.4598656965 -1.3404832245 1.1475845325
v -0.5816549655 -0.8287005194999999 1.069281801
v -0.5816549655 -0.6740421345 1.069281801
v -0.5660097345 -0.6916224419999999 1.1475845325
v -0.5660097345 -0.8110365479999998 1.1475845325
v -0.4586016015 -1.453029795 1.1476058265
v -0.44209071899999997 -1.4694623055 1.069281801
v -1.897601139 -1.4687999865 1.069281801
v -1.881308961 -1.4524318619999999 1.1476058265
v -0.5675230575 -1.3425586965 1.1475845325
v -0.5706953594999999 -1.4537930715 1.1475845325
v -0.5872692105 -1.4704515 1.069281801
v -0.5831615475 -1.326384738 1.069281801
v -1.0897267815 -1.4699852684999999 1.069281801
v -1.1077041465 -1.4536546289999999 1.1475845325
v -1.229231178 -1.4536546289999999 1.1475845325
v -1.2471234615 -1.4699852684999999 1.069281801
v -1.7565317594999998 -1.3257195210000001 1.069281801
v -1.7480886255 -1.4707821870000002 1.069281801
v -1.7658698715 -1.453962258 1.1475845325
v -1.77238845 -1.3419588420000002 1.1475845325
v -1.247122485 -1.326663513 1.069281801
v -1.0902896549999999 -1.326663513 1.069281801
v -1.1081381535000001 -1.3429941525 1.1475845325
v -1.229231178 -1.342995129 1.1475845325
v -0.5706953594999999 -1.4537930715 1.1475845325
v -0.5675230575 -1.3425586965 1.1475845325
v -0.4598656965 -1.3404832245 1.1475845325
v -0.4586016015 -1.453029795 1.1476058265
v -0.5660097345 -0.8110365479999998 1.1475845325
v -0.5660097345 -0.6916224419999999 1.1475845325
v -0.460000044 -0.6911936954999999 1.1475845325
v -0.460000044 -0.8110365479999998 1.1475845325
v -1.234427985 -0.1579931639999999 1.1475845325
v -1.234861551 -0.04733363249999993 1.1475845325
v -1.113334488 -0.04733363249999993 1.1475845325
v -1.113334488 -0.1579931639999999 1.1475845325
v -1.882700694 -0.16050406049999993 1.1475845325
v -1.8839648205000001 -0.04795752149999993 1.1476058265
v -1.771870086 -0.04719518999999993 1.1475845325
v -1.7750433330000002 -0.1584295649999999 1.1475845325
v -1.229231178 -1.4536546289999999 1.1475845325
v -1.229231178 -1.342995129 1.1475845325
v -1.1081381535000001 -1.3429941525 1.1475845325
v -1.1077041465 -1.4536546289999999 1.1475845325
v -1.881308961 -1.4524318619999999 1.1476058265
v -1.8833925915 -1.339114329 1.1475845325
v -1.77238845 -1.3419588420000002 1.1475845325
v -1.7658698715 -1.453962258 1.1475845325
v 1.2342463245 -0.9036725984999999 2.3379442065
v 1.339066764 -0.7458870824999998 2.585006235
v 1.339066764 -0.7458870824999998 2.585006235
v 1.3405532805 -0.7464398444999999 2.3379442065
v 1.3405532805 -0.7464398444999999 2.3379442065
v 1.2314469825 -0.5928936614999999 2.5850057625000002
v 1.2314469825 -0.5928936614999999 2.5850057625000002
v 1.2342463245 -0.5892070904999999 2.3379442065
v 1.2342463245 -0.5892070904999999 2.3379442065
v 1.0523374785 -0.6529742099999999 2.5850057625000002
v 1.0523374785 -0.6529742099999999 2.5850057625000002
v 1.062238086 -0.6492635729999999 2.3379442065
v 1.2314469825 -0.8988805034999999 2.5850057625000002
v 1.052337384 -0.8388028529999998 2.5850057625000002
v 1.062238086 -0.8436141945 2.3379442065
v 1.062238086 -0.8436141945 2.3379442065
v 1.2342463245 -0.9036725984999999 2.3379442065
v 1.2314469825 -0.8988805034999999 2.5850057625000002
v -1.33779051 -0.7627233599999999 2.5839963765
v -1.222073559 -0.9036725984999999 2.3379442065
v -1.3283805465 -0.7464398444999999 2.3379442065
v -1.33779051 -0.7627233599999999 2.5839963765
v -1.2291295275 -0.6082495334999999 2.583995904
v -1.3283805465 -0.7464398444999999 2.3379442065
v -1.222073559 -0.5892070904999999 2.3379442065
v -1.2291295275 -0.6082495334999999 2.583995904
v -1.048286925 -0.6689097135 2.583995904
v -1.222073559 -0.5892070904999999 2.3379442065
v -1.0500653205 -0.6492635729999999 2.3379442065
v -1.048286925 -0.6689097135 2.583995904
v -1.0500653205 -0.8436141945 2.3379442065
v -1.0482871455 -0.8565360299999999 2.583995904
v -1.2291295275 -0.9171981315 2.583995904
v -1.2291295275 -0.9171981315 2.583995904
v -1.222073559 -0.9036725984999999 2.3379442065
v -1.0500653205 -0.8436141945 2.3379442065
v 0.48389937749999995 -0.1958406344999999 1.9279081710000001
v 0.484831242 -0.0575484524999999 1.552522797
v 0.484831242 -0.0575484524999999 1.552522797
v 0.48389985 -0.054892372499999884 1.9279081710000001
v 0.48389985 -0.054892372499999884 1.9279081710000001
v 0.6258947625 -0.0552172949999999 1.5524377155
v 0.6258942584999999 -0.19551571199999992 1.5524377155
v 0.626134131 -0.1958406344999999 1.9279081710000001
v 1.8910008495000001 -0.0584578259999999 1.552522797
v 1.8920212605 -0.1991792564999999 1.9279081710000001
v 1.8920215125 -0.05671499399999988 1.9279081710000001
v 1.8910008495000001 -0.0584578259999999 1.552522797
v 1.750001148 -0.0585558854999999 1.5524377155
v 1.8920215125 -0.05671499399999988 1.9279081710000001
v 1.750001148 -0.20037124799999992 1.5524377155
v 1.749787011 -0.20069617049999988 1.9279081710000001
v 1.8917816715 -1.3056484769999999 1.5524377155
v 1.8920210085 -1.4462718164999997 1.9279081710000001
v 1.8920212605 -1.3053235544999997 1.9279081710000001
v 1.8917816715 -1.3056484769999999 1.5524377155
v 1.8910005975 -1.445055759 1.552522797
v 1.7497862865 -1.4462718164999997 1.9279081710000001
v 1.750001148 -1.445946894 1.5524377155
v 1.7497862865 -1.4462718164999997 1.9279081710000001
v 0.6269889465 -1.306759734 1.9279081710000001
v 0.6267493575 -1.3070846565 1.5524377155
v 0.626748885 -1.4473830735000002 1.5524377155
v 0.4847539725 -1.4477079959999999 1.9279081710000001
v 0.4852587915 -1.445772888 1.552522797
v 0.4852587915 -1.445772888 1.552522797
v 0.4847539725 -1.4477079959999999 1.9279081710000001
v 0.4847542245 -1.306759734 1.9279081710000001
v 0.1158896025 -2.2202241704999994 3.7082814615
v -0.004821768000000001 -2.3077403054999994 3.9212059005
v 0.120542814 -2.2195560554999996 3.9212059005
v 0.1158896025 -2.2202241704999994 3.7082814615
v 0.067115349 -2.0748192884999996 3.708281934
v 0.071312157 -2.0727909404999996 3.9212059005
v -0.007807243500000001 -2.3076489869999994 3.708281934
v -0.130186476 -2.2195560554999996 3.9212059005
v -0.1317989295 -2.2202241704999994 3.7082814615
v -0.1317989295 -2.2202241704999994 3.7082814615
v -0.130186476 -2.2195560554999996 3.9212059005
v -0.0809565435 -2.072791885499999 3.9212059005
v -0.5940903780000001 1.9484266095 0.06634977299999988
v -0.5940903780000001 1.409751882 0.06634977299999992
v -0.452657142 1.409753331 0.13001174549999991
v -0.5247842355 1.9484266095 0.1310129729999999
v -0.5248270125 1.9484266095 0.06617686949999987
v -0.5247842355 1.9484266095 0.1310129729999999
v -0.5247842355 1.409753331 0.13101297299999992
v -0.5248270125 1.409753331 0.06617686949999992
v -0.3805761645 1.9484266095 0.2593616759999999
v -0.3805766685 1.409753331 0.2593616759999999
v -0.312107796 1.9484266095 0.25833090149999993
v -0.31250337300000003 1.9484266095 0.3223090394999999
v -0.31250337300000003 1.409753331 0.3223090394999999
v -0.312107796 1.409753331 0.25833090149999993
v -0.380710764 1.9484266095 0.1944306314999999
v -0.3806631675 1.409753331 0.19418612849999992
v -0.3806631675 1.409753331 0.19418612849999992
v -0.45265761449999997 1.9484266095 0.1945084049999999
v -0.452655693 1.9484266095 0.1302556814999999
v -0.45265761449999997 1.9484266095 0.1945084049999999
v -0.4526316585 1.409753331 0.1946142449999999
v -0.452657142 1.409753331 0.13001174549999991
vt 0.186534 0.084769
vt 0.949269 0.949474
vt 0.957928 0.951165
vt 0.186568 0.095324
vt 0.186556 0.088315
vt 0.951539 0.951607
vt 0.951914 0.861299
vt 0.105031 0.086665
vt 0.111101 0.085941
vt 0.949553 0.867819
vt 0.957771 0.867514
vt 0.110716 0.095478
vt 0.951391 0.867811
vt 0.110791 0.088473
vt 0.013813 0.536386
vt 0.015994 0.602410
vt 0.019050 0.537232
vt 0.008721 0.537345
vt 0.003745 0.540111
vt 0.581535 0.336888
vt 0.610517 0.330346
vt 0.610222 0.302351
vt 0.581133 0.297138
vt 0.581133 0.297138
vt 0.581535 0.336888
vt 0.610517 0.330346
vt 0.610222 0.302351
vt 0.581133 0.297138
vt 0.581535 0.336888
vt 0.610517 0.330346
vt 0.610222 0.302351
vt 0.581133 0.297138
vt 0.581535 0.336888
vt 0.610517 0.330346
vt 0.610222 0.302351
vt 0.610336 0.300468
vt 0.581831 0.296505
vt 0.581309 0.336817
vt 0.609543 0.331854
vt 0.728721 0.491503
vt 0.746635 0.498318
vt 0.752847 0.473567
vt 0.733808 0.472292
vt 0.581309 0.336817
vt 0.609543 0.331854
vt 0.728524 0.490086
vt 0.747539 0.498239
vt 0.610336 0.300468
vt 0.581831 0.296505
vt 0.728721 0.491503
vt 0.746635 0.498318
vt 0.354502 0.306505
vt 0.362956 0.306499
vt 0.362965 0.305201
vt 0.354464 0.305214
vt 0.353205 0.315733
vt 0.354465 0.315720
vt 0.362959 0.315728
vt 0.364117 0.315728
vt 0.354502 0.306505
vt 0.362956 0.306499
vt 0.362965 0.305201
vt 0.354464 0.305214
vt 0.353205 0.315733
vt 0.354465 0.315720
vt 0.362959 0.315728
vt 0.364117 0.315728
vt 0.354502 0.306505
vt 0.362956 0.306499
vt 0.362965 0.305201
vt 0.354464 0.305214
vt 0.353205 0.315733
vt 0.354465 0.315720
vt 0.362959 0.315728
vt 0.364117 0.315728
vt 0.354502 0.306505
vt 0.362956 0.306499
vt 0.362965 0.305201
vt 0.354464 0.305214
vt 0.353205 0.315733
vt 0.354465 0.315720
vt 0.362959 0.315728
vt 0.364117 0.315728
vt 0.590171 0.460346
vt 0.592371 0.444152
vt 0.590719 0.429389
vt 0.595696 0.452653
vt 0.605054 0.456426
vt 0.605783 0.432017
vt 0.621708 0.430929
vt 0.621686 0.429454
vt 0.621001 0.458135
vt 0.621019 0.460973
vt 0.800599 0.036232
vt 0.792889 0.036188
vt 0.784433 0.036292
vt 0.792984 0.039784
vt 0.792889 0.036188
vt 0.800599 0.036232
vt 0.620966 0.426649
vt 0.592752 0.426385
vt 0.817665 0.036266
vt 0.591662 0.463430
vt 0.620017 0.464078
vt 0.817665 0.036266
vt 0.590171 0.460346
vt 0.592371 0.444152
vt 0.590719 0.429389
vt 0.595696 0.452653
vt 0.605054 0.456426
vt 0.605783 0.432017
vt 0.621708 0.430929
vt 0.621686 0.429454
vt 0.621001 0.458135
vt 0.621019 0.460973
vt 0.800599 0.036232
vt 0.792889 0.036188
vt 0.784433 0.036292
vt 0.792984 0.039784
vt 0.792889 0.036188
vt 0.800599 0.036232
vt 0.620966 0.426649
vt 0.592752 0.426385
vt 0.817665 0.036266
vt 0.591662 0.463430
vt 0.620017 0.464078
vt 0.817665 0.036266
vt 0.590171 0.460346
vt 0.592371 0.444152
vt 0.590719 0.429389
vt 0.595696 0.452653
vt 0.605054 0.456426
vt 0.605783 0.432017
vt 0.621708 0.430929
vt 0.621686 0.429454
vt 0.621001 0.458135
vt 0.621019 0.460973
vt 0.800599 0.036232
vt 0.792889 0.036188
vt 0.784433 0.036292
vt 0.792984 0.039784
vt 0.792889 0.036188
vt 0.800599 0.036232
vt 0.620960 0.426651
vt 0.592752 0.426385
vt 0.817665 0.036266
vt 0.591662 0.463430
vt 0.620017 0.464078
vt 0.817665 0.036266
vt 0.741540 0.477410
vt 0.741541 0.484015
vt 0.029029 0.544258
vt 0.015994 0.602410
vt 0.024148 0.539912
vt 0.019050 0.537232
vt 0.013813 0.536386
vt 0.008721 0.537345
vt 0.534882 0.741729
vt 0.744923 0.477410
vt 0.545750 0.741729
vt 0.547107 0.757134
vt 0.744923 0.484011
vt 0.573747 0.767706
vt 0.627908 0.762568
vt 0.628020 0.767699
vt 0.793429 0.402977
vt 0.793429 0.343483
vt 0.793429 0.312368
vt 0.793429 0.291707
vt 0.741540 0.474143
vt 0.741540 0.477410
vt 0.741541 0.484015
vt 0.741541 0.498047
vt 0.573747 0.767706
vt 0.552416 0.753296
vt 0.575131 0.762568
vt 0.547107 0.757134
vt 0.545750 0.741729
vt 0.534882 0.741729
vt 0.628020 0.767699
vt 0.627908 0.762568
vt 0.793429 0.312353
vt 0.793429 0.343467
vt 0.793429 0.402977
vt 0.793429 0.291707
vt 0.304262 0.012925
vt 0.350657 0.012946
vt 0.350657 0.006310
vt 0.304257 0.006310
vt 0.351562 0.012923
vt 0.351562 0.006282
vt 0.304262 0.012925
vt 0.304257 0.006310
vt 0.349663 0.004695
vt 0.305256 0.004676
vt 0.305256 0.004676
vt 0.350467 0.004179
vt 0.699013 0.031092
vt 0.699013 0.003947
vt 0.692995 0.003947
vt 0.692995 0.031092
vt 0.223248 0.264741
vt 0.250394 0.264741
vt 0.711864 0.031092
vt 0.711864 0.003947
vt 0.705961 0.003947
vt 0.705961 0.031092
vt 0.607880 0.060154
vt 0.607862 0.066764
vt 0.737639 0.031037
vt 0.737573 0.003892
vt 0.731567 0.003910
vt 0.731633 0.031055
vt 0.227350 0.267065
vt 0.750265 0.031000
vt 0.750199 0.003855
vt 0.744430 0.003872
vt 0.744496 0.031017
vt 0.763186 0.030962
vt 0.763120 0.003817
vt 0.757147 0.003835
vt 0.757213 0.030980
vt 0.718750 0.003939
vt 0.776159 0.030917
vt 0.776079 0.003772
vt 0.770062 0.003793
vt 0.770141 0.030938
vt 0.789010 0.030872
vt 0.788931 0.003726
vt 0.783027 0.003747
vt 0.783107 0.030892
vt 0.607880 0.060154
vt 0.607862 0.066764
vt 0.814785 0.030726
vt 0.814639 0.003581
vt 0.808634 0.003620
vt 0.808779 0.030765
vt 0.225614 0.264417
vt 0.795817 0.003694
vt 0.013813 0.536386
vt 0.015994 0.602410
vt 0.019050 0.537232
vt 0.008721 0.537345
vt 0.003745 0.540111
vt 0.581499 0.338115
vt 0.606499 0.332145
vt 0.606568 0.302622
vt 0.581611 0.296198
vt 0.581611 0.296198
vt 0.581499 0.338115
vt 0.606499 0.332145
vt 0.606568 0.302622
vt 0.581611 0.296198
vt 0.581499 0.338115
vt 0.606499 0.332145
vt 0.606568 0.302622
vt 0.581611 0.296198
vt 0.581499 0.338115
vt 0.606499 0.332145
vt 0.606568 0.302622
vt 0.610336 0.300468
vt 0.581831 0.296505
vt 0.581309 0.336817
vt 0.609543 0.331854
vt 0.728721 0.491503
vt 0.746635 0.498318
vt 0.752847 0.473567
vt 0.733808 0.472292
vt 0.581309 0.336817
vt 0.609543 0.331854
vt 0.728524 0.490086
vt 0.747539 0.498239
vt 0.610336 0.300468
vt 0.581831 0.296505
vt 0.728721 0.491503
vt 0.746635 0.498318
vt 0.362965 0.305201
vt 0.354464 0.305214
vt 0.354502 0.306505
vt 0.362956 0.306499
vt 0.353205 0.315733
vt 0.354465 0.315720
vt 0.362959 0.315728
vt 0.364117 0.315728
vt 0.362965 0.305201
vt 0.354464 0.305214
vt 0.354502 0.306505
vt 0.362956 0.306499
vt 0.353205 0.315733
vt 0.354465 0.315720
vt 0.362959 0.315728
vt 0.364117 0.315728
vt 0.362965 0.305201
vt 0.354464 0.305214
vt 0.354502 0.306505
vt 0.362956 0.306499
vt 0.353205 0.315733
vt 0.354465 0.315720
vt 0.362959 0.315728
vt 0.364117 0.315728
vt 0.362965 0.305201
vt 0.354464 0.305214
vt 0.354502 0.306505
vt 0.362956 0.306499
vt 0.353205 0.315733
vt 0.354465 0.315720
vt 0.362959 0.315728
vt 0.364117 0.315728
vt 0.590171 0.460346
vt 0.605054 0.456426
vt 0.595696 0.452653
vt 0.592371 0.444152
vt 0.590719 0.429389
vt 0.621686 0.429454
vt 0.605783 0.432017
vt 0.621708 0.430929
vt 0.621019 0.460973
vt 0.621001 0.458135
vt 0.800599 0.036232
vt 0.792889 0.036188
vt 0.784433 0.036292
vt 0.792889 0.036188
vt 0.800599 0.036232
vt 0.792984 0.039784
vt 0.620966 0.426649
vt 0.592752 0.426385
vt 0.817665 0.036266
vt 0.591662 0.463430
vt 0.620017 0.464078
vt 0.817665 0.036266
vt 0.590171 0.460346
vt 0.605054 0.456426
vt 0.595696 0.452653
vt 0.592371 0.444152
vt 0.590719 0.429389
vt 0.621686 0.429454
vt 0.605783 0.432017
vt 0.621708 0.430929
vt 0.621019 0.460973
vt 0.621001 0.458135
vt 0.800599 0.036232
vt 0.792889 0.036188
vt 0.784433 0.036292
vt 0.792889 0.036188
vt 0.800599 0.036232
vt 0.792984 0.039784
vt 0.620966 0.426649
vt 0.592752 0.426385
vt 0.817665 0.036266
vt 0.591662 0.463430
vt 0.620017 0.464078
vt 0.817665 0.036266
vt 0.590171 0.460346
vt 0.605054 0.456426
vt 0.595696 0.452653
vt 0.592371 0.444152
vt 0.590719 0.429389
vt 0.621686 0.429454
vt 0.605783 0.432017
vt 0.621708 0.430929
vt 0.621019 0.460973
vt 0.621001 0.458135
vt 0.800599 0.036232
vt 0.792889 0.036188
vt 0.784433 0.036292
vt 0.792889 0.036188
vt 0.800599 0.036232
vt 0.792984 0.039784
vt 0.620960 0.426651
vt 0.592752 0.426385
vt 0.817665 0.036266
vt 0.591662 0.463430
vt 0.620017 0.464078
vt 0.817665 0.036266
vt 0.699013 0.031092
vt 0.699013 0.003947
vt 0.692995 0.003947
vt 0.692995 0.031092
vt 0.223248 0.264741
vt 0.250394 0.264741
vt 0.711864 0.031092
vt 0.711864 0.003947
vt 0.705961 0.003947
vt 0.705961 0.031092
vt 0.607880 0.060154
vt 0.607862 0.066764
vt 0.737639 0.031037
vt 0.737573 0.003892
vt 0.731567 0.003910
vt 0.731633 0.031055
vt 0.227350 0.267065
vt 0.750265 0.031000
vt 0.750199 0.003855
vt 0.744430 0.003872
vt 0.744496 0.031017
vt 0.763186 0.030962
vt 0.763120 0.003817
vt 0.757147 0.003835
vt 0.757213 0.030980
vt 0.718750 0.003939
vt 0.776159 0.030917
vt 0.776079 0.003772
vt 0.770062 0.003793
vt 0.770141 0.030938
vt 0.789010 0.030872
vt 0.788931 0.003726
vt 0.783027 0.003747
vt 0.783107 0.030892
vt 0.607880 0.060154
vt 0.607862 0.066764
vt 0.814785 0.030726
vt 0.814639 0.003581
vt 0.808634 0.003620
vt 0.808779 0.030765
vt 0.225614 0.264417
vt 0.795817 0.003694
vt 0.186568 0.095324
vt 0.186556 0.088315
vt 0.110791 0.088473
vt 0.110716 0.095478
vt 0.951391 0.867811
vt 0.951539 0.951607
vt 0.957928 0.951165
vt 0.957771 0.867514
vt 0.949553 0.867819
vt 0.949269 0.949474
vt 0.186534 0.084769
vt 0.111101 0.085941
vt 0.105031 0.086665
vt 0.951914 0.861299
vt 0.448584 0.349303
vt 0.448610 0.364650
vt 0.449987 0.364668
vt 0.449987 0.349305
vt 0.434724 0.347821
vt 0.434713 0.349269
vt 0.434668 0.364685
vt 0.434673 0.366152
vt 0.448584 0.349303
vt 0.448610 0.364650
vt 0.449987 0.364668
vt 0.449987 0.349305
vt 0.434724 0.347821
vt 0.434713 0.349269
vt 0.434668 0.364685
vt 0.434673 0.366152
vt 0.015994 0.602410
vt 0.008721 0.537345
vt 0.003745 0.540111
vt 0.013813 0.536386
vt 0.019050 0.537232
vt 0.015994 0.602410
vt 0.024148 0.539912
vt 0.019050 0.537232
vt 0.008721 0.537345
vt 0.013813 0.536386
vt 0.015994 0.602410
vt 0.024148 0.539912
vt 0.019050 0.537232
vt 0.008721 0.537345
vt 0.013813 0.536386
vt 0.015994 0.602410
vt 0.008721 0.537345
vt 0.003745 0.540111
vt 0.013813 0.536386
vt 0.019050 0.537232
vt 0.448584 0.349303
vt 0.448610 0.364650
vt 0.449987 0.364668
vt 0.449987 0.349305
vt 0.434724 0.347821
vt 0.434713 0.349269
vt 0.434668 0.364685
vt 0.434673 0.366152
vt 0.448584 0.349303
vt 0.448610 0.364650
vt 0.449987 0.364668
vt 0.449987 0.349305
vt 0.434724 0.347821
vt 0.434713 0.349269
vt 0.434668 0.364685
vt 0.434673 0.366152
vt 0.448584 0.349303
vt 0.448610 0.364650
vt 0.449987 0.364668
vt 0.449987 0.349305
vt 0.434724 0.347821
vt 0.434713 0.349269
vt 0.434668 0.364685
vt 0.434673 0.366152
vt 0.448584 0.349303
vt 0.448610 0.364650
vt 0.449987 0.364668
vt 0.449987 0.349305
vt 0.434724 0.347821
vt 0.434713 0.349269
vt 0.434668 0.364685
vt 0.434673 0.366152
vt 0.448584 0.349303
vt 0.448610 0.364650
vt 0.449987 0.364668
vt 0.449987 0.349305
vt 0.434724 0.347821
vt 0.434713 0.349269
vt 0.434668 0.364685
vt 0.434673 0.366152
vt 0.448584 0.349303
vt 0.448610 0.364650
vt 0.449987 0.364668
vt 0.449987 0.349305
vt 0.434724 0.347821
vt 0.434713 0.349269
vt 0.434668 0.364685
vt 0.434673 0.366152
vt 0.448584 0.349303
vt 0.448610 0.364650
vt 0.449987 0.364668
vt 0.449987 0.349305
vt 0.434724 0.347821
vt 0.434713 0.349269
vt 0.434668 0.364685
vt 0.434673 0.366152
vt 0.448584 0.349303
vt 0.448610 0.364650
vt 0.449987 0.364668
vt 0.449987 0.349305
vt 0.434724 0.347821
vt 0.434713 0.349269
vt 0.434668 0.364685
vt 0.434673 0.366152
vt 0.015994 0.602410
vt 0.008721 0.537345
vt 0.003745 0.540111
vt 0.013813 0.536386
vt 0.019050 0.537232
vt 0.015994 0.602410
vt 0.024148 0.539912
vt 0.019050 0.537232
vt 0.008721 0.537345
vt 0.013813 0.536386
vt 0.015994 0.602410
vt 0.024148 0.539912
vt 0.019050 0.537232
vt 0.008721 0.537345
vt 0.013813 0.536386
vt 0.015994 0.602410
vt 0.008721 0.537345
vt 0.003745 0.540111
vt 0.013813 0.536386
vt 0.019050 0.537232
vt 0.448584 0.349303
vt 0.448610 0.364650
vt 0.449987 0.364668
vt 0.449987 0.349305
vt 0.434724 0.347821
vt 0.434713 0.349269
vt 0.434668 0.364685
vt 0.434673 0.366152
vt 0.448584 0.349303
vt 0.448610 0.364650
vt 0.449987 0.364668
vt 0.449987 0.349305
vt 0.434724 0.347821
vt 0.434713 0.349269
vt 0.434668 0.364685
vt 0.434673 0.366152
vt 0.448584 0.349303
vt 0.448610 0.364650
vt 0.449987 0.364668
vt 0.449987 0.349305
vt 0.434724 0.347821
vt 0.434713 0.349269
vt 0.434668 0.364685
vt 0.434673 0.366152
vt 0.448584 0.349303
vt 0.448610 0.364650
vt 0.449987 0.364668
vt 0.449987 0.349305
vt 0.434724 0.347821
vt 0.434713 0.349269
vt 0.434668 0.364685
vt 0.434673 0.366152
vt 0.448584 0.349303
vt 0.448610 0.364650
vt 0.449987 0.364668
vt 0.449987 0.349305
vt 0.434724 0.347821
vt 0.434713 0.349269
vt 0.434668 0.364685
vt 0.434673 0.366152
vt 0.448584 0.349303
vt 0.448610 0.364650
vt 0.449987 0.364668
vt 0.449987 0.349305
vt 0.434724 0.347821
vt 0.434713 0.349269
vt 0.434668 0.364685
vt 0.434673 0.366152
vt 0.966975 0.301948
vt 0.958167 0.311128
vt 0.958123 0.301929
vt 0.966975 0.311128
vt 0.966883 0.409436
vt 0.957974 0.409436
vt 0.958219 0.302997
vt 0.966993 0.303058
vt 0.966993 0.311242
vt 0.958206 0.311182
vt 0.957895 0.311528
vt 0.966634 0.311528
vt 0.599078 0.770157
vt 0.599079 0.862181
vt 0.602835 0.862181
vt 0.602835 0.770157
vt 0.610059 0.862181
vt 0.610058 0.770157
vt 0.588255 0.770158
vt 0.588258 0.862181
vt 0.591857 0.862181
vt 0.591856 0.770158
vt 0.566641 0.770172
vt 0.566713 0.862196
vt 0.570267 0.862193
vt 0.570195 0.770169
vt 0.577499 0.862186
vt 0.577455 0.770162
vt 0.555923 0.770182
vt 0.555995 0.862206
vt 0.559586 0.862203
vt 0.559515 0.770179
vt 0.545090 0.770193
vt 0.545163 0.862216
vt 0.548773 0.862213
vt 0.548701 0.770189
vt 0.581101 0.862184
vt 0.581059 0.770160
vt 0.534317 0.770208
vt 0.534436 0.862232
vt 0.538006 0.862226
vt 0.537894 0.770202
vt 0.523425 0.770226
vt 0.523552 0.862250
vt 0.527308 0.862243
vt 0.527181 0.770220
vt 0.512602 0.770244
vt 0.512729 0.862268
vt 0.516329 0.862262
vt 0.516203 0.770238
vt 0.490988 0.770294
vt 0.491183 0.862318
vt 0.494736 0.862309
vt 0.494541 0.770285
vt 0.501969 0.862290
vt 0.501802 0.770266
vt 0.480258 0.770321
vt 0.480453 0.862345
vt 0.484056 0.862336
vt 0.483861 0.770312
vt 0.505571 0.862282
vt 0.505406 0.770259
vt 0.469378 0.770349
vt 0.469573 0.862373
vt 0.473329 0.862363
vt 0.473134 0.770339
vt 0.458555 0.770377
vt 0.458750 0.862400
vt 0.462350 0.862391
vt 0.462155 0.770368
vt 0.436941 0.770446
vt 0.437205 0.862470
vt 0.440759 0.862457
vt 0.440494 0.770434
vt 0.447992 0.862432
vt 0.447754 0.770409
vt 0.451593 0.862421
vt 0.451358 0.770398
vt 0.966975 0.301948
vt 0.958123 0.301929
vt 0.958167 0.311128
vt 0.966975 0.311128
vt 0.966883 0.409436
vt 0.957974 0.409436
vt 0.966975 0.301948
vt 0.958123 0.301929
vt 0.958167 0.311128
vt 0.966975 0.311128
vt 0.966883 0.409436
vt 0.957974 0.409436
vt 0.966975 0.301948
vt 0.958123 0.301929
vt 0.958167 0.311128
vt 0.966975 0.311128
vt 0.966883 0.409436
vt 0.957974 0.409436
vt 0.966975 0.301948
vt 0.958123 0.301929
vt 0.958167 0.311128
vt 0.966975 0.311128
vt 0.966883 0.409436
vt 0.957974 0.409436
vt 0.958219 0.302997
vt 0.966993 0.303058
vt 0.966993 0.311242
vt 0.958206 0.311182
vt 0.957895 0.311528
vt 0.966634 0.311528
vt 0.957861 0.296767
vt 0.966634 0.296707
vt 0.966634 0.311528
vt 0.957895 0.311528
vt 0.958206 0.311182
vt 0.966993 0.311242
vt 0.957861 0.296767
vt 0.966634 0.296707
vt 0.966634 0.311528
vt 0.957895 0.311528
vt 0.958206 0.311182
vt 0.966993 0.311242
vt 0.966975 0.301948
vt 0.958123 0.301929
vt 0.958167 0.311128
vt 0.966975 0.311128
vt 0.966883 0.409436
vt 0.957974 0.409436
vt 0.966975 0.301948
vt 0.958123 0.301929
vt 0.958167 0.311128
vt 0.966975 0.311128
vt 0.966883 0.409436
vt 0.957974 0.409436
vt 0.966975 0.301948
vt 0.958123 0.301929
vt 0.958167 0.311128
vt 0.966975 0.311128
vt 0.966883 0.409436
vt 0.957974 0.409436
vt 0.966975 0.301948
vt 0.958123 0.301929
vt 0.958167 0.311128
vt 0.966975 0.311128
vt 0.966883 0.409436
vt 0.957974 0.409436
vt 0.966975 0.301948
vt 0.958167 0.311128
vt 0.958123 0.301929
vt 0.966975 0.311128
vt 0.966883 0.409436
vt 0.957974 0.409436
vt 0.958219 0.302997
vt 0.966993 0.303058
vt 0.966993 0.311242
vt 0.958206 0.311182
vt 0.957895 0.311528
vt 0.966634 0.311528
vt 0.599078 0.770157
vt 0.599079 0.862181
vt 0.602835 0.862181
vt 0.602835 0.770157
vt 0.610059 0.862181
vt 0.610058 0.770157
vt 0.588255 0.770158
vt 0.588258 0.862181
vt 0.591857 0.862181
vt 0.591856 0.770158
vt 0.566641 0.770172
vt 0.566713 0.862196
vt 0.570267 0.862193
vt 0.570195 0.770169
vt 0.577499 0.862186
vt 0.577455 0.770162
vt 0.555923 0.770182
vt 0.555995 0.862206
vt 0.559586 0.862203
vt 0.559515 0.770179
vt 0.545090 0.770193
vt 0.545163 0.862216
vt 0.548773 0.862213
vt 0.548701 0.770189
vt 0.581101 0.862184
vt 0.581059 0.770160
vt 0.534317 0.770208
vt 0.534436 0.862232
vt 0.538006 0.862226
vt 0.537894 0.770202
vt 0.523425 0.770226
vt 0.523552 0.862250
vt 0.527308 0.862243
vt 0.527181 0.770220
vt 0.512602 0.770244
vt 0.512729 0.862268
vt 0.516329 0.862262
vt 0.516203 0.770238
vt 0.490988 0.770294
vt 0.491183 0.862318
vt 0.494736 0.862309
vt 0.494541 0.770285
vt 0.501969 0.862290
vt 0.501802 0.770266
vt 0.480258 0.770321
vt 0.480453 0.862345
vt 0.484056 0.862336
vt 0.483861 0.770312
vt 0.505571 0.862282
vt 0.505406 0.770259
vt 0.469378 0.770349
vt 0.469573 0.862373
vt 0.473329 0.862363
vt 0.473134 0.770339
vt 0.458555 0.770377
vt 0.458750 0.862400
vt 0.462350 0.862391
vt 0.462155 0.770368
vt 0.436941 0.770446
vt 0.437205 0.862470
vt 0.440759 0.862457
vt 0.440494 0.770434
vt 0.447992 0.862432
vt 0.447754 0.770409
vt 0.451593 0.862421
vt 0.451358 0.770398
vt 0.966975 0.301948
vt 0.958123 0.301929
vt 0.958167 0.311128
vt 0.966975 0.311128
vt 0.966883 0.409436
vt 0.957974 0.409436
vt 0.966975 0.301948
vt 0.958123 0.301929
vt 0.958167 0.311128
vt 0.966975 0.311128
vt 0.966883 0.409436
vt 0.957974 0.409436
vt 0.966975 0.301948
vt 0.958123 0.301929
vt 0.958167 0.311128
vt 0.966975 0.311128
vt 0.966883 0.409436
vt 0.957974 0.409436
vt 0.966975 0.301948
vt 0.958123 0.301929
vt 0.958167 0.311128
vt 0.966975 0.311128
vt 0.966883 0.409436
vt 0.957974 0.409436
vt 0.958219 0.302997
vt 0.966993 0.303058
vt 0.966993 0.311242
vt 0.958206 0.311182
vt 0.957895 0.311528
vt 0.966634 0.311528
vt 0.957861 0.296767
vt 0.966634 0.296707
vt 0.966634 0.311528
vt 0.957895 0.311528
vt 0.958206 0.311182
vt 0.966993 0.311242
vt 0.957861 0.296767
vt 0.966634 0.296707
vt 0.966634 0.311528
vt 0.957895 0.311528
vt 0.958206 0.311182
vt 0.966993 0.311242
vt 0.966975 0.301948
vt 0.958123 0.301929
vt 0.958167 0.311128
vt 0.966975 0.311128
vt 0.966883 0.409436
vt 0.957974 0.409436
vt 0.966975 0.301948
vt 0.958123 0.301929
vt 0.958167 0.311128
vt 0.966975 0.311128
vt 0.966883 0.409436
vt 0.957974 0.409436
vt 0.966975 0.301948
vt 0.958123 0.301929
vt 0.958167 0.311128
vt 0.966975 0.311128
vt 0.966883 0.409436
vt 0.957974 0.409436
vt 0.966975 0.301948
vt 0.958123 0.301929
vt 0.958167 0.311128
vt 0.966975 0.311128
vt 0.966883 0.409436
vt 0.957974 0.409436
vt 0.541702 0.203546
vt 0.541715 0.208589
vt 0.564445 0.208579
vt 0.564472 0.203557
vt 0.541707 0.212452
vt 0.564458 0.212489
vt 0.541670 0.199753
vt 0.564460 0.199777
vt 0.973690 0.193525
vt 0.971316 0.197036
vt 0.973812 0.200587
vt 0.976303 0.197039
vt 0.983985 0.199082
vt 0.986484 0.202653
vt 0.981437 0.195703
vt 0.979031 0.199341
vt 0.541702 0.203546
vt 0.541715 0.208589
vt 0.564445 0.208579
vt 0.564472 0.203557
vt 0.541707 0.212452
vt 0.564458 0.212489
vt 0.541670 0.199753
vt 0.564460 0.199777
vt 0.973690 0.193525
vt 0.971316 0.197036
vt 0.973812 0.200587
vt 0.976303 0.197039
vt 0.983985 0.199082
vt 0.986484 0.202653
vt 0.981437 0.195703
vt 0.979031 0.199341
vt 0.541702 0.203546
vt 0.541715 0.208589
vt 0.564445 0.208579
vt 0.564472 0.203557
vt 0.541707 0.212452
vt 0.564458 0.212489
vt 0.541670 0.199753
vt 0.564460 0.199777
vt 0.973690 0.193525
vt 0.971316 0.197036
vt 0.973812 0.200587
vt 0.976303 0.197039
vt 0.983985 0.199082
vt 0.986484 0.202653
vt 0.981437 0.195703
vt 0.979031 0.199341
vt 0.541702 0.203546
vt 0.564445 0.208579
vt 0.541715 0.208589
vt 0.564472 0.203557
vt 0.541707 0.212452
vt 0.564458 0.212489
vt 0.541670 0.199753
vt 0.564460 0.199777
vt 0.973690 0.193525
vt 0.973812 0.200587
vt 0.971316 0.197036
vt 0.976303 0.197039
vt 0.983985 0.199082
vt 0.986484 0.202653
vt 0.981437 0.195703
vt 0.979031 0.199341
vt 0.445065 0.789935
vt 0.445066 0.852066
vt 0.438172 0.852066
vt 0.438172 0.789935
vt 0.448215 0.852304
vt 0.448185 0.789500
vt 0.445065 0.789935
vt 0.445066 0.852066
vt 0.438172 0.852066
vt 0.438172 0.789935
vt 0.445065 0.789935
vt 0.445066 0.852066
vt 0.438172 0.852066
vt 0.438172 0.789935
vt 0.448215 0.852304
vt 0.448185 0.789500
vt 0.445065 0.789935
vt 0.445066 0.852066
vt 0.438172 0.852066
vt 0.438172 0.789935
vt 0.438172 0.852066
vt 0.438172 0.789935
vt 0.029029 0.544258
vt 0.024148 0.539912
vt 0.015994 0.602410
vt 0.019050 0.537232
vt 0.013813 0.536386
vt 0.008721 0.537345
vt 0.029029 0.544258
vt 0.024148 0.539912
vt 0.015994 0.602410
vt 0.019050 0.537232
vt 0.013813 0.536386
vt 0.008721 0.537345
vt 0.741540 0.474143
vt 0.741540 0.477410
vt 0.741540 0.477410
vt 0.741541 0.484015
vt 0.741541 0.484015
vt 0.741541 0.498047
vt 0.741540 0.474143
vt 0.552416 0.753296
vt 0.575131 0.762568
vt 0.744924 0.498047
vt 0.610449 1.276910
vt 0.580819 1.243025
vt 0.611920 1.245434
vt 0.579483 1.282386
vt 0.727331 1.498497
vt 0.749854 1.499554
vt 0.611254 1.246618
vt 0.580912 1.243126
vt 0.611920 1.245434
vt 0.579483 1.282386
vt 0.580819 1.243025
vt 0.610449 1.276910
vt 0.755677 1.478247
vt 0.735707 1.470411
vt 0.749854 1.499554
vt 0.727331 1.498497
vt 0.611920 1.245434
vt 0.579483 1.282386
vt 0.580819 1.243025
vt 0.610449 1.276910
vt 0.610449 1.276910
vt 0.580819 1.243025
vt 0.611920 1.245434
vt 0.579483 1.282386
vt 0.755677 1.478247
vt 0.735707 1.470411
vt 0.727331 1.498497
vt 0.749854 1.499554
vt 0.611254 1.246618
vt 0.580912 1.243126
vt 0.610449 1.276910
vt 0.580819 1.243025
vt 0.611920 1.245434
vt 0.579483 1.282386
vt 0.727331 1.498497
vt 0.749854 1.499554
vt 0.755677 1.478247
vt 0.735707 1.470411
vt 0.610449 1.276910
vt 0.580819 1.243025
vt 0.611920 1.245434
vt 0.579483 1.282386
vt 0.610449 1.276910
vt 0.580819 1.243025
vt 0.611920 1.245434
vt 0.579483 1.282386
vt 0.727331 1.498497
vt 0.749854 1.499554
vt 0.755677 1.478247
vt 0.735707 1.470411
vt 0.727331 1.498497
vt 0.749854 1.499554
vt 0.611254 1.246618
vt 0.580912 1.243126
vt 0.610449 1.276910
vt 0.580819 1.243025
vt 0.611920 1.245434
vt 0.579483 1.282386
vt 0.610757 1.275933
vt 0.579290 1.281999
vt 0.727331 1.498497
vt 0.749854 1.499554
vt 0.755677 1.478247
vt 0.735707 1.470411
vt 0.610449 1.276910
vt 0.580819 1.243025
vt 0.611920 1.245434
vt 0.579483 1.282386
vt 0.727331 1.498497
vt 0.749854 1.499554
vt 0.611254 1.246618
vt 0.580912 1.243126
vt 0.611920 1.245434
vt 0.579483 1.282386
vt 0.580819 1.243025
vt 0.610449 1.276910
vt 0.755677 1.478247
vt 0.735707 1.470411
vt 0.749854 1.499554
vt 0.727331 1.498497
vt 0.611920 1.245434
vt 0.579483 1.282386
vt 0.580819 1.243025
vt 0.610449 1.276910
vt 0.610449 1.276910
vt 0.580819 1.243025
vt 0.611920 1.245434
vt 0.579483 1.282386
vt 0.755677 1.478247
vt 0.735707 1.470411
vt 0.727331 1.498497
vt 0.749854 1.499554
vt 0.611254 1.246618
vt 0.580912 1.243126
vt 0.610449 1.276910
vt 0.580819 1.243025
vt 0.611920 1.245434
vt 0.579483 1.282386
vt 0.727331 1.498497
vt 0.749854 1.499554
vt 0.755677 1.478247
vt 0.735707 1.470411
vt 0.610449 1.276910
vt 0.580819 1.243025
vt 0.611920 1.245434
vt 0.579483 1.282386
vt 0.610449 1.276910
vt 0.580819 1.243025
vt 0.611920 1.245434
vt 0.579483 1.282386
vt 0.727331 1.498497
vt 0.749854 1.499554
vt 0.755677 1.478247
vt 0.735707 1.470411
vt 0.727331 1.498497
vt 0.749854 1.499554
vt 0.611254 1.246618
vt 0.580912 1.243126
vt 0.610449 1.276910
vt 0.580819 1.243025
vt 0.611920 1.245434
vt 0.579483 1.282386
vt 0.610757 1.275933
vt 0.579290 1.281999
vt 0.727331 1.498497
vt 0.749854 1.499554
vt 0.755677 1.478247
vt 0.735707 1.470411
vt 0.658647 0.033591
vt 0.681600 0.033591
vt 0.681600 0.003049
vt 0.658647 0.003049
vt 0.586918 0.033591
vt 0.586918 0.003049
vt 0.658862 0.034269
vt 0.658862 0.003728
vt 0.680376 0.034269
vt 0.680376 0.003728
vt 0.658647 0.033591
vt 0.681600 0.033591
vt 0.681600 0.003049
vt 0.658647 0.003049
vt 0.586918 0.033591
vt 0.586918 0.003049
vt 0.658862 0.034269
vt 0.658862 0.003728
vt 0.680376 0.034269
vt 0.680376 0.003728
vt 0.970176 0.818679
vt 0.929948 0.818714
vt 0.929871 0.795851
vt 0.970108 0.795862
vt 0.970102 0.818528
vt 0.929866 0.818564
vt 0.970175 0.818762
vt 0.929939 0.818764
vt 0.929956 0.795952
vt 0.970192 0.795835
vt 0.929866 0.795918
vt 0.970102 0.795872
vt 0.970176 0.818679
vt 0.929948 0.818714
vt 0.929871 0.795851
vt 0.970108 0.795862
vt 0.970102 0.818528
vt 0.929866 0.818564
vt 0.970175 0.818762
vt 0.929939 0.818764
vt 0.929956 0.795952
vt 0.970192 0.795835
vt 0.929866 0.795918
vt 0.970102 0.795872
vt 0.970176 0.818679
vt 0.929948 0.818714
vt 0.929871 0.795851
vt 0.970108 0.795862
vt 0.970102 0.818528
vt 0.929866 0.818564
vt 0.970175 0.818762
vt 0.929939 0.818764
vt 0.929956 0.795952
vt 0.970192 0.795835
vt 0.929866 0.795918
vt 0.970102 0.795872
vt 0.970176 0.818679
vt 0.929948 0.818714
vt 0.929871 0.795851
vt 0.970108 0.795862
vt 0.970102 0.818528
vt 0.929866 0.818564
vt 0.970175 0.818762
vt 0.929939 0.818764
vt 0.929956 0.795952
vt 0.970192 0.795835
vt 0.929866 0.795918
vt 0.970102 0.795872
vt 0.563965 0.033591
vt 0.563965 0.003049
vt 0.586918 0.003049
vt 0.586918 0.033591
vt 0.633539 0.033591
vt 0.633539 0.003049
vt 0.658647 0.003049
vt 0.658647 0.033591
vt 0.633754 0.034269
vt 0.633754 0.003728
vt 0.658862 0.003728
vt 0.658862 0.034269
vt 0.680376 0.003728
vt 0.680376 0.034269
vt 0.438172 0.852066
vt 0.438172 0.789935
vt 0.445065 0.789935
vt 0.445066 0.852066
vt 0.448215 0.852304
vt 0.448185 0.789500
vt 0.438172 0.852066
vt 0.438172 0.789935
vt 0.445065 0.789935
vt 0.445066 0.852066
vt 0.438172 0.852066
vt 0.438172 0.789935
vt 0.445065 0.789935
vt 0.445066 0.852066
vt 0.448215 0.852304
vt 0.448185 0.789500
vt 0.438172 0.852066
vt 0.438172 0.789935
vt 0.445065 0.789935
vt 0.445066 0.852066
vt 0.438172 0.852066
vt 0.438172 0.789935
vt 0.951539 0.951607
vt 0.951539 0.951607
vt 0.951391 0.867811
vt 0.949553 0.867819
vt 0.186556 0.088315
vt 0.111101 0.085941
vt 0.110791 0.088473
vt 0.186556 0.088315
vt 0.104411 0.088566
vt 0.110791 0.088473
vt 0.110791 0.088473
vt 0.111101 0.085941
vt 0.105031 0.086665
vt 0.949553 0.867819
vt 0.951391 0.867811
vt 0.953752 0.861291
vt 0.015994 0.602410
vt 0.013813 0.536386
vt 0.015994 0.602410
vt 0.008721 0.537345
vt 0.019050 0.537232
vt 0.015994 0.602410
vt 0.024148 0.539912
vt 0.582297 0.336601
vt 0.610620 0.330734
vt 0.609339 0.301857
vt 0.580849 0.296770
vt 0.752174 0.473549
vt 0.732946 0.472817
vt 0.729570 0.490801
vt 0.747311 0.498305
vt 0.609339 0.301857
vt 0.580849 0.296770
vt 0.753268 0.473722
vt 0.732618 0.472797
vt 0.728524 0.490086
vt 0.747539 0.498239
vt 0.753268 0.473722
vt 0.732618 0.472797
vt 0.582297 0.336601
vt 0.610620 0.330734
vt 0.752174 0.473549
vt 0.732946 0.472817
vt 0.729570 0.490801
vt 0.747311 0.498305
vt 0.752847 0.473567
vt 0.733808 0.472292
vt 0.753268 0.473722
vt 0.732618 0.472797
vt 0.728524 0.490086
vt 0.747539 0.498239
vt 0.728524 0.490086
vt 0.747539 0.498239
vt 0.753268 0.473722
vt 0.732618 0.472797
vt 0.562729 0.151903
vt 0.555452 0.151836
vt 0.555448 0.159682
vt 0.562706 0.159679
vt 0.562706 0.159679
vt 0.562729 0.151903
vt 0.555452 0.151836
vt 0.555448 0.159682
vt 0.555452 0.151836
vt 0.555448 0.159682
vt 0.562706 0.159679
vt 0.562729 0.151903
vt 0.555452 0.151836
vt 0.555448 0.159682
vt 0.562706 0.159679
vt 0.562729 0.151903
vt 0.354502 0.306505
vt 0.353198 0.306514
vt 0.364117 0.306499
vt 0.362959 0.316997
vt 0.362959 0.315728
vt 0.354465 0.315720
vt 0.354465 0.316993
vt 0.354502 0.306505
vt 0.354465 0.315720
vt 0.362959 0.315728
vt 0.362956 0.306499
vt 0.354502 0.306505
vt 0.353198 0.306514
vt 0.364117 0.306499
vt 0.362959 0.316997
vt 0.362959 0.315728
vt 0.354465 0.315720
vt 0.354465 0.316993
vt 0.354502 0.306505
vt 0.354465 0.315720
vt 0.362959 0.315728
vt 0.362956 0.306499
vt 0.354502 0.306505
vt 0.353198 0.306514
vt 0.364117 0.306499
vt 0.362959 0.316997
vt 0.362959 0.315728
vt 0.354465 0.315720
vt 0.354465 0.316993
vt 0.354502 0.306505
vt 0.354465 0.315720
vt 0.362959 0.315728
vt 0.362956 0.306499
vt 0.354502 0.306505
vt 0.353198 0.306514
vt 0.364117 0.306499
vt 0.362959 0.316997
vt 0.362959 0.315728
vt 0.354465 0.315720
vt 0.354465 0.316993
vt 0.354502 0.306505
vt 0.354465 0.315720
vt 0.362959 0.315728
vt 0.362956 0.306499
vt 0.792984 0.039784
vt 0.800581 0.039822
vt 0.792984 0.039784
vt 0.792889 0.036188
vt 0.784323 0.039823
vt 0.800581 0.039822
vt 0.590719 0.429389
vt 0.621686 0.429454
vt 0.800599 0.036232
vt 0.818654 0.039766
vt 0.800581 0.039822
vt 0.621019 0.460973
vt 0.590171 0.460346
vt 0.800599 0.036232
vt 0.800581 0.039822
vt 0.818654 0.039766
vt 0.596196 0.434294
vt 0.590719 0.429389
vt 0.589420 0.429319
vt 0.588523 0.460348
vt 0.590171 0.460346
vt 0.784323 0.039823
vt 0.784433 0.036292
vt 0.792889 0.036188
vt 0.792984 0.039784
vt 0.792984 0.039784
vt 0.800581 0.039822
vt 0.792984 0.039784
vt 0.792889 0.036188
vt 0.784323 0.039823
vt 0.800581 0.039822
vt 0.590719 0.429389
vt 0.621686 0.429454
vt 0.800599 0.036232
vt 0.818654 0.039766
vt 0.800581 0.039822
vt 0.621019 0.460973
vt 0.590171 0.460346
vt 0.800599 0.036232
vt 0.800581 0.039822
vt 0.818654 0.039766
vt 0.596196 0.434294
vt 0.590719 0.429389
vt 0.589420 0.429319
vt 0.588523 0.460348
vt 0.590171 0.460346
vt 0.784323 0.039823
vt 0.784433 0.036292
vt 0.792889 0.036188
vt 0.792984 0.039784
vt 0.792984 0.039784
vt 0.800581 0.039822
vt 0.792984 0.039784
vt 0.792889 0.036188
vt 0.784323 0.039823
vt 0.800581 0.039822
vt 0.590719 0.429389
vt 0.621679 0.429456
vt 0.800599 0.036232
vt 0.818654 0.039766
vt 0.800581 0.039822
vt 0.621019 0.460973
vt 0.590171 0.460346
vt 0.800599 0.036232
vt 0.800581 0.039822
vt 0.818654 0.039766
vt 0.596196 0.434294
vt 0.590719 0.429389
vt 0.589420 0.429319
vt 0.588523 0.460348
vt 0.590171 0.460346
vt 0.784323 0.039823
vt 0.784433 0.036292
vt 0.792889 0.036188
vt 0.792984 0.039784
vt 0.024148 0.539912
vt 0.015994 0.602410
vt 0.019050 0.537232
vt 0.015994 0.602410
vt 0.013813 0.536386
vt 0.015994 0.602410
vt 0.008721 0.537345
vt 0.003745 0.540111
vt 0.015994 0.602410
vt 0.744923 0.477410
vt 0.744923 0.474148
vt 0.744923 0.484011
vt 0.744923 0.477410
vt 0.744924 0.498047
vt 0.744923 0.484011
vt 0.791566 0.343483
vt 0.791566 0.343483
vt 0.791485 0.402861
vt 0.793429 0.402977
vt 0.793429 0.343483
vt 0.791566 0.312368
vt 0.791566 0.343483
vt 0.793429 0.312368
vt 0.791566 0.291723
vt 0.791566 0.312368
vt 0.791566 0.343483
vt 0.791566 0.312368
vt 0.793429 0.343467
vt 0.791485 0.402861
vt 0.791485 0.402861
vt 0.791566 0.343483
vt 0.793429 0.343467
vt 0.744923 0.484011
vt 0.744924 0.498047
vt 0.741541 0.484015
vt 0.744923 0.477405
vt 0.744923 0.484011
vt 0.741540 0.477410
vt 0.744923 0.474148
vt 0.744923 0.477405
vt 0.793429 0.312353
vt 0.791566 0.312368
vt 0.791566 0.291723
vt 0.305550 0.012916
vt 0.305550 0.006282
vt 0.350657 0.006310
vt 0.350657 0.012946
vt 0.304257 0.006310
vt 0.350657 0.006310
vt 0.304257 0.006310
vt 0.349663 0.004695
vt 0.350657 0.006310
vt 0.305550 0.006282
vt 0.305557 0.004141
vt 0.351562 0.006282
vt 0.250394 0.257793
vt 0.223248 0.257793
vt 0.614733 0.066771
vt 0.607880 0.060154
vt 0.607862 0.066764
vt 0.607880 0.060154
vt 0.614733 0.066771
vt 0.607862 0.066764
vt 0.253923 0.260711
vt 0.226778 0.260711
vt 0.226778 0.267660
vt 0.253923 0.267659
vt 0.614733 0.066771
vt 0.607880 0.060154
vt 0.607862 0.066764
vt 0.607880 0.060154
vt 0.614733 0.066771
vt 0.607862 0.066764
vt 0.614733 0.066771
vt 0.254475 0.260041
vt 0.227330 0.260107
vt 0.254495 0.267025
vt 0.614733 0.066771
vt 0.607880 0.060154
vt 0.607862 0.066764
vt 0.607880 0.060154
vt 0.614733 0.066771
vt 0.607862 0.066764
vt 0.254437 0.258944
vt 0.227292 0.259010
vt 0.227312 0.265867
vt 0.254457 0.265801
vt 0.614733 0.066771
vt 0.607880 0.060154
vt 0.607862 0.066764
vt 0.607880 0.060154
vt 0.614733 0.066771
vt 0.607862 0.066764
vt 0.254988 0.258875
vt 0.227843 0.258941
vt 0.227863 0.265890
vt 0.255008 0.265823
vt 0.614733 0.066771
vt 0.607880 0.060154
vt 0.607862 0.066764
vt 0.607880 0.060154
vt 0.614733 0.066771
vt 0.607862 0.066764
vt 0.724649 0.031075
vt 0.724609 0.003930
vt 0.718787 0.031084
vt 0.253327 0.261121
vt 0.226182 0.261158
vt 0.226190 0.268044
vt 0.253335 0.268044
vt 0.607880 0.060154
vt 0.614733 0.066771
vt 0.607862 0.066764
vt 0.254063 0.260360
vt 0.226918 0.260439
vt 0.226943 0.267381
vt 0.254088 0.267315
vt 0.614733 0.066771
vt 0.607880 0.060154
vt 0.607862 0.066764
vt 0.607880 0.060154
vt 0.614733 0.066771
vt 0.607862 0.066764
vt 0.254312 0.258278
vt 0.227167 0.258357
vt 0.227191 0.265305
vt 0.254336 0.265226
vt 0.614733 0.066771
vt 0.607880 0.060154
vt 0.607862 0.066764
vt 0.607880 0.060154
vt 0.614733 0.066771
vt 0.607862 0.066764
vt 0.614733 0.066771
vt 0.252713 0.257313
vt 0.225568 0.257459
vt 0.252759 0.264297
vt 0.614733 0.066771
vt 0.607880 0.060154
vt 0.607862 0.066764
vt 0.607880 0.060154
vt 0.614733 0.066771
vt 0.607862 0.066764
vt 0.801795 0.030810
vt 0.801675 0.003665
vt 0.795933 0.030839
vt 0.254553 0.258688
vt 0.227408 0.258804
vt 0.227440 0.265690
vt 0.254585 0.265611
vt 0.607880 0.060154
vt 0.614733 0.066771
vt 0.607862 0.066764
vt 0.013813 0.536386
vt 0.015994 0.602410
vt 0.008721 0.537345
vt 0.015994 0.602410
vt 0.019050 0.537232
vt 0.024148 0.539912
vt 0.015994 0.602410
vt 0.610620 0.330734
vt 0.582297 0.336601
vt 0.580849 0.296770
vt 0.609339 0.301857
vt 0.732946 0.472817
vt 0.752174 0.473549
vt 0.747311 0.498305
vt 0.729570 0.490801
vt 0.580849 0.296770
vt 0.609339 0.301857
vt 0.732618 0.472797
vt 0.753268 0.473722
vt 0.753268 0.473722
vt 0.747539 0.498239
vt 0.728524 0.490086
vt 0.732618 0.472797
vt 0.610620 0.330734
vt 0.582297 0.336601
vt 0.732946 0.472817
vt 0.752174 0.473549
vt 0.752847 0.473567
vt 0.747311 0.498305
vt 0.729570 0.490801
vt 0.733808 0.472292
vt 0.728524 0.490086
vt 0.732618 0.472797
vt 0.753268 0.473722
vt 0.747539 0.498239
vt 0.753268 0.473722
vt 0.747539 0.498239
vt 0.728524 0.490086
vt 0.732618 0.472797
vt 0.555448 0.159682
vt 0.555452 0.151836
vt 0.562729 0.151903
vt 0.562706 0.159679
vt 0.555452 0.151836
vt 0.562729 0.151903
vt 0.562706 0.159679
vt 0.555448 0.159682
vt 0.562706 0.159679
vt 0.555448 0.159682
vt 0.555452 0.151836
vt 0.562729 0.151903
vt 0.562706 0.159679
vt 0.555448 0.159682
vt 0.555452 0.151836
vt 0.562729 0.151903
vt 0.353198 0.306514
vt 0.354502 0.306505
vt 0.364117 0.306499
vt 0.354465 0.315720
vt 0.362959 0.315728
vt 0.362959 0.316997
vt 0.354465 0.316993
vt 0.362959 0.315728
vt 0.354465 0.315720
vt 0.354502 0.306505
vt 0.362956 0.306499
vt 0.353198 0.306514
vt 0.354502 0.306505
vt 0.364117 0.306499
vt 0.354465 0.315720
vt 0.362959 0.315728
vt 0.362959 0.316997
vt 0.354465 0.316993
vt 0.362959 0.315728
vt 0.354465 0.315720
vt 0.354502 0.306505
vt 0.362956 0.306499
vt 0.353198 0.306514
vt 0.354502 0.306505
vt 0.364117 0.306499
vt 0.354465 0.315720
vt 0.362959 0.315728
vt 0.362959 0.316997
vt 0.354465 0.316993
vt 0.362959 0.315728
vt 0.354465 0.315720
vt 0.354502 0.306505
vt 0.362956 0.306499
vt 0.353198 0.306514
vt 0.354502 0.306505
vt 0.364117 0.306499
vt 0.354465 0.315720
vt 0.362959 0.315728
vt 0.362959 0.316997
vt 0.354465 0.316993
vt 0.362959 0.315728
vt 0.354465 0.315720
vt 0.354502 0.306505
vt 0.362956 0.306499
vt 0.792984 0.039784
vt 0.800581 0.039822
vt 0.792889 0.036188
vt 0.792984 0.039784
vt 0.784323 0.039823
vt 0.800581 0.039822
vt 0.590719 0.429389
vt 0.621686 0.429454
vt 0.818654 0.039766
vt 0.800599 0.036232
vt 0.800581 0.039822
vt 0.621019 0.460973
vt 0.590171 0.460346
vt 0.800581 0.039822
vt 0.800599 0.036232
vt 0.818654 0.039766
vt 0.596196 0.434294
vt 0.588523 0.460348
vt 0.589420 0.429319
vt 0.590719 0.429389
vt 0.590171 0.460346
vt 0.792889 0.036188
vt 0.784433 0.036292
vt 0.784323 0.039823
vt 0.792984 0.039784
vt 0.792984 0.039784
vt 0.800581 0.039822
vt 0.792889 0.036188
vt 0.792984 0.039784
vt 0.784323 0.039823
vt 0.800581 0.039822
vt 0.590719 0.429389
vt 0.621686 0.429454
vt 0.818654 0.039766
vt 0.800599 0.036232
vt 0.800581 0.039822
vt 0.621019 0.460973
vt 0.590171 0.460346
vt 0.800581 0.039822
vt 0.800599 0.036232
vt 0.818654 0.039766
vt 0.596196 0.434294
vt 0.588523 0.460348
vt 0.589420 0.429319
vt 0.590719 0.429389
vt 0.590171 0.460346
vt 0.792889 0.036188
vt 0.784433 0.036292
vt 0.784323 0.039823
vt 0.792984 0.039784
vt 0.792984 0.039784
vt 0.800581 0.039822
vt 0.792889 0.036188
vt 0.792984 0.039784
vt 0.784323 0.039823
vt 0.800581 0.039822
vt 0.590719 0.429389
vt 0.621679 0.429456
vt 0.818654 0.039766
vt 0.800599 0.036232
vt 0.800581 0.039822
vt 0.621019 0.460973
vt 0.590171 0.460346
vt 0.800581 0.039822
vt 0.800599 0.036232
vt 0.818654 0.039766
vt 0.596196 0.434294
vt 0.588523 0.460348
vt 0.589420 0.429319
vt 0.590719 0.429389
vt 0.590171 0.460346
vt 0.792889 0.036188
vt 0.784433 0.036292
vt 0.784323 0.039823
vt 0.792984 0.039784
vt 0.223248 0.257793
vt 0.250394 0.257793
vt 0.614733 0.066771
vt 0.607862 0.066764
vt 0.607880 0.060154
vt 0.607880 0.060154
vt 0.607862 0.066764
vt 0.614733 0.066771
vt 0.226778 0.267660
vt 0.226778 0.260711
vt 0.253923 0.260711
vt 0.253923 0.267659
vt 0.614733 0.066771
vt 0.607862 0.066764
vt 0.607880 0.060154
vt 0.607880 0.060154
vt 0.607862 0.066764
vt 0.614733 0.066771
vt 0.614733 0.066771
vt 0.227330 0.260107
vt 0.254475 0.260041
vt 0.254495 0.267025
vt 0.614733 0.066771
vt 0.607862 0.066764
vt 0.607880 0.060154
vt 0.607880 0.060154
vt 0.607862 0.066764
vt 0.614733 0.066771
vt 0.227312 0.265867
vt 0.227292 0.259010
vt 0.254437 0.258944
vt 0.254457 0.265801
vt 0.614733 0.066771
vt 0.607862 0.066764
vt 0.607880 0.060154
vt 0.607880 0.060154
vt 0.607862 0.066764
vt 0.614733 0.066771
vt 0.227863 0.265890
vt 0.227843 0.258941
vt 0.254988 0.258875
vt 0.255008 0.265823
vt 0.614733 0.066771
vt 0.607862 0.066764
vt 0.607880 0.060154
vt 0.607880 0.060154
vt 0.607862 0.066764
vt 0.614733 0.066771
vt 0.724609 0.003930
vt 0.724649 0.031075
vt 0.718787 0.031084
vt 0.226190 0.268044
vt 0.226182 0.261158
vt 0.253327 0.261121
vt 0.253335 0.268044
vt 0.607880 0.060154
vt 0.607862 0.066764
vt 0.614733 0.066771
vt 0.226943 0.267381
vt 0.226918 0.260439
vt 0.254063 0.260360
vt 0.254088 0.267315
vt 0.614733 0.066771
vt 0.607862 0.066764
vt 0.607880 0.060154
vt 0.607880 0.060154
vt 0.607862 0.066764
vt 0.614733 0.066771
vt 0.227191 0.265305
vt 0.227167 0.258357
vt 0.254312 0.258278
vt 0.254336 0.265226
vt 0.614733 0.066771
vt 0.607862 0.066764
vt 0.607880 0.060154
vt 0.607880 0.060154
vt 0.607862 0.066764
vt 0.614733 0.066771
vt 0.614733 0.066771
vt 0.225568 0.257459
vt 0.252713 0.257313
vt 0.252759 0.264297
vt 0.614733 0.066771
vt 0.607862 0.066764
vt 0.607880 0.060154
vt 0.607880 0.060154
vt 0.607862 0.066764
vt 0.614733 0.066771
vt 0.801675 0.003665
vt 0.801795 0.030810
vt 0.795933 0.030839
vt 0.227440 0.265690
vt 0.227408 0.258804
vt 0.254553 0.258688
vt 0.254585 0.265611
vt 0.607880 0.060154
vt 0.607862 0.066764
vt 0.614733 0.066771
vt 0.951539 0.951607
vt 0.949553 0.867819
vt 0.951391 0.867811
vt 0.951539 0.951607
vt 0.186556 0.088315
vt 0.186556 0.088315
vt 0.110791 0.088473
vt 0.111101 0.085941
vt 0.110791 0.088473
vt 0.104411 0.088566
vt 0.105031 0.086665
vt 0.111101 0.085941
vt 0.110791 0.088473
vt 0.953752 0.861291
vt 0.951391 0.867811
vt 0.949553 0.867819
vt 0.448584 0.349303
vt 0.448574 0.347833
vt 0.448601 0.366187
vt 0.434713 0.349269
vt 0.433137 0.349249
vt 0.433179 0.364685
vt 0.434668 0.364685
vt 0.434668 0.364685
vt 0.448610 0.364650
vt 0.448584 0.349303
vt 0.434713 0.349269
vt 0.448584 0.349303
vt 0.448574 0.347833
vt 0.448601 0.366187
vt 0.434713 0.349269
vt 0.433137 0.349249
vt 0.433179 0.364685
vt 0.434668 0.364685
vt 0.434668 0.364685
vt 0.448610 0.364650
vt 0.448584 0.349303
vt 0.434713 0.349269
vt 0.015994 0.602410
vt 0.008721 0.537345
vt 0.015994 0.602410
vt 0.013813 0.536386
vt 0.015994 0.602410
vt 0.024148 0.539912
vt 0.019050 0.537232
vt 0.015994 0.602410
vt 0.003745 0.540111
vt 0.015994 0.602410
vt 0.008721 0.537345
vt 0.015994 0.602410
vt 0.019050 0.537232
vt 0.013813 0.536386
vt 0.015994 0.602410
vt 0.003745 0.540111
vt 0.015994 0.602410
vt 0.008721 0.537345
vt 0.015994 0.602410
vt 0.019050 0.537232
vt 0.013813 0.536386
vt 0.015994 0.602410
vt 0.008721 0.537345
vt 0.015994 0.602410
vt 0.013813 0.536386
vt 0.015994 0.602410
vt 0.024148 0.539912
vt 0.019050 0.537232
vt 0.448584 0.349303
vt 0.448574 0.347833
vt 0.448601 0.366187
vt 0.434713 0.349269
vt 0.433137 0.349249
vt 0.433179 0.364685
vt 0.434668 0.364685
vt 0.434668 0.364685
vt 0.448610 0.364650
vt 0.448584 0.349303
vt 0.434713 0.349269
vt 0.448584 0.349303
vt 0.448574 0.347833
vt 0.448601 0.366187
vt 0.434713 0.349269
vt 0.433137 0.349249
vt 0.433179 0.364685
vt 0.434668 0.364685
vt 0.434668 0.364685
vt 0.448610 0.364650
vt 0.448584 0.349303
vt 0.434713 0.349269
vt 0.448584 0.349303
vt 0.448574 0.347833
vt 0.448601 0.366187
vt 0.434713 0.349269
vt 0.433137 0.349249
vt 0.433179 0.364685
vt 0.434668 0.364685
vt 0.434668 0.364685
vt 0.448610 0.364650
vt 0.448584 0.349303
vt 0.434713 0.349269
vt 0.448584 0.349303
vt 0.448574 0.347833
vt 0.448601 0.366187
vt 0.434713 0.349269
vt 0.433137 0.349249
vt 0.433179 0.364685
vt 0.434668 0.364685
vt 0.434668 0.364685
vt 0.448610 0.364650
vt 0.448584 0.349303
vt 0.434713 0.349269
vt 0.448584 0.349303
vt 0.448574 0.347833
vt 0.448601 0.366187
vt 0.434713 0.349269
vt 0.433137 0.349249
vt 0.433179 0.364685
vt 0.434668 0.364685
vt 0.434668 0.364685
vt 0.448610 0.364650
vt 0.448584 0.349303
vt 0.434713 0.349269
vt 0.448584 0.349303
vt 0.448574 0.347833
vt 0.448601 0.366187
vt 0.434713 0.349269
vt 0.433137 0.349249
vt 0.433179 0.364685
vt 0.434668 0.364685
vt 0.434668 0.364685
vt 0.448610 0.364650
vt 0.448584 0.349303
vt 0.434713 0.349269
vt 0.448584 0.349303
vt 0.448574 0.347833
vt 0.448601 0.366187
vt 0.433179 0.364685
vt 0.433137 0.349249
vt 0.434713 0.349269
vt 0.434668 0.364685
vt 0.448584 0.349303
vt 0.448610 0.364650
vt 0.434668 0.364685
vt 0.434713 0.349269
vt 0.448584 0.349303
vt 0.448574 0.347833
vt 0.448601 0.366187
vt 0.433179 0.364685
vt 0.433137 0.349249
vt 0.434713 0.349269
vt 0.434668 0.364685
vt 0.448584 0.349303
vt 0.448610 0.364650
vt 0.434668 0.364685
vt 0.434713 0.349269
vt 0.015994 0.602410
vt 0.008721 0.537345
vt 0.015994 0.602410
vt 0.013813 0.536386
vt 0.015994 0.602410
vt 0.019050 0.537232
vt 0.024148 0.539912
vt 0.015994 0.602410
vt 0.003745 0.540111
vt 0.015994 0.602410
vt 0.008721 0.537345
vt 0.015994 0.602410
vt 0.013813 0.536386
vt 0.019050 0.537232
vt 0.015994 0.602410
vt 0.003745 0.540111
vt 0.015994 0.602410
vt 0.008721 0.537345
vt 0.015994 0.602410
vt 0.013813 0.536386
vt 0.019050 0.537232
vt 0.015994 0.602410
vt 0.008721 0.537345
vt 0.015994 0.602410
vt 0.013813 0.536386
vt 0.015994 0.602410
vt 0.019050 0.537232
vt 0.024148 0.539912
vt 0.448584 0.349303
vt 0.448574 0.347833
vt 0.448601 0.366187
vt 0.433179 0.364685
vt 0.433137 0.349249
vt 0.434713 0.349269
vt 0.434668 0.364685
vt 0.448584 0.349303
vt 0.448610 0.364650
vt 0.434668 0.364685
vt 0.434713 0.349269
vt 0.448584 0.349303
vt 0.448574 0.347833
vt 0.448601 0.366187
vt 0.433179 0.364685
vt 0.433137 0.349249
vt 0.434713 0.349269
vt 0.434668 0.364685
vt 0.448584 0.349303
vt 0.448610 0.364650
vt 0.434668 0.364685
vt 0.434713 0.349269
vt 0.448584 0.349303
vt 0.448574 0.347833
vt 0.448601 0.366187
vt 0.433179 0.364685
vt 0.433137 0.349249
vt 0.434713 0.349269
vt 0.434668 0.364685
vt 0.448584 0.349303
vt 0.448610 0.364650
vt 0.434668 0.364685
vt 0.434713 0.349269
vt 0.448584 0.349303
vt 0.448574 0.347833
vt 0.448601 0.366187
vt 0.433179 0.364685
vt 0.433137 0.349249
vt 0.434713 0.349269
vt 0.434668 0.364685
vt 0.448584 0.349303
vt 0.448610 0.364650
vt 0.434668 0.364685
vt 0.434713 0.349269
vt 0.448584 0.349303
vt 0.448574 0.347833
vt 0.448601 0.366187
vt 0.433179 0.364685
vt 0.433137 0.349249
vt 0.434713 0.349269
vt 0.434668 0.364685
vt 0.448584 0.349303
vt 0.448610 0.364650
vt 0.434668 0.364685
vt 0.434713 0.349269
vt 0.448584 0.349303
vt 0.448574 0.347833
vt 0.448601 0.366187
vt 0.433179 0.364685
vt 0.433137 0.349249
vt 0.434713 0.349269
vt 0.434668 0.364685
vt 0.448584 0.349303
vt 0.448610 0.364650
vt 0.434668 0.364685
vt 0.434713 0.349269
vt 0.957976 0.400217
vt 0.966828 0.400198
vt 0.967523 0.262997
vt 0.960650 0.268197
vt 0.967522 0.253778
vt 0.958264 0.287289
vt 0.958264 0.278109
vt 0.965190 0.272822
vt 0.966634 0.296707
vt 0.957861 0.296767
vt 0.961556 0.285517
vt 0.967230 0.265764
vt 0.961556 0.270696
vt 0.967863 0.265288
vt 0.957874 0.282856
vt 0.967876 0.273473
vt 0.957976 0.400217
vt 0.966828 0.400198
vt 0.957976 0.400217
vt 0.966828 0.400198
vt 0.957976 0.400217
vt 0.966828 0.400198
vt 0.957976 0.400217
vt 0.966828 0.400198
vt 0.958264 0.287289
vt 0.965190 0.272822
vt 0.958264 0.278109
vt 0.958264 0.287289
vt 0.965190 0.272822
vt 0.958264 0.278109
vt 0.967522 0.253778
vt 0.960650 0.268197
vt 0.967523 0.262997
vt 0.967522 0.253778
vt 0.960650 0.268197
vt 0.967523 0.262997
vt 0.958264 0.287289
vt 0.965190 0.272822
vt 0.958264 0.278109
vt 0.958264 0.287289
vt 0.965190 0.272822
vt 0.958264 0.278109
vt 0.967522 0.253778
vt 0.960650 0.268197
vt 0.967523 0.262997
vt 0.967522 0.253778
vt 0.960650 0.268197
vt 0.967523 0.262997
vt 0.966634 0.296707
vt 0.957861 0.296767
vt 0.966993 0.303058
vt 0.958219 0.302997
vt 0.966993 0.303058
vt 0.958219 0.302997
vt 0.957874 0.282856
vt 0.967863 0.265288
vt 0.967876 0.273473
vt 0.957874 0.282856
vt 0.967863 0.265288
vt 0.967876 0.273473
vt 0.961556 0.285517
vt 0.967230 0.265764
vt 0.961556 0.270696
vt 0.967863 0.265288
vt 0.957874 0.282856
vt 0.967876 0.273473
vt 0.967230 0.265764
vt 0.961556 0.285517
vt 0.961556 0.270696
vt 0.967230 0.265764
vt 0.961556 0.285517
vt 0.961556 0.270696
vt 0.957976 0.400217
vt 0.966828 0.400198
vt 0.957976 0.400217
vt 0.966828 0.400198
vt 0.957976 0.400217
vt 0.966828 0.400198
vt 0.957976 0.400217
vt 0.966828 0.400198
vt 0.958264 0.287289
vt 0.965190 0.272822
vt 0.958264 0.278109
vt 0.958264 0.287289
vt 0.965190 0.272822
vt 0.958264 0.278109
vt 0.967522 0.253778
vt 0.960650 0.268197
vt 0.967523 0.262997
vt 0.967522 0.253778
vt 0.960650 0.268197
vt 0.967523 0.262997
vt 0.958264 0.287289
vt 0.965190 0.272822
vt 0.958264 0.278109
vt 0.958264 0.287289
vt 0.965190 0.272822
vt 0.958264 0.278109
vt 0.967522 0.253778
vt 0.960650 0.268197
vt 0.967523 0.262997
vt 0.967522 0.253778
vt 0.960650 0.268197
vt 0.967523 0.262997
vt 0.957976 0.400217
vt 0.966828 0.400198
vt 0.967523 0.262997
vt 0.967522 0.253778
vt 0.960650 0.268197
vt 0.958264 0.287289
vt 0.965190 0.272822
vt 0.958264 0.278109
vt 0.966634 0.296707
vt 0.957861 0.296767
vt 0.961556 0.285517
vt 0.961556 0.270696
vt 0.967230 0.265764
vt 0.967863 0.265288
vt 0.967876 0.273473
vt 0.957874 0.282856
vt 0.957976 0.400217
vt 0.966828 0.400198
vt 0.957976 0.400217
vt 0.966828 0.400198
vt 0.957976 0.400217
vt 0.966828 0.400198
vt 0.957976 0.400217
vt 0.966828 0.400198
vt 0.958264 0.287289
vt 0.958264 0.278109
vt 0.965190 0.272822
vt 0.958264 0.287289
vt 0.958264 0.278109
vt 0.965190 0.272822
vt 0.967522 0.253778
vt 0.967523 0.262997
vt 0.960650 0.268197
vt 0.967522 0.253778
vt 0.967523 0.262997
vt 0.960650 0.268197
vt 0.958264 0.287289
vt 0.958264 0.278109
vt 0.965190 0.272822
vt 0.958264 0.287289
vt 0.958264 0.278109
vt 0.965190 0.272822
vt 0.967522 0.253778
vt 0.967523 0.262997
vt 0.960650 0.268197
vt 0.967522 0.253778
vt 0.967523 0.262997
vt 0.960650 0.268197
vt 0.966634 0.296707
vt 0.957861 0.296767
vt 0.966993 0.303058
vt 0.958219 0.302997
vt 0.966993 0.303058
vt 0.958219 0.302997
vt 0.957874 0.282856
vt 0.967876 0.273473
vt 0.967863 0.265288
vt 0.957874 0.282856
vt 0.967876 0.273473
vt 0.967863 0.265288
vt 0.961556 0.285517
vt 0.961556 0.270696
vt 0.967230 0.265764
vt 0.967863 0.265288
vt 0.967876 0.273473
vt 0.957874 0.282856
vt 0.967230 0.265764
vt 0.961556 0.270696
vt 0.961556 0.285517
vt 0.967230 0.265764
vt 0.961556 0.270696
vt 0.961556 0.285517
vt 0.957976 0.400217
vt 0.966828 0.400198
vt 0.957976 0.400217
vt 0.966828 0.400198
vt 0.957976 0.400217
vt 0.966828 0.400198
vt 0.957976 0.400217
vt 0.966828 0.400198
vt 0.958264 0.287289
vt 0.958264 0.278109
vt 0.965190 0.272822
vt 0.958264 0.287289
vt 0.958264 0.278109
vt 0.965190 0.272822
vt 0.967522 0.253778
vt 0.967523 0.262997
vt 0.960650 0.268197
vt 0.967522 0.253778
vt 0.967523 0.262997
vt 0.960650 0.268197
vt 0.958264 0.287289
vt 0.958264 0.278109
vt 0.965190 0.272822
vt 0.958264 0.287289
vt 0.958264 0.278109
vt 0.965190 0.272822
vt 0.967522 0.253778
vt 0.967523 0.262997
vt 0.960650 0.268197
vt 0.967522 0.253778
vt 0.967523 0.262997
vt 0.960650 0.268197
vt 0.564445 0.208579
vt 0.541715 0.208589
vt 0.564476 0.194843
vt 0.541686 0.194847
vt 0.564460 0.199777
vt 0.541670 0.199753
vt 0.541702 0.203546
vt 0.564472 0.203557
vt 0.541702 0.203546
vt 0.538226 0.203559
vt 0.538231 0.208600
vt 0.538231 0.208600
vt 0.541715 0.208589
vt 0.541702 0.203546
vt 0.989171 0.200278
vt 0.986667 0.196735
vt 0.981594 0.202740
vt 0.983985 0.199082
vt 0.979031 0.199341
vt 0.981437 0.195703
vt 0.978725 0.193414
vt 0.976303 0.197039
vt 0.984071 0.193306
vt 0.981437 0.195703
vt 0.983985 0.199082
vt 0.983985 0.199082
vt 0.986667 0.196735
vt 0.984071 0.193306
vt 0.979031 0.199341
vt 0.976303 0.197039
vt 0.973812 0.200587
vt 0.976584 0.202841
vt 0.564445 0.208579
vt 0.541715 0.208589
vt 0.564476 0.194843
vt 0.541686 0.194847
vt 0.564460 0.199777
vt 0.541670 0.199753
vt 0.541702 0.203546
vt 0.564472 0.203557
vt 0.541702 0.203546
vt 0.538226 0.203559
vt 0.538231 0.208600
vt 0.538231 0.208600
vt 0.541715 0.208589
vt 0.541702 0.203546
vt 0.989171 0.200278
vt 0.986667 0.196735
vt 0.981594 0.202740
vt 0.983985 0.199082
vt 0.979031 0.199341
vt 0.981437 0.195703
vt 0.978725 0.193414
vt 0.976303 0.197039
vt 0.984071 0.193306
vt 0.981437 0.195703
vt 0.983985 0.199082
vt 0.983985 0.199082
vt 0.986667 0.196735
vt 0.984071 0.193306
vt 0.979031 0.199341
vt 0.976303 0.197039
vt 0.973812 0.200587
vt 0.976584 0.202841
vt 0.564445 0.208579
vt 0.541715 0.208589
vt 0.564476 0.194843
vt 0.541686 0.194847
vt 0.564460 0.199777
vt 0.541670 0.199753
vt 0.541702 0.203546
vt 0.564472 0.203557
vt 0.541702 0.203546
vt 0.538226 0.203559
vt 0.538231 0.208600
vt 0.538231 0.208600
vt 0.541715 0.208589
vt 0.541702 0.203546
vt 0.989171 0.200278
vt 0.986667 0.196735
vt 0.981594 0.202740
vt 0.983985 0.199082
vt 0.979031 0.199341
vt 0.981437 0.195703
vt 0.978725 0.193414
vt 0.976303 0.197039
vt 0.984071 0.193306
vt 0.981437 0.195703
vt 0.983985 0.199082
vt 0.983985 0.199082
vt 0.986667 0.196735
vt 0.984071 0.193306
vt 0.979031 0.199341
vt 0.976303 0.197039
vt 0.973812 0.200587
vt 0.976584 0.202841
vt 0.564445 0.208579
vt 0.541715 0.208589
vt 0.564476 0.194843
vt 0.541686 0.194847
vt 0.541702 0.203546
vt 0.541670 0.199753
vt 0.564460 0.199777
vt 0.564472 0.203557
vt 0.538231 0.208600
vt 0.538226 0.203559
vt 0.541702 0.203546
vt 0.541702 0.203546
vt 0.541715 0.208589
vt 0.538231 0.208600
vt 0.989171 0.200278
vt 0.986667 0.196735
vt 0.981594 0.202740
vt 0.983985 0.199082
vt 0.978725 0.193414
vt 0.981437 0.195703
vt 0.979031 0.199341
vt 0.976303 0.197039
vt 0.983985 0.199082
vt 0.981437 0.195703
vt 0.984071 0.193306
vt 0.984071 0.193306
vt 0.986667 0.196735
vt 0.983985 0.199082
vt 0.973812 0.200587
vt 0.976303 0.197039
vt 0.979031 0.199341
vt 0.976584 0.202841
vt 0.445135 0.789508
vt 0.445165 0.852312
vt 0.438172 0.852066
vt 0.445065 0.789935
vt 0.445135 0.789508
vt 0.445165 0.852312
vt 0.448215 0.852304
vt 0.448185 0.789500
vt 0.445135 0.789508
vt 0.445165 0.852312
vt 0.445135 0.789508
vt 0.445165 0.852312
vt 0.448215 0.852304
vt 0.448185 0.789500
vt 0.445065 0.789935
vt 0.445066 0.852066
vt 0.438172 0.852066
vt 0.445065 0.789935
vt 0.445135 0.789508
vt 0.445165 0.852312
vt 0.448215 0.852304
vt 0.448185 0.789500
vt 0.024148 0.539912
vt 0.015994 0.602410
vt 0.019050 0.537232
vt 0.015994 0.602410
vt 0.013813 0.536386
vt 0.015994 0.602410
vt 0.008721 0.537345
vt 0.015994 0.602410
vt 0.003745 0.540111
vt 0.024148 0.539912
vt 0.015994 0.602410
vt 0.019050 0.537232
vt 0.015994 0.602410
vt 0.013813 0.536386
vt 0.015994 0.602410
vt 0.008721 0.537345
vt 0.003745 0.540111
vt 0.015994 0.602410
vt 0.735373 1.470157
vt 0.755623 1.478995
vt 0.610253 1.276144
vt 0.579820 1.281455
vt 0.755876 1.477553
vt 0.749494 1.499971
vt 0.727875 1.497629
vt 0.735836 1.470309
vt 0.709080 1.475563
vt 0.721221 1.475481
vt 0.721107 1.489916
vt 0.709131 1.489916
vt 0.749472 1.499620
vt 0.727793 1.498193
vt 0.735373 1.470157
vt 0.755623 1.478995
vt 0.727875 1.497629
vt 0.735836 1.470309
vt 0.755876 1.477553
vt 0.749494 1.499971
vt 0.721221 1.475481
vt 0.721107 1.489916
vt 0.709131 1.489916
vt 0.709080 1.475563
vt 0.749472 1.499620
vt 0.727793 1.498193
vt 0.735373 1.470157
vt 0.755623 1.478995
vt 0.610253 1.276144
vt 0.579820 1.281455
vt 0.755876 1.477553
vt 0.749494 1.499971
vt 0.727875 1.497629
vt 0.735836 1.470309
vt 0.735373 1.470157
vt 0.755623 1.478995
vt 0.749472 1.499620
vt 0.727793 1.498193
vt 0.727875 1.497629
vt 0.735836 1.470309
vt 0.755876 1.477553
vt 0.749494 1.499971
vt 0.735373 1.470157
vt 0.755623 1.478995
vt 0.749472 1.499620
vt 0.727793 1.498193
vt 0.735373 1.470157
vt 0.755623 1.478995
vt 0.727875 1.497629
vt 0.735836 1.470309
vt 0.755876 1.477553
vt 0.749494 1.499971
vt 0.610253 1.276144
vt 0.579820 1.281455
vt 0.580360 1.242910
vt 0.611444 1.247598
vt 0.755876 1.477553
vt 0.749494 1.499971
vt 0.727875 1.497629
vt 0.735836 1.470309
vt 0.735373 1.470157
vt 0.755623 1.478995
vt 0.749472 1.499620
vt 0.727793 1.498193
vt 0.727875 1.497629
vt 0.735836 1.470309
vt 0.755876 1.477553
vt 0.749494 1.499971
vt 0.727875 1.497629
vt 0.735836 1.470309
vt 0.755876 1.477553
vt 0.749494 1.499971
vt 0.709131 1.489916
vt 0.709080 1.475563
vt 0.721221 1.475481
vt 0.721107 1.489916
vt 0.709131 1.489916
vt 0.709080 1.475563
vt 0.721221 1.475481
vt 0.721107 1.489916
vt 0.709080 1.475563
vt 0.721221 1.475481
vt 0.721107 1.489916
vt 0.709131 1.489916
vt 0.721221 1.475481
vt 0.721107 1.489916
vt 0.709131 1.489916
vt 0.709080 1.475563
vt 0.721107 1.489916
vt 0.709131 1.489916
vt 0.709080 1.475563
vt 0.721221 1.475481
vt 0.721221 1.475481
vt 0.721107 1.489916
vt 0.709131 1.489916
vt 0.709080 1.475563
vt 0.735373 1.470157
vt 0.755623 1.478995
vt 0.610253 1.276144
vt 0.579820 1.281455
vt 0.755876 1.477553
vt 0.749494 1.499971
vt 0.727875 1.497629
vt 0.735836 1.470309
vt 0.709080 1.475563
vt 0.721221 1.475481
vt 0.721107 1.489916
vt 0.709131 1.489916
vt 0.749472 1.499620
vt 0.727793 1.498193
vt 0.735373 1.470157
vt 0.755623 1.478995
vt 0.727875 1.497629
vt 0.735836 1.470309
vt 0.755876 1.477553
vt 0.749494 1.499971
vt 0.721221 1.475481
vt 0.721107 1.489916
vt 0.709131 1.489916
vt 0.709080 1.475563
vt 0.749472 1.499620
vt 0.727793 1.498193
vt 0.735373 1.470157
vt 0.755623 1.478995
vt 0.610253 1.276144
vt 0.579820 1.281455
vt 0.755876 1.477553
vt 0.749494 1.499971
vt 0.727875 1.497629
vt 0.735836 1.470309
vt 0.735373 1.470157
vt 0.755623 1.478995
vt 0.749472 1.499620
vt 0.727793 1.498193
vt 0.727875 1.497629
vt 0.735836 1.470309
vt 0.755876 1.477553
vt 0.749494 1.499971
vt 0.735373 1.470157
vt 0.755623 1.478995
vt 0.749472 1.499620
vt 0.727793 1.498193
vt 0.735373 1.470157
vt 0.755623 1.478995
vt 0.727875 1.497629
vt 0.735836 1.470309
vt 0.755876 1.477553
vt 0.749494 1.499971
vt 0.610253 1.276144
vt 0.579820 1.281455
vt 0.580360 1.242910
vt 0.611444 1.247598
vt 0.755876 1.477553
vt 0.749494 1.499971
vt 0.727875 1.497629
vt 0.735836 1.470309
vt 0.735373 1.470157
vt 0.755623 1.478995
vt 0.749472 1.499620
vt 0.727793 1.498193
vt 0.727875 1.497629
vt 0.735836 1.470309
vt 0.755876 1.477553
vt 0.749494 1.499971
vt 0.727875 1.497629
vt 0.735836 1.470309
vt 0.755876 1.477553
vt 0.749494 1.499971
vt 0.709131 1.489916
vt 0.709080 1.475563
vt 0.721221 1.475481
vt 0.721107 1.489916
vt 0.709131 1.489916
vt 0.709080 1.475563
vt 0.721221 1.475481
vt 0.721107 1.489916
vt 0.709080 1.475563
vt 0.721221 1.475481
vt 0.721107 1.489916
vt 0.709131 1.489916
vt 0.721221 1.475481
vt 0.721107 1.489916
vt 0.709131 1.489916
vt 0.709080 1.475563
vt 0.721107 1.489916
vt 0.709131 1.489916
vt 0.709080 1.475563
vt 0.721221 1.475481
vt 0.721221 1.475481
vt 0.721107 1.489916
vt 0.709131 1.489916
vt 0.709080 1.475563
vt 0.658647 0.033591
vt 0.681600 0.003049
vt 0.563965 0.003049
vt 0.563965 0.033591
vt 0.563965 0.033591
vt 0.586918 0.003049
vt 0.633754 0.003728
vt 0.633754 0.034269
vt 0.633754 0.034269
vt 0.658862 0.003728
vt 0.658862 0.003728
vt 0.658862 0.034269
vt 0.658647 0.003049
vt 0.633539 0.003049
vt 0.633539 0.033591
vt 0.633539 0.033591
vt 0.658647 0.033591
vt 0.658647 0.003049
vt 0.681600 0.003049
vt 0.658647 0.033591
vt 0.563965 0.033591
vt 0.563965 0.003049
vt 0.586918 0.003049
vt 0.563965 0.033591
vt 0.633754 0.034269
vt 0.633754 0.003728
vt 0.658862 0.003728
vt 0.633754 0.034269
vt 0.658862 0.034269
vt 0.658862 0.003728
vt 0.633539 0.033591
vt 0.633539 0.003049
vt 0.658647 0.003049
vt 0.658647 0.003049
vt 0.658647 0.033591
vt 0.633539 0.033591
vt 0.929871 0.795851
vt 0.970176 0.818679
vt 0.970176 0.795825
vt 0.929948 0.795851
vt 0.929948 0.795851
vt 0.970102 0.818528
vt 0.970192 0.818558
vt 0.929956 0.818708
vt 0.970176 0.818679
vt 0.929871 0.795851
vt 0.929948 0.795851
vt 0.970176 0.795825
vt 0.970102 0.818528
vt 0.929948 0.795851
vt 0.970192 0.818558
vt 0.929956 0.818708
vt 0.970176 0.818679
vt 0.929871 0.795851
vt 0.929948 0.795851
vt 0.970176 0.795825
vt 0.970175 0.818762
vt 0.929956 0.795952
vt 0.970192 0.818558
vt 0.929956 0.818708
vt 0.929948 0.795851
vt 0.970176 0.795825
vt 0.970175 0.818762
vt 0.929956 0.795952
vt 0.970192 0.818558
vt 0.970192 0.818558
vt 0.929956 0.818708
vt 0.929866 0.795918
vt 0.563965 0.033591
vt 0.586918 0.003049
vt 0.681600 0.003049
vt 0.681600 0.033591
vt 0.658647 0.033591
vt 0.658647 0.003049
vt 0.633754 0.034269
vt 0.658862 0.003728
vt 0.658862 0.034269
vt 0.658862 0.034269
vt 0.658862 0.003728
vt 0.680376 0.003728
vt 0.445165 0.852312
vt 0.445135 0.789508
vt 0.445065 0.789935
vt 0.438172 0.852066
vt 0.448215 0.852304
vt 0.445165 0.852312
vt 0.445135 0.789508
vt 0.448185 0.789500
vt 0.445165 0.852312
vt 0.445135 0.789508
vt 0.448215 0.852304
vt 0.445165 0.852312
vt 0.445135 0.789508
vt 0.448185 0.789500
vt 0.445066 0.852066
vt 0.445065 0.789935
vt 0.445065 0.789935
vt 0.438172 0.852066
vt 0.448215 0.852304
vt 0.445165 0.852312
vt 0.445135 0.789508
vt 0.448185 0.789500
vn 0.004197 -0.34450699999999995 0.938774
vn -0.00877 -0.31971799999999995 0.947472
vn -0.001383 0.922765 0.3853599999999999
vn -0.004105 0.941337 0.33744399999999997
vn -0.00519 0.945603 0.32528299999999993
vn -0.00247 0.917766 0.39711399999999997
vn 0.999009 2.7248391281028606E-18 0.0445
vn -0.999895 8.884812527814048E-19 0.01451
vn 0.004197 -0.34450699999999995 0.938774
vn -0.00877 -0.31971799999999995 0.947472
vn -0.000296 0.927613 0.37354299999999996
vn -0.00302 0.936913 0.34954799999999997
vn -0.001383 0.922765 0.3853599999999999
vn -0.004105 0.941337 0.33744399999999997
vn 0.990732 8.31718873640925E-18 0.13583
vn 0.990732 8.31718873640925E-18 0.13583
vn 0.990732 8.31718873640925E-18 0.13583
vn 0 -0.99494 0.10047300000000006
vn -0.990732 8.31718873640925E-18 0.13583
vn -3.7E-05 -0.981612 0.19088900000000006
vn -7.4E-05 -0.981603 0.19093400000000005
vn -3.7E-05 -0.981612 0.19088900000000006
vn 0 -0.98162 0.19084300000000007
vn 0 -0.981736 0.19024900000000006
vn 0 -0.981736 0.19024900000000006
vn 0 -0.981736 0.19024900000000006
vn 0 -0.981736 0.19024900000000006
vn 0 0.981736 0.19024899999999995
vn 0 0.981736 0.19024899999999995
vn 0 0.981736 0.19024899999999995
vn 0 0.981736 0.19024899999999995
vn -3.7E-05 0.981589 0.19100699999999995
vn 0 0.981597 0.19096199999999994
vn -3.7E-05 0.981589 0.19100699999999995
vn -7.4E-05 0.98158 0.19105299999999995
vn -0.98088 3.600000000001192E-05 0.194612
vn -0.98089 -4.999999999988087E-06 0.194562
vn -0.981069 -3.899999999998814E-05 0.193658
vn -0.981078 -7.699999999998814E-05 0.193613
vn 0.980777 0.015047000000000012 0.194549
vn 0.980778 0.015048000000000013 0.194548
vn -0.97797 1.2782006036740669E-17 0.208746
vn -0.97797 1.2782006036740669E-17 0.208746
vn 0.978009 -0.0038579999999999873 0.208529
vn 0.978008 -0.0038589999999999874 0.20853
vn 0.002347 -0.981613 0.19087000000000007
vn 0.002392 -0.981623 0.19081500000000007
vn 0.978009 0.0038590000000000126 0.208525
vn 0.978009 0.0038550000000000125 0.208529
vn -0.977968 1.2782434663120371E-17 0.208753
vn -0.977968 3.0000000000127827E-06 0.208756
vn -1 0.000314 -0.00015600000000000002
vn -0.707234 -0.706979 -9.399999999995671E-05
vn -0.707235 -0.706978 -0.00010999999999995672
vn -1 0.000317 -0.00017800000000000002
vn 0.000894 0.999999 -0.0007110000000000613
vn 0.000894 0.999999 -0.0007110000000000613
vn -5E-05 -1 6.123233995736766E-17
vn -5E-05 -1 6.123233995736766E-17
vn -1 0.000317 -0.00013300000000000003
vn -0.707236 -0.706977 -9.399999999995671E-05
vn -0.707236 -0.706977 -9.399999999995671E-05
vn -1 0.000317 -0.00013400000000000003
vn 0.000894 0.999999 -0.0010660000000000613
vn 0.000944 0.999999 -0.0007110000000000613
vn -5E-05 -1 6.123233995736766E-17
vn -5E-05 -1 6.123233995736766E-17
vn -1 0.000312 -0.00016700000000000002
vn -0.707234 -0.706979 -0.00010999999999995672
vn -0.707226 -0.706988 -0.0002439999999999567
vn -1 0.000314 -0.00017800000000000002
vn 0.000894 0.999999 -0.0007110000000000613
vn 0.000894 0.999999 -0.0007110000000000613
vn -2.5E-05 -1 -0.00017799999999993876
vn 0 -1 -0.00035499999999993875
vn -1 0.000323 -0.00013300000000000003
vn -0.70724 -0.706974 -0.00010999999999995672
vn -0.707238 -0.706975 -9.399999999995671E-05
vn -1 0.00032 -0.00011100000000000001
vn 0.000894 0.999999 -0.0010660000000000613
vn 0.000944 0.999999 -0.0007110000000000613
vn -5E-05 -1 6.123233995736766E-17
vn -5E-05 -1 6.123233995736766E-17
vn -2.9E-05 0.976758 0.21434599999999995
vn -1.4E-05 0.976755 0.21435999999999994
vn 0 0.976748 0.21439199999999994
vn -2.9E-05 0.976758 0.21434599999999995
vn -2.9E-05 0.976758 0.21434599999999995
vn -1.4E-05 0.976756 0.21435599999999994
vn -3.8E-05 0.976757 0.21435099999999996
vn -1.4E-05 0.976756 0.21435599999999994
vn 3.7E-05 0.976756 0.21435599999999994
vn 3.7E-05 0.976756 0.21435599999999994
vn 0.767583 0.13738299999999998 -0.626053
vn 0.767583 0.13738299999999998 -0.626053
vn 0.441468 0.19232599999999994 -0.876423
vn -0.767582 0.13738399999999998 -0.626054
vn -0.767587 0.13739899999999997 -0.626045
vn -0.767587 0.13739899999999997 -0.626045
vn 1 0 0
vn 1 0 0
vn -1 1.8369701987210298E-22 3E-06
vn -1 0 0
vn -1 0 0
vn 1 0 0
vn -0.984286 1.0000000000108125E-06 0.176584
vn -0.984286 -1.9999999999891875E-06 0.176581
vn -0.984285 2.000000000010813E-06 0.17659
vn -0.984286 1.0000000000108125E-06 0.176584
vn -0.984286 1.0000000000108125E-06 0.176584
vn -0.984286 2.300000000001081E-05 0.176582
vn -0.984286 1.600000000001081E-05 0.17658
vn -0.984286 2.300000000001081E-05 0.176582
vn -0.984287 -3.0999999999989186E-05 0.176579
vn -0.984287 -3.0999999999989186E-05 0.176579
vn -0.113274 0.767564 -0.630883
vn -0.113274 0.767564 -0.630883
vn -0.158489 0.44147999999999993 -0.883163
vn -0.113177 -0.767592 -0.630868
vn -0.113176 -0.767591 -0.630868
vn -0.113176 -0.767591 -0.630868
vn 0 1 -6.123233995736766E-17
vn 0 1 -6.123233995736766E-17
vn 0 -1 6.123233995736766E-17
vn 0 -1 6.123233995736766E-17
vn 0 -1 6.123233995736766E-17
vn 0 1 -6.123233995736766E-17
vn -3.6E-05 -0.982832 0.18450000000000005
vn -2E-06 -0.982838 0.18447300000000005
vn 0 -0.982838 0.18446800000000005
vn -3.6E-05 -0.982832 0.18450000000000005
vn -3.6E-05 -0.982832 0.18450000000000005
vn -3.8E-05 -0.982835 0.18448500000000007
vn -8.2E-05 -0.982834 0.18449200000000004
vn -3.8E-05 -0.982835 0.18448500000000007
vn 8.2E-05 -0.982835 0.18448500000000007
vn 8.2E-05 -0.982835 0.18448500000000007
vn -0.811433 -0.14525200000000002 -0.566109
vn -0.811433 -0.14525200000000002 -0.566109
vn -0.495473 -0.21587900000000004 -0.84137
vn 0.81144 -0.14525000000000002 -0.566098
vn 0.811436 -0.14523100000000003 -0.566109
vn 0.811436 -0.14523100000000003 -0.566109
vn -1 0 0
vn -1 0 0
vn 1 0 0
vn 1 0 0
vn 1 0 0
vn -1 0 0
vn 0.940507 -2.080515707667464E-17 -0.339774
vn 1 0 0
vn 0.571511 -0.812533 0.11473500000000006
vn 0.571511 -0.812533 0.11473500000000006
vn 0.571511 -0.812533 0.11473500000000006
vn -0.571516 -0.81253 0.11473500000000006
vn -0.941817 0.315905 0.11482099999999999
vn 0 0.993398 0.11471999999999995
vn 0 -1 6.123233995736766E-17
vn 0.514499 -5.250618042238315E-17 -0.857491
vn 0 -1 6.123233995736766E-17
vn 0 -1 6.123233995736766E-17
vn 0.940507 -2.080515707667464E-17 -0.339774
vn 0.005819 -0.999983 0.0005030000000000612
vn 0.008729 -0.999962 0.0007540000000000613
vn 0.017458 -0.999846 0.0015080000000000612
vn -1 0 0
vn -1 0 0
vn -0.940507 2.080515707667464E-17 0.339774
vn -0.66631 4.565942509771013E-17 0.745675
vn -0.514497 -5.250624165472311E-17 -0.857492
vn -0.940507 -2.080509584433468E-17 -0.339773
vn -1 0 0
vn -1 0 0
vn -0.000149 -1 0.0005030000000000612
vn 0 -1 6.123233995736766E-17
vn -0.005964 -0.999982 0.0005030000000000612
vn 0 -1 6.123233995736766E-17
vn 0 -1 6.123233995736766E-17
vn 0 -1 6.123233995736766E-17
vn -0.008946 -0.99996 0.0007540000000000613
vn -0.017446 -0.999848 6.122303264169414E-17
vn 0.940507 2.080509584433468E-17 0.339773
vn 0.940507 2.080509584433468E-17 0.339773
vn 0.999993 -0.003676 2.250900816832835E-19
vn 0.666309 4.565948633005009E-17 0.745676
vn -0.994228 -0.107284 2.000000000006569E-06
vn -0.741796 -0.670625 7.000000000041064E-06
vn -0.868159 -0.496285 1.0000000000030389E-05
vn -0.994229 0.107282 -6.5691278953063174E-18
vn -0.588742 -0.808321 4.949538626667938E-17
vn -0.588743 -0.80832 7.000000000049495E-06
vn -0.951392 0.307982 -5.000000000018859E-06
vn -0.951392 0.307983 -1.8858519757089964E-17
vn 0 6.123233995736766E-17 1
vn 0 6.123233995736766E-17 1
vn 0 6.123233995736766E-17 1
vn 0 6.123233995736766E-17 1
vn 0.444197 5.4859829105664447E-17 0.895929
vn 0.893829 2.7457071095603315E-17 0.448408
vn 0.443928 5.4867973006878784E-17 0.896062
vn 0.893287 2.752314079041732E-17 0.449487
vn 0.999998 1.3275171302757307E-19 0.002168
vn 0.999998 1.3275171302757307E-19 0.002168
vn 0.432039 -0.0004909999999999448 0.901855
vn 0.892759 -0.0005439999999999725 0.450534
vn 0.431993 -0.0004929999999999448 0.901877
vn 0.892074 2.7670282103334874E-17 0.45189
vn 0 -1 6.123233995736766E-17
vn 0 -1 6.123233995736766E-17
vn 0.430862 5.525716575964781E-17 0.902418
vn 0.894533 2.73709171932833E-17 0.447001
vn 0.429418 5.5299293609538476E-17 0.903106
vn 0.891669 -9.699999999997228E-05 0.452687
vn 0.893651 -0.0005859999999999726 0.448762
vn 0.444079 5.4863441813721934E-17 0.895988
vn 0.893814 2.745884683346208E-17 0.448437
vn 0.445297 5.482639624804773E-17 0.895383
vn 0.896266 2.7157644953211793E-17 0.443518
vn 0.43124 -0.00024699999999994475 0.902237
vn 0.890362 -0.00024599999999997215 0.455253
vn 0.432272 -0.00024699999999994475 0.901743
vn 0.892237 2.76505652898686E-17 0.451568
vn 0.442867 -0.0003309999999999451 0.896587
vn 0.444199 5.485976787332449E-17 0.895928
vn 0.893828 2.745719356028323E-17 0.44841
vn 0.443153 5.489148622542241E-17 0.896446
vn 0.891724 -9.999999999722874E-07 0.45258
vn 0.432037 -0.0004909999999999448 0.901856
vn 0.892759 -0.0005439999999999725 0.450534
vn 0.43199 -0.0004929999999999448 0.901878
vn 0.892072 2.7670465800354742E-17 0.451893
vn 0 -1 6.123233995736766E-17
vn 0 -1 6.123233995736766E-17
vn -0.024155 6.121446011410011E-17 0.999708
vn -0.024155 6.121446011410011E-17 0.999708
vn 0.429419 5.5299232377198525E-17 0.903105
vn 0.891671 -9.699999999997228E-05 0.452684
vn 0.893652 -0.0005859999999999726 0.448759
vn 0.442868 -0.0003319999999999451 0.896587
vn -0.990732 8.31718873640925E-18 0.13583
vn -0.990732 8.31718873640925E-18 0.13583
vn -0.990732 8.31718873640925E-18 0.13583
vn 0 -0.99494 0.10047300000000006
vn 0.990732 8.31718873640925E-18 0.13583
vn 3.7E-05 -0.981612 0.19088900000000006
vn 7.4E-05 -0.981603 0.19093400000000005
vn 3.7E-05 -0.981612 0.19088900000000006
vn 0 -0.98162 0.19084300000000007
vn 0 -0.981736 0.19024900000000006
vn 0 -0.981736 0.19024900000000006
vn 0 -0.981736 0.19024900000000006
vn 0 -0.981736 0.19024900000000006
vn 0 0.981736 0.19024899999999995
vn 0 0.981736 0.19024899999999995
vn 0 0.981736 0.19024899999999995
vn 0 0.981736 0.19024899999999995
vn 3.7E-05 0.981589 0.19100699999999995
vn 0 0.981597 0.19096199999999994
vn 3.7E-05 0.981589 0.19100699999999995
vn 7.4E-05 0.98158 0.19105299999999995
vn 0.98088 3.600000000001192E-05 0.194612
vn 0.98089 -4.999999999988087E-06 0.194562
vn 0.981069 -3.899999999998814E-05 0.193658
vn 0.981078 -7.699999999998814E-05 0.193613
vn -0.980777 0.015047000000000012 0.194549
vn -0.980778 0.015048000000000013 0.194548
vn 0.977973 1.2781087551641309E-17 0.208731
vn 0.977973 1.2781087551641309E-17 0.208731
vn -0.978009 -0.0038579999999999873 0.208529
vn -0.978008 -0.0038589999999999874 0.20853
vn -0.002347 -0.981613 0.19087000000000007
vn -0.002392 -0.981623 0.19081500000000007
vn -0.978008 0.0038590000000000126 0.208532
vn -0.97801 0.0038660000000000127 0.208524
vn 0.977968 1.2782434663120371E-17 0.208753
vn 0.977968 3.0000000000127827E-06 0.208756
vn 0.707235 -0.706978 -0.00010999999999995672
vn 1 0.000317 -0.00017800000000000002
vn 1 0.000314 -0.00015600000000000002
vn 0.707234 -0.706979 -9.399999999995671E-05
vn -0.000894 0.999999 -0.0007110000000000613
vn -0.000894 0.999999 -0.0007110000000000613
vn 5E-05 -1 6.123233995736766E-17
vn 5E-05 -1 6.123233995736766E-17
vn 0.707236 -0.706977 -9.399999999995671E-05
vn 1 0.000317 -0.00013400000000000003
vn 1 0.000317 -0.00013300000000000003
vn 0.707236 -0.706977 -9.399999999995671E-05
vn -0.000894 0.999999 -0.0010660000000000613
vn -0.000944 0.999999 -0.0007110000000000613
vn 5E-05 -1 6.123233995736766E-17
vn 5E-05 -1 6.123233995736766E-17
vn 0.707226 -0.706988 -0.0002439999999999567
vn 1 0.000314 -0.00017800000000000002
vn 1 0.000312 -0.00016700000000000002
vn 0.707234 -0.706979 -0.00010999999999995672
vn -0.000894 0.999999 -0.0007110000000000613
vn -0.000894 0.999999 -0.0007110000000000613
vn 2.5E-05 -1 -0.00017799999999993876
vn 0 -1 -0.00035499999999993875
vn 0.707238 -0.706975 -9.399999999995671E-05
vn 1 0.00032 -0.00011100000000000001
vn 1 0.000323 -0.00013300000000000003
vn 0.70724 -0.706974 -0.00010999999999995672
vn -0.000894 0.999999 -0.0010660000000000613
vn -0.000944 0.999999 -0.0007110000000000613
vn 5E-05 -1 6.123233995736766E-17
vn 5E-05 -1 6.123233995736766E-17
vn 0 0.976748 0.21439199999999994
vn 2.9E-05 0.976758 0.21434599999999995
vn 1.4E-05 0.976755 0.21435999999999994
vn 0 0.976748 0.21439199999999994
vn 0 0.976748 0.21439199999999994
vn 1.4E-05 0.976756 0.21435599999999994
vn 1.4E-05 0.976756 0.21435599999999994
vn 3.8E-05 0.976757 0.21435099999999996
vn -3.7E-05 0.976756 0.21435599999999994
vn -3.7E-05 0.976756 0.21435599999999994
vn -0.767583 0.13738299999999998 -0.626053
vn -0.767583 0.13738299999999998 -0.626053
vn -0.441468 0.19232599999999994 -0.876423
vn 0.767587 0.13739899999999997 -0.626045
vn 0.767587 0.13739899999999997 -0.626045
vn 0.767582 0.13738399999999998 -0.626054
vn -1 0 0
vn -1 0 0
vn 1 1.8369701987210298E-22 3E-06
vn 1 0 0
vn 1 0 0
vn -1 0 0
vn 0.984285 2.000000000010813E-06 0.17659
vn 0.984286 1.0000000000108125E-06 0.176584
vn 0.984286 -1.9999999999891875E-06 0.176581
vn 0.984285 2.000000000010813E-06 0.17659
vn 0.984285 2.000000000010813E-06 0.17659
vn 0.984286 2.300000000001081E-05 0.176582
vn 0.984286 2.300000000001081E-05 0.176582
vn 0.984286 1.600000000001081E-05 0.17658
vn 0.984287 -3.0999999999989186E-05 0.176579
vn 0.984287 -3.0999999999989186E-05 0.176579
vn 0.113274 0.767564 -0.630883
vn 0.113274 0.767564 -0.630883
vn 0.158489 0.44147999999999993 -0.883163
vn 0.113176 -0.767591 -0.630868
vn 0.113176 -0.767591 -0.630868
vn 0.113177 -0.767592 -0.630868
vn 0 1 -6.123233995736766E-17
vn 0 1 -6.123233995736766E-17
vn 0 -1 6.123233995736766E-17
vn 0 -1 6.123233995736766E-17
vn 0 -1 6.123233995736766E-17
vn 0 1 -6.123233995736766E-17
vn -0 -0.979622 0.20084900000000006
vn 3.6E-05 -0.979615 0.20088400000000006
vn 2E-06 -0.979621 0.20085400000000006
vn -0 -0.979622 0.20084900000000006
vn -0 -0.979622 0.20084900000000006
vn 3.8E-05 -0.979618 0.20086800000000005
vn 3.8E-05 -0.979618 0.20086800000000005
vn 8.1E-05 -0.979617 0.20087500000000005
vn -8.1E-05 -0.979618 0.20086800000000005
vn -8.1E-05 -0.979618 0.20086800000000005
vn 0.787411 -0.14095300000000002 -0.600096
vn 0.787411 -0.14095300000000002 -0.600096
vn 0.4647 -0.20247200000000007 -0.862009
vn -0.787415 -0.14093200000000003 -0.600097
vn -0.787415 -0.14093200000000003 -0.600097
vn -0.78742 -0.14095000000000002 -0.600086
vn 1 0 0
vn 1 0 0
vn -1 0 0
vn -1 0 0
vn -1 0 0
vn 1 0 0
vn -0.444196 5.485989033800441E-17 0.89593
vn -0.893826 2.7457377257303104E-17 0.448413
vn -0.443928 5.4867973006878784E-17 0.896062
vn -0.893287 2.752314079041732E-17 0.449487
vn -0.999998 1.3275171302757307E-19 0.002168
vn -0.999998 1.3275171302757307E-19 0.002168
vn -0.432038 -0.0004909999999999448 0.901855
vn -0.892757 -0.0005439999999999725 0.450539
vn -0.431991 -0.0004929999999999448 0.901878
vn -0.892071 2.7670649497374616E-17 0.451896
vn 0 -1 6.123233995736766E-17
vn 0 -1 6.123233995736766E-17
vn -0.430861 5.525716575964781E-17 0.902418
vn -0.894531 2.7371223354983088E-17 0.447006
vn -0.429418 5.5299293609538476E-17 0.903106
vn -0.891669 -9.699999999997228E-05 0.452687
vn -0.893651 -0.0005859999999999726 0.448762
vn -0.444079 5.4863441813721934E-17 0.895988
vn -0.893814 2.745884683346208E-17 0.448437
vn -0.445296 5.4826457480387684E-17 0.895384
vn -0.896263 2.7157951114911578E-17 0.443523
vn -0.43124 -0.00024799999999994477 0.902237
vn -0.890361 -0.0002469999999999721 0.455255
vn -0.432272 -0.0002459999999999448 0.901743
vn -0.892237 2.76505652898686E-17 0.451568
vn -0.442866 -0.0003309999999999451 0.896588
vn -0.4442 5.485976787332449E-17 0.895928
vn -0.893831 2.7456887398583447E-17 0.448405
vn -0.443151 5.489154745776237E-17 0.896447
vn -0.891723 -1.999999999972287E-06 0.452582
vn -0.432039 -0.0004909999999999448 0.901855
vn -0.89276 -0.0005429999999999724 0.450531
vn -0.431991 -0.0004929999999999448 0.901878
vn -0.892075 2.7670159638654957E-17 0.451888
vn 0 -1 6.123233995736766E-17
vn 0 -1 6.123233995736766E-17
vn 0.024155 6.121446011410011E-17 0.999708
vn 0.024155 6.121446011410011E-17 0.999708
vn -0.429418 5.5299293609538476E-17 0.903106
vn -0.89167 -9.799999999997228E-05 0.452687
vn -0.893651 -0.0005869999999999725 0.448762
vn -0.442868 -0.0003309999999999451 0.896587
vn 0.004105 0.941337 0.33744399999999997
vn 0.00519 0.945603 0.32528299999999993
vn 0.004105 0.941337 0.33744399999999997
vn 0.00302 0.936913 0.34954799999999997
vn 0.001383 0.922765 0.3853599999999999
vn 0.00247 0.917766 0.39711399999999997
vn 0.001383 0.922765 0.3853599999999999
vn 0.000296 0.927613 0.37354299999999996
vn 0.00877 -0.31971799999999995 0.947472
vn 0.00877 -0.31971799999999995 0.947472
vn -0.004197 -0.34450699999999995 0.938774
vn -0.004197 -0.34450699999999995 0.938774
vn 0.999895 8.884812527814048E-19 0.01451
vn -0.999009 2.7248391281028606E-18 0.0445
vn -0.999889 0.011234 -0.009742
vn -0.71336 -0.700517 -0.019870999999999958
vn -0.713359 -0.700516 -0.019928999999999957
vn -0.999889 0.011237 -0.009778
vn 0.01927 0.999489 -0.025501000000000062
vn 0.01927 0.999489 -0.025501000000000062
vn -0.006808 -0.999808 -0.018381999999999937
vn -0.006805 -0.999807 -0.018427999999999937
vn -0.999889 0.011235 -0.009753
vn -0.71336 -0.700519 -0.019761999999999957
vn -0.713359 -0.700518 -0.019810999999999957
vn -0.999889 0.011237 -0.009776
vn 0.019255 0.999485 -0.025679000000000063
vn 0.019255 0.999485 -0.025679000000000063
vn -0.006808 -0.999811 -0.018204999999999937
vn -0.006805 -0.99981 -0.018250999999999937
vn -0.992439 7.515718638707264E-18 0.122741
vn -0.992439 7.515718638707264E-18 0.122741
vn -0.992439 7.515718638707264E-18 0.122741
vn 0 -0.992285 0.12397700000000006
vn 0.99183 7.811287143681476E-18 0.127568
vn -0.992439 7.515718638707264E-18 0.122741
vn -0.992439 7.515718638707264E-18 0.122741
vn -0.992439 7.515718638707264E-18 0.122741
vn 0 -0.992304 0.12382900000000005
vn 0.99183 9.000000000007812E-06 0.127567
vn -0.992451 7.509595404711527E-18 0.122641
vn -0.992451 7.509595404711527E-18 0.122641
vn -0.992451 7.509595404711527E-18 0.122641
vn 0 -0.992285 0.12397700000000006
vn 0.991843 7.805102677345783E-18 0.127467
vn -0.992451 7.509595404711527E-18 0.122641
vn -0.992451 7.509595404711527E-18 0.122641
vn -0.992451 7.509595404711527E-18 0.122641
vn 7.4E-05 -0.992305 0.12382000000000006
vn 0.991843 7.805102677345783E-18 0.127467
vn -0.999889 0.011234 -0.009742
vn -0.71336 -0.700519 -0.019761999999999957
vn -0.713359 -0.700519 -0.01980299999999996
vn -0.999889 0.011235 -0.009754
vn 0.019255 0.999485 -0.025679000000000063
vn 0.019255 0.999485 -0.025679000000000063
vn -0.006808 -0.999811 -0.018204999999999937
vn -0.006805 -0.99981 -0.018250999999999937
vn -0.999889 0.011233 -0.009753
vn -0.71336 -0.700519 -0.019761999999999957
vn -0.713359 -0.700519 -0.019810999999999957
vn -0.999889 0.011235 -0.009776
vn 0.01927 0.999489 -0.025502000000000063
vn 0.01927 0.999489 -0.025502000000000063
vn -0.006808 -0.999811 -0.018204999999999937
vn -0.006805 -0.99981 -0.018250999999999937
vn -0.999889 0.011235 -0.009753
vn -0.71336 -0.700519 -0.019761999999999957
vn -0.713359 -0.700518 -0.019810999999999957
vn -0.999889 0.011237 -0.009776
vn 0.019255 0.999485 -0.025679000000000063
vn 0.019255 0.999485 -0.025679000000000063
vn -0.006808 -0.999811 -0.018204999999999937
vn -0.006805 -0.99981 -0.018250999999999937
vn -0.999889 0.011234 -0.009742
vn -0.71336 -0.700517 -0.019870999999999958
vn -0.713361 -0.700515 -0.01986599999999996
vn -0.999889 0.011237 -0.009778
vn 0.01927 0.999489 -0.025502000000000063
vn 0.01927 0.999489 -0.025502000000000063
vn -0.006816 -0.999809 -0.018292999999999938
vn -0.006819 -0.99981 -0.018249999999999936
vn -0.999889 0.011234 -0.009742
vn -0.71336 -0.700519 -0.019745999999999958
vn -0.713359 -0.700519 -0.01980299999999996
vn -0.999889 0.011237 -0.009776
vn 0.019255 0.999485 -0.025679000000000063
vn 0.019255 0.999485 -0.025679000000000063
vn -0.006808 -0.999811 -0.018204999999999937
vn -0.006805 -0.99981 -0.018250999999999937
vn -0.999889 0.011234 -0.009742
vn -0.71336 -0.700516 -0.01988599999999996
vn -0.713361 -0.700515 -0.01986599999999996
vn -0.999889 0.011235 -0.009756
vn 0.01927 0.999489 -0.025502000000000063
vn 0.01927 0.999489 -0.025502000000000063
vn -0.006816 -0.999809 -0.018292999999999938
vn -0.006819 -0.99981 -0.018249999999999936
vn 0.999889 0.011234 -0.009742
vn 0.71336 -0.700517 -0.019870999999999958
vn 0.713359 -0.700516 -0.019928999999999957
vn 0.999889 0.011237 -0.009778
vn -0.01927 0.999489 -0.025501000000000062
vn -0.01927 0.999489 -0.025501000000000062
vn 0.006808 -0.999808 -0.018381999999999937
vn 0.006805 -0.999807 -0.018427999999999937
vn 0.999889 0.011235 -0.009753
vn 0.71336 -0.700519 -0.019761999999999957
vn 0.713359 -0.700518 -0.019810999999999957
vn 0.999889 0.011237 -0.009776
vn -0.019255 0.999485 -0.025679000000000063
vn -0.019255 0.999485 -0.025679000000000063
vn 0.006808 -0.999811 -0.018204999999999937
vn 0.006805 -0.99981 -0.018250999999999937
vn 0.992439 7.515718638707264E-18 0.122741
vn 0.992439 7.515718638707264E-18 0.122741
vn 0.992439 7.515718638707264E-18 0.122741
vn 0 -0.992285 0.12397700000000006
vn -0.99183 7.811287143681476E-18 0.127568
vn 0.992439 7.515718638707264E-18 0.122741
vn 0.992439 7.515718638707264E-18 0.122741
vn 0.992439 7.515718638707264E-18 0.122741
vn 0 -0.992304 0.12382900000000005
vn -0.99183 9.000000000007812E-06 0.127567
vn 0.992451 7.509595404711527E-18 0.122641
vn 0.992451 7.509595404711527E-18 0.122641
vn 0.992451 7.509595404711527E-18 0.122641
vn 0 -0.992285 0.12397700000000006
vn -0.991843 7.805102677345783E-18 0.127467
vn 0.992451 7.509595404711527E-18 0.122641
vn 0.992451 7.509595404711527E-18 0.122641
vn 0.992451 7.509595404711527E-18 0.122641
vn -7.4E-05 -0.992305 0.12382000000000006
vn -0.991843 7.805102677345783E-18 0.127467
vn 0.999889 0.011234 -0.009742
vn 0.71336 -0.700519 -0.019761999999999957
vn 0.713359 -0.700519 -0.01980299999999996
vn 0.999889 0.011235 -0.009754
vn -0.019255 0.999485 -0.025679000000000063
vn -0.019255 0.999485 -0.025679000000000063
vn 0.006808 -0.999811 -0.018204999999999937
vn 0.006805 -0.99981 -0.018250999999999937
vn 0.999889 0.011233 -0.009753
vn 0.71336 -0.700519 -0.019761999999999957
vn 0.713359 -0.700519 -0.019810999999999957
vn 0.999889 0.011235 -0.009776
vn -0.01927 0.999489 -0.025502000000000063
vn -0.01927 0.999489 -0.025502000000000063
vn 0.006808 -0.999811 -0.018204999999999937
vn 0.006805 -0.99981 -0.018250999999999937
vn 0.999889 0.011235 -0.009753
vn 0.71336 -0.700519 -0.019761999999999957
vn 0.713359 -0.700518 -0.019810999999999957
vn 0.999889 0.011237 -0.009776
vn -0.019255 0.999485 -0.025679000000000063
vn -0.019255 0.999485 -0.025679000000000063
vn 0.006808 -0.999811 -0.018204999999999937
vn 0.006805 -0.99981 -0.018250999999999937
vn 0.999889 0.011234 -0.009742
vn 0.71336 -0.700517 -0.019870999999999958
vn 0.713361 -0.700515 -0.01986599999999996
vn 0.999889 0.011237 -0.009778
vn -0.01927 0.999489 -0.025502000000000063
vn -0.01927 0.999489 -0.025502000000000063
vn 0.006816 -0.999809 -0.018292999999999938
vn 0.006819 -0.99981 -0.018249999999999936
vn 0.999889 0.011234 -0.009742
vn 0.71336 -0.700519 -0.019745999999999958
vn 0.713359 -0.700519 -0.01980299999999996
vn 0.999889 0.011237 -0.009776
vn -0.019255 0.999485 -0.025679000000000063
vn -0.019255 0.999485 -0.025679000000000063
vn 0.006808 -0.999811 -0.018204999999999937
vn 0.006805 -0.99981 -0.018250999999999937
vn 0.999889 0.011234 -0.009742
vn 0.71336 -0.700516 -0.01988599999999996
vn 0.713361 -0.700515 -0.01986599999999996
vn 0.999889 0.011235 -0.009756
vn -0.01927 0.999489 -0.025502000000000063
vn -0.01927 0.999489 -0.025502000000000063
vn 0.006816 -0.999809 -0.018292999999999938
vn 0.006819 -0.99981 -0.018249999999999936
vn -4E-06 0.17189900000000005 0.985115
vn -5E-06 0.46378100000000005 0.88595
vn 0 -0.17189499999999994 0.985115
vn -1.1E-05 0.46378600000000003 0.885947
vn 0 -0.46377599999999997 0.885952
vn 0 -0.46377599999999997 0.885952
vn 0 0.37725400000000003 0.92611
vn -0 0.638445 0.769668
vn 1E-06 0.10660100000000006 0.994302
vn 1E-06 0.10660200000000006 0.994302
vn -0 0.826297 0.563235
vn -0 0.826297 0.563235
vn 7.9E-05 0.44339800000000007 0.896325
vn 8.1E-05 0.894005 0.44805599999999995
vn 1.1E-05 0.44698200000000005 0.894543
vn 0 0.901432 0.43292099999999994
vn 0 0.999775 -0.02122000000000006
vn 0 0.999775 -0.02122000000000006
vn 0.000191 0.4268600000000001 0.904318
vn 0.000207 0.892232 0.4515759999999999
vn 0.000194 0.42682500000000007 0.904334
vn 7E-05 0.891656 0.45271399999999995
vn 0 0.42391600000000007 0.905701
vn 0 0.893309 0.4494429999999999
vn 0 0.4227580000000001 0.906243
vn 3.1E-05 0.890978 0.4540469999999999
vn 0.000221 0.89371 0.44864499999999996
vn 0.000139 0.44123400000000007 0.897392
vn 0 0.44315000000000004 0.896447
vn 0 0.893739 0.44858799999999993
vn 0 0.44413500000000006 0.89596
vn 0 0.895724 0.4446109999999999
vn 0.000193 0.42697700000000005 0.904262
vn 0.000114 0.8919 0.45223299999999994
vn 0.000193 0.42693700000000007 0.904281
vn 0 0.89142 0.45317699999999994
vn 0.000124 0.4414310000000001 0.897295
vn -6.9E-05 0.89316 0.44973799999999997
vn -3.8E-05 0.41880400000000007 0.908077
vn 4.1E-05 0.900064 0.43575899999999995
vn -9.7E-05 0.41416900000000006 0.9102
vn -0.000158 0.889831 0.45629099999999995
vn 0 0.44332400000000005 0.896361
vn 0 0.89377 0.4485259999999999
vn 0 0.44796500000000006 0.894051
vn -2.1E-05 0.903059 0.4295169999999999
vn 0.000191 0.4268600000000001 0.904317
vn 0.000206 0.892227 0.45158699999999996
vn 0.000193 0.42682600000000004 0.904334
vn 0 0.891416 0.4531859999999999
vn 0 0.4239180000000001 0.905701
vn -1E-06 0.893304 0.44945299999999994
vn 0 0.42276900000000006 0.906237
vn 2.9E-05 0.890994 0.45401499999999995
vn 0.00022 0.893726 0.44861399999999996
vn 0.000138 0.4412380000000001 0.89739
vn 0 0.42611400000000005 0.904669
vn 0 0.898765 0.43843099999999996
vn -1E-06 0.4235050000000001 0.905894
vn -1E-06 0.893256 0.44954799999999995
vn 0.000123 0.44142400000000004 0.897298
vn -7E-05 0.893155 0.44974899999999995
vn 0 0.4433210000000001 0.896363
vn 0 0.89376 0.44854599999999994
vn 0 0.44698000000000004 0.894544
vn 0 0.901138 0.4335319999999999
vn 0.000193 0.42685900000000004 0.904318
vn 0.000208 0.892227 0.45158699999999996
vn 0.000193 0.42681900000000006 0.904337
vn 0 0.891406 0.45320599999999994
vn -0.0066 -0.14795199999999994 0.988973
vn -0.013106 -0.2648829999999999 0.964192
vn -0.006275 0.3381410000000001 0.941074
vn 3.1E-05 0.891369 0.45327799999999996
vn 0.000221 0.89371 0.44864499999999996
vn 0.000139 0.44123200000000007 0.897393
vn 0.000124 0.44142400000000004 0.897299
vn -6.7E-05 0.893155 0.4497499999999999
vn 0 -0.11678999999999995 0.993157
vn 0 0.11679000000000006 0.993157
vn 0 -0.33268899999999996 0.943037
vn 0 -0.33268899999999996 0.943037
vn 0 0.33268900000000007 0.943037
vn 0 0.33268900000000007 0.943037
vn 0 -0.11678999999999995 0.993157
vn 0 0.11679000000000006 0.993157
vn 0 -0.33268899999999996 0.943037
vn 0 -0.33268899999999996 0.943037
vn 0 0.33268900000000007 0.943037
vn 0 0.33268900000000007 0.943037
vn 1E-06 0.11679400000000005 0.993156
vn 0 -0.11678999999999995 0.993157
vn 2E-06 0.3326950000000001 0.943035
vn 4E-06 0.3326970000000001 0.943034
vn 0 -0.33269099999999996 0.943036
vn 0 -0.33269099999999996 0.943036
vn 0 0.11679000000000006 0.993157
vn 0 -0.11678999999999995 0.993157
vn 4E-06 0.33269300000000007 0.943035
vn 0 0.33268900000000007 0.943037
vn -4E-06 -0.33269299999999996 0.943035
vn 0 -0.33268899999999996 0.943037
vn -1E-06 0.37725200000000003 0.926111
vn 0 0.638444 0.769668
vn -1E-06 0.10659800000000005 0.994302
vn -1E-06 0.10659700000000005 0.994302
vn 0 0.826297 0.563235
vn 0 0.826297 0.563235
vn 0 0.638451 0.769662
vn 0 0.37725600000000004 0.926109
vn 0 0.826304 0.563224
vn 0 0.826304 0.563224
vn 0 0.10659900000000005 0.994302
vn 0 0.10659900000000005 0.994302
vn -0 0.638445 0.769668
vn 0 0.37725400000000003 0.92611
vn -0 0.826297 0.563235
vn -0 0.826297 0.563235
vn 0 0.10660200000000006 0.994302
vn 0 0.10660200000000006 0.994302
vn 0 -0.11678999999999995 0.993157
vn 0 0.11679000000000006 0.993157
vn 0 -0.33268899999999996 0.943037
vn 0 -0.33268899999999996 0.943037
vn 0 0.33268900000000007 0.943037
vn 0 0.33268900000000007 0.943037
vn 0 -0.11678899999999995 0.993157
vn 0 0.11679300000000005 0.993156
vn 0 -0.33268899999999996 0.943037
vn 0 -0.33268899999999996 0.943037
vn 0 0.33269300000000007 0.943035
vn 0 0.33269300000000007 0.943035
vn 1E-06 0.11679400000000005 0.993156
vn 0 -0.11678899999999995 0.993157
vn 2E-06 0.3326950000000001 0.943035
vn 4E-06 0.3326970000000001 0.943034
vn 0 -0.33268899999999996 0.943037
vn 0 -0.33268899999999996 0.943037
vn 0 0.11679000000000006 0.993157
vn 0 -0.11678999999999995 0.993157
vn 4E-06 0.33269300000000007 0.943035
vn 0 0.33268900000000007 0.943037
vn -4E-06 -0.33269299999999996 0.943035
vn 0 -0.33268899999999996 0.943037
vn 4E-06 0.17189900000000005 0.985115
vn 5E-06 0.46378100000000005 0.88595
vn 0 -0.17189499999999994 0.985115
vn 1.1E-05 0.46378600000000003 0.885947
vn 0 -0.46377599999999997 0.885952
vn 0 -0.46377599999999997 0.885952
vn -0 0.37725400000000003 0.92611
vn 0 0.638445 0.769668
vn -1E-06 0.10660100000000006 0.994302
vn -1E-06 0.10660200000000006 0.994302
vn 0 0.826297 0.563235
vn 0 0.826297 0.563235
vn 0 0.4433190000000001 0.896364
vn -1E-06 0.893765 0.44853599999999993
vn 0 0.44714300000000007 0.894463
vn 0 0.901469 0.4328429999999999
vn 0 0.999775 -0.02122000000000006
vn 0 0.999775 -0.02122000000000006
vn -0.000191 0.4268600000000001 0.904318
vn -0.000207 0.892232 0.4515759999999999
vn -0.000194 0.42682500000000007 0.904334
vn -1E-06 0.891411 0.45319599999999993
vn 0 0.42391600000000007 0.905701
vn 0 0.893309 0.4494429999999999
vn 0 0.4227580000000001 0.906243
vn -3.1E-05 0.890978 0.4540469999999999
vn -0.000221 0.89371 0.44864499999999996
vn -0.000139 0.44123400000000007 0.897392
vn 0 0.44315000000000004 0.896447
vn 0 0.893739 0.44858799999999993
vn 0 0.44413500000000006 0.89596
vn 0 0.895724 0.4446109999999999
vn -0.000193 0.42697700000000005 0.904262
vn -0.000114 0.8919 0.45223299999999994
vn -0.000193 0.42693700000000007 0.904281
vn 0 0.89142 0.45317699999999994
vn -0.000124 0.4414310000000001 0.897295
vn 6.9E-05 0.89316 0.44973799999999997
vn 3.8E-05 0.41880400000000007 0.908077
vn -4.1E-05 0.900064 0.43575899999999995
vn 9.7E-05 0.41416900000000006 0.9102
vn 0.000158 0.889831 0.45629099999999995
vn 0 0.44332400000000005 0.896361
vn 0 0.89377 0.4485259999999999
vn 0 0.44796500000000006 0.894051
vn 2.1E-05 0.903059 0.4295169999999999
vn -0.000191 0.4268600000000001 0.904317
vn -0.000206 0.892227 0.45158699999999996
vn -0.000193 0.42682600000000004 0.904334
vn 0 0.891416 0.4531859999999999
vn 0 0.4239180000000001 0.905701
vn 1E-06 0.893304 0.44945299999999994
vn 0 0.42276900000000006 0.906237
vn -2.9E-05 0.890994 0.45401499999999995
vn -0.00022 0.893726 0.44861399999999996
vn -0.000138 0.4412380000000001 0.89739
vn -0 0.42611400000000005 0.904669
vn 0 0.898765 0.43843099999999996
vn 1E-06 0.4235050000000001 0.905894
vn 1E-06 0.893256 0.44954799999999995
vn -0.000123 0.44142400000000004 0.897298
vn 7E-05 0.893155 0.44974899999999995
vn 0 0.4433210000000001 0.896363
vn 0 0.89376 0.44854599999999994
vn 0 0.44698000000000004 0.894544
vn 0 0.901138 0.4335319999999999
vn -0.000193 0.42685900000000004 0.904318
vn -0.000208 0.892227 0.45158699999999996
vn -0.000193 0.42681900000000006 0.904337
vn 0 0.891406 0.45320599999999994
vn 0.017596 0.031024000000000062 0.999364
vn 0.017635 0.030335000000000063 0.999384
vn 0.01555 0.46879800000000005 0.883168
vn 0.007735 0.896744 0.44248299999999996
vn -0.000205 0.893637 0.44879099999999994
vn -0.000139 0.44122700000000004 0.897396
vn -0.000124 0.44142400000000004 0.897299
vn 6.7E-05 0.893155 0.4497499999999999
vn 0 -0.11678999999999995 0.993157
vn 0 0.11679000000000006 0.993157
vn 0 -0.33268899999999996 0.943037
vn 0 -0.33268899999999996 0.943037
vn 0 0.33268900000000007 0.943037
vn 0 0.33268900000000007 0.943037
vn 0 -0.11678999999999995 0.993157
vn 0 0.11679000000000006 0.993157
vn 0 -0.33268899999999996 0.943037
vn 0 -0.33268899999999996 0.943037
vn 0 0.33268900000000007 0.943037
vn 0 0.33268900000000007 0.943037
vn -1E-06 0.11679400000000005 0.993156
vn 0 -0.11678999999999995 0.993157
vn -2E-06 0.3326950000000001 0.943035
vn -4E-06 0.3326970000000001 0.943034
vn 0 -0.33269099999999996 0.943036
vn 0 -0.33269099999999996 0.943036
vn 0 0.11679000000000006 0.993157
vn 0 -0.11678999999999995 0.993157
vn -4E-06 0.33269300000000007 0.943035
vn 0 0.33268900000000007 0.943037
vn 4E-06 -0.33269299999999996 0.943035
vn 0 -0.33268899999999996 0.943037
vn 1E-06 0.37725200000000003 0.926111
vn 0 0.638444 0.769668
vn 1E-06 0.10659800000000005 0.994302
vn 1E-06 0.10659700000000005 0.994302
vn 0 0.826297 0.563235
vn 0 0.826297 0.563235
vn 0 0.638451 0.769662
vn 0 0.37725600000000004 0.926109
vn 0 0.826304 0.563224
vn 0 0.826304 0.563224
vn 0 0.10659900000000005 0.994302
vn 0 0.10659900000000005 0.994302
vn 0 0.638445 0.769668
vn 0 0.37725400000000003 0.92611
vn 0 0.826297 0.563235
vn 0 0.826297 0.563235
vn 0 0.10660200000000006 0.994302
vn 0 0.10660200000000006 0.994302
vn 0 -0.11678999999999995 0.993157
vn 0 0.11679000000000006 0.993157
vn 0 -0.33268899999999996 0.943037
vn 0 -0.33268899999999996 0.943037
vn 0 0.33268900000000007 0.943037
vn 0 0.33268900000000007 0.943037
vn 0 -0.11678899999999995 0.993157
vn 0 0.11679300000000005 0.993156
vn 0 -0.33268899999999996 0.943037
vn 0 -0.33268899999999996 0.943037
vn 0 0.33269300000000007 0.943035
vn 0 0.33269300000000007 0.943035
vn -1E-06 0.11679400000000005 0.993156
vn 0 -0.11678899999999995 0.993157
vn -2E-06 0.3326950000000001 0.943035
vn -4E-06 0.3326970000000001 0.943034
vn 0 -0.33268899999999996 0.943037
vn 0 -0.33268899999999996 0.943037
vn 0 0.11679000000000006 0.993157
vn 0 -0.11678999999999995 0.993157
vn -4E-06 0.33269300000000007 0.943035
vn 0 0.33268900000000007 0.943037
vn 4E-06 -0.33269299999999996 0.943035
vn 0 -0.33268899999999996 0.943037
vn -1E-06 1 0.00042799999999993874
vn -2E-06 1 0.00042799999999993874
vn -1E-06 1 0.00042799999999993874
vn 0 1 0.00042799999999993874
vn -1 9.000000000000027E-06 0.000439
vn -1 2.6819764901327036E-20 0.000438
vn 0.002469 -0.999997 0.0004290000000000613
vn 0.002469 -0.999997 0.0004290000000000613
vn 0.00197 0.708497 -0.705711
vn 0.00197 0.708505 -0.705703
vn 0.00197 0.708497 -0.705711
vn 0.00197 0.708489 -0.705719
vn -0.705084 0.501436 0.501417
vn -0.705091 0.501424 0.501419
vn 0.003708 -0.706939 0.707264
vn 0.003708 -0.706939 0.707264
vn -1E-06 1 0.00042799999999993874
vn -2E-06 1 0.00042799999999993874
vn -1E-06 1 0.00042799999999993874
vn 0 1 0.00042799999999993874
vn -1 8.000000000000027E-06 0.000439
vn -1 4.000000000000027E-06 0.000438
vn 0.002469 -0.999997 0.0004290000000000613
vn 0.002469 -0.999997 0.0004290000000000613
vn 0.001964 0.708496 -0.705712
vn 0.001964 0.70851 -0.705698
vn 0.001964 0.708496 -0.705712
vn 0.001964 0.708482 -0.705726
vn -0.705086 0.501433 0.501418
vn -0.705091 0.501423 0.501419
vn 0.00371 -0.706941 0.707263
vn 0.00371 -0.706941 0.707263
vn -1E-06 1 0.00042799999999993874
vn -2E-06 1 0.00042799999999993874
vn -1E-06 1 0.00042799999999993874
vn 0 1 0.00042799999999993874
vn -1 8.000000000000027E-06 0.000439
vn -1 4.000000000000027E-06 0.000438
vn 0.002469 -0.999997 0.0004290000000000613
vn 0.002469 -0.999997 0.0004290000000000613
vn 0.001971 0.708496 -0.705712
vn 0.001971 0.708505 -0.705703
vn 0.001971 0.708496 -0.705712
vn 0.001971 0.708488 -0.705721
vn -0.705086 0.501433 0.501418
vn -0.705091 0.501423 0.501419
vn 0.00371 -0.706941 0.707263
vn 0.00371 -0.706941 0.707263
vn 1E-06 1 0.00042799999999993874
vn 1E-06 1 0.00042799999999993874
vn 2E-06 1 0.00042799999999993874
vn 0 1 0.00042799999999993874
vn 1 9.000000000000027E-06 0.000439
vn 1 2.6819764901327036E-20 0.000438
vn -0.002469 -0.999997 0.0004290000000000613
vn -0.002469 -0.999997 0.0004290000000000613
vn -0.00197 0.708497 -0.705711
vn -0.00197 0.708497 -0.705711
vn -0.00197 0.708505 -0.705703
vn -0.00197 0.708489 -0.705719
vn 0.705084 0.501436 0.501417
vn 0.705091 0.501424 0.501419
vn -0.003708 -0.706939 0.707264
vn -0.003708 -0.706939 0.707264
vn -0.002496 6.123215626034779E-17 0.999997
vn -0.002496 6.123215626034779E-17 0.999997
vn -0.002496 6.123215626034779E-17 0.999997
vn -0.002496 6.123215626034779E-17 0.999997
vn 0.999998 1.3207815728804206E-19 0.002157
vn 0.999998 1.0000000000001327E-06 0.002168
vn -0.010498 -0.0004529999999999388 0.999945
vn -0.010498 -0.0004529999999999388 0.999945
vn -0.010498 -0.0004529999999999388 0.999945
vn -0.01388 6.122646165273175E-17 0.999904
vn -0.015053 6.122542070295247E-17 0.999887
vn -0.015053 6.122542070295247E-17 0.999887
vn -0.015053 6.122542070295247E-17 0.999887
vn -0.015053 6.122542070295247E-17 0.999887
vn 0.999998 1.000000000000127E-06 0.002076
vn 0.999999 -8.899999999999991E-05 0.001327
vn -0.002583 6.123215626034779E-17 0.999997
vn -0.002583 6.123215626034779E-17 0.999997
vn -0.002583 6.123215626034779E-17 0.999997
vn -0.002583 6.123215626034779E-17 0.999997
vn -0.001081 -0.0004539999999999387 0.999999
vn -0.005949 0.00019700000000006122 0.999982
vn 0.81251 -0.571545 0.11473900000000004
vn 0.81251 -0.571545 0.11473900000000004
vn 0.81251 -0.571545 0.11473900000000004
vn 0.81251 0.571545 0.11473899999999995
vn -0.315906 0.941817 0.11482199999999994
vn -0.993399 7.024206645869474E-18 0.114714
vn -0.812507 -0.571548 0.11473800000000005
vn -0.812507 -0.571548 0.11473800000000005
vn -0.812507 -0.571548 0.11473800000000005
vn -0.812507 0.571548 0.11473799999999997
vn 0.315906 0.941817 0.11482199999999994
vn 0.993398 7.024267878209431E-18 0.114715
vn 0.514499 -5.250618042238315E-17 -0.857491
vn 0.514499 -5.250618042238315E-17 -0.857491
vn 0.940507 -2.080515707667464E-17 -0.339774
vn 0.940507 -2.080515707667464E-17 -0.339774
vn 1 0 0
vn 1 0 0
vn 0.514499 -5.250618042238315E-17 -0.857491
vn 0 -1 6.123233995736766E-17
vn 0 -1 6.123233995736766E-17
vn 1 0 0
vn 0.012954 0.978224 0.20714599999999994
vn 0.676486 0.679972 0.28284999999999993
vn 0.676494 0.679977 0.28281899999999993
vn 0.012969 0.978219 0.20716999999999994
vn -0.976164 -0.056815999999999985 0.209466
vn -0.976163 -0.056816999999999986 0.209468
vn 0.978125 0.017961000000000015 0.207241
vn 0.978118 0.017980000000000013 0.207271
vn -0.978125 -0.017964999999999984 0.207241
vn -0.676483 -0.679974 0.28285400000000005
vn -0.978118 -0.017983999999999986 0.207271
vn -0.67649 -0.679981 0.28281900000000004
vn 0.025066 0.977839 0.20785099999999995
vn 0.025055 0.977836 0.20786799999999994
vn -0.01295 -0.978223 0.20715100000000006
vn -0.012969 -0.978216 0.20718200000000006
vn -0.978125 -0.017964999999999984 0.207241
vn -0.676483 -0.679974 0.28285400000000005
vn -0.978118 -0.017983999999999986 0.20727
vn -0.67649 -0.679981 0.28281900000000004
vn -0.978895 -0.011014999999999988 0.204068
vn -0.684035 0.671429 0.28509499999999993
vn -0.684041 0.671439 0.2850579999999999
vn -0.978889 -0.010996999999999988 0.204097
vn 0.025057 0.977837 0.20786499999999994
vn 0.025055 0.977836 0.20786799999999994
vn 0.01886 -0.978395 0.20588200000000006
vn 0.018853 -0.978397 0.20587100000000005
vn -0.006637 0.978385 0.20668599999999995
vn -0.00666 0.978377 0.20672199999999993
vn 0 0.978939 0.20415299999999995
vn 0 0.978939 0.20415299999999995
vn 0 0.978939 0.20415299999999995
vn 0 0.978939 0.20415299999999995
vn -0.974807 -0.0038309999999999868 0.223016
vn -0.974812 -0.0038189999999999865 0.222997
vn 0.974875 1.3639748654863477E-17 0.222754
vn 0.974877 -6.999999999986361E-06 0.222744
vn 0.98062 1.1996640044447473E-17 0.19592
vn 0.98062 1.1996640044447473E-17 0.19592
vn 0.98062 1.1996640044447473E-17 0.19592
vn 0.98062 1.1996640044447473E-17 0.19592
vn 0.978895 0.011015000000000013 0.204068
vn 0.684037 -0.671424 0.2851020000000001
vn 0.684043 -0.671433 0.28506600000000004
vn 0.978889 0.010997000000000012 0.204097
vn -0.003948 0.975533 0.21981599999999996
vn -0.003945 0.975534 0.21981299999999995
vn 0 -0.975485 0.22006700000000007
vn -7E-06 -0.975487 0.22005700000000006
vn -0.01886 0.9784 0.20585899999999993
vn -0.018862 0.978399 0.20586199999999993
vn 0.006645 -0.978382 0.20669800000000005
vn 0.006666 -0.978375 0.20673200000000005
vn 0 -0.978937 0.20416500000000007
vn 0 -0.978937 0.20416500000000007
vn 0 -0.978937 0.20416500000000007
vn 0 -0.978937 0.20416500000000007
vn -0.01295 -0.978223 0.20715100000000006
vn -0.012969 -0.978216 0.20718200000000006
vn 0.97481 0.0038280000000000132 0.223006
vn 0.974811 0.0038230000000000135 0.222998
vn -0.974873 1.3640116048903221E-17 0.22276
vn -0.974876 7.00000000001364E-06 0.22275
vn 0.012954 0.978224 0.20714599999999994
vn 0.676486 0.679972 0.28284999999999993
vn 0.676494 0.679977 0.28281899999999993
vn 0.012969 0.978219 0.20716999999999994
vn -0.976164 -0.056815999999999985 0.209466
vn -0.976163 -0.056816999999999986 0.209468
vn 0.978125 0.017961000000000015 0.207241
vn 0.978118 0.017980000000000013 0.207271
vn -0.978125 -0.017964999999999984 0.207241
vn -0.676483 -0.679974 0.28285400000000005
vn -0.978118 -0.017983999999999986 0.207271
vn -0.67649 -0.679981 0.28281900000000004
vn 0.025066 0.977839 0.20785099999999995
vn 0.025055 0.977836 0.20786799999999994
vn -0.01295 -0.978223 0.20715100000000006
vn -0.012969 -0.978216 0.20718200000000006
vn -0.978125 -0.017964999999999984 0.207241
vn -0.676483 -0.679974 0.28285400000000005
vn -0.978118 -0.017983999999999986 0.20727
vn -0.67649 -0.679981 0.28281900000000004
vn -0.978895 -0.011014999999999988 0.204068
vn -0.684035 0.671429 0.28509499999999993
vn -0.684041 0.671439 0.2850579999999999
vn -0.978889 -0.010996999999999988 0.204097
vn 0.025057 0.977837 0.20786499999999994
vn 0.025055 0.977836 0.20786799999999994
vn 0.01886 -0.978395 0.20588200000000006
vn 0.018853 -0.978397 0.20587100000000005
vn -0.006637 0.978385 0.20668599999999995
vn -0.00666 0.978377 0.20672199999999993
vn 0 0.978939 0.20415299999999995
vn 0 0.978939 0.20415299999999995
vn 0 0.978939 0.20415299999999995
vn 0 0.978939 0.20415299999999995
vn -0.974807 -0.0038309999999999868 0.223016
vn -0.974812 -0.0038189999999999865 0.222997
vn 0.974875 1.3639748654863477E-17 0.222754
vn 0.974877 -6.999999999986361E-06 0.222744
vn 0.98062 1.1996640044447473E-17 0.19592
vn 0.98062 1.1996640044447473E-17 0.19592
vn 0.98062 1.1996640044447473E-17 0.19592
vn 0.98062 1.1996640044447473E-17 0.19592
vn 0.978895 0.011015000000000013 0.204068
vn 0.684037 -0.671424 0.2851020000000001
vn 0.684043 -0.671433 0.28506600000000004
vn 0.978889 0.010997000000000012 0.204097
vn -0.003948 0.975533 0.21981599999999996
vn -0.003945 0.975534 0.21981299999999995
vn 0 -0.975485 0.22006700000000007
vn -7E-06 -0.975487 0.22005700000000006
vn -0.01886 0.9784 0.20585899999999993
vn -0.018862 0.978399 0.20586199999999993
vn 0.006645 -0.978382 0.20669800000000005
vn 0.006666 -0.978375 0.20673200000000005
vn 0 -0.978937 0.20416500000000007
vn 0 -0.978937 0.20416500000000007
vn 0 -0.978937 0.20416500000000007
vn 0 -0.978937 0.20416500000000007
vn -0.01295 -0.978223 0.20715100000000006
vn -0.012969 -0.978216 0.20718200000000006
vn 0.97481 0.0038280000000000132 0.223006
vn 0.974811 0.0038230000000000135 0.222998
vn -0.974873 1.3640116048903221E-17 0.22276
vn -0.974876 7.00000000001364E-06 0.22275
vn -0.817742 0.575222 -0.020423000000000035
vn -0.828405 0.560095 -0.006237000000000035
vn -0.817742 0.575222 -0.020423000000000035
vn -0.817742 0.575222 -0.020423000000000035
vn -0.828291 -0.560017 -0.017740999999999965
vn -0.817907 -0.575338 -0.003633999999999965
vn 0.329634 -0.944108 -0.0009699999999999423
vn 0.318007 -0.94803 -0.010542999999999943
vn 0.999198 2.451865356572916E-18 0.040042
vn 0.999198 -9.999999999975482E-07 0.040041
vn 0.816677 0.574468 0.054997999999999964
vn 0.82647 0.558787 0.06858699999999997
vn 0.816677 0.574468 0.054997999999999964
vn 0.816677 0.574468 0.054997999999999964
vn 0.828262 -0.559998 -0.019587999999999967
vn 0.817894 -0.575328 -0.006794999999999964
vn -0.32876 -0.941603 -0.07280699999999994
vn -0.31694 -0.944875 -0.08221499999999994
vn -0.999974 4.425261208718961E-19 0.007227
vn -0.999974 1.0000000000004425E-06 0.007228
vn 0.999986 -0.005197 0.0005680000000000004
vn 0.999997 -2.999999999999848E-06 0.002481
vn 0.999986 -0.005197 0.0005680000000000004
vn 0.999986 -0.005197 0.0005680000000000004
vn 0.016527 -0.999838 0.007115000000000061
vn 0 -1 0.0008650000000000612
vn 0 1 0.0008649999999999387
vn 0 1 0.0008649999999999387
vn 0 1 0.0008649999999999387
vn 0 1 0.0008649999999999387
vn -1 3.000000000000039E-06 0.000638
vn -1 3.000000000000039E-06 0.000638
vn -0.999984 -0.005558 0.0006350000000000004
vn -0.999996 2.0000000000001664E-06 0.002719
vn -0.999984 -0.005558 0.0006350000000000004
vn -0.999984 -0.005558 0.0006350000000000004
vn 0.000693 -0.999989 0.004641000000000062
vn 0.010658 -0.999943 0.0008710000000000613
vn -0.010699 0.999942 0.0008589999999999387
vn -0.010664 0.999943 0.0008719999999999388
vn -0.010699 0.999942 0.0008589999999999387
vn -0.010699 0.999942 0.0008589999999999387
vn 1 3.4902433775699566E-20 0.00057
vn 1 3.4902433775699566E-20 0.00057
vn -0.999981 0.005604 0.0027359999999999997
vn -1 2.000000000000039E-06 0.000638
vn -0.999981 0.005604 0.0027359999999999997
vn -0.999981 0.005604 0.0027359999999999997
vn 0 -1 0.0008650000000000612
vn 0 -1 0.0008650000000000612
vn -0.00632 0.99998 0.0008619999999999388
vn 0 0.999995 0.003238999999999939
vn -0.00632 0.99998 0.0008619999999999388
vn -0.00632 0.99998 0.0008619999999999388
vn 1 -2.999999999999965E-06 0.000572
vn 1 -2.999999999999965E-06 0.000572
vn -1 3.000000000000039E-06 0.000638
vn -1 3.000000000000039E-06 0.000638
vn -1 3.000000000000039E-06 0.000638
vn -1 3.000000000000039E-06 0.000638
vn 0 -1 0.0008650000000000612
vn 0 -1 0.0008650000000000612
vn 0.011382 0.999922 0.0051699999999999385
vn 0 1 0.0008649999999999387
vn 0.011382 0.999922 0.0051699999999999385
vn 0.011382 0.999922 0.0051699999999999385
vn 0.999998 0.002094 0.0005679999999999999
vn 0.999998 0.002094 0.0005679999999999999
vn -0.577145 0.816598 0.00844299999999995
vn -0.575311 0.817874 0.010005999999999949
vn -0.577145 0.816598 0.00844299999999995
vn -0.577145 0.816598 0.00844299999999995
vn 6E-06 -0.999955 0.00952600000000006
vn 6E-06 -0.999955 0.00952600000000006
vn 6E-06 -0.999955 0.00952600000000006
vn 6E-06 -0.999955 0.00952600000000006
vn 0.576235 0.817255 -0.0069280000000000504
vn 0.575322 0.817891 -0.00771600000000005
vn 0.576235 0.817255 -0.0069280000000000504
vn 0.576235 0.817255 -0.0069280000000000504
vn 0.948634 -0.316287 -0.007513999999999981
vn 0.948634 -0.316287 -0.007513999999999981
vn 0.002496 6.123215626034779E-17 0.999997
vn 0.002496 6.123215626034779E-17 0.999997
vn 0.002496 6.123215626034779E-17 0.999997
vn 0.002496 6.123215626034779E-17 0.999997
vn -0.999998 1.3207815728804206E-19 0.002157
vn -0.999998 2.000000000000133E-06 0.002172
vn 0.010498 -0.0004529999999999388 0.999945
vn 0.01388 6.122646165273175E-17 0.999904
vn 0.010498 -0.0004529999999999388 0.999945
vn 0.010498 -0.0004529999999999388 0.999945
vn 0.015053 6.122542070295247E-17 0.999887
vn 0.015053 6.122542070295247E-17 0.999887
vn 0.015053 6.122542070295247E-17 0.999887
vn 0.015053 6.122542070295247E-17 0.999887
vn -0.999998 1.0000000000001268E-06 0.002073
vn -0.999999 -8.899999999999991E-05 0.001327
vn 0.002583 6.123215626034779E-17 0.999997
vn 0.002583 6.123215626034779E-17 0.999997
vn 0.002583 6.123215626034779E-17 0.999997
vn 0.002583 6.123215626034779E-17 0.999997
vn 0.001081 -0.0004539999999999387 0.999999
vn 0.005949 0.00019700000000006122 0.999982
vn -0.00877 -0.31971799999999995 0.947472
vn -0.001775 6.123221749268775E-17 0.999998
vn -0.001775 6.123221749268775E-17 0.999998
vn -0.001775 6.123221749268775E-17 0.999998
vn 0.004197 -0.34450699999999995 0.938774
vn -0.000712 -0.21226299999999995 0.977212
vn -0.000712 -0.21226299999999995 0.977212
vn -0.000712 -0.21226299999999995 0.977212
vn -0.999895 8.884812527814048E-19 0.01451
vn -0.999895 8.884812527814048E-19 0.01451
vn -0.989516 -0.144337 0.004897000000000009
vn -0.989516 -0.144337 0.004897000000000009
vn -0.989516 -0.144337 0.004897000000000009
vn 0.99901 -1.3999999999997276E-05 0.04449
vn 0.99901 -1.3999999999997276E-05 0.04449
vn 0.99901 -1.3999999999997276E-05 0.04449
vn 0 -0.99494 0.10047300000000006
vn 0 -0.99494 0.10047300000000006
vn -0.990732 8.31718873640925E-18 0.13583
vn -0.990732 8.31718873640925E-18 0.13583
vn 0 0.99494 0.10047299999999995
vn 0 0.99494 0.10047299999999995
vn 0 0.99494 0.10047299999999995
vn -0.98088 3.600000000001192E-05 0.194612
vn -0.980871 7.800000000001192E-05 0.194661
vn -0.981069 -3.899999999998814E-05 0.193658
vn -0.98106 1.1860949179101945E-17 0.193704
vn 0.980777 0.015047000000000012 0.194549
vn 0.980777 0.015047000000000012 0.194549
vn -0.97797 1.2782006036740669E-17 0.208746
vn -0.97797 1.2782006036740669E-17 0.208746
vn 0.978009 -0.0038579999999999873 0.208529
vn 0.978009 -0.0038579999999999873 0.208529
vn 0.002347 -0.981613 0.19087000000000007
vn 0.002347 -0.981613 0.19087000000000007
vn 0.002435 0.98158 0.19103299999999995
vn 0.002435 0.98158 0.19103299999999995
vn 0.002435 0.98158 0.19103299999999995
vn 0.002406 0.981587 0.19099899999999995
vn 0.978009 0.0038590000000000126 0.208525
vn 0.978009 0.0038590000000000126 0.208525
vn -0.977968 1.2782434663120371E-17 0.208753
vn -0.977968 1.2782434663120371E-17 0.208753
vn 0.980963 -0.015043999999999988 0.193614
vn 0.980963 -0.015043999999999988 0.193614
vn 0.980963 -0.015043999999999988 0.193614
vn 0.980963 -0.015039999999999987 0.193609
vn 0 0.981736 0.19024899999999995
vn 0 0.981736 0.19024899999999995
vn 0 0.981736 0.19024899999999995
vn 0 0.981736 0.19024899999999995
vn 0 -0.981736 0.19024900000000006
vn 0 -0.981736 0.19024900000000006
vn 0 -0.981736 0.19024900000000006
vn 0 -0.981736 0.19024900000000006
vn 0 6.123233995736766E-17 1
vn 0 6.123233995736766E-17 1
vn 0 6.123233995736766E-17 1
vn 0 6.123233995736766E-17 1
vn -1E-06 -0.00039799999999993877 1
vn -1E-06 -0.00039799999999993877 1
vn -1E-06 -0.00039799999999993877 1
vn -0.000389 -5.999999999938768E-06 1
vn -0.000389 0.0003980000000000613 1
vn -0.000389 0.0003980000000000613 1
vn -0.000389 0.0003980000000000613 1
vn 0 6.123233995736766E-17 1
vn 0 6.123233995736766E-17 1
vn 0 6.123233995736766E-17 1
vn 0 6.123233995736766E-17 1
vn 0 6.123233995736766E-17 1
vn 0.000894 0.999999 -0.0007110000000000613
vn 0.000894 0.999999 -0.0007110000000000613
vn -0.707235 -0.706978 -0.00010999999999995672
vn 1 0.000695 -0.000533
vn 1 0.000695 -0.000533
vn 1 0.000695 -0.000533
vn 1 0.000695 -0.000534
vn 0 6.123233995736766E-17 1
vn 0 6.123233995736766E-17 1
vn 0 6.123233995736766E-17 1
vn 0.000276 0.00027100000000006123 1
vn 0.000894 0.999999 -0.0010660000000000613
vn 0.000894 0.999999 -0.0010660000000000613
vn -0.707236 -0.706977 -9.399999999995671E-05
vn 1 0.000695 -0.000489
vn 1 0.000695 -0.000489
vn 1 0.000695 -0.000489
vn 1 0.000695 -0.000489
vn 0 6.123233995736766E-17 1
vn 0 6.123233995736766E-17 1
vn 0 6.123233995736766E-17 1
vn 0.000276 0.00027100000000006123 1
vn 0.000894 0.999999 -0.0007110000000000613
vn 0.000894 0.999999 -0.0007110000000000613
vn -0.707226 -0.706988 -0.0002439999999999567
vn 1 0.000689 -0.000489
vn 1 0.000689 -0.000489
vn 1 0.000689 -0.000489
vn 1 0.000692 -0.000512
vn 0 6.123233995736766E-17 1
vn 0 6.123233995736766E-17 1
vn 0 6.123233995736766E-17 1
vn 0.000276 0.00027100000000006123 1
vn 0.000894 0.999999 -0.0010660000000000613
vn 0.000894 0.999999 -0.0010660000000000613
vn -0.707238 -0.706975 -9.399999999995671E-05
vn 1 0.000707 -0.000578
vn 1 0.000707 -0.000578
vn 1 0.000707 -0.000578
vn 1 0.000686 -0.00042300000000000004
vn 0 6.123233995736766E-17 1
vn 0 6.123233995736766E-17 1
vn 0 6.123233995736766E-17 1
vn 0.000276 0.00027100000000006123 1
vn 0.767583 0.13738299999999998 -0.626053
vn 0.767578 0.13740199999999997 -0.626054
vn 0.441468 0.19232599999999994 -0.876423
vn 0.441468 0.19232599999999994 -0.876423
vn 0.441465 0.19231899999999993 -0.876426
vn -0.767587 0.13739899999999997 -0.626045
vn 1 0 0
vn 1 0 0
vn -1 1.8369701987210298E-22 3E-06
vn -1 1.8369701987210298E-22 3E-06
vn -1 -9.999999999999997E-07 3E-06
vn -1 0 0
vn -1 -1.5E-05 -4.9999999999999996E-06
vn 1 0 0
vn 1 0 0
vn 1 0 0
vn 1.4E-05 0.976755 0.21435999999999994
vn 0 -0.21433999999999995 0.976759
vn 0 -0.21433999999999995 0.976759
vn 0 -0.21433999999999995 0.976759
vn 0 -0.21433999999999995 0.976759
vn -0.441475 0.19231799999999993 -0.876421
vn -0.441475 0.19231799999999993 -0.876421
vn -0.441475 0.19231799999999993 -0.876421
vn -0.441471 0.19232499999999994 -0.876421
vn -0.113274 0.767564 -0.630883
vn -0.113176 0.76759 -0.630869
vn -0.158489 0.44147999999999993 -0.883163
vn -0.158489 0.44147999999999993 -0.883163
vn -0.158436 0.44145299999999993 -0.883186
vn -0.113176 -0.767591 -0.630868
vn 0 1 -6.123233995736766E-17
vn 0 1 -6.123233995736766E-17
vn 0 -1 6.123233995736766E-17
vn 0 -1 6.123233995736766E-17
vn 0 -1 6.123233995736766E-17
vn 0 -1 6.123233995736766E-17
vn 0 -1 6.123233995736766E-17
vn 0 1 -6.123233995736766E-17
vn 0 1 -6.123233995736766E-17
vn 0.000124 1 9.999999999387675E-07
vn -0.984287 8.000000000010811E-06 0.176575
vn 0.17658 6.027013496727759E-17 0.984286
vn 0.17658 6.027013496727759E-17 0.984286
vn 0.17658 6.027013496727759E-17 0.984286
vn 0.17658 6.027013496727759E-17 0.984286
vn -0.158435 -0.44145400000000007 -0.883186
vn -0.158435 -0.44145400000000007 -0.883186
vn -0.158435 -0.44145400000000007 -0.883186
vn -0.158443 -0.44145000000000006 -0.883186
vn -0.811433 -0.14525200000000002 -0.566109
vn -0.811438 -0.14523100000000003 -0.566106
vn -0.495473 -0.21587900000000004 -0.84137
vn -0.495473 -0.21587900000000004 -0.84137
vn -0.49547 -0.21587300000000006 -0.841373
vn 0.811436 -0.14523100000000003 -0.566109
vn -1 0 0
vn -1 0 0
vn 1 0 0
vn 1 0 0
vn 1 0 0
vn 1 0 0
vn 1 0 0
vn -1 0 0
vn -1 0 0
vn -1 0 0
vn 2E-06 -0.982838 0.18447300000000005
vn 0 0.24849600000000005 0.968633
vn 0 0.24849600000000005 0.968633
vn 0 0.24849600000000005 0.968633
vn 0 0.24849200000000005 0.968634
vn 0.495473 -0.21587200000000006 -0.841371
vn 0.495473 -0.21587200000000006 -0.841371
vn 0.495473 -0.21587200000000006 -0.841371
vn 0.49547 -0.21587900000000004 -0.841371
vn -0.571516 -0.81253 0.11473500000000006
vn -0.571516 -0.81253 0.11473500000000006
vn -0.941817 0.315905 0.11482099999999999
vn -0.941817 0.315905 0.11482099999999999
vn 0 0.993398 0.11471999999999995
vn 0 0.993398 0.11471999999999995
vn 0.941815 0.315911 0.11482199999999998
vn 0.941815 0.315911 0.11482199999999998
vn 0.941815 0.315911 0.11482199999999998
vn 0.514499 -5.250618042238315E-17 -0.857491
vn 0.514499 -5.250618042238315E-17 -0.857491
vn 0.940507 -2.080515707667464E-17 -0.339774
vn 0.940507 -2.080515707667464E-17 -0.339774
vn 1 0 0
vn 1 0 0
vn -1 0 0
vn -0.999993 -0.003689 -0.00012699999999999978
vn -0.999993 -0.003689 -0.00012699999999999978
vn -0.999993 -0.003689 -0.00012699999999999978
vn -0.940507 2.080515707667464E-17 0.339774
vn -0.940507 2.080515707667464E-17 0.339774
vn -0.940507 2.080515707667464E-17 0.339774
vn -0.66631 4.565942509771013E-17 0.745675
vn -0.66631 4.565942509771013E-17 0.745675
vn -0.66631 4.565942509771013E-17 0.745675
vn 0.940507 2.080509584433468E-17 0.339773
vn 0.940507 2.080509584433468E-17 0.339773
vn 0.999993 -0.003676 2.250900816832835E-19
vn 0.999993 -0.003676 2.250900816832835E-19
vn 1 -8.082668874372531E-21 -0.000132
vn 1 -8.082668874372531E-21 -0.000132
vn 1 -8.082668874372531E-21 -0.000132
vn -1 0 0
vn -1 0 0
vn -0.940507 -2.080509584433468E-17 -0.339773
vn -0.940507 -2.080509584433468E-17 -0.339773
vn -0.940507 -2.080509584433468E-17 -0.339773
vn -0.514497 -5.250624165472311E-17 -0.857492
vn -0.514497 -5.250624165472311E-17 -0.857492
vn -0.514497 -5.250624165472311E-17 -0.857492
vn 0.666309 4.565948633005009E-17 0.745676
vn 0.666309 4.565948633005009E-17 0.745676
vn 0.666309 4.565948633005009E-17 0.745676
vn -0.741796 -0.670625 7.000000000041064E-06
vn -0.868159 -0.496285 1.0000000000030389E-05
vn -0.994229 0.107282 -6.5691278953063174E-18
vn -0.994228 -0.107284 2.000000000006569E-06
vn 0 6.123233995736766E-17 1
vn 0 6.123233995736766E-17 1
vn 0 6.123233995736766E-17 1
vn 0 6.123233995736766E-17 1
vn 0 6.123233995736766E-17 1
vn 0 6.123233995736766E-17 1
vn 0 6.123233995736766E-17 1
vn 0 6.123233995736766E-17 1
vn 0.893287 2.752314079041732E-17 0.449487
vn 0.443928 5.4867973006878784E-17 0.896062
vn 0 -1 6.123233995736766E-17
vn 0 -1 6.123233995736766E-17
vn 0 -1 6.123233995736766E-17
vn -1.1E-05 1 -6.123233995736766E-17
vn -1.1E-05 1 -6.123233995736766E-17
vn -1.1E-05 1 -6.123233995736766E-17
vn 0.892074 2.7670282103334874E-17 0.45189
vn 0.431993 -0.0004929999999999448 0.901877
vn 0.893829 2.7457071095603315E-17 0.448408
vn 0.444197 5.4859829105664447E-17 0.895929
vn 0 -1 6.123233995736766E-17
vn 0 -1 6.123233995736766E-17
vn 0 -1 6.123233995736766E-17
vn 0 1 -6.123233995736766E-17
vn 0 1 -6.123233995736766E-17
vn 0 1 -6.123233995736766E-17
vn 0 -1 6.123233995736766E-17
vn 0.891669 -9.699999999997228E-05 0.452687
vn 0.429418 5.5299293609538476E-17 0.903106
vn 0.442625 -0.00037399999999994507 0.896707
vn 0 -1 6.123233995736766E-17
vn 0 -1 6.123233995736766E-17
vn 0 -1 6.123233995736766E-17
vn 0 1 -6.123233995736766E-17
vn 0 1 -6.123233995736766E-17
vn 0 1 -6.123233995736766E-17
vn 0.896266 2.7157644953211793E-17 0.443518
vn 0.445297 5.482639624804773E-17 0.895383
vn 0.894533 2.73709171932833E-17 0.447001
vn 0.430862 5.525716575964781E-17 0.902418
vn 1.2E-05 -1 6.123233995736766E-17
vn 1.2E-05 -1 6.123233995736766E-17
vn 1.2E-05 -1 6.123233995736766E-17
vn 0 1 -6.123233995736766E-17
vn 0 1 -6.123233995736766E-17
vn 0 1 -6.123233995736766E-17
vn 0.892237 2.76505652898686E-17 0.451568
vn 0.432272 -0.00024699999999994475 0.901743
vn 0.893814 2.745884683346208E-17 0.448437
vn 0.444079 5.4863441813721934E-17 0.895988
vn -1.1E-05 -1 6.123233995736766E-17
vn -1.1E-05 -1 6.123233995736766E-17
vn -1.1E-05 -1 6.123233995736766E-17
vn 0 1 -6.123233995736766E-17
vn 0 1 -6.123233995736766E-17
vn 0 1 -6.123233995736766E-17
vn 0.442625 -0.00037399999999994507 0.896707
vn 0.893651 -0.0005859999999999726 0.448762
vn 0.893447 0.00016200000000002752 0.44917
vn 0.893447 0.00016200000000002752 0.44917
vn 0.442867 -0.0003309999999999451 0.896587
vn 0.892759 -0.0005439999999999725 0.450534
vn 0.432039 -0.0004909999999999448 0.901855
vn 0 1 -6.123233995736766E-17
vn 0 1 -6.123233995736766E-17
vn 0 1 -6.123233995736766E-17
vn 0.891724 -9.999999999722874E-07 0.45258
vn 0.443153 5.489148622542241E-17 0.896446
vn 0.890362 -0.00024599999999997215 0.455253
vn 0.43124 -0.00024699999999994475 0.902237
vn 0 -1 6.123233995736766E-17
vn 0 -1 6.123233995736766E-17
vn 0 -1 6.123233995736766E-17
vn -1.1E-05 1 -7.000000000061232E-06
vn -1.1E-05 1 -7.000000000061232E-06
vn -1.1E-05 1 -7.000000000061232E-06
vn 0.892072 2.7670465800354742E-17 0.451893
vn 0.43199 -0.0004929999999999448 0.901878
vn 0.893828 2.745719356028323E-17 0.44841
vn 0.444199 5.485976787332449E-17 0.895928
vn 0 -1 6.123233995736766E-17
vn 0 -1 6.123233995736766E-17
vn 0 -1 6.123233995736766E-17
vn 1.1E-05 1 -6.123233995736766E-17
vn 1.1E-05 1 -6.123233995736766E-17
vn 1.1E-05 1 -6.123233995736766E-17
vn 0 -1 6.123233995736766E-17
vn 0.891671 -9.699999999997228E-05 0.452684
vn 0.429419 5.5299232377198525E-17 0.903105
vn 0.442626 -0.00037399999999994507 0.896706
vn 0 -1 6.123233995736766E-17
vn 0 -1 6.123233995736766E-17
vn 0 -1 6.123233995736766E-17
vn 0 1 -6.123233995736766E-17
vn 0 1 -6.123233995736766E-17
vn 0 1 -6.123233995736766E-17
vn 0.442626 -0.00037399999999994507 0.896706
vn 0.893652 -0.0005859999999999726 0.448759
vn 0.893447 0.00016100000000002752 0.449169
vn 0.893447 0.00016100000000002752 0.449169
vn 0.442868 -0.0003319999999999451 0.896587
vn 0.892759 -0.0005439999999999725 0.450534
vn 0.432037 -0.0004909999999999448 0.901856
vn -1.2E-05 1 -6.123233995736766E-17
vn -1.2E-05 1 -6.123233995736766E-17
vn -1.2E-05 1 -6.123233995736766E-17
vn 0 -0.99494 0.10047300000000006
vn 0 -0.99494 0.10047300000000006
vn 0.990732 8.31718873640925E-18 0.13583
vn 0.990732 8.31718873640925E-18 0.13583
vn 0 0.99494 0.10047299999999995
vn 0 0.99494 0.10047299999999995
vn 0 0.99494 0.10047299999999995
vn 0.980871 7.800000000001192E-05 0.194661
vn 0.98088 3.600000000001192E-05 0.194612
vn 0.98106 1.1860949179101945E-17 0.193704
vn 0.981069 -3.899999999998814E-05 0.193658
vn -0.980777 0.015047000000000012 0.194549
vn -0.980777 0.015047000000000012 0.194549
vn 0.977973 1.2781087551641309E-17 0.208731
vn 0.977973 1.2781087551641309E-17 0.208731
vn -0.978009 -0.0038579999999999873 0.208529
vn -0.978009 -0.0038579999999999873 0.208529
vn -0.002347 -0.981613 0.19087000000000007
vn -0.002347 -0.981613 0.19087000000000007
vn -0.002435 0.98158 0.19103299999999995
vn -0.002435 0.98158 0.19103299999999995
vn -0.002435 0.98158 0.19103299999999995
vn -0.002406 0.981587 0.19099899999999995
vn -0.978008 0.0038590000000000126 0.208532
vn -0.978008 0.0038590000000000126 0.208532
vn 0.977968 1.2782434663120371E-17 0.208753
vn 0.977968 1.2782434663120371E-17 0.208753
vn -0.980963 -0.015043999999999988 0.193614
vn -0.980963 -0.015043999999999988 0.193614
vn -0.980963 -0.015043999999999988 0.193614
vn -0.980963 -0.015039999999999987 0.193609
vn 0 0.981736 0.19024899999999995
vn 0 0.981736 0.19024899999999995
vn 0 0.981736 0.19024899999999995
vn 0 0.981736 0.19024899999999995
vn 0 -0.981736 0.19024900000000006
vn 0 -0.981736 0.19024900000000006
vn 0 -0.981736 0.19024900000000006
vn 0 -0.981736 0.19024900000000006
vn 0 6.123233995736766E-17 1
vn 0 6.123233995736766E-17 1
vn 0 6.123233995736766E-17 1
vn 0 6.123233995736766E-17 1
vn 1E-06 -0.00039799999999993877 1
vn 1E-06 -0.00039799999999993877 1
vn 1E-06 -0.00039799999999993877 1
vn 0.000389 -5.999999999938768E-06 1
vn 0.000389 0.0003980000000000613 1
vn 0.000389 0.0003980000000000613 1
vn 0.000389 0.0003980000000000613 1
vn 0 6.123233995736766E-17 1
vn 0 6.123233995736766E-17 1
vn 0 6.123233995736766E-17 1
vn 0 6.123233995736766E-17 1
vn 0 6.123233995736766E-17 1
vn -0.000894 0.999999 -0.0007110000000000613
vn -0.000894 0.999999 -0.0007110000000000613
vn 0.707235 -0.706978 -0.00010999999999995672
vn -1 0.000695 -0.000533
vn -1 0.000695 -0.000533
vn -1 0.000695 -0.000533
vn -1 0.000695 -0.000534
vn 0 6.123233995736766E-17 1
vn 0 6.123233995736766E-17 1
vn 0 6.123233995736766E-17 1
vn -0.000276 0.00027100000000006123 1
vn -0.000894 0.999999 -0.0010660000000000613
vn -0.000894 0.999999 -0.0010660000000000613
vn 0.707236 -0.706977 -9.399999999995671E-05
vn -1 0.000695 -0.000489
vn -1 0.000695 -0.000489
vn -1 0.000695 -0.000489
vn -1 0.000695 -0.000489
vn 0 6.123233995736766E-17 1
vn 0 6.123233995736766E-17 1
vn 0 6.123233995736766E-17 1
vn -0.000276 0.00027100000000006123 1
vn -0.000894 0.999999 -0.0007110000000000613
vn -0.000894 0.999999 -0.0007110000000000613
vn 0.707226 -0.706988 -0.0002439999999999567
vn -1 0.000689 -0.000489
vn -1 0.000689 -0.000489
vn -1 0.000689 -0.000489
vn -1 0.000692 -0.000512
vn 0 6.123233995736766E-17 1
vn 0 6.123233995736766E-17 1
vn 0 6.123233995736766E-17 1
vn -0.000276 0.00027100000000006123 1
vn -0.000894 0.999999 -0.0010660000000000613
vn -0.000894 0.999999 -0.0010660000000000613
vn 0.707238 -0.706975 -9.399999999995671E-05
vn -1 0.000707 -0.000578
vn -1 0.000707 -0.000578
vn -1 0.000707 -0.000578
vn -1 0.000686 -0.00042300000000000004
vn 0 6.123233995736766E-17 1
vn 0 6.123233995736766E-17 1
vn 0 6.123233995736766E-17 1
vn -0.000276 0.00027100000000006123 1
vn -0.767583 0.13738299999999998 -0.626053
vn -0.767578 0.13740199999999997 -0.626054
vn -0.441468 0.19232599999999994 -0.876423
vn -0.441468 0.19232599999999994 -0.876423
vn -0.441465 0.19231899999999993 -0.876426
vn 0.767587 0.13739899999999997 -0.626045
vn -1 0 0
vn -1 0 0
vn 1 1.8369701987210298E-22 3E-06
vn 1 1.8369701987210298E-22 3E-06
vn 1 -9.999999999999997E-07 3E-06
vn 1 0 0
vn 1 -1.5E-05 -4.9999999999999996E-06
vn -1 0 0
vn -1 0 0
vn -1 0 0
vn -1.4E-05 0.976755 0.21435999999999994
vn 0 -0.21433999999999995 0.976759
vn 0 -0.21433999999999995 0.976759
vn 0 -0.21433999999999995 0.976759
vn 0 -0.21433999999999995 0.976759
vn 0.441475 0.19231799999999993 -0.876421
vn 0.441475 0.19231799999999993 -0.876421
vn 0.441475 0.19231799999999993 -0.876421
vn 0.441471 0.19232499999999994 -0.876421
vn 0.113274 0.767564 -0.630883
vn 0.113176 0.76759 -0.630869
vn 0.158489 0.44147999999999993 -0.883163
vn 0.158489 0.44147999999999993 -0.883163
vn 0.158436 0.44145299999999993 -0.883186
vn 0.113176 -0.767591 -0.630868
vn 0 1 -6.123233995736766E-17
vn 0 1 -6.123233995736766E-17
vn 0 -1 6.123233995736766E-17
vn 0 -1 6.123233995736766E-17
vn 0 -1 6.123233995736766E-17
vn 0 -1 6.123233995736766E-17
vn 0 -1 6.123233995736766E-17
vn 0 1 -6.123233995736766E-17
vn 0 1 -6.123233995736766E-17
vn -0.000124 1 9.999999999387675E-07
vn 0.984287 8.000000000010811E-06 0.176575
vn -0.17658 6.027013496727759E-17 0.984286
vn -0.17658 6.027013496727759E-17 0.984286
vn -0.17658 6.027013496727759E-17 0.984286
vn -0.17658 6.027013496727759E-17 0.984286
vn 0.158435 -0.44145400000000007 -0.883186
vn 0.158435 -0.44145400000000007 -0.883186
vn 0.158435 -0.44145400000000007 -0.883186
vn 0.158443 -0.44145000000000006 -0.883186
vn 0.787411 -0.14095300000000002 -0.600096
vn 0.787417 -0.14093200000000003 -0.600094
vn 0.4647 -0.20247200000000007 -0.862009
vn 0.4647 -0.20247200000000007 -0.862009
vn 0.464698 -0.20246800000000006 -0.862011
vn -0.787415 -0.14093200000000003 -0.600097
vn 1 0 0
vn 1 0 0
vn -1 0 0
vn -1 0 0
vn -1 0 0
vn -1 0 0
vn -1 0 0
vn 1 0 0
vn 1 0 0
vn 1 0 0
vn -2E-06 -0.979621 0.20085400000000006
vn 0 0.22862900000000005 0.973514
vn 0 0.22862900000000005 0.973514
vn 0 0.22862900000000005 0.973514
vn -0 0.22862500000000005 0.973515
vn -0.4647 -0.20246800000000006 -0.86201
vn -0.4647 -0.20246800000000006 -0.86201
vn -0.4647 -0.20246800000000006 -0.86201
vn -0.464698 -0.20247200000000007 -0.86201
vn -0.443928 5.4867973006878784E-17 0.896062
vn -0.893287 2.752314079041732E-17 0.449487
vn 0 -1 6.123233995736766E-17
vn 0 -1 6.123233995736766E-17
vn 0 -1 6.123233995736766E-17
vn 1.1E-05 1 -6.123233995736766E-17
vn 1.1E-05 1 -6.123233995736766E-17
vn 1.1E-05 1 -6.123233995736766E-17
vn -0.893826 2.7457377257303104E-17 0.448413
vn -0.431991 -0.0004929999999999448 0.901878
vn -0.892071 2.7670649497374616E-17 0.451896
vn -0.444196 5.485989033800441E-17 0.89593
vn 0 -1 6.123233995736766E-17
vn 0 -1 6.123233995736766E-17
vn 0 -1 6.123233995736766E-17
vn 0 1 -6.123233995736766E-17
vn 0 1 -6.123233995736766E-17
vn 0 1 -6.123233995736766E-17
vn 0 -1 6.123233995736766E-17
vn -0.429418 5.5299293609538476E-17 0.903106
vn -0.891669 -9.699999999997228E-05 0.452687
vn -0.442625 -0.00037399999999994507 0.896707
vn 0 -1 6.123233995736766E-17
vn 0 -1 6.123233995736766E-17
vn 0 -1 6.123233995736766E-17
vn 0 1 -6.123233995736766E-17
vn 0 1 -6.123233995736766E-17
vn 0 1 -6.123233995736766E-17
vn -0.894531 2.7371223354983088E-17 0.447006
vn -0.445296 5.4826457480387684E-17 0.895384
vn -0.896263 2.7157951114911578E-17 0.443523
vn -0.430861 5.525716575964781E-17 0.902418
vn -1.2E-05 -1 6.123233995736766E-17
vn -1.2E-05 -1 6.123233995736766E-17
vn -1.2E-05 -1 6.123233995736766E-17
vn 0 1 -6.123233995736766E-17
vn 0 1 -6.123233995736766E-17
vn 0 1 -6.123233995736766E-17
vn -0.893814 2.745884683346208E-17 0.448437
vn -0.432272 -0.0002459999999999448 0.901743
vn -0.892237 2.76505652898686E-17 0.451568
vn -0.444079 5.4863441813721934E-17 0.895988
vn 1.1E-05 -1 6.123233995736766E-17
vn 1.1E-05 -1 6.123233995736766E-17
vn 1.1E-05 -1 6.123233995736766E-17
vn 0 1 -6.123233995736766E-17
vn 0 1 -6.123233995736766E-17
vn 0 1 -6.123233995736766E-17
vn -0.893651 -0.0005859999999999726 0.448762
vn -0.442625 -0.00037399999999994507 0.896707
vn -0.893444 0.00016200000000002752 0.449175
vn -0.892757 -0.0005439999999999725 0.450539
vn -0.442866 -0.0003309999999999451 0.896588
vn -0.893444 0.00016200000000002752 0.449175
vn -0.432038 -0.0004909999999999448 0.901855
vn 0 1 -6.123233995736766E-17
vn 0 1 -6.123233995736766E-17
vn 0 1 -6.123233995736766E-17
vn -0.890361 -0.0002469999999999721 0.455255
vn -0.443151 5.489154745776237E-17 0.896447
vn -0.891723 -1.999999999972287E-06 0.452582
vn -0.43124 -0.00024799999999994477 0.902237
vn 0 -1 6.123233995736766E-17
vn 0 -1 6.123233995736766E-17
vn 0 -1 6.123233995736766E-17
vn 1.1E-05 1 -7.000000000061232E-06
vn 1.1E-05 1 -7.000000000061232E-06
vn 1.1E-05 1 -7.000000000061232E-06
vn -0.893831 2.7456887398583447E-17 0.448405
vn -0.431991 -0.0004929999999999448 0.901878
vn -0.892075 2.7670159638654957E-17 0.451888
vn -0.4442 5.485976787332449E-17 0.895928
vn 0 -1 6.123233995736766E-17
vn 0 -1 6.123233995736766E-17
vn 0 -1 6.123233995736766E-17
vn -1.1E-05 1 -6.123233995736766E-17
vn -1.1E-05 1 -6.123233995736766E-17
vn -1.1E-05 1 -6.123233995736766E-17
vn 0 -1 6.123233995736766E-17
vn -0.429418 5.5299293609538476E-17 0.903106
vn -0.89167 -9.799999999997228E-05 0.452687
vn -0.442626 -0.0003749999999999451 0.896706
vn 0 -1 6.123233995736766E-17
vn 0 -1 6.123233995736766E-17
vn 0 -1 6.123233995736766E-17
vn 0 1 -6.123233995736766E-17
vn 0 1 -6.123233995736766E-17
vn 0 1 -6.123233995736766E-17
vn -0.893651 -0.0005869999999999725 0.448762
vn -0.442626 -0.0003749999999999451 0.896706
vn -0.893448 0.00016200000000002752 0.449166
vn -0.89276 -0.0005429999999999724 0.450531
vn -0.442868 -0.0003309999999999451 0.896587
vn -0.893448 0.00016200000000002752 0.449166
vn -0.432039 -0.0004909999999999448 0.901855
vn 1.2E-05 1 -6.123233995736766E-17
vn 1.2E-05 1 -6.123233995736766E-17
vn 1.2E-05 1 -6.123233995736766E-17
vn 0.00877 -0.31971799999999995 0.947472
vn 0.001775 6.123221749268775E-17 0.999998
vn 0.001775 6.123221749268775E-17 0.999998
vn 0.001775 6.123221749268775E-17 0.999998
vn -0.004197 -0.34450699999999995 0.938774
vn 0.000712 -0.21226299999999995 0.977212
vn 0.000712 -0.21226299999999995 0.977212
vn 0.000712 -0.21226299999999995 0.977212
vn 0.999895 8.884812527814048E-19 0.01451
vn 0.999895 8.884812527814048E-19 0.01451
vn 0.989513 -0.144359 0.004895000000000009
vn 0.989513 -0.144359 0.004895000000000009
vn 0.989513 -0.144359 0.004895000000000009
vn -0.99901 -1.3999999999997276E-05 0.04449
vn -0.99901 -1.3999999999997276E-05 0.04449
vn -0.99901 -1.3999999999997276E-05 0.04449
vn 0.01927 0.999489 -0.025501000000000062
vn 0.019248 0.999483 -0.025755000000000063
vn -0.713359 -0.700516 -0.019928999999999957
vn 0.999038 0.028484999999999996 -0.033339
vn 0.999038 0.028484999999999996 -0.033339
vn 0.999038 0.028484999999999996 -0.033339
vn 0.999034 0.028494999999999996 -0.033452
vn 0.000164 0.00016000000000006124 1
vn 0.000164 0.00016000000000006124 1
vn 0.000164 0.00016000000000006124 1
vn 0 6.123233995736766E-17 1
vn 0.019255 0.999485 -0.025679000000000063
vn 0.019264 0.999487 -0.025578000000000062
vn -0.713359 -0.700518 -0.019810999999999957
vn 0.999037 0.028484999999999996 -0.033366
vn 0.999037 0.028484999999999996 -0.033366
vn 0.999037 0.028484999999999996 -0.033366
vn 0.999033 0.028494999999999996 -0.033479
vn 0.000164 0.00016000000000006124 1
vn 0.000164 0.00016000000000006124 1
vn 0.000164 0.00016000000000006124 1
vn 0 6.123233995736766E-17 1
vn 0 -0.992285 0.12397700000000006
vn 0 -0.992285 0.12397700000000006
vn 0.99183 7.811287143681476E-18 0.127568
vn 0.99183 7.811287143681476E-18 0.127568
vn 0 0.992285 0.12397699999999995
vn 0 0.992285 0.12397699999999995
vn 0 0.992285 0.12397699999999995
vn 0 -0.992304 0.12382900000000005
vn 0 -0.992304 0.12382900000000005
vn 0.99183 9.000000000007812E-06 0.127567
vn 0.99183 9.000000000007812E-06 0.127567
vn 0 0.992306 0.12381099999999995
vn 0 0.992306 0.12381099999999995
vn 0 0.992306 0.12381099999999995
vn 0 -0.992285 0.12397700000000006
vn 0 -0.992285 0.12397700000000006
vn 0.991843 7.805102677345783E-18 0.127467
vn 0.991843 7.805102677345783E-18 0.127467
vn 0 0.992285 0.12397699999999995
vn 0 0.992285 0.12397699999999995
vn 0 0.992285 0.12397699999999995
vn 7.4E-05 -0.992305 0.12382000000000006
vn 7.4E-05 -0.992305 0.12382000000000006
vn 0.991843 7.805102677345783E-18 0.127467
vn 0.991843 7.805102677345783E-18 0.127467
vn 0 0.992306 0.12381099999999995
vn 0 0.992306 0.12381099999999995
vn 0 0.992306 0.12381099999999995
vn 0.019255 0.999485 -0.025679000000000063
vn 0.019264 0.999487 -0.025578000000000062
vn -0.713359 -0.700519 -0.01980299999999996
vn 0.999037 0.028484999999999996 -0.033366
vn 0.999037 0.028484999999999996 -0.033366
vn 0.999037 0.028484999999999996 -0.033366
vn 0.999034 0.028492999999999997 -0.033457
vn 0.000164 0.00016000000000006124 1
vn 0.000164 0.00016000000000006124 1
vn 0.000164 0.00016000000000006124 1
vn 0 6.123233995736766E-17 1
vn 0.01927 0.999489 -0.025502000000000063
vn 0.019264 0.999487 -0.025578000000000062
vn -0.713359 -0.700519 -0.019810999999999957
vn 0.999037 0.028484999999999996 -0.033361
vn 0.999037 0.028484999999999996 -0.033361
vn 0.999037 0.028484999999999996 -0.033361
vn 0.999034 0.028492999999999997 -0.033457
vn 0.000164 0.00016000000000006124 1
vn 0.000164 0.00016000000000006124 1
vn 0.000164 0.00016000000000006124 1
vn 0 6.123233995736766E-17 1
vn 0.019255 0.999485 -0.025679000000000063
vn 0.019264 0.999487 -0.025578000000000062
vn -0.713359 -0.700518 -0.019810999999999957
vn 0.999037 0.028486999999999995 -0.033366
vn 0.999037 0.028486999999999995 -0.033366
vn 0.999037 0.028486999999999995 -0.033366
vn 0.999034 0.028494999999999996 -0.033457
vn 0.000164 0.00016000000000006124 1
vn 0.000164 0.00016000000000006124 1
vn 0.000164 0.00016000000000006124 1
vn 0 6.123233995736766E-17 1
vn 0.01927 0.999489 -0.025502000000000063
vn 0.019248 0.999483 -0.025755000000000063
vn -0.713361 -0.700515 -0.01986599999999996
vn 0.999037 0.028484999999999996 -0.033361
vn 0.999037 0.028484999999999996 -0.033361
vn 0.999037 0.028484999999999996 -0.033361
vn 0.999033 0.028494999999999996 -0.033479
vn 0.000164 0.00016000000000006124 1
vn 0.000164 0.00016000000000006124 1
vn 0.000164 0.00016000000000006124 1
vn 0 6.123233995736766E-17 1
vn 0.019255 0.999485 -0.025679000000000063
vn 0.019264 0.999487 -0.025578000000000062
vn -0.713359 -0.700519 -0.01980299999999996
vn 0.999037 0.028484999999999996 -0.033366
vn 0.999037 0.028484999999999996 -0.033366
vn 0.999037 0.028484999999999996 -0.033366
vn 0.999033 0.028494999999999996 -0.033479
vn 0.000164 0.00016000000000006124 1
vn 0.000164 0.00016000000000006124 1
vn 0.000164 0.00016000000000006124 1
vn 0 6.123233995736766E-17 1
vn 0.01927 0.999489 -0.025502000000000063
vn 0.019248 0.999483 -0.025756000000000064
vn -0.713361 -0.700515 -0.01986599999999996
vn 0.999037 0.028484999999999996 -0.033361
vn 0.999037 0.028484999999999996 -0.033361
vn 0.999037 0.028484999999999996 -0.033361
vn 0.999034 0.028492999999999997 -0.033457
vn 0.000164 0.00016000000000006124 1
vn 0.000164 0.00016000000000006124 1
vn 0.000164 0.00016000000000006124 1
vn 0 6.123233995736766E-17 1
vn -0.01927 0.999489 -0.025501000000000062
vn -0.019248 0.999483 -0.025755000000000063
vn 0.713359 -0.700516 -0.019928999999999957
vn -0.999038 0.028484999999999996 -0.033339
vn -0.999038 0.028484999999999996 -0.033339
vn -0.999038 0.028484999999999996 -0.033339
vn -0.999034 0.028494999999999996 -0.033452
vn -0.000164 0.00016000000000006124 1
vn -0.000164 0.00016000000000006124 1
vn -0.000164 0.00016000000000006124 1
vn 0 6.123233995736766E-17 1
vn -0.019255 0.999485 -0.025679000000000063
vn -0.019264 0.999487 -0.025578000000000062
vn 0.713359 -0.700518 -0.019810999999999957
vn -0.999037 0.028484999999999996 -0.033366
vn -0.999037 0.028484999999999996 -0.033366
vn -0.999037 0.028484999999999996 -0.033366
vn -0.999033 0.028494999999999996 -0.033479
vn -0.000164 0.00016000000000006124 1
vn -0.000164 0.00016000000000006124 1
vn -0.000164 0.00016000000000006124 1
vn 0 6.123233995736766E-17 1
vn 0 -0.992285 0.12397700000000006
vn 0 -0.992285 0.12397700000000006
vn -0.99183 7.811287143681476E-18 0.127568
vn -0.99183 7.811287143681476E-18 0.127568
vn 0 0.992285 0.12397699999999995
vn 0 0.992285 0.12397699999999995
vn 0 0.992285 0.12397699999999995
vn 0 -0.992304 0.12382900000000005
vn 0 -0.992304 0.12382900000000005
vn -0.99183 9.000000000007812E-06 0.127567
vn -0.99183 9.000000000007812E-06 0.127567
vn 0 0.992306 0.12381099999999995
vn 0 0.992306 0.12381099999999995
vn 0 0.992306 0.12381099999999995
vn 0 -0.992285 0.12397700000000006
vn 0 -0.992285 0.12397700000000006
vn -0.991843 7.805102677345783E-18 0.127467
vn -0.991843 7.805102677345783E-18 0.127467
vn 0 0.992285 0.12397699999999995
vn 0 0.992285 0.12397699999999995
vn 0 0.992285 0.12397699999999995
vn -7.4E-05 -0.992305 0.12382000000000006
vn -7.4E-05 -0.992305 0.12382000000000006
vn -0.991843 7.805102677345783E-18 0.127467
vn -0.991843 7.805102677345783E-18 0.127467
vn 0 0.992306 0.12381099999999995
vn 0 0.992306 0.12381099999999995
vn 0 0.992306 0.12381099999999995
vn -0.019255 0.999485 -0.025679000000000063
vn -0.019264 0.999487 -0.025578000000000062
vn 0.713359 -0.700519 -0.01980299999999996
vn -0.999037 0.028484999999999996 -0.033366
vn -0.999037 0.028484999999999996 -0.033366
vn -0.999037 0.028484999999999996 -0.033366
vn -0.999034 0.028492999999999997 -0.033457
vn -0.000164 0.00016000000000006124 1
vn -0.000164 0.00016000000000006124 1
vn -0.000164 0.00016000000000006124 1
vn 0 6.123233995736766E-17 1
vn -0.01927 0.999489 -0.025502000000000063
vn -0.019264 0.999487 -0.025578000000000062
vn 0.713359 -0.700519 -0.019810999999999957
vn -0.999037 0.028484999999999996 -0.033361
vn -0.999037 0.028484999999999996 -0.033361
vn -0.999037 0.028484999999999996 -0.033361
vn -0.999034 0.028492999999999997 -0.033457
vn -0.000164 0.00016000000000006124 1
vn -0.000164 0.00016000000000006124 1
vn -0.000164 0.00016000000000006124 1
vn 0 6.123233995736766E-17 1
vn -0.019255 0.999485 -0.025679000000000063
vn -0.019264 0.999487 -0.025578000000000062
vn 0.713359 -0.700518 -0.019810999999999957
vn -0.999037 0.028486999999999995 -0.033366
vn -0.999037 0.028486999999999995 -0.033366
vn -0.999037 0.028486999999999995 -0.033366
vn -0.999034 0.028494999999999996 -0.033457
vn -0.000164 0.00016000000000006124 1
vn -0.000164 0.00016000000000006124 1
vn -0.000164 0.00016000000000006124 1
vn 0 6.123233995736766E-17 1
vn -0.01927 0.999489 -0.025502000000000063
vn -0.019248 0.999483 -0.025755000000000063
vn 0.713361 -0.700515 -0.01986599999999996
vn -0.999037 0.028484999999999996 -0.033361
vn -0.999037 0.028484999999999996 -0.033361
vn -0.999037 0.028484999999999996 -0.033361
vn -0.999033 0.028494999999999996 -0.033479
vn -0.000164 0.00016000000000006124 1
vn -0.000164 0.00016000000000006124 1
vn -0.000164 0.00016000000000006124 1
vn 0 6.123233995736766E-17 1
vn -0.019255 0.999485 -0.025679000000000063
vn -0.019264 0.999487 -0.025578000000000062
vn 0.713359 -0.700519 -0.01980299999999996
vn -0.999037 0.028484999999999996 -0.033366
vn -0.999037 0.028484999999999996 -0.033366
vn -0.999037 0.028484999999999996 -0.033366
vn -0.999033 0.028494999999999996 -0.033479
vn -0.000164 0.00016000000000006124 1
vn -0.000164 0.00016000000000006124 1
vn -0.000164 0.00016000000000006124 1
vn 0 6.123233995736766E-17 1
vn -0.01927 0.999489 -0.025502000000000063
vn -0.019248 0.999483 -0.025756000000000064
vn 0.713361 -0.700515 -0.01986599999999996
vn -0.999037 0.028484999999999996 -0.033361
vn -0.999037 0.028484999999999996 -0.033361
vn -0.999037 0.028484999999999996 -0.033361
vn -0.999034 0.028492999999999997 -0.033457
vn -0.000164 0.00016000000000006124 1
vn -0.000164 0.00016000000000006124 1
vn -0.000164 0.00016000000000006124 1
vn 0 6.123233995736766E-17 1
vn 0 -0.17189499999999994 0.985115
vn -4E-06 0.17189900000000005 0.985115
vn 1 2.9999999999999997E-06 -7E-06
vn 1 2.9999999999999997E-06 -7E-06
vn 1 2.9999999999999997E-06 -7E-06
vn -1 0 0
vn -1 0 0
vn -1 0 0
vn -0 0.638445 0.769668
vn 0 0.37725400000000003 0.92611
vn 1 0 0
vn 1 0 0
vn 1 0 0
vn -1 0 0
vn -1 0 0
vn -1 0 0
vn 0 0.11679000000000006 0.993157
vn 0 -0.11678999999999995 0.993157
vn 0 0.11679000000000006 0.993157
vn 0 -0.11678999999999995 0.993157
vn 0 -0.11678999999999995 0.993157
vn 1E-06 0.11679400000000005 0.993156
vn 0 -0.11678999999999995 0.993157
vn 0 0.11679000000000006 0.993157
vn 1 0 0
vn 1 0 0
vn 1 0 0
vn 1 0 0
vn 1 0 0
vn 1 0 0
vn 1 6.999999999999999E-06 -2E-05
vn 1 6.999999999999999E-06 -2E-05
vn 1 6.999999999999999E-06 -2E-05
vn 1 0 0
vn 1 0 0
vn 1 0 0
vn -1 0 0
vn -1 0 0
vn -1 0 0
vn -1 -6.999999999999999E-06 2E-05
vn -1 -6.999999999999999E-06 2E-05
vn -1 -6.999999999999999E-06 2E-05
vn -1 0 0
vn -1 0 0
vn -1 0 0
vn -1 0 0
vn -1 0 0
vn -1 0 0
vn 0 0.638444 0.769668
vn -1E-06 0.37725200000000003 0.926111
vn 0 0.37725600000000004 0.926109
vn 0 0.638451 0.769662
vn 0 0.37725400000000003 0.92611
vn -0 0.638445 0.769668
vn 1 0 0
vn 1 0 0
vn 1 0 0
vn 1 0 0
vn 1 0 0
vn 1 0 0
vn 1 -1.0000000000000002E-06 -5E-06
vn 1 -1.0000000000000002E-06 -5E-06
vn 1 -1.0000000000000002E-06 -5E-06
vn -1 0 0
vn -1 0 0
vn -1 0 0
vn -1 0 0
vn -1 0 0
vn -1 0 0
vn -1 0 0
vn -1 0 0
vn -1 0 0
vn 0 0.11679000000000006 0.993157
vn 0 -0.11678999999999995 0.993157
vn 0 0.11679300000000005 0.993156
vn 0 -0.11678899999999995 0.993157
vn 0 -0.11678899999999995 0.993157
vn 1E-06 0.11679400000000005 0.993156
vn 0 -0.11678999999999995 0.993157
vn 0 0.11679000000000006 0.993157
vn 1 0 0
vn 1 0 0
vn 1 0 0
vn 1 0 0
vn 1 0 0
vn 1 0 0
vn 1 6.999999999999999E-06 -2E-05
vn 1 6.999999999999999E-06 -2E-05
vn 1 6.999999999999999E-06 -2E-05
vn 1 0 0
vn 1 0 0
vn 1 0 0
vn -1 0 0
vn -1 0 0
vn -1 0 0
vn -1 -6.999999999999999E-06 2E-05
vn -1 -6.999999999999999E-06 2E-05
vn -1 -6.999999999999999E-06 2E-05
vn -1 0 0
vn -1 0 0
vn -1 0 0
vn -1 0 0
vn -1 0 0
vn -1 0 0
vn 0 -0.17189499999999994 0.985115
vn 4E-06 0.17189900000000005 0.985115
vn -1 6.999999999999999E-06 -1.3E-05
vn -1 6.999999999999999E-06 -1.3E-05
vn -1 6.999999999999999E-06 -1.3E-05
vn 1 0 0
vn 1 0 0
vn 1 0 0
vn 0 0.638445 0.769668
vn -0 0.37725400000000003 0.92611
vn -1 0 0
vn -1 0 0
vn -1 0 0
vn 1 0 0
vn 1 0 0
vn 1 0 0
vn 0 0.11679000000000006 0.993157
vn 0 -0.11678999999999995 0.993157
vn 0 0.11679000000000006 0.993157
vn 0 -0.11678999999999995 0.993157
vn 0 -0.11678999999999995 0.993157
vn -1E-06 0.11679400000000005 0.993156
vn 0 -0.11678999999999995 0.993157
vn 0 0.11679000000000006 0.993157
vn -1 0 0
vn -1 0 0
vn -1 0 0
vn -1 0 0
vn -1 0 0
vn -1 0 0
vn -1 6.999999999999999E-06 -2E-05
vn -1 6.999999999999999E-06 -2E-05
vn -1 6.999999999999999E-06 -2E-05
vn -1 0 0
vn -1 0 0
vn -1 0 0
vn 1 0 0
vn 1 0 0
vn 1 0 0
vn 1 -6.999999999999999E-06 2E-05
vn 1 -6.999999999999999E-06 2E-05
vn 1 -6.999999999999999E-06 2E-05
vn 1 0 0
vn 1 0 0
vn 1 0 0
vn 1 0 0
vn 1 0 0
vn 1 0 0
vn 0 0.638444 0.769668
vn 1E-06 0.37725200000000003 0.926111
vn 0 0.37725600000000004 0.926109
vn 0 0.638451 0.769662
vn 0 0.37725400000000003 0.92611
vn 0 0.638445 0.769668
vn -1 0 0
vn -1 0 0
vn -1 0 0
vn -1 0 0
vn -1 0 0
vn -1 0 0
vn -1 -1.0000000000000006E-06 -1E-05
vn -1 -1.0000000000000006E-06 -1E-05
vn -1 -1.0000000000000006E-06 -1E-05
vn 1 0 0
vn 1 0 0
vn 1 0 0
vn 1 0 0
vn 1 0 0
vn 1 0 0
vn 1 0 0
vn 1 0 0
vn 1 0 0
vn 0 0.11679000000000006 0.993157
vn 0 -0.11678999999999995 0.993157
vn 0 0.11679300000000005 0.993156
vn 0 -0.11678899999999995 0.993157
vn 0 -0.11678899999999995 0.993157
vn -1E-06 0.11679400000000005 0.993156
vn 0 -0.11678999999999995 0.993157
vn 0 0.11679000000000006 0.993157
vn -1 0 0
vn -1 0 0
vn -1 0 0
vn -1 0 0
vn -1 0 0
vn -1 0 0
vn -1 6.999999999999999E-06 -2E-05
vn -1 6.999999999999999E-06 -2E-05
vn -1 6.999999999999999E-06 -2E-05
vn -1 0 0
vn -1 0 0
vn -1 0 0
vn 1 0 0
vn 1 0 0
vn 1 0 0
vn 1 -6.999999999999999E-06 2E-05
vn 1 -6.999999999999999E-06 2E-05
vn 1 -6.999999999999999E-06 2E-05
vn 1 0 0
vn 1 0 0
vn 1 0 0
vn 1 0 0
vn 1 0 0
vn 1 0 0
vn -1 9.000000000000027E-06 0.000439
vn -1 1.7000000000000027E-05 0.00044
vn 0.002469 -0.999997 0.0004290000000000613
vn 0.002453 -0.999997 0.00043100000000006127
vn 0.999882 -0.015329 0.0004340000000000009
vn 0.999882 -0.015329 0.0004340000000000009
vn 0.999882 -0.015329 0.0004340000000000009
vn 0.999882 -0.015332 0.0004350000000000009
vn 0 6.123233995736766E-17 1
vn 0 6.123233995736766E-17 1
vn 0 6.123233995736766E-17 1
vn -0.003852 0.003943000000000062 0.999985
vn -0.003852 0.003943000000000062 0.999985
vn -0.003852 0.003943000000000062 0.999985
vn -0.705084 0.501436 0.501417
vn -0.705077 0.501447 0.501414
vn 0.003708 -0.706939 0.707264
vn 0.003708 -0.706943 0.707261
vn 0.709017 -0.509368 -0.48768799999999995
vn 0.709017 -0.509368 -0.48768799999999995
vn 0.709017 -0.509368 -0.48768799999999995
vn 0.709018 -0.509368 -0.48768599999999995
vn 0.707103 0.500007 0.49999899999999997
vn 0.707103 0.500007 0.49999899999999997
vn 0.707103 0.500007 0.49999899999999997
vn 0.704381 0.504692 0.49913299999999994
vn 0.704381 0.504692 0.49913299999999994
vn 0.704381 0.504692 0.49913299999999994
vn -0.707113 -0.500001 -0.49998999999999993
vn -0.707113 -0.500001 -0.49998999999999993
vn -0.707113 -0.500001 -0.49998999999999993
vn -0.707102 -0.49999800000000005 -0.500008
vn -1 8.000000000000027E-06 0.000439
vn -1 1.3000000000000026E-05 0.00044
vn 0.002469 -0.999997 0.0004290000000000613
vn 0.002453 -0.999997 0.00043100000000006127
vn 0.999882 -0.015336 0.0004340000000000009
vn 0.999882 -0.015336 0.0004340000000000009
vn 0.999882 -0.015336 0.0004340000000000009
vn 0.999882 -0.015336 0.0004340000000000009
vn 0 6.123233995736766E-17 1
vn 0 6.123233995736766E-17 1
vn 0 6.123233995736766E-17 1
vn -0.003849 0.0039400000000000615 0.999985
vn -0.003849 0.0039400000000000615 0.999985
vn -0.003849 0.0039400000000000615 0.999985
vn -0.705086 0.501433 0.501418
vn -0.70508 0.501442 0.501416
vn 0.00371 -0.706941 0.707263
vn 0.00371 -0.706944 0.70726
vn 0.709017 -0.509365 -0.48769099999999993
vn 0.709017 -0.509365 -0.48769099999999993
vn 0.709017 -0.509365 -0.48769099999999993
vn 0.709021 -0.509366 -0.4876829999999999
vn 0.707108 0.49999200000000005 0.500006
vn 0.707108 0.49999200000000005 0.500006
vn 0.707108 0.49999200000000005 0.500006
vn 0.704371 0.504704 0.49913499999999994
vn 0.704371 0.504704 0.49913499999999994
vn 0.704371 0.504704 0.49913499999999994
vn -0.707112 -0.4999990000000001 -0.49999399999999994
vn -0.707112 -0.4999990000000001 -0.49999399999999994
vn -0.707112 -0.4999990000000001 -0.49999399999999994
vn -0.707107 -0.49999800000000005 -0.500001
vn -1 8.000000000000027E-06 0.000439
vn -1 1.3000000000000026E-05 0.00044
vn 0.002469 -0.999997 0.0004290000000000613
vn 0.002453 -0.999997 0.00043100000000006127
vn 0.999882 -0.015332 0.0004340000000000009
vn 0.999882 -0.015332 0.0004340000000000009
vn 0.999882 -0.015332 0.0004340000000000009
vn 0.999882 -0.015332 0.0004340000000000009
vn 0 6.123233995736766E-17 1
vn 0 6.123233995736766E-17 1
vn 0 6.123233995736766E-17 1
vn -0.003849 0.0039400000000000615 0.999985
vn -0.003849 0.0039400000000000615 0.999985
vn -0.003849 0.0039400000000000615 0.999985
vn -0.705086 0.501433 0.501418
vn -0.70508 0.501442 0.501416
vn 0.00371 -0.706941 0.707263
vn 0.00371 -0.706944 0.70726
vn 0.709015 -0.50937 -0.48768799999999995
vn 0.709015 -0.50937 -0.48768799999999995
vn 0.709015 -0.50937 -0.48768799999999995
vn 0.709016 -0.50937 -0.4876869999999999
vn 0.707106 0.500001 0.49999999999999994
vn 0.707106 0.500001 0.49999999999999994
vn 0.707106 0.500001 0.49999999999999994
vn 0.704376 0.5047 0.49913099999999994
vn 0.704376 0.5047 0.49913099999999994
vn 0.704376 0.5047 0.49913099999999994
vn -0.707112 -0.4999990000000001 -0.49999399999999994
vn -0.707112 -0.4999990000000001 -0.49999399999999994
vn -0.707112 -0.4999990000000001 -0.49999399999999994
vn -0.707107 -0.49999800000000005 -0.500001
vn 1 9.000000000000027E-06 0.000439
vn 1 1.7000000000000027E-05 0.00044
vn -0.002469 -0.999997 0.0004290000000000613
vn -0.002453 -0.999997 0.00043100000000006127
vn -0.999882 -0.015329 0.0004340000000000009
vn -0.999882 -0.015329 0.0004340000000000009
vn -0.999882 -0.015329 0.0004340000000000009
vn -0.999882 -0.015332 0.0004350000000000009
vn 0 6.123233995736766E-17 1
vn 0 6.123233995736766E-17 1
vn 0 6.123233995736766E-17 1
vn 0.003852 0.003943000000000062 0.999985
vn 0.003852 0.003943000000000062 0.999985
vn 0.003852 0.003943000000000062 0.999985
vn 0.705084 0.501436 0.501417
vn 0.705077 0.501447 0.501414
vn -0.003708 -0.706939 0.707264
vn -0.003708 -0.706943 0.707261
vn -0.709017 -0.509368 -0.48768799999999995
vn -0.709017 -0.509368 -0.48768799999999995
vn -0.709017 -0.509368 -0.48768799999999995
vn -0.709018 -0.509368 -0.48768599999999995
vn -0.707103 0.500007 0.49999899999999997
vn -0.707103 0.500007 0.49999899999999997
vn -0.707103 0.500007 0.49999899999999997
vn -0.704381 0.504692 0.49913299999999994
vn -0.704381 0.504692 0.49913299999999994
vn -0.704381 0.504692 0.49913299999999994
vn 0.707113 -0.500001 -0.49998999999999993
vn 0.707113 -0.500001 -0.49998999999999993
vn 0.707113 -0.500001 -0.49998999999999993
vn 0.707102 -0.49999800000000005 -0.500008
vn 0.999998 1.3207815728804206E-19 0.002157
vn 0.999998 1.3207815728804206E-19 0.002157
vn -0.01388 6.122646165273175E-17 0.999904
vn -0.01388 6.122646165273175E-17 0.999904
vn 1 4.059704139173476E-20 0.000663
vn 1 4.059704139173476E-20 0.000663
vn 1 4.059704139173476E-20 0.000663
vn 1 4.0413344371862656E-20 0.00066
vn 0.999998 1.000000000000127E-06 0.002076
vn 0.999998 1.000000000000127E-06 0.002076
vn 0.999981 -3.788444873162337E-19 -0.006187
vn 0.999981 -3.788444873162337E-19 -0.006187
vn 0.999981 -3.788444873162337E-19 -0.006187
vn 0.999981 -3.788444873162337E-19 -0.006187
vn -0.001081 -0.0004539999999999387 0.999999
vn -0.001081 -0.0004539999999999387 0.999999
vn -0.005949 0.00019700000000006122 0.999982
vn -0.005949 0.00019700000000006122 0.999982
vn 1 -4.8E-05 -2.9999999999999997E-05
vn 1 -4.8E-05 -2.9999999999999997E-05
vn 1 -4.8E-05 -2.9999999999999997E-05
vn 1 2.000000000000024E-06 0.000391
vn 0.81251 0.571545 0.11473899999999995
vn 0.81251 0.571545 0.11473899999999995
vn -0.315906 0.941817 0.11482199999999994
vn -0.315906 0.941817 0.11482199999999994
vn -0.993399 7.024206645869474E-18 0.114714
vn -0.993399 7.024206645869474E-18 0.114714
vn -0.315906 -0.941817 0.11482200000000005
vn -0.315906 -0.941817 0.11482200000000005
vn -0.315906 -0.941817 0.11482200000000005
vn -0.812507 0.571548 0.11473799999999997
vn -0.812507 0.571548 0.11473799999999997
vn 0.315906 0.941817 0.11482199999999994
vn 0.315906 0.941817 0.11482199999999994
vn 0.993398 7.024267878209431E-18 0.114715
vn 0.993398 7.024267878209431E-18 0.114715
vn 0.315906 -0.941817 0.11482200000000005
vn 0.315906 -0.941817 0.11482200000000005
vn 0.315906 -0.941817 0.11482200000000005
vn -0.976164 -0.056815999999999985 0.209466
vn -0.976164 -0.056815999999999985 0.209466
vn 0.676494 0.679977 0.28281899999999993
vn 0.676486 0.679972 0.28284999999999993
vn -0.025066 -0.977837 0.20786300000000005
vn -0.025066 -0.977837 0.20786300000000005
vn -0.025066 -0.977837 0.20786300000000005
vn -0.025055 -0.977833 0.20788000000000006
vn -0.000184 -1.0999999999938768E-05 1
vn -0.000184 -1.0999999999938768E-05 1
vn -0.000184 -1.0999999999938768E-05 1
vn -5E-06 -0.00018799999999993876 1
vn 0.025066 0.977839 0.20785099999999995
vn 0.025066 0.977839 0.20785099999999995
vn -0.676483 -0.679974 0.28285400000000005
vn -0.67649 -0.679981 0.28281900000000004
vn 0.976164 0.05681600000000001 0.209466
vn 0.976164 0.05681600000000001 0.209466
vn 0.976164 0.05681600000000001 0.209466
vn 0.976165 0.056813000000000016 0.209461
vn 5E-06 0.00018800000000006122 1
vn 5E-06 0.00018800000000006122 1
vn 5E-06 0.00018800000000006122 1
vn 0.000184 1.1000000000061232E-05 1
vn 0.025057 0.977837 0.20786499999999994
vn 0.025057 0.977837 0.20786499999999994
vn 0.01886 -0.978395 0.20588200000000006
vn 0.01886 -0.978395 0.20588200000000006
vn -0.684041 0.671439 0.2850579999999999
vn -0.684035 0.671429 0.28509499999999993
vn 0.979133 -0.027931999999999985 0.201292
vn 0.979133 -0.027931999999999985 0.201292
vn 0.979133 -0.027931999999999985 0.201292
vn 0.979129 -0.027919999999999986 0.201311
vn -0.974807 -0.0038309999999999868 0.223016
vn -0.974807 -0.0038309999999999868 0.223016
vn 0.974875 1.3639748654863477E-17 0.222754
vn 0.974875 1.3639748654863477E-17 0.222754
vn 0 -0.978932 0.20418700000000006
vn 0 -0.978932 0.20418700000000006
vn 0 -0.978932 0.20418700000000006
vn 0 -0.978932 0.20418700000000006
vn -0.003948 0.975533 0.21981599999999996
vn -0.003948 0.975533 0.21981599999999996
vn 0 -0.975485 0.22006700000000007
vn 0 -0.975485 0.22006700000000007
vn -0.01886 0.9784 0.20585899999999993
vn -0.01886 0.9784 0.20585899999999993
vn -0.980618 1.1997313600187002E-17 0.195931
vn -0.980618 1.1997313600187002E-17 0.195931
vn -0.980618 1.1997313600187002E-17 0.195931
vn -0.980618 1.1997313600187002E-17 0.195931
vn 0.684043 -0.671433 0.28506600000000004
vn 0.684037 -0.671424 0.2851020000000001
vn -0.676483 -0.679974 0.28285400000000005
vn -0.67649 -0.679981 0.28281900000000004
vn -0.97913 0.027924000000000015 0.201306
vn -0.97913 0.027924000000000015 0.201306
vn -0.97913 0.027924000000000015 0.201306
vn -0.979128 0.027917000000000015 0.201316
vn 0.97481 0.0038280000000000132 0.223006
vn 0.97481 0.0038280000000000132 0.223006
vn -0.974873 1.3640116048903221E-17 0.22276
vn -0.974873 1.3640116048903221E-17 0.22276
vn 0.976164 0.05681600000000001 0.209466
vn 0.976164 0.05681600000000001 0.209466
vn 0.976164 0.05681600000000001 0.209466
vn 0.976165 0.056813000000000016 0.209461
vn 0 0.978937 0.20416499999999996
vn 0 0.978937 0.20416499999999996
vn 0 0.978937 0.20416499999999996
vn -8E-06 0.978934 0.20417799999999994
vn 0 6.123233995736766E-17 1
vn 0 6.123233995736766E-17 1
vn 0 6.123233995736766E-17 1
vn -0.000191 0.00018700000000006122 1
vn 0 6.123233995736766E-17 1
vn 0 6.123233995736766E-17 1
vn 0 6.123233995736766E-17 1
vn 0 6.123233995736766E-17 1
vn 0 6.123233995736766E-17 1
vn 0 6.123233995736766E-17 1
vn 0 6.123233995736766E-17 1
vn 0 6.123233995736766E-17 1
vn 0.000191 -0.00018699999999993876 1
vn 0.000191 -0.00018699999999993876 1
vn 0.000191 -0.00018699999999993876 1
vn 0 6.123233995736766E-17 1
vn 0 6.123233995736766E-17 1
vn 0 6.123233995736766E-17 1
vn 0 6.123233995736766E-17 1
vn 0 6.123233995736766E-17 1
vn 5E-06 0.00018800000000006122 1
vn 5E-06 0.00018800000000006122 1
vn 5E-06 0.00018800000000006122 1
vn 0.000184 1.1000000000061232E-05 1
vn -0.976164 -0.056815999999999985 0.209466
vn -0.976164 -0.056815999999999985 0.209466
vn 0.676494 0.679977 0.28281899999999993
vn 0.676486 0.679972 0.28284999999999993
vn -0.025066 -0.977837 0.20786300000000005
vn -0.025066 -0.977837 0.20786300000000005
vn -0.025066 -0.977837 0.20786300000000005
vn -0.025055 -0.977833 0.20788000000000006
vn -0.000184 -1.0999999999938768E-05 1
vn -0.000184 -1.0999999999938768E-05 1
vn -0.000184 -1.0999999999938768E-05 1
vn -5E-06 -0.00018799999999993876 1
vn 0.025066 0.977839 0.20785099999999995
vn 0.025066 0.977839 0.20785099999999995
vn -0.676483 -0.679974 0.28285400000000005
vn -0.67649 -0.679981 0.28281900000000004
vn 0.976164 0.05681600000000001 0.209466
vn 0.976164 0.05681600000000001 0.209466
vn 0.976164 0.05681600000000001 0.209466
vn 0.976165 0.056813000000000016 0.209461
vn 5E-06 0.00018800000000006122 1
vn 5E-06 0.00018800000000006122 1
vn 5E-06 0.00018800000000006122 1
vn 0.000184 1.1000000000061232E-05 1
vn 0.025057 0.977837 0.20786499999999994
vn 0.025057 0.977837 0.20786499999999994
vn 0.01886 -0.978395 0.20588200000000006
vn 0.01886 -0.978395 0.20588200000000006
vn -0.684041 0.671439 0.2850579999999999
vn -0.684035 0.671429 0.28509499999999993
vn 0.979133 -0.027931999999999985 0.201292
vn 0.979133 -0.027931999999999985 0.201292
vn 0.979133 -0.027931999999999985 0.201292
vn 0.979129 -0.027919999999999986 0.201311
vn -0.974807 -0.0038309999999999868 0.223016
vn -0.974807 -0.0038309999999999868 0.223016
vn 0.974875 1.3639748654863477E-17 0.222754
vn 0.974875 1.3639748654863477E-17 0.222754
vn 0 -0.978932 0.20418700000000006
vn 0 -0.978932 0.20418700000000006
vn 0 -0.978932 0.20418700000000006
vn 0 -0.978932 0.20418700000000006
vn -0.003948 0.975533 0.21981599999999996
vn -0.003948 0.975533 0.21981599999999996
vn 0 -0.975485 0.22006700000000007
vn 0 -0.975485 0.22006700000000007
vn -0.01886 0.9784 0.20585899999999993
vn -0.01886 0.9784 0.20585899999999993
vn -0.980618 1.1997313600187002E-17 0.195931
vn -0.980618 1.1997313600187002E-17 0.195931
vn -0.980618 1.1997313600187002E-17 0.195931
vn -0.980618 1.1997313600187002E-17 0.195931
vn 0.684043 -0.671433 0.28506600000000004
vn 0.684037 -0.671424 0.2851020000000001
vn -0.676483 -0.679974 0.28285400000000005
vn -0.67649 -0.679981 0.28281900000000004
vn -0.97913 0.027924000000000015 0.201306
vn -0.97913 0.027924000000000015 0.201306
vn -0.97913 0.027924000000000015 0.201306
vn -0.979128 0.027917000000000015 0.201316
vn 0.97481 0.0038280000000000132 0.223006
vn 0.97481 0.0038280000000000132 0.223006
vn -0.974873 1.3640116048903221E-17 0.22276
vn -0.974873 1.3640116048903221E-17 0.22276
vn 0.976164 0.05681600000000001 0.209466
vn 0.976164 0.05681600000000001 0.209466
vn 0.976164 0.05681600000000001 0.209466
vn 0.976165 0.056813000000000016 0.209461
vn 0 0.978937 0.20416499999999996
vn 0 0.978937 0.20416499999999996
vn 0 0.978937 0.20416499999999996
vn -8E-06 0.978934 0.20417799999999994
vn 0 6.123233995736766E-17 1
vn 0 6.123233995736766E-17 1
vn 0 6.123233995736766E-17 1
vn -0.000191 0.00018700000000006122 1
vn 0 6.123233995736766E-17 1
vn 0 6.123233995736766E-17 1
vn 0 6.123233995736766E-17 1
vn 0 6.123233995736766E-17 1
vn 0 6.123233995736766E-17 1
vn 0 6.123233995736766E-17 1
vn 0 6.123233995736766E-17 1
vn 0 6.123233995736766E-17 1
vn 0.000191 -0.00018699999999993876 1
vn 0.000191 -0.00018699999999993876 1
vn 0.000191 -0.00018699999999993876 1
vn 0 6.123233995736766E-17 1
vn 0 6.123233995736766E-17 1
vn 0 6.123233995736766E-17 1
vn 0 6.123233995736766E-17 1
vn 0 6.123233995736766E-17 1
vn 5E-06 0.00018800000000006122 1
vn 5E-06 0.00018800000000006122 1
vn 5E-06 0.00018800000000006122 1
vn 0.000184 1.1000000000061232E-05 1
vn -0.828405 0.560095 -0.006237000000000035
vn -0.828405 0.560095 -0.006237000000000035
vn -0.817907 -0.575338 -0.003633999999999965
vn -0.817907 -0.575338 -0.003633999999999965
vn -0.828291 -0.560017 -0.017740999999999965
vn -0.828291 -0.560017 -0.017740999999999965
vn 0.318007 -0.94803 -0.010542999999999943
vn 0.318007 -0.94803 -0.010542999999999943
vn 0.329634 -0.944108 -0.0009699999999999423
vn 0.329634 -0.944108 -0.0009699999999999423
vn 0.999198 -9.999999999975482E-07 0.040041
vn 0.999198 -9.999999999975482E-07 0.040041
vn 0.318006 0.948072 -0.005719000000000058
vn 0.318006 0.948072 -0.005719000000000058
vn 0.318006 0.948072 -0.005719000000000058
vn 0.329609 0.944005 -0.014576000000000058
vn 0.329609 0.944005 -0.014576000000000058
vn 0.329609 0.944005 -0.014576000000000058
vn 0.82647 0.558787 0.06858699999999997
vn 0.82647 0.558787 0.06858699999999997
vn 0.817894 -0.575328 -0.006794999999999964
vn 0.817894 -0.575328 -0.006794999999999964
vn 0.828262 -0.559998 -0.019587999999999967
vn 0.828262 -0.559998 -0.019587999999999967
vn -0.31694 -0.944875 -0.08221499999999994
vn -0.31694 -0.944875 -0.08221499999999994
vn -0.32876 -0.941603 -0.07280699999999994
vn -0.32876 -0.941603 -0.07280699999999994
vn -0.999974 1.0000000000004425E-06 0.007228
vn -0.999974 1.0000000000004425E-06 0.007228
vn -0.317596 0.946798 0.052017999999999946
vn -0.317596 0.946798 0.052017999999999946
vn -0.317596 0.946798 0.052017999999999946
vn -0.329347 0.943256 0.042405999999999944
vn -0.329347 0.943256 0.042405999999999944
vn -0.329347 0.943256 0.042405999999999944
vn 0.999997 -2.999999999999848E-06 0.002481
vn 0.999997 -2.999999999999848E-06 0.002481
vn 0.016527 -0.999838 0.007115000000000061
vn 0.016527 -0.999838 0.007115000000000061
vn 0 -1 0.0008650000000000612
vn 0 -1 0.0008650000000000612
vn -1 3.000000000000039E-06 0.000638
vn -1 2.000000000000039E-06 0.000639
vn -0.999996 2.0000000000001664E-06 0.002719
vn -0.999996 2.0000000000001664E-06 0.002719
vn 0.000693 -0.999989 0.004641000000000062
vn 0.000693 -0.999989 0.004641000000000062
vn 0.010658 -0.999943 0.0008710000000000613
vn 0.010658 -0.999943 0.0008710000000000613
vn 1 3.4902433775699566E-20 0.00057
vn 1 3.4902433775699566E-20 0.00057
vn -1 2.000000000000039E-06 0.000638
vn -1 2.000000000000039E-06 0.000638
vn 0 -1 0.0008650000000000612
vn 0 -1 0.0008650000000000612
vn 0 0.999995 0.003238999999999939
vn 0 0.999995 0.003238999999999939
vn 1 -2.999999999999965E-06 0.000572
vn 1 -2.999999999999965E-06 0.000572
vn 0 -1 0.0008650000000000612
vn 0 -1 0.0008650000000000612
vn 0 1 0.0008649999999999387
vn 0 1 0.0008649999999999387
vn 0.999998 0.002094 0.0005679999999999999
vn 0.999999 -1.9999999999999177E-06 0.001345
vn 0.999999 -1.9999999999999177E-06 0.001345
vn 0.999999 -1.9999999999999177E-06 0.001345
vn -0.575311 0.817874 0.010005999999999949
vn -0.575311 0.817874 0.010005999999999949
vn -0.94786 -0.317948 0.02171200000000002
vn -0.94786 -0.317948 0.02171200000000002
vn -0.94786 -0.317948 0.02171200000000002
vn -0.947859 -0.317948 0.02171200000000002
vn 0.575322 0.817891 -0.00771600000000005
vn 0.575322 0.817891 -0.00771600000000005
vn 0.948634 -0.316287 -0.007513999999999981
vn 0.948066 -0.318015 -0.006181999999999981
vn 0.948066 -0.318015 -0.006181999999999981
vn 0.948066 -0.318015 -0.006181999999999981
vn -0.999998 1.3207815728804206E-19 0.002157
vn -0.999998 1.3207815728804206E-19 0.002157
vn 0.01388 6.122646165273175E-17 0.999904
vn 0.01388 6.122646165273175E-17 0.999904
vn -1 4.0413344371862656E-20 0.00066
vn -1 4.0413344371862656E-20 0.00066
vn -1 4.0413344371862656E-20 0.00066
vn -1 4.0413344371862656E-20 0.00066
vn -0.999998 1.0000000000001268E-06 0.002073
vn -0.999998 1.0000000000001268E-06 0.002073
vn -0.999981 -3.7859955795640426E-19 -0.006183
vn -0.999981 -3.7859955795640426E-19 -0.006183
vn -0.999981 -3.7859955795640426E-19 -0.006183
vn -0.999981 -3.7859955795640426E-19 -0.006183
vn 0.001081 -0.0004539999999999387 0.999999
vn 0.001081 -0.0004539999999999387 0.999999
vn 0.005949 0.00019700000000006122 0.999982
vn 0.005949 0.00019700000000006122 0.999982
vn -1 -4.8E-05 -2.9999999999999997E-05
vn -1 -4.8E-05 -2.9999999999999997E-05
vn -1 -4.8E-05 -2.9999999999999997E-05
vn -1 2.000000000000024E-06 0.000394
g 01
f 2756/2756/2756 2759/2759/2759 2758/2758/2758
f 2758/2758/2758 2757/2757/2757 2756/2756/2756
f 2755/2755/2755 1226/1226/1226 2754/2754/2754
f 2753/2753/2753 2752/2752/2752 1225/1225/1225
f 2748/2748/2748 2751/2751/2751 2750/2750/2750
f 2750/2750/2750 2749/2749/2749 2748/2748/2748
f 1221/1221/1221 1222/1222/1222 1223/1223/1223
f 1223/1223/1223 1224/1224/1224 1221/1221/1221
f 1219/1219/1219 1220/1220/1220 2747/2747/2747
f 2747/2747/2747 2746/2746/2746 1219/1219/1219
f 1215/1215/1215 1216/1216/1216 1217/1217/1217
f 1217/1217/1217 1218/1218/1218 1215/1215/1215
f 2742/2742/2742 2745/2745/2745 2744/2744/2744
f 2744/2744/2744 2743/2743/2743 2742/2742/2742
f 2741/2741/2741 1212/1212/1212 2740/2740/2740
f 1213/1213/1213 1214/1214/1214 1211/1211/1211
f 1209/1209/1209 1210/1210/1210 2739/2739/2739
f 2739/2739/2739 2738/2738/2738 1209/1209/1209
f 1205/1205/1205 1206/1206/1206 1207/1207/1207
f 1207/1207/1207 1208/1208/1208 1205/1205/1205
f 2737/2737/2737 2736/2736/2736 2735/2735/2735
f 2734/2734/2734 1204/1204/1204 1203/1203/1203
f 2733/2733/2733 1200/1200/1200 2732/2732/2732
f 1199/1199/1199 1202/1202/1202 1201/1201/1201
f 2728/2728/2728 2731/2731/2731 2730/2730/2730
f 2730/2730/2730 2729/2729/2729 2728/2728/2728
f 1197/1197/1197 1196/1196/1196 1195/1195/1195
f 1195/1195/1195 1198/1198/1198 1197/1197/1197
f 2727/2727/2727 1192/1192/1192 2726/2726/2726
f 1191/1191/1191 1194/1194/1194 1193/1193/1193
f 2725/2725/2725 2724/2724/2724 2723/2723/2723
f 2722/2722/2722 1190/1190/1190 1189/1189/1189
f 2721/2721/2721 1186/1186/1186 2720/2720/2720
f 1185/1185/1185 1188/1188/1188 1187/1187/1187
f 2718/2718/2718 1184/1184/1184 1183/1183/1183
f 1183/1183/1183 2719/2719/2719 2718/2718/2718
f 1181/1181/1181 1180/1180/1180 1179/1179/1179
f 1179/1179/1179 1182/1182/1182 1181/1181/1181
f 1177/1177/1177 2717/2717/2717 2716/2716/2716
f 2716/2716/2716 1178/1178/1178 1177/1177/1177
f 2715/2715/2715 1174/1174/1174 2714/2714/2714
f 1173/1173/1173 1176/1176/1176 1175/1175/1175
f 2712/2712/2712 1172/1172/1172 1171/1171/1171
f 1171/1171/1171 2713/2713/2713 2712/2712/2712
f 2711/2711/2711 1168/1168/1168 2710/2710/2710
f 1167/1167/1167 1170/1170/1170 1169/1169/1169
f 1165/1165/1165 2709/2709/2709 2708/2708/2708
f 2708/2708/2708 1166/1166/1166 1165/1165/1165
f 1163/1163/1163 1162/1162/1162 1161/1161/1161
f 1161/1161/1161 1164/1164/1164 1163/1163/1163
f 2707/2707/2707 1160/1160/1160 2706/2706/2706
f 1159/1159/1159 2705/2705/2705 2704/2704/2704
f 2703/2703/2703 1156/1156/1156 2702/2702/2702
f 1155/1155/1155 1158/1158/1158 1157/1157/1157
f 2700/2700/2700 2701/2701/2701 1153/1153/1153
f 1153/1153/1153 1154/1154/1154 2700/2700/2700
f 1149/1149/1149 1150/1150/1150 1151/1151/1151
f 1151/1151/1151 1152/1152/1152 1149/1149/1149
f 2699/2699/2699 1148/1148/1148 2698/2698/2698
f 2697/2697/2697 2696/2696/2696 1147/1147/1147
f 2695/2695/2695 1144/1144/1144 2694/2694/2694
f 1145/1145/1145 1146/1146/1146 1143/1143/1143
f 2693/2693/2693 2692/2692/2692 2691/2691/2691
f 2690/2690/2690 2689/2689/2689 2688/2688/2688
f 2686/2686/2686 1141/1141/1141 1142/1142/1142
f 1142/1142/1142 2687/2687/2687 2686/2686/2686
f 2685/2685/2685 1139/1139/1139 2684/2684/2684
f 1140/1140/1140 2683/2683/2683 2682/2682/2682
f 2681/2681/2681 1137/1137/1137 2680/2680/2680
f 1138/1138/1138 2679/2679/2679 2678/2678/2678
f 2677/2677/2677 1134/1134/1134 2676/2676/2676
f 1135/1135/1135 1136/1136/1136 1133/1133/1133
f 2675/2675/2675 2674/2674/2674 2673/2673/2673
f 2672/2672/2672 2671/2671/2671 2670/2670/2670
f 1132/1132/1132 1131/1131/1131 2669/2669/2669
f 2669/2669/2669 2668/2668/2668 1132/1132/1132
f 2667/2667/2667 1129/1129/1129 2666/2666/2666
f 2665/2665/2665 2664/2664/2664 1130/1130/1130
f 2663/2663/2663 1127/1127/1127 2662/2662/2662
f 2661/2661/2661 2660/2660/2660 1128/1128/1128
f 2659/2659/2659 1124/1124/1124 2658/2658/2658
f 1123/1123/1123 1126/1126/1126 1125/1125/1125
f 2654/2654/2654 2657/2657/2657 2656/2656/2656
f 2656/2656/2656 2655/2655/2655 2654/2654/2654
f 2650/2650/2650 2653/2653/2653 2652/2652/2652
f 2652/2652/2652 2651/2651/2651 2650/2650/2650
f 2646/2646/2646 2649/2649/2649 2648/2648/2648
f 2648/2648/2648 2647/2647/2647 2646/2646/2646
f 2642/2642/2642 2645/2645/2645 2644/2644/2644
f 2644/2644/2644 2643/2643/2643 2642/2642/2642
f 2638/2638/2638 2641/2641/2641 2640/2640/2640
f 2640/2640/2640 2639/2639/2639 2638/2638/2638
f 2634/2634/2634 2637/2637/2637 2636/2636/2636
f 2636/2636/2636 2635/2635/2635 2634/2634/2634
f 2630/2630/2630 2633/2633/2633 2632/2632/2632
f 2632/2632/2632 2631/2631/2631 2630/2630/2630
f 2626/2626/2626 2629/2629/2629 2628/2628/2628
f 2628/2628/2628 2627/2627/2627 2626/2626/2626
f 1121/1121/1121 1122/1122/1122 2625/2625/2625
f 2625/2625/2625 2624/2624/2624 1121/1121/1121
f 1119/1119/1119 1120/1120/1120 2623/2623/2623
f 2623/2623/2623 2622/2622/2622 1119/1119/1119
f 2618/2618/2618 2621/2621/2621 2620/2620/2620
f 2620/2620/2620 2619/2619/2619 2618/2618/2618
f 1117/1117/1117 2617/2617/2617 2616/2616/2616
f 2616/2616/2616 1118/1118/1118 1117/1117/1117
f 1113/1113/1113 1115/1115/1115 1114/1114/1114
f 1114/1114/1114 1116/1116/1116 1113/1113/1113
f 1111/1111/1111 1112/1112/1112 2615/2615/2615
f 2615/2615/2615 2614/2614/2614 1111/1111/1111
f 2610/2610/2610 2613/2613/2613 2612/2612/2612
f 2612/2612/2612 2611/2611/2611 2610/2610/2610
f 1109/1109/1109 1110/1110/1110 2609/2609/2609
f 2609/2609/2609 2608/2608/2608 1109/1109/1109
f 1107/1107/1107 1108/1108/1108 2607/2607/2607
f 2607/2607/2607 2606/2606/2606 1107/1107/1107
f 1105/1105/1105 1106/1106/1106 2605/2605/2605
f 2605/2605/2605 2604/2604/2604 1105/1105/1105
f 1101/1101/1101 1103/1103/1103 1102/1102/1102
f 1102/1102/1102 1104/1104/1104 1101/1101/1101
f 1097/1097/1097 1099/1099/1099 1098/1098/1098
f 1098/1098/1098 1100/1100/1100 1097/1097/1097
f 2600/2600/2600 2603/2603/2603 2602/2602/2602
f 2602/2602/2602 2601/2601/2601 2600/2600/2600
f 1095/1095/1095 1096/1096/1096 2599/2599/2599
f 2599/2599/2599 2598/2598/2598 1095/1095/1095
f 1093/1093/1093 1094/1094/1094 2597/2597/2597
f 2597/2597/2597 2596/2596/2596 1093/1093/1093
f 2592/2592/2592 2595/2595/2595 2594/2594/2594
f 2594/2594/2594 2593/2593/2593 2592/2592/2592
f 1089/1089/1089 1091/1091/1091 1090/1090/1090
f 1090/1090/1090 1092/1092/1092 1089/1089/1089
f 1087/1087/1087 1088/1088/1088 2591/2591/2591
f 2591/2591/2591 2590/2590/2590 1087/1087/1087
f 1085/1085/1085 1086/1086/1086 2589/2589/2589
f 2589/2589/2589 2588/2588/2588 1085/1085/1085
f 1083/1083/1083 1084/1084/1084 2587/2587/2587
f 2587/2587/2587 2586/2586/2586 1083/1083/1083
f 1079/1079/1079 1081/1081/1081 1080/1080/1080
f 1080/1080/1080 1082/1082/1082 1079/1079/1079
f 1075/1075/1075 1077/1077/1077 1076/1076/1076
f 1076/1076/1076 1078/1078/1078 1075/1075/1075
f 2582/2582/2582 2585/2585/2585 2584/2584/2584
f 2584/2584/2584 2583/2583/2583 2582/2582/2582
f 2578/2578/2578 2581/2581/2581 2580/2580/2580
f 2580/2580/2580 2579/2579/2579 2578/2578/2578
f 1073/1073/1073 2577/2577/2577 2576/2576/2576
f 2576/2576/2576 1074/1074/1074 1073/1073/1073
f 1071/1071/1071 1072/1072/1072 2575/2575/2575
f 2575/2575/2575 2574/2574/2574 1071/1071/1071
f 1067/1067/1067 1069/1069/1069 1068/1068/1068
f 1068/1068/1068 1070/1070/1070 1067/1067/1067
f 2570/2570/2570 2573/2573/2573 2572/2572/2572
f 2572/2572/2572 2571/2571/2571 2570/2570/2570
f 2566/2566/2566 2569/2569/2569 2568/2568/2568
f 2568/2568/2568 2567/2567/2567 2566/2566/2566
f 1065/1065/1065 1066/1066/1066 2565/2565/2565
f 2565/2565/2565 2564/2564/2564 1065/1065/1065
f 1063/1063/1063 1064/1064/1064 2563/2563/2563
f 2563/2563/2563 2562/2562/2562 1063/1063/1063
f 1059/1059/1059 1061/1061/1061 1060/1060/1060
f 1060/1060/1060 1062/1062/1062 1059/1059/1059
f 2558/2558/2558 2561/2561/2561 2560/2560/2560
f 2560/2560/2560 2559/2559/2559 2558/2558/2558
f 2554/2554/2554 2557/2557/2557 2556/2556/2556
f 2556/2556/2556 2555/2555/2555 2554/2554/2554
f 2550/2550/2550 2553/2553/2553 2552/2552/2552
f 2552/2552/2552 2551/2551/2551 2550/2550/2550
f 2546/2546/2546 2549/2549/2549 2548/2548/2548
f 2548/2548/2548 2547/2547/2547 2546/2546/2546
f 2542/2542/2542 2545/2545/2545 2544/2544/2544
f 2544/2544/2544 2543/2543/2543 2542/2542/2542
f 2538/2538/2538 2541/2541/2541 2540/2540/2540
f 2540/2540/2540 2539/2539/2539 2538/2538/2538
f 2534/2534/2534 2537/2537/2537 2536/2536/2536
f 2536/2536/2536 2535/2535/2535 2534/2534/2534
f 2530/2530/2530 2533/2533/2533 2532/2532/2532
f 2532/2532/2532 2531/2531/2531 2530/2530/2530
f 1057/1057/1057 1058/1058/1058 2529/2529/2529
f 2529/2529/2529 2528/2528/2528 1057/1057/1057
f 1055/1055/1055 1056/1056/1056 2527/2527/2527
f 2527/2527/2527 2526/2526/2526 1055/1055/1055
f 2522/2522/2522 2525/2525/2525 2524/2524/2524
f 2524/2524/2524 2523/2523/2523 2522/2522/2522
f 1053/1053/1053 2521/2521/2521 2520/2520/2520
f 2520/2520/2520 1054/1054/1054 1053/1053/1053
f 1049/1049/1049 1051/1051/1051 1050/1050/1050
f 1050/1050/1050 1052/1052/1052 1049/1049/1049
f 1047/1047/1047 1048/1048/1048 2519/2519/2519
f 2519/2519/2519 2518/2518/2518 1047/1047/1047
f 2514/2514/2514 2517/2517/2517 2516/2516/2516
f 2516/2516/2516 2515/2515/2515 2514/2514/2514
f 1045/1045/1045 1046/1046/1046 2513/2513/2513
f 2513/2513/2513 2512/2512/2512 1045/1045/1045
f 1043/1043/1043 1044/1044/1044 2511/2511/2511
f 2511/2511/2511 2510/2510/2510 1043/1043/1043
f 1041/1041/1041 1042/1042/1042 2509/2509/2509
f 2509/2509/2509 2508/2508/2508 1041/1041/1041
f 1037/1037/1037 1039/1039/1039 1038/1038/1038
f 1038/1038/1038 1040/1040/1040 1037/1037/1037
f 1033/1033/1033 1035/1035/1035 1034/1034/1034
f 1034/1034/1034 1036/1036/1036 1033/1033/1033
f 2504/2504/2504 2507/2507/2507 2506/2506/2506
f 2506/2506/2506 2505/2505/2505 2504/2504/2504
f 1031/1031/1031 1032/1032/1032 2503/2503/2503
f 2503/2503/2503 2502/2502/2502 1031/1031/1031
f 1029/1029/1029 1030/1030/1030 2501/2501/2501
f 2501/2501/2501 2500/2500/2500 1029/1029/1029
f 2496/2496/2496 2499/2499/2499 2498/2498/2498
f 2498/2498/2498 2497/2497/2497 2496/2496/2496
f 1025/1025/1025 1027/1027/1027 1026/1026/1026
f 1026/1026/1026 1028/1028/1028 1025/1025/1025
f 1023/1023/1023 1024/1024/1024 2495/2495/2495
f 2495/2495/2495 2494/2494/2494 1023/1023/1023
f 1021/1021/1021 1022/1022/1022 2493/2493/2493
f 2493/2493/2493 2492/2492/2492 1021/1021/1021
f 1019/1019/1019 1020/1020/1020 2491/2491/2491
f 2491/2491/2491 2490/2490/2490 1019/1019/1019
f 1015/1015/1015 1017/1017/1017 1016/1016/1016
f 1016/1016/1016 1018/1018/1018 1015/1015/1015
f 1011/1011/1011 1013/1013/1013 1012/1012/1012
f 1012/1012/1012 1014/1014/1014 1011/1011/1011
f 2486/2486/2486 2489/2489/2489 2488/2488/2488
f 2488/2488/2488 2487/2487/2487 2486/2486/2486
f 2482/2482/2482 2485/2485/2485 2484/2484/2484
f 2484/2484/2484 2483/2483/2483 2482/2482/2482
f 1009/1009/1009 2481/2481/2481 2480/2480/2480
f 2480/2480/2480 1010/1010/1010 1009/1009/1009
f 1007/1007/1007 1008/1008/1008 2479/2479/2479
f 2479/2479/2479 2478/2478/2478 1007/1007/1007
f 1003/1003/1003 1005/1005/1005 1004/1004/1004
f 1004/1004/1004 1006/1006/1006 1003/1003/1003
f 2474/2474/2474 2477/2477/2477 2476/2476/2476
f 2476/2476/2476 2475/2475/2475 2474/2474/2474
f 2470/2470/2470 2473/2473/2473 2472/2472/2472
f 2472/2472/2472 2471/2471/2471 2470/2470/2470
f 1001/1001/1001 1002/1002/1002 2469/2469/2469
f 2469/2469/2469 2468/2468/2468 1001/1001/1001
f 999/999/999 1000/1000/1000 2467/2467/2467
f 2467/2467/2467 2466/2466/2466 999/999/999
f 995/995/995 997/997/997 996/996/996
f 996/996/996 998/998/998 995/995/995
f 2465/2465/2465 2464/2464/2464 2463/2463/2463
f 2462/2462/2462 984/984/984 2461/2461/2461
f 2460/2460/2460 983/983/983 2459/2459/2459
f 2458/2458/2458 982/982/982 2457/2457/2457
f 981/981/981 980/980/980 979/979/979
f 2456/2456/2456 2455/2455/2455 2454/2454/2454
f 978/978/978 2453/2453/2453 2452/2452/2452
f 977/977/977 2451/2451/2451 2450/2450/2450
f 976/976/976 2449/2449/2449 2448/2448/2448
f 974/974/974 975/975/975 973/973/973
f 2444/2444/2444 2447/2447/2447 2446/2446/2446
f 2446/2446/2446 2445/2445/2445 2444/2444/2444
f 2443/2443/2443 972/972/972 2442/2442/2442
f 971/971/971 2441/2441/2441 2440/2440/2440
f 2436/2436/2436 2439/2439/2439 2438/2438/2438
f 2438/2438/2438 2437/2437/2437 2436/2436/2436
f 967/967/967 970/970/970 969/969/969
f 969/969/969 968/968/968 967/967/967
f 2434/2434/2434 966/966/966 965/965/965
f 965/965/965 2435/2435/2435 2434/2434/2434
f 961/961/961 964/964/964 963/963/963
f 963/963/963 962/962/962 961/961/961
f 2430/2430/2430 2433/2433/2433 2432/2432/2432
f 2432/2432/2432 2431/2431/2431 2430/2430/2430
f 2429/2429/2429 960/960/960 2428/2428/2428
f 959/959/959 958/958/958 957/957/957
f 2426/2426/2426 956/956/956 955/955/955
f 955/955/955 2427/2427/2427 2426/2426/2426
f 951/951/951 954/954/954 953/953/953
f 953/953/953 952/952/952 951/951/951
f 2422/2422/2422 2425/2425/2425 2424/2424/2424
f 2424/2424/2424 2423/2423/2423 2422/2422/2422
f 2421/2421/2421 2420/2420/2420 2419/2419/2419
f 2418/2418/2418 2417/2417/2417 2416/2416/2416
f 2412/2412/2412 2415/2415/2415 2414/2414/2414
f 2414/2414/2414 2413/2413/2413 2412/2412/2412
f 2410/2410/2410 2411/2411/2411 949/949/949
f 949/949/949 950/950/950 2410/2410/2410
f 2408/2408/2408 2409/2409/2409 947/947/947
f 947/947/947 948/948/948 2408/2408/2408
f 944/944/944 946/946/946 943/943/943
f 943/943/943 945/945/945 944/944/944
f 2407/2407/2407 2406/2406/2406 2405/2405/2405
f 2404/2404/2404 2403/2403/2403 2402/2402/2402
f 2398/2398/2398 2401/2401/2401 2400/2400/2400
f 2400/2400/2400 2399/2399/2399 2398/2398/2398
f 2396/2396/2396 2397/2397/2397 941/941/941
f 941/941/941 942/942/942 2396/2396/2396
f 2394/2394/2394 2395/2395/2395 939/939/939
f 939/939/939 940/940/940 2394/2394/2394
f 936/936/936 938/938/938 935/935/935
f 935/935/935 937/937/937 936/936/936
f 2390/2390/2390 2393/2393/2393 2392/2392/2392
f 2392/2392/2392 2391/2391/2391 2390/2390/2390
f 2389/2389/2389 2388/2388/2388 2387/2387/2387
f 2386/2386/2386 2385/2385/2385 2384/2384/2384
f 2380/2380/2380 2383/2383/2383 2382/2382/2382
f 2382/2382/2382 2381/2381/2381 2380/2380/2380
f 933/933/933 2379/2379/2379 2378/2378/2378
f 2378/2378/2378 934/934/934 933/933/933
f 931/931/931 2377/2377/2377 2376/2376/2376
f 2376/2376/2376 932/932/932 931/931/931
f 927/927/927 930/930/930 929/929/929
f 929/929/929 928/928/928 927/927/927
f 2375/2375/2375 2374/2374/2374 2373/2373/2373
f 2372/2372/2372 2371/2371/2371 2370/2370/2370
f 2366/2366/2366 2369/2369/2369 2368/2368/2368
f 2368/2368/2368 2367/2367/2367 2366/2366/2366
f 925/925/925 2365/2365/2365 2364/2364/2364
f 2364/2364/2364 926/926/926 925/925/925
f 923/923/923 2363/2363/2363 2362/2362/2362
f 2362/2362/2362 924/924/924 923/923/923
f 919/919/919 922/922/922 921/921/921
f 921/921/921 920/920/920 919/919/919
f 2358/2358/2358 2361/2361/2361 2360/2360/2360
f 2360/2360/2360 2359/2359/2359 2358/2358/2358
f 2357/2357/2357 2356/2356/2356 2355/2355/2355
f 2354/2354/2354 2353/2353/2353 2352/2352/2352
f 2348/2348/2348 2351/2351/2351 2350/2350/2350
f 2350/2350/2350 2349/2349/2349 2348/2348/2348
f 917/917/917 2347/2347/2347 2346/2346/2346
f 2346/2346/2346 918/918/918 917/917/917
f 915/915/915 2345/2345/2345 2344/2344/2344
f 2344/2344/2344 916/916/916 915/915/915
f 911/911/911 914/914/914 913/913/913
f 913/913/913 912/912/912 911/911/911
f 2343/2343/2343 2342/2342/2342 2341/2341/2341
f 2340/2340/2340 2339/2339/2339 2338/2338/2338
f 2334/2334/2334 2337/2337/2337 2336/2336/2336
f 2336/2336/2336 2335/2335/2335 2334/2334/2334
f 909/909/909 2333/2333/2333 2332/2332/2332
f 2332/2332/2332 910/910/910 909/909/909
f 907/907/907 2331/2331/2331 2330/2330/2330
f 2330/2330/2330 908/908/908 907/907/907
f 903/903/903 906/906/906 905/905/905
f 905/905/905 904/904/904 903/903/903
f 2326/2326/2326 2329/2329/2329 2328/2328/2328
f 2328/2328/2328 2327/2327/2327 2326/2326/2326
f 2325/2325/2325 2324/2324/2324 2323/2323/2323
f 2322/2322/2322 2321/2321/2321 2320/2320/2320
f 2316/2316/2316 2319/2319/2319 2318/2318/2318
f 2318/2318/2318 2317/2317/2317 2316/2316/2316
f 901/901/901 2315/2315/2315 2314/2314/2314
f 2314/2314/2314 902/902/902 901/901/901
f 899/899/899 2313/2313/2313 2312/2312/2312
f 2312/2312/2312 900/900/900 899/899/899
f 895/895/895 898/898/898 897/897/897
f 897/897/897 896/896/896 895/895/895
f 2311/2311/2311 2310/2310/2310 2309/2309/2309
f 2308/2308/2308 2307/2307/2307 2306/2306/2306
f 2302/2302/2302 2305/2305/2305 2304/2304/2304
f 2304/2304/2304 2303/2303/2303 2302/2302/2302
f 893/893/893 2301/2301/2301 2300/2300/2300
f 2300/2300/2300 894/894/894 893/893/893
f 891/891/891 2299/2299/2299 2298/2298/2298
f 2298/2298/2298 892/892/892 891/891/891
f 887/887/887 890/890/890 889/889/889
f 889/889/889 888/888/888 887/887/887
f 2297/2297/2297 2296/2296/2296 2295/2295/2295
f 2294/2294/2294 2293/2293/2293 2292/2292/2292
f 2291/2291/2291 2290/2290/2290 2289/2289/2289
f 2288/2288/2288 2287/2287/2287 2286/2286/2286
f 2285/2285/2285 2284/2284/2284 2283/2283/2283
f 2282/2282/2282 2281/2281/2281 2280/2280/2280
f 2279/2279/2279 2278/2278/2278 2277/2277/2277
f 2276/2276/2276 2275/2275/2275 2274/2274/2274
f 2272/2272/2272 2273/2273/2273 885/885/885
f 885/885/885 886/886/886 2272/2272/2272
f 883/883/883 884/884/884 881/881/881
f 881/881/881 882/882/882 883/883/883
f 2270/2270/2270 2271/2271/2271 879/879/879
f 879/879/879 880/880/880 2270/2270/2270
f 877/877/877 878/878/878 875/875/875
f 875/875/875 876/876/876 877/877/877
f 2268/2268/2268 2269/2269/2269 873/873/873
f 873/873/873 874/874/874 2268/2268/2268
f 871/871/871 872/872/872 869/869/869
f 869/869/869 870/870/870 871/871/871
f 2266/2266/2266 2267/2267/2267 867/867/867
f 867/867/867 868/868/868 2266/2266/2266
f 865/865/865 866/866/866 863/863/863
f 863/863/863 864/864/864 865/865/865
f 2265/2265/2265 2264/2264/2264 2263/2263/2263
f 2262/2262/2262 2261/2261/2261 2260/2260/2260
f 2259/2259/2259 2258/2258/2258 2257/2257/2257
f 2256/2256/2256 2255/2255/2255 2254/2254/2254
f 2253/2253/2253 2252/2252/2252 2251/2251/2251
f 2250/2250/2250 2249/2249/2249 2248/2248/2248
f 2246/2246/2246 2247/2247/2247 861/861/861
f 861/861/861 862/862/862 2246/2246/2246
f 859/859/859 860/860/860 857/857/857
f 857/857/857 858/858/858 859/859/859
f 2244/2244/2244 2245/2245/2245 855/855/855
f 855/855/855 856/856/856 2244/2244/2244
f 853/853/853 854/854/854 851/851/851
f 851/851/851 852/852/852 853/853/853
f 2242/2242/2242 2243/2243/2243 849/849/849
f 849/849/849 850/850/850 2242/2242/2242
f 847/847/847 848/848/848 845/845/845
f 845/845/845 846/846/846 847/847/847
f 2241/2241/2241 2240/2240/2240 2239/2239/2239
f 2238/2238/2238 2237/2237/2237 2236/2236/2236
f 2235/2235/2235 2234/2234/2234 2233/2233/2233
f 2232/2232/2232 2231/2231/2231 2230/2230/2230
f 2229/2229/2229 2228/2228/2228 2227/2227/2227
f 2226/2226/2226 2225/2225/2225 2224/2224/2224
f 2223/2223/2223 2222/2222/2222 2221/2221/2221
f 2220/2220/2220 2219/2219/2219 2218/2218/2218
f 2216/2216/2216 2217/2217/2217 843/843/843
f 843/843/843 844/844/844 2216/2216/2216
f 841/841/841 842/842/842 839/839/839
f 839/839/839 840/840/840 841/841/841
f 2214/2214/2214 2215/2215/2215 837/837/837
f 837/837/837 838/838/838 2214/2214/2214
f 835/835/835 836/836/836 833/833/833
f 833/833/833 834/834/834 835/835/835
f 2212/2212/2212 2213/2213/2213 831/831/831
f 831/831/831 832/832/832 2212/2212/2212
f 829/829/829 830/830/830 827/827/827
f 827/827/827 828/828/828 829/829/829
f 2210/2210/2210 2211/2211/2211 825/825/825
f 825/825/825 826/826/826 2210/2210/2210
f 823/823/823 824/824/824 821/821/821
f 821/821/821 822/822/822 823/823/823
f 810/810/810 809/809/809 820/820/820
f 820/820/820 819/819/819 810/810/810
f 819/819/819 820/820/820 818/818/818
f 818/818/818 817/817/817 819/819/819
f 817/817/817 818/818/818 816/816/816
f 816/816/816 815/815/815 817/817/817
f 815/815/815 816/816/816 813/813/813
f 813/813/813 814/814/814 815/815/815
f 806/806/806 805/805/805 812/812/812
f 812/812/812 811/811/811 806/806/806
f 811/811/811 812/812/812 809/809/809
f 809/809/809 810/810/810 811/811/811
f 800/800/800 799/799/799 808/808/808
f 808/808/808 807/807/807 800/800/800
f 807/807/807 808/808/808 805/805/805
f 805/805/805 806/806/806 807/807/807
f 790/790/790 789/789/789 804/804/804
f 804/804/804 803/803/803 790/790/790
f 803/803/803 804/804/804 798/798/798
f 798/798/798 797/797/797 803/803/803
f 794/794/794 793/793/793 802/802/802
f 802/802/802 801/801/801 794/794/794
f 801/801/801 802/802/802 799/799/799
f 799/799/799 800/800/800 801/801/801
f 797/797/797 798/798/798 796/796/796
f 796/796/796 795/795/795 797/797/797
f 795/795/795 796/796/796 793/793/793
f 793/793/793 794/794/794 795/795/795
f 786/786/786 785/785/785 792/792/792
f 792/792/792 791/791/791 786/786/786
f 791/791/791 792/792/792 789/789/789
f 789/789/789 790/790/790 791/791/791
f 782/782/782 781/781/781 788/788/788
f 788/788/788 787/787/787 782/782/782
f 787/787/787 788/788/788 785/785/785
f 785/785/785 786/786/786 787/787/787
f 776/776/776 775/775/775 784/784/784
f 784/784/784 783/783/783 776/776/776
f 783/783/783 784/784/784 781/781/781
f 781/781/781 782/782/782 783/783/783
f 762/762/762 761/761/761 780/780/780
f 780/780/780 779/779/779 762/762/762
f 779/779/779 780/780/780 770/770/770
f 770/770/770 769/769/769 779/779/779
f 772/772/772 771/771/771 778/778/778
f 778/778/778 777/777/777 772/772/772
f 777/777/777 778/778/778 775/775/775
f 775/775/775 776/776/776 777/777/777
f 766/766/766 765/765/765 774/774/774
f 774/774/774 773/773/773 766/766/766
f 773/773/773 774/774/774 771/771/771
f 771/771/771 772/772/772 773/773/773
f 769/769/769 770/770/770 768/768/768
f 768/768/768 767/767/767 769/769/769
f 767/767/767 768/768/768 765/765/765
f 765/765/765 766/766/766 767/767/767
f 756/756/756 755/755/755 764/764/764
f 764/764/764 763/763/763 756/756/756
f 763/763/763 764/764/764 761/761/761
f 761/761/761 762/762/762 763/763/763
f 759/759/759 760/760/760 758/758/758
f 758/758/758 757/757/757 759/759/759
f 757/757/757 758/758/758 755/755/755
f 755/755/755 756/756/756 757/757/757
f 2209/2209/2209 2208/2208/2208 2207/2207/2207
f 2206/2206/2206 2205/2205/2205 2204/2204/2204
f 2202/2202/2202 2203/2203/2203 753/753/753
f 753/753/753 754/754/754 2202/2202/2202
f 751/751/751 752/752/752 749/749/749
f 749/749/749 750/750/750 751/751/751
f 2201/2201/2201 2200/2200/2200 2199/2199/2199
f 2198/2198/2198 2197/2197/2197 2196/2196/2196
f 747/747/747 2195/2195/2195 2194/2194/2194
f 2194/2194/2194 748/748/748 747/747/747
f 743/743/743 746/746/746 744/744/744
f 744/744/744 745/745/745 743/743/743
f 2193/2193/2193 2192/2192/2192 2191/2191/2191
f 2190/2190/2190 2189/2189/2189 2188/2188/2188
f 2187/2187/2187 2186/2186/2186 2185/2185/2185
f 2184/2184/2184 2183/2183/2183 2182/2182/2182
f 2181/2181/2181 2180/2180/2180 2179/2179/2179
f 2178/2178/2178 2177/2177/2177 2176/2176/2176
f 2175/2175/2175 2174/2174/2174 2173/2173/2173
f 2172/2172/2172 2171/2171/2171 2170/2170/2170
f 741/741/741 2169/2169/2169 2168/2168/2168
f 2168/2168/2168 742/742/742 741/741/741
f 737/737/737 740/740/740 739/739/739
f 739/739/739 738/738/738 737/737/737
f 735/735/735 2167/2167/2167 2166/2166/2166
f 2166/2166/2166 736/736/736 735/735/735
f 731/731/731 734/734/734 733/733/733
f 733/733/733 732/732/732 731/731/731
f 729/729/729 2165/2165/2165 2164/2164/2164
f 2164/2164/2164 730/730/730 729/729/729
f 725/725/725 728/728/728 727/727/727
f 727/727/727 726/726/726 725/725/725
f 723/723/723 2163/2163/2163 2162/2162/2162
f 2162/2162/2162 724/724/724 723/723/723
f 719/719/719 722/722/722 721/721/721
f 721/721/721 720/720/720 719/719/719
f 2161/2161/2161 2160/2160/2160 2159/2159/2159
f 2158/2158/2158 2157/2157/2157 2156/2156/2156
f 2155/2155/2155 2154/2154/2154 2153/2153/2153
f 2152/2152/2152 2151/2151/2151 2150/2150/2150
f 2149/2149/2149 2148/2148/2148 2147/2147/2147
f 2146/2146/2146 2145/2145/2145 2144/2144/2144
f 717/717/717 2143/2143/2143 2142/2142/2142
f 2142/2142/2142 718/718/718 717/717/717
f 713/713/713 716/716/716 715/715/715
f 715/715/715 714/714/714 713/713/713
f 711/711/711 2141/2141/2141 2140/2140/2140
f 2140/2140/2140 712/712/712 711/711/711
f 707/707/707 710/710/710 709/709/709
f 709/709/709 708/708/708 707/707/707
f 705/705/705 2139/2139/2139 2138/2138/2138
f 2138/2138/2138 706/706/706 705/705/705
f 701/701/701 704/704/704 703/703/703
f 703/703/703 702/702/702 701/701/701
f 2137/2137/2137 2136/2136/2136 2135/2135/2135
f 2134/2134/2134 2133/2133/2133 2132/2132/2132
f 2131/2131/2131 2130/2130/2130 2129/2129/2129
f 2128/2128/2128 2127/2127/2127 2126/2126/2126
f 2125/2125/2125 2124/2124/2124 2123/2123/2123
f 2122/2122/2122 2121/2121/2121 2120/2120/2120
f 2119/2119/2119 2118/2118/2118 2117/2117/2117
f 2116/2116/2116 2115/2115/2115 2114/2114/2114
f 699/699/699 2113/2113/2113 2112/2112/2112
f 2112/2112/2112 700/700/700 699/699/699
f 695/695/695 698/698/698 697/697/697
f 697/697/697 696/696/696 695/695/695
f 693/693/693 2111/2111/2111 2110/2110/2110
f 2110/2110/2110 694/694/694 693/693/693
f 689/689/689 692/692/692 691/691/691
f 691/691/691 690/690/690 689/689/689
f 687/687/687 2109/2109/2109 2108/2108/2108
f 2108/2108/2108 688/688/688 687/687/687
f 683/683/683 686/686/686 685/685/685
f 685/685/685 684/684/684 683/683/683
f 681/681/681 2107/2107/2107 2106/2106/2106
f 2106/2106/2106 682/682/682 681/681/681
f 677/677/677 680/680/680 679/679/679
f 679/679/679 678/678/678 677/677/677
f 676/676/676 665/665/665 666/666/666
f 666/666/666 675/675/675 676/676/676
f 674/674/674 676/676/676 675/675/675
f 675/675/675 673/673/673 674/674/674
f 672/672/672 674/674/674 673/673/673
f 673/673/673 671/671/671 672/672/672
f 669/669/669 672/672/672 671/671/671
f 671/671/671 670/670/670 669/669/669
f 668/668/668 661/661/661 662/662/662
f 662/662/662 667/667/667 668/668/668
f 665/665/665 668/668/668 667/667/667
f 667/667/667 666/666/666 665/665/665
f 664/664/664 655/655/655 656/656/656
f 656/656/656 663/663/663 664/664/664
f 661/661/661 664/664/664 663/663/663
f 663/663/663 662/662/662 661/661/661
f 660/660/660 645/645/645 646/646/646
f 646/646/646 659/659/659 660/660/660
f 654/654/654 660/660/660 659/659/659
f 659/659/659 653/653/653 654/654/654
f 658/658/658 649/649/649 650/650/650
f 650/650/650 657/657/657 658/658/658
f 655/655/655 658/658/658 657/657/657
f 657/657/657 656/656/656 655/655/655
f 652/652/652 654/654/654 653/653/653
f 653/653/653 651/651/651 652/652/652
f 649/649/649 652/652/652 651/651/651
f 651/651/651 650/650/650 649/649/649
f 648/648/648 641/641/641 642/642/642
f 642/642/642 647/647/647 648/648/648
f 645/645/645 648/648/648 647/647/647
f 647/647/647 646/646/646 645/645/645
f 644/644/644 637/637/637 638/638/638
f 638/638/638 643/643/643 644/644/644
f 641/641/641 644/644/644 643/643/643
f 643/643/643 642/642/642 641/641/641
f 640/640/640 631/631/631 632/632/632
f 632/632/632 639/639/639 640/640/640
f 637/637/637 640/640/640 639/639/639
f 639/639/639 638/638/638 637/637/637
f 636/636/636 617/617/617 618/618/618
f 618/618/618 635/635/635 636/636/636
f 626/626/626 636/636/636 635/635/635
f 635/635/635 625/625/625 626/626/626
f 634/634/634 627/627/627 628/628/628
f 628/628/628 633/633/633 634/634/634
f 631/631/631 634/634/634 633/633/633
f 633/633/633 632/632/632 631/631/631
f 630/630/630 621/621/621 622/622/622
f 622/622/622 629/629/629 630/630/630
f 627/627/627 630/630/630 629/629/629
f 629/629/629 628/628/628 627/627/627
f 624/624/624 626/626/626 625/625/625
f 625/625/625 623/623/623 624/624/624
f 621/621/621 624/624/624 623/623/623
f 623/623/623 622/622/622 621/621/621
f 620/620/620 611/611/611 612/612/612
f 612/612/612 619/619/619 620/620/620
f 617/617/617 620/620/620 619/619/619
f 619/619/619 618/618/618 617/617/617
f 614/614/614 616/616/616 615/615/615
f 615/615/615 613/613/613 614/614/614
f 611/611/611 614/614/614 613/613/613
f 613/613/613 612/612/612 611/611/611
f 2105/2105/2105 2104/2104/2104 2103/2103/2103
f 2102/2102/2102 2101/2101/2101 2100/2100/2100
f 609/609/609 2099/2099/2099 2098/2098/2098
f 2098/2098/2098 610/610/610 609/609/609
f 605/605/605 608/608/608 607/607/607
f 607/607/607 606/606/606 605/605/605
f 2097/2097/2097 2096/2096/2096 2095/2095/2095
f 2094/2094/2094 2093/2093/2093 2092/2092/2092
f 2090/2090/2090 2091/2091/2091 603/603/603
f 603/603/603 604/604/604 2090/2090/2090
f 600/600/600 602/602/602 599/599/599
f 599/599/599 601/601/601 600/600/600
f 2086/2086/2086 2089/2089/2089 2088/2088/2088
f 2088/2088/2088 2087/2087/2087 2086/2086/2086
f 2082/2082/2082 2085/2085/2085 2084/2084/2084
f 2084/2084/2084 2083/2083/2083 2082/2082/2082
f 2081/2081/2081 592/592/592 597/597/597
f 597/597/597 598/598/598 2081/2081/2081
f 2079/2079/2079 2080/2080/2080 595/595/595
f 595/595/595 596/596/596 2079/2079/2079
f 593/593/593 594/594/594 591/591/591
f 591/591/591 592/592/592 593/593/593
f 2075/2075/2075 2078/2078/2078 2077/2077/2077
f 2077/2077/2077 2076/2076/2076 2075/2075/2075
f 2071/2071/2071 2074/2074/2074 2073/2073/2073
f 2073/2073/2073 2072/2072/2072 2071/2071/2071
f 2070/2070/2070 584/584/584 589/589/589
f 589/589/589 590/590/590 2070/2070/2070
f 2068/2068/2068 2069/2069/2069 587/587/587
f 587/587/587 588/588/588 2068/2068/2068
f 585/585/585 586/586/586 583/583/583
f 583/583/583 584/584/584 585/585/585
f 2064/2064/2064 2067/2067/2067 2066/2066/2066
f 2066/2066/2066 2065/2065/2065 2064/2064/2064
f 2060/2060/2060 2063/2063/2063 2062/2062/2062
f 2062/2062/2062 2061/2061/2061 2060/2060/2060
f 2059/2059/2059 576/576/576 581/581/581
f 581/581/581 582/582/582 2059/2059/2059
f 2057/2057/2057 2058/2058/2058 579/579/579
f 579/579/579 580/580/580 2057/2057/2057
f 577/577/577 578/578/578 575/575/575
f 575/575/575 576/576/576 577/577/577
f 2053/2053/2053 2056/2056/2056 2055/2055/2055
f 2055/2055/2055 2054/2054/2054 2053/2053/2053
f 2049/2049/2049 2052/2052/2052 2051/2051/2051
f 2051/2051/2051 2050/2050/2050 2049/2049/2049
f 2048/2048/2048 568/568/568 573/573/573
f 573/573/573 574/574/574 2048/2048/2048
f 2046/2046/2046 2047/2047/2047 571/571/571
f 571/571/571 572/572/572 2046/2046/2046
f 569/569/569 570/570/570 567/567/567
f 567/567/567 568/568/568 569/569/569
f 2042/2042/2042 2045/2045/2045 2044/2044/2044
f 2044/2044/2044 2043/2043/2043 2042/2042/2042
f 2038/2038/2038 2041/2041/2041 2040/2040/2040
f 2040/2040/2040 2039/2039/2039 2038/2038/2038
f 2037/2037/2037 560/560/560 565/565/565
f 565/565/565 566/566/566 2037/2037/2037
f 2035/2035/2035 2036/2036/2036 563/563/563
f 563/563/563 564/564/564 2035/2035/2035
f 561/561/561 562/562/562 559/559/559
f 559/559/559 560/560/560 561/561/561
f 2031/2031/2031 2034/2034/2034 2033/2033/2033
f 2033/2033/2033 2032/2032/2032 2031/2031/2031
f 2027/2027/2027 2030/2030/2030 2029/2029/2029
f 2029/2029/2029 2028/2028/2028 2027/2027/2027
f 2026/2026/2026 552/552/552 557/557/557
f 557/557/557 558/558/558 2026/2026/2026
f 2024/2024/2024 2025/2025/2025 555/555/555
f 555/555/555 556/556/556 2024/2024/2024
f 553/553/553 554/554/554 551/551/551
f 551/551/551 552/552/552 553/553/553
f 2023/2023/2023 2022/2022/2022 2021/2021/2021
f 550/550/550 2020/2020/2020 2019/2019/2019
f 549/549/549 2018/2018/2018 2017/2017/2017
f 547/547/547 548/548/548 546/546/546
f 2016/2016/2016 2015/2015/2015 2014/2014/2014
f 545/545/545 2013/2013/2013 2012/2012/2012
f 544/544/544 2011/2011/2011 2010/2010/2010
f 542/542/542 543/543/543 541/541/541
f 2009/2009/2009 2008/2008/2008 2007/2007/2007
f 540/540/540 2006/2006/2006 2005/2005/2005
f 539/539/539 2004/2004/2004 2003/2003/2003
f 537/537/537 538/538/538 536/536/536
f 2002/2002/2002 2001/2001/2001 2000/2000/2000
f 535/535/535 1999/1999/1999 1998/1998/1998
f 534/534/534 1997/1997/1997 1996/1996/1996
f 532/532/532 533/533/533 531/531/531
f 1992/1992/1992 1995/1995/1995 1994/1994/1994
f 1994/1994/1994 1993/1993/1993 1992/1992/1992
f 1988/1988/1988 1991/1991/1991 1990/1990/1990
f 1990/1990/1990 1989/1989/1989 1988/1988/1988
f 1987/1987/1987 524/524/524 529/529/529
f 529/529/529 530/530/530 1987/1987/1987
f 1985/1985/1985 1986/1986/1986 527/527/527
f 527/527/527 528/528/528 1985/1985/1985
f 525/525/525 526/526/526 523/523/523
f 523/523/523 524/524/524 525/525/525
f 1981/1981/1981 1984/1984/1984 1983/1983/1983
f 1983/1983/1983 1982/1982/1982 1981/1981/1981
f 1977/1977/1977 1980/1980/1980 1979/1979/1979
f 1979/1979/1979 1978/1978/1978 1977/1977/1977
f 1976/1976/1976 516/516/516 521/521/521
f 521/521/521 522/522/522 1976/1976/1976
f 1974/1974/1974 1975/1975/1975 519/519/519
f 519/519/519 520/520/520 1974/1974/1974
f 517/517/517 518/518/518 515/515/515
f 515/515/515 516/516/516 517/517/517
f 1970/1970/1970 1973/1973/1973 1972/1972/1972
f 1972/1972/1972 1971/1971/1971 1970/1970/1970
f 1966/1966/1966 1969/1969/1969 1968/1968/1968
f 1968/1968/1968 1967/1967/1967 1966/1966/1966
f 513/513/513 508/508/508 1965/1965/1965
f 1965/1965/1965 514/514/514 513/513/513
f 511/511/511 1964/1964/1964 1963/1963/1963
f 1963/1963/1963 512/512/512 511/511/511
f 507/507/507 510/510/510 509/509/509
f 509/509/509 508/508/508 507/507/507
f 1959/1959/1959 1962/1962/1962 1961/1961/1961
f 1961/1961/1961 1960/1960/1960 1959/1959/1959
f 1955/1955/1955 1958/1958/1958 1957/1957/1957
f 1957/1957/1957 1956/1956/1956 1955/1955/1955
f 505/505/505 500/500/500 1954/1954/1954
f 1954/1954/1954 506/506/506 505/505/505
f 503/503/503 1953/1953/1953 1952/1952/1952
f 1952/1952/1952 504/504/504 503/503/503
f 499/499/499 502/502/502 501/501/501
f 501/501/501 500/500/500 499/499/499
f 1948/1948/1948 1951/1951/1951 1950/1950/1950
f 1950/1950/1950 1949/1949/1949 1948/1948/1948
f 1944/1944/1944 1947/1947/1947 1946/1946/1946
f 1946/1946/1946 1945/1945/1945 1944/1944/1944
f 497/497/497 492/492/492 1943/1943/1943
f 1943/1943/1943 498/498/498 497/497/497
f 495/495/495 1942/1942/1942 1941/1941/1941
f 1941/1941/1941 496/496/496 495/495/495
f 491/491/491 494/494/494 493/493/493
f 493/493/493 492/492/492 491/491/491
f 1937/1937/1937 1940/1940/1940 1939/1939/1939
f 1939/1939/1939 1938/1938/1938 1937/1937/1937
f 1933/1933/1933 1936/1936/1936 1935/1935/1935
f 1935/1935/1935 1934/1934/1934 1933/1933/1933
f 489/489/489 484/484/484 1932/1932/1932
f 1932/1932/1932 490/490/490 489/489/489
f 487/487/487 1931/1931/1931 1930/1930/1930
f 1930/1930/1930 488/488/488 487/487/487
f 483/483/483 486/486/486 485/485/485
f 485/485/485 484/484/484 483/483/483
f 1926/1926/1926 1929/1929/1929 1928/1928/1928
f 1928/1928/1928 1927/1927/1927 1926/1926/1926
f 1922/1922/1922 1925/1925/1925 1924/1924/1924
f 1924/1924/1924 1923/1923/1923 1922/1922/1922
f 481/481/481 476/476/476 1921/1921/1921
f 1921/1921/1921 482/482/482 481/481/481
f 479/479/479 1920/1920/1920 1919/1919/1919
f 1919/1919/1919 480/480/480 479/479/479
f 475/475/475 478/478/478 477/477/477
f 477/477/477 476/476/476 475/475/475
f 1915/1915/1915 1918/1918/1918 1917/1917/1917
f 1917/1917/1917 1916/1916/1916 1915/1915/1915
f 1911/1911/1911 1914/1914/1914 1913/1913/1913
f 1913/1913/1913 1912/1912/1912 1911/1911/1911
f 473/473/473 468/468/468 1910/1910/1910
f 1910/1910/1910 474/474/474 473/473/473
f 471/471/471 1909/1909/1909 1908/1908/1908
f 1908/1908/1908 472/472/472 471/471/471
f 467/467/467 470/470/470 469/469/469
f 469/469/469 468/468/468 467/467/467
f 1907/1907/1907 1906/1906/1906 1905/1905/1905
f 1904/1904/1904 466/466/466 1903/1903/1903
f 1902/1902/1902 465/465/465 1901/1901/1901
f 464/464/464 463/463/463 462/462/462
f 1900/1900/1900 1899/1899/1899 1898/1898/1898
f 1897/1897/1897 461/461/461 1896/1896/1896
f 1895/1895/1895 460/460/460 1894/1894/1894
f 459/459/459 458/458/458 457/457/457
f 1893/1893/1893 1892/1892/1892 1891/1891/1891
f 1890/1890/1890 456/456/456 1889/1889/1889
f 1888/1888/1888 455/455/455 1887/1887/1887
f 454/454/454 453/453/453 452/452/452
f 1886/1886/1886 1885/1885/1885 1884/1884/1884
f 1883/1883/1883 451/451/451 1882/1882/1882
f 1881/1881/1881 450/450/450 1880/1880/1880
f 449/449/449 448/448/448 447/447/447
f 1876/1876/1876 1879/1879/1879 1878/1878/1878
f 1878/1878/1878 1877/1877/1877 1876/1876/1876
f 1872/1872/1872 1875/1875/1875 1874/1874/1874
f 1874/1874/1874 1873/1873/1873 1872/1872/1872
f 445/445/445 440/440/440 1871/1871/1871
f 1871/1871/1871 446/446/446 445/445/445
f 443/443/443 1870/1870/1870 1869/1869/1869
f 1869/1869/1869 444/444/444 443/443/443
f 439/439/439 442/442/442 441/441/441
f 441/441/441 440/440/440 439/439/439
f 1865/1865/1865 1868/1868/1868 1867/1867/1867
f 1867/1867/1867 1866/1866/1866 1865/1865/1865
f 1861/1861/1861 1864/1864/1864 1863/1863/1863
f 1863/1863/1863 1862/1862/1862 1861/1861/1861
f 437/437/437 432/432/432 1860/1860/1860
f 1860/1860/1860 438/438/438 437/437/437
f 435/435/435 1859/1859/1859 1858/1858/1858
f 1858/1858/1858 436/436/436 435/435/435
f 431/431/431 434/434/434 433/433/433
f 433/433/433 432/432/432 431/431/431
f 1855/1855/1855 430/430/430 1857/1857/1857
f 1857/1857/1857 1856/1856/1856 1855/1855/1855
f 1854/1854/1854 1853/1853/1853 1852/1852/1852
f 429/429/429 1851/1851/1851 1850/1850/1850
f 1849/1849/1849 1848/1848/1848 1847/1847/1847
f 1846/1846/1846 427/427/427 428/428/428
f 1845/1845/1845 1844/1844/1844 1843/1843/1843
f 425/425/425 426/426/426 1842/1842/1842
f 423/423/423 424/424/424 421/421/421
f 421/421/421 422/422/422 423/423/423
f 419/419/419 420/420/420 417/417/417
f 417/417/417 418/418/418 419/419/419
f 1841/1841/1841 1840/1840/1840 1839/1839/1839
f 1835/1835/1835 1838/1838/1838 1837/1837/1837
f 1837/1837/1837 1836/1836/1836 1835/1835/1835
f 416/416/416 1834/1834/1834 1833/1833/1833
f 1833/1833/1833 1832/1832/1832 416/416/416
f 1831/1831/1831 1830/1830/1830 1829/1829/1829
f 1828/1828/1828 1827/1827/1827 1826/1826/1826
f 415/415/415 1825/1825/1825 1824/1824/1824
f 1824/1824/1824 1823/1823/1823 415/415/415
f 413/413/413 414/414/414 411/411/411
f 411/411/411 412/412/412 413/413/413
f 409/409/409 410/410/410 1822/1822/1822
f 1821/1821/1821 1820/1820/1820 1819/1819/1819
f 1818/1818/1818 1817/1817/1817 1816/1816/1816
f 1812/1812/1812 1815/1815/1815 1814/1814/1814
f 1814/1814/1814 1813/1813/1813 1812/1812/1812
f 407/407/407 408/408/408 405/405/405
f 405/405/405 406/406/406 407/407/407
f 1811/1811/1811 1810/1810/1810 1809/1809/1809
f 1808/1808/1808 1807/1807/1807 1806/1806/1806
f 1802/1802/1802 1805/1805/1805 1804/1804/1804
f 1804/1804/1804 1803/1803/1803 1802/1802/1802
f 403/403/403 404/404/404 401/401/401
f 401/401/401 402/402/402 403/403/403
f 1801/1801/1801 1800/1800/1800 1799/1799/1799
f 1795/1795/1795 1798/1798/1798 1797/1797/1797
f 1797/1797/1797 1796/1796/1796 1795/1795/1795
f 400/400/400 1794/1794/1794 1793/1793/1793
f 1793/1793/1793 1792/1792/1792 400/400/400
f 1791/1791/1791 1790/1790/1790 1789/1789/1789
f 1788/1788/1788 1787/1787/1787 1786/1786/1786
f 1782/1782/1782 1785/1785/1785 1784/1784/1784
f 1784/1784/1784 1783/1783/1783 1782/1782/1782
f 398/398/398 399/399/399 396/396/396
f 396/396/396 397/397/397 398/398/398
f 1781/1781/1781 1780/1780/1780 1779/1779/1779
f 1778/1778/1778 1777/1777/1777 1776/1776/1776
f 1772/1772/1772 1775/1775/1775 1774/1774/1774
f 1774/1774/1774 1773/1773/1773 1772/1772/1772
f 394/394/394 395/395/395 392/392/392
f 392/392/392 393/393/393 394/394/394
f 1771/1771/1771 1770/1770/1770 1769/1769/1769
f 1768/1768/1768 1767/1767/1767 1766/1766/1766
f 391/391/391 1765/1765/1765 1764/1764/1764
f 1764/1764/1764 1763/1763/1763 391/391/391
f 389/389/389 390/390/390 387/387/387
f 387/387/387 388/388/388 389/389/389
f 385/385/385 386/386/386 1762/1762/1762
f 1761/1761/1761 1760/1760/1760 1759/1759/1759
f 1758/1758/1758 1757/1757/1757 1756/1756/1756
f 1752/1752/1752 1755/1755/1755 1754/1754/1754
f 1754/1754/1754 1753/1753/1753 1752/1752/1752
f 383/383/383 384/384/384 381/381/381
f 381/381/381 382/382/382 383/383/383
f 1751/1751/1751 1750/1750/1750 1749/1749/1749
f 1748/1748/1748 1747/1747/1747 1746/1746/1746
f 379/379/379 380/380/380 1745/1745/1745
f 1745/1745/1745 1744/1744/1744 379/379/379
f 377/377/377 378/378/378 375/375/375
f 375/375/375 376/376/376 377/377/377
f 1740/1740/1740 1743/1743/1743 1742/1742/1742
f 1742/1742/1742 1741/1741/1741 1740/1740/1740
f 1736/1736/1736 1739/1739/1739 1738/1738/1738
f 1738/1738/1738 1737/1737/1737 1736/1736/1736
f 1735/1735/1735 359/359/359 357/357/357
f 357/357/357 356/356/356 1735/1735/1735
f 1732/1732/1732 1734/1734/1734 374/374/374
f 374/374/374 1733/1733/1733 1732/1732/1732
f 1730/1730/1730 1731/1731/1731 372/372/372
f 372/372/372 373/373/373 1730/1730/1730
f 1727/1727/1727 1729/1729/1729 1728/1728/1728
f 1728/1728/1728 371/371/371 1727/1727/1727
f 1725/1725/1725 1726/1726/1726 369/369/369
f 369/369/369 370/370/370 1725/1725/1725
f 1724/1724/1724 368/368/368 366/366/366
f 366/366/366 367/367/367 1724/1724/1724
f 365/365/365 1723/1723/1723 1722/1722/1722
f 1722/1722/1722 1721/1721/1721 365/365/365
f 1719/1719/1719 1720/1720/1720 363/363/363
f 363/363/363 364/364/364 1719/1719/1719
f 362/362/362 354/354/354 353/353/353
f 353/353/353 361/361/361 362/362/362
f 359/359/359 360/360/360 358/358/358
f 358/358/358 357/357/357 359/359/359
f 354/354/354 355/355/355 353/353/353
f 355/355/355 356/356/356 353/353/353
f 356/356/356 357/357/357 353/353/353
f 1715/1715/1715 1718/1718/1718 1717/1717/1717
f 1717/1717/1717 1716/1716/1716 1715/1715/1715
f 1711/1711/1711 1714/1714/1714 1713/1713/1713
f 1713/1713/1713 1712/1712/1712 1711/1711/1711
f 1710/1710/1710 337/337/337 335/335/335
f 335/335/335 334/334/334 1710/1710/1710
f 1707/1707/1707 1709/1709/1709 352/352/352
f 352/352/352 1708/1708/1708 1707/1707/1707
f 1705/1705/1705 1706/1706/1706 350/350/350
f 350/350/350 351/351/351 1705/1705/1705
f 1702/1702/1702 1704/1704/1704 1703/1703/1703
f 1703/1703/1703 349/349/349 1702/1702/1702
f 1700/1700/1700 1701/1701/1701 347/347/347
f 347/347/347 348/348/348 1700/1700/1700
f 1699/1699/1699 346/346/346 344/344/344
f 344/344/344 345/345/345 1699/1699/1699
f 343/343/343 1698/1698/1698 1697/1697/1697
f 1697/1697/1697 1696/1696/1696 343/343/343
f 1694/1694/1694 1695/1695/1695 341/341/341
f 341/341/341 342/342/342 1694/1694/1694
f 340/340/340 332/332/332 331/331/331
f 331/331/331 339/339/339 340/340/340
f 337/337/337 338/338/338 336/336/336
f 336/336/336 335/335/335 337/337/337
f 332/332/332 333/333/333 331/331/331
f 333/333/333 334/334/334 331/331/331
f 334/334/334 335/335/335 331/331/331
f 1690/1690/1690 1693/1693/1693 1692/1692/1692
f 1692/1692/1692 1691/1691/1691 1690/1690/1690
f 1686/1686/1686 1689/1689/1689 1688/1688/1688
f 1688/1688/1688 1687/1687/1687 1686/1686/1686
f 1685/1685/1685 315/315/315 313/313/313
f 313/313/313 312/312/312 1685/1685/1685
f 1682/1682/1682 1684/1684/1684 330/330/330
f 330/330/330 1683/1683/1683 1682/1682/1682
f 1680/1680/1680 1681/1681/1681 328/328/328
f 328/328/328 329/329/329 1680/1680/1680
f 1677/1677/1677 1679/1679/1679 1678/1678/1678
f 1678/1678/1678 327/327/327 1677/1677/1677
f 1675/1675/1675 1676/1676/1676 325/325/325
f 325/325/325 326/326/326 1675/1675/1675
f 1674/1674/1674 324/324/324 322/322/322
f 322/322/322 323/323/323 1674/1674/1674
f 321/321/321 1673/1673/1673 1672/1672/1672
f 1672/1672/1672 1671/1671/1671 321/321/321
f 1669/1669/1669 1670/1670/1670 319/319/319
f 319/319/319 320/320/320 1669/1669/1669
f 318/318/318 310/310/310 309/309/309
f 309/309/309 317/317/317 318/318/318
f 315/315/315 316/316/316 314/314/314
f 314/314/314 313/313/313 315/315/315
f 310/310/310 311/311/311 309/309/309
f 311/311/311 312/312/312 309/309/309
f 312/312/312 313/313/313 309/309/309
f 1665/1665/1665 1668/1668/1668 1667/1667/1667
f 1667/1667/1667 1666/1666/1666 1665/1665/1665
f 1661/1661/1661 1664/1664/1664 1663/1663/1663
f 1663/1663/1663 1662/1662/1662 1661/1661/1661
f 307/307/307 308/308/308 1660/1660/1660
f 1660/1660/1660 304/304/304 307/307/307
f 305/305/305 306/306/306 1659/1659/1659
f 1659/1659/1659 1658/1658/1658 305/305/305
f 303/303/303 304/304/304 301/301/301
f 301/301/301 302/302/302 303/303/303
f 1654/1654/1654 1657/1657/1657 1656/1656/1656
f 1656/1656/1656 1655/1655/1655 1654/1654/1654
f 1650/1650/1650 1653/1653/1653 1652/1652/1652
f 1652/1652/1652 1651/1651/1651 1650/1650/1650
f 299/299/299 300/300/300 1649/1649/1649
f 1649/1649/1649 296/296/296 299/299/299
f 297/297/297 298/298/298 1648/1648/1648
f 1648/1648/1648 1647/1647/1647 297/297/297
f 295/295/295 296/296/296 293/293/293
f 293/293/293 294/294/294 295/295/295
f 1643/1643/1643 1646/1646/1646 1645/1645/1645
f 1645/1645/1645 1644/1644/1644 1643/1643/1643
f 1639/1639/1639 1642/1642/1642 1641/1641/1641
f 1641/1641/1641 1640/1640/1640 1639/1639/1639
f 291/291/291 292/292/292 1638/1638/1638
f 1638/1638/1638 288/288/288 291/291/291
f 289/289/289 290/290/290 1637/1637/1637
f 1637/1637/1637 1636/1636/1636 289/289/289
f 287/287/287 288/288/288 285/285/285
f 285/285/285 286/286/286 287/287/287
f 1632/1632/1632 1635/1635/1635 1634/1634/1634
f 1634/1634/1634 1633/1633/1633 1632/1632/1632
f 1628/1628/1628 1631/1631/1631 1630/1630/1630
f 1630/1630/1630 1629/1629/1629 1628/1628/1628
f 283/283/283 284/284/284 1627/1627/1627
f 1627/1627/1627 280/280/280 283/283/283
f 281/281/281 282/282/282 1626/1626/1626
f 1626/1626/1626 1625/1625/1625 281/281/281
f 279/279/279 280/280/280 277/277/277
f 277/277/277 278/278/278 279/279/279
f 1621/1621/1621 1624/1624/1624 1623/1623/1623
f 1623/1623/1623 1622/1622/1622 1621/1621/1621
f 1617/1617/1617 1620/1620/1620 1619/1619/1619
f 1619/1619/1619 1618/1618/1618 1617/1617/1617
f 1613/1613/1613 1616/1616/1616 1615/1615/1615
f 1615/1615/1615 1614/1614/1614 1613/1613/1613
f 1609/1609/1609 1612/1612/1612 1611/1611/1611
f 1611/1611/1611 1610/1610/1610 1609/1609/1609
f 1605/1605/1605 1608/1608/1608 1607/1607/1607
f 1607/1607/1607 1606/1606/1606 1605/1605/1605
f 1601/1601/1601 1604/1604/1604 1603/1603/1603
f 1603/1603/1603 1602/1602/1602 1601/1601/1601
f 1597/1597/1597 1600/1600/1600 1599/1599/1599
f 1599/1599/1599 1598/1598/1598 1597/1597/1597
f 275/275/275 276/276/276 1596/1596/1596
f 1596/1596/1596 1595/1595/1595 275/275/275
f 273/273/273 274/274/274 1594/1594/1594
f 1594/1594/1594 1593/1593/1593 273/273/273
f 1589/1589/1589 1592/1592/1592 1591/1591/1591
f 1591/1591/1591 1590/1590/1590 1589/1589/1589
f 271/271/271 272/272/272 1588/1588/1588
f 1588/1588/1588 1587/1587/1587 271/271/271
f 269/269/269 270/270/270 1586/1586/1586
f 1586/1586/1586 1585/1585/1585 269/269/269
f 267/267/267 268/268/268 1584/1584/1584
f 1584/1584/1584 1583/1583/1583 267/267/267
f 265/265/265 266/266/266 1582/1582/1582
f 1582/1582/1582 1581/1581/1581 265/265/265
f 263/263/263 264/264/264 1580/1580/1580
f 1580/1580/1580 1579/1579/1579 263/263/263
f 261/261/261 262/262/262 1578/1578/1578
f 1578/1578/1578 1577/1577/1577 261/261/261
f 259/259/259 260/260/260 257/257/257
f 257/257/257 258/258/258 259/259/259
f 255/255/255 256/256/256 253/253/253
f 253/253/253 254/254/254 255/255/255
f 251/251/251 252/252/252 249/249/249
f 249/249/249 250/250/250 251/251/251
f 247/247/247 248/248/248 245/245/245
f 245/245/245 246/246/246 247/247/247
f 1576/1576/1576 1575/1575/1575 1574/1574/1574
f 1573/1573/1573 1572/1572/1572 244/244/244
f 1571/1571/1571 1570/1570/1570 243/243/243
f 241/241/241 242/242/242 240/240/240
f 1569/1569/1569 1568/1568/1568 1567/1567/1567
f 1563/1563/1563 1566/1566/1566 1565/1565/1565
f 1565/1565/1565 1564/1564/1564 1563/1563/1563
f 1560/1560/1560 1562/1562/1562 239/239/239
f 239/239/239 1561/1561/1561 1560/1560/1560
f 1559/1559/1559 1558/1558/1558 1557/1557/1557
f 1556/1556/1556 1555/1555/1555 1554/1554/1554
f 1551/1551/1551 1553/1553/1553 238/238/238
f 238/238/238 1552/1552/1552 1551/1551/1551
f 234/234/234 237/237/237 236/236/236
f 236/236/236 235/235/235 234/234/234
f 233/233/233 232/232/232 1550/1550/1550
f 1549/1549/1549 1548/1548/1548 1547/1547/1547
f 1546/1546/1546 1545/1545/1545 1544/1544/1544
f 1540/1540/1540 1543/1543/1543 1542/1542/1542
f 1542/1542/1542 1541/1541/1541 1540/1540/1540
f 228/228/228 231/231/231 230/230/230
f 230/230/230 229/229/229 228/228/228
f 1539/1539/1539 1538/1538/1538 1537/1537/1537
f 1536/1536/1536 1535/1535/1535 1534/1534/1534
f 1530/1530/1530 1533/1533/1533 1532/1532/1532
f 1532/1532/1532 1531/1531/1531 1530/1530/1530
f 224/224/224 227/227/227 226/226/226
f 226/226/226 225/225/225 224/224/224
f 1529/1529/1529 1528/1528/1528 1527/1527/1527
f 1523/1523/1523 1526/1526/1526 1525/1525/1525
f 1525/1525/1525 1524/1524/1524 1523/1523/1523
f 1520/1520/1520 1522/1522/1522 223/223/223
f 223/223/223 1521/1521/1521 1520/1520/1520
f 1519/1519/1519 1518/1518/1518 1517/1517/1517
f 1516/1516/1516 1515/1515/1515 1514/1514/1514
f 1510/1510/1510 1513/1513/1513 1512/1512/1512
f 1512/1512/1512 1511/1511/1511 1510/1510/1510
f 219/219/219 222/222/222 221/221/221
f 221/221/221 220/220/220 219/219/219
f 1509/1509/1509 1508/1508/1508 1507/1507/1507
f 1506/1506/1506 1505/1505/1505 1504/1504/1504
f 1500/1500/1500 1503/1503/1503 1502/1502/1502
f 1502/1502/1502 1501/1501/1501 1500/1500/1500
f 215/215/215 218/218/218 217/217/217
f 217/217/217 216/216/216 215/215/215
f 1499/1499/1499 1498/1498/1498 1497/1497/1497
f 1496/1496/1496 1495/1495/1495 1494/1494/1494
f 1491/1491/1491 1493/1493/1493 214/214/214
f 214/214/214 1492/1492/1492 1491/1491/1491
f 210/210/210 213/213/213 212/212/212
f 212/212/212 211/211/211 210/210/210
f 209/209/209 208/208/208 1490/1490/1490
f 1489/1489/1489 1488/1488/1488 1487/1487/1487
f 1486/1486/1486 1485/1485/1485 1484/1484/1484
f 1480/1480/1480 1483/1483/1483 1482/1482/1482
f 1482/1482/1482 1481/1481/1481 1480/1480/1480
f 204/204/204 207/207/207 206/206/206
f 206/206/206 205/205/205 204/204/204
f 1479/1479/1479 1478/1478/1478 1477/1477/1477
f 1476/1476/1476 1475/1475/1475 1474/1474/1474
f 1472/1472/1472 203/203/203 202/202/202
f 202/202/202 1473/1473/1473 1472/1472/1472
f 198/198/198 201/201/201 200/200/200
f 200/200/200 199/199/199 198/198/198
f 1469/1469/1469 1471/1471/1471 197/197/197
f 197/197/197 1470/1470/1470 1469/1469/1469
f 1466/1466/1466 1468/1468/1468 1467/1467/1467
f 1467/1467/1467 196/196/196 1466/1466/1466
f 1464/1464/1464 1465/1465/1465 194/194/194
f 194/194/194 195/195/195 1464/1464/1464
f 1462/1462/1462 193/193/193 192/192/192
f 192/192/192 1463/1463/1463 1462/1462/1462
f 191/191/191 1461/1461/1461 1460/1460/1460
f 1460/1460/1460 190/190/190 191/191/191
f 188/188/188 189/189/189 186/186/186
f 186/186/186 187/187/187 188/188/188
f 185/185/185 1459/1459/1459 1458/1458/1458
f 1458/1458/1458 1457/1457/1457 185/185/185
f 1454/1454/1454 1456/1456/1456 1455/1455/1455
f 1455/1455/1455 170/170/170 1454/1454/1454
f 1451/1451/1451 1453/1453/1453 1452/1452/1452
f 1452/1452/1452 171/171/171 1451/1451/1451
f 173/173/173 1450/1450/1450 1449/1449/1449
f 1449/1449/1449 172/172/172 173/173/173
f 1448/1448/1448 1447/1447/1447 1446/1446/1446
f 1445/1445/1445 184/184/184 1444/1444/1444
f 182/182/182 1443/1443/1443 1442/1442/1442
f 1442/1442/1442 183/183/183 182/182/182
f 180/180/180 174/174/174 176/176/176
f 176/176/176 181/181/181 180/180/180
f 177/177/177 179/179/179 178/178/178
f 178/178/178 175/175/175 177/177/177
f 174/174/174 177/177/177 175/175/175
f 175/175/175 176/176/176 174/174/174
f 1439/1439/1439 1441/1441/1441 1440/1440/1440
f 1440/1440/1440 169/169/169 1439/1439/1439
f 1436/1436/1436 1438/1438/1438 1437/1437/1437
f 1437/1437/1437 168/168/168 1436/1436/1436
f 1435/1435/1435 1434/1434/1434 1433/1433/1433
f 1432/1432/1432 167/167/167 166/166/166
f 151/151/151 1431/1431/1431 1430/1430/1430
f 994/994/994 990/990/990 989/989/989
f 150/150/150 1429/1429/1429 1428/1428/1428
f 162/162/162 988/988/988 987/987/987
f 991/991/991 1427/1427/1427 1426/1426/1426
f 159/159/159 986/986/986 985/985/985
f 163/163/163 165/165/165 164/164/164
f 164/164/164 993/993/993 163/163/163
f 161/161/161 163/163/163 993/993/993
f 993/993/993 992/992/992 161/161/161
f 158/158/158 161/161/161 992/992/992
f 992/992/992 160/160/160 158/158/158
f 1425/1425/1425 1424/1424/1424 1423/1423/1423
f 1422/1422/1422 157/157/157 1421/1421/1421
f 1420/1420/1420 156/156/156 1419/1419/1419
f 1418/1418/1418 155/155/155 1417/1417/1417
f 153/153/153 154/154/154 152/152/152
f 1413/1413/1413 1416/1416/1416 1415/1415/1415
f 1415/1415/1415 1414/1414/1414 1413/1413/1413
f 1409/1409/1409 1412/1412/1412 1411/1411/1411
f 1411/1411/1411 1410/1410/1410 1409/1409/1409
f 130/130/130 133/133/133 1408/1408/1408
f 1408/1408/1408 129/129/129 130/130/130
f 149/149/149 1407/1407/1407 1406/1406/1406
f 1406/1406/1406 1405/1405/1405 149/149/149
f 147/147/147 1404/1404/1404 1403/1403/1403
f 1403/1403/1403 148/148/148 147/147/147
f 1400/1400/1400 1402/1402/1402 1401/1401/1401
f 1401/1401/1401 146/146/146 1400/1400/1400
f 144/144/144 1399/1399/1399 1398/1398/1398
f 1398/1398/1398 145/145/145 144/144/144
f 142/142/142 141/141/141 1397/1397/1397
f 1397/1397/1397 143/143/143 142/142/142
f 1394/1394/1394 1396/1396/1396 140/140/140
f 140/140/140 1395/1395/1395 1394/1394/1394
f 138/138/138 1393/1393/1393 1392/1392/1392
f 1392/1392/1392 139/139/139 138/138/138
f 128/128/128 132/132/132 136/136/136
f 136/136/136 137/137/137 128/128/128
f 135/135/135 134/134/134 133/133/133
f 133/133/133 130/130/130 135/135/135
f 130/130/130 129/129/129 128/128/128
f 129/129/129 131/131/131 128/128/128
f 131/131/131 132/132/132 128/128/128
f 1388/1388/1388 1391/1391/1391 1390/1390/1390
f 1390/1390/1390 1389/1389/1389 1388/1388/1388
f 1384/1384/1384 1387/1387/1387 1386/1386/1386
f 1386/1386/1386 1385/1385/1385 1384/1384/1384
f 108/108/108 111/111/111 1383/1383/1383
f 1383/1383/1383 107/107/107 108/108/108
f 127/127/127 1382/1382/1382 1381/1381/1381
f 1381/1381/1381 1380/1380/1380 127/127/127
f 125/125/125 1379/1379/1379 1378/1378/1378
f 1378/1378/1378 126/126/126 125/125/125
f 1375/1375/1375 1377/1377/1377 1376/1376/1376
f 1376/1376/1376 124/124/124 1375/1375/1375
f 122/122/122 1374/1374/1374 1373/1373/1373
f 1373/1373/1373 123/123/123 122/122/122
f 120/120/120 119/119/119 1372/1372/1372
f 1372/1372/1372 121/121/121 120/120/120
f 1369/1369/1369 1371/1371/1371 118/118/118
f 118/118/118 1370/1370/1370 1369/1369/1369
f 116/116/116 1368/1368/1368 1367/1367/1367
f 1367/1367/1367 117/117/117 116/116/116
f 106/106/106 110/110/110 114/114/114
f 114/114/114 115/115/115 106/106/106
f 113/113/113 112/112/112 111/111/111
f 111/111/111 108/108/108 113/113/113
f 108/108/108 107/107/107 106/106/106
f 107/107/107 109/109/109 106/106/106
f 109/109/109 110/110/110 106/106/106
f 1363/1363/1363 1366/1366/1366 1365/1365/1365
f 1365/1365/1365 1364/1364/1364 1363/1363/1363
f 1359/1359/1359 1362/1362/1362 1361/1361/1361
f 1361/1361/1361 1360/1360/1360 1359/1359/1359
f 86/86/86 89/89/89 1358/1358/1358
f 1358/1358/1358 85/85/85 86/86/86
f 105/105/105 1357/1357/1357 1356/1356/1356
f 1356/1356/1356 1355/1355/1355 105/105/105
f 103/103/103 1354/1354/1354 1353/1353/1353
f 1353/1353/1353 104/104/104 103/103/103
f 1350/1350/1350 1352/1352/1352 1351/1351/1351
f 1351/1351/1351 102/102/102 1350/1350/1350
f 100/100/100 1349/1349/1349 1348/1348/1348
f 1348/1348/1348 101/101/101 100/100/100
f 98/98/98 97/97/97 1347/1347/1347
f 1347/1347/1347 99/99/99 98/98/98
f 1344/1344/1344 1346/1346/1346 96/96/96
f 96/96/96 1345/1345/1345 1344/1344/1344
f 94/94/94 1343/1343/1343 1342/1342/1342
f 1342/1342/1342 95/95/95 94/94/94
f 84/84/84 88/88/88 92/92/92
f 92/92/92 93/93/93 84/84/84
f 91/91/91 90/90/90 89/89/89
f 89/89/89 86/86/86 91/91/91
f 86/86/86 85/85/85 84/84/84
f 85/85/85 87/87/87 84/84/84
f 87/87/87 88/88/88 84/84/84
f 1338/1338/1338 1341/1341/1341 1340/1340/1340
f 1340/1340/1340 1339/1339/1339 1338/1338/1338
f 1334/1334/1334 1337/1337/1337 1336/1336/1336
f 1336/1336/1336 1335/1335/1335 1334/1334/1334
f 1333/1333/1333 83/83/83 82/82/82
f 82/82/82 77/77/77 1333/1333/1333
f 1331/1331/1331 81/81/81 80/80/80
f 80/80/80 1332/1332/1332 1331/1331/1331
f 78/78/78 77/77/77 76/76/76
f 76/76/76 79/79/79 78/78/78
f 1327/1327/1327 1330/1330/1330 1329/1329/1329
f 1329/1329/1329 1328/1328/1328 1327/1327/1327
f 1323/1323/1323 1326/1326/1326 1325/1325/1325
f 1325/1325/1325 1324/1324/1324 1323/1323/1323
f 1322/1322/1322 75/75/75 74/74/74
f 74/74/74 69/69/69 1322/1322/1322
f 1320/1320/1320 73/73/73 72/72/72
f 72/72/72 1321/1321/1321 1320/1320/1320
f 70/70/70 69/69/69 68/68/68
f 68/68/68 71/71/71 70/70/70
f 1316/1316/1316 1319/1319/1319 1318/1318/1318
f 1318/1318/1318 1317/1317/1317 1316/1316/1316
f 1312/1312/1312 1315/1315/1315 1314/1314/1314
f 1314/1314/1314 1313/1313/1313 1312/1312/1312
f 1311/1311/1311 67/67/67 66/66/66
f 66/66/66 61/61/61 1311/1311/1311
f 1309/1309/1309 65/65/65 64/64/64
f 64/64/64 1310/1310/1310 1309/1309/1309
f 62/62/62 61/61/61 60/60/60
f 60/60/60 63/63/63 62/62/62
f 1305/1305/1305 1308/1308/1308 1307/1307/1307
f 1307/1307/1307 1306/1306/1306 1305/1305/1305
f 1301/1301/1301 1304/1304/1304 1303/1303/1303
f 1303/1303/1303 1302/1302/1302 1301/1301/1301
f 1300/1300/1300 59/59/59 58/58/58
f 58/58/58 53/53/53 1300/1300/1300
f 1298/1298/1298 57/57/57 56/56/56
f 56/56/56 1299/1299/1299 1298/1298/1298
f 54/54/54 53/53/53 52/52/52
f 52/52/52 55/55/55 54/54/54
f 1294/1294/1294 1297/1297/1297 1296/1296/1296
f 1296/1296/1296 1295/1295/1295 1294/1294/1294
f 1290/1290/1290 1293/1293/1293 1292/1292/1292
f 1292/1292/1292 1291/1291/1291 1290/1290/1290
f 1286/1286/1286 1289/1289/1289 1288/1288/1288
f 1288/1288/1288 1287/1287/1287 1286/1286/1286
f 1282/1282/1282 1285/1285/1285 1284/1284/1284
f 1284/1284/1284 1283/1283/1283 1282/1282/1282
f 1278/1278/1278 1281/1281/1281 1280/1280/1280
f 1280/1280/1280 1279/1279/1279 1278/1278/1278
f 1274/1274/1274 1277/1277/1277 1276/1276/1276
f 1276/1276/1276 1275/1275/1275 1274/1274/1274
f 1270/1270/1270 1273/1273/1273 1272/1272/1272
f 1272/1272/1272 1271/1271/1271 1270/1270/1270
f 1268/1268/1268 51/51/51 50/50/50
f 50/50/50 1269/1269/1269 1268/1268/1268
f 1266/1266/1266 49/49/49 48/48/48
f 48/48/48 1267/1267/1267 1266/1266/1266
f 1262/1262/1262 1265/1265/1265 1264/1264/1264
f 1264/1264/1264 1263/1263/1263 1262/1262/1262
f 1260/1260/1260 47/47/47 46/46/46
f 46/46/46 1261/1261/1261 1260/1260/1260
f 1258/1258/1258 45/45/45 44/44/44
f 44/44/44 1259/1259/1259 1258/1258/1258
f 1256/1256/1256 43/43/43 42/42/42
f 42/42/42 1257/1257/1257 1256/1256/1256
f 1254/1254/1254 41/41/41 40/40/40
f 40/40/40 1255/1255/1255 1254/1254/1254
f 1252/1252/1252 39/39/39 38/38/38
f 38/38/38 1253/1253/1253 1252/1252/1252
f 1250/1250/1250 37/37/37 36/36/36
f 36/36/36 1251/1251/1251 1250/1250/1250
f 32/32/32 35/35/35 34/34/34
f 34/34/34 33/33/33 32/32/32
f 28/28/28 31/31/31 30/30/30
f 30/30/30 29/29/29 28/28/28
f 24/24/24 27/27/27 26/26/26
f 26/26/26 25/25/25 24/24/24
f 20/20/20 23/23/23 22/22/22
f 22/22/22 21/21/21 20/20/20
f 1249/1249/1249 1248/1248/1248 1247/1247/1247
f 1246/1246/1246 1245/1245/1245 19/19/19
f 1244/1244/1244 1243/1243/1243 18/18/18
f 17/17/17 16/16/16 15/15/15
f 1240/1240/1240 7/7/7 1242/1242/1242
f 1242/1242/1242 1241/1241/1241 1240/1240/1240
f 1239/1239/1239 1238/1238/1238 1237/1237/1237
f 1236/1236/1236 1235/1235/1235 8/8/8
f 1234/1234/1234 1233/1233/1233 1232/1232/1232
f 9/9/9 1/1/1 1231/1231/1231
f 1230/1230/1230 1229/1229/1229 1228/1228/1228
f 1227/1227/1227 2/2/2 10/10/10
f 13/13/13 11/11/11 3/3/3
f 3/3/3 6/6/6 13/13/13
f 4/4/4 12/12/12 14/14/14
f 14/14/14 5/5/5 4/4/4
