v -1.0115698005 -0.7624474514999999 1.389054177
v -0.4096499085 -0.29162123549999996 0.4234462785
v -0.6391839825 -0.311559129 0.4234463415
v 0.2333847285 0.6747334335 0.35897459849999996
v -0.032177911499999996 0.697967424 0.35897459849999996
v -0.0381576825 0.6296127075 0.35897459849999996
v 0.2274046425 0.606378717 0.35897459849999996
v 0.235063206 0.926482662 -0.0038215485000000567
v 0.19934649 0.5182374015 0.39271821749999997
v 0.2339773695 0.5152074795 0.39271828049999996
v 0.2696944005 0.923452614 -0.0038215485000000562
v -0.038157619499999997 0.6296125815 0.33722847899999997
v 0.2274046425 0.606378717 0.33722847899999997
v 0.2333847285 0.6747334335 0.3377201625
v -0.03217788 0.697967424 0.3377201625
v 1.3778924984999998 1.182488895 0.6701196599999999
v 1.1891669265 -0.167457276 0.67011966
v 1.249771257 -0.28243010249999995 0.67011966
v 1.3017478635000002 1.1186217945 0.7303933349999999
v 1.377905949 1.1824784369999999 0.7303933349999999
v 1.189166706 -0.16745727599999996 0.730393335
v 1.249771257 -0.28243010249999995 0.730393335
v 0.193880232 -0.13776808499999996 0.730393335
v 0.1225100835 -0.14635832399999996 0.730393335
v 0.190001763 -0.13426925399999998 0.67011966
v 0.1225100835 -0.14635832399999998 0.67011966
v 1.261062243 0.5429487105 0.4825414125
v 1.254333465 0.4574263995000001 0.5140278989999999
v 1.2121461765000001 0.552579363 0.482533128
v 1.2057526845000002 0.46693231200000007 0.5140195515
v 1.2201740145 1.0887081660000002 1.166517891
v 1.189751157 1.09487385 1.218875301
v 1.1593288979999998 1.1010393135 1.166517891
v 1.2229974854999999 1.2491102295 1.166517891
v 1.192575006 1.2552761655 1.218875301
v 1.162152369 1.2614414715 1.166517891
v 0.013978975499999999 1.1020204439999999 -0.018983947500000067
v -0.029524824 1.052704107 0.32116117949999995
v -0.012535550999999999 1.0902312539999999 0.31831392599999997
v -0.0030103605 1.0644931709999998 -0.016136694000000066
v -0.05268186 1.085675031 0.3301996004999999
v -0.026167364999999998 1.097464095 -0.007098273000000067
v -0.0133329735 0.5967073350000001 0.5216738624999999
v -0.041557540500000004 1.190238903 0.25103666699999994
v -0.0198917145 1.174312503 0.21970024649999992
v -0.0349988625 0.612633735 0.5530103775
v -0.0611058105 1.1819612385 0.2156195159999999
v -0.054547101 0.6043561335 0.517593321
v 1.212417738 0.007383789000000051 0.8219772855
v 1.2243203595 0.15192717750000007 0.822786741
v 1.2664233225000001 0.14840191800000008 0.824225472
v 1.2545207955 0.0038584035000000503 0.823416048
v 1.2657666105 0.14838903450000004 0.8023090635
v 1.2538637685 0.003845583000000049 0.8014995765
v 1.2117608055 0.007370874000000049 0.800060814
v 1.223663679 0.15191435700000006 0.800870301
v 1.236165084 0.26040089250000004 0.02485041299999998
v 1.26076797 0.640083591 0.025139771999999963
v 1.3352766839999999 0.6304080195 0.025863988499999963
v 1.3106731995 0.2507252265 0.025574755499999987
v 1.334618082 0.630372141 -0.0032834655000000385
v 1.3100143455000002 0.2506893165 -0.003572793000000015
v 1.23550623 0.260364951 -0.004297135500000016
v 1.260109116 0.6400477755 -0.004007682000000039
v 0.294291207 1.2050870894999999 0.11678710049999992
v 0.178032582 -0.127289862 0.12068806050000003
v 0.1535764545 -0.12245316299999999 -0.0013107464999999926
v 0.2788903845 1.2389148765 -0.0013107465000000759
v 0.278629344 1.22867136 0.10095803549999992
v 0.1535765175 -0.122453037 0.10485899550000002
v -0.3236350635 -0.706655124 1.7679164580000002
v 0.609914655 -0.3274667864999999 1.551923541
v 0.8608048785 1.118824245 1.5500732625
v -0.800859717 -1.235997441 0.9962921745000002
v -1.293803406 -1.046700522 0.9912185325000001
v 0.0986783805 -0.6761067704999999 1.6526090385
v 0.042875878500000006 0.42483596400000007 1.202949027
v 0.0855970605 0.46026187200000007 1.258035345
v 0.0486479385 0.5053266540000001 1.202949027
v 0.7346692079999999 -0.3154291874999999 1.5513998850000001
v 0.738268335 1.129556988 1.5500773575
v 0.734709213 -0.3154029164999999 1.582899885
v 0.6099545970000001 -0.3274405154999999 1.5834235410000002
v 0.73830834 1.1295832904999998 1.5815773575
v 0.8608447575 1.118850579 1.5815732625
v -0.5265705690000001 -0.9565739189999999 1.4211218385
v 0.386817858 -0.9121883714999999 1.3691475000000002
v -0.3738893445 -0.6905209814999999 1.7417038905
v 0.7281917685 -0.6909241814999998 2.276818992
v 0.7230750975 -0.6311236994999999 2.2770064485000003
v -0.768335148 -1.26894915 0.9962921745000002
v -1.032538374 -0.8193813389999999 1.3120455915
v -1.0808156205000001 -0.7928718209999999 1.301194377
v -1.252981989 -1.0820957175 0.9912185325000001
v 0.10425920400000001 -0.7389326384999999 1.6526090385
v -0.5561792145000001 -0.9948404654999998 1.3690984860000002
v -0.5878323990000001 -0.9607608044999999 1.37062863
v -0.5599696725 -0.9247615019999998 1.4195897415
v 0.3813100515 -0.876996414 1.4211667575
v -0.3405291435 -0.6903734669999999 1.809697617
v -0.8387431919999999 -1.293175674 1.0032539265
v -1.2992186655000002 -1.0956829275000002 0.9912185325000001
v 0.0682205895 -0.7104315014999999 1.6526090385
v -0.5963506605000001 -0.9799965629999998 1.402071552
v 0.4093865055 -0.9109592099999998 1.4021188965
v -0.0415093455 0.31752107100000004 0.550727289
v -0.040580694 0.3337351605 0.5864808284999999
v 0.18607639050000002 0.31111075800000004 0.5864808284999999
v 0.1850477265 0.2948880375000001 0.550727289
v -0.039750669 0.3499404930000001 0.550727289
v 0.187417377 0.32736075750000004 0.550727289
v -0.30686065199999996 -0.3337502175 0.26594627849999997
v -0.7325627400000001 -0.370785051 0.2659463415
v 0.495537966 0.011234916000000116 1.8929991465
v 0.43094148299999996 -0.1306510064999999 1.8923507505
v 0.42010661699999996 -0.03885439949999987 2.029602456
v 0.8024214869999999 1.1580496515 1.57122819
v 0.8020971 1.157115141 0.48137134499999995
v 0.870633981 1.1527698105 1.4938358084999999
v 0.8667007965 1.1511550575 0.4297196294999999
v 1.247776047 0.37188978750000007 0.48263417999999997
v 1.212753969 0.008109738000000014 0.220195521
v 0.8695419705 1.090009053 1.493830989
v 0.79674462 1.095703938 1.571223402
v 0.796643631 1.094594949 0.4816642319999999
v 0.865593918 1.0884249495 0.42949522349999997
v 1.2687514560000002 0.6318827235 -0.0013107465000000388
v 1.2687514560000002 0.6318827235 0.11678710049999995
v 1.2930439725 0.645899058 -0.0013069980000000397
v 1.2930439725 0.645899058 0.10096165799999995
v 1.3110988275000002 1.115143911 0.11678710049999992
v 1.3296062115 1.1446909109999999 -0.0013107465000000702
v 1.3296346875 1.1347553385 0.10095790949999993
v 0.13625873100000002 -0.047351335499999994 0.09200516850000001
v -0.160320825 -0.0732987675 0.09200516850000001
v -0.160326243 -0.07323674399999999 0.040609422000000006
v 0.1362532815 -0.047289343500000004 0.040609422
v -0.1555057035 -0.128334402 0.09234596700000001
v -0.155505609 -0.128335599 0.144153513
v 0.14589414 -0.15748469099999998 -0.01112709149999999
v 0.141073821 -0.10238822999999998 0.144153513
v 0.1410737265 -0.102387033 0.092345967
v 0.1314436095 0.0076857795000000026 0.0408012255
v 1.245900663 0.39590705700000006 0.825451956
v 1.2586659435 0.553873761 0.826634844
v 1.3007836799999999 0.5505267915 0.8285483429999999
v 1.2880179269999998 0.39255983550000006 0.827365455
v 1.3002824835000002 0.5504763285000001 0.8064489825000001
v 1.2875167305000002 0.39250930950000007 0.8052660315000001
v 1.245399246 0.3958564680000001 0.803352564
v 1.258164621 0.5538234240000001 0.804535515
v 1.1796294825 1.1232397575000002 0.23719701599999996
v 1.0274414219999999 1.1387356155000001 0.23784569549999995
v 1.0300904144999998 1.1808535725 0.2389987214999999
v 1.1822790735 1.165357368 0.23835007349999993
v 1.03012056 1.1801948445000001 0.2214347624999999
v 1.1823092505000001 1.16469864 0.22078598849999992
v 1.179659628 1.1225809035 0.21963289949999995
v 1.027470969 1.1380768875 0.22028167349999994
v 0.279671049 0.9754816049999999 0.8545604759999998
v 0.264175065 0.7832216700000001 0.855370026
v 0.2220573915 0.7865687339999999 0.8568089145
v 0.237553281 0.9788286374999999 0.8559993644999998
v 0.22271596200000002 0.786606534 0.8348906475
v 0.2382121035 0.9788665950000001 0.834081066
v 0.280329903 0.9755195940000001 0.832642146
v 0.26483385600000003 0.7832595015 0.833451759
v 0.279671049 0.9754816049999999 0.37486975049999993
v 0.264175065 0.7832216700000001 0.3756793005
v 0.2220573915 0.7865687339999999 0.377118252
v 0.237553281 0.9788286374999999 0.37630870199999994
v 0.22271596200000002 0.786606534 0.35519992199999995
v 0.2382121035 0.9788665950000001 0.35439037199999995
v 0.280329903 0.9755195940000001 0.35295142049999995
v 0.26483385600000003 0.7832595015 0.35376103349999993
v 0.2396468655 0.7283475045000001 0.30237999749999994
v -0.0259837515 0.750783726 0.3023800605
v -0.0317587095 0.6824115270000001 0.3023800605
v 0.2338720335 0.6599751165000001 0.30237999749999994
v 0.2444602545 0.7853335875 0.24487337699999995
v -0.0211704885 0.807770061 0.24487337699999995
v -0.026945415 0.739397799 0.24578545949999994
v 0.238685202 0.7169615775 0.24578545949999994
v 0.2492735175 0.8423193555 0.18919095299999994
v -0.0163572255 0.864755703 0.18919095299999994
v -0.022132215 0.7963834095 0.18919095299999994
v 0.243498528 0.773947125 0.18919095299999994
v 0.254562651 0.8993486565000001 0.13259635199999995
v -0.0110678085 0.921785004 0.13259647799999996
v -0.016842766500000002 0.8534128049999999 0.13259635199999995
v 0.248788008 0.8309765204999999 0.13259635199999995
v 0.25985232 0.9563775165 0.07600175099999995
v -0.005778076500000001 0.9788142105000001 0.07600187699999995
v -0.0115531605 0.910442106 0.07600187699999995
v 0.2540773305 0.8880053175 0.07600175099999995
v -0.0317586465 0.6824115270000001 0.28112559299999995
v 0.2338720335 0.659975022 0.28112559299999995
v 0.239646897 0.7283473785 0.28112559299999995
v -0.0259836885 0.7507837890000001 0.28112559299999995
v -0.026945352 0.739397799 0.22453105499999995
v 0.238685202 0.7169615775 0.22453105499999995
v 0.24446019149999998 0.7853337134999999 0.22453105499999995
v -0.021170362499999998 0.807770061 0.22453105499999995
v -0.022132152000000002 0.7963834095 0.16793651699999992
v 0.243498528 0.773947125 0.16793651699999992
v 0.2492735175 0.8423193555 0.16793651699999992
v -0.0163571625 0.8647557659999999 0.16793651699999992
v -0.0173187945 0.8533696814999999 0.11134191599999994
v 0.24831194850000002 0.8309335545 0.11134191599999994
v 0.2540865915 0.8993055015 0.11134191599999994
v -0.0115438365 0.921741975 0.11134191599999994
v -0.0115530975 0.9104419800000001 0.05474731499999995
v 0.2540773305 0.8880053175 0.05474731499999995
v 0.25985232 0.9563775165 0.05474731499999995
v -0.0057780135 0.9788140845000001 0.05474731499999994
v 0.1218558285 0.416284407 1.202949027
v 0.12848947649999998 0.49482219150000006 1.202949027
v 0.050606829 0.5014005255 1.202949027
v -0.0174233115 0.578077101 0.8060751405000001
v -0.0165433275 0.594293931 0.84182868
v 0.210180663 0.572350086 0.84182868
v 0.209200635 0.5561244045 0.8060751405000001
v -0.015762001499999997 0.6105015629999999 0.8060751405000001
v 0.211472793 0.5886040545 0.8060751405000001
v -0.039022010999999995 0.32525646300000005 0.8060751405000001
v -0.038142090000000003 0.34147323000000007 0.84182868
v 0.188581932 0.31952941650000005 0.84182868
v 0.1876019355 0.3033037035 0.8060751405000001
v -0.0373607325 0.3576809880000001 0.8060751405000001
v 0.189874062 0.33578338500000005 0.8060751405000001
v -1.4214733155000001 -0.320389902 -0.004314680999999981
v -1.3328428995 -0.475913277 0.23884613550000006
v -1.139323815 -0.16476878250000002 -0.00431468099999999
v -1.055457396 -0.3245227965 0.23110803450000003
v -1.1091980025 -0.22847857200000002 0.15029201250000004
v -1.3850878545 -0.3800755035 0.15029201250000004
v -1.385117748 -0.3800209455 0.06964177500000003
v -1.1092280534999999 -0.228423951 0.06964177500000002
v -1.4116710195000002 -0.33164409600000005 0.06994288350000001
v -1.3585052565 -0.42850568250000004 0.15082675650000002
v -1.3560040935000002 -0.4271196825 0.23845613400000004
v -1.082615058 -0.27690988499999997 0.23212318500000004
v -1.082615688 -0.2769088455 0.15082675650000002
v -1.1357812935 -0.18004707 0.06994288350000001
v 1.199615949 0.38126355750000007 0.4826258955
v 0.2990418795 1.20323574 0.7303934609999998
v 0.234802701 1.2790666035 0.7303934609999998
v 0.177099111 0.5958994230000001 0.730393335
v 0.24714808649999997 0.5888425094999999 0.730393335
v 0.234802701 1.2790666035 0.6701197229999999
v 0.177099111 0.5958994230000001 0.6701195969999999
v 0.2471481495 0.5888425094999999 0.6701195969999999
v 0.1598856525 0.29614485600000007 0.730393335
v 0.23012548649999998 0.29135235150000005 0.730393335
v 0.1598856525 0.29614485600000007 0.67011966
v 0.23012548649999998 0.29135235150000005 0.67011966
v 1.2029521455 -0.16602856200000002 0.1167871005
v 0.802346328 1.1572236585 0.11231032049999994
v 1.2413079315 0.288077139 -0.0013107465000000177
v 1.2413079315 0.288077139 0.11678710049999998
v 0.8048639655000001 1.2049544429999999 -0.001310746500000074
v 0.8048639025 1.1848726575 0.09648125549999993
v 1.2244117095 -0.21239968050000002 -0.001310746499999987
v 1.2244117095 -0.21239971200000002 0.1009580355
v 1.258945569 0.2647974105 0.10095803549999997
v 1.258945569 0.2647973475 -0.0013107465000000162
v -0.0183802185 0.5333157270000001 0.39271828049999996
v 0.0161107065 0.941666544 -0.003821422500000058
v -0.0530200755 0.536241699 0.39271821749999997
v -0.0185290875 0.9445924215 -0.003821422500000058
v 0.34229374199999996 -0.008072347499999886 1.8930382065
v -0.859311495 -0.19040461649999993 0.996140754
v 0.3499892235 -0.6453805679999999 1.768012596
v 0.3918277125 -0.3682292984999999 1.4178246705
v -0.593371926 -0.4923762164999999 1.4195897415
v -0.3268346445 -0.6713454824999999 1.7678628765
v -0.8854411544999999 -0.22857452099999995 0.9962921745000001
v 0.350278992 -0.6097907654999999 1.7679304125
v 0.3980231325 -0.33221002499999996 1.3656203505
v -0.62715429 -0.46186336349999996 1.37062863
v -0.6020306775 -0.42280648199999993 1.3690000800000002
v -0.5661966555 -0.45505955249999985 1.421034489
v -0.5814689895 -0.9665912339999999 1.37062863
v -0.5537145285 -0.9305083934999999 1.4195897415
v -0.932860782 -0.17899563149999992 1.003178232
v 0.3501341235 -0.6275856824999999 1.8119523555000001
v 0.4206166335 -0.3292952354999999 1.398684294
v -0.638960301 -0.44443280699999993 1.402024932
v -0.5899294485 -0.9858524759999999 1.402071552
v 1.3172294205 -1.1158515585 1.6526090385
v 0.8373903930000001 -1.345727754 1.6526090385
v 0.331211601 -1.164180024 1.6526090385
v 0.8443634535 -0.7070930684999999 2.28805353
v 0.7821273915 -0.7192397519999999 2.28805353
v 0.7337390445 -0.6928046684999999 2.276818992
v 0.7249296915 -0.6477281369999999 2.2770064485000003
v 0.2462299245 -0.2255718464999999 1.6526090385
v 0.9020515455 -1.3333617675 1.6526090385
v 0.37419435900000003 -1.201210038 1.6526090385
v 0.2394756945 -0.19797825599999988 1.6526090385
v 1.3654724265 -1.1162967480000001 1.6526090385
v 0.86547069 -1.3768233884999999 1.6526090385
v 0.331245495 -1.208339055 1.6526090385
v -0.495453672 -0.7406893305 1.3566262815
v -0.9956818620000001 -1.1681004510000002 0.9912185325000001
v -0.9816689295000001 -0.7847111474999999 1.3566393855
v -1.0265973795 -0.8265474944999999 1.3120455915
v -1.074954195 -0.8001830339999999 1.301194377
v -0.946451142 -1.1737964070000002 0.9912185325000001
v -1.4049549989999999 -0.8300529404999999 0.9912185325
v -0.4974966045 -0.7146130004999999 1.388670129
v -0.9666733860000001 -1.2123639045 0.9912185325000001
v -1.4475020490000001 -0.8030110094999998 0.9912185325
v 1.5097828725 -0.6234598754999998 1.6526090385
v 0.885386124 -0.6684428204999999 2.2770064485000003
v 1.540240947 -0.5891351129999999 1.6526090385
v 0.8802694845000001 -0.6086424014999999 2.276818992
v 1.50420249 -0.5606338814999999 1.6526090385
v 0.8904903525000001 -0.6468895124999999 2.2770064485000003
v 1.372703598 -1.0543376025 1.6526090385
v 0.742990563 0.0772568055000001 1.6526090385
v 0.7710708285000001 0.0461612025000001 1.6526090385
v 0.8263336725 -0.5803267364999999 2.28805353
v 1.2342669885 -0.0983565764999999 1.6526090385
v 1.2772158525 -0.0912271814999999 1.6526090385
v 0.291231738 -0.1837153079999999 1.6526090385
v 0.7685560575 -0.5890211144999999 2.2821722595
v 0.7108682175 0.0372473955000001 1.6467277995
v 1.2772498725 -0.13538655899999988 1.6526090385
v 0.8747221455 -0.6067619774999998 2.276818992
v 1.2243203595 0.15192717749999998 0.220694859
v 1.2664233225000001 0.148401981 0.2221336215
v 1.254520701 0.0038584665000000137 0.22132413450000002
v 1.2657666105 0.14838906600000001 0.20021714999999998
v 1.2538637685 0.003845614500000012 0.199407663
v 1.2117608055 0.0073708740000000125 0.1979688375
v 1.223663679 0.151914357 0.1987783245
v 1.2827018925 0.7903875735 0.825451956
v 1.295467173 0.9483543405 0.8266348439999999
v 1.3375850355 0.9450074654999999 0.8285483429999998
v 1.3248192825 0.7870403835 0.827365455
v 1.337083713 0.9449568765 0.8064489825
v 1.3243180545 0.7869899204999999 0.8052660315000001
v 1.2822004755 0.7903369845 0.803352564
v 1.2949659765 0.9483040035 0.8045355149999999
v 1.089246627 1.1338514775000001 0.8492281874999998
v 0.937058535 1.1493475875 0.8498769614999999
v 0.9397078425 1.1914651665 0.8510299244999998
v 1.091896218 1.1759691825 0.8503812765
v 0.9397377045 1.1908065644999999 0.8334659339999999
v 1.091926269 1.1753104545 0.8328171914999999
v 1.0892767725 1.1331926235 0.8316642284999999
v 0.937088397 1.148688828 0.8323129709999999
v 0.885702447 1.1515458465000001 1.3504568805000001
v 0.7335143235 1.167041925 1.351105623
v 0.736163505 1.2091595355 1.352258712
v 0.8883520064999999 1.1936636775 1.3516099695000001
v 0.736193493 1.208500902 1.334694627
v 0.888382152 1.1930049495000001 1.334045853
v 0.885732561 1.1508869925 1.3328928899999999
v 0.7335441225 1.166383197 1.333541538
v 0.8857024155 1.1515459410000002 0.3007815299999999
v 0.7335143235 1.1670420510000001 0.301430304
v 0.736163505 1.2091596615 0.3025833929999999
v 0.8883519435 1.1936638035 0.30193461899999996
v 0.736193493 1.2085010280000001 0.2850193394999999
v 0.888382152 1.1930050755 0.28437053399999995
v 0.885732561 1.150887087 0.28321757099999995
v 0.7335440595 1.166383323 0.2838662505
v 0.182565873 0.22840108200000006 0.854560476
v 0.167069889 0.036141084000000046 0.855370026
v 0.1249521525 0.039488148000000056 0.8568089145
v 0.140448105 0.23174805150000005 0.8559993644999999
v 0.1256106915 0.03952601100000005 0.8348906475
v 0.1411069275 0.23178600900000004 0.8340810660000001
v 0.1832246955 0.22843910250000007 0.8326421460000001
v 0.1677286485 0.03617894700000005 0.833451759
v 0.182565873 0.22840108200000003 0.3748697505
v 0.167069889 0.03614108400000002 0.37567930050000004
v 0.1249521525 0.03948814800000002 0.37711825200000004
v 0.140448105 0.23174805150000002 0.376308702
v 0.1256106915 0.03952601100000002 0.355199922
v 0.1411069275 0.23178600900000002 0.354390372
v 0.1832246955 0.22843910250000005 0.3529514205
v 0.1677286485 0.036178947000000024 0.3537610335
v 0.43609491450000004 1.3224978269999998 1.218875301
v 0.40505906700000005 1.3219281495 1.166517891
v 0.378865431 1.1636540684999999 1.166517891
v 0.4099014045 1.16422362 1.218875301
v 0.467130573 1.3230671580000002 1.166517891
v 0.4409369685 1.1647928564999999 1.166517891
v 0.42497991900000004 1.19029491 0.23719701599999993
v 0.5774640165 1.1780487495 0.23784569549999993
v 0.5824655864999999 1.2199524435 0.2389987214999999
v 0.4299810165 1.232198604 0.23835007349999993
v 0.582317064 1.2193100639999999 0.2214347624999999
v 0.4298323365 1.2315559725 0.22078598849999992
v 0.424831302 1.1896524044999999 0.21963289949999992
v 0.5773157459999999 1.1774062125 0.2202816734999999
v 0.5027319675 1.1765477745000001 0.8432424
v 0.6552160020000001 1.16430174 0.8438911425
v 0.660217509 1.2062050875 0.8450441054999999
v 0.5077331595 1.218451374 0.8443954889999998
v 0.6600691125 1.2055627080000002 0.8274801464999999
v 0.5075844165 1.217809089 0.8268313724999999
v 0.5025834135 1.175905143 0.8256784094999998
v 0.6550679205 1.1636592345 0.8263271834999999
v -1.0420378289999999 -0.7102997999999998 1.3120455915
v -1.307168415 -0.49276801349999994 0.9912185325
v -1.3551179985 -0.48794485949999994 0.9912185325
v -1.0845951164999998 -0.7452615869999999 1.301194377
v -1.3407584085 -0.5350871924999999 0.9912185325
v -1.037521044 -0.7021606724999998 1.3120455915
v -1.0498098555 -0.31191167699999994 0.9912185325
v -1.0701536895 -0.36076729499999993 0.9912185325
v -0.4996548585 -0.6885474119999998 1.3566262815
v -0.985645017 -0.7349893109999999 1.3566393855
v -1.022818986 -0.3460859639999999 0.9912185325
v -1.0801832265 -0.7369944119999998 1.301194377
v -1.410029586 -0.7685232029999999 0.9912185325
v 0.14589417149999998 -0.1574846595 0.1440824805
v -0.150685353 -0.1834320915 0.1440824805
v -0.1651465935 -0.018139086000000002 -0.011127091499999998
v 0.1314328995 0.007808314499999999 -0.0111270915
v 0.804230595 -0.6497832599999999 2.405895408
v 0.131432868 0.007808314499999999 -0.0111270915
v -0.165146562 -0.018139086000000002 -0.011127091499999998
v 0.14589414 -0.1574846595 0.1440824805
v -0.1651359465 -0.018261589499999998 0.0408012255
v 0.1314436095 0.007685748000000003 0.0408012255
v -1.4475020490000001 -0.8030110094999998 0.9912185325
v -0.15550564050000001 -0.1283356305 0.1441536075
v -0.047836782 0.37453238550000006 0.550727289
v -0.06406205400000001 0.3752381745000001 0.5864808284999999
v -0.044553221999999996 0.602184618 0.5864808284999999
v -0.028317901500000003 0.6013789110000001 0.550727289
v -0.0802772775 0.37584552600000004 0.550727289
v -0.060820105500000006 0.603302238 0.550727289
v 0.726937281 -0.7124771429999999 2.330315064
v 0.73739421 -0.5666578469999999 2.330315064
v 0.798568281 -0.6415847234999998 2.4782871015
v 0.8700196995 -0.7279695359999998 2.330315064
v 0.882037548 -0.5856879104999999 2.330315064
v -1.0115698005 -0.7624474514999999 1.389054177
v 0.804230595 -0.6497832599999999 2.405895408
v -1.0115698005 -0.7624474514999999 1.389054177
v 0.804230595 -0.6497832599999999 2.405895408
v -1.0115698005 -0.7624474514999999 1.389054177
v 0.804230595 -0.6497832599999999 2.405895408
v -1.0115698005 -0.7624474514999999 1.389054177
v -0.804694653 0.7478621955 0.20123415899999994
v -0.8025727500000001 0.7003879155 0.5413792860000001
v -0.7958750625000001 0.741033531 0.538532001
v -0.811392309 0.7072166115 0.20408141249999995
v -0.8334741554999999 0.726242013 0.5504176755
v -0.8422937775 0.7330705515 0.21311983349999994
v -0.8679940605 0.738566703 0.42751856699999996
v -0.3737936475 0.7362934425 0.44176170149999994
v -0.379759275 0.771812181 0.42156638999999996
v -0.862028307 0.7030477755 0.44771387849999994
v -0.36782820899999996 0.7718122439999999 0.46195701299999997
v -0.8560629000000001 0.738566451 0.4679091585
v -0.5968157894999999 0.7563189060000001 0.20123415899999994
v -0.6069141225 0.709882551 0.5413792860000001
v -0.590037525 0.7474604444999999 0.538532001
v -0.6136923870000001 0.7187406975 0.20408141249999995
v -0.6301699740000001 0.7427838915 0.5504176755
v -0.6369483015 0.751642038 0.21311983349999994
v -0.48360740399999996 0.7515676665 0.20123415899999994
v -0.5211918495 0.7224863625 0.5413792860000001
v -0.4841089785 0.7404246045 0.538532001
v -0.5206903380000001 0.733629141 0.20408141249999995
v -0.5178582675000001 0.762638877 0.5504176755
v -0.517356882 0.7737817815 0.21311983349999994
v -0.405241515 0.7801162739999999 0.20123415899999994
v -0.3868786845 0.7362856305000001 0.5413792860000001
v -0.3946080285 0.7767477585 0.538532001
v -0.39751207650000003 0.7396540515 0.20408141249999995
v -0.424800243 0.74989782 0.5504176755
v -0.435433572 0.753266115 0.21311983349999994
v -0.7314135255 0.74322108 0.20123415899999994
v -0.684977139 0.7331228415000001 0.5413792860000001
v -0.7225552215000001 0.7499994705 0.538532001
v -0.693835506 0.7263446084999999 0.20408141249999995
v -0.7178786684999999 0.70986699 0.5504176755
v -0.7267367205 0.703088757 0.21311983349999994
v -0.8476553925 0.7121590245 0.29576137499999994
v -0.356244966 0.742243509 0.34106886449999996
v -0.359445744 0.7460205795 0.30007466999999993
v -0.8444544884999999 0.708381828 0.3367555694999999
v -0.350537292 0.7794494505 0.3240935774999999
v -0.8387469089999999 0.745587927 0.31978043999999994
v 0.2274046425 0.606378717 0.33722847899999997
v 0.2274046425 0.606378717 0.35897459849999996
v 0.2333847285 0.6747334335 0.3377201625
v 0.2333847285 0.6747334335 0.35897459849999996
v -0.032177911499999996 0.697967424 0.35897459849999996
v -0.0381576825 0.6296127075 0.35897459849999996
v -0.03217788 0.697967424 0.3377201625
v -0.038157619499999997 0.6296125815 0.33722847899999997
v 1.249771257 -0.28243010249999995 0.730393335
v 1.377905949 1.1824784369999999 0.7303933349999999
v 1.249771257 -0.28243010249999995 0.67011966
v 1.189166706 -0.16745727599999996 0.730393335
v 1.249771257 -0.28243010249999995 0.730393335
v 1.192575006 1.2552761655 1.218875301
v 1.189751157 1.09487385 1.218875301
v 1.162152369 1.2614414715 1.166517891
v 1.2229974854999999 1.2491102295 1.166517891
v 1.192575006 1.2552761655 1.218875301
v -0.029524824 1.052704107 0.32116117949999995
v -0.0030103605 1.0644931709999998 -0.016136694000000066
v -0.05268186 1.085675031 0.3301996004999999
v -0.012535550999999999 1.0902312539999999 0.31831392599999997
v -0.029524824 1.052704107 0.32116117949999995
v -0.05268186 1.085675031 0.3301996004999999
v -0.026167364999999998 1.097464095 -0.007098273000000067
v 0.013978975499999999 1.1020204439999999 -0.018983947500000067
v -0.012535550999999999 1.0902312539999999 0.31831392599999997
v -0.041557540500000004 1.190238903 0.25103666699999994
v -0.0349988625 0.612633735 0.5530103775
v -0.041557540500000004 1.190238903 0.25103666699999994
v -0.0611058105 1.1819612385 0.2156195159999999
v -0.0198917145 1.174312503 0.21970024649999992
v -0.0611058105 1.1819612385 0.2156195159999999
v -0.054547101 0.6043561335 0.517593321
v -0.0133329735 0.5967073350000001 0.5216738624999999
v -0.0198917145 1.174312503 0.21970024649999992
v 1.2545207955 0.0038584035000000503 0.823416048
v 1.2664233225000001 0.14840191800000008 0.824225472
v 1.212417738 0.007383789000000051 0.8219772855
v 1.2545207955 0.0038584035000000503 0.823416048
v 1.2538637685 0.003845583000000049 0.8014995765
v 1.2664233225000001 0.14840191800000008 0.824225472
v 1.2243203595 0.15192717750000007 0.822786741
v 1.2657666105 0.14838903450000004 0.8023090635
v 1.3106731995 0.2507252265 0.025574755499999987
v 1.3352766839999999 0.6304080195 0.025863988499999963
v 1.236165084 0.26040089250000004 0.02485041299999998
v 1.3106731995 0.2507252265 0.025574755499999987
v 1.3100143455000002 0.2506893165 -0.003572793000000015
v 1.3352766839999999 0.6304080195 0.025863988499999963
v 1.26076797 0.640083591 0.025139771999999963
v 1.334618082 0.630372141 -0.0032834655000000385
v 0.1535765175 -0.122453037 0.10485899550000002
v 0.278629344 1.22867136 0.10095803549999992
v 0.734709213 -0.3154029164999999 1.582899885
v 0.8608447575 1.118850579 1.5815732625
v 0.6099545970000001 -0.3274405154999999 1.5834235410000002
v 0.73830834 1.1295832904999998 1.5815773575
v -0.5963506605000001 -0.9799965629999998 1.402071552
v -0.5561792145000001 -0.9948404654999998 1.3690984860000002
v -0.5963506605000001 -0.9799965629999998 1.402071552
v -0.5963506605000001 -0.9799965629999998 1.402071552
v -0.8387431919999999 -1.293175674 1.0032539265
v -1.0115698005 -0.7624474514999999 1.389054177
v -1.2992186655000002 -1.0956829275000002 0.9912185325000001
v 0.0682205895 -0.7104315014999999 1.6526090385
v 0.804230595 -0.6497832599999999 2.405895408
v -0.3405291435 -0.6903734669999999 1.809697617
v -0.5963506605000001 -0.9799965629999998 1.402071552
v -0.5265705690000001 -0.9565739189999999 1.4211218385
v 0.18607639050000002 0.31111075800000004 0.5864808284999999
v -0.040580694 0.3337351605 0.5864808284999999
v 1.2930439725 0.645899058 0.10096165799999995
v 1.2930439725 0.645899058 -0.0013069980000000397
v 1.2687514560000002 0.6318827235 0.11678710049999995
v 1.3296346875 1.1347553385 0.10095790949999993
v 1.2930439725 0.645899058 0.10096165799999995
v 0.13625873100000002 -0.047351335499999994 0.09200516850000001
v 0.1362532815 -0.047289343500000004 0.040609422
v 0.141073821 -0.10238822999999998 0.144153513
v 0.14589414 -0.1574846595 0.1440824805
v 0.1410737265 -0.102387033 0.092345967
v 0.141073821 -0.10238822999999998 0.144153513
v -0.155505609 -0.128335599 0.144153513
v -0.160320825 -0.0732987675 0.09200516850000001
v 0.13625873100000002 -0.047351335499999994 0.09200516850000001
v 0.1410737265 -0.102387033 0.092345967
v -0.1555057035 -0.128334402 0.09234596700000001
v 0.1314436095 0.0076857795000000026 0.0408012255
v 0.1362532815 -0.047289343500000004 0.040609422
v -0.160326243 -0.07323674399999999 0.040609422000000006
v -0.1651359465 -0.018261589499999998 0.0408012255
v 0.1314436095 0.0076857795000000026 0.0408012255
v 1.2880179269999998 0.39255983550000006 0.827365455
v 1.3007836799999999 0.5505267915 0.8285483429999999
v 1.245900663 0.39590705700000006 0.825451956
v 1.2880179269999998 0.39255983550000006 0.827365455
v 1.2875167305000002 0.39250930950000007 0.8052660315000001
v 1.3007836799999999 0.5505267915 0.8285483429999999
v 1.2586659435 0.553873761 0.826634844
v 1.3002824835000002 0.5504763285000001 0.8064489825000001
v 1.1822790735 1.165357368 0.23835007349999993
v 1.0300904144999998 1.1808535725 0.2389987214999999
v 1.1796294825 1.1232397575000002 0.23719701599999996
v 1.1822790735 1.165357368 0.23835007349999993
v 1.1823092505000001 1.16469864 0.22078598849999992
v 1.0300904144999998 1.1808535725 0.2389987214999999
v 1.0274414219999999 1.1387356155000001 0.23784569549999995
v 1.03012056 1.1801948445000001 0.2214347624999999
v 0.237553281 0.9788286374999999 0.8559993644999998
v 0.2220573915 0.7865687339999999 0.8568089145
v 0.279671049 0.9754816049999999 0.8545604759999998
v 0.237553281 0.9788286374999999 0.8559993644999998
v 0.2382121035 0.9788665950000001 0.834081066
v 0.2220573915 0.7865687339999999 0.8568089145
v 0.264175065 0.7832216700000001 0.855370026
v 0.22271596200000002 0.786606534 0.8348906475
v 0.237553281 0.9788286374999999 0.37630870199999994
v 0.2220573915 0.7865687339999999 0.377118252
v 0.279671049 0.9754816049999999 0.37486975049999993
v 0.237553281 0.9788286374999999 0.37630870199999994
v 0.2382121035 0.9788665950000001 0.35439037199999995
v 0.2220573915 0.7865687339999999 0.377118252
v 0.264175065 0.7832216700000001 0.3756793005
v 0.22271596200000002 0.786606534 0.35519992199999995
v 0.2338720335 0.659975022 0.28112559299999995
v 0.2338720335 0.6599751165000001 0.30237999749999994
v 0.239646897 0.7283473785 0.28112559299999995
v 0.2396468655 0.7283475045000001 0.30237999749999994
v 0.238685202 0.7169615775 0.22453105499999995
v 0.238685202 0.7169615775 0.24578545949999994
v 0.24446019149999998 0.7853337134999999 0.22453105499999995
v 0.2444602545 0.7853335875 0.24487337699999995
v 0.243498528 0.773947125 0.16793651699999992
v 0.243498528 0.773947125 0.18919095299999994
v 0.2492735175 0.8423193555 0.16793651699999992
v 0.2492735175 0.8423193555 0.18919095299999994
v 0.24831194850000002 0.8309335545 0.11134191599999994
v 0.248788008 0.8309765204999999 0.13259635199999995
v 0.2540865915 0.8993055015 0.11134191599999994
v 0.254562651 0.8993486565000001 0.13259635199999995
v 0.2540773305 0.8880053175 0.05474731499999995
v 0.2540773305 0.8880053175 0.07600175099999995
v 0.25985232 0.9563775165 0.05474731499999995
v 0.25985232 0.9563775165 0.07600175099999995
v -0.0259837515 0.750783726 0.3023800605
v -0.0317587095 0.6824115270000001 0.3023800605
v -0.0259836885 0.7507837890000001 0.28112559299999995
v -0.0211704885 0.807770061 0.24487337699999995
v -0.026945415 0.739397799 0.24578545949999994
v -0.021170362499999998 0.807770061 0.22453105499999995
v -0.0163572255 0.864755703 0.18919095299999994
v -0.022132215 0.7963834095 0.18919095299999994
v -0.0163571625 0.8647557659999999 0.16793651699999992
v -0.0110678085 0.921785004 0.13259647799999996
v -0.016842766500000002 0.8534128049999999 0.13259635199999995
v -0.0115438365 0.921741975 0.11134191599999994
v -0.005778076500000001 0.9788142105000001 0.07600187699999995
v -0.0115531605 0.910442106 0.07600187699999995
v -0.0057780135 0.9788140845000001 0.05474731499999994
v -0.0317586465 0.6824115270000001 0.28112559299999995
v -0.026945352 0.739397799 0.22453105499999995
v -0.022132152000000002 0.7963834095 0.16793651699999992
v -0.0173187945 0.8533696814999999 0.11134191599999994
v -0.0115530975 0.9104419800000001 0.05474731499999995
v 0.042875878500000006 0.42483596400000007 1.202949027
v 0.0855970605 0.46026187200000007 1.258035345
v 0.0855970605 0.46026187200000007 1.258035345
v 0.12848947649999998 0.49482219150000006 1.202949027
v 0.1218558285 0.416284407 1.202949027
v 0.0855970605 0.46026187200000007 1.258035345
v 0.210180663 0.572350086 0.84182868
v -0.0165433275 0.594293931 0.84182868
v 0.188581932 0.31952941650000005 0.84182868
v -0.038142090000000003 0.34147323000000007 0.84182868
v -1.082615058 -0.27690988499999997 0.23212318500000004
v -1.3560040935000002 -0.4271196825 0.23845613400000004
v -1.082615688 -0.2769088455 0.15082675650000002
v -1.3585052565 -0.42850568250000004 0.15082675650000002
v -1.3850878545 -0.3800755035 0.15029201250000004
v -1.1091980025 -0.22847857200000002 0.15029201250000004
v -1.4116710195000002 -0.33164409600000005 0.06994288350000001
v -1.1357812935 -0.18004707 0.06994288350000001
v -1.1092280534999999 -0.228423951 0.06964177500000002
v -1.385117748 -0.3800209455 0.06964177500000003
v 0.177099111 0.5958994230000001 0.730393335
v 0.234802701 1.2790666035 0.7303934609999998
v 0.24714808649999997 0.5888425094999999 0.730393335
v 0.177099111 0.5958994230000001 0.6701195969999999
v 0.177099111 0.5958994230000001 0.730393335
v 0.193880232 -0.13776808499999996 0.730393335
v 0.1225100835 -0.14635832399999996 0.730393335
v 0.1225100835 -0.14635832399999998 0.67011966
v 0.1598856525 0.29614485600000007 0.730393335
v 0.1225100835 -0.14635832399999996 0.730393335
v 0.1598856525 0.29614485600000007 0.67011966
v 0.23012548649999998 0.29135235150000005 0.730393335
v 0.1598856525 0.29614485600000007 0.730393335
v 0.234802701 1.2790666035 0.7303934609999998
v 1.377905949 1.1824784369999999 0.7303933349999999
v 1.3017478635000002 1.1186217945 0.7303933349999999
v 0.2990418795 1.20323574 0.7303934609999998
v 0.234802701 1.2790666035 0.7303934609999998
v 0.234802701 1.2790666035 0.6701197229999999
v 1.3778924984999998 1.182488895 0.6701196599999999
v 1.377905949 1.1824784369999999 0.7303933349999999
v 1.3296062115 1.1446909109999999 -0.0013107465000000702
v 1.3296346875 1.1347553385 0.10095790949999993
v 1.3110988275000002 1.115143911 0.11678710049999992
v 0.8048639025 1.1848726575 0.09648125549999993
v 1.3296346875 1.1347553385 0.10095790949999993
v 1.258945569 0.2647974105 0.10095803549999997
v 1.2244117095 -0.21239971200000002 0.1009580355
v 1.2413079315 0.288077139 0.11678710049999998
v 1.258945569 0.2647973475 -0.0013107465000000162
v 1.258945569 0.2647974105 0.10095803549999997
v 0.43094148299999996 -0.1306510064999999 1.8923507505
v 0.42010661699999996 -0.03885439949999987 2.029602456
v 0.34229374199999996 -0.008072347499999886 1.8930382065
v 0.495537966 0.011234916000000116 1.8929991465
v 0.42010661699999996 -0.03885439949999987 2.029602456
v -0.3405291435 -0.6903734669999999 1.809697617
v -0.3405291435 -0.6903734669999999 1.809697617
v -0.3268346445 -0.6713454824999999 1.7678628765
v -0.638960301 -0.44443280699999993 1.402024932
v -0.638960301 -0.44443280699999993 1.402024932
v -0.6020306775 -0.42280648199999993 1.3690000800000002
v -0.638960301 -0.44443280699999993 1.402024932
v -0.3236350635 -0.706655124 1.7679164580000002
v -0.3405291435 -0.6903734669999999 1.809697617
v 0.3501341235 -0.6275856824999999 1.8119523555000001
v -0.3738893445 -0.6905209814999999 1.7417038905
v -0.638960301 -0.44443280699999993 1.402024932
v -0.3405291435 -0.6903734669999999 1.809697617
v -0.62715429 -0.46186336349999996 1.37062863
v -0.932860782 -0.17899563149999992 1.003178232
v -0.638960301 -0.44443280699999993 1.402024932
v -0.5661966555 -0.45505955249999985 1.421034489
v -0.593371926 -0.4923762164999999 1.4195897415
v -0.5899294485 -0.9858524759999999 1.402071552
v -0.638960301 -0.44443280699999993 1.402024932
v 0.804230595 -0.6497832599999999 2.405895408
v 0.7821273915 -0.7192397519999999 2.28805353
v 0.804230595 -0.6497832599999999 2.405895408
v 0.8443634535 -0.7070930684999999 2.28805353
v 0.86547069 -1.3768233884999999 1.6526090385
v 0.804230595 -0.6497832599999999 2.405895408
v 0.331245495 -1.208339055 1.6526090385
v 0.804230595 -0.6497832599999999 2.405895408
v -1.0115698005 -0.7624474514999999 1.389054177
v -1.0115698005 -0.7624474514999999 1.389054177
v -0.9816689295000001 -0.7847111474999999 1.3566393855
v -0.9666733860000001 -1.2123639045 0.9912185325000001
v 1.540240947 -0.5891351129999999 1.6526090385
v 0.804230595 -0.6497832599999999 2.405895408
v 1.3654724265 -1.1162967480000001 1.6526090385
v 0.804230595 -0.6497832599999999 2.405895408
v 0.804230595 -0.6497832599999999 2.405895408
v 0.804230595 -0.6497832599999999 2.405895408
v 0.8263336725 -0.5803267364999999 2.28805353
v 0.804230595 -0.6497832599999999 2.405895408
v 0.2394756945 -0.19797825599999988 1.6526090385
v 0.7685560575 -0.5890211144999999 2.2821722595
v 0.742990563 0.0772568055000001 1.6526090385
v 0.804230595 -0.6497832599999999 2.405895408
v 1.2772158525 -0.0912271814999999 1.6526090385
v 0.804230595 -0.6497832599999999 2.405895408
v 1.254520701 0.0038584665000000137 0.22132413450000002
v 1.2664233225000001 0.148401981 0.2221336215
v 1.212753969 0.008109738000000014 0.220195521
v 1.254520701 0.0038584665000000137 0.22132413450000002
v 1.2538637685 0.003845614500000012 0.199407663
v 1.2664233225000001 0.148401981 0.2221336215
v 1.2243203595 0.15192717749999998 0.220694859
v 1.2657666105 0.14838906600000001 0.20021714999999998
v 1.3248192825 0.7870403835 0.827365455
v 1.3375850355 0.9450074654999999 0.8285483429999998
v 1.2827018925 0.7903875735 0.825451956
v 1.3248192825 0.7870403835 0.827365455
v 1.3243180545 0.7869899204999999 0.8052660315000001
v 1.3375850355 0.9450074654999999 0.8285483429999998
v 1.295467173 0.9483543405 0.8266348439999999
v 1.337083713 0.9449568765 0.8064489825
v 1.091896218 1.1759691825 0.8503812765
v 0.9397078425 1.1914651665 0.8510299244999998
v 1.089246627 1.1338514775000001 0.8492281874999998
v 1.091896218 1.1759691825 0.8503812765
v 1.091926269 1.1753104545 0.8328171914999999
v 0.9397078425 1.1914651665 0.8510299244999998
v 0.937058535 1.1493475875 0.8498769614999999
v 0.9397377045 1.1908065644999999 0.8334659339999999
v 0.8883520064999999 1.1936636775 1.3516099695000001
v 0.736163505 1.2091595355 1.352258712
v 0.885702447 1.1515458465000001 1.3504568805000001
v 0.8883520064999999 1.1936636775 1.3516099695000001
v 0.888382152 1.1930049495000001 1.334045853
v 0.736163505 1.2091595355 1.352258712
v 0.7335143235 1.167041925 1.351105623
v 0.736193493 1.208500902 1.334694627
v 0.8883519435 1.1936638035 0.30193461899999996
v 0.736163505 1.2091596615 0.3025833929999999
v 0.8857024155 1.1515459410000002 0.3007815299999999
v 0.8883519435 1.1936638035 0.30193461899999996
v 0.888382152 1.1930050755 0.28437053399999995
v 0.736163505 1.2091596615 0.3025833929999999
v 0.7335143235 1.1670420510000001 0.301430304
v 0.736193493 1.2085010280000001 0.2850193394999999
v 0.140448105 0.23174805150000005 0.8559993644999999
v 0.1249521525 0.039488148000000056 0.8568089145
v 0.182565873 0.22840108200000006 0.854560476
v 0.140448105 0.23174805150000005 0.8559993644999999
v 0.1411069275 0.23178600900000004 0.8340810660000001
v 0.1249521525 0.039488148000000056 0.8568089145
v 0.167069889 0.036141084000000046 0.855370026
v 0.1256106915 0.03952601100000005 0.8348906475
v 0.140448105 0.23174805150000002 0.376308702
v 0.1249521525 0.03948814800000002 0.37711825200000004
v 0.182565873 0.22840108200000003 0.3748697505
v 0.140448105 0.23174805150000002 0.376308702
v 0.1411069275 0.23178600900000002 0.354390372
v 0.1249521525 0.03948814800000002 0.37711825200000004
v 0.167069889 0.03614108400000002 0.37567930050000004
v 0.1256106915 0.03952601100000002 0.355199922
v 0.4099014045 1.16422362 1.218875301
v 0.43609491450000004 1.3224978269999998 1.218875301
v 0.467130573 1.3230671580000002 1.166517891
v 0.43609491450000004 1.3224978269999998 1.218875301
v 0.40505906700000005 1.3219281495 1.166517891
v 0.5824655864999999 1.2199524435 0.2389987214999999
v 0.4299810165 1.232198604 0.23835007349999993
v 0.4298323365 1.2315559725 0.22078598849999992
v 0.4299810165 1.232198604 0.23835007349999993
v 0.42497991900000004 1.19029491 0.23719701599999993
v 0.5774640165 1.1780487495 0.23784569549999993
v 0.5824655864999999 1.2199524435 0.2389987214999999
v 0.582317064 1.2193100639999999 0.2214347624999999
v 0.278629344 1.22867136 0.10095803549999992
v 0.2788903845 1.2389148765 -0.0013107465000000759
v 0.294291207 1.2050870894999999 0.11678710049999992
v 0.278629344 1.22867136 0.10095803549999992
v 0.660217509 1.2062050875 0.8450441054999999
v 0.5077331595 1.218451374 0.8443954889999998
v 0.5075844165 1.217809089 0.8268313724999999
v 0.5077331595 1.218451374 0.8443954889999998
v 0.5027319675 1.1765477745000001 0.8432424
v 0.6552160020000001 1.16430174 0.8438911425
v 0.660217509 1.2062050875 0.8450441054999999
v 0.6600691125 1.2055627080000002 0.8274801464999999
v -1.3551179985 -0.48794485949999994 0.9912185325
v -1.0115698005 -0.7624474514999999 1.389054177
v -1.0115698005 -0.7624474514999999 1.389054177
v -1.0115698005 -0.7624474514999999 1.389054177
v -0.4974966045 -0.7146130004999999 1.388670129
v -0.985645017 -0.7349893109999999 1.3566393855
v -1.0115698005 -0.7624474514999999 1.389054177
v -1.0498098555 -0.31191167699999994 0.9912185325
v -0.044553221999999996 0.602184618 0.5864808284999999
v -0.06406205400000001 0.3752381745000001 0.5864808284999999
v 0.726937281 -0.7124771429999999 2.330315064
v 0.798568281 -0.6415847234999998 2.4782871015
v 0.73739421 -0.5666578469999999 2.330315064
v 0.798568281 -0.6415847234999998 2.4782871015
v 0.882037548 -0.5856879104999999 2.330315064
v 0.8700196995 -0.7279695359999998 2.330315064
v 0.798568281 -0.6415847234999998 2.4782871015
v -0.8025727500000001 0.7003879155 0.5413792860000001
v -0.811392309 0.7072166115 0.20408141249999995
v -0.8334741554999999 0.726242013 0.5504176755
v -0.7958750625000001 0.741033531 0.538532001
v -0.8025727500000001 0.7003879155 0.5413792860000001
v -0.8334741554999999 0.726242013 0.5504176755
v -0.8422937775 0.7330705515 0.21311983349999994
v -0.804694653 0.7478621955 0.20123415899999994
v -0.7958750625000001 0.741033531 0.538532001
v -0.3737936475 0.7362934425 0.44176170149999994
v -0.862028307 0.7030477755 0.44771387849999994
v -0.36782820899999996 0.7718122439999999 0.46195701299999997
v -0.379759275 0.771812181 0.42156638999999996
v -0.3737936475 0.7362934425 0.44176170149999994
v -0.36782820899999996 0.7718122439999999 0.46195701299999997
v -0.8560629000000001 0.738566451 0.4679091585
v -0.8679940605 0.738566703 0.42751856699999996
v -0.379759275 0.771812181 0.42156638999999996
v -0.862028307 0.7030477755 0.44771387849999994
v -0.8679940605 0.738566703 0.42751856699999996
v -0.8560629000000001 0.738566451 0.4679091585
v -0.6136923870000001 0.7187406975 0.20408141249999995
v -0.6069141225 0.709882551 0.5413792860000001
v -0.6301699740000001 0.7427838915 0.5504176755
v -0.590037525 0.7474604444999999 0.538532001
v -0.6069141225 0.709882551 0.5413792860000001
v -0.5968157894999999 0.7563189060000001 0.20123415899999994
v -0.590037525 0.7474604444999999 0.538532001
v -0.6301699740000001 0.7427838915 0.5504176755
v -0.6369483015 0.751642038 0.21311983349999994
v -0.5206903380000001 0.733629141 0.20408141249999995
v -0.5211918495 0.7224863625 0.5413792860000001
v -0.5178582675000001 0.762638877 0.5504176755
v -0.4841089785 0.7404246045 0.538532001
v -0.5211918495 0.7224863625 0.5413792860000001
v -0.48360740399999996 0.7515676665 0.20123415899999994
v -0.4841089785 0.7404246045 0.538532001
v -0.5178582675000001 0.762638877 0.5504176755
v -0.517356882 0.7737817815 0.21311983349999994
v -0.39751207650000003 0.7396540515 0.20408141249999995
v -0.3868786845 0.7362856305000001 0.5413792860000001
v -0.424800243 0.74989782 0.5504176755
v -0.3946080285 0.7767477585 0.538532001
v -0.3868786845 0.7362856305000001 0.5413792860000001
v -0.405241515 0.7801162739999999 0.20123415899999994
v -0.3946080285 0.7767477585 0.538532001
v -0.424800243 0.74989782 0.5504176755
v -0.435433572 0.753266115 0.21311983349999994
v -0.693835506 0.7263446084999999 0.20408141249999995
v -0.684977139 0.7331228415000001 0.5413792860000001
v -0.7178786684999999 0.70986699 0.5504176755
v -0.7225552215000001 0.7499994705 0.538532001
v -0.684977139 0.7331228415000001 0.5413792860000001
v -0.7314135255 0.74322108 0.20123415899999994
v -0.7225552215000001 0.7499994705 0.538532001
v -0.7178786684999999 0.70986699 0.5504176755
v -0.7267367205 0.703088757 0.21311983349999994
v -0.8444544884999999 0.708381828 0.3367555694999999
v -0.356244966 0.742243509 0.34106886449999996
v -0.350537292 0.7794494505 0.3240935774999999
v -0.359445744 0.7460205795 0.30007466999999993
v -0.356244966 0.742243509 0.34106886449999996
v -0.8476553925 0.7121590245 0.29576137499999994
v -0.359445744 0.7460205795 0.30007466999999993
v -0.350537292 0.7794494505 0.3240935774999999
v -0.8387469089999999 0.745587927 0.31978043999999994
v -0.8444544884999999 0.708381828 0.3367555694999999
v -0.8476553925 0.7121590245 0.29576137499999994
v -0.8387469089999999 0.745587927 0.31978043999999994
v 1.2057526845000002 0.46693231200000007 0.5140195515
v 1.254333465 0.4574263995000001 0.5140278989999999
v 0.8048639655000001 1.2049544429999999 -0.001310746500000074
v 0.8048639025 1.1848726575 0.09648125549999993
v 0.8048639025 1.1848726575 0.09648125549999993
v 0.802346328 1.1572236585 0.11231032049999994
vt 0.718505 0.077578
vt 0.851648 0.476458
vt 0.911468 0.476457
vt 0.927907 0.489760
vt 0.927881 0.475621
vt 0.928115 0.405011
vt 0.927881 0.475621
vt 0.927910 0.275936
vt 0.927804 0.387627
vt 0.936489 0.387100
vt 0.936596 0.275408
vt 0.932524 0.405011
vt 0.932358 0.475378
vt 0.932316 0.489760
vt 0.932358 0.475378
vt 0.393771 0.004179
vt 0.323110 0.707560
vt 0.210205 0.004258
vt 0.393645 0.033551
vt 0.393778 0.017071
vt 0.210019 0.034087
vt 0.210091 0.017723
vt 0.512005 0.813372
vt 0.530707 0.813372
vt 0.512005 0.825905
vt 0.530707 0.825905
vt 0.585203 0.364811
vt 0.585249 0.387713
vt 0.573675 0.364789
vt 0.573793 0.387778
vt 0.992181 0.015879
vt 0.974360 0.017641
vt 0.993990 0.061034
vt 0.993990 0.061034
vt 0.976169 0.062797
vt 0.992181 0.015879
vt 0.948542 0.131620
vt 0.941785 0.202767
vt 0.950270 0.202385
vt 0.939775 0.132943
vt 0.931097 0.203933
vt 0.930587 0.134688
vt 0.814539 0.219951
vt 0.939189 0.226717
vt 0.938194 0.217651
vt 0.814653 0.229943
vt 0.939743 0.236132
vt 0.816368 0.238097
vt 0.946761 0.698183
vt 0.946689 0.741502
vt 0.958801 0.741298
vt 0.958748 0.698021
vt 0.958748 0.698021
vt 0.958801 0.741298
vt 0.946731 0.698174
vt 0.946761 0.704971
vt 0.908118 0.090585
vt 0.816107 0.090199
vt 0.815941 0.113623
vt 0.907821 0.113546
vt 0.815987 0.120604
vt 0.908386 0.120510
vt 0.915752 0.090627
vt 0.904774 0.090339
vt 0.973184 0.665296
vt 0.970975 0.939267
vt 0.999604 0.939233
vt 0.999603 0.664293
vt 0.978200 0.664606
vt 0.978238 0.939304
vt 0.729863 0.085796
vt 0.996816 0.373300
vt 0.953534 0.063187
vt 0.733596 0.088341
vt 0.922099 0.066717
vt 0.939801 0.069652
vt 0.885347 0.592921
vt 0.863933 0.626716
vt 0.837723 0.592449
vt 0.952320 0.365489
vt 0.997994 0.066189
vt 0.958707 0.365515
vt 0.990429 0.373275
vt 0.991607 0.066164
vt 0.959922 0.063213
vt 0.850306 0.086049
vt 0.944028 0.070123
vt 0.737947 0.071988
vt 0.713921 0.089238
vt 0.714065 0.067519
vt 0.732570 0.067222
vt 0.755249 0.087015
vt 0.760317 0.069112
vt 0.922726 0.086028
vt 0.939591 0.088567
vt 0.862099 0.069563
vt 0.863640 0.085574
vt 0.849822 0.070483
vt 0.943247 0.089088
vt 0.721751 0.079367
vt 0.722621 0.078676
vt 0.932068 0.077514
vt 0.945659 0.079160
vt 0.865679 0.078938
vt 0.949853 0.078624
vt 0.799143 0.545290
vt 0.806028 0.545341
vt 0.806021 0.489444
vt 0.799141 0.489418
vt 0.813407 0.545244
vt 0.813407 0.489221
vt 0.826100 0.510874
vt 0.937017 0.510871
vt 0.880904 0.571389
vt 0.859753 0.537901
vt 0.842324 0.571395
vt 0.251455 0.725094
vt 0.251455 0.725094
vt 0.282173 0.709638
vt 0.282173 0.709638
vt 0.585203 0.364811
vt 0.946761 0.698183
vt 0.289791 0.724980
vt 0.259043 0.740452
vt 0.259043 0.740452
vt 0.289791 0.724980
vt 0.961620 0.494660
vt 0.941303 0.494319
vt 0.961557 0.402632
vt 0.941417 0.401969
vt 0.935315 0.493266
vt 0.961326 0.492253
vt 0.941009 0.491912
vt 0.180873 0.778048
vt 0.100902 0.812877
vt 0.106433 0.826415
vt 0.186947 0.792041
vt 0.095808 0.800982
vt 0.090489 0.788579
vt 0.157428 0.892245
vt 0.168810 0.837399
vt 0.159380 0.853248
vt 0.124656 0.855172
vt 0.946761 0.698183
vt 0.946689 0.741502
vt 0.958801 0.741298
vt 0.958748 0.698021
vt 0.958748 0.698021
vt 0.958801 0.741298
vt 0.946731 0.698174
vt 0.946761 0.704971
vt 0.946689 0.741502
vt 0.946761 0.698183
vt 0.958748 0.698021
vt 0.958801 0.741298
vt 0.958801 0.741298
vt 0.958748 0.698021
vt 0.946761 0.704971
vt 0.946731 0.698174
vt 0.946761 0.698183
vt 0.946689 0.741502
vt 0.958801 0.741298
vt 0.958748 0.698021
vt 0.958748 0.698021
vt 0.958801 0.741298
vt 0.946731 0.698174
vt 0.946761 0.704971
vt 0.946761 0.698183
vt 0.946689 0.741502
vt 0.958801 0.741298
vt 0.958748 0.698021
vt 0.958748 0.698021
vt 0.958801 0.741298
vt 0.946731 0.698174
vt 0.946761 0.704971
vt 0.927907 0.489760
vt 0.927881 0.475621
vt 0.928115 0.405011
vt 0.927881 0.475621
vt 0.927907 0.489760
vt 0.927881 0.475621
vt 0.928115 0.405011
vt 0.927881 0.475621
vt 0.927907 0.489760
vt 0.927881 0.475621
vt 0.928115 0.405011
vt 0.927881 0.475621
vt 0.927907 0.489760
vt 0.927881 0.475621
vt 0.928115 0.405011
vt 0.927881 0.475621
vt 0.927907 0.489760
vt 0.927881 0.475621
vt 0.928115 0.405011
vt 0.927881 0.475621
vt 0.932524 0.405011
vt 0.932358 0.475378
vt 0.932316 0.489760
vt 0.932358 0.475378
vt 0.932524 0.405011
vt 0.932358 0.475378
vt 0.932316 0.489760
vt 0.932358 0.475378
vt 0.932524 0.405011
vt 0.932358 0.475378
vt 0.932316 0.489760
vt 0.932358 0.475378
vt 0.932524 0.405011
vt 0.932358 0.475378
vt 0.932316 0.489760
vt 0.932358 0.475378
vt 0.932524 0.405011
vt 0.932358 0.475378
vt 0.932316 0.489760
vt 0.932358 0.475378
vt 0.885347 0.592921
vt 0.837723 0.592449
vt 0.885347 0.592921
vt 0.799143 0.545290
vt 0.806028 0.545341
vt 0.806021 0.489444
vt 0.799141 0.489418
vt 0.806021 0.489444
vt 0.806028 0.545341
vt 0.799143 0.545290
vt 0.806028 0.545341
vt 0.806021 0.489444
vt 0.799141 0.489418
vt 0.813407 0.545244
vt 0.813407 0.489221
vt 0.117318 0.851793
vt 0.086041 0.777175
vt 0.197987 0.817867
vt 0.167293 0.743009
vt 0.180873 0.778048
vt 0.101287 0.812599
vt 0.106357 0.826530
vt 0.186947 0.792041
vt 0.111551 0.838032
vt 0.095808 0.800982
vt 0.090489 0.788579
vt 0.169721 0.752361
vt 0.175844 0.766465
vt 0.191989 0.803670
vt 0.573675 0.364789
vt 0.305772 0.033394
vt 0.305925 0.017246
vt 0.393778 0.017071
vt 0.393645 0.033551
vt 0.308533 0.003870
vt 0.393771 0.004179
vt 0.512238 0.811681
vt 0.211233 0.016163
vt 0.210980 0.034841
vt 0.211589 0.004015
vt 0.976158 0.981238
vt 0.935326 0.493116
vt 0.935315 0.401802
vt 0.961009 0.502633
vt 0.935315 0.401855
vt 0.961326 0.401944
vt 0.941009 0.402286
vt 0.961557 0.491619
vt 0.941417 0.492282
vt 0.941009 0.402339
vt 0.961326 0.401998
vt 0.936489 0.387100
vt 0.936596 0.275408
vt 0.927804 0.387627
vt 0.927910 0.275936
vt 0.880904 0.571389
vt 0.739846 0.087332
vt 0.892297 0.065882
vt 0.943754 0.068543
vt 0.734874 0.069555
vt 0.718035 0.090339
vt 0.687546 0.067192
vt 0.893276 0.090320
vt 0.946218 0.087522
vt 0.857787 0.084383
vt 0.849625 0.085059
vt 0.734281 0.085173
vt 0.728791 0.084383
vt 0.737303 0.070414
vt 0.731378 0.077645
vt 0.892823 0.078090
vt 0.952131 0.079027
vt 0.720008 0.075969
vt 0.724102 0.078447
vt 0.940726 0.069858
vt 0.940473 0.072218
vt 0.942873 0.070152
vt 0.712118 0.065070
vt 0.712252 0.067800
vt 0.718296 0.066908
vt 0.710005 0.088344
vt 0.950780 0.083139
vt 0.940239 0.088885
vt 0.942768 0.087932
vt 0.956271 0.074414
vt 0.947253 0.079647
vt 0.946300 0.080625
vt 0.948763 0.079161
vt 0.733544 0.084514
vt 0.921703 0.067209
vt 0.857809 0.084340
vt 0.754270 0.070047
vt 0.760882 0.086719
vt 0.924627 0.085746
vt 0.922689 0.087897
vt 0.733443 0.077083
vt 0.932068 0.077514
vt 0.932068 0.077514
vt 0.939856 0.068714
vt 0.714120 0.066581
vt 0.945715 0.078222
vt 0.713976 0.088299
vt 0.939646 0.087630
vt 0.715219 0.090090
vt 0.941919 0.088481
vt 0.945531 0.078893
vt 0.939705 0.070486
vt 0.711484 0.066068
vt 0.939889 0.088040
vt 0.945885 0.079270
vt 0.940664 0.069913
vt 0.712056 0.065133
vt 0.939471 0.087153
vt 0.939995 0.070261
vt 0.715418 0.067017
vt 0.946689 0.741502
vt 0.958801 0.741298
vt 0.958748 0.698021
vt 0.958748 0.698021
vt 0.958801 0.741298
vt 0.946731 0.698174
vt 0.946761 0.704971
vt 0.946761 0.698183
vt 0.946689 0.741502
vt 0.958801 0.741298
vt 0.958748 0.698021
vt 0.958748 0.698021
vt 0.958801 0.741298
vt 0.946731 0.698174
vt 0.946761 0.704971
vt 0.946689 0.741502
vt 0.946761 0.698183
vt 0.958748 0.698021
vt 0.958801 0.741298
vt 0.958801 0.741298
vt 0.958748 0.698021
vt 0.946761 0.704971
vt 0.946731 0.698174
vt 0.946689 0.741502
vt 0.946761 0.698183
vt 0.958748 0.698021
vt 0.958801 0.741298
vt 0.958801 0.741298
vt 0.958748 0.698021
vt 0.946761 0.704971
vt 0.946731 0.698174
vt 0.946689 0.741502
vt 0.946761 0.698183
vt 0.958748 0.698021
vt 0.958801 0.741298
vt 0.958801 0.741298
vt 0.958748 0.698021
vt 0.946761 0.704971
vt 0.946731 0.698174
vt 0.946761 0.698183
vt 0.946689 0.741502
vt 0.958801 0.741298
vt 0.958748 0.698021
vt 0.958748 0.698021
vt 0.958801 0.741298
vt 0.946731 0.698174
vt 0.946761 0.704971
vt 0.946761 0.698183
vt 0.946689 0.741502
vt 0.958801 0.741298
vt 0.958748 0.698021
vt 0.958748 0.698021
vt 0.958801 0.741298
vt 0.946731 0.698174
vt 0.946761 0.704971
vt 0.976169 0.062797
vt 0.993990 0.061034
vt 0.992181 0.015879
vt 0.974360 0.017641
vt 0.992181 0.015879
vt 0.993990 0.061034
vt 0.946689 0.741502
vt 0.946761 0.698183
vt 0.958748 0.698021
vt 0.958801 0.741298
vt 0.958801 0.741298
vt 0.958748 0.698021
vt 0.946761 0.704971
vt 0.946731 0.698174
vt 0.946689 0.741502
vt 0.946761 0.698183
vt 0.958748 0.698021
vt 0.958801 0.741298
vt 0.958801 0.741298
vt 0.958748 0.698021
vt 0.946761 0.704971
vt 0.946731 0.698174
vt 0.754532 0.068874
vt 0.922007 0.067805
vt 0.932068 0.077514
vt 0.760040 0.086713
vt 0.921857 0.087120
vt 0.754595 0.085548
vt 0.932068 0.077514
vt 0.922028 0.088385
vt 0.733359 0.069652
vt 0.857624 0.069657
vt 0.924952 0.069848
vt 0.759552 0.068254
vt 0.921360 0.067210
vt 0.167293 0.743009
vt 0.086041 0.777175
vt 0.117678 0.851907
vt 0.197987 0.817867
vt 0.676327 0.077385
vt 0.115709 0.872588
vt 0.117678 0.851907
vt 0.182377 0.844374
vt 0.111310 0.838048
vt 0.191989 0.803670
vt 0.932068 0.077514
vt 0.090489 0.788579
vt 0.799143 0.545290
vt 0.806028 0.545341
vt 0.806021 0.489444
vt 0.799141 0.489418
vt 0.813407 0.545244
vt 0.813407 0.489221
vt 0.885347 0.592921
vt 0.837723 0.592449
vt 0.863933 0.626716
vt 0.885347 0.592921
vt 0.837723 0.592449
vt 0.718505 0.077578
vt 0.671779 0.076012
vt 0.718505 0.077578
vt 0.676382 0.076446
vt 0.718505 0.077578
vt 0.678560 0.077911
vt 0.718505 0.077578
vt 0.180017 0.014367
vt 0.023251 0.003351
vt 0.024174 0.013319
vt 0.179094 0.004731
vt 0.180017 0.014367
vt 0.024174 0.013319
vt 0.894345 0.015777
vt 0.731128 0.005478
vt 0.732178 0.016075
vt 0.892841 0.005182
vt 0.729312 0.025502
vt 0.890755 0.025742
vt 0.179598 0.013852
vt 0.022832 0.002837
vt 0.023754 0.012804
vt 0.178675 0.004216
vt 0.179598 0.013852
vt 0.023754 0.012804
vt 0.179598 0.013852
vt 0.022832 0.002837
vt 0.023754 0.012804
vt 0.178675 0.004216
vt 0.179598 0.013852
vt 0.023754 0.012804
vt 0.179598 0.013852
vt 0.022832 0.002837
vt 0.023754 0.012804
vt 0.178675 0.004216
vt 0.179598 0.013852
vt 0.023754 0.012804
vt 0.179598 0.013852
vt 0.022832 0.002837
vt 0.023754 0.012804
vt 0.178675 0.004216
vt 0.179598 0.013852
vt 0.023754 0.012804
vt 0.895012 0.015628
vt 0.731795 0.005328
vt 0.732844 0.015926
vt 0.893508 0.005032
vt 0.729979 0.025353
vt 0.891422 0.025592
vt 0.932358 0.475378
vt 0.927881 0.475621
vt 0.932524 0.405011
vt 0.928115 0.405011
vt 0.927881 0.475621
vt 0.927907 0.489760
vt 0.932358 0.475378
vt 0.932316 0.489760
vt 0.210091 0.017723
vt 0.393778 0.017071
vt 0.292347 0.722702
vt 0.316359 0.693592
vt 0.285596 0.708734
vt 0.974360 0.017641
vt 0.976169 0.062797
vt 0.992181 0.015879
vt 0.977728 -0.000391
vt 0.974360 0.017641
vt 0.941785 0.202767
vt 0.939775 0.132943
vt 0.946141 0.212545
vt 0.950270 0.202385
vt 0.941785 0.202767
vt 0.931097 0.203933
vt 0.930587 0.134688
vt 0.920242 0.131138
vt 0.919826 0.200575
vt 0.939189 0.226717
vt 0.814653 0.229943
vt 0.939189 0.226717
vt 0.947078 0.223889
vt 0.938194 0.217651
vt 0.939039 0.207111
vt 0.815684 0.210031
vt 0.814539 0.219951
vt 0.938194 0.217651
vt 0.965318 0.741487
vt 0.965283 0.698229
vt 0.946761 0.704971
vt 0.958748 0.704809
vt 0.958824 0.697996
vt 0.958824 0.697996
vt 0.946731 0.698174
vt 0.958748 0.704809
vt 0.907821 0.113546
vt 0.815941 0.113623
vt 0.908118 0.090585
vt 0.907821 0.113546
vt 0.915069 0.113492
vt 0.897823 0.113246
vt 0.897526 0.090285
vt 0.905457 0.113204
vt 0.978238 0.939304
vt 0.978200 0.664606
vt 0.958707 0.365515
vt 0.959922 0.063213
vt 0.990429 0.373275
vt 0.991607 0.066164
vt 0.864676 0.076899
vt 0.700048 0.068940
vt 0.690021 0.078611
vt 0.865679 0.078938
vt 0.722621 0.078676
vt 0.718505 0.077578
vt 0.932068 0.077514
vt 0.945659 0.079160
vt 0.676327 0.077385
vt 0.721751 0.079367
vt 0.864676 0.076899
vt 0.708378 0.085472
vt 0.806021 0.489444
vt 0.806028 0.545341
vt 0.941876 0.503159
vt 0.961009 0.502633
vt 0.935326 0.402005
vt 0.941009 0.491912
vt 0.941417 0.401969
vt 0.146588 0.846396
vt 0.138311 0.862240
vt 0.169721 0.752361
vt 0.167293 0.743009
vt 0.175844 0.766465
vt 0.169721 0.752361
vt 0.090489 0.788579
vt 0.100902 0.812877
vt 0.180873 0.778048
vt 0.175844 0.766465
vt 0.095808 0.800982
vt 0.191989 0.803670
vt 0.186947 0.792041
vt 0.106433 0.826415
vt 0.111310 0.838048
vt 0.191989 0.803670
vt 0.965318 0.741487
vt 0.965283 0.698229
vt 0.946761 0.704971
vt 0.958748 0.704809
vt 0.958824 0.697996
vt 0.958824 0.697996
vt 0.946731 0.698174
vt 0.958748 0.704809
vt 0.965283 0.698229
vt 0.965318 0.741487
vt 0.946731 0.698174
vt 0.958824 0.697996
vt 0.958748 0.704809
vt 0.958748 0.704809
vt 0.946761 0.704971
vt 0.958824 0.697996
vt 0.965318 0.741487
vt 0.965283 0.698229
vt 0.946761 0.704971
vt 0.958748 0.704809
vt 0.958824 0.697996
vt 0.958824 0.697996
vt 0.946731 0.698174
vt 0.958748 0.704809
vt 0.965318 0.741487
vt 0.965283 0.698229
vt 0.946761 0.704971
vt 0.958748 0.704809
vt 0.958824 0.697996
vt 0.958824 0.697996
vt 0.946731 0.698174
vt 0.958748 0.704809
vt 0.932358 0.475378
vt 0.927881 0.475621
vt 0.932524 0.405011
vt 0.928115 0.405011
vt 0.932358 0.475378
vt 0.927881 0.475621
vt 0.932524 0.405011
vt 0.928115 0.405011
vt 0.932358 0.475378
vt 0.927881 0.475621
vt 0.932524 0.405011
vt 0.928115 0.405011
vt 0.932358 0.475378
vt 0.927881 0.475621
vt 0.932524 0.405011
vt 0.928115 0.405011
vt 0.932358 0.475378
vt 0.927881 0.475621
vt 0.932524 0.405011
vt 0.928115 0.405011
vt 0.927881 0.475621
vt 0.927907 0.489760
vt 0.932358 0.475378
vt 0.927881 0.475621
vt 0.927907 0.489760
vt 0.932358 0.475378
vt 0.927881 0.475621
vt 0.927907 0.489760
vt 0.932358 0.475378
vt 0.927881 0.475621
vt 0.927907 0.489760
vt 0.932358 0.475378
vt 0.927881 0.475621
vt 0.927907 0.489760
vt 0.932358 0.475378
vt 0.932316 0.489760
vt 0.932316 0.489760
vt 0.932316 0.489760
vt 0.932316 0.489760
vt 0.932316 0.489760
vt 0.837723 0.592449
vt 0.863933 0.626716
vt 0.863933 0.626716
vt 0.885347 0.592921
vt 0.837723 0.592449
vt 0.863933 0.626716
vt 0.813407 0.545244
vt 0.813407 0.489221
vt 0.806021 0.489444
vt 0.806028 0.545341
vt 0.169721 0.752361
vt 0.090489 0.788579
vt 0.175844 0.766465
vt 0.095808 0.800982
vt 0.101287 0.812599
vt 0.180873 0.778048
vt 0.111551 0.838032
vt 0.191989 0.803670
vt 0.186947 0.792041
vt 0.106342 0.826511
vt 0.393778 0.017071
vt 0.305925 0.017246
vt 0.512238 0.799148
vt 0.530428 0.811681
vt 0.530428 0.799148
vt 0.301025 0.034399
vt 0.301547 0.015853
vt 0.301629 0.003706
vt 0.211233 0.016163
vt 0.301547 0.015853
vt 0.957929 0.981078
vt 0.976266 0.968706
vt 0.958037 0.968545
vt 0.393778 0.017071
vt 0.210091 0.017723
vt 0.210019 0.034087
vt 0.393645 0.033551
vt 0.393778 0.017071
vt 0.393771 0.004179
vt 0.210205 0.004258
vt 0.210091 0.017723
vt 0.961557 0.491565
vt 0.941417 0.492229
vt 0.935326 0.493063
vt 0.941009 0.402286
vt 0.941417 0.492229
vt 0.941009 0.402339
vt 0.941417 0.492282
vt 0.941876 0.503159
vt 0.961620 0.494689
vt 0.941303 0.494348
vt 0.842324 0.571395
vt 0.859753 0.537901
vt 0.842324 0.571395
vt 0.880904 0.571389
vt 0.859753 0.537901
vt 0.714075 0.078631
vt 0.863006 0.077991
vt 0.854842 0.084396
vt 0.852617 0.077105
vt 0.677432 0.076799
vt 0.687406 0.086527
vt 0.862477 0.078454
vt 0.717961 0.066910
vt 0.714075 0.078631
vt 0.892823 0.078090
vt 0.846140 0.071401
vt 0.720008 0.075969
vt 0.863006 0.077991
vt 0.947918 0.067169
vt 0.670083 0.076717
vt 0.947874 0.077309
vt 0.695821 0.070085
vt 0.849279 0.070426
vt 0.724102 0.078432
vt 0.862477 0.078454
vt 0.680612 0.076759
vt 0.714047 0.087593
vt 0.679479 0.076895
vt 0.711973 0.087655
vt 0.946300 0.080625
vt 0.678560 0.077911
vt 0.948763 0.079161
vt 0.680612 0.076759
vt 0.864858 0.076994
vt 0.718505 0.077578
vt 0.733850 0.085590
vt 0.932068 0.077514
vt 0.945715 0.078222
vt 0.676382 0.076446
vt 0.947253 0.079647
vt 0.679479 0.076895
vt 0.677792 0.076179
vt 0.677734 0.076868
vt 0.711169 0.087702
vt 0.679417 0.076959
vt 0.947192 0.079702
vt 0.711205 0.085922
vt 0.945531 0.078893
vt 0.677792 0.076179
vt 0.945885 0.079270
vt 0.677734 0.076868
vt 0.965318 0.741487
vt 0.965283 0.698229
vt 0.946761 0.704971
vt 0.958748 0.704809
vt 0.958824 0.697996
vt 0.958824 0.697996
vt 0.946731 0.698174
vt 0.958748 0.704809
vt 0.965318 0.741487
vt 0.965283 0.698229
vt 0.946761 0.704971
vt 0.958748 0.704809
vt 0.958824 0.697996
vt 0.958824 0.697996
vt 0.946731 0.698174
vt 0.958748 0.704809
vt 0.965283 0.698229
vt 0.965318 0.741487
vt 0.946731 0.698174
vt 0.958824 0.697996
vt 0.958748 0.704809
vt 0.958748 0.704809
vt 0.946761 0.704971
vt 0.958824 0.697996
vt 0.965283 0.698229
vt 0.965318 0.741487
vt 0.946731 0.698174
vt 0.958824 0.697996
vt 0.958748 0.704809
vt 0.958748 0.704809
vt 0.946761 0.704971
vt 0.958824 0.697996
vt 0.965283 0.698229
vt 0.965318 0.741487
vt 0.946731 0.698174
vt 0.958824 0.697996
vt 0.958748 0.704809
vt 0.958748 0.704809
vt 0.946761 0.704971
vt 0.958824 0.697996
vt 0.965318 0.741487
vt 0.965283 0.698229
vt 0.946761 0.704971
vt 0.958748 0.704809
vt 0.958824 0.697996
vt 0.958824 0.697996
vt 0.946731 0.698174
vt 0.958748 0.704809
vt 0.965318 0.741487
vt 0.965283 0.698229
vt 0.946761 0.704971
vt 0.958748 0.704809
vt 0.958824 0.697996
vt 0.958824 0.697996
vt 0.946731 0.698174
vt 0.958748 0.704809
vt 0.976169 0.062797
vt 0.974360 0.017641
vt 0.992181 0.015879
vt 0.974360 0.017641
vt 0.977728 -0.000391
vt 0.965318 0.741487
vt 0.965283 0.698229
vt 0.958748 0.704809
vt 0.958824 0.697996
vt 0.946731 0.698174
vt 0.946761 0.704971
vt 0.958748 0.704809
vt 0.958824 0.697996
vt 0.941417 0.492229
vt 0.961557 0.491565
vt 0.935326 0.493063
vt 0.941417 0.492229
vt 0.965318 0.741487
vt 0.965283 0.698229
vt 0.958748 0.704809
vt 0.958824 0.697996
vt 0.946731 0.698174
vt 0.946761 0.704971
vt 0.958748 0.704809
vt 0.958824 0.697996
vt 0.932068 0.077514
vt 0.718505 0.077578
vt 0.718505 0.077578
vt 0.864858 0.076994
vt 0.733443 0.077083
vt 0.734175 0.070005
vt 0.718505 0.077578
vt 0.932068 0.077514
vt 0.806021 0.489444
vt 0.806028 0.545341
vt 0.837723 0.592449
vt 0.863933 0.626716
vt 0.885347 0.592921
vt 0.863933 0.626716
vt 0.885347 0.592921
vt 0.837723 0.592449
vt 0.863933 0.626716
vt 0.179094 0.004731
vt 0.023251 0.003351
vt 0.180017 0.014367
vt 0.188774 0.008887
vt 0.179094 0.004731
vt 0.024174 0.013319
vt 0.180017 0.014367
vt 0.179094 0.004731
vt 0.023251 0.003351
vt 0.731797 0.036483
vt 0.892551 0.036173
vt 0.729312 0.025502
vt 0.732178 0.016075
vt 0.722711 0.016958
vt 0.729312 0.025502
vt 0.890755 0.025742
vt 0.894345 0.015777
vt 0.732178 0.016075
vt 0.901045 0.024055
vt 0.894345 0.015777
vt 0.890755 0.025742
vt 0.022832 0.002837
vt 0.178675 0.004216
vt 0.179598 0.013852
vt 0.188354 0.008372
vt 0.178675 0.004216
vt 0.178675 0.004216
vt 0.022832 0.002837
vt 0.023754 0.012804
vt 0.179598 0.013852
vt 0.022832 0.002837
vt 0.178675 0.004216
vt 0.179598 0.013852
vt 0.188354 0.008372
vt 0.178675 0.004216
vt 0.178675 0.004216
vt 0.022832 0.002837
vt 0.023754 0.012804
vt 0.179598 0.013852
vt 0.022832 0.002837
vt 0.178675 0.004216
vt 0.179598 0.013852
vt 0.188354 0.008372
vt 0.178675 0.004216
vt 0.178675 0.004216
vt 0.022832 0.002837
vt 0.023754 0.012804
vt 0.179598 0.013852
vt 0.022832 0.002837
vt 0.178675 0.004216
vt 0.179598 0.013852
vt 0.188354 0.008372
vt 0.178675 0.004216
vt 0.178675 0.004216
vt 0.022832 0.002837
vt 0.023754 0.012804
vt 0.179598 0.013852
vt 0.893218 0.036023
vt 0.732464 0.036334
vt 0.729979 0.025353
vt 0.732844 0.015926
vt 0.723378 0.016809
vt 0.895012 0.015628
vt 0.732844 0.015926
vt 0.729979 0.025353
vt 0.891422 0.025592
vt 0.901712 0.023906
vt 0.895012 0.015628
vt 0.891422 0.025592
vt 0.573793 0.387778
vt 0.585249 0.387713
vt 0.961326 0.401944
vt 0.941009 0.402286
vt 0.941009 0.402286
vt 0.935315 0.401802
vn 0.199184 -0.819404 0.537497
vn 0.082349 -0.948034 0.3073290000000001
vn 0.082409 -0.947989 0.30744900000000003
vn 0.996195 -0.087153 5.336582124304464E-18
vn 0.087157 0.996195 -6.099935090382987E-17
vn -0.087157 -0.996195 5.0000000000609995E-06
vn -0.087157 -0.996195 3.0000000000609996E-06
vn -0.06061 -0.692734 -0.718642
vn -0.060609 -0.692734 -0.718642
vn -0.060607 -0.692734 -0.718642
vn -0.060609 -0.692734 -0.718642
vn -0.087157 -0.996195 3.0000000000609996E-06
vn -0.087156 -0.996195 6.099935090382987E-17
vn 0.996195 -0.087153 5.336582124304464E-18
vn 0.087157 0.996195 -6.099935090382987E-17
vn 0.996197 -0.087132 -0.00011899999999999467
vn -0.884625 -0.466302 -2.9999999999714474E-06
vn 0.996197 -0.087127 5.334990083465572E-18
vn 0 6.123233995736766E-17 1
vn 0 6.123233995736766E-17 1
vn 0 6.123233995736766E-17 1
vn 0 6.123233995736766E-17 1
vn 0.119246 -0.990723 -0.06518299999999995
vn 0.147919 -0.988461 -0.032621999999999936
vn 0.147919 -0.988461 -0.032621999999999936
vn 0.176313 -0.984334 6.027307411959554E-17
vn -0.066798 -0.34009100000000003 -0.938017
vn -0.023486 -0.12015400000000005 -0.992477
vn -0.066575 -0.34000800000000003 -0.938063
vn 0.023403 0.11936299999999994 -0.992575
vn 0.863755 -0.015204999999999969 0.503682
vn 0.863754 -0.01520599999999997 0.503685
vn -0.863758 0.015204000000000032 0.503677
vn 0.863756 -0.01520399999999997 0.50368
vn 0.863755 -0.015204999999999969 0.503682
vn -0.863757 0.015205000000000031 0.503679
vn 0.91112 -0.40813 0.057357000000000026
vn 0.91112 -0.40813 0.057357000000000026
vn 0.91112 -0.40813 0.057357000000000026
vn 0.91112 -0.40813 0.057357000000000026
vn -0.826144 -0.557099 -0.08441299999999997
vn -0.826145 -0.557099 -0.08441299999999997
vn 0.851198 0.25072300000000003 0.461087
vn 0.851198 0.25072300000000003 0.461087
vn 0.851198 0.25072300000000003 0.461087
vn 0.851198 0.25072300000000003 0.461086
vn -0.875288 0.21621300000000002 0.432576
vn -0.875288 0.21621400000000002 0.432577
vn -0.034383 -0.002764999999999939 0.999405
vn -0.034383 -0.0027659999999999386 0.999405
vn -0.034383 -0.002764999999999939 0.999405
vn -0.034384 -0.002764999999999939 0.999405
vn 0.996197 -0.081867 -0.029809999999999996
vn 0.996197 -0.081868 -0.029817999999999997
vn -0.083543 -0.996499 0.003091000000000061
vn 0.083543 0.996499 -0.003088000000000061
vn -0.009737 -0.00013099999999993878 0.999953
vn -0.009737 -0.00013099999999993878 0.999953
vn -0.009737 -0.00013099999999993878 0.999953
vn -0.009738 -0.00013099999999993878 0.999953
vn 0.997656 -0.064631 -0.022466999999999997
vn 0.997656 -0.064632 -0.022470999999999998
vn -0.128817 -0.99166 0.00413400000000006
vn 0.128816 0.99166 -0.004131000000000061
vn -0.600106 0.056440000000000046 0.797927
vn -0.535824 0.04922200000000005 0.842894
vn -0.995762 0.091911 0.0033199999999999944
vn -0.995768 0.09166 0.006638999999999995
vn -0.995762 0.091911 0.0033199999999999944
vn -0.995744 0.092161 9.999999999943568E-07
vn 0.184749 -0.888141 0.42080100000000004
vn -0.996141 0.087755 0.0011899999999999947
vn 0.996154 -0.087608 -0.0011879999999999946
vn -0.828502 0.55651 0.06230099999999997
vn -0.854941 0.09451800000000003 0.510041
vn -0.547934 0.678343 0.48950799999999994
vn -0.80656 0.057839000000000036 0.588316
vn -0.80656 0.057839000000000036 0.588316
vn -0.80656 0.057839000000000036 0.588316
vn 0.996154 -0.087608 -0.0011899999999999947
vn -0.996141 0.087755 0.0011909999999999946
vn 0.004143 0.0005610000000000612 0.999991
vn 0.002143 0.0009080000000000612 0.999997
vn 0.000143 0.001254000000000061 0.999999
vn 0.002143 0.0009080000000000612 0.999997
vn 0.133931 -0.742398 0.656436
vn 0.074886 -0.966402 0.24588300000000005
vn -0.891269 0.357278 0.279271
vn -0.483682 -0.694169 0.533086
vn -0.46192 0.789013 0.40507699999999996
vn 0.232768 -0.836108 0.49673100000000003
vn 0.156112 -0.814089 0.559364
vn -0.815904 -0.0033859999999999646 0.578178
vn 0.199184 -0.819404 0.537497
vn -0.512865 -0.648498 0.562513
vn 0.104695 -0.85288 0.511503
vn -0.835754 0.543371 0.07914299999999998
vn -0.845655 0.522585 0.10849899999999997
vn 0.040544 -0.46305599999999997 0.885401
vn 0.149546 -0.889032 0.43273400000000006
vn 0.329963 -0.829416 0.45077000000000006
vn 0.241786 -0.822783 0.514361
vn -0.619278 0.549511 0.560833
vn 0.138026 -0.876985 0.46026800000000007
vn 0.058753 -0.808644 0.585357
vn -0.090474 -0.906016 0.41346000000000005
vn -0.090446 -0.906108 0.41326500000000005
vn -0.090474 -0.906016 0.41346000000000005
vn -0.090502 -0.905924 0.41365500000000005
vn 0.090085 0.906319 0.41288099999999994
vn 0.090229 0.905848 0.41388299999999995
vn 0.082409 -0.947989 0.30744900000000003
vn 0.082469 -0.947945 0.30756900000000004
vn 0.858503 -0.39236 0.33019
vn 0.858503 -0.39236 0.33019
vn 0.858503 -0.39236 0.33019
vn -0.746157 0.06799199999999996 -0.66229
vn -0.620823 0.05048799999999995 -0.782324
vn -0.737378 0.04037399999999996 -0.674273
vn -0.611835 0.031994999999999954 -0.790338
vn 0.066361 0.33921299999999993 -0.938366
vn -0.030783 -0.002031999999999939 0.999524
vn -0.727874 0.012716999999999958 -0.685593
vn -0.737378 0.04037399999999996 -0.674273
vn -0.611835 0.031994999999999954 -0.790338
vn -0.602549 0.013486999999999952 -0.797968
vn 0.499761 -0.866163 5.3037187274493444E-17
vn 0.499761 -0.866163 5.3037187274493444E-17
vn 0.997261 -0.073873 -0.003689999999999996
vn 0.997211 -0.074641 4.57044308675788E-18
vn 0.684157 -0.05995199999999996 0.726866
vn 0.997297 -0.073103 -0.007379999999999996
vn 0.997261 -0.073873 -0.003689999999999996
vn -0.087156 0.996194 0.0012109999999999391
vn -0.087156 0.996194 0.0012109999999999391
vn -0.087156 0.996194 0.0012109999999999391
vn -0.087156 0.996194 0.0012109999999999391
vn -0.087156 0.996195 2.2999999999939E-05
vn 0.000112 -0.0012789999999999388 0.999999
vn 0.996195 0.087156 -5.336765821324336E-18
vn 0.996195 0.087156 -5.336765821324336E-18
vn 0.996195 0.087156 -5.336765821324336E-18
vn 0.996195 0.087155 -5.336704588984378E-18
vn -0.045685 -0.003787999999999939 0.998949
vn -0.045685 -0.0037889999999999387 0.998949
vn -0.045685 -0.003787999999999939 0.998949
vn -0.045685 -0.003787999999999939 0.998949
vn 0.996514 -0.080363 -0.022416999999999996
vn 0.996514 -0.080363 -0.022416999999999996
vn -0.079405 -0.996834 0.004084000000000061
vn 0.079402 0.996834 -0.00407500000000006
vn 0.001465 -0.02745899999999994 0.999622
vn 0.001465 -0.027457999999999937 0.999622
vn 0.001465 -0.02745899999999994 0.999622
vn 0.001464 -0.02745899999999994 0.999622
vn 0.101072 0.994187 -0.03711300000000006
vn 0.101072 0.994187 -0.03711300000000006
vn 0.998012 -0.062896 0.004073000000000004
vn -0.998012 0.062888 -0.004055000000000003
vn 0.034258 0.001447000000000061 0.999412
vn 0.034259 0.001447000000000061 0.999412
vn 0.034258 0.001447000000000061 0.999412
vn 0.034258 0.001447000000000061 0.999412
vn -0.996335 0.080178 -0.029803000000000003
vn -0.996335 0.080179 -0.029809000000000002
vn 0.079357 0.996838 0.0041119999999999395
vn -0.079358 -0.996838 -0.004104999999999939
vn 0.03426 0.001447000000000061 0.999412
vn 0.03426 0.001447000000000061 0.999412
vn 0.03426 0.001447000000000061 0.999412
vn 0.03426 0.001447000000000061 0.999412
vn -0.996335 0.080178 -0.029803000000000003
vn -0.996335 0.080179 -0.029809000000000002
vn 0.079357 0.996838 0.0041119999999999395
vn -0.079358 -0.996838 -0.004104999999999939
vn 0.996452 -0.084162 1.0000000000051533E-06
vn 0.084165 0.996452 -1.0000000000610151E-06
vn -0.084165 -0.996452 6.101508761519892E-17
vn -0.084165 -0.996452 3.0000000000610152E-06
vn 0.996452 -0.084165 -1.999999999994846E-06
vn 0.084165 0.996452 2.999999999938985E-06
vn -0.084164 -0.996452 6.101508761519892E-17
vn -0.084164 -0.996452 6.101508761519892E-17
vn 0.996452 -0.084164 5.1535586601718916E-18
vn 0.084165 0.996452 1.9999999999389847E-06
vn -0.084165 -0.996452 6.101508761519892E-17
vn -0.084165 -0.996452 6.101508761519892E-17
vn 0.996208 -0.084139 -0.022142999999999996
vn 0.084164 0.996444 -0.003905000000000061
vn -0.084164 -0.996444 0.003907000000000061
vn -0.084164 -0.996444 0.003903000000000061
vn 0.996452 -0.084165 5.1536198925118495E-18
vn 0.084166 0.996452 -3.0000000000610152E-06
vn -0.084166 -0.996452 5.000000000061016E-06
vn -0.084166 -0.996452 3.0000000000610152E-06
vn -0.084165 -0.996452 3.0000000000610152E-06
vn -0.084165 -0.996452 6.000000000061015E-06
vn 0.996452 -0.084162 1.0000000000051533E-06
vn 0.084165 0.996452 2.999999999938985E-06
vn -0.084164 -0.996452 6.101508761519892E-17
vn -0.084164 -0.996452 6.101508761519892E-17
vn 0.996452 -0.084165 -3.9999999999948465E-06
vn 0.084165 0.996452 -6.101508761519892E-17
vn -0.084165 -0.996452 6.101508761519892E-17
vn -0.084165 -0.996452 6.101508761519892E-17
vn 0.996452 -0.084164 5.1535586601718916E-18
vn 0.084165 0.996452 2.999999999938985E-06
vn -0.084164 -0.996444 0.003903000000000061
vn -0.084163 -0.996444 0.0038990000000000613
vn 0.996208 -0.084139 -0.022141999999999995
vn 0.084165 0.996444 -0.0039020000000000612
vn -0.084166 -0.996452 3.0000000000610152E-06
vn -0.084166 -0.996452 6.101508761519892E-17
vn 0.996452 -0.084165 5.1536198925118495E-18
vn 0.084166 0.996452 -5.000000000061016E-06
vn -0.087241 -0.805731 0.585822
vn 0.069252 0.819894 0.568311
vn 0.069252 0.819894 0.568311
vn -0.087753 -0.906284 0.41346000000000005
vn -0.087725 -0.906375 0.4132660000000001
vn -0.087753 -0.906284 0.41346000000000005
vn -0.087781 -0.906192 0.4136540000000001
vn 0.087363 0.906586 0.41287899999999994
vn 0.087509 0.906115 0.41388099999999994
vn -0.087753 -0.906283 0.4134610000000001
vn -0.087725 -0.906375 0.4132660000000001
vn -0.087753 -0.906283 0.4134610000000001
vn -0.087782 -0.906192 0.4136560000000001
vn 0.087364 0.906585 0.41288199999999997
vn 0.087509 0.906114 0.41388299999999995
vn -0.472921 0.859046 0.19592299999999996
vn 0.018686 0.016860000000000062 0.999683
vn -0.473292 0.858104 0.19913099999999995
vn 0.022618 0.0053450000000000615 0.99973
vn -0.481571 0.876407 0.0007719999999999463
vn -0.481571 0.876407 0.0007719999999999463
vn -0.481571 0.876407 0.0007719999999999463
vn -0.481571 0.876407 0.0007729999999999464
vn -0.472545 0.859979 0.19271299999999994
vn -0.481556 0.876415 -5.2000000000053665E-05
vn 0.022618 0.0053450000000000615 0.99973
vn 0.026547 -0.006170999999999939 0.999629
vn -0.481571 0.876407 1.4999999999946336E-05
vn -0.472921 0.859046 0.19592299999999996
vn 0.066171 0.33914199999999994 -0.938405
vn -0 6.123233995736766E-17 1
vn 0 6.123233995736766E-17 1
vn -0 6.123233995736766E-17 1
vn -0 6.123233995736766E-17 1
vn -0.996452 0.084165 -5.1536198925118495E-18
vn -0.996452 0.084165 -5.1536198925118495E-18
vn -0.100235 -0.994964 6.092397389334235E-17
vn 0 6.123233995736766E-17 1
vn 0 6.123233995736766E-17 1
vn -0.996452 0.084164 -5.1535586601718916E-18
vn 0.068073 0.99768 -6.109028092866657E-17
vn 0.583274 -0.046010999999999955 0.810971
vn 0.043644 0.49337000000000003 0.868724
vn 0.797068 0.603889 -3.69775365445148E-17
vn 0.627337 -0.05298799999999995 0.776943
vn 0.088153 0.98485 0.14933299999999994
vn 0.087203 0.975828 0.20038799999999996
vn 0.997392 -0.072179 4.41968906578284E-18
vn 0.997392 -0.072179 4.41968906578284E-18
vn 0.986723 0.162412 -9.944866797155996E-18
vn 0.915923 0.401355 -2.45759058035893E-17
vn -0.058528 -0.692913 -0.718642
vn -0.058527 -0.692913 -0.718642
vn -0.058527 -0.692913 -0.718642
vn -0.058527 -0.692913 -0.718642
vn -0.768922 -0.557829 0.3123870000000001
vn 0.082503 0.864309 0.49614899999999995
vn 0.083047 -0.920261 0.38239100000000004
vn -0.039087 0.4639710000000001 0.884987
vn -0.738214 -0.668274 0.09192400000000005
vn -0.007534 0.913609 0.40652399999999994
vn -0.716966 -0.694348 0.06197400000000004
vn -0.08403 0.923936 0.37320499999999995
vn -0.095907 0.965173 0.24339899999999995
vn -0.854551 -0.51658 -0.05374099999999996
vn -0.046063 0.858526 0.510696
vn 0.004933 0.752918 0.658096
vn -0.947479 -0.08579500000000001 -0.308094
vn -0.390855 -0.035377999999999944 0.919772
vn 0.178787 0.87474 0.4504059999999999
vn -0.084343 0.920579 0.38133999999999996
vn -0.082945 0.809414 0.581351
vn -0.018831 0.887657 0.46011899999999994
vn -0.947644 -0.08584500000000002 -0.307572
vn -0.179604 -0.886602 0.42623900000000003
vn -0.690876 -0.545937 0.47396600000000005
vn -0.84019 -0.0006449999999999668 0.542291
vn -0.34418 -0.885111 0.31323800000000007
vn -0.73837 -0.511241 0.4398210000000001
vn -0.868989 0.08909600000000002 0.486744
vn -0.837967 -0.19905399999999998 0.508122
vn -0.838793 -0.20531599999999997 0.504254
vn 0.625562 -0.526524 0.575712
vn 0.227202 -0.843074 0.48744800000000005
vn -0.837967 -0.19905399999999998 0.508122
vn -0.00787 -0.852755 0.522252
vn -0.640186 -0.578107 0.505919
vn 0.138629 -0.835173 0.532229
vn 0.07191 -0.780839 0.62058
vn -0.747206 -0.489688 0.4493210000000001
vn 0.184144 -0.722666 0.666217
vn -0.659402 -0.538581 0.524518
vn -0.483417 -0.649482 0.586926
vn 0.542935 -0.537821 0.644958
vn -0.449254 -0.706844 0.54639
vn 0.072246 -0.771345 0.632303
vn -0.659402 -0.538581 0.524518
vn -0.483417 -0.649482 0.586926
vn 0.547933 -0.678345 0.4895070000000001
vn 0.46192 -0.789013 0.40507800000000005
vn 0.619276 -0.549514 0.560831
vn 0.483683 0.694168 0.533087
vn 0.512866 0.648495 0.562515
vn 0.797508 0.0044910000000000375 0.603292
vn 0.759523 -0.08864299999999996 0.644412
vn 0.640185 0.578107 0.505919
vn 0.690876 0.545936 0.47396599999999994
vn 0.738371 0.51124 0.43981999999999993
vn -0.227205 0.843074 0.48744699999999996
vn -0.138636 0.835174 0.532226
vn 0.041429 0.862041 0.505142
vn 0.289084 0.889624 0.3535519999999999
vn -0.69519 0.47941500000000004 0.535604
vn 0.840189 0.0006470000000000332 0.542293
vn 0.868989 -0.08909499999999997 0.486745
vn -0.034213 -0.0007179999999999388 0.999414
vn -0.030783 -0.002031999999999939 0.999524
vn -0.027353 -0.003345999999999939 0.99962
vn 0.996197 -0.081867 -0.029806999999999997
vn 0.996197 -0.081868 -0.029811999999999998
vn -0.084632 -0.995729 0.03688200000000006
vn 0.083541 0.9965 -0.003088000000000061
vn -0.045685 -0.003787999999999939 0.998949
vn -0.045685 -0.0037889999999999387 0.998949
vn -0.045685 -0.003787999999999939 0.998949
vn -0.045685 -0.003787999999999939 0.998949
vn 0.996514 -0.080363 -0.022418999999999998
vn 0.996514 -0.080362 -0.022416999999999996
vn -0.079404 -0.996834 0.004084000000000061
vn 0.079402 0.996834 -0.004077000000000061
vn 0.001465 -0.027457999999999937 0.999622
vn 0.001466 -0.027456999999999936 0.999622
vn 0.001465 -0.027457999999999937 0.999622
vn 0.001465 -0.02745899999999994 0.999622
vn 0.101071 0.994187 -0.03711100000000006
vn 0.101072 0.994187 -0.037114000000000064
vn 0.998012 -0.062893 0.004073000000000004
vn -0.998012 0.062888 -0.004055000000000003
vn 0.001465 -0.02745899999999994 0.999622
vn 0.001465 -0.027459999999999936 0.999622
vn 0.001465 -0.02745899999999994 0.999622
vn 0.001465 -0.02745899999999994 0.999622
vn 0.10107 0.994187 -0.03711000000000006
vn 0.101071 0.994187 -0.03711300000000006
vn 0.998012 -0.062895 0.004070000000000003
vn -0.998012 0.062888 -0.004057000000000003
vn 0.001465 -0.02745899999999994 0.999622
vn 0.001465 -0.027459999999999936 0.999622
vn 0.001465 -0.02745899999999994 0.999622
vn 0.001465 -0.02745899999999994 0.999622
vn 0.10107 0.994187 -0.03711000000000006
vn 0.101071 0.994187 -0.03711300000000006
vn 0.998012 -0.062895 0.004073000000000004
vn -0.998012 0.062888 -0.004055000000000003
vn 0.034258 0.001447000000000061 0.999412
vn 0.034258 0.001447000000000061 0.999412
vn 0.034258 0.001447000000000061 0.999412
vn 0.034258 0.001447000000000061 0.999412
vn -0.996335 0.080179 -0.029803000000000003
vn -0.996335 0.080179 -0.029809000000000002
vn 0.079355 0.996838 0.004113999999999939
vn -0.079358 -0.996838 -0.0041059999999999396
vn 0.03426 0.001447000000000061 0.999412
vn 0.03426 0.001447000000000061 0.999412
vn 0.03426 0.001447000000000061 0.999412
vn 0.03426 0.001447000000000061 0.999412
vn -0.996335 0.080179 -0.029803000000000003
vn -0.996335 0.080179 -0.029809000000000002
vn 0.079355 0.996838 0.004113999999999939
vn -0.079358 -0.996838 -0.0041059999999999396
vn -0.852297 0.14105100000000004 0.503681
vn -0.852297 0.14105100000000004 0.50368
vn -0.852297 0.14105100000000004 0.503681
vn -0.852296 0.14105000000000004 0.503682
vn 0.852298 -0.14105099999999998 0.503679
vn 0.852299 -0.14105099999999998 0.503678
vn -0.0064 -0.026741999999999936 0.999622
vn -0.0064 -0.026741999999999936 0.999622
vn -0.0064 -0.026741999999999936 0.999622
vn -0.0064 -0.026742999999999937 0.999622
vn 0.080154 0.996091 -0.037116000000000066
vn 0.080153 0.996091 -0.037123000000000066
vn -0.992958 0.118394 0.004070999999999993
vn 0.992957 -0.118403 -0.004058999999999993
vn -0.0064 -0.026741999999999936 0.999622
vn -0.006401 -0.026739999999999937 0.999622
vn -0.0064 -0.026741999999999936 0.999622
vn -0.0064 -0.026742999999999937 0.999622
vn 0.080156 0.996091 -0.03710600000000006
vn 0.080156 0.996092 -0.03710300000000006
vn -0.992959 0.118391 0.004065999999999993
vn 0.992957 -0.118402 -0.004049999999999993
vn 0.001668 0.828321 0.560252
vn 0.043796 0.841766 0.538064
vn 0.085817 0.85315 0.514558
vn -0.80366 -0.15172599999999997 0.575422
vn -0.822824 -0.25063299999999994 0.510042
vn -0.751585 0.40462100000000006 0.520963
vn -0.751585 0.40462100000000006 0.520963
vn -0.824725 0.343421 0.449322
vn -0.073392 0.780709 0.62057
vn 0.045075 0.744191 0.666445
vn 0.43182 0.62918 0.646269
vn -0.591984 0.556502 0.582976
vn -0.568889 0.618122 0.542485
vn 0.000112 -0.0012809999999999389 0.999999
vn 0.000112 -0.0012809999999999389 0.999999
vn -0.087156 0.996192 0.002368999999999939
vn -0.087156 0.996192 0.002368999999999939
vn -0.547934 0.678343 0.48950799999999994
vn 0.996195 0.087156 -5.336765821324336E-18
vn -0.087155 0.996192 0.0023679999999999387
vn 0.996195 0.087156 -5.336765821324336E-18
vn -0.087155 0.996192 0.0023679999999999387
vn -0.087156 0.996192 0.002368999999999939
vn -0.591984 0.556502 0.582976
vn 0.000112 -0.0012809999999999389 0.999999
vn 0.907173 -0.07801999999999998 0.41346
vn 0.907265 -0.07799099999999998 0.413265
vn 0.907173 -0.07801999999999998 0.41346
vn 0.907082 -0.07804899999999997 0.413655
vn -0.907471 0.07762700000000003 0.412882
vn -0.907001 0.07777700000000003 0.413883
vn -0.91007 0.06526300000000003 0.409285
vn -0.91007 0.06526300000000003 0.409285
vn -0.91007 0.06526300000000003 0.409285
vn -0.095176 -0.879012 0.46720300000000003
vn 0.119037 0.90477 0.40892699999999993
vn -0.514631 -0.588157 0.623881
vn -0.837096 -0.19278199999999998 0.511962
vn 0.043796 0.841766 0.538064
vn 0.547933 -0.678345 0.4895070000000001
vn -0.561209 -0.57899 0.591452
vn -0.690876 -0.545937 0.47396600000000005
vn -0.611544 0.4915590000000001 0.619986
vn 0.985946 -0.164506 -0.02911099999999999
vn 0.985946 -0.164506 -0.02911099999999999
vn 0.985946 -0.164506 -0.02911099999999999
vn 0.985947 -0.164505 -0.02911099999999999
vn -0.641475 -0.767143 0.001242000000000047
vn -0.641474 -0.767144 0.001242000000000047
vn 0.022835 -0.49124100000000004 -0.870724
vn 0.022835 -0.49124100000000004 -0.870724
vn 0.022835 -0.49124200000000007 -0.870724
vn 0.022835 -0.49124000000000007 -0.870725
vn 0.044556 -0.4994259999999999 0.86521
vn 0.044556 -0.49942699999999995 0.86521
vn 0.911013 -0.411349 -0.029110999999999977
vn 0.911013 -0.411349 -0.029110999999999977
vn 0.911012 -0.41135 -0.029110999999999977
vn 0.911014 -0.411347 -0.029109999999999976
vn -0.816439 -0.577431 0.0012420000000000354
vn -0.816438 -0.577431 0.0012430000000000353
vn 0.433467 -0.900699 -0.029110999999999946
vn 0.433467 -0.900699 -0.029110999999999946
vn 0.433464 -0.900701 -0.029110999999999946
vn 0.433469 -0.900698 -0.029109999999999945
vn -0.996594 0.082458 0.001241999999999995
vn -0.996594 0.082457 0.001242999999999995
vn 0.982198 0.185578 -0.029111000000000012
vn 0.982198 0.185578 -0.029111000000000012
vn 0.982198 0.185577 -0.029111000000000012
vn 0.982198 0.18558 -0.029111000000000012
vn -0.337586 -0.941294 0.0012420000000000577
vn -0.337585 -0.941294 0.0012430000000000576
vn 0.411348 0.911013 -0.029111000000000057
vn 0.411348 0.911013 -0.029111000000000057
vn 0.41135 0.911013 -0.029111000000000057
vn 0.411346 0.911014 -0.029110000000000056
vn 0.57743 -0.816439 0.0012420000000000501
vn 0.577431 -0.816438 0.0012420000000000501
vn 0.069719 -0.992847 -0.09692299999999994
vn 0.069719 -0.992847 -0.09692299999999994
vn 0.069719 -0.992847 -0.09692199999999994
vn 0.069719 -0.992847 -0.09692499999999994
vn -0.03711 0.4195070000000001 0.906993
vn -0.037109 0.4195050000000001 0.906994
vn 0.996195 -0.087153 5.336582124304464E-18
vn 0.996195 -0.087153 5.336582124304464E-18
vn 0.087157 0.996195 -6.099935090382987E-17
vn 0.087157 0.996195 -6.099935090382987E-17
vn -0.996195 0.087149 -1.0000000000053363E-06
vn -0.996195 0.087148 -2.0000000000053362E-06
vn -0.996195 0.087148 -2.0000000000053362E-06
vn -0.996195 0.087148 -2.0000000000053362E-06
vn 0.996197 -0.087132 -0.00011899999999999467
vn 0.996196 -0.087137 -0.00023799999999999467
vn -0.884625 -0.466303 -1.9999999999714473E-06
vn -0.884625 -0.466303 -1.9999999999714473E-06
vn -0.884625 -0.466304 2.855288505148037E-17
vn -0.863756 0.015206000000000032 0.503681
vn -0.863757 0.015205000000000031 0.503679
vn 0.198628 0.980075 -6.0000000000600124E-06
vn 0.198628 0.980075 -6.0000000000600124E-06
vn 0.198628 0.980075 -6.0000000000600124E-06
vn -0.826144 -0.5571 -0.08441299999999997
vn -0.826144 -0.557099 -0.08441299999999997
vn 0.289498 -0.058573999999999946 0.955385
vn 0.289498 -0.058573999999999946 0.955385
vn 0.289498 -0.058573999999999946 0.955385
vn -0.104981 0.994121 0.026493999999999938
vn -0.104982 0.994121 0.026493999999999938
vn -0.104981 0.994121 0.026493999999999938
vn -0.104979 0.994121 0.026493999999999938
vn -0.875288 0.21621300000000002 0.432576
vn -0.875288 0.21621300000000002 0.432576
vn 0.203672 0.922457 -0.32801100000000005
vn 0.203672 0.922457 -0.32801100000000005
vn 0.203672 0.922457 -0.32801100000000005
vn 0.001764 -0.46329000000000004 -0.886205
vn 0.001761 -0.46329100000000006 -0.886205
vn 0.001764 -0.46329000000000004 -0.886205
vn 0.001766 -0.46329000000000004 -0.886205
vn 0.996197 -0.081867 -0.029809999999999996
vn 0.996198 -0.081865 -0.029800999999999998
vn -0.083544 -0.996499 0.003090000000000061
vn -0.083545 -0.996499 0.0030890000000000613
vn -0.083544 -0.996499 0.003090000000000061
vn 0.083543 0.996499 -0.003088000000000061
vn 0.083542 0.996499 -0.0030860000000000614
vn 0.083544 0.996499 -0.0030890000000000613
vn 0.997656 -0.064631 -0.022466999999999997
vn 0.997656 -0.064631 -0.022462999999999997
vn -0.128817 -0.99166 0.00413400000000006
vn -0.128817 -0.99166 0.00413400000000006
vn -0.128817 -0.99166 0.00413400000000006
vn 0.128816 0.99166 -0.004131000000000061
vn 0.128815 0.99166 -0.004130000000000061
vn 0.128816 0.99166 -0.004131000000000061
vn -0.600106 0.056440000000000046 0.797927
vn -0.660663 0.06330700000000004 0.748008
vn 0.996154 -0.087608 -0.0011919999999999945
vn 0.996154 -0.087608 -0.0011899999999999947
vn -0.996141 0.087755 0.0011909999999999946
vn -0.996141 0.087755 0.0011919999999999945
vn 0.138026 -0.876985 0.46026800000000007
vn 0.104695 -0.85288 0.511503
vn 0.138026 -0.876985 0.46026800000000007
vn -0.842581 0.529955 0.09594499999999997
vn -0.835754 0.543371 0.07914299999999998
vn -0.764014 -0.10123799999999995 0.637207
vn -0.815904 -0.0033859999999999646 0.578178
vn -0.483682 -0.694169 0.533086
vn -0.45266 -0.7372 0.501632
vn -0.884681 0.17104600000000003 0.433686
vn -0.891269 0.357278 0.279271
vn 0.133931 -0.742398 0.656436
vn 0.090373 0.905375 0.4148839999999999
vn 0.090229 0.905848 0.41388299999999995
vn 0.499761 -0.866163 5.3037187274493444E-17
vn 0.499761 -0.866163 5.3037187274493444E-17
vn 0.62518 -0.05117599999999995 0.778801
vn 0.62518 -0.05117599999999995 0.778801
vn 0.562294 -0.04208099999999995 0.825866
vn 0.996195 0.087156 -5.336765821324336E-18
vn 0.996195 0.087156 -5.336765821324336E-18
vn 0.000112 -0.0012789999999999388 0.999999
vn 0.000112 -0.0012789999999999388 0.999999
vn -0.087156 0.996195 2.2999999999939E-05
vn -0.087156 0.996195 2.2999999999939E-05
vn -0.087156 0.996195 2.2999999999939E-05
vn -0.000538 0.006145000000000062 0.999981
vn -0.000538 0.006145000000000062 0.999981
vn -0.000538 0.006145000000000062 0.999981
vn -0.000538 0.006145000000000062 0.999981
vn -0.087155 0.996192 0.0023679999999999387
vn 0.000303 -0.0034619999999999387 0.999994
vn 0.000303 -0.0034619999999999387 0.999994
vn 0.000303 -0.0034619999999999387 0.999994
vn 0.000303 -0.0034619999999999387 0.999994
vn 0.996514 -0.080363 -0.022416999999999996
vn 0.996514 -0.080363 -0.022416999999999996
vn -0.079406 -0.996834 0.00408200000000006
vn -0.079407 -0.996834 0.004080000000000061
vn -0.079406 -0.996834 0.00408200000000006
vn 0.079402 0.996834 -0.00407500000000006
vn 0.0794 0.996835 -0.004072000000000061
vn 0.079403 0.996834 -0.004077000000000061
vn 0.101072 0.994187 -0.03711300000000006
vn 0.101072 0.994187 -0.03711300000000006
vn 0.998012 -0.062896 0.004073000000000004
vn 0.998012 -0.062896 0.004073000000000004
vn 0.998012 -0.062896 0.004073000000000004
vn -0.998012 0.062888 -0.004055000000000003
vn -0.998013 0.06288 -0.004038000000000003
vn -0.998012 0.062895 -0.004073000000000004
vn -0.996335 0.080178 -0.029803000000000003
vn -0.996335 0.080178 -0.029798000000000005
vn 0.079357 0.996838 0.0041119999999999395
vn 0.079357 0.996838 0.0041119999999999395
vn 0.079357 0.996838 0.0041119999999999395
vn -0.079358 -0.996838 -0.004104999999999939
vn -0.079359 -0.996838 -0.00410699999999994
vn -0.079357 -0.996838 -0.004102999999999939
vn -0.996335 0.080178 -0.029803000000000003
vn -0.996335 0.080178 -0.029797000000000004
vn 0.079357 0.996838 0.0041119999999999395
vn 0.079357 0.996838 0.0041119999999999395
vn 0.079357 0.996838 0.0041119999999999395
vn -0.079358 -0.996838 -0.004104999999999939
vn -0.079359 -0.996838 -0.00410699999999994
vn -0.079357 -0.996838 -0.004102999999999939
vn 0.996452 -0.084162 1.0000000000051533E-06
vn 0.996452 -0.084162 5.153436195491977E-18
vn 0.084165 0.996452 -1.0000000000610151E-06
vn 0.084164 0.996452 -6.000000000061015E-06
vn 0.996452 -0.084165 -1.999999999994846E-06
vn 0.996452 -0.084166 5.1536811248518066E-18
vn 0.084165 0.996452 2.999999999938985E-06
vn 0.084165 0.996452 5.999999999938985E-06
vn 0.996452 -0.084164 5.1535586601718916E-18
vn 0.996452 -0.084164 5.1535586601718916E-18
vn 0.084165 0.996452 1.9999999999389847E-06
vn 0.084165 0.996452 -6.101508761519892E-17
vn 0.996208 -0.084139 -0.022142999999999996
vn 0.996208 -0.084139 -0.022143999999999997
vn 0.084164 0.996444 -0.003905000000000061
vn 0.084164 0.996444 -0.003908000000000061
vn 0.996452 -0.084165 5.1536198925118495E-18
vn 0.996452 -0.084165 5.1536198925118495E-18
vn 0.084166 0.996452 -3.0000000000610152E-06
vn 0.084166 0.996452 -6.101508761519892E-17
vn -0.996452 0.084164 -3.0000000000051534E-06
vn -0.996452 0.084164 -3.0000000000051534E-06
vn -0.996452 0.084164 -3.0000000000051534E-06
vn -0.996452 0.084163 -6.0000000000051535E-06
vn -0.996452 0.084164 -4.000000000005153E-06
vn -0.996452 0.084164 -4.000000000005153E-06
vn -0.996452 0.084164 -3.0000000000051534E-06
vn -0.996452 0.084164 -3.0000000000051534E-06
vn -0.996452 0.084164 -3.0000000000051534E-06
vn -0.996208 0.084143 0.022141999999999995
vn -0.996208 0.084143 0.022140999999999997
vn -0.996208 0.084143 0.022140999999999997
vn -0.996452 0.084166 -2.0000000000051537E-06
vn -0.996452 0.084166 -2.0000000000051537E-06
vn -0.996452 0.084166 -2.0000000000051537E-06
vn -0.996452 0.084164 -3.0000000000051534E-06
vn -0.996452 0.084164 -3.0000000000051534E-06
vn -0.996452 0.084164 -3.0000000000051534E-06
vn -0.996208 0.084143 0.022140999999999997
vn -0.996452 0.084166 -2.0000000000051537E-06
vn -0.087241 -0.805731 0.585822
vn -0.087241 -0.805731 0.585822
vn 0.069252 0.819894 0.568311
vn 0.807476 -0.06820299999999996 0.585944
vn 0.807476 -0.06820299999999996 0.585944
vn 0.807476 -0.06820299999999996 0.585944
vn 0.087654 0.905643 0.41488299999999995
vn 0.087509 0.906115 0.41388099999999994
vn 0.087654 0.905643 0.41488299999999995
vn 0.087509 0.906114 0.41388299999999995
vn -0.481556 0.876415 -5.2000000000053665E-05
vn -0.481541 0.876423 -0.00011800000000005366
vn -0.004661 0.00848200000000006 0.999953
vn -0.004661 0.00848200000000006 0.999953
vn -0.004661 0.00848200000000006 0.999953
vn -0.004661 0.00848200000000006 0.999953
vn 0.002628 -0.004781999999999938 0.999985
vn 0.002628 -0.004781999999999938 0.999985
vn 0.002628 -0.004781999999999938 0.999985
vn 0.002628 -0.004781999999999938 0.999985
vn -0.996452 0.084165 -5.1536198925118495E-18
vn -0.996452 0.084165 -5.1536198925118495E-18
vn -0.100235 -0.994964 6.092397389334235E-17
vn -0.100235 -0.994964 6.092397389334235E-17
vn -0.100235 -0.994964 6.092397389334235E-17
vn 0 6.123233995736766E-17 1
vn 0 6.123233995736766E-17 1
vn -0.996452 0.084164 -5.1535586601718916E-18
vn -0.996452 0.084164 -5.1535586601718916E-18
vn -0.996452 0.084164 -5.1535586601718916E-18
vn 0.068073 0.99768 -6.109028092866657E-17
vn 0.068073 0.99768 -6.109028092866657E-17
vn 0.068073 0.99768 -6.109028092866657E-17
vn 0 6.123233995736766E-17 1
vn 0 6.123233995736766E-17 1
vn 0 6.123233995736766E-17 1
vn -0 6.123233995736766E-17 1
vn 0.084192 0.99645 7.699999999993899E-05
vn 0.084188 0.99645 -6.1014965150519E-17
vn 0.084192 0.99645 7.699999999993899E-05
vn 0.084196 0.996449 0.000153999999999939
vn 0.113567 0.988878 0.09603899999999994
vn 0.102657 0.983586 0.14838999999999994
vn 0.041849 0.547258 0.835917
vn 0.048303 0.542498 0.838668
vn 0.050294 0.598068 0.799866
vn 0.583274 -0.046010999999999955 0.810971
vn 0.537375 -0.03888899999999995 0.842446
vn 0.797068 0.60389 -3.697759777685476E-17
vn 0.915923 0.401355 -2.45759058035893E-17
vn 0.986723 0.162412 -9.944866797155996E-18
vn -0.768922 -0.557829 0.3123870000000001
vn -0.768922 -0.557829 0.3123870000000001
vn -0.119829 0.951668 0.2827859999999999
vn -0.119829 0.951668 0.2827859999999999
vn -0.119829 0.951668 0.2827859999999999
vn 0.016573 0.88944 0.45675099999999996
vn 0.016573 0.88944 0.45675099999999996
vn -0.007534 0.913609 0.40652399999999994
vn -0.018831 0.887657 0.46011899999999994
vn -0.018831 0.887657 0.46011899999999994
vn -0.046063 0.858526 0.510696
vn -0.935906 -0.299651 -0.18517499999999998
vn 0.184749 -0.888141 0.42080100000000004
vn 0.149546 -0.889032 0.43273400000000006
vn 0.082761 -0.923791 0.37384700000000004
vn -0.814936 -0.517406 0.2610950000000001
vn -0.814936 -0.517406 0.2610950000000001
vn -0.84499 -0.336907 0.415314
vn -0.854551 -0.51658 -0.05374099999999996
vn -0.726462 -0.682667 0.07886700000000005
vn -0.935906 -0.299651 -0.18517499999999998
vn 0.004933 0.752918 0.658096
vn -0.391167 -0.03537599999999994 0.91964
vn -0.391167 -0.03537599999999994 0.91964
vn -0.391479 -0.035372999999999946 0.919507
vn 0.227202 -0.843074 0.48744800000000005
vn 0.313523 -0.842617 0.43783500000000003
vn -0.179604 -0.886602 0.42623900000000003
vn 0.705123 -0.47623799999999994 0.525356
vn 0.705123 -0.47623799999999994 0.525356
vn 0.776649 -0.42052599999999996 0.469013
vn -0.868989 0.08909600000000002 0.486744
vn -0.887388 0.17777000000000004 0.425371
vn 0.314047 -0.686297 0.656027
vn 0.314047 -0.686297 0.656027
vn 0.184144 -0.722666 0.666217
vn 0.750986 -0.3937669999999999 0.530065
vn 0.483683 0.694168 0.533087
vn 0.45266 0.7372 0.501632
vn 0.797508 0.0044910000000000375 0.603292
vn 0.826076 0.09757300000000002 0.555047
vn 0.690876 0.545936 0.47396599999999994
vn -0.227205 0.843074 0.48744699999999996
vn -0.313521 0.842617 0.43783599999999995
vn 0.041429 0.862041 0.505142
vn -0.20975 0.761121 0.613758
vn -0.768164 0.42390500000000003 0.47982
vn -0.768164 0.42390500000000003 0.47982
vn -0.832291 0.363513 0.41851
vn 0.868989 -0.08909499999999997 0.486745
vn 0.887388 -0.17777099999999998 0.425371
vn 0.996197 -0.081867 -0.029806999999999997
vn 0.996198 -0.081866 -0.029800999999999998
vn -0.093012 -0.995459 0.02025500000000006
vn -0.101359 -0.994843 0.003621000000000061
vn -0.093012 -0.995459 0.02025500000000006
vn 0.083541 0.9965 -0.003088000000000061
vn 0.083541 0.9965 -0.0030860000000000614
vn 0.083542 0.996499 -0.0030890000000000613
vn 0.996514 -0.080363 -0.022418999999999998
vn 0.996513 -0.080363 -0.022421999999999997
vn -0.079405 -0.996834 0.004080000000000061
vn -0.079407 -0.996834 0.004077000000000061
vn -0.079405 -0.996834 0.004080000000000061
vn 0.079402 0.996834 -0.004077000000000061
vn 0.079399 0.996835 -0.004072000000000061
vn 0.079405 0.996834 -0.0040830000000000605
vn 0.101071 0.994187 -0.03711100000000006
vn 0.101071 0.994187 -0.037108000000000065
vn 0.998012 -0.062894 0.004069000000000003
vn 0.998012 -0.062895 0.004066000000000004
vn 0.998012 -0.062894 0.004069000000000003
vn -0.998012 0.062888 -0.004055000000000003
vn -0.998012 0.062888 -0.004055000000000003
vn -0.998012 0.062888 -0.004055000000000003
vn 0.10107 0.994187 -0.03711000000000006
vn 0.10107 0.994187 -0.037107000000000064
vn 0.998012 -0.062895 0.0040710000000000034
vn 0.998012 -0.062894 0.004073000000000004
vn 0.998012 -0.062895 0.0040710000000000034
vn -0.998012 0.062888 -0.004057000000000003
vn -0.998013 0.062885 -0.0040520000000000035
vn -0.998012 0.06289 -0.004062000000000003
vn 0.10107 0.994187 -0.03711000000000006
vn 0.10107 0.994187 -0.037107000000000064
vn 0.998012 -0.062895 0.004075000000000003
vn 0.998012 -0.062894 0.004076000000000003
vn 0.998012 -0.062895 0.004075000000000003
vn -0.998012 0.062888 -0.004055000000000003
vn -0.998013 0.062885 -0.004048000000000004
vn -0.998012 0.062891 -0.004062000000000003
vn -0.996335 0.080179 -0.029803000000000003
vn -0.996335 0.080178 -0.029797000000000004
vn 0.079356 0.996838 0.00411299999999994
vn 0.079356 0.996838 0.0041119999999999395
vn 0.079356 0.996838 0.00411299999999994
vn -0.079358 -0.996838 -0.0041059999999999396
vn -0.079359 -0.996838 -0.00410699999999994
vn -0.079358 -0.996838 -0.004104999999999939
vn -0.996335 0.080179 -0.029803000000000003
vn -0.996335 0.080178 -0.029797000000000004
vn 0.079356 0.996838 0.00411299999999994
vn 0.079356 0.996838 0.0041119999999999395
vn 0.079356 0.996838 0.00411299999999994
vn -0.079358 -0.996838 -0.0041059999999999396
vn -0.079359 -0.996838 -0.00410699999999994
vn -0.079358 -0.996838 -0.004104999999999939
vn 0.852298 -0.14105099999999998 0.503679
vn 0.852298 -0.14105099999999998 0.503679
vn -0.018347 0.999832 -3.000000000061222E-06
vn -0.018347 0.999832 -3.000000000061222E-06
vn -0.018347 0.999832 -3.000000000061222E-06
vn 0.080155 0.996091 -0.037109000000000066
vn 0.080154 0.996091 -0.037116000000000066
vn -0.992958 0.118395 0.004072999999999993
vn -0.992958 0.118395 0.004074999999999993
vn -0.992958 0.118395 0.004072999999999993
vn 0.992957 -0.118406 -0.004050999999999993
vn 0.992957 -0.118403 -0.004058999999999993
vn 0.992958 -0.1184 -0.004065999999999993
vn 0.073632 0.985903 0.15024399999999993
vn 0.064112 0.992958 0.09962099999999995
vn 0.05475 0.537701 0.841356
vn 0.055303 0.581494 0.811669
vn 0.080156 0.996091 -0.037109000000000066
vn 0.080156 0.996091 -0.03710600000000006
vn -0.992958 0.118394 0.004073999999999993
vn -0.992958 0.118397 0.0040809999999999935
vn -0.992958 0.118394 0.004073999999999993
vn 0.992957 -0.118406 -0.004040999999999993
vn 0.992957 -0.118402 -0.004049999999999993
vn 0.992958 -0.118398 -0.004058999999999993
vn -0.80366 -0.15172599999999997 0.575422
vn -0.772903 -0.05062999999999996 0.632501
vn -0.667752 0.46006300000000006 0.585191
vn 0.180577 0.732439 0.656449
vn -0.071309 0.771428 0.632309
vn 0.045075 0.744191 0.666445
vn 0.180577 0.732439 0.656449
vn 0.665032 0.525243 0.530897
vn -0.906531 0.07792800000000003 0.414883
vn -0.907001 0.07777700000000003 0.413883
vn -0.095176 -0.879012 0.46720300000000003
vn -0.095176 -0.879012 0.46720300000000003
vn 0.119037 0.90477 0.40892699999999993
vn 0.119037 0.90477 0.40892699999999993
vn 0.880331 -0.07435699999999998 0.468496
vn 0.880331 -0.07435699999999998 0.468496
vn 0.880331 -0.07435699999999998 0.468496
vn -0.641476 -0.767142 0.001242000000000047
vn -0.641475 -0.767143 0.001242000000000047
vn 0.294794 0.01834900000000006 0.955385
vn 0.294794 0.01834900000000006 0.955385
vn 0.294794 0.01834900000000006 0.955385
vn -0.358197 0.933218 0.028258999999999944
vn -0.358198 0.933218 0.028258999999999944
vn -0.358197 0.933218 0.028258999999999944
vn -0.358196 0.933219 0.028258999999999944
vn 0.044556 -0.49942499999999995 0.86521
vn 0.044556 -0.4994259999999999 0.86521
vn 0.959034 2.9999999999826537E-06 -0.283291
vn 0.959034 2.9999999999826537E-06 -0.283291
vn 0.959034 2.9999999999826537E-06 -0.283291
vn -0.06768 0.997507 0.01999399999999994
vn -0.06768 0.997507 0.019997999999999936
vn -0.06768 0.997507 0.01999399999999994
vn -0.06768 0.997507 0.019990999999999936
vn -0.959033 -3.9999999999826534E-06 0.283293
vn -0.959033 -3.9999999999826534E-06 0.283293
vn -0.959033 -3.9999999999826534E-06 0.283293
vn -0.816439 -0.577431 0.0012420000000000354
vn -0.816439 -0.57743 0.0012420000000000354
vn 0.289672 -0.057704999999999944 0.955385
vn 0.289672 -0.057704999999999944 0.955385
vn 0.289672 -0.057704999999999944 0.955385
vn -0.107441 0.99381 0.028258999999999937
vn -0.107438 0.99381 0.028259999999999938
vn -0.107441 0.99381 0.028258999999999937
vn -0.107445 0.993809 0.028258999999999937
vn -0.996594 0.082458 0.001241999999999995
vn -0.996594 0.08246 0.001241999999999995
vn 0.184809 -0.23040199999999994 0.955385
vn 0.184809 -0.23040199999999994 0.955385
vn 0.184809 -0.23040199999999994 0.955385
vn 0.556506 0.830363 0.028258999999999947
vn 0.556508 0.830361 0.02825999999999995
vn 0.556506 0.830363 0.028258999999999947
vn 0.556503 0.830365 0.028258999999999947
vn -0.337586 -0.941294 0.0012420000000000577
vn -0.337587 -0.941293 0.0012420000000000577
vn 0.270384 0.11888000000000006 0.955385
vn 0.270384 0.11888000000000006 0.955385
vn 0.270384 0.11888000000000006 0.955385
vn -0.658038 0.752454 0.028258999999999954
vn -0.658035 0.752457 0.028259999999999955
vn -0.658038 0.752454 0.028258999999999954
vn -0.65804 0.752452 0.028258999999999954
vn 0.57743 -0.816439 0.0012420000000000501
vn 0.577428 -0.816441 0.0012420000000000501
vn 0.057705 0.28967200000000004 0.955385
vn 0.057705 0.28967200000000004 0.955385
vn 0.057705 0.28967200000000004 0.955385
vn -0.99381 -0.107441 0.028259000000000006
vn -0.99381 -0.107438 0.028259000000000006
vn -0.99381 -0.107441 0.028259000000000006
vn -0.993809 -0.107444 0.028258000000000005
vn -0.03711 0.4195070000000001 0.906993
vn -0.03711 0.41951000000000005 0.906992
vn 0.976736 -0.192736 -0.09402099999999998
vn 0.976736 -0.192736 -0.09402099999999998
vn 0.976736 -0.192736 -0.09402099999999998
vn -0.033725 0.589087 -0.807365
vn -0.033725 0.589086 -0.807366
vn -0.033725 0.589087 -0.807365
vn -0.033726 0.589088 -0.807364
vn -0.976736 0.192733 0.09402399999999998
vn -0.976736 0.192733 0.09402399999999998
vn -0.976736 0.192733 0.09402399999999998
vn 0.023403 0.11936299999999994 -0.992575
vn -0.023486 -0.12015400000000005 -0.992477
vn 0.088153 0.98485 0.14933299999999994
vn 0.087203 0.975828 0.20038799999999996
vn 0.048303 0.542498 0.838668
vn 0.043644 0.49337000000000003 0.868724
g 01
f 926/926/926 925/925/925 924/924/924
f 920/920/920 923/923/923 922/922/922
f 922/922/922 921/921/921 920/920/920
f 919/919/919 918/918/918 917/917/917
f 915/915/915 916/916/916 491/491/491
f 491/491/491 492/492/492 915/915/915
f 487/487/487 489/489/489 488/488/488
f 488/488/488 490/490/490 487/487/487
f 911/911/911 914/914/914 913/913/913
f 913/913/913 912/912/912 911/911/911
f 910/910/910 909/909/909 908/908/908
f 906/906/906 907/907/907 485/485/485
f 485/485/485 486/486/486 906/906/906
f 481/481/481 483/483/483 482/482/482
f 482/482/482 484/484/484 481/481/481
f 902/902/902 905/905/905 904/904/904
f 904/904/904 903/903/903 902/902/902
f 901/901/901 900/900/900 899/899/899
f 897/897/897 898/898/898 479/479/479
f 479/479/479 480/480/480 897/897/897
f 475/475/475 477/477/477 476/476/476
f 476/476/476 478/478/478 475/475/475
f 893/893/893 896/896/896 895/895/895
f 895/895/895 894/894/894 893/893/893
f 892/892/892 891/891/891 890/890/890
f 888/888/888 889/889/889 473/473/473
f 473/473/473 474/474/474 888/888/888
f 469/469/469 471/471/471 470/470/470
f 470/470/470 472/472/472 469/469/469
f 884/884/884 887/887/887 886/886/886
f 886/886/886 885/885/885 884/884/884
f 883/883/883 882/882/882 881/881/881
f 879/879/879 880/880/880 467/467/467
f 467/467/467 468/468/468 879/879/879
f 463/463/463 465/465/465 464/464/464
f 464/464/464 466/466/466 463/463/463
f 878/878/878 877/877/877 876/876/876
f 872/872/872 875/875/875 874/874/874
f 874/874/874 873/873/873 872/872/872
f 871/871/871 870/870/870 869/869/869
f 461/461/461 462/462/462 868/868/868
f 868/868/868 867/867/867 461/461/461
f 458/458/458 460/460/460 457/457/457
f 457/457/457 459/459/459 458/458/458
f 863/863/863 866/866/866 865/865/865
f 865/865/865 864/864/864 863/863/863
f 862/862/862 861/861/861 860/860/860
f 455/455/455 456/456/456 859/859/859
f 859/859/859 858/858/858 455/455/455
f 452/452/452 454/454/454 451/451/451
f 451/451/451 453/453/453 452/452/452
f 857/857/857 856/856/856 855/855/855
f 854/854/854 443/443/443 853/853/853
f 442/442/442 852/852/852 851/851/851
f 441/441/441 440/440/440 439/439/439
f 438/438/438 437/437/437 850/850/850
f 850/850/850 849/849/849 438/438/438
f 435/435/435 434/434/434 433/433/433
f 433/433/433 436/436/436 435/435/435
f 431/431/431 450/450/450 419/419/419
f 419/419/419 420/420/420 431/431/431
f 418/418/418 848/848/848 847/847/847
f 847/847/847 846/846/846 418/418/418
f 844/844/844 845/845/845 416/416/416
f 416/416/416 417/417/417 844/844/844
f 414/414/414 415/415/415 413/413/413
f 413/413/413 843/843/843 414/414/414
f 841/841/841 412/412/412 411/411/411
f 411/411/411 842/842/842 841/841/841
f 409/409/409 410/410/410 446/446/446
f 446/446/446 408/408/408 409/409/409
f 407/407/407 840/840/840 839/839/839
f 839/839/839 838/838/838 407/407/407
f 835/835/835 406/406/406 837/837/837
f 837/837/837 836/836/836 835/835/835
f 404/404/404 405/405/405 834/834/834
f 834/834/834 833/833/833 404/404/404
f 402/402/402 403/403/403 400/400/400
f 400/400/400 401/401/401 402/402/402
f 931/931/931 832/832/832 831/831/831
f 831/831/831 932/932/932 931/931/931
f 829/829/829 930/930/930 929/929/929
f 929/929/929 830/830/830 829/829/829
f 399/399/399 828/828/828 827/827/827
f 827/827/827 826/826/826 399/399/399
f 823/823/823 398/398/398 825/825/825
f 825/825/825 824/824/824 823/823/823
f 396/396/396 397/397/397 822/822/822
f 822/822/822 821/821/821 396/396/396
f 394/394/394 395/395/395 392/392/392
f 392/392/392 393/393/393 394/394/394
f 820/820/820 819/819/819 818/818/818
f 816/816/816 391/391/391 390/390/390
f 390/390/390 817/817/817 816/816/816
f 388/388/388 389/389/389 386/386/386
f 386/386/386 387/387/387 388/388/388
f 813/813/813 815/815/815 385/385/385
f 385/385/385 814/814/814 813/813/813
f 810/810/810 384/384/384 812/812/812
f 812/812/812 811/811/811 810/810/810
f 808/808/808 383/383/383 382/382/382
f 382/382/382 809/809/809 808/808/808
f 378/378/378 381/381/381 380/380/380
f 380/380/380 379/379/379 378/378/378
f 805/805/805 807/807/807 377/377/377
f 377/377/377 806/806/806 805/805/805
f 802/802/802 376/376/376 804/804/804
f 804/804/804 803/803/803 802/802/802
f 800/800/800 375/375/375 374/374/374
f 374/374/374 801/801/801 800/800/800
f 370/370/370 373/373/373 372/372/372
f 372/372/372 371/371/371 370/370/370
f 797/797/797 799/799/799 369/369/369
f 369/369/369 798/798/798 797/797/797
f 794/794/794 368/368/368 796/796/796
f 796/796/796 795/795/795 794/794/794
f 792/792/792 367/367/367 366/366/366
f 366/366/366 793/793/793 792/792/792
f 362/362/362 365/365/365 364/364/364
f 364/364/364 363/363/363 362/362/362
f 789/789/789 791/791/791 361/361/361
f 361/361/361 790/790/790 789/789/789
f 786/786/786 360/360/360 788/788/788
f 788/788/788 787/787/787 786/786/786
f 784/784/784 359/359/359 358/358/358
f 358/358/358 785/785/785 784/784/784
f 354/354/354 357/357/357 356/356/356
f 356/356/356 355/355/355 354/354/354
f 781/781/781 783/783/783 353/353/353
f 353/353/353 782/782/782 781/781/781
f 778/778/778 352/352/352 780/780/780
f 780/780/780 779/779/779 778/778/778
f 776/776/776 351/351/351 350/350/350
f 350/350/350 777/777/777 776/776/776
f 346/346/346 349/349/349 348/348/348
f 348/348/348 347/347/347 346/346/346
f 773/773/773 775/775/775 345/345/345
f 345/345/345 774/774/774 773/773/773
f 770/770/770 344/344/344 772/772/772
f 772/772/772 771/771/771 770/770/770
f 768/768/768 343/343/343 342/342/342
f 342/342/342 769/769/769 768/768/768
f 338/338/338 341/341/341 340/340/340
f 340/340/340 339/339/339 338/338/338
f 765/765/765 767/767/767 337/337/337
f 337/337/337 766/766/766 765/765/765
f 762/762/762 336/336/336 764/764/764
f 764/764/764 763/763/763 762/762/762
f 760/760/760 335/335/335 334/334/334
f 334/334/334 761/761/761 760/760/760
f 122/122/122 333/333/333 332/332/332
f 332/332/332 331/331/331 122/122/122
f 758/758/758 759/759/759 330/330/330
f 330/330/330 329/329/329 758/758/758
f 755/755/755 757/757/757 756/756/756
f 756/756/756 328/328/328 755/755/755
f 326/326/326 754/754/754 753/753/753
f 753/753/753 327/327/327 326/326/326
f 324/324/324 752/752/752 751/751/751
f 751/751/751 325/325/325 324/324/324
f 750/750/750 323/323/323 322/322/322
f 322/322/322 321/321/321 750/750/750
f 748/748/748 320/320/320 319/319/319
f 319/319/319 749/749/749 748/748/748
f 746/746/746 318/318/318 317/317/317
f 317/317/317 747/747/747 746/746/746
f 314/314/314 316/316/316 447/447/447
f 447/447/447 315/315/315 314/314/314
f 308/308/308 444/444/444 313/313/313
f 313/313/313 310/310/310 308/308/308
f 743/743/743 745/745/745 309/309/309
f 309/309/309 744/744/744 743/743/743
f 304/304/304 311/311/311 742/742/742
f 742/742/742 306/306/306 304/304/304
f 307/307/307 305/305/305 312/312/312
f 312/312/312 448/448/448 307/307/307
f 740/740/740 741/741/741 295/295/295
f 295/295/295 292/292/292 740/740/740
f 737/737/737 739/739/739 738/738/738
f 738/738/738 298/298/298 737/737/737
f 290/290/290 301/301/301 736/736/736
f 736/736/736 293/293/293 290/290/290
f 299/299/299 735/735/735 734/734/734
f 734/734/734 303/303/303 299/299/299
f 449/449/449 294/294/294 291/291/291
f 291/291/291 302/302/302 449/449/449
f 300/300/300 297/297/297 296/296/296
f 296/296/296 445/445/445 300/300/300
f 731/731/731 733/733/733 732/732/732
f 732/732/732 284/284/284 731/731/731
f 287/287/287 718/718/718 730/730/730
f 730/730/730 274/274/274 287/287/287
f 727/727/727 729/729/729 728/728/728
f 728/728/728 277/277/277 727/727/727
f 724/724/724 726/726/726 725/725/725
f 725/725/725 275/275/275 724/724/724
f 273/273/273 723/723/723 722/722/722
f 722/722/722 721/721/721 273/273/273
f 720/720/720 280/280/280 283/283/283
f 283/283/283 289/289/289 720/720/720
f 279/279/279 719/719/719 718/718/718
f 718/718/718 287/287/287 279/279/279
f 717/717/717 281/281/281 272/272/272
f 272/272/272 285/285/285 717/717/717
f 715/715/715 716/716/716 282/282/282
f 282/282/282 288/288/288 715/715/715
f 286/286/286 278/278/278 276/276/276
f 276/276/276 714/714/714 286/286/286
f 713/713/713 712/712/712 711/711/711
f 710/710/710 271/271/271 709/709/709
f 269/269/269 270/270/270 268/268/268
f 268/268/268 267/267/267 269/269/269
f 706/706/706 708/708/708 707/707/707
f 707/707/707 259/259/259 706/706/706
f 257/257/257 705/705/705 704/704/704
f 704/704/704 260/260/260 257/257/257
f 701/701/701 703/703/703 702/702/702
f 702/702/702 258/258/258 701/701/701
f 263/263/263 266/266/266 265/265/265
f 265/265/265 264/264/264 263/263/263
f 261/261/261 262/262/262 700/700/700
f 700/700/700 699/699/699 261/261/261
f 695/695/695 698/698/698 697/697/697
f 697/697/697 696/696/696 695/695/695
f 691/691/691 694/694/694 693/693/693
f 693/693/693 692/692/692 691/691/691
f 688/688/688 690/690/690 689/689/689
f 689/689/689 256/256/256 688/688/688
f 685/685/685 687/687/687 686/686/686
f 686/686/686 255/255/255 685/685/685
f 683/683/683 254/254/254 253/253/253
f 253/253/253 684/684/684 683/683/683
f 680/680/680 682/682/682 681/681/681
f 681/681/681 252/252/252 680/680/680
f 678/678/678 679/679/679 250/250/250
f 250/250/250 251/251/251 678/678/678
f 248/248/248 249/249/249 246/246/246
f 246/246/246 247/247/247 248/248/248
f 927/927/927 928/928/928 121/121/121
f 121/121/121 245/245/245 927/927/927
f 674/674/674 677/677/677 676/676/676
f 676/676/676 675/675/675 674/674/674
f 231/231/231 239/239/239 244/244/244
f 244/244/244 233/233/233 231/231/231
f 670/670/670 673/673/673 672/672/672
f 672/672/672 671/671/671 670/670/670
f 668/668/668 243/243/243 240/240/240
f 240/240/240 669/669/669 668/668/668
f 234/234/234 242/242/242 241/241/241
f 241/241/241 232/232/232 234/234/234
f 235/235/235 238/238/238 237/237/237
f 237/237/237 236/236/236 235/235/235
f 230/230/230 229/229/229 667/667/667
f 667/667/667 666/666/666 230/230/230
f 227/227/227 226/226/226 225/225/225
f 225/225/225 228/228/228 227/227/227
f 224/224/224 223/223/223 665/665/665
f 665/665/665 664/664/664 224/224/224
f 221/221/221 220/220/220 219/219/219
f 219/219/219 222/222/222 221/221/221
f 125/125/125 118/118/118 120/120/120
f 120/120/120 126/126/126 125/125/125
f 124/124/124 117/117/117 119/119/119
f 119/119/119 123/123/123 124/124/124
f 663/663/663 662/662/662 661/661/661
f 660/660/660 217/217/217 218/218/218
f 216/216/216 659/659/659 658/658/658
f 657/657/657 651/651/651 652/652/652
f 656/656/656 648/648/648 649/649/649
f 655/655/655 645/645/645 646/646/646
f 654/654/654 642/642/642 643/643/643
f 653/653/653 639/639/639 640/640/640
f 652/652/652 651/651/651 650/650/650
f 649/649/649 648/648/648 647/647/647
f 646/646/646 645/645/645 644/644/644
f 643/643/643 642/642/642 641/641/641
f 640/640/640 639/639/639 638/638/638
f 193/193/193 637/637/637 636/636/636
f 636/636/636 215/215/215 193/193/193
f 192/192/192 635/635/635 634/634/634
f 634/634/634 214/214/214 192/192/192
f 195/195/195 194/194/194 212/212/212
f 212/212/212 213/213/213 195/195/195
f 189/189/189 633/633/633 632/632/632
f 632/632/632 211/211/211 189/189/189
f 188/188/188 631/631/631 630/630/630
f 630/630/630 210/210/210 188/188/188
f 191/191/191 190/190/190 208/208/208
f 208/208/208 209/209/209 191/191/191
f 185/185/185 629/629/629 628/628/628
f 628/628/628 207/207/207 185/185/185
f 184/184/184 627/627/627 626/626/626
f 626/626/626 206/206/206 184/184/184
f 187/187/187 186/186/186 204/204/204
f 204/204/204 205/205/205 187/187/187
f 181/181/181 625/625/625 624/624/624
f 624/624/624 203/203/203 181/181/181
f 180/180/180 623/623/623 622/622/622
f 622/622/622 202/202/202 180/180/180
f 183/183/183 182/182/182 200/200/200
f 200/200/200 201/201/201 183/183/183
f 177/177/177 621/621/621 620/620/620
f 620/620/620 199/199/199 177/177/177
f 176/176/176 619/619/619 618/618/618
f 618/618/618 198/198/198 176/176/176
f 179/179/179 178/178/178 196/196/196
f 196/196/196 197/197/197 179/179/179
f 615/615/615 617/617/617 175/175/175
f 175/175/175 616/616/616 615/615/615
f 612/612/612 174/174/174 614/614/614
f 614/614/614 613/613/613 612/612/612
f 610/610/610 173/173/173 172/172/172
f 172/172/172 611/611/611 610/610/610
f 168/168/168 171/171/171 170/170/170
f 170/170/170 169/169/169 168/168/168
f 607/607/607 609/609/609 167/167/167
f 167/167/167 608/608/608 607/607/607
f 604/604/604 166/166/166 606/606/606
f 606/606/606 605/605/605 604/604/604
f 602/602/602 165/165/165 164/164/164
f 164/164/164 603/603/603 602/602/602
f 160/160/160 163/163/163 162/162/162
f 162/162/162 161/161/161 160/160/160
f 599/599/599 601/601/601 159/159/159
f 159/159/159 600/600/600 599/599/599
f 596/596/596 158/158/158 598/598/598
f 598/598/598 597/597/597 596/596/596
f 594/594/594 157/157/157 156/156/156
f 156/156/156 595/595/595 594/594/594
f 152/152/152 155/155/155 154/154/154
f 154/154/154 153/153/153 152/152/152
f 591/591/591 593/593/593 151/151/151
f 151/151/151 592/592/592 591/591/591
f 588/588/588 150/150/150 590/590/590
f 590/590/590 589/589/589 588/588/588
f 586/586/586 149/149/149 148/148/148
f 148/148/148 587/587/587 586/586/586
f 144/144/144 147/147/147 146/146/146
f 146/146/146 145/145/145 144/144/144
f 582/582/582 585/585/585 584/584/584
f 584/584/584 583/583/583 582/582/582
f 430/430/430 424/424/424 423/423/423
f 427/427/427 429/429/429 581/581/581
f 577/577/577 580/580/580 579/579/579
f 579/579/579 578/578/578 577/577/577
f 138/138/138 576/576/576 575/575/575
f 575/575/575 574/574/574 138/138/138
f 432/432/432 422/422/422 421/421/421
f 573/573/573 572/572/572 139/139/139
f 426/426/426 143/143/143 140/140/140
f 143/143/143 571/571/571 140/140/140
f 571/571/571 570/570/570 140/140/140
f 570/570/570 142/142/142 140/140/140
f 142/142/142 141/141/141 140/140/140
f 141/141/141 428/428/428 140/140/140
f 136/136/136 135/135/135 134/134/134
f 134/134/134 137/137/137 136/136/136
f 567/567/567 569/569/569 568/568/568
f 568/568/568 131/131/131 567/567/567
f 127/127/127 566/566/566 565/565/565
f 565/565/565 128/128/128 127/127/127
f 133/133/133 130/130/130 129/129/129
f 129/129/129 132/132/132 133/133/133
f 116/116/116 115/115/115 114/114/114
f 3/3/3 113/113/113 112/112/112
f 112/112/112 2/2/2 3/3/3
f 111/111/111 110/110/110 564/564/564
f 564/564/564 563/563/563 111/111/111
f 108/108/108 107/107/107 106/106/106
f 106/106/106 109/109/109 108/108/108
f 105/105/105 99/99/99 562/562/562
f 562/562/562 553/553/553 105/105/105
f 88/88/88 98/98/98 561/561/561
f 561/561/561 560/560/560 88/88/88
f 558/558/558 95/95/95 89/89/89
f 89/89/89 559/559/559 558/558/558
f 93/93/93 75/75/75 557/557/557
f 557/557/557 556/556/556 93/93/93
f 97/97/97 74/74/74 555/555/555
f 555/555/555 554/554/554 97/97/97
f 87/87/87 105/105/105 553/553/553
f 553/553/553 552/552/552 87/87/87
f 100/100/100 551/551/551 86/86/86
f 86/86/86 71/71/71 100/100/100
f 76/76/76 103/103/103 425/425/425
f 425/425/425 90/90/90 76/76/76
f 1/1/1 102/102/102 94/94/94
f 94/94/94 92/92/92 1/1/1
f 104/104/104 101/101/101 91/91/91
f 91/91/91 96/96/96 104/104/104
f 549/549/549 550/550/550 81/81/81
f 81/81/81 72/72/72 549/549/549
f 80/80/80 73/73/73 548/548/548
f 548/548/548 547/547/547 80/80/80
f 85/85/85 84/84/84 83/83/83
f 83/83/83 82/82/82 85/85/85
f 78/78/78 79/79/79 77/77/77
f 65/65/65 546/546/546 545/545/545
f 545/545/545 66/66/66 65/65/65
f 69/69/69 68/68/68 67/67/67
f 67/67/67 70/70/70 69/69/69
f 542/542/542 544/544/544 64/64/64
f 64/64/64 543/543/543 542/542/542
f 539/539/539 63/63/63 541/541/541
f 541/541/541 540/540/540 539/539/539
f 537/537/537 62/62/62 61/61/61
f 61/61/61 538/538/538 537/537/537
f 57/57/57 60/60/60 59/59/59
f 59/59/59 58/58/58 57/57/57
f 534/534/534 536/536/536 56/56/56
f 56/56/56 535/535/535 534/534/534
f 531/531/531 55/55/55 533/533/533
f 533/533/533 532/532/532 531/531/531
f 529/529/529 54/54/54 53/53/53
f 53/53/53 530/530/530 529/529/529
f 49/49/49 52/52/52 51/51/51
f 51/51/51 50/50/50 49/49/49
f 525/525/525 528/528/528 527/527/527
f 527/527/527 526/526/526 525/525/525
f 524/524/524 523/523/523 522/522/522
f 47/47/47 48/48/48 521/521/521
f 521/521/521 520/520/520 47/47/47
f 44/44/44 46/46/46 43/43/43
f 43/43/43 45/45/45 44/44/44
f 516/516/516 519/519/519 518/518/518
f 518/518/518 517/517/517 516/516/516
f 515/515/515 514/514/514 513/513/513
f 41/41/41 42/42/42 512/512/512
f 512/512/512 511/511/511 41/41/41
f 38/38/38 40/40/40 37/37/37
f 37/37/37 39/39/39 38/38/38
f 510/510/510 509/509/509 508/508/508
f 36/36/36 33/33/33 507/507/507
f 507/507/507 506/506/506 36/36/36
f 35/35/35 32/32/32 31/31/31
f 31/31/31 34/34/34 35/35/35
f 29/29/29 27/27/27 28/28/28
f 28/28/28 30/30/30 29/29/29
f 25/25/25 23/23/23 24/24/24
f 24/24/24 26/26/26 25/25/25
f 503/503/503 505/505/505 504/504/504
f 504/504/504 17/17/17 503/503/503
f 16/16/16 502/502/502 501/501/501
f 501/501/501 18/18/18 16/16/16
f 19/19/19 21/21/21 22/22/22
f 22/22/22 20/20/20 19/19/19
f 500/500/500 498/498/498 499/499/499
f 499/499/499 498/498/498 497/497/497
f 5/5/5 496/496/496 495/495/495
f 495/495/495 15/15/15 5/5/5
f 4/4/4 494/494/494 493/493/493
f 493/493/493 14/14/14 4/4/4
f 7/7/7 6/6/6 12/12/12
f 12/12/12 13/13/13 7/7/7
f 9/9/9 8/8/8 11/11/11
f 11/11/11 10/10/10 9/9/9
