v 1.2082384755 0.9075130155000001 0.16936082099999997
v 1.2082384755 0.9075130155000001 0.5841559080000001
v 1.1514756645 0.9075130155000001 0.7108009335
v 0.6126228675 0.9075128265 0.7108008075
v 0.37434628350000004 0.9075128265 0.16936082099999997
v 0.535446891 0.9075130155000001 0.7475221529999999
v 1.1807268165 0.9075129525000001 1.1639228579999998
v 0.955235547 0.9075130470000001 1.1639228579999998
v 0.6449228730000001 0.9075128895000002 1.1639228579999998
v 0.4194314775 0.9075129525000001 1.1639228579999998
v 1.1807268165 0.9075129525000001 1.56882915
v 0.955235547 0.9075130470000001 1.56882915
v 0.912780162 0.907513047 0.16936082099999997
v 0.45898379100000003 0.7318410435000001 1.9770287355
v 0.6135763095 0.7318408860000001 1.9770287355
v 0.6695445645 0.841560111 0.16927117199999994
v 0.912780099 0.8415603 0.16927117199999994
v 1.2082383495 0.8415602369999999 0.16927117199999994
v 1.2082384755 0.8415602369999999 0.5841559080000001
v 1.1514755385000002 0.8415603 0.7108009335
v 0.955235484 0.8415603630000001 1.1639228579999998
v 0.955235484 0.8415603630000001 1.56882915
v 0.6449228730000001 0.8415601110000002 1.1639228579999998
v 0.41943150900000004 0.841560237 1.56882915
v 0.6135763095 0.6741507465000001 1.9770287355
v 1.1477868885 0.6741505260000001 1.9770289875
v 1.1477868885 0.6741505260000001 2.2500106335
v 1.487444805 1.049832945 -2.520000000642837e-7
v 1.487444805 1.014941088 0.11862030599999995
v 1.4881059585 0.907530372 0.11862030599999995
v -1.4988967245 0.957613734 1.8064712295
v -1.4988967245 0.957613734 1.930975578
v -1.4987443275 0.8383864860000001 1.930975578
v -1.4987443275 0.8383864860000001 1.8064712295
v 1.4874425370000002 0.957613734 1.8064712295
v 1.487747016 0.8383863600000001 1.8064712295
v 1.487747016 0.8383863600000001 1.930975578
v 1.4874425370000002 0.957613734 1.930975578
v 1.4081845995 0.4348286775000002 2.515206204
v 1.408184379 0.14020146000000017 2.8765393649999997
v 1.3396980870000001 0.14020149150000016 2.8765391445
v 1.3396983390000001 0.4348289295000002 2.515206204
v 1.3396983390000001 0.34302904650000016 2.5522318079999997
v 1.4081845995 0.3430287945000002 2.5522318079999997
v 1.408184379 0.14020146000000017 2.8036939455
v 1.3396980870000001 0.14020149150000016 2.8036936934999996
v 1.487773476 0.9075216465 0.0014549219999999445
v 1.069591194 0.9075130155000001 0.7475221529999999
v 0.0718710615 0.7318409805000001 2.2501524465
v 0.4194314775 0.9075131730000001 1.56882915
v 0.110636631 0.9075129525000001 1.5683275755
v 0.0872802 0.907513236 0.710246376
v 0.144736326 0.9075129525 0.5845420035000001
v 0.071871093 0.6741506835000002 1.9768071645
v 0.071871093 0.6741506835000002 2.2501524465
v 0.145431846 0.8415603 0.16850213099999994
v -0.0009276435 0.907530498 0.11862030599999995
v -0.0009276435 1.0149408675 0.11862030599999995
v -0.0009276435 1.049832945 -2.520000000642837e-7
v 0.6695445959999999 0.9075128265 0.16936082099999997
v 0.9743386275 0.9075130155000001 0.7108009335
v 0.37434628350000004 0.9075128265 0.5841559080000001
v 0.43126744499999997 0.9075128895000001 0.7108009335
v 0.6695445959999999 0.9075128265 0.5841559080000001
v 0.912780099 0.907513047 0.5841559080000001
v 0.3743464095 0.8415603 0.5841559080000001
v 0.3743464095 0.841560111 0.16927117199999994
v 0.6695445645 0.841560111 0.5841559080000001
v 0.6126228045000001 0.841560111 0.7108009335
v 0.43126753949999996 0.841560111 0.7108009335
v 0.9743385645 0.8415603 0.7108009335
v 0.912780099 0.8415603 0.5841559080000001
v 0.145431846 0.9075128265 0.16905920849999992
v 0.087280326 0.841560552 0.7102465020000001
v 0.144736326 0.841560174 0.584542224
v 0.6449228730000001 0.9075128895000002 1.56882915
v 0.6135763095 0.7318406340000001 2.2500106335
v 0.993277467 0.7318408230000002 2.2500106335
v 0.993277467 0.7318408230000002 1.9770289875
v 1.1477868885 0.7318408860000001 1.9770289875
v 1.1477868885 0.7318408860000001 2.2500106335
v 1.1807268165 0.841560237 1.1639228579999998
v 1.1807268165 0.841560237 1.56882915
v 0.4194316035 0.8415604890000001 1.1639228579999998
v 0.6449228730000001 0.8415603630000001 1.56882915
v 0.45898382249999997 0.6741505260000001 2.2500104129999996
v 0.45898382249999997 0.6741505260000001 1.9770287355
v 0.6135763725000001 0.6741503370000002 2.2500104129999996
v 0.993277467 0.6741504630000001 2.2500106335
v 0.993277467 0.6741504630000001 1.9770289875
v 0.45898379100000003 0.7318408860000001 2.2500106335
v 0.0718710615 0.7318409805000001 1.9768071645
v 0.110636631 0.9075129525000001 1.163863386
v 0.1106366625 0.8415601740000002 1.16386326
v 0.1106366625 0.8415601740000002 1.5683275755
v -0.112491918 0.9075129525000001 1.163863386
v -0.421286796 0.9075129525000001 1.1639228579999998
v -0.421286796 0.9075131730000001 1.56882915
v -0.112491918 0.9075129525000001 1.5683275755
v -0.3827811645 0.841560111 0.16927117199999994
v -0.677134332 0.841560111 0.16927117199999994
v -0.6771343950000001 0.9075128265 0.16936082099999997
v -0.9184094955000001 0.907513047 0.16936082099999997
v -0.9184094325 0.907513047 0.5841559080000001
v -0.6771343950000001 0.9075128265 0.5841559080000001
v -1.2151854540000002 0.8415602369999999 0.16927117199999994
v -0.9184094325 0.8415603 0.16927117199999994
v -1.182582135 0.9075129525000001 1.1639228579999998
v -1.182582135 0.9075129525000001 1.56882915
v -0.9570908025 0.8415603630000001 1.56882915
v -0.9570908025 0.8415603630000001 1.1639228579999998
v -1.182582135 0.841560237 1.1639228579999998
v -1.182582135 0.841560237 1.56882915
v -0.9570908655 0.9075130470000001 1.56882915
v -0.64677816 0.9075128895000002 1.56882915
v -0.64677816 0.9075128895000002 1.1639228579999998
v -0.9570908655 0.9075130470000001 1.1639228579999998
v -0.64677816 0.8415603630000001 1.56882915
v -0.4212868275 0.841560237 1.56882915
v -0.42128689049999996 0.8415604890000001 1.1639228579999998
v -0.64677816 0.8415601110000002 1.1639228579999998
v -0.07372641149999999 0.6741506835000002 2.2501524465
v -0.0009276435 0.6741505260000001 2.250293976
v -0.0009276435 0.6741505260000001 1.9765855934999998
v -0.07372641149999999 0.6741506835000002 1.9768071645
v -0.6154316910000001 0.6741503370000002 2.2500104129999996
v -0.460839141 0.6741505260000001 2.2500104129999996
v -0.460839141 0.6741505260000001 1.9770287355
v -0.615431628 0.6741507465000001 1.9770287355
v -0.995132754 0.7318408230000002 2.2500106335
v -0.615431628 0.7318406340000001 2.2500106335
v -0.615431628 0.7318408860000001 1.9770287355
v -0.995132754 0.7318408230000002 1.9770289875
v -1.149642207 0.7318408860000001 2.2500106335
v -1.149642207 0.7318408860000001 1.9770289875
v -0.995132754 0.6741504630000001 1.9770289875
v -1.149642207 0.6741505260000001 1.9770289875
v -1.149642207 0.6741505260000001 2.2500106335
v -0.995132754 0.6741504630000001 2.2500106335
v -1.21518558 0.9075130155000001 0.16936082099999997
v -1.21518558 0.9075130155000001 0.5841559080000001
v -1.21518558 0.8415602369999999 0.5841559080000001
v -1.1554197795 0.9075130155000001 0.7108009335
v -1.1554196535 0.8415603 0.7108009335
v -1.4893001235 1.014941088 0.11862030599999995
v -1.4899612770000001 0.907530372 0.11862030599999995
v -1.4893001235 1.049832945 -2.520000000642837e-7
v -1.4896287945 0.9075216465 0.0014549219999999445
v -1.4100399179999998 0.4348286775000002 2.515206204
v -1.4100396975 0.14020146000000017 2.8765393649999997
v -1.3415534055 0.14020149150000016 2.8765391445
v -1.3415536575 0.4348289295000002 2.515206204
v -1.4100399179999998 0.3430287945000002 2.5522318079999997
v -1.4100396975 0.14020146000000017 2.8036939455
v -1.3415534055 0.14020149150000016 2.8036936934999996
v -1.3415536575 0.34302904650000016 2.5522318079999997
v -0.0009276435 0.7318408230000002 1.8360958454999998
v -0.4608391095 0.7318410435000001 1.9770287355
v -0.07372638000000001 0.7318409805000001 1.9768071645
v -0.0009276435 0.7318408230000002 1.9765855934999998
v -0.0009276435 0.7318408230000002 2.250293976
v -0.07372638000000001 0.7318409805000001 2.2501524465
v -0.4608391095 0.7318408860000001 2.2500106335
v -0.0009276435 0.9075128265000001 1.5678260325
v -0.0009276435 0.9075130470000001 1.163803662
v -0.0009276435 0.90751311 0.7479123120000001
v -0.094936842 0.907513236 0.710246376
v -0.152392968 0.9075129525 0.5845420035000001
v -0.1530884565 0.9075128265 0.16905920849999992
v -0.3827810385 0.9075128265 0.16936082099999997
v -0.3827810385 0.9075128265 0.5841559080000001
v -0.4402459845 0.9075128895000001 0.7108009335
v -0.5373022095000001 0.9075130155000001 0.7475221529999999
v -0.6207929280000001 0.9075128265 0.7108008075
v -0.9818519445 0.9075130155000001 0.7108009335
v -1.0714465125000001 0.9075130155000001 0.7475221529999999
v -0.1124919495 0.8415601740000002 1.16386326
v -0.1124919495 0.8415601740000002 1.5683275755
v -0.0009276435 0.8415601110000002 1.5678260325
v -0.0009276435 0.8415603000000001 1.163803662
v -0.0009276435 0.9075128265 0.0029105999999999442
v -0.0009276435 0.9075128895000001 0.16845551099999995
v -0.1530884565 0.8415603 0.16850213099999994
v -0.0009276435 0.8415603 0.16789818149999994
v -0.3827811645 0.8415603 0.5841559080000001
v -0.677134332 0.841560111 0.5841559080000001
v -0.620792865 0.841560111 0.7108009335
v -0.4402461105 0.841560111 0.7108009335
v -0.9184094325 0.8415603 0.5841559080000001
v -0.9818518815 0.8415603 0.7108009335
v -0.152392968 0.841560174 0.584542224
v -0.09493696800000001 0.841560552 0.7102465020000001
v 0.110636631 -0.8730925559999999 1.163863386
v 0.4194314775 -0.8730925559999999 1.1639228579999998
v 0.4194314775 -0.8730928079999999 1.56882915
v 0.110636631 -0.8730925559999999 1.5683275755
v 0.37831172399999996 -0.807139746 0.16927117200000005
v 0.6798783915000001 -0.807139746 0.16927117200000005
v 0.6798784545 -0.873092556 0.16936082100000008
v 0.916472718 -0.873092808 0.16936082100000008
v 0.9164726550000001 -0.873092808 0.5841559080000001
v 0.6798784545 -0.873092556 0.5841559080000001
v 1.2132380925000001 -0.8071399665000001 0.16927117200000005
v 0.9164726550000001 -0.8071399665000001 0.16927117200000005
v 1.1807268165 -0.8730925559999999 1.1639228579999998
v 1.1807268165 -0.8730925559999999 1.56882915
v 0.955235484 -0.8071399665 1.56882915
v 0.955235484 -0.8071399665 1.1639228579999998
v 1.1807268165 -0.8071399665 1.1639228579999998
v 1.1807268165 -0.8071399665 1.56882915
v 0.955235547 -0.8730928079999999 1.56882915
v 0.6449228730000001 -0.8730925559999999 1.56882915
v 0.6449228730000001 -0.8730925559999999 1.1639228579999998
v 0.955235547 -0.8730928079999999 1.1639228579999998
v 0.6449228730000001 -0.8071399665 1.56882915
v 0.41943150900000004 -0.8071399665 1.56882915
v 0.4194316035 -0.8071401555 1.1639228579999998
v 0.6449228730000001 -0.8071397459999999 1.1639228579999998
v 0.071871093 -0.6396924555 2.2501524465
v -0.0009276435 -0.6396922349999999 2.250294228
v -0.0009276435 -0.6396922349999999 1.9765855934999998
v 0.071871093 -0.6396924555 1.9768071645
v 0.6135763725000001 -0.639692109 2.2500104129999996
v 0.45898382249999997 -0.6396922349999999 2.2500104129999996
v 0.45898382249999997 -0.6396922349999999 1.9770287355
v 0.6135763095 -0.6396924555 1.9770287355
v 0.993277467 -0.6974205524999999 2.2500106335
v 0.6135763095 -0.6974203004999999 2.2500106335
v 0.6135763095 -0.6974205524999999 1.9770287355
v 0.993277467 -0.6974205524999999 1.9770289875
v 1.1477868885 -0.6974205524999999 2.2500106335
v 1.1477868885 -0.6974205524999999 1.9770289875
v 0.993277467 -0.6396922349999999 1.9770289875
v 1.1477868885 -0.6396922349999999 1.9770289875
v 1.1477868885 -0.6396922349999999 2.2500106335
v 0.993277467 -0.6396922349999999 2.2500106335
v 1.2132382185 -0.873092682 0.16936082100000008
v 1.2132382185 -0.873092682 0.5841559080000001
v 1.2132382185 -0.8071399665000001 0.5841559080000001
v 1.158249015 -0.873092682 0.7108009335
v 1.158248889 -0.8071399665000001 0.7108009335
v -0.0009276435 -0.8731101015 0.11862030600000006
v -0.0009276435 -0.98052066 0.11862030600000006
v 1.487444805 -0.98052066 0.11862030600000006
v 1.4881059585 -0.8731101015 0.11862030600000006
v -0.0009276435 -1.0154126115 -2.519999999378239e-7
v 1.487444805 -1.0154126115 -2.519999999378239e-7
v 1.487773476 -0.8731013445 0.0014549220000000535
v 1.4874425370000002 -0.9231934319999999 1.8064712295
v 1.487747016 -0.803966058 1.8064712295
v 1.487747016 -0.803966058 1.930975578
v 1.4874425370000002 -0.9231934319999999 1.930975578
v -1.4987445794999998 -0.8039661839999999 1.8064712295
v -1.4987445794999998 -0.8039661839999999 1.930975578
v -1.498896945 -0.9231933689999998 1.930975578
v -1.498896945 -0.9231933689999998 1.8064712295
v 1.4081845995 -0.4004083439999998 2.515206204
v 1.408184379 -0.10611716849999982 2.8765393649999997
v 1.3396980870000001 -0.10611726299999982 2.8765391445
v 1.3396983390000001 -0.40040859599999984 2.515206204
v 1.4081845995 -0.30860846099999983 2.5522318079999997
v 1.408184379 -0.10611716849999983 2.8036939455
v 1.3396980870000001 -0.10611726299999984 2.8036936934999996
v 1.3396983390000001 -0.30860871299999987 2.5522318079999997
v -0.0009276435 -0.6974205524999999 1.8360958454999998
v 0.45898379100000003 -0.6974208045 1.9770287355
v 0.0718710615 -0.6974206784999999 1.9768071645
v -0.0009276435 -0.6974205524999999 1.9765855934999998
v -0.0009276435 -0.6974205524999999 2.250294228
v 0.0718710615 -0.6974206784999999 2.2501524465
v 0.45898379100000003 -0.6974205524999999 2.2500106335
v -0.0009276435 -0.8730925559999999 1.5678260325
v -0.0009276435 -0.8730928079999999 1.163803662
v -0.0009276435 -0.873092808 0.7479123120000001
v 0.088615044 -0.873092934 0.710246376
v 0.14607117 -0.873092556 0.5845420035000001
v 0.14676669 -0.873092556 0.16905920850000006
v 0.378311598 -0.873092556 0.16936082100000008
v 0.378311598 -0.873092556 0.5841559080000001
v 0.4352327595 -0.873092556 0.7108009335
v 0.535446891 -0.873092682 0.7475221529999999
v 0.6229566944999999 -0.873092556 0.7108008075
v 0.9807232995 -0.873092682 0.7108009335
v 1.069591194 -0.873092682 0.7475221529999999
v 0.1106366625 -0.8071398404999999 1.16386326
v 0.1106366625 -0.8071398404999999 1.5683275755
v -0.0009276435 -0.8071397459999999 1.5678260325
v -0.0009276435 -0.8071399665 1.163803662
v -0.0009276435 -0.873092556 0.002910600000000053
v -0.0009276435 -0.873092556 0.16845551100000006
v 0.14676669 -0.8071399665000001 0.16850213100000005
v -0.0009276435 -0.8071399665000001 0.16789818150000005
v 0.37831172399999996 -0.8071399665000001 0.5841559080000001
v 0.6798783915000001 -0.807139746 0.5841559080000001
v 0.6229566630000001 -0.807139746 0.7108009335
v 0.43523285400000006 -0.807139746 0.7108009335
v 0.9164726550000001 -0.8071399665000001 0.5841559080000001
v 0.9807232364999999 -0.8071399665000001 0.7108009335
v 0.14607117 -0.8071398405 0.584542224
v 0.08861517000000001 -0.8071401555000001 0.7102465020000001
v -0.112491918 -0.8730925559999999 1.163863386
v -0.112491918 -0.8730925559999999 1.5683275755
v -0.421286796 -0.8730928079999999 1.56882915
v -0.421286796 -0.8730925559999999 1.1639228579999998
v -0.37683254699999996 -0.807139746 0.16927117200000005
v -0.6765618825 -0.807139746 0.16927117200000005
v -0.6765619455 -0.873092556 0.16936082100000008
v -0.6765619455 -0.873092556 0.5841559080000001
v -0.915957441 -0.873092808 0.5841559080000001
v -0.9159575040000001 -0.873092808 0.16936082100000008
v -1.212616629 -0.8071399665000001 0.16927117200000005
v -0.915957441 -0.8071399665000001 0.16927117200000005
v -1.182582135 -0.8730925559999999 1.1639228579999998
v -1.182582135 -0.8730925559999999 1.56882915
v -0.9570908025 -0.8071399665 1.56882915
v -1.182582135 -0.8071399665 1.56882915
v -1.182582135 -0.8071399665 1.1639228579999998
v -0.9570908025 -0.8071399665 1.1639228579999998
v -0.9570908655 -0.8730928079999999 1.56882915
v -0.9570908655 -0.8730928079999999 1.1639228579999998
v -0.64677816 -0.8730925559999999 1.1639228579999998
v -0.64677816 -0.8730925559999999 1.56882915
v -0.64677816 -0.8071399665 1.56882915
v -0.64677816 -0.8071397459999999 1.1639228579999998
v -0.42128689049999996 -0.8071401555 1.1639228579999998
v -0.4212868275 -0.8071399665 1.56882915
v -0.07372641149999999 -0.6396924555 2.2501524465
v -0.07372641149999999 -0.6396924555 1.9768071645
v -0.6154316910000001 -0.639692109 2.2500104129999996
v -0.615431628 -0.6396924555 1.9770287355
v -0.460839141 -0.6396922349999999 1.9770287355
v -0.460839141 -0.6396922349999999 2.2500104129999996
v -0.995132754 -0.6974205524999999 2.2500106335
v -0.995132754 -0.6974205524999999 1.9770289875
v -0.615431628 -0.6974205524999999 1.9770287355
v -0.615431628 -0.6974203004999999 2.2500106335
v -1.149642207 -0.6974205524999999 2.2500106335
v -1.149642207 -0.6974205524999999 1.9770289875
v -0.995132754 -0.6396922349999999 1.9770289875
v -0.995132754 -0.6396922349999999 2.2500106335
v -1.149642207 -0.6396922349999999 2.2500106335
v -1.149642207 -0.6396922349999999 1.9770289875
v -1.212616755 -0.873092682 0.16936082100000008
v -1.212616755 -0.8071399665000001 0.5841559080000001
v -1.212616755 -0.873092682 0.5841559080000001
v -1.1558537865 -0.8071399665000001 0.7108009335
v -1.1558539125 -0.873092682 0.7108009335
v -1.4899612770000001 -0.8731101015 0.11862030600000006
v -1.4893001235 -0.98052066 0.11862030600000006
v -1.4893001235 -1.0154126115 -2.519999999378239e-7
v -1.4896287945 -0.8731013445 0.0014549220000000535
v -1.4100399179999998 -0.4004083439999998 2.515206204
v -1.3415536575 -0.40040859599999984 2.515206204
v -1.3415534055 -0.10611726299999982 2.8765391445
v -1.4100396975 -0.10611716849999982 2.8765393649999997
v -1.4100399179999998 -0.30860846099999983 2.5522318079999997
v -1.4100396975 -0.10611716849999983 2.8036939455
v -1.3415534055 -0.10611726299999984 2.8036936934999996
v -1.3415536575 -0.30860871299999987 2.5522318079999997
v -0.07372638000000001 -0.6974206784999999 1.9768071645
v -0.4608391095 -0.6974208045 1.9770287355
v -0.4608391095 -0.6974205524999999 2.2500106335
v -0.07372638000000001 -0.6974206784999999 2.2501524465
v -1.0714465125000001 -0.873092682 0.7475221529999999
v -0.9727201575000001 -0.873092682 0.7108009335
v -0.619640217 -0.873092556 0.7108008075
v -0.5373022095000001 -0.873092682 0.7475221529999999
v -0.4337535825 -0.873092556 0.7108009335
v -0.37683242100000003 -0.873092556 0.5841559080000001
v -0.37683242100000003 -0.873092556 0.16936082100000008
v -0.15171782849999998 -0.873092556 0.16905920850000006
v -0.1510223085 -0.873092556 0.5845420035000001
v -0.09356621400000001 -0.873092934 0.710246376
v -0.1124919495 -0.8071398404999999 1.16386326
v -0.1124919495 -0.8071398404999999 1.5683275755
v -0.15171782849999998 -0.8071399665000001 0.16850213100000005
v -0.37683254699999996 -0.8071399665000001 0.5841559080000001
v -0.6765618825 -0.807139746 0.5841559080000001
v -0.619640154 -0.807139746 0.7108009335
v -0.433753677 -0.807139746 0.7108009335
v -0.9727200945 -0.8071399665000001 0.7108009335
v -0.915957441 -0.8071399665000001 0.5841559080000001
v -0.15102234 -0.8071398405 0.584542224
v -0.09356634 -0.8071401555000001 0.7102465020000001
v 1.5148367955000002 0.9075128895000002 1.8360958454999998
v 1.51505046 0.907517142 0.0021826349999999445
v 1.5145777395000002 0.7318408230000002 2.414292867
v 1.514838843 0.7318408230000002 1.8360958454999998
v -1.516692114 0.9075128895000002 1.8360958454999998
v -0.0009276435 0.9075128265000001 1.8360958454999998
v -1.516433058 0.7318408230000002 2.414292867
v -0.0009276435 0.7318407600000001 2.414292867
v -1.5169057785 0.907517142 0.0021826349999999445
v -1.5166941615 0.7318408230000002 1.8360958454999998
v 1.5148367955000002 -0.8730925559999999 1.8360958454999998
v -0.0009276435 -0.8730925559999999 1.8360958454999998
v 1.5145777395000002 -0.6974205524999999 2.414292867
v -0.0009276435 -0.6974204264999999 2.414292867
v 1.51505046 -0.8730968715 0.0021826350000000534
v 1.514838843 -0.6974205524999999 1.8360958454999998
v -1.516692114 -0.8730925559999999 1.8360958454999998
v -1.516433058 -0.6974205524999999 2.414292867
v -1.5169057785 -0.8730968715 0.0021826350000000534
v -1.5166941615 -0.6974205524999999 1.8360958454999998
v 0.7084274085 0.841560111 0.7505120385
v 0.3624668145 0.841560111 0.7505120385
v 1.2408322185 0.8415602369999999 0.7505120385
v 0.898350642 0.8415603 0.7505120385
v 0.17443115550000002 0.841560426 0.7519691340000001
v -0.38278107 0.841560111 0.7505120385
v -0.677134332 0.841560111 0.7505120385
v -1.2426875055000002 0.8415602369999999 0.7505120385
v -0.9002059605 0.8415603 0.7505120385
v -0.1762864425 0.841560426 0.7519691340000001
v -0.0009276435 0.841560552 0.752890194
v 0.3624668145 -0.807139746 0.7505120385
v 0.7084274085 -0.807139746 0.7505120385
v 1.2408322185 -0.8071399665000001 0.7505120385
v 0.898350642 -0.8071399665000001 0.7505120385
v 0.17443115550000002 -0.8071400925 0.7519691340000001
v -0.0009276435 -0.8071401555000001 0.752890194
v -0.364322133 -0.807139746 0.7505120385
v -0.710282727 -0.807139746 0.7505120385
v -1.2426875055000002 -0.8071399665000001 0.7505120385
v -0.9002059605 -0.8071399665000001 0.7505120385
v -0.1762864425 -0.8071400925 0.7519691340000001
v 0.6695445645 0.841560111 0.16927117199999994
v 0.912780099 0.8415603 0.16927117199999994
v 1.2082383495 0.8415602369999999 0.16927117199999994
v 0.145431846 0.8415603 0.16850213099999994
v 0.3743464095 0.841560111 0.16927117199999994
v -0.3827811645 0.841560111 0.16927117199999994
v -0.677134332 0.841560111 0.16927117199999994
v -1.2151854540000002 0.8415602369999999 0.16927117199999994
v -0.9184094325 0.8415603 0.16927117199999994
v -0.1530884565 0.8415603 0.16850213099999994
v -0.0009276435 0.8415603 0.16789818149999994
v 0.37831172399999996 -0.807139746 0.16927117200000005
v 0.6798783915000001 -0.807139746 0.16927117200000005
v 1.2132380925000001 -0.8071399665000001 0.16927117200000005
v 0.9164726550000001 -0.8071399665000001 0.16927117200000005
v 0.14676669 -0.8071399665000001 0.16850213100000005
v -0.0009276435 -0.8071399665000001 0.16789818150000005
v -0.37683254699999996 -0.807139746 0.16927117200000005
v -0.6765618825 -0.807139746 0.16927117200000005
v -1.212616629 -0.8071399665000001 0.16927117200000005
v -0.915957441 -0.8071399665000001 0.16927117200000005
v -0.15171782849999998 -0.8071399665000001 0.16850213100000005
v 0.9915955875 0.5028756390000002 2.4938621505
v 0.9915955875 -0.46778227649999987 2.4938621505
v 0.787646412 0.14160702150000018 3.0397394159999997
v 0.787646412 -0.10796530499999982 3.0397394159999997
v -0.0009276435 0.1423328445000002 3.0397394159999997
v -0.0009276435 -0.10723948199999982 3.0397394159999997
v 1.5148367955000002 0.9075128895000002 1.8360958454999998
v 1.51505046 0.907517142 0.0021826349999999445
v 1.5145777395000002 0.7318408230000002 2.414292867
v 1.514838843 0.7318408230000002 1.8360958454999998
v 1.5145777395000002 0.3430203525000002 2.5553423385
v 1.5145777395000002 0.14019304950000017 2.8068042555
v 0.6276646215 0.47610010350000015 2.768983182
v 0.4501685475 0.47610010350000015 2.768983182
v 0.3023907075 0.47610010350000015 2.4830340255
v 0.775442493 0.47610010350000015 2.4830340255
v 0.6276646215 -0.4406061554999998 2.768983182
v 0.4501685475 -0.4406061554999998 2.768983182
v 0.775442493 -0.4406060924999998 2.4830340255
v 0.3023907075 -0.4406061554999998 2.4830340255
v 1.390862403 0.7477460550000001 2.4974884305000002
v 1.423288377 0.7477460550000001 2.4974884305000002
v 1.423288377 0.6878827305000002 2.4974884305000002
v 1.390862403 0.6878828565000001 2.4974884305000002
v 1.455443136 0.6337607535000002 1.8315142965
v 1.4557143510000001 0.6280200675000002 2.419857153
v 1.4557143510000001 0.8076100410000001 2.419857153
v 1.455443136 0.8099699265000001 1.8315137925
v 1.358436303 0.8076102300000001 2.419857153
v 1.3576844295 0.8099699265000001 1.8315137925
v 1.358436303 0.6280194060000002 2.419857153
v 1.3576844295 0.6337600920000002 1.8315142965
v 0.889620984 0.2918193705000001 2.696879871
v 0.889621047 -0.25672600799999984 2.696879871
v -0.8914763025 0.2918193705000001 2.696879871
v -0.8914763655000001 -0.25672600799999984 2.696879871
v -0.7895017305 -0.10723948199999982 3.0397394159999997
v -0.7895017305 0.1423328445000002 3.0397394159999997
v -0.0009276435 0.2918193705000001 2.696879871
v -1.516692114 0.9075128895000002 1.8360958454999998
v -0.0009276435 0.9075128265000001 1.8360958454999998
v -1.516433058 0.3430203525000002 2.5553423385
v -1.516433058 0.14019304950000017 2.8068042555
v -0.0009276435 0.14019308100000016 2.8068042555
v -0.0009276435 0.3430204155000002 2.5553423385
v -1.516433058 0.7318408230000002 2.414292867
v -0.0009276435 0.7318407600000001 2.414292867
v -1.5169057785 0.907517142 0.0021826349999999445
v -1.5166941615 0.7318408230000002 1.8360958454999998
v -0.62951994 0.47610010350000015 2.768983182
v -0.62951994 -0.4406061554999998 2.768983182
v -0.452023866 0.47610010350000015 2.768983182
v -0.304246026 0.47610010350000015 2.4830340255
v -0.7772978115 0.47610010350000015 2.4830340255
v -0.452023866 -0.4406061554999998 2.768983182
v -0.304246026 -0.4406061554999998 2.4830340255
v -1.4251436955 0.6878827305000002 2.4974884305000002
v -1.3927177215000002 0.6878828565000001 2.4974884305000002
v -1.3927177215000002 0.7477460550000001 2.4974884305000002
v -1.4251436955 0.7477460550000001 2.4974884305000002
v -1.4575696695 0.8076100410000001 2.419857153
v -1.4572984545 0.8099699265000001 1.8315137925
v -1.4572984545 0.6337607535000002 1.8315142965
v -1.4575696695 0.6280200675000002 2.419857153
v -1.3602916215 0.8076102300000001 2.419857153
v -1.359539748 0.8099699265000001 1.8315137925
v -1.3602916215 0.6280194060000002 2.419857153
v -1.359539748 0.6337600920000002 1.8315142965
v -0.993450906 0.5028756390000002 2.4938621505
v -0.993450906 -0.46778227649999987 2.4938621505
v -0.0009276435 0.5028756390000002 2.4938621505
v -0.7772978115 -0.4406060924999998 2.4830340255
v 0.787646412 -0.10791254249999982 3.0397394159999997
v -0.0009276435 -0.10723948199999982 3.0397394159999997
v -0.0009276435 -0.25739903699999983 2.696879871
v 0.889620984 -0.25739903699999983 2.696879871
v 1.5148367955000002 -0.8730925559999999 1.8360958454999998
v 1.5153532695 0.01721015100000011 1.8360960975
v -0.0009276435 0.01721015100000011 1.8360960975
v -0.0009276435 -0.8730925559999999 1.8360958454999998
v 1.5145777395000002 -0.30859998749999984 2.5553423385
v 1.5145777395000002 -0.10577271599999984 2.8068042555
v -0.0009276435 -0.10577271599999984 2.8068042555
v -0.0009276435 -0.30860011349999983 2.5553423385
v 1.515099726 0.017210151000000173 2.8068042555
v -0.0009276435 0.017210151000000173 2.8068042555
v 1.5145777395000002 -0.6974205524999999 2.414292867
v -0.0009276435 -0.6974204264999999 2.414292867
v 1.515861081 0.017210151 0.002910599999999999
v 1.51505046 -0.8730968715 0.0021826350000000534
v 1.514838843 -0.6974205524999999 1.8360958454999998
v 1.51586253 0.017210151000000146 2.4142926465
v 1.423288377 -0.6534624284999998 2.4974884305000002
v 1.390862403 -0.6534625544999999 2.4974884305000002
v 1.390862403 -0.7133258159999999 2.4974884305000002
v 1.423288377 -0.7133258159999999 2.4974884305000002
v 1.4557143510000001 -0.773189802 2.419857153
v 1.455443136 -0.7755495614999999 1.8315137925
v 1.455443136 -0.5993404199999999 1.8315142965
v 1.4557143510000001 -0.5935997654999998 2.419857153
v 1.358436303 -0.773189928 2.419857153
v 1.3576844295 -0.7755495614999999 1.8315137925
v 1.358436303 -0.5935990409999999 2.419857153
v 1.3576844295 -0.5993396954999999 1.8315142965
v -0.0009276435 -0.4684553054999998 2.4938621505
v 0.9915955875 -0.4684553054999998 2.4938621505
v -0.7895017305 -0.10723948199999982 3.0397394159999997
v -0.8914763025 -0.25739903699999983 2.696879871
v -1.516692114 -0.8730925559999999 1.8360958454999998
v -1.5173357219999999 0.01721015100000011 1.8360960975
v -1.516433058 -0.30859998749999984 2.5553423385
v -1.516433058 -0.10577271599999984 2.8068042555
v -1.5169550445 0.017210151000000173 2.8068042555
v -1.516433058 -0.6974205524999999 2.414292867
v -1.5177163994999998 0.017210151 0.002910599999999999
v -1.5169057785 -0.8730968715 0.0021826350000000534
v -1.5166941615 -0.6974205524999999 1.8360958454999998
v -1.5177178485 0.017210151000000146 2.4142926465
v -1.4251436955 -0.6534624284999998 2.4974884305000002
v -1.4251436955 -0.7133258159999999 2.4974884305000002
v -1.3927177215000002 -0.7133258159999999 2.4974884305000002
v -1.3927177215000002 -0.6534625544999999 2.4974884305000002
v -1.4575696695 -0.773189802 2.419857153
v -1.4575696695 -0.5935997654999998 2.419857153
v -1.4572984545 -0.5993404199999999 1.8315142965
v -1.4572984545 -0.7755495614999999 1.8315137925
v -1.3602916215 -0.773189928 2.419857153
v -1.359539748 -0.7755495614999999 1.8315137925
v -1.3602916215 -0.5935990409999999 2.419857153
v -1.359539748 -0.5993396954999999 1.8315142965
v -0.993450906 -0.4684553054999998 2.4938621505
v 1.2082384755 0.8415602369999999 0.5841559080000001
v 1.2082384755 0.9075130155000001 0.5841559080000001
v 1.1807268165 0.841560237 1.1639228579999998
v 0.955235484 0.8415603630000001 1.1639228579999998
v 0.955235547 0.9075130470000001 1.1639228579999998
v 1.1807268165 0.9075129525000001 1.1639228579999998
v 0.955235484 0.8415603630000001 1.1639228579999998
v 0.955235484 0.8415603630000001 1.56882915
v 0.955235547 0.9075130470000001 1.56882915
v 0.955235547 0.9075130470000001 1.1639228579999998
v 1.487444805 1.014941088 0.11862030599999995
v -0.0009276435 1.0149408675 0.11862030599999995
v 1.4881059585 0.907530372 0.11862030599999995
v 1.487444805 1.014941088 0.11862030599999995
v 1.487444805 1.049832945 -2.520000000642837e-7
v 1.2082383495 0.8415602369999999 0.16927117199999994
v 0.912780162 0.907513047 0.16936082099999997
v 1.2082384755 0.9075130155000001 0.16936082099999997
v 1.487747016 0.8383863600000001 1.930975578
v 1.487747016 0.8383863600000001 1.8064712295
v 1.4874425370000002 0.957613734 1.930975578
v 1.487747016 0.8383863600000001 1.930975578
v -1.4987443275 0.8383864860000001 1.930975578
v 1.4874425370000002 0.957613734 1.8064712295
v 1.4874425370000002 0.957613734 1.930975578
v -1.4988967245 0.957613734 1.930975578
v 1.408184379 0.14020146000000017 2.8765393649999997
v 1.3396980870000001 0.14020149150000016 2.8765391445
v 1.408184379 0.14020146000000017 2.8765393649999997
v 1.4081845995 0.4348286775000002 2.515206204
v 1.408184379 -0.10611716849999982 2.8765393649999997
v 1.3396980870000001 0.14020149150000016 2.8765391445
v 1.3396980870000001 -0.10611726299999982 2.8765391445
v 1.3396983390000001 0.4348289295000002 2.515206204
v 0.955235547 0.9075130470000001 1.1639228579999998
v 0.6449228730000001 0.9075128895000002 1.1639228579999998
v 0.4194314775 0.9075129525000001 1.1639228579999998
v 0.4194314775 0.9075129525000001 1.1639228579999998
v 0.110636631 0.9075129525000001 1.163863386
v 0.955235547 0.9075130470000001 1.1639228579999998
v 0.4194314775 0.9075129525000001 1.1639228579999998
v -0.0009276435 0.9075130470000001 1.163803662
v 1.1807268165 0.9075129525000001 1.1639228579999998
v 0.955235547 0.9075130470000001 1.1639228579999998
v -0.0009276435 0.9075130470000001 1.163803662
v -0.0009276435 0.9075130470000001 1.163803662
v 1.1514756645 0.9075130155000001 0.7108009335
v 1.2082384755 0.9075130155000001 0.5841559080000001
v 1.2082384755 0.9075130155000001 0.16936082099999997
v 0.37434628350000004 0.9075128265 0.5841559080000001
v 0.37434628350000004 0.9075128265 0.16936082099999997
v 0.6695445959999999 0.9075128265 0.16936082099999997
v 0.6695445959999999 0.9075128265 0.5841559080000001
v 0.6695445645 0.841560111 0.5841559080000001
v 0.6695445959999999 0.9075128265 0.5841559080000001
v 0.6126228675 0.9075128265 0.7108008075
v 0.3743464095 0.8415603 0.5841559080000001
v 0.43126744499999997 0.9075128895000001 0.7108009335
v 0.37434628350000004 0.9075128265 0.5841559080000001
v 0.9743386275 0.9075130155000001 0.7108009335
v 0.912780099 0.907513047 0.5841559080000001
v 0.912780099 0.8415603 0.16927117199999994
v 0.912780099 0.8415603 0.5841559080000001
v 0.912780099 0.907513047 0.5841559080000001
v 0.912780162 0.907513047 0.16936082099999997
v 0.6695445645 0.841560111 0.16927117199999994
v 0.3743464095 0.841560111 0.16927117199999994
v 0.37434628350000004 0.9075128265 0.16936082099999997
v 0.6695445959999999 0.9075128265 0.16936082099999997
v -0.0009276435 0.9075128895000001 0.16845551099999995
v 0.145431846 0.9075128265 0.16905920849999992
v 0.145431846 0.9075128265 0.16905920849999992
v 0.144736326 0.9075129525 0.5845420035000001
v 0.145431846 0.8415603 0.16850213099999994
v 0.144736326 0.9075129525 0.5845420035000001
v 0.0872802 0.907513236 0.710246376
v 0.144736326 0.841560174 0.584542224
v 1.1807268165 0.841560237 1.56882915
v 1.1807268165 0.841560237 1.1639228579999998
v 1.1807268165 0.9075129525000001 1.1639228579999998
v 1.1807268165 0.9075129525000001 1.56882915
v 0.6449228730000001 0.8415601110000002 1.1639228579999998
v 0.4194316035 0.8415604890000001 1.1639228579999998
v 0.4194314775 0.9075129525000001 1.1639228579999998
v 0.6449228730000001 0.9075128895000002 1.1639228579999998
v 0.6449228730000001 0.8415603630000001 1.56882915
v 0.6449228730000001 0.8415601110000002 1.1639228579999998
v 0.6449228730000001 0.9075128895000002 1.1639228579999998
v 0.6449228730000001 0.9075128895000002 1.56882915
v 0.4194314775 0.9075131730000001 1.56882915
v 0.4194314775 0.9075129525000001 1.1639228579999998
v 0.4194316035 0.8415604890000001 1.1639228579999998
v 0.41943150900000004 0.841560237 1.56882915
v 0.45898379100000003 0.7318408860000001 2.2500106335
v 0.45898379100000003 0.7318410435000001 1.9770287355
v 0.45898382249999997 0.6741505260000001 1.9770287355
v 0.45898382249999997 0.6741505260000001 2.2500104129999996
v 0.6135763095 0.6741507465000001 1.9770287355
v 0.45898382249999997 0.6741505260000001 1.9770287355
v 0.45898379100000003 0.7318410435000001 1.9770287355
v 0.6135763095 0.7318408860000001 1.9770287355
v 0.6135763725000001 0.6741503370000002 2.2500104129999996
v 0.6135763095 0.6741507465000001 1.9770287355
v 0.6135763095 0.7318408860000001 1.9770287355
v 0.6135763095 0.7318406340000001 2.2500106335
v 1.1477868885 0.6741505260000001 2.2500106335
v 1.1477868885 0.6741505260000001 1.9770289875
v 1.1477868885 0.7318408860000001 1.9770289875
v 1.1477868885 0.7318408860000001 2.2500106335
v 0.993277467 0.6741504630000001 1.9770289875
v 0.993277467 0.6741504630000001 2.2500106335
v 0.993277467 0.7318408230000002 2.2500106335
v 0.993277467 0.7318408230000002 1.9770289875
v 1.1477868885 0.6741505260000001 1.9770289875
v 0.993277467 0.6741504630000001 1.9770289875
v 0.993277467 0.7318408230000002 1.9770289875
v 1.1477868885 0.7318408860000001 1.9770289875
v -0.0009276435 0.9075130470000001 1.163803662
v 0.110636631 0.9075129525000001 1.163863386
v 0.1106366625 0.8415601740000002 1.16386326
v -0.0009276435 0.8415603000000001 1.163803662
v 0.110636631 0.9075129525000001 1.163863386
v 0.110636631 0.9075129525000001 1.5683275755
v 0.1106366625 0.8415601740000002 1.5683275755
v 0.1106366625 0.8415601740000002 1.16386326
v -0.0009276435 0.7318408230000002 1.9765855934999998
v 0.0718710615 0.7318409805000001 1.9768071645
v 0.071871093 0.6741506835000002 1.9768071645
v -0.0009276435 0.6741505260000001 1.9765855934999998
v 0.0718710615 0.7318409805000001 1.9768071645
v 0.0718710615 0.7318409805000001 2.2501524465
v 0.071871093 0.6741506835000002 2.2501524465
v 0.071871093 0.6741506835000002 1.9768071645
v -1.21518558 0.9075130155000001 0.5841559080000001
v -1.21518558 0.8415602369999999 0.5841559080000001
v -1.182582135 0.841560237 1.1639228579999998
v -1.182582135 0.9075129525000001 1.1639228579999998
v -0.9570908655 0.9075130470000001 1.1639228579999998
v -0.9570908025 0.8415603630000001 1.1639228579999998
v -0.9570908025 0.8415603630000001 1.1639228579999998
v -0.9570908655 0.9075130470000001 1.1639228579999998
v -0.9570908655 0.9075130470000001 1.56882915
v -0.9570908025 0.8415603630000001 1.56882915
v -1.4893001235 1.014941088 0.11862030599999995
v -1.4899612770000001 0.907530372 0.11862030599999995
v -1.4893001235 1.049832945 -2.520000000642837e-7
v -1.4893001235 1.014941088 0.11862030599999995
v -1.2151854540000002 0.8415602369999999 0.16927117199999994
v -1.21518558 0.9075130155000001 0.16936082099999997
v -0.9184094955000001 0.907513047 0.16936082099999997
v -1.4100396975 0.14020146000000017 2.8765393649999997
v -1.3415534055 0.14020149150000016 2.8765391445
v -1.4100396975 0.14020146000000017 2.8765393649999997
v -1.4100399179999998 0.4348286775000002 2.515206204
v -1.4100396975 -0.10611716849999982 2.8765393649999997
v -1.3415534055 0.14020149150000016 2.8765391445
v -1.3415534055 -0.10611726299999982 2.8765391445
v -1.3415536575 0.4348289295000002 2.515206204
v -1.21518558 0.9075130155000001 0.16936082099999997
v -1.21518558 0.9075130155000001 0.5841559080000001
v -1.1554197795 0.9075130155000001 0.7108009335
v -0.112491918 0.9075129525000001 1.163863386
v -0.421286796 0.9075129525000001 1.1639228579999998
v -0.421286796 0.9075129525000001 1.1639228579999998
v -0.64677816 0.9075128895000002 1.1639228579999998
v -0.9570908655 0.9075130470000001 1.1639228579999998
v -0.421286796 0.9075129525000001 1.1639228579999998
v -0.9570908655 0.9075130470000001 1.1639228579999998
v -0.9570908655 0.9075130470000001 1.1639228579999998
v -1.182582135 0.9075129525000001 1.1639228579999998
v -0.3827810385 0.9075128265 0.16936082099999997
v -0.3827810385 0.9075128265 0.5841559080000001
v -0.6771343950000001 0.9075128265 0.5841559080000001
v -0.6771343950000001 0.9075128265 0.16936082099999997
v -0.6207929280000001 0.9075128265 0.7108008075
v -0.6771343950000001 0.9075128265 0.5841559080000001
v -0.677134332 0.841560111 0.5841559080000001
v -0.3827811645 0.8415603 0.5841559080000001
v -0.3827810385 0.9075128265 0.5841559080000001
v -0.4402459845 0.9075128895000001 0.7108009335
v -0.9184094325 0.907513047 0.5841559080000001
v -0.9818519445 0.9075130155000001 0.7108009335
v -0.9184094325 0.8415603 0.16927117199999994
v -0.9184094955000001 0.907513047 0.16936082099999997
v -0.9184094325 0.907513047 0.5841559080000001
v -0.9184094325 0.8415603 0.5841559080000001
v -0.677134332 0.841560111 0.16927117199999994
v -0.6771343950000001 0.9075128265 0.16936082099999997
v -0.3827810385 0.9075128265 0.16936082099999997
v -0.3827811645 0.841560111 0.16927117199999994
v -0.0009276435 0.9075128895000001 0.16845551099999995
v -0.0009276435 0.8415603 0.16789818149999994
v -0.1530884565 0.9075128265 0.16905920849999992
v -0.1530884565 0.9075128265 0.16905920849999992
v -0.1530884565 0.8415603 0.16850213099999994
v -0.152392968 0.9075129525 0.5845420035000001
v -0.152392968 0.9075129525 0.5845420035000001
v -0.152392968 0.841560174 0.584542224
v -0.094936842 0.907513236 0.710246376
v -1.182582135 0.841560237 1.56882915
v -1.182582135 0.9075129525000001 1.56882915
v -1.182582135 0.9075129525000001 1.1639228579999998
v -1.182582135 0.841560237 1.1639228579999998
v -0.64677816 0.8415601110000002 1.1639228579999998
v -0.64677816 0.9075128895000002 1.1639228579999998
v -0.421286796 0.9075129525000001 1.1639228579999998
v -0.42128689049999996 0.8415604890000001 1.1639228579999998
v -0.64677816 0.8415603630000001 1.56882915
v -0.64677816 0.9075128895000002 1.56882915
v -0.64677816 0.9075128895000002 1.1639228579999998
v -0.64677816 0.8415601110000002 1.1639228579999998
v -0.421286796 0.9075131730000001 1.56882915
v -0.4212868275 0.841560237 1.56882915
v -0.42128689049999996 0.8415604890000001 1.1639228579999998
v -0.421286796 0.9075129525000001 1.1639228579999998
v -0.4608391095 0.7318408860000001 2.2500106335
v -0.460839141 0.6741505260000001 2.2500104129999996
v -0.460839141 0.6741505260000001 1.9770287355
v -0.4608391095 0.7318410435000001 1.9770287355
v -0.615431628 0.6741507465000001 1.9770287355
v -0.615431628 0.7318408860000001 1.9770287355
v -0.4608391095 0.7318410435000001 1.9770287355
v -0.460839141 0.6741505260000001 1.9770287355
v -0.6154316910000001 0.6741503370000002 2.2500104129999996
v -0.615431628 0.7318406340000001 2.2500106335
v -0.615431628 0.7318408860000001 1.9770287355
v -0.615431628 0.6741507465000001 1.9770287355
v -1.149642207 0.6741505260000001 2.2500106335
v -1.149642207 0.7318408860000001 2.2500106335
v -1.149642207 0.7318408860000001 1.9770289875
v -1.149642207 0.6741505260000001 1.9770289875
v -0.995132754 0.6741504630000001 1.9770289875
v -0.995132754 0.7318408230000002 1.9770289875
v -0.995132754 0.7318408230000002 2.2500106335
v -0.995132754 0.6741504630000001 2.2500106335
v -1.149642207 0.6741505260000001 1.9770289875
v -1.149642207 0.7318408860000001 1.9770289875
v -0.995132754 0.7318408230000002 1.9770289875
v -0.995132754 0.6741504630000001 1.9770289875
v -0.0009276435 0.9075130470000001 1.163803662
v -0.0009276435 0.8415603000000001 1.163803662
v -0.1124919495 0.8415601740000002 1.16386326
v -0.112491918 0.9075129525000001 1.163863386
v -0.112491918 0.9075129525000001 1.163863386
v -0.1124919495 0.8415601740000002 1.16386326
v -0.1124919495 0.8415601740000002 1.5683275755
v -0.112491918 0.9075129525000001 1.5683275755
v -0.0009276435 0.7318408230000002 1.9765855934999998
v -0.0009276435 0.6741505260000001 1.9765855934999998
v -0.07372641149999999 0.6741506835000002 1.9768071645
v -0.07372638000000001 0.7318409805000001 1.9768071645
v -0.07372638000000001 0.7318409805000001 1.9768071645
v -0.07372641149999999 0.6741506835000002 1.9768071645
v -0.07372641149999999 0.6741506835000002 2.2501524465
v -0.07372638000000001 0.7318409805000001 2.2501524465
v 1.2132382185 -0.873092682 0.5841559080000001
v 1.2132382185 -0.8071399665000001 0.5841559080000001
v 1.1807268165 -0.8071399665 1.1639228579999998
v 1.1807268165 -0.8730925559999999 1.1639228579999998
v 0.955235547 -0.8730928079999999 1.1639228579999998
v 0.955235484 -0.8071399665 1.1639228579999998
v 0.955235484 -0.8071399665 1.1639228579999998
v 0.955235547 -0.8730928079999999 1.1639228579999998
v 0.955235547 -0.8730928079999999 1.56882915
v 0.955235484 -0.8071399665 1.56882915
v -0.0009276435 -0.98052066 0.11862030600000006
v 1.487444805 -0.98052066 0.11862030600000006
v 1.4881059585 -0.8731101015 0.11862030600000006
v 1.487444805 -1.0154126115 -2.519999999378239e-7
v 1.487444805 -0.98052066 0.11862030600000006
v 1.2132380925000001 -0.8071399665000001 0.16927117200000005
v 1.2132382185 -0.873092682 0.16936082100000008
v 0.916472718 -0.873092808 0.16936082100000008
v 1.487747016 -0.803966058 1.930975578
v 1.487747016 -0.803966058 1.8064712295
v 1.4874425370000002 -0.9231934319999999 1.930975578
v -1.4987445794999998 -0.8039661839999999 1.930975578
v 1.487747016 -0.803966058 1.930975578
v -1.498896945 -0.9231933689999998 1.930975578
v 1.4874425370000002 -0.9231934319999999 1.930975578
v 1.4874425370000002 -0.9231934319999999 1.8064712295
v 1.3396980870000001 -0.10611726299999982 2.8765391445
v 1.408184379 -0.10611716849999982 2.8765393649999997
v 1.408184379 -0.10611716849999982 2.8765393649999997
v 1.408184379 -0.10611716849999983 2.8036939455
v 1.4081845995 -0.4004083439999998 2.515206204
v 1.3396983390000001 -0.40040859599999984 2.515206204
v 1.3396980870000001 -0.10611726299999984 2.8036936934999996
v 1.3396980870000001 -0.10611726299999982 2.8765391445
v 1.2132382185 -0.873092682 0.16936082100000008
v 1.2132382185 -0.873092682 0.5841559080000001
v 1.158249015 -0.873092682 0.7108009335
v -0.0009276435 -0.8730928079999999 1.163803662
v 0.110636631 -0.8730925559999999 1.163863386
v 0.4194314775 -0.8730925559999999 1.1639228579999998
v 0.4194314775 -0.8730925559999999 1.1639228579999998
v 0.6449228730000001 -0.8730925559999999 1.1639228579999998
v 0.955235547 -0.8730928079999999 1.1639228579999998
v -0.0009276435 -0.8730928079999999 1.163803662
v 0.4194314775 -0.8730925559999999 1.1639228579999998
v 0.955235547 -0.8730928079999999 1.1639228579999998
v -0.0009276435 -0.8730928079999999 1.163803662
v 0.955235547 -0.8730928079999999 1.1639228579999998
v 1.1807268165 -0.8730925559999999 1.1639228579999998
v 0.378311598 -0.873092556 0.16936082100000008
v 0.378311598 -0.873092556 0.5841559080000001
v 0.6798784545 -0.873092556 0.5841559080000001
v 0.6798784545 -0.873092556 0.16936082100000008
v 0.6229566944999999 -0.873092556 0.7108008075
v 0.6798784545 -0.873092556 0.5841559080000001
v 0.6798783915000001 -0.807139746 0.5841559080000001
v 0.37831172399999996 -0.8071399665000001 0.5841559080000001
v 0.378311598 -0.873092556 0.5841559080000001
v 0.4352327595 -0.873092556 0.7108009335
v 0.9164726550000001 -0.873092808 0.5841559080000001
v 0.9807232995 -0.873092682 0.7108009335
v 0.9164726550000001 -0.8071399665000001 0.16927117200000005
v 0.916472718 -0.873092808 0.16936082100000008
v 0.9164726550000001 -0.873092808 0.5841559080000001
v 0.9164726550000001 -0.8071399665000001 0.5841559080000001
v 0.6798783915000001 -0.807139746 0.16927117200000005
v 0.6798784545 -0.873092556 0.16936082100000008
v 0.378311598 -0.873092556 0.16936082100000008
v 0.37831172399999996 -0.807139746 0.16927117200000005
v -0.0009276435 -0.873092556 0.16845551100000006
v 0.14676669 -0.873092556 0.16905920850000006
v 0.14676669 -0.873092556 0.16905920850000006
v 0.14676669 -0.8071399665000001 0.16850213100000005
v 0.14607117 -0.873092556 0.5845420035000001
v 0.14607117 -0.873092556 0.5845420035000001
v 0.14607117 -0.8071398405 0.584542224
v 0.088615044 -0.873092934 0.710246376
v 1.1807268165 -0.8071399665 1.56882915
v 1.1807268165 -0.8730925559999999 1.56882915
v 1.1807268165 -0.8730925559999999 1.1639228579999998
v 1.1807268165 -0.8071399665 1.1639228579999998
v 0.6449228730000001 -0.8071397459999999 1.1639228579999998
v 0.6449228730000001 -0.8730925559999999 1.1639228579999998
v 0.4194314775 -0.8730925559999999 1.1639228579999998
v 0.4194316035 -0.8071401555 1.1639228579999998
v 0.6449228730000001 -0.8071399665 1.56882915
v 0.6449228730000001 -0.8730925559999999 1.56882915
v 0.6449228730000001 -0.8730925559999999 1.1639228579999998
v 0.6449228730000001 -0.8071397459999999 1.1639228579999998
v 0.4194314775 -0.8730928079999999 1.56882915
v 0.41943150900000004 -0.8071399665 1.56882915
v 0.4194316035 -0.8071401555 1.1639228579999998
v 0.4194314775 -0.8730925559999999 1.1639228579999998
v 0.45898379100000003 -0.6974205524999999 2.2500106335
v 0.45898382249999997 -0.6396922349999999 2.2500104129999996
v 0.45898382249999997 -0.6396922349999999 1.9770287355
v 0.45898379100000003 -0.6974208045 1.9770287355
v 0.6135763095 -0.6396924555 1.9770287355
v 0.6135763095 -0.6974205524999999 1.9770287355
v 0.45898379100000003 -0.6974208045 1.9770287355
v 0.45898382249999997 -0.6396922349999999 1.9770287355
v 0.6135763725000001 -0.639692109 2.2500104129999996
v 0.6135763095 -0.6974203004999999 2.2500106335
v 0.6135763095 -0.6974205524999999 1.9770287355
v 0.6135763095 -0.6396924555 1.9770287355
v 1.1477868885 -0.6396922349999999 2.2500106335
v 1.1477868885 -0.6974205524999999 2.2500106335
v 1.1477868885 -0.6974205524999999 1.9770289875
v 1.1477868885 -0.6396922349999999 1.9770289875
v 0.993277467 -0.6396922349999999 1.9770289875
v 0.993277467 -0.6974205524999999 1.9770289875
v 0.993277467 -0.6974205524999999 2.2500106335
v 0.993277467 -0.6396922349999999 2.2500106335
v 1.1477868885 -0.6396922349999999 1.9770289875
v 1.1477868885 -0.6974205524999999 1.9770289875
v 0.993277467 -0.6974205524999999 1.9770289875
v 0.993277467 -0.6396922349999999 1.9770289875
v -0.0009276435 -0.8730928079999999 1.163803662
v -0.0009276435 -0.8071399665 1.163803662
v 0.1106366625 -0.8071398404999999 1.16386326
v 0.110636631 -0.8730925559999999 1.163863386
v 0.110636631 -0.8730925559999999 1.163863386
v 0.1106366625 -0.8071398404999999 1.16386326
v 0.1106366625 -0.8071398404999999 1.5683275755
v 0.110636631 -0.8730925559999999 1.5683275755
v -0.0009276435 -0.6974205524999999 1.9765855934999998
v -0.0009276435 -0.6396922349999999 1.9765855934999998
v 0.071871093 -0.6396924555 1.9768071645
v 0.0718710615 -0.6974206784999999 1.9768071645
v 0.0718710615 -0.6974206784999999 1.9768071645
v 0.071871093 -0.6396924555 1.9768071645
v 0.071871093 -0.6396924555 2.2501524465
v 0.0718710615 -0.6974206784999999 2.2501524465
v -1.212616755 -0.8071399665000001 0.5841559080000001
v -1.212616755 -0.873092682 0.5841559080000001
v -1.182582135 -0.8071399665 1.1639228579999998
v -0.9570908025 -0.8071399665 1.1639228579999998
v -0.9570908655 -0.8730928079999999 1.1639228579999998
v -1.182582135 -0.8730925559999999 1.1639228579999998
v -0.9570908025 -0.8071399665 1.1639228579999998
v -0.9570908025 -0.8071399665 1.56882915
v -0.9570908655 -0.8730928079999999 1.56882915
v -0.9570908655 -0.8730928079999999 1.1639228579999998
v -1.4893001235 -0.98052066 0.11862030600000006
v -1.4899612770000001 -0.8731101015 0.11862030600000006
v -1.4893001235 -0.98052066 0.11862030600000006
v -1.4893001235 -1.0154126115 -2.519999999378239e-7
v -1.212616629 -0.8071399665000001 0.16927117200000005
v -0.9159575040000001 -0.873092808 0.16936082100000008
v -1.212616755 -0.873092682 0.16936082100000008
v -1.3415534055 -0.10611726299999982 2.8765391445
v -1.4100396975 -0.10611716849999982 2.8765393649999997
v -1.4100396975 -0.10611716849999982 2.8765393649999997
v -1.4100399179999998 -0.4004083439999998 2.515206204
v -1.4100396975 -0.10611716849999983 2.8036939455
v -1.3415536575 -0.40040859599999984 2.515206204
v -1.3415534055 -0.10611726299999982 2.8765391445
v -1.3415534055 -0.10611726299999984 2.8036936934999996
v -0.9570908655 -0.8730928079999999 1.1639228579999998
v -0.64677816 -0.8730925559999999 1.1639228579999998
v -0.421286796 -0.8730925559999999 1.1639228579999998
v -0.421286796 -0.8730925559999999 1.1639228579999998
v -0.112491918 -0.8730925559999999 1.163863386
v -0.9570908655 -0.8730928079999999 1.1639228579999998
v -0.421286796 -0.8730925559999999 1.1639228579999998
v -1.182582135 -0.8730925559999999 1.1639228579999998
v -0.9570908655 -0.8730928079999999 1.1639228579999998
v -1.1558539125 -0.873092682 0.7108009335
v -1.212616755 -0.873092682 0.5841559080000001
v -1.212616755 -0.873092682 0.16936082100000008
v -0.37683242100000003 -0.873092556 0.5841559080000001
v -0.37683242100000003 -0.873092556 0.16936082100000008
v -0.6765619455 -0.873092556 0.16936082100000008
v -0.6765619455 -0.873092556 0.5841559080000001
v -0.6765618825 -0.807139746 0.5841559080000001
v -0.6765619455 -0.873092556 0.5841559080000001
v -0.619640217 -0.873092556 0.7108008075
v -0.37683254699999996 -0.8071399665000001 0.5841559080000001
v -0.4337535825 -0.873092556 0.7108009335
v -0.37683242100000003 -0.873092556 0.5841559080000001
v -0.9727201575000001 -0.873092682 0.7108009335
v -0.915957441 -0.873092808 0.5841559080000001
v -0.915957441 -0.8071399665000001 0.16927117200000005
v -0.915957441 -0.8071399665000001 0.5841559080000001
v -0.915957441 -0.873092808 0.5841559080000001
v -0.9159575040000001 -0.873092808 0.16936082100000008
v -0.6765618825 -0.807139746 0.16927117200000005
v -0.37683254699999996 -0.807139746 0.16927117200000005
v -0.37683242100000003 -0.873092556 0.16936082100000008
v -0.6765619455 -0.873092556 0.16936082100000008
v -0.0009276435 -0.873092556 0.16845551100000006
v -0.15171782849999998 -0.873092556 0.16905920850000006
v -0.0009276435 -0.8071399665000001 0.16789818150000005
v -0.15171782849999998 -0.873092556 0.16905920850000006
v -0.1510223085 -0.873092556 0.5845420035000001
v -0.15171782849999998 -0.8071399665000001 0.16850213100000005
v -0.1510223085 -0.873092556 0.5845420035000001
v -0.09356621400000001 -0.873092934 0.710246376
v -0.15102234 -0.8071398405 0.584542224
v -1.182582135 -0.8071399665 1.56882915
v -1.182582135 -0.8071399665 1.1639228579999998
v -1.182582135 -0.8730925559999999 1.1639228579999998
v -1.182582135 -0.8730925559999999 1.56882915
v -0.64677816 -0.8071397459999999 1.1639228579999998
v -0.42128689049999996 -0.8071401555 1.1639228579999998
v -0.421286796 -0.8730925559999999 1.1639228579999998
v -0.64677816 -0.8730925559999999 1.1639228579999998
v -0.64677816 -0.8071399665 1.56882915
v -0.64677816 -0.8071397459999999 1.1639228579999998
v -0.64677816 -0.8730925559999999 1.1639228579999998
v -0.64677816 -0.8730925559999999 1.56882915
v -0.421286796 -0.8730928079999999 1.56882915
v -0.421286796 -0.8730925559999999 1.1639228579999998
v -0.42128689049999996 -0.8071401555 1.1639228579999998
v -0.4212868275 -0.8071399665 1.56882915
v -0.4608391095 -0.6974205524999999 2.2500106335
v -0.4608391095 -0.6974208045 1.9770287355
v -0.460839141 -0.6396922349999999 1.9770287355
v -0.460839141 -0.6396922349999999 2.2500104129999996
v -0.615431628 -0.6396924555 1.9770287355
v -0.460839141 -0.6396922349999999 1.9770287355
v -0.4608391095 -0.6974208045 1.9770287355
v -0.615431628 -0.6974205524999999 1.9770287355
v -0.6154316910000001 -0.639692109 2.2500104129999996
v -0.615431628 -0.6396924555 1.9770287355
v -0.615431628 -0.6974205524999999 1.9770287355
v -0.615431628 -0.6974203004999999 2.2500106335
v -1.149642207 -0.6396922349999999 2.2500106335
v -1.149642207 -0.6396922349999999 1.9770289875
v -1.149642207 -0.6974205524999999 1.9770289875
v -1.149642207 -0.6974205524999999 2.2500106335
v -0.995132754 -0.6396922349999999 1.9770289875
v -0.995132754 -0.6396922349999999 2.2500106335
v -0.995132754 -0.6974205524999999 2.2500106335
v -0.995132754 -0.6974205524999999 1.9770289875
v -1.149642207 -0.6396922349999999 1.9770289875
v -0.995132754 -0.6396922349999999 1.9770289875
v -0.995132754 -0.6974205524999999 1.9770289875
v -1.149642207 -0.6974205524999999 1.9770289875
v -0.0009276435 -0.8730928079999999 1.163803662
v -0.112491918 -0.8730925559999999 1.163863386
v -0.1124919495 -0.8071398404999999 1.16386326
v -0.0009276435 -0.8071399665 1.163803662
v -0.112491918 -0.8730925559999999 1.163863386
v -0.112491918 -0.8730925559999999 1.5683275755
v -0.1124919495 -0.8071398404999999 1.5683275755
v -0.1124919495 -0.8071398404999999 1.16386326
v -0.0009276435 -0.6974205524999999 1.9765855934999998
v -0.07372638000000001 -0.6974206784999999 1.9768071645
v -0.07372641149999999 -0.6396924555 1.9768071645
v -0.0009276435 -0.6396922349999999 1.9765855934999998
v -0.07372638000000001 -0.6974206784999999 1.9768071645
v -0.07372638000000001 -0.6974206784999999 2.2501524465
v -0.07372641149999999 -0.6396924555 2.2501524465
v -0.07372641149999999 -0.6396924555 1.9768071645
v -1.4987443275 0.8383864860000001 1.930975578
v -1.4987443275 0.8383864860000001 1.8064712295
v -1.4988967245 0.957613734 1.8064712295
v -1.4988967245 0.957613734 1.930975578
v -1.4987445794999998 -0.8039661839999999 1.930975578
v -1.498896945 -0.9231933689999998 1.930975578
v -1.498896945 -0.9231933689999998 1.8064712295
v -1.4987445794999998 -0.8039661839999999 1.8064712295
v 0.787646412 0.14160702150000018 3.0397394159999997
v 0.787646412 -0.10796530499999982 3.0397394159999997
v 0.889620984 0.2918193705000001 2.696879871
v 0.787646412 0.14160702150000018 3.0397394159999997
v -0.0009276435 0.1423328445000002 3.0397394159999997
v 1.5148367955000002 0.9075128895000002 1.8360958454999998
v 1.5153532695 0.01721015100000011 1.8360960975
v 1.5145777395000002 0.7318408230000002 2.414292867
v 1.514838843 0.7318408230000002 1.8360958454999998
v 1.5153532695 0.01721015100000011 1.8360960975
v 1.51586253 0.017210151000000146 2.4142926465
v 1.5145777395000002 0.3430203525000002 2.5553423385
v 1.5145777395000002 0.7318408230000002 2.414292867
v 1.51586253 0.017210151000000146 2.4142926465
v 1.5145777395000002 0.3430203525000002 2.5553423385
v 1.51586253 0.017210151000000146 2.4142926465
v 1.515099726 0.017210151000000173 2.8068042555
v 1.5145777395000002 0.3430203525000002 2.5553423385
v 1.515099726 0.017210151000000173 2.8068042555
v 1.5145777395000002 0.14019304950000017 2.8068042555
v 0.6276646215 0.47610010350000015 2.768983182
v 0.4501685475 0.47610010350000015 2.768983182
v 0.6276646215 -0.4406061554999998 2.768983182
v 0.6276646215 0.47610010350000015 2.768983182
v 0.775442493 0.47610010350000015 2.4830340255
v 0.4501685475 0.47610010350000015 2.768983182
v 0.4501685475 -0.4406061554999998 2.768983182
v 1.455443136 0.8099699265000001 1.8315137925
v 1.4557143510000001 0.8076100410000001 2.419857153
v 1.3576844295 0.8099699265000001 1.8315137925
v 1.358436303 0.8076102300000001 2.419857153
v 1.358436303 0.8076102300000001 2.419857153
v 1.4557143510000001 0.8076100410000001 2.419857153
v 1.423288377 0.7477460550000001 2.4974884305000002
v 1.390862403 0.7477460550000001 2.4974884305000002
v 1.4557143510000001 0.6280200675000002 2.419857153
v 1.358436303 0.6280194060000002 2.419857153
v 1.390862403 0.6878828565000001 2.4974884305000002
v 1.423288377 0.6878827305000002 2.4974884305000002
v 1.358436303 0.8076102300000001 2.419857153
v 1.390862403 0.7477460550000001 2.4974884305000002
v 1.390862403 0.6878828565000001 2.4974884305000002
v 1.358436303 0.6280194060000002 2.419857153
v 1.4557143510000001 0.6280200675000002 2.419857153
v 1.423288377 0.6878827305000002 2.4974884305000002
v 1.423288377 0.7477460550000001 2.4974884305000002
v 1.4557143510000001 0.8076100410000001 2.419857153
v 0.889621047 -0.25672600799999984 2.696879871
v 0.889620984 0.2918193705000001 2.696879871
v 0.9915955875 0.5028756390000002 2.4938621505
v 0.3023907075 0.47610010350000015 2.4830340255
v -0.7895017305 -0.10723948199999982 3.0397394159999997
v -0.7895017305 0.1423328445000002 3.0397394159999997
v -0.7895017305 0.1423328445000002 3.0397394159999997
v -0.8914763025 0.2918193705000001 2.696879871
v -1.516692114 0.9075128895000002 1.8360958454999998
v -1.5173357219999999 0.01721015100000011 1.8360960975
v -1.5173357219999999 0.01721015100000011 1.8360960975
v -1.5166941615 0.7318408230000002 1.8360958454999998
v -1.516433058 0.7318408230000002 2.414292867
v -1.5177178485 0.017210151000000146 2.4142926465
v -1.516433058 0.3430203525000002 2.5553423385
v -1.516433058 0.14019304950000017 2.8068042555
v -1.5169550445 0.017210151000000173 2.8068042555
v -1.516433058 0.3430203525000002 2.5553423385
v -1.5169550445 0.017210151000000173 2.8068042555
v -1.5177178485 0.017210151000000146 2.4142926465
v -1.516433058 0.3430203525000002 2.5553423385
v -1.5177178485 0.017210151000000146 2.4142926465
v -1.516433058 0.7318408230000002 2.414292867
v -0.452023866 0.47610010350000015 2.768983182
v -0.62951994 0.47610010350000015 2.768983182
v -0.62951994 -0.4406061554999998 2.768983182
v -0.7772978115 0.47610010350000015 2.4830340255
v -0.62951994 0.47610010350000015 2.768983182
v -0.452023866 0.47610010350000015 2.768983182
v -0.452023866 -0.4406061554999998 2.768983182
v -1.4572984545 0.8099699265000001 1.8315137925
v -1.4575696695 0.8076100410000001 2.419857153
v -1.359539748 0.8099699265000001 1.8315137925
v -1.3602916215 0.8076102300000001 2.419857153
v -1.3602916215 0.8076102300000001 2.419857153
v -1.3927177215000002 0.7477460550000001 2.4974884305000002
v -1.4251436955 0.7477460550000001 2.4974884305000002
v -1.4575696695 0.8076100410000001 2.419857153
v -1.4575696695 0.6280200675000002 2.419857153
v -1.4251436955 0.6878827305000002 2.4974884305000002
v -1.3927177215000002 0.6878828565000001 2.4974884305000002
v -1.3602916215 0.6280194060000002 2.419857153
v -1.3602916215 0.8076102300000001 2.419857153
v -1.3602916215 0.6280194060000002 2.419857153
v -1.3927177215000002 0.6878828565000001 2.4974884305000002
v -1.3927177215000002 0.7477460550000001 2.4974884305000002
v -1.4575696695 0.6280200675000002 2.419857153
v -1.4575696695 0.8076100410000001 2.419857153
v -1.4251436955 0.7477460550000001 2.4974884305000002
v -1.4251436955 0.6878827305000002 2.4974884305000002
v -0.8914763655000001 -0.25672600799999984 2.696879871
v -0.8914763025 0.2918193705000001 2.696879871
v -0.993450906 0.5028756390000002 2.4938621505
v -0.304246026 0.47610010350000015 2.4830340255
v 1.5148367955000002 -0.8730925559999999 1.8360958454999998
v 1.51586253 0.017210151000000146 2.4142926465
v 1.5153532695 0.01721015100000011 1.8360960975
v 1.514838843 -0.6974205524999999 1.8360958454999998
v 1.5145777395000002 -0.6974205524999999 2.414292867
v 1.51586253 0.017210151000000146 2.4142926465
v 1.5145777395000002 -0.30859998749999984 2.5553423385
v 1.5145777395000002 -0.10577271599999984 2.8068042555
v 1.515099726 0.017210151000000173 2.8068042555
v 1.5145777395000002 -0.30859998749999984 2.5553423385
v 1.515099726 0.017210151000000173 2.8068042555
v 1.51586253 0.017210151000000146 2.4142926465
v 1.5145777395000002 -0.30859998749999984 2.5553423385
v 1.51586253 0.017210151000000146 2.4142926465
v 1.5145777395000002 -0.6974205524999999 2.414292867
v 0.775442493 -0.4406060924999998 2.4830340255
v 0.3023907075 -0.4406061554999998 2.4830340255
v 0.4501685475 -0.4406061554999998 2.768983182
v 0.6276646215 -0.4406061554999998 2.768983182
v 1.455443136 -0.7755495614999999 1.8315137925
v 1.4557143510000001 -0.773189802 2.419857153
v 1.3576844295 -0.7755495614999999 1.8315137925
v 1.358436303 -0.773189928 2.419857153
v 1.358436303 -0.773189928 2.419857153
v 1.390862403 -0.7133258159999999 2.4974884305000002
v 1.423288377 -0.7133258159999999 2.4974884305000002
v 1.4557143510000001 -0.773189802 2.419857153
v 1.4557143510000001 -0.5935997654999998 2.419857153
v 1.423288377 -0.6534624284999998 2.4974884305000002
v 1.390862403 -0.6534625544999999 2.4974884305000002
v 1.358436303 -0.5935990409999999 2.419857153
v 1.358436303 -0.773189928 2.419857153
v 1.358436303 -0.5935990409999999 2.419857153
v 1.390862403 -0.6534625544999999 2.4974884305000002
v 1.390862403 -0.7133258159999999 2.4974884305000002
v 1.4557143510000001 -0.5935997654999998 2.419857153
v 1.4557143510000001 -0.773189802 2.419857153
v 1.423288377 -0.7133258159999999 2.4974884305000002
v 1.423288377 -0.6534624284999998 2.4974884305000002
v -1.516692114 -0.8730925559999999 1.8360958454999998
v -1.5177178485 0.017210151000000146 2.4142926465
v -1.516433058 -0.6974205524999999 2.414292867
v -1.5166941615 -0.6974205524999999 1.8360958454999998
v -1.5173357219999999 0.01721015100000011 1.8360960975
v -1.5177178485 0.017210151000000146 2.4142926465
v -1.516433058 -0.30859998749999984 2.5553423385
v -1.516433058 -0.6974205524999999 2.414292867
v -1.5177178485 0.017210151000000146 2.4142926465
v -1.516433058 -0.30859998749999984 2.5553423385
v -1.5177178485 0.017210151000000146 2.4142926465
v -1.5169550445 0.017210151000000173 2.8068042555
v -1.516433058 -0.30859998749999984 2.5553423385
v -1.5169550445 0.017210151000000173 2.8068042555
v -1.516433058 -0.10577271599999984 2.8068042555
v -0.7772978115 -0.4406060924999998 2.4830340255
v -0.62951994 -0.4406061554999998 2.768983182
v -0.452023866 -0.4406061554999998 2.768983182
v -0.304246026 -0.4406061554999998 2.4830340255
v -1.4572984545 -0.7755495614999999 1.8315137925
v -1.4575696695 -0.773189802 2.419857153
v -1.359539748 -0.7755495614999999 1.8315137925
v -1.3602916215 -0.773189928 2.419857153
v -1.3602916215 -0.773189928 2.419857153
v -1.4575696695 -0.773189802 2.419857153
v -1.4251436955 -0.7133258159999999 2.4974884305000002
v -1.3927177215000002 -0.7133258159999999 2.4974884305000002
v -1.4575696695 -0.5935997654999998 2.419857153
v -1.3602916215 -0.5935990409999999 2.419857153
v -1.3927177215000002 -0.6534625544999999 2.4974884305000002
v -1.4251436955 -0.6534624284999998 2.4974884305000002
v -1.3602916215 -0.773189928 2.419857153
v -1.3927177215000002 -0.7133258159999999 2.4974884305000002
v -1.3927177215000002 -0.6534625544999999 2.4974884305000002
v -1.3602916215 -0.5935990409999999 2.419857153
v -1.4575696695 -0.5935997654999998 2.419857153
v -1.4251436955 -0.6534624284999998 2.4974884305000002
v -1.4251436955 -0.7133258159999999 2.4974884305000002
v -1.4575696695 -0.773189802 2.419857153
v -0.0009276435 0.6741505260000001 1.9765855934999998
v -0.0009276435 0.6741505260000001 2.250293976
v -0.0009276435 1.0149408675 0.11862030599999995
v -0.0009276435 0.907530498 0.11862030599999995
v -0.0009276435 1.049832945 -2.520000000642837e-7
v -0.0009276435 1.0149408675 0.11862030599999995
v -0.0009276435 0.7318408230000002 1.8360958454999998
v -0.0009276435 0.7318408230000002 1.9765855934999998
v -0.0009276435 0.7318408230000002 2.250293976
v -0.0009276435 0.7318407600000001 2.414292867
v -0.0009276435 0.9075128265000001 1.5678260325
v -0.0009276435 0.9075128265000001 1.8360958454999998
v -0.0009276435 0.90751311 0.7479123120000001
v -0.0009276435 0.9075130470000001 1.163803662
v -0.0009276435 0.9075130470000001 1.163803662
v -0.0009276435 0.9075130470000001 1.163803662
v -0.0009276435 0.9075130470000001 1.163803662
v -0.0009276435 0.8415601110000002 1.5678260325
v -0.0009276435 0.8415603000000001 1.163803662
v -0.0009276435 0.9075128265 0.0029105999999999442
v -0.0009276435 0.9075128895000001 0.16845551099999995
v -0.0009276435 -0.6396922349999999 1.9765855934999998
v -0.0009276435 -0.6396922349999999 2.250294228
v -0.0009276435 -0.8731101015 0.11862030600000006
v -0.0009276435 -0.98052066 0.11862030600000006
v -0.0009276435 -0.98052066 0.11862030600000006
v -0.0009276435 -1.0154126115 -2.519999999378239e-7
v -0.0009276435 -0.6974205524999999 1.8360958454999998
v -0.0009276435 -0.6974205524999999 1.9765855934999998
v -0.0009276435 -0.6974204264999999 2.414292867
v -0.0009276435 -0.6974205524999999 2.250294228
v -0.0009276435 -0.8730925559999999 1.8360958454999998
v -0.0009276435 -0.8730925559999999 1.5678260325
v -0.0009276435 -0.8730928079999999 1.163803662
v -0.0009276435 -0.8730928079999999 1.163803662
v -0.0009276435 -0.8730928079999999 1.163803662
v -0.0009276435 -0.8730928079999999 1.163803662
v -0.0009276435 -0.873092808 0.7479123120000001
v -0.0009276435 -0.8071397459999999 1.5678260325
v -0.0009276435 -0.8071399665 1.163803662
v -0.0009276435 -0.873092556 0.002910600000000053
v -0.0009276435 -0.873092556 0.16845551100000006
v -0.0009276435 0.841560552 0.752890194
v -0.0009276435 0.8415603 0.16789818149999994
v -0.0009276435 -0.8071401555000001 0.752890194
v -0.0009276435 -0.8071399665000001 0.16789818150000005
v -0.0009276435 -0.10723948199999982 3.0397394159999997
v -0.0009276435 0.1423328445000002 3.0397394159999997
v -0.0009276435 0.2918193705000001 2.696879871
v -0.0009276435 0.1423328445000002 3.0397394159999997
v -0.0009276435 0.01721015100000011 1.8360960975
v -0.0009276435 0.9075128265000001 1.8360958454999998
v -0.0009276435 0.14019308100000016 2.8068042555
v -0.0009276435 0.3430204155000002 2.5553423385
v -0.0009276435 0.017210151000000173 2.8068042555
v -0.0009276435 0.7318407600000001 2.414292867
v -0.0009276435 0.5028756390000002 2.4938621505
v 1.5153532695 0.01721015100000011 1.8360960975
v 1.515099726 0.017210151000000173 2.8068042555
v 1.5153532695 0.01721015100000011 1.8360960975
v 1.515861081 0.017210151 0.002910599999999999
v -0.0009276435 -0.25739903699999983 2.696879871
v -0.0009276435 -0.10723948199999982 3.0397394159999997
v -0.0009276435 -0.8730925559999999 1.8360958454999998
v -1.5173357219999999 0.01721015100000011 1.8360960975
v -0.0009276435 -0.10577271599999984 2.8068042555
v -0.0009276435 -0.30860011349999983 2.5553423385
v -1.5169550445 0.017210151000000173 2.8068042555
v -0.0009276435 -0.6974204264999999 2.414292867
v -1.5177163994999998 0.017210151 0.002910599999999999
v -1.5173357219999999 0.01721015100000011 1.8360960975
v -0.0009276435 -0.4684553054999998 2.4938621505
vt 0.859684 0.342405
vt 0.859699 0.285611
vt 0.859699 0.266743
vt 0.295831 0.823266
vt 0.440747 0.890931
vt 0.285381 0.844447
vt 0.177951 0.660104
vt 0.177951 0.724968
vt 0.177951 0.814232
vt 0.177951 0.879096
vt 0.071218 0.660104
vt 0.071218 0.724968
vt 0.439828 0.736397
vt 0.831093 0.867059
vt 0.831093 0.822589
vt 0.852826 0.341194
vt 0.852456 0.374466
vt 0.853043 0.342393
vt 0.853055 0.285611
vt 0.853055 0.266743
vt 0.177951 0.724968
vt 0.071218 0.724968
vt 0.177951 0.814232
vt 0.071218 0.879096
vt 0.831093 0.822589
vt 0.831093 0.668919
vt 0.759136 0.668919
vt 0.281797 0.026704
vt 0.281797 0.062272
vt 0.281623 0.093169
vt 0.969005 0.998709
vt 0.936186 0.998709
vt 0.907261 0.998740
vt 0.874442 0.998832
vt 0.936670 0.103778
vt 0.905241 0.103778
vt 0.905242 0.139593
vt 0.936670 0.139592
vt 0.825376 0.386083
vt 0.825376 0.499202
vt 0.846106 0.499202
vt 0.845974 0.386055
vt 0.868072 0.386081
vt 0.811428 0.386087
vt 0.811442 0.485504
vt 0.868156 0.499202
vt 0.245917 0.038658
vt 0.287919 0.692838
vt 0.759098 0.978415
vt 0.071218 0.879096
vt 0.071350 0.967923
vt 0.296210 0.974312
vt 0.330633 0.955074
vt 0.831152 0.978415
vt 0.759098 0.978415
vt 0.853053 0.341183
vt 0.673487 0.093168
vt 0.673574 0.062270
vt 0.673574 0.026703
vt 0.440574 0.805194
vt 0.296409 0.716149
vt 0.330184 0.889051
vt 0.296830 0.870194
vt 0.327846 0.804372
vt 0.331039 0.736788
vt 0.852820 0.285839
vt 0.852826 0.341194
vt 0.852820 0.285839
vt 0.852820 0.267181
vt 0.852820 0.267181
vt 0.853055 0.267181
vt 0.853055 0.285839
vt 0.440072 0.957091
vt 0.853055 0.267181
vt 0.853055 0.285839
vt 0.071218 0.814232
vt 0.759136 0.822589
vt 0.759136 0.713365
vt 0.831093 0.713365
vt 0.831093 0.668919
vt 0.759136 0.668919
vt 0.177951 0.660104
vt 0.071218 0.660104
vt 0.177951 0.879096
vt 0.071218 0.814232
vt 0.759136 0.867059
vt 0.831093 0.867059
vt 0.759136 0.822589
vt 0.759136 0.713365
vt 0.831093 0.713365
vt 0.759136 0.867059
vt 0.831152 0.978415
vt 0.177967 0.967923
vt 0.177967 0.967923
vt 0.071350 0.967923
vt 0.177967 0.967923
vt 0.177951 0.879096
vt 0.071218 0.879096
vt 0.071350 0.967923
vt 0.852823 0.341200
vt 0.852823 0.341200
vt 0.440574 0.805194
vt 0.439828 0.736397
vt 0.331039 0.736788
vt 0.327846 0.804372
vt 0.853043 0.342060
vt 0.852457 0.373867
vt 0.177951 0.660104
vt 0.071218 0.660104
vt 0.071218 0.724968
vt 0.177951 0.724968
vt 0.177951 0.660104
vt 0.071218 0.660104
vt 0.071218 0.724968
vt 0.071218 0.814232
vt 0.177951 0.814232
vt 0.177951 0.724968
vt 0.071218 0.814232
vt 0.071218 0.879096
vt 0.177951 0.879096
vt 0.177951 0.814232
vt 0.759098 0.978415
vt 0.759061 0.999308
vt 0.831210 0.999308
vt 0.831152 0.978415
vt 0.759136 0.822589
vt 0.759136 0.867059
vt 0.831093 0.867059
vt 0.831093 0.822589
vt 0.759136 0.713365
vt 0.759136 0.822589
vt 0.831093 0.822589
vt 0.831093 0.713365
vt 0.759136 0.668919
vt 0.831093 0.668919
vt 0.831093 0.713365
vt 0.831093 0.668919
vt 0.759136 0.668919
vt 0.759136 0.713365
vt 0.859689 0.342071
vt 0.859699 0.285746
vt 0.853055 0.285746
vt 0.859699 0.267559
vt 0.853055 0.267559
vt 0.281797 0.062272
vt 0.281623 0.093169
vt 0.281797 0.026704
vt 0.245917 0.038658
vt 0.825376 0.386083
vt 0.825376 0.499202
vt 0.846106 0.499202
vt 0.845974 0.386055
vt 0.811428 0.386087
vt 0.811442 0.485504
vt 0.868156 0.499202
vt 0.868072 0.386081
vt 0.868243 0.999308
vt 0.831093 0.867059
vt 0.831152 0.978415
vt 0.831210 0.999308
vt 0.759061 0.999308
vt 0.759098 0.978415
vt 0.759136 0.867059
vt 0.071482 0.999927
vt 0.177983 0.999927
vt 0.286404 0.998254
vt 0.296210 0.974312
vt 0.330633 0.955074
vt 0.440072 0.957091
vt 0.440747 0.890931
vt 0.330184 0.889051
vt 0.296830 0.870194
vt 0.285381 0.844447
vt 0.295831 0.823266
vt 0.296409 0.716149
vt 0.287919 0.692838
vt 0.177967 0.967923
vt 0.071350 0.967923
vt 0.071482 0.999927
vt 0.177983 0.999927
vt 0.483994 0.999927
vt 0.440356 0.999927
vt 0.853049 0.341189
vt 0.853020 0.364203
vt 0.852820 0.285846
vt 0.852820 0.285846
vt 0.852820 0.267477
vt 0.852820 0.267477
vt 0.853055 0.285846
vt 0.853055 0.267477
vt 0.853055 0.285846
vt 0.853055 0.267477
vt 0.177967 0.967923
vt 0.177951 0.879096
vt 0.071218 0.879096
vt 0.071350 0.967923
vt 0.852823 0.341262
vt 0.852823 0.341262
vt 0.440574 0.805194
vt 0.439828 0.736397
vt 0.331039 0.736788
vt 0.327846 0.804372
vt 0.853043 0.342066
vt 0.852457 0.373878
vt 0.177951 0.660104
vt 0.071218 0.660104
vt 0.071218 0.724968
vt 0.177951 0.724968
vt 0.177951 0.660104
vt 0.071218 0.660104
vt 0.071218 0.724968
vt 0.071218 0.814232
vt 0.177951 0.814232
vt 0.177951 0.724968
vt 0.071218 0.814232
vt 0.071218 0.879096
vt 0.177951 0.879096
vt 0.177951 0.814232
vt 0.759098 0.978415
vt 0.759061 0.999308
vt 0.831210 0.999308
vt 0.831152 0.978415
vt 0.759136 0.822589
vt 0.759136 0.867059
vt 0.831093 0.867059
vt 0.831093 0.822589
vt 0.759136 0.713365
vt 0.759136 0.822589
vt 0.831093 0.822589
vt 0.831093 0.713365
vt 0.759136 0.668919
vt 0.831093 0.668919
vt 0.831093 0.713365
vt 0.831093 0.668919
vt 0.759136 0.668919
vt 0.759136 0.713365
vt 0.859689 0.342077
vt 0.859699 0.285743
vt 0.853055 0.285743
vt 0.859699 0.267702
vt 0.853055 0.267702
vt 0.673487 0.093168
vt 0.673574 0.062270
vt 0.281797 0.062272
vt 0.281623 0.093169
vt 0.673574 0.026703
vt 0.281797 0.026704
vt 0.245917 0.038658
vt 0.936670 0.103778
vt 0.905241 0.103778
vt 0.905242 0.139593
vt 0.936670 0.139592
vt 0.874442 0.998832
vt 0.907261 0.998740
vt 0.936186 0.998709
vt 0.969005 0.998709
vt 0.825376 0.386083
vt 0.825545 0.559267
vt 0.846107 0.559047
vt 0.845974 0.386055
vt 0.811428 0.386087
vt 0.811106 0.559322
vt 0.868156 0.559047
vt 0.868072 0.386081
vt 0.868243 0.999308
vt 0.831093 0.867059
vt 0.831152 0.978415
vt 0.831210 0.999308
vt 0.759061 0.999308
vt 0.759098 0.978415
vt 0.759136 0.867059
vt 0.071482 0.999927
vt 0.177983 0.999927
vt 0.286404 0.998254
vt 0.296210 0.974312
vt 0.330633 0.955074
vt 0.440072 0.957091
vt 0.440747 0.890931
vt 0.330184 0.889051
vt 0.296830 0.870194
vt 0.285381 0.844447
vt 0.295831 0.823266
vt 0.296409 0.716149
vt 0.287919 0.692838
vt 0.177967 0.967923
vt 0.071350 0.967923
vt 0.071482 0.999927
vt 0.177983 0.999927
vt 0.483994 0.999927
vt 0.440356 0.999927
vt 0.853048 0.341251
vt 0.853020 0.364203
vt 0.852820 0.285859
vt 0.852820 0.285859
vt 0.852820 0.267229
vt 0.852820 0.267229
vt 0.853055 0.285859
vt 0.853055 0.267229
vt 0.853055 0.285859
vt 0.853055 0.267229
vt 0.177967 0.967923
vt 0.071350 0.967923
vt 0.071218 0.879096
vt 0.177951 0.879096
vt 0.852825 0.341108
vt 0.852825 0.341108
vt 0.440574 0.805194
vt 0.327846 0.804372
vt 0.331039 0.736788
vt 0.439828 0.736397
vt 0.853044 0.342228
vt 0.852457 0.374293
vt 0.177951 0.660104
vt 0.071218 0.660104
vt 0.071218 0.724968
vt 0.071218 0.660104
vt 0.177951 0.660104
vt 0.177951 0.724968
vt 0.071218 0.724968
vt 0.177951 0.724968
vt 0.177951 0.814232
vt 0.071218 0.814232
vt 0.071218 0.814232
vt 0.177951 0.814232
vt 0.177951 0.879096
vt 0.071218 0.879096
vt 0.759098 0.978415
vt 0.831152 0.978415
vt 0.759136 0.822589
vt 0.831093 0.822589
vt 0.831093 0.867059
vt 0.759136 0.867059
vt 0.759136 0.713365
vt 0.831093 0.713365
vt 0.831093 0.822589
vt 0.759136 0.822589
vt 0.759136 0.668919
vt 0.831093 0.668919
vt 0.831093 0.713365
vt 0.759136 0.713365
vt 0.759136 0.668919
vt 0.831093 0.668919
vt 0.859686 0.342239
vt 0.853055 0.285678
vt 0.859699 0.285678
vt 0.853055 0.266876
vt 0.859699 0.266876
vt 0.281623 0.093169
vt 0.281797 0.062272
vt 0.281797 0.026704
vt 0.245917 0.038658
vt 0.825376 0.386083
vt 0.845974 0.386055
vt 0.846107 0.559047
vt 0.825545 0.559267
vt 0.811428 0.386087
vt 0.811106 0.559322
vt 0.868156 0.559047
vt 0.868072 0.386081
vt 0.831152 0.978415
vt 0.831093 0.867059
vt 0.759136 0.867059
vt 0.759098 0.978415
vt 0.287919 0.692838
vt 0.296409 0.716149
vt 0.295831 0.823266
vt 0.285381 0.844447
vt 0.296830 0.870194
vt 0.330184 0.889051
vt 0.440747 0.890931
vt 0.440072 0.957091
vt 0.330633 0.955074
vt 0.296210 0.974312
vt 0.177967 0.967923
vt 0.071350 0.967923
vt 0.853053 0.341097
vt 0.852820 0.285885
vt 0.852820 0.285885
vt 0.852820 0.267293
vt 0.852820 0.267293
vt 0.853055 0.267293
vt 0.853055 0.285885
vt 0.853055 0.285885
vt 0.853055 0.267293
vt 0.000766 0.563995
vt 0.484186 0.563933
vt 0.715831 0.563409
vt 0.868243 0.563334
vt 0.000766 0.563995
vt 0.000766 0.999948
vt 0.715831 0.563409
vt 0.715831 0.999308
vt 0.484186 0.563933
vt 0.868243 0.563334
vt 0.000766 0.563995
vt 0.000766 0.999948
vt 0.715831 0.563409
vt 0.715831 0.999308
vt 0.484186 0.563933
vt 0.868243 0.563334
vt 0.000766 0.563995
vt 0.715831 0.563409
vt 0.484186 0.563933
vt 0.868243 0.563334
vt 0.287189 0.795627
vt 0.287189 0.895145
vt 0.286626 0.642657
vt 0.286626 0.741174
vt 0.286896 0.949553
vt 0.287046 0.889919
vt 0.287189 0.805162
vt 0.286626 0.642657
vt 0.286626 0.741174
vt 0.286896 0.949553
vt 0.286978 0.999940
vt 0.287189 0.895145
vt 0.287189 0.795627
vt 0.286626 0.642657
vt 0.286626 0.741174
vt 0.286896 0.949553
vt 0.286978 0.999940
vt 0.287189 0.895145
vt 0.287189 0.795627
vt 0.286626 0.642657
vt 0.286626 0.741174
vt 0.286896 0.949553
vt 0.440608 0.806715
vt 0.439831 0.737033
vt 0.440010 0.651924
vt 0.437635 0.956499
vt 0.441072 0.891757
vt 0.440416 0.889820
vt 0.440563 0.805064
vt 0.439986 0.650431
vt 0.439826 0.735939
vt 0.437635 0.956499
vt 0.437987 0.999335
vt 0.440414 0.890575
vt 0.440541 0.803755
vt 0.439986 0.650457
vt 0.439826 0.735962
vt 0.437635 0.956499
vt 0.437987 0.999335
vt 0.441086 0.891571
vt 0.440583 0.805243
vt 0.439985 0.651158
vt 0.439828 0.736656
vt 0.437635 0.956499
vt 0.677787 0.122479
vt 0.421921 0.122484
vt 0.582751 0.290729
vt 0.516963 0.290730
vt 0.066302 0.294558
vt 0.001523 0.294282
vt 0.806439 0.386063
vt 0.484186 0.563933
vt 0.712774 0.563868
vt 0.245541 0.093398
vt 0.603745 0.563868
vt 0.518585 0.563868
vt 0.572645 0.296623
vt 0.619433 0.296623
vt 0.709876 0.288420
vt 0.709876 0.152343
vt 0.572645 0.560011
vt 0.619433 0.560011
vt 0.487798 0.560011
vt 0.704280 0.560011
vt 0.768350 0.182900
vt 0.776897 0.182899
vt 0.776897 0.165679
vt 0.768350 0.165679
vt 0.832966 0.380924
vt 0.832500 0.211534
vt 0.785445 0.211099
vt 0.785552 0.380924
vt 0.760040 0.212736
vt 0.760571 0.380342
vt 0.712700 0.212737
vt 0.713249 0.380925
vt 0.622154 0.187832
vt 0.477557 0.187835
vt 0.622154 0.187832
vt 0.477557 0.187835
vt 0.516963 0.290730
vt 0.582751 0.290729
vt 0.164896 0.294971
vt 0.806439 0.386063
vt 0.806439 0.561097
vt 0.603745 0.563868
vt 0.518585 0.563868
vt 0.518585 0.997801
vt 0.603746 0.997801
vt 0.712774 0.563868
vt 0.712774 0.997801
vt 0.484186 0.563933
vt 0.245541 0.093398
vt 0.572645 0.296623
vt 0.572645 0.560011
vt 0.619433 0.296623
vt 0.709876 0.288420
vt 0.709876 0.152343
vt 0.619433 0.560011
vt 0.704280 0.560011
vt 0.776897 0.165679
vt 0.768350 0.165679
vt 0.768350 0.182900
vt 0.776897 0.182899
vt 0.785445 0.211099
vt 0.785552 0.380924
vt 0.832966 0.380924
vt 0.832500 0.211534
vt 0.760040 0.212736
vt 0.760571 0.380342
vt 0.712700 0.212737
vt 0.713249 0.380925
vt 0.677787 0.122479
vt 0.421921 0.122484
vt 0.242090 0.295295
vt 0.487798 0.560011
vt 0.067094 0.070767
vt 0.066302 0.294558
vt 0.164896 0.294971
vt 0.165790 0.042389
vt 0.806439 0.386063
vt 0.710180 0.386033
vt 0.710180 0.561105
vt 0.806439 0.561097
vt 0.603745 0.563868
vt 0.518585 0.563868
vt 0.518585 0.997801
vt 0.603746 0.997801
vt 0.490148 0.563717
vt 0.490148 0.997801
vt 0.712774 0.563868
vt 0.712774 0.997801
vt 0.484305 0.306849
vt 0.484186 0.563933
vt 0.245541 0.093398
vt 0.397952 0.298016
vt 0.776897 0.165679
vt 0.768350 0.165679
vt 0.768350 0.182900
vt 0.776897 0.182899
vt 0.785445 0.211099
vt 0.785552 0.380924
vt 0.832966 0.380924
vt 0.832500 0.211534
vt 0.760040 0.212736
vt 0.760571 0.380342
vt 0.712700 0.212737
vt 0.713249 0.380925
vt 0.242090 0.295295
vt 0.243087 0.013147
vt 0.067094 0.070767
vt 0.165790 0.042389
vt 0.806439 0.386063
vt 0.710180 0.386033
vt 0.603745 0.563868
vt 0.518585 0.563868
vt 0.490148 0.563717
vt 0.712774 0.563868
vt 0.484305 0.306849
vt 0.484186 0.563933
vt 0.245541 0.093398
vt 0.397952 0.298016
vt 0.776897 0.165679
vt 0.776897 0.182899
vt 0.768350 0.182900
vt 0.768350 0.165679
vt 0.785445 0.211099
vt 0.832500 0.211534
vt 0.832966 0.380924
vt 0.785552 0.380924
vt 0.760040 0.212736
vt 0.760571 0.380342
vt 0.712700 0.212737
vt 0.713249 0.380925
vt 0.243087 0.013147
vt 0.853055 0.285611
vt 0.859699 0.285611
vt 0.852739 0.201485
vt 0.852739 0.266350
vt 0.860125 0.266350
vt 0.860125 0.201485
vt 0.852739 0.266350
vt 0.852389 0.374063
vt 0.859775 0.374063
vt 0.860125 0.266350
vt 0.281797 0.062272
vt 0.673574 0.062270
vt 0.254634 0.070991
vt 0.281797 0.062272
vt 0.281797 0.026704
vt 0.853043 0.342393
vt 0.859098 0.374477
vt 0.859684 0.342405
vt 0.905242 0.139593
vt 0.872423 0.139685
vt 0.936670 0.139592
vt 0.905242 0.139593
vt 0.907261 0.998740
vt 0.968997 0.139646
vt 0.936670 0.139592
vt 0.936186 0.998709
vt 0.825376 0.499202
vt 0.846106 0.499202
vt 0.825376 0.499202
vt 0.825376 0.386083
vt 0.825545 0.559267
vt 0.846106 0.499202
vt 0.846107 0.559047
vt 0.845974 0.386055
vt 0.177951 0.724968
vt 0.177951 0.814232
vt 0.177951 0.879096
vt 0.177951 0.879096
vt 0.177967 0.967923
vt 0.177951 0.724968
vt 0.177951 0.879096
vt 0.177983 0.999927
vt 0.177951 0.660104
vt 0.177951 0.724968
vt 0.177983 0.999927
vt 0.177983 0.999927
vt 0.297566 0.666644
vt 0.331331 0.651259
vt 0.439992 0.650993
vt 0.859464 0.285839
vt 0.859466 0.341183
vt 0.859466 0.341183
vt 0.859464 0.285839
vt 0.852820 0.285839
vt 0.859464 0.285839
vt 0.859464 0.267181
vt 0.852820 0.285839
vt 0.859464 0.267181
vt 0.859464 0.285839
vt 0.859699 0.267181
vt 0.859699 0.285839
vt 0.853053 0.341183
vt 0.853055 0.285839
vt 0.859699 0.285839
vt 0.859693 0.341194
vt 0.853402 0.371254
vt 0.852826 0.341194
vt 0.859466 0.341183
vt 0.860041 0.371242
vt 0.859666 0.364190
vt 0.859693 0.341194
vt 0.859693 0.341194
vt 0.859699 0.285839
vt 0.853053 0.341183
vt 0.859699 0.285839
vt 0.859699 0.267181
vt 0.853055 0.285839
vt 0.852389 0.374063
vt 0.852739 0.266350
vt 0.860125 0.266350
vt 0.859775 0.374063
vt 0.852739 0.201485
vt 0.852739 0.266350
vt 0.860125 0.266350
vt 0.860125 0.201485
vt 0.852389 0.374063
vt 0.852739 0.266350
vt 0.860125 0.266350
vt 0.859775 0.374063
vt 0.859775 0.374063
vt 0.860125 0.266350
vt 0.852739 0.266350
vt 0.852389 0.374063
vt 0.859775 0.374063
vt 0.860125 0.266350
vt 0.852739 0.266350
vt 0.852389 0.374063
vt 0.852739 0.201485
vt 0.852739 0.266350
vt 0.860125 0.266350
vt 0.860125 0.201485
vt 0.852389 0.374063
vt 0.852739 0.266350
vt 0.860125 0.266350
vt 0.859775 0.374063
vt 0.852870 0.374063
vt 0.852520 0.266350
vt 0.859906 0.266350
vt 0.860256 0.374063
vt 0.852520 0.266350
vt 0.852870 0.374063
vt 0.860256 0.374063
vt 0.859906 0.266350
vt 0.852520 0.266350
vt 0.852520 0.201485
vt 0.859906 0.201485
vt 0.859906 0.266350
vt 0.859994 0.231905
vt 0.859906 0.266350
vt 0.852520 0.266350
vt 0.852608 0.231905
vt 0.859906 0.266350
vt 0.860256 0.374063
vt 0.852870 0.374063
vt 0.852520 0.266350
vt 0.859994 0.231905
vt 0.859906 0.266350
vt 0.852520 0.266350
vt 0.852608 0.231905
vt 0.859906 0.266350
vt 0.860256 0.374063
vt 0.852870 0.374063
vt 0.852520 0.266350
vt 0.859699 0.285746
vt 0.853055 0.285746
vt 0.852739 0.201485
vt 0.860125 0.201485
vt 0.860125 0.266350
vt 0.852739 0.266350
vt 0.852739 0.266350
vt 0.860125 0.266350
vt 0.859775 0.374063
vt 0.852389 0.374063
vt 0.281797 0.062272
vt 0.254634 0.070991
vt 0.281797 0.026704
vt 0.281797 0.062272
vt 0.853043 0.342060
vt 0.859689 0.342071
vt 0.859104 0.373879
vt 0.825376 0.499202
vt 0.846106 0.499202
vt 0.825376 0.499202
vt 0.825376 0.386083
vt 0.825545 0.559267
vt 0.846106 0.499202
vt 0.846107 0.559047
vt 0.845974 0.386055
vt 0.439992 0.650993
vt 0.331331 0.651259
vt 0.297566 0.666644
vt 0.177967 0.967923
vt 0.177951 0.879096
vt 0.177951 0.879096
vt 0.177951 0.814232
vt 0.177951 0.724968
vt 0.177951 0.879096
vt 0.177951 0.724968
vt 0.177951 0.724968
vt 0.177951 0.660104
vt 0.859470 0.341189
vt 0.859464 0.285846
vt 0.859464 0.285846
vt 0.859470 0.341189
vt 0.859464 0.267477
vt 0.859464 0.285846
vt 0.852820 0.285846
vt 0.852820 0.285846
vt 0.859464 0.285846
vt 0.859464 0.267477
vt 0.859699 0.285846
vt 0.859699 0.267477
vt 0.853049 0.341189
vt 0.859696 0.341200
vt 0.859699 0.285846
vt 0.853055 0.285846
vt 0.853402 0.372069
vt 0.860051 0.372058
vt 0.859470 0.341189
vt 0.852823 0.341200
vt 0.859666 0.364190
vt 0.853020 0.364203
vt 0.859696 0.341200
vt 0.859696 0.341200
vt 0.853049 0.341189
vt 0.859699 0.285846
vt 0.859699 0.285846
vt 0.853055 0.285846
vt 0.859699 0.267477
vt 0.852389 0.374063
vt 0.859775 0.374063
vt 0.860125 0.266350
vt 0.852739 0.266350
vt 0.852739 0.201485
vt 0.860125 0.201485
vt 0.860125 0.266350
vt 0.852739 0.266350
vt 0.852389 0.374063
vt 0.859775 0.374063
vt 0.860125 0.266350
vt 0.852739 0.266350
vt 0.859775 0.374063
vt 0.852389 0.374063
vt 0.852739 0.266350
vt 0.860125 0.266350
vt 0.859775 0.374063
vt 0.852389 0.374063
vt 0.852739 0.266350
vt 0.860125 0.266350
vt 0.852739 0.201485
vt 0.860125 0.201485
vt 0.860125 0.266350
vt 0.852739 0.266350
vt 0.852389 0.374063
vt 0.859775 0.374063
vt 0.860125 0.266350
vt 0.852739 0.266350
vt 0.852870 0.374063
vt 0.860256 0.374063
vt 0.859906 0.266350
vt 0.852520 0.266350
vt 0.852520 0.266350
vt 0.859906 0.266350
vt 0.860256 0.374063
vt 0.852870 0.374063
vt 0.852520 0.266350
vt 0.859906 0.266350
vt 0.859906 0.201485
vt 0.852520 0.201485
vt 0.859994 0.231905
vt 0.852608 0.231905
vt 0.852520 0.266350
vt 0.859906 0.266350
vt 0.859906 0.266350
vt 0.852520 0.266350
vt 0.852870 0.374063
vt 0.860256 0.374063
vt 0.859994 0.231905
vt 0.852608 0.231905
vt 0.852520 0.266350
vt 0.859906 0.266350
vt 0.859906 0.266350
vt 0.852520 0.266350
vt 0.852870 0.374063
vt 0.860256 0.374063
vt 0.859699 0.285743
vt 0.853055 0.285743
vt 0.852739 0.201485
vt 0.860125 0.201485
vt 0.860125 0.266350
vt 0.852739 0.266350
vt 0.852739 0.266350
vt 0.860125 0.266350
vt 0.859775 0.374063
vt 0.852389 0.374063
vt 0.673574 0.062270
vt 0.281797 0.062272
vt 0.254634 0.070991
vt 0.281797 0.026704
vt 0.281797 0.062272
vt 0.853043 0.342066
vt 0.859689 0.342077
vt 0.859104 0.373890
vt 0.905242 0.139593
vt 0.872423 0.139685
vt 0.936670 0.139592
vt 0.907261 0.998740
vt 0.905242 0.139593
vt 0.936186 0.998709
vt 0.936670 0.139592
vt 0.968997 0.139646
vt 0.846106 0.499202
vt 0.825376 0.499202
vt 0.825376 0.499202
vt 0.811442 0.485504
vt 0.825376 0.386083
vt 0.845974 0.386055
vt 0.868156 0.499202
vt 0.846106 0.499202
vt 0.439992 0.650993
vt 0.331331 0.651259
vt 0.297566 0.666644
vt 0.177983 0.999927
vt 0.177967 0.967923
vt 0.177951 0.879096
vt 0.177951 0.879096
vt 0.177951 0.814232
vt 0.177951 0.724968
vt 0.177983 0.999927
vt 0.177951 0.879096
vt 0.177951 0.724968
vt 0.177983 0.999927
vt 0.177951 0.724968
vt 0.177951 0.660104
vt 0.859471 0.341251
vt 0.859464 0.285859
vt 0.859464 0.285859
vt 0.859471 0.341251
vt 0.859464 0.267229
vt 0.859464 0.285859
vt 0.852820 0.285859
vt 0.852820 0.285859
vt 0.859464 0.285859
vt 0.859464 0.267229
vt 0.859699 0.285859
vt 0.859699 0.267229
vt 0.853048 0.341251
vt 0.859697 0.341262
vt 0.859699 0.285859
vt 0.853055 0.285859
vt 0.853048 0.372666
vt 0.859696 0.372654
vt 0.859113 0.341251
vt 0.852464 0.341262
vt 0.859666 0.364190
vt 0.859697 0.341262
vt 0.859697 0.341262
vt 0.853048 0.341251
vt 0.859699 0.285859
vt 0.859699 0.285859
vt 0.853055 0.285859
vt 0.859699 0.267229
vt 0.852389 0.374063
vt 0.859775 0.374063
vt 0.860125 0.266350
vt 0.852739 0.266350
vt 0.852739 0.201485
vt 0.860125 0.201485
vt 0.860125 0.266350
vt 0.852739 0.266350
vt 0.852389 0.374063
vt 0.859775 0.374063
vt 0.860125 0.266350
vt 0.852739 0.266350
vt 0.859775 0.374063
vt 0.852389 0.374063
vt 0.852739 0.266350
vt 0.860125 0.266350
vt 0.859775 0.374063
vt 0.852389 0.374063
vt 0.852739 0.266350
vt 0.860125 0.266350
vt 0.852739 0.201485
vt 0.860125 0.201485
vt 0.860125 0.266350
vt 0.852739 0.266350
vt 0.852389 0.374063
vt 0.859775 0.374063
vt 0.860125 0.266350
vt 0.852739 0.266350
vt 0.852870 0.374063
vt 0.860256 0.374063
vt 0.859906 0.266350
vt 0.852519 0.266350
vt 0.852519 0.266350
vt 0.859906 0.266350
vt 0.860256 0.374063
vt 0.852870 0.374063
vt 0.852519 0.266350
vt 0.859906 0.266350
vt 0.859906 0.201485
vt 0.852519 0.201485
vt 0.859921 0.231905
vt 0.852535 0.231905
vt 0.852447 0.266350
vt 0.859833 0.266350
vt 0.859833 0.266350
vt 0.852447 0.266350
vt 0.852797 0.374063
vt 0.860183 0.374063
vt 0.859994 0.231905
vt 0.852608 0.231905
vt 0.852519 0.266350
vt 0.859906 0.266350
vt 0.859906 0.266350
vt 0.852519 0.266350
vt 0.852870 0.374063
vt 0.860256 0.374063
vt 0.853055 0.285678
vt 0.859699 0.285678
vt 0.852739 0.201485
vt 0.852739 0.266350
vt 0.860125 0.266350
vt 0.860125 0.201485
vt 0.852739 0.266350
vt 0.852389 0.374063
vt 0.859775 0.374063
vt 0.860125 0.266350
vt 0.281797 0.062272
vt 0.254634 0.070991
vt 0.281797 0.062272
vt 0.281797 0.026704
vt 0.853044 0.342228
vt 0.859099 0.374304
vt 0.859686 0.342239
vt 0.846106 0.499202
vt 0.825376 0.499202
vt 0.825376 0.499202
vt 0.825376 0.386083
vt 0.811442 0.485504
vt 0.845974 0.386055
vt 0.846106 0.499202
vt 0.868156 0.499202
vt 0.177951 0.724968
vt 0.177951 0.814232
vt 0.177951 0.879096
vt 0.177951 0.879096
vt 0.177967 0.967923
vt 0.177951 0.724968
vt 0.177951 0.879096
vt 0.177951 0.660104
vt 0.177951 0.724968
vt 0.297566 0.666644
vt 0.331331 0.651259
vt 0.439992 0.650993
vt 0.859464 0.285885
vt 0.859466 0.341097
vt 0.859466 0.341097
vt 0.859464 0.285885
vt 0.852820 0.285885
vt 0.859464 0.285885
vt 0.859464 0.267293
vt 0.852820 0.285885
vt 0.859464 0.267293
vt 0.859464 0.285885
vt 0.859699 0.267293
vt 0.859699 0.285885
vt 0.853053 0.341097
vt 0.853055 0.285885
vt 0.859699 0.285885
vt 0.859694 0.341108
vt 0.853406 0.371916
vt 0.852825 0.341108
vt 0.859466 0.341097
vt 0.860045 0.371904
vt 0.859666 0.364190
vt 0.859694 0.341108
vt 0.853020 0.364203
vt 0.859694 0.341108
vt 0.859699 0.285885
vt 0.853053 0.341097
vt 0.859699 0.285885
vt 0.859699 0.267293
vt 0.853055 0.285885
vt 0.852389 0.374063
vt 0.852739 0.266350
vt 0.860125 0.266350
vt 0.859775 0.374063
vt 0.852739 0.201485
vt 0.852739 0.266350
vt 0.860125 0.266350
vt 0.860125 0.201485
vt 0.852389 0.374063
vt 0.852739 0.266350
vt 0.860125 0.266350
vt 0.859775 0.374063
vt 0.859775 0.374063
vt 0.860125 0.266350
vt 0.852739 0.266350
vt 0.852389 0.374063
vt 0.859775 0.374063
vt 0.860125 0.266350
vt 0.852739 0.266350
vt 0.852389 0.374063
vt 0.852739 0.201485
vt 0.852739 0.266350
vt 0.860125 0.266350
vt 0.860125 0.201485
vt 0.852389 0.374063
vt 0.852739 0.266350
vt 0.860125 0.266350
vt 0.859775 0.374063
vt 0.852870 0.374063
vt 0.852519 0.266350
vt 0.859906 0.266350
vt 0.860256 0.374063
vt 0.852519 0.266350
vt 0.852870 0.374063
vt 0.860256 0.374063
vt 0.859906 0.266350
vt 0.852519 0.266350
vt 0.852519 0.201485
vt 0.859906 0.201485
vt 0.859906 0.266350
vt 0.859921 0.231905
vt 0.859833 0.266350
vt 0.852447 0.266350
vt 0.852535 0.231905
vt 0.859833 0.266350
vt 0.860183 0.374063
vt 0.852797 0.374063
vt 0.852447 0.266350
vt 0.859994 0.231905
vt 0.859906 0.266350
vt 0.852519 0.266350
vt 0.852608 0.231905
vt 0.859906 0.266350
vt 0.860256 0.374063
vt 0.852870 0.374063
vt 0.852519 0.266350
vt 0.905242 0.139593
vt 0.905241 0.103778
vt 0.936670 0.103778
vt 0.936670 0.139592
vt 0.905242 0.139593
vt 0.936670 0.139592
vt 0.936670 0.103778
vt 0.905241 0.103778
vt 0.067094 0.070767
vt 0.002315 0.070491
vt 0.165790 0.042389
vt 0.067094 0.070767
vt 0.066302 0.294558
vt 0.000766 0.563995
vt 0.001077 0.306849
vt 0.397954 0.093399
vt 0.245541 0.093398
vt 0.245539 0.298015
vt 0.397952 0.298016
vt 0.435133 0.205247
vt 0.397954 0.093399
vt 0.397952 0.298016
vt 0.435133 0.205247
vt 0.397952 0.298016
vt 0.501418 0.298017
vt 0.435133 0.205247
vt 0.501418 0.298017
vt 0.501418 0.263592
vt 0.636476 0.194852
vt 0.636476 0.245910
vt 0.572645 0.560011
vt 0.572645 0.296623
vt 0.487798 0.296623
vt 0.619433 0.296623
vt 0.619433 0.560011
vt 0.785552 0.380924
vt 0.785445 0.211099
vt 0.760571 0.380342
vt 0.760040 0.212736
vt 0.760040 0.212736
vt 0.785445 0.211099
vt 0.776897 0.182899
vt 0.768350 0.182900
vt 0.832500 0.211534
vt 0.847208 0.188612
vt 0.821137 0.180078
vt 0.816235 0.187383
vt 0.760040 0.212736
vt 0.744260 0.188536
vt 0.728480 0.188536
vt 0.712700 0.212737
vt 0.832500 0.211534
vt 0.816235 0.187383
vt 0.800987 0.187482
vt 0.785445 0.211099
vt 0.477557 0.187835
vt 0.622154 0.187832
vt 0.243087 0.013147
vt 0.704280 0.296623
vt 0.002315 0.070491
vt 0.067094 0.070767
vt 0.067094 0.070767
vt 0.165790 0.042389
vt 0.000766 0.563995
vt 0.001077 0.306849
vt 0.245539 0.298015
vt 0.245541 0.093398
vt 0.397954 0.093399
vt 0.397952 0.298016
vt 0.435133 0.205247
vt 0.501418 0.263592
vt 0.501418 0.298017
vt 0.435133 0.205247
vt 0.501418 0.298017
vt 0.397952 0.298016
vt 0.435133 0.205247
vt 0.397952 0.298016
vt 0.397954 0.093399
vt 0.636476 0.245910
vt 0.636476 0.194852
vt 0.572645 0.560011
vt 0.487798 0.296623
vt 0.572645 0.296623
vt 0.619433 0.296623
vt 0.619433 0.560011
vt 0.785552 0.380924
vt 0.785445 0.211099
vt 0.760571 0.380342
vt 0.760040 0.212736
vt 0.760040 0.212736
vt 0.768350 0.182900
vt 0.776897 0.182899
vt 0.785445 0.211099
vt 0.832500 0.211534
vt 0.816235 0.187383
vt 0.821137 0.180078
vt 0.847208 0.188612
vt 0.760040 0.212736
vt 0.712700 0.212737
vt 0.728480 0.188536
vt 0.744260 0.188536
vt 0.832500 0.211534
vt 0.785445 0.211099
vt 0.800987 0.187482
vt 0.816235 0.187383
vt 0.477557 0.187835
vt 0.622154 0.187832
vt 0.243087 0.013147
vt 0.704280 0.296623
vt 0.000766 0.563995
vt 0.397952 0.298016
vt 0.245539 0.298015
vt 0.245541 0.093398
vt 0.397954 0.093399
vt 0.397952 0.298016
vt 0.435133 0.205247
vt 0.501418 0.263592
vt 0.501418 0.298017
vt 0.435133 0.205247
vt 0.501418 0.298017
vt 0.397952 0.298016
vt 0.435133 0.205247
vt 0.397952 0.298016
vt 0.397954 0.093399
vt 0.709876 0.152343
vt 0.709876 0.288420
vt 0.636476 0.245910
vt 0.636476 0.194852
vt 0.785552 0.380924
vt 0.785445 0.211099
vt 0.760571 0.380342
vt 0.760040 0.212736
vt 0.760040 0.212736
vt 0.768350 0.182900
vt 0.776897 0.182899
vt 0.785445 0.211099
vt 0.832500 0.211534
vt 0.816235 0.187383
vt 0.821137 0.180078
vt 0.847208 0.188612
vt 0.760040 0.212736
vt 0.712700 0.212737
vt 0.728480 0.188536
vt 0.744260 0.188536
vt 0.832500 0.211534
vt 0.785445 0.211099
vt 0.800987 0.187482
vt 0.816235 0.187383
vt 0.000766 0.563995
vt 0.397952 0.298016
vt 0.397954 0.093399
vt 0.245541 0.093398
vt 0.245539 0.298015
vt 0.397952 0.298016
vt 0.435133 0.205247
vt 0.397954 0.093399
vt 0.397952 0.298016
vt 0.435133 0.205247
vt 0.397952 0.298016
vt 0.501418 0.298017
vt 0.435133 0.205247
vt 0.501418 0.298017
vt 0.501418 0.263592
vt 0.709876 0.152343
vt 0.636476 0.194852
vt 0.636476 0.245910
vt 0.709876 0.288420
vt 0.785552 0.380924
vt 0.785445 0.211099
vt 0.760571 0.380342
vt 0.760040 0.212736
vt 0.760040 0.212736
vt 0.785445 0.211099
vt 0.776897 0.182899
vt 0.768350 0.182900
vt 0.832500 0.211534
vt 0.847208 0.188612
vt 0.821137 0.180078
vt 0.816235 0.187383
vt 0.760040 0.212736
vt 0.744260 0.188536
vt 0.728480 0.188536
vt 0.712700 0.212737
vt 0.832500 0.211534
vt 0.816235 0.187383
vt 0.800987 0.187482
vt 0.785445 0.211099
vt 0.831210 0.999308
vt 0.759061 0.999308
vt 0.673574 0.062270
vt 0.673487 0.093168
vt 0.673574 0.026703
vt 0.673574 0.062270
vt 0.868243 0.999308
vt 0.831210 0.999308
vt 0.759061 0.999308
vt 0.715831 0.999308
vt 0.071482 0.999927
vt 0.000766 0.999948
vt 0.286404 0.998254
vt 0.177983 0.999927
vt 0.177983 0.999927
vt 0.177983 0.999927
vt 0.177983 0.999927
vt 0.071482 0.999927
vt 0.177983 0.999927
vt 0.483994 0.999927
vt 0.440356 0.999927
vt 0.831210 0.999308
vt 0.759061 0.999308
vt 0.673487 0.093168
vt 0.673574 0.062270
vt 0.673574 0.062270
vt 0.673574 0.026703
vt 0.868243 0.999308
vt 0.831210 0.999308
vt 0.715831 0.999308
vt 0.759061 0.999308
vt 0.000766 0.999948
vt 0.071482 0.999927
vt 0.177983 0.999927
vt 0.177983 0.999927
vt 0.177983 0.999927
vt 0.177983 0.999927
vt 0.286404 0.998254
vt 0.071482 0.999927
vt 0.177983 0.999927
vt 0.483994 0.999927
vt 0.440356 0.999927
vt 0.286978 0.999940
vt 0.437987 0.999335
vt 0.286978 0.999940
vt 0.437987 0.999335
vt 0.001523 0.294282
vt 0.066302 0.294558
vt 0.164896 0.294971
vt 0.066302 0.294558
vt 0.710180 0.561105
vt 0.806439 0.561097
vt 0.518585 0.997801
vt 0.603746 0.997801
vt 0.490148 0.997801
vt 0.712774 0.997801
vt 0.242090 0.295295
vt 0.710180 0.386033
vt 0.490148 0.563717
vt 0.001077 0.306849
vt 0.484305 0.306849
vt 0.164896 0.294971
vt 0.066302 0.294558
vt 0.806439 0.561097
vt 0.710180 0.386033
vt 0.518585 0.997801
vt 0.603746 0.997801
vt 0.490148 0.563717
vt 0.712774 0.997801
vt 0.484305 0.306849
vt 0.001077 0.306849
vt 0.242090 0.295295
vn -1 2E-06 -1.2246467991473532E-22
vn -1 0 0
vn -0.912534 1.9999999999749557E-06 -0.409001
vn 6E-06 1 6.999999999938768E-06
vn 0 1 -6.123233995736766E-17
vn -1E-06 1 -1.0000000000612324E-06
vn 0 1 -6.123233995736766E-17
vn -1E-06 1 -6.123233995736766E-17
vn -1E-06 1 -6.123233995736766E-17
vn 0 1 -1.0000000000612324E-06
vn 0 1 -6.123233995736766E-17
vn -1E-06 1 -6.123233995736766E-17
vn -1E-06 1 -6.123233995736766E-17
vn 1E-06 1 -6.000000000061232E-06
vn 0 1 -6.123233995736766E-17
vn -1 1E-06 -6.123233995736766E-23
vn -0 -0.0013589999999999388 0.999999
vn -1 2E-06 -1.2246467991473532E-22
vn -1 2E-06 -1.2246467991473532E-22
vn -0.912533 -2.5044149507243287E-17 -0.409002
vn 1E-06 1 -6.123233995736766E-17
vn 1E-06 1 -6.123233995736766E-17
vn 2E-06 1 -1.0000000000612324E-06
vn -1E-06 1 9.999999999387675E-07
vn -2E-06 1 1.9999999999387675E-06
vn -0 1 -6.123233995736766E-17
vn -0 1 -6.123233995736766E-17
vn -0 0.959358 0.28219299999999997
vn 0 6.123233995736766E-17 1
vn 0 6.123233995736766E-17 1
vn 0 1 -6.123233995736766E-17
vn 0 6.123233995736766E-17 1
vn -0 -1 6.123233995736766E-17
vn -0 -1 6.123233995736766E-17
vn 0.999997 0.002554 -1.5638739625111698E-19
vn 0.999997 0.002554 -1.5638739625111698E-19
vn 0.999997 0.002554 -1.5638739625111698E-19
vn 0.999997 0.002554 -1.5638739625111698E-19
vn 3E-06 0.775016 0.631941
vn -2E-06 0.775017 0.63194
vn 3E-06 0.775016 0.631941
vn 3E-06 0.775016 0.631941
vn -1 -1E-06 -1E-06
vn 1 6.123233995736766E-23 1E-06
vn 1 -1E-06 6.123233995736766E-23
vn -1 0 0
vn 0.999993 0.00228 -0.002838
vn 0 1 -6.123233995736766E-17
vn -2E-06 1 2.1999999999938766E-05
vn -1E-06 1 -6.123233995736766E-17
vn -1E-06 1 -6.123233995736766E-17
vn -1E-06 1 -6.123233995736766E-17
vn 1.1E-05 1 1.9999999999387675E-06
vn -2E-06 1 -6.123233995736766E-17
vn -2E-06 1 -6.123233995736766E-17
vn -0.004125 -0.00844599999999994 0.999956
vn 0 6.123233995736766E-17 1
vn 0 6.123233995736766E-17 1
vn 0 0.959358 0.28219299999999997
vn -1E-06 1 -6.123233995736766E-17
vn -0 1 9.999999999387675E-07
vn 0 1 -6.123233995736766E-17
vn 1E-06 1 -1.0000000000612324E-06
vn -1E-06 1 -6.123233995736766E-17
vn -1E-06 1 -6.123233995736766E-17
vn 1 2E-06 -1.2246467991473532E-22
vn 1 2E-06 -1.2246467991473532E-22
vn -1 1E-06 -6.123233995736766E-23
vn -0.912106 9.999999999748975E-07 -0.409954
vn 0.912108 1.9999999999748977E-06 -0.409951
vn 0.899382 -1.0000000000267685E-06 -0.437163
vn 0.899382 -1.0000000000267685E-06 -0.437163
vn 0 1 -6.123233995736766E-17
vn -0.909498 -3.0000000000254547E-06 -0.415707
vn -0.999999 -1.0250293708863346E-19 -0.001674
vn -1E-06 1 -6.123233995736766E-17
vn -0 1 9.999999999387675E-07
vn 0 1 -6.123233995736766E-17
vn 0 1 -6.123233995736766E-17
vn 0 1 -6.123233995736766E-17
vn 0 1 -6.123233995736766E-17
vn 1E-06 1 -6.123233995736766E-17
vn 1E-06 1 -6.123233995736766E-17
vn 2E-06 1 -1.0000000000612324E-06
vn 2E-06 1 -1.0000000000612324E-06
vn 1E-06 1 -6.123233995736766E-17
vn -2E-06 1 1.9999999999387675E-06
vn -2E-06 1 1.9999999999387675E-06
vn -0 1 -6.123233995736766E-17
vn -0 1 -6.123233995736766E-17
vn 0 1 -2.0000000000612323E-06
vn -0 1 -1.0000000000612324E-06
vn -1E-06 1 -6.123233995736766E-17
vn 1E-06 1 -6.123233995736766E-17
vn -1E-06 1 -6.123233995736766E-17
vn -0 1 -1.0000000000612324E-06
vn -0 1 -1.0000000000612324E-06
vn -0 1 -1.0000000000612324E-06
vn 1E-06 1 -6.123233995736766E-17
vn -1 2E-06 -1.2246467991473532E-22
vn 1 1E-06 -6.123233995736766E-23
vn 1E-06 1 -6.123233995736766E-17
vn 1E-06 1 -6.123233995736766E-17
vn 1E-06 1 -6.123233995736766E-17
vn 1E-06 1 -6.123233995736766E-17
vn 1 2E-06 -1.2246467991473532E-22
vn 0 -0.0013589999999999388 0.999999
vn -0 1 -6.123233995736766E-17
vn -0 1 -6.123233995736766E-17
vn -1E-06 1 -6.123233995736766E-17
vn -1E-06 1 -6.123233995736766E-17
vn -1E-06 1 -6.123233995736766E-17
vn -1E-06 1 -6.123233995736766E-17
vn 1E-06 1 -6.123233995736766E-17
vn 1E-06 1 -6.123233995736766E-17
vn 1E-06 1 -6.123233995736766E-17
vn 1E-06 1 -6.123233995736766E-17
vn 1E-06 1 9.999999999387675E-07
vn 1E-06 1 9.999999999387675E-07
vn 1E-06 1 9.999999999387675E-07
vn -2E-06 1 -1.0000000000612324E-06
vn 2E-06 1 -6.123233995736766E-17
vn -2E-06 1 -6.123233995736766E-17
vn -2E-06 1 -6.123233995736766E-17
vn 2E-06 1 -6.123233995736766E-17
vn -1E-06 1 -6.123233995736766E-17
vn -1E-06 1 -6.123233995736766E-17
vn -1E-06 1 -6.123233995736766E-17
vn 2E-06 1 1.9999999999387675E-06
vn 0 1 9.999999999387675E-07
vn 0 1 9.999999999387675E-07
vn 0 1 9.999999999387675E-07
vn -0 1 -6.123233995736766E-17
vn -0 1 -6.123233995736766E-17
vn -0 1 -6.123233995736766E-17
vn 0 1 -6.123233995736766E-17
vn 0 1 -6.123233995736766E-17
vn 0 1 -6.123233995736766E-17
vn 0 1 -6.123233995736766E-17
vn 1 0 0
vn 1 0 0
vn 1 0 0
vn 0.904356 1.9999999999738672E-06 -0.42678
vn 0.904356 1.9999999999738672E-06 -0.42678
vn 0 6.123233995736766E-17 1
vn 0 6.123233995736766E-17 1
vn 0 0.959358 0.28219299999999997
vn -0.999993 0.00228 -0.002838
vn 2E-06 0.775017 0.63194
vn 2E-06 0.775017 0.63194
vn 2E-06 0.775017 0.63194
vn -3E-06 0.775016 0.631941
vn -1 -1E-06 6.123233995736766E-23
vn -1 -1E-06 6.123233995736766E-23
vn 1 0 0
vn 1 -1E-06 -1E-06
vn 0 1 -6.123233995736766E-17
vn 0 1 -1.0000000000612324E-06
vn 2E-06 1 -6.123233995736766E-17
vn -2E-06 1 -6.123233995736766E-17
vn -0 1 -6.123233995736766E-17
vn -0 1 -2.0000000000612323E-06
vn -2E-06 1 -1.0000000000061233E-05
vn -1E-06 1 -6.123233995736766E-17
vn -1E-06 0.999995 0.003142999999999939
vn -1E-06 1 -6.123233995736766E-17
vn 1E-06 1 -6.123233995736766E-17
vn -1E-06 1 -6.123233995736766E-17
vn 0 1 -6.123233995736766E-17
vn 0 1 -6.123233995736766E-17
vn 0 1 -6.123233995736766E-17
vn -1E-06 1 -1.0000000000612324E-06
vn 1E-06 1 -1.0000000000612324E-06
vn 1E-06 1 -6.123233995736766E-17
vn 0 1 9.999999999387675E-07
vn -0 1 -6.123233995736766E-17
vn 1E-06 1 -6.123233995736766E-17
vn 1E-06 1 -6.123233995736766E-17
vn 1E-06 1 -6.123233995736766E-17
vn 1E-06 1 -6.123233995736766E-17
vn 0 1 -6.123233995736766E-17
vn 0 1 -6.123233995736766E-17
vn 0.003969 -0.008449999999999938 0.999956
vn -0.004126 -0.008449999999999938 0.999956
vn -1 2E-06 -1.2246467991473532E-22
vn 1 1E-06 -6.123233995736766E-23
vn 0.913665 -2.4889047990131278E-17 -0.406469
vn -0.91064 1.9999999999746986E-06 -0.413201
vn -0.894088 -2.7425413975845358E-17 -0.447891
vn -0.894088 -1.0000000000274254E-06 -0.447891
vn 0.999999 1.3999999999999898E-05 -0.001672
vn 0.909499 -2.0000000000254545E-06 -0.415707
vn 0 -1 -9.999999999387675E-07
vn 0 -1 -9.999999999387675E-07
vn 0 -1 -9.999999999387675E-07
vn -1E-06 -1 6.123233995736766E-17
vn 1 -2E-06 1.2246467991473532E-22
vn -1 -1E-06 6.123233995736766E-23
vn -1E-06 -1 6.123233995736766E-17
vn -1E-06 -1 6.123233995736766E-17
vn -1E-06 -1 6.123233995736766E-17
vn -1E-06 -1 6.123233995736766E-17
vn -1 -2E-06 1.2246467991473532E-22
vn 0 0.0013590000000000611 0.999999
vn 0 -1 6.123233995736766E-17
vn 0 -1 6.123233995736766E-17
vn 0 -1 6.123233995736766E-17
vn 0 -1 6.123233995736766E-17
vn 0 -1 6.123233995736766E-17
vn 0 -1 6.123233995736766E-17
vn -1E-06 -1 6.123233995736766E-17
vn -1E-06 -1 6.123233995736766E-17
vn -1E-06 -1 6.123233995736766E-17
vn -1E-06 -1 6.123233995736766E-17
vn 0 -1 6.123233995736766E-17
vn 0 -1 6.123233995736766E-17
vn 0 -1 6.123233995736766E-17
vn 2E-06 -1 -9.999999999387675E-07
vn -3E-06 -1 6.123233995736766E-17
vn -3E-06 -1 6.123233995736766E-17
vn -3E-06 -1 6.123233995736766E-17
vn -3E-06 -1 6.123233995736766E-17
vn 1E-06 -1 6.123233995736766E-17
vn 1E-06 -1 6.123233995736766E-17
vn 1E-06 -1 6.123233995736766E-17
vn -2E-06 -1 1.0000000000612324E-06
vn -1E-06 -1 1.0000000000612324E-06
vn -1E-06 -1 1.0000000000612324E-06
vn -1E-06 -1 1.0000000000612324E-06
vn 0 -1 6.123233995736766E-17
vn 0 -1 6.123233995736766E-17
vn 0 -1 6.123233995736766E-17
vn 0 -1 6.123233995736766E-17
vn 0 -1 6.123233995736766E-17
vn 0 -1 6.123233995736766E-17
vn 0 -1 6.123233995736766E-17
vn -1 0 0
vn -1 0 0
vn -1 0 0
vn -0.917266 -2.0000000000243873E-06 -0.398276
vn -0.917266 -2.0000000000243873E-06 -0.398276
vn 0 6.123233995736766E-17 1
vn 0 6.123233995736766E-17 1
vn 0 6.123233995736766E-17 1
vn 0 6.123233995736766E-17 1
vn 0 -0.959358 0.2821930000000001
vn 0 -0.959358 0.2821930000000001
vn 0.999993 -0.00228 -0.002838
vn 0.999997 -0.002554 1.5638739625111698E-19
vn 0.999997 -0.002554 1.5638739625111698E-19
vn 0.999997 -0.002554 1.5638739625111698E-19
vn 0.999997 -0.002554 1.5638739625111698E-19
vn -0 1 -6.123233995736766E-17
vn -0 1 -6.123233995736766E-17
vn 0 6.123233995736766E-17 1
vn -0 -1 6.123233995736766E-17
vn -2E-06 -0.77537 0.631507
vn -5E-06 6.123233995736766E-17 1
vn -5E-06 6.123233995736766E-17 1
vn 3E-06 -0.77537 0.631508
vn 1 1E-06 -6.123233995736766E-23
vn 1 0 0
vn -1 0 0
vn -1 1E-06 -1E-06
vn -2E-06 -1 6.123233995736766E-17
vn -0 -1 -9.999999999387675E-07
vn -2E-06 -1 6.123233995736766E-17
vn -2E-06 -1 6.123233995736766E-17
vn -2E-06 -1 1.5000000000061232E-05
vn 0 -1 -1.9999999999387675E-06
vn 2E-06 -1 -9.999999999938769E-06
vn 0 -1 6.123233995736766E-17
vn -1E-06 -1 6.123233995736766E-17
vn -1E-06 -1 6.123233995736766E-17
vn -1E-06 -1 6.123233995736766E-17
vn 0 -1 6.123233995736766E-17
vn 0 -1 6.123233995736766E-17
vn 0 -1 6.123233995736766E-17
vn 0 -1 6.123233995736766E-17
vn 0 -1 6.123233995736766E-17
vn -1E-06 -1 -9.999999999387675E-07
vn -1E-06 -1 6.123233995736766E-17
vn -0 -1 1.0000000000612324E-06
vn 0 -1 6.123233995736766E-17
vn -1E-06 -1 6.123233995736766E-17
vn -1E-06 -1 6.123233995736766E-17
vn -1E-06 -1 6.123233995736766E-17
vn 1E-06 -1 1.0000000000612324E-06
vn 0 -1 6.123233995736766E-17
vn 0 -1 6.123233995736766E-17
vn -0.004089 0.00845000000000006 0.999956
vn -0.004089 0.00845000000000006 0.999956
vn 1 -2E-06 1.2246467991473532E-22
vn -1 -1E-06 6.123233995736766E-23
vn -0.912106 -2.510250392722266E-17 -0.409955
vn 0.912108 -2.000000000025102E-06 -0.409951
vn 0.891798 -2.7703653728611636E-17 -0.452435
vn 0.891798 9.999999999722963E-07 -0.452434
vn -0.999999 -1.4000000000000101E-05 -0.001672
vn -0.909499 1.9999999999745453E-06 -0.415707
vn 1E-06 -1 6.123233995736766E-17
vn 1E-06 -1 6.123233995736766E-17
vn 1E-06 -1 6.123233995736766E-17
vn -0 -1 -9.999999999387675E-07
vn -1 -2E-06 1.2246467991473532E-22
vn 1 -1E-06 6.123233995736766E-23
vn 1E-06 -1 6.123233995736766E-17
vn 1E-06 -1 6.123233995736766E-17
vn 1E-06 -1 6.123233995736766E-17
vn 1E-06 -1 6.123233995736766E-17
vn 1 -2E-06 1.2246467991473532E-22
vn 0 0.0013590000000000611 0.999999
vn 0 -1 6.123233995736766E-17
vn 0 -1 6.123233995736766E-17
vn 0 -1 6.123233995736766E-17
vn 0 -1 6.123233995736766E-17
vn 0 -1 6.123233995736766E-17
vn 0 -1 6.123233995736766E-17
vn 1E-06 -1 6.123233995736766E-17
vn 1E-06 -1 6.123233995736766E-17
vn 1E-06 -1 6.123233995736766E-17
vn 1E-06 -1 6.123233995736766E-17
vn -2E-06 -1 -9.999999999387675E-07
vn -2E-06 -1 -9.999999999387675E-07
vn -2E-06 -1 -9.999999999387675E-07
vn 0 -1 6.123233995736766E-17
vn 3E-06 -1 6.123233995736766E-17
vn 3E-06 -1 6.123233995736766E-17
vn 2E-06 -1 1.0000000000612324E-06
vn 2E-06 -1 1.0000000000612324E-06
vn 2E-06 -1 1.0000000000612324E-06
vn -1E-06 -1 6.123233995736766E-17
vn 0 -1 6.123233995736766E-17
vn 0 -1 6.123233995736766E-17
vn 0 -1 6.123233995736766E-17
vn 1E-06 -1 1.0000000000612324E-06
vn 0 -1 6.123233995736766E-17
vn 0 -1 6.123233995736766E-17
vn 0 -1 6.123233995736766E-17
vn 0 -1 6.123233995736766E-17
vn 0 -1 6.123233995736766E-17
vn 0 -1 6.123233995736766E-17
vn 1 -2E-06 1.2246467991473532E-22
vn 1 -2E-06 1.2246467991473532E-22
vn 1 0 0
vn 0.912533 -2.5044149507243287E-17 -0.409002
vn 0.912534 -2.000000000025044E-06 -0.409001
vn 0 6.123233995736766E-17 1
vn 0 6.123233995736766E-17 1
vn 0 -0.959358 0.2821930000000001
vn -0.999993 -0.00228 -0.002838
vn -3E-06 -0.77537 0.631508
vn -3E-06 -0.77537 0.631508
vn 5E-06 6.123233995736766E-17 1
vn 5E-06 6.123233995736766E-17 1
vn -1 6.123233995736766E-23 1E-06
vn -1 0 0
vn 1 0 0
vn 1 1E-06 -1E-06
vn 0 -1 -9.999999999387675E-07
vn -2E-06 -1 -6.999999999938768E-06
vn -0 -1 -1.9999999999387675E-06
vn 2E-06 -1 1.5000000000061232E-05
vn -0 -1 6.123233995736766E-17
vn 0 -1 1.0000000000612324E-06
vn -3E-06 -1 4.000000000061232E-06
vn 1E-06 -1 -9.999999999387675E-07
vn 0 -1 6.123233995736766E-17
vn 0 -1 6.123233995736766E-17
vn 0 -1 6.123233995736766E-17
vn 0 -1 6.123233995736766E-17
vn -1.2E-05 -1 3.0000000000612325E-06
vn 1E-06 -1 6.123233995736766E-17
vn -1E-06 -1 1.0000000000612324E-06
vn 1E-06 -1 6.123233995736766E-17
vn 0.004003 0.008446000000000061 0.999956
vn -1 -2E-06 1.2246467991473532E-22
vn 1 -1E-06 6.123233995736766E-23
vn 0.912106 -1.0000000000251024E-06 -0.409954
vn -0.912108 -2.000000000025102E-06 -0.409951
vn -0.912534 9.99999999974956E-07 -0.409
vn -0.912534 9.99999999974956E-07 -0.409
vn 0.999999 -1.0250293708863346E-19 -0.001674
vn 0.909498 2.9999999999745455E-06 -0.415707
vn 0 1 -6.123233995736766E-17
vn -7E-06 1 1.9999999999387675E-06
vn 0 1 -6.123233995736766E-17
vn 0 1 -6.123233995736766E-17
vn -0 1 -6.123233995736766E-17
vn -1E-06 1 -6.123233995736766E-17
vn -0 1 -6.123233995736766E-17
vn -0 1 -6.123233995736766E-17
vn 1.4E-05 1 -6.123233995736766E-17
vn -0 1 -6.123233995736766E-17
vn 0 -1 6.123233995736766E-17
vn 0 -1 6.123233995736766E-17
vn 0 -1 6.123233995736766E-17
vn -0 -1 1.0000000000612324E-06
vn -1.4E-05 -1 6.123233995736766E-17
vn 0 -1 6.123233995736766E-17
vn 0 -1 6.123233995736766E-17
vn 0 -1 6.123233995736766E-17
vn 5E-06 -1 2.0000000000612323E-06
vn 0 -1 6.123233995736766E-17
vn 0 1 -6.123233995736766E-17
vn 0 1 -6.123233995736766E-17
vn 0 1 -6.123233995736766E-17
vn 0 1 -6.123233995736766E-17
vn 1E-06 1 -6.123233995736766E-17
vn 0 1 -6.123233995736766E-17
vn 0 1 -6.123233995736766E-17
vn -0 1 -6.123233995736766E-17
vn -0 1 -6.123233995736766E-17
vn -1E-06 1 -6.123233995736766E-17
vn 0 1 -6.123233995736766E-17
vn 0 -1 6.123233995736766E-17
vn 0 -1 6.123233995736766E-17
vn 0 -1 6.123233995736766E-17
vn 0 -1 6.123233995736766E-17
vn 0 -1 6.123233995736766E-17
vn 0 -1 6.123233995736766E-17
vn 0 -1 6.123233995736766E-17
vn 0 -1 6.123233995736766E-17
vn 0 -1 6.123233995736766E-17
vn 0 -1 6.123233995736766E-17
vn -0 -1 6.123233995736766E-17
vn 0 1 -6.123233995736766E-17
vn 0 1 -6.123233995736766E-17
vn 0 1 -6.123233995736766E-17
vn 0 1 -6.123233995736766E-17
vn 0 1 -6.123233995736766E-17
vn 0 1 -6.123233995736766E-17
vn 0 1 -6.123233995736766E-17
vn -0 1 -6.123233995736766E-17
vn -0 1 -6.123233995736766E-17
vn -1E-06 1 -6.123233995736766E-17
vn 0 1 -6.123233995736766E-17
vn 0 -1 6.123233995736766E-17
vn 0 -1 6.123233995736766E-17
vn 0 -1 6.123233995736766E-17
vn 0 -1 6.123233995736766E-17
vn 0 -1 6.123233995736766E-17
vn 0 -1 6.123233995736766E-17
vn 0 -1 6.123233995736766E-17
vn 0 -1 6.123233995736766E-17
vn 0 -1 6.123233995736766E-17
vn 0 -1 6.123233995736766E-17
vn -0 -1 6.123233995736766E-17
vn 0.893606 2.7484319486884346E-17 0.448853
vn 0.893606 2.7484319486884346E-17 0.448853
vn 0.958503 1.745623793972629E-17 0.285082
vn 0.958503 1.745623793972629E-17 0.285082
vn 0 6.123233995736766E-17 1
vn 0 6.123233995736766E-17 1
vn -0 6.123233995736766E-17 1
vn 1 0.000911 0.00011699999999999994
vn -0 0.34101700000000007 0.940057
vn 0.999998 0.001798 0.0004519999999999999
vn 0 0.653907 0.756575
vn -0 0.28400300000000006 0.958823
vn 0 6.123233995736766E-17 1
vn 0 6.123233995736766E-17 1
vn 0 1 -6.123233995736766E-17
vn 0 1 -6.123233995736766E-17
vn 0 6.123233995736766E-17 1
vn 0 6.123233995736766E-17 1
vn 0.888378 2.811250206250698E-17 0.459112
vn -0.888378 2.811250206250698E-17 0.459112
vn 0 6.123233995736766E-17 1
vn 0 6.123233995736766E-17 1
vn 0 6.123233995736766E-17 1
vn 0 6.123233995736766E-17 1
vn 1 -2.822810872034649E-20 -0.000461
vn 1 -2.822810872034649E-20 -0.000461
vn 1 -2.822810872034649E-20 -0.000461
vn 1 -2.822810872034649E-20 -0.000461
vn 2E-06 0.999992 0.004010999999999938
vn 0 0.999992 0.004010999999999938
vn -0.999999 7.825493046551587E-20 0.001278
vn -0.999999 7.825493046551587E-20 0.001278
vn 0.958503 1.745623793972629E-17 0.285082
vn 0.958503 1.745623793972629E-17 0.285082
vn -0.958503 1.745623793972629E-17 0.285082
vn -0.958503 1.745623793972629E-17 0.285082
vn -0.958503 1.745623793972629E-17 0.285082
vn -0.958503 1.745623793972629E-17 0.285082
vn 0.000143 0.856727 0.51577
vn -0 6.123233995736766E-17 1
vn -0 6.123233995736766E-17 1
vn -0 0.653907 0.756575
vn 0 0.28400300000000006 0.958823
vn 0 0.568007 0.823024
vn 0 0.503211 0.864164
vn 0 0.34101700000000007 0.940057
vn 0 0.34101800000000004 0.940057
vn -1 0.000911 0.00011699999999999994
vn -0.999999 0.000898 -0.0006610000000000001
vn 0 6.123233995736766E-17 1
vn 0 6.123233995736766E-17 1
vn 0 6.123233995736766E-17 1
vn 0 1 -6.123233995736766E-17
vn 0 1 -6.123233995736766E-17
vn 0 6.123233995736766E-17 1
vn 0.888378 2.811250206250698E-17 0.459112
vn 0 6.123233995736766E-17 1
vn 0 6.123233995736766E-17 1
vn 0 6.123233995736766E-17 1
vn 0 6.123233995736766E-17 1
vn -1 -2.822810872034649E-20 -0.000461
vn -1 -2.822810872034649E-20 -0.000461
vn -1 -2.822810872034649E-20 -0.000461
vn -1 -2.822810872034649E-20 -0.000461
vn 0 0.999992 0.004010999999999938
vn 0 0.999992 0.004010999999999938
vn 0.999999 7.825493046551587E-20 0.001278
vn 0.999999 7.825493046551587E-20 0.001278
vn -0.893606 2.7484319486884346E-17 0.448853
vn -0.893606 2.7484319486884346E-17 0.448853
vn 0 0.693249 0.720698
vn -0.888378 2.811250206250698E-17 0.459112
vn -0.000391 -0.916332 0.4004190000000001
vn -0.000391 -0.916002 0.40117400000000003
vn -0.000133 -0.856453 0.516226
vn 0 -0.781112 0.624391
vn -0 6.123233995736766E-17 1
vn 0 6.123233995736766E-17 1
vn -0 6.123233995736766E-17 1
vn 0 6.123233995736766E-17 1
vn 0 -0.653907 0.756575
vn 0 -0.28400299999999995 0.958823
vn 0 -0.568007 0.823024
vn 0 -0.503211 0.864164
vn 0 6.123233995736766E-17 1
vn 0 6.123233995736766E-17 1
vn -0 -0.34101699999999996 0.940057
vn 0 -0.34101699999999996 0.940057
vn 1 1.2062770971601429E-20 0.000197
vn 1 -0.000911 0.00011700000000000005
vn 0.999999 -0.00072 -0.000881
vn 0.999998 0.001798 0.0004519999999999999
vn 0 6.123233995736766E-17 1
vn 0 6.123233995736766E-17 1
vn 0 6.123233995736766E-17 1
vn 0 6.123233995736766E-17 1
vn 1 -2.822810872034649E-20 -0.000461
vn 1 -2.822810872034649E-20 -0.000461
vn 1 -2.822810872034649E-20 -0.000461
vn 1 -2.822810872034649E-20 -0.000461
vn 0 -0.999992 0.004011000000000061
vn 0 -0.999992 0.004011000000000061
vn -0.999999 7.825493046551587E-20 0.001278
vn -0.999999 7.825493046551587E-20 0.001278
vn 0 -0.693249 0.720698
vn 0 -0.693249 0.720698
vn -0 -0.916002 0.40117400000000003
vn -0 -0.780774 0.624813
vn 0 6.123233995736766E-17 1
vn -0 6.123233995736766E-17 1
vn -0 -0.653907 0.756575
vn 0 -0.28400299999999995 0.958823
vn 0 6.123233995736766E-17 1
vn 0 -0.34101699999999996 0.940057
vn -1 9.919639073093562E-21 0.000162
vn -1 -0.000911 0.00011700000000000005
vn -0.999998 -0.001798 0.0004520000000000001
vn -0.999999 0.000898 -0.0006610000000000001
vn 0 6.123233995736766E-17 1
vn 0 6.123233995736766E-17 1
vn 0 6.123233995736766E-17 1
vn 0 6.123233995736766E-17 1
vn -1 -2.822810872034649E-20 -0.000461
vn -1 -2.822810872034649E-20 -0.000461
vn -1 -2.822810872034649E-20 -0.000461
vn -1 -2.822810872034649E-20 -0.000461
vn -1E-06 -0.999992 0.004011000000000061
vn 0 -0.999992 0.004011000000000061
vn 0.999999 7.825493046551587E-20 0.001278
vn 0.999999 7.825493046551587E-20 0.001278
vn 0 -0.693249 0.720698
vn -0.912533 -2.5044149507243287E-17 -0.409002
vn -0.912533 -2.5044149507243287E-17 -0.409002
vn 0 6.123233995736766E-17 1
vn 0 6.123233995736766E-17 1
vn 0 6.123233995736766E-17 1
vn 0 6.123233995736766E-17 1
vn 1 -1E-06 6.123233995736766E-23
vn 1 -1E-06 6.123233995736766E-23
vn 1 -1E-06 6.123233995736766E-23
vn 1 -1E-06 6.123233995736766E-23
vn -0 0.959358 0.28219199999999994
vn 0 0.959358 0.28219299999999997
vn 0.999991 0.004218 -0.0005140000000000002
vn 0.999979 0.006155 0.0018109999999999995
vn 0.999991 0.004218 -0.0005140000000000002
vn -0 -0.0013589999999999388 0.999999
vn -0 -0.0013589999999999388 0.999999
vn -0 -0.0013589999999999388 0.999999
vn -0 -1 6.123233995736766E-17
vn -0 -1 6.123233995736766E-17
vn 0 6.123233995736766E-17 1
vn 0 6.123233995736766E-17 1
vn 0 6.123233995736766E-17 1
vn 0 1 -6.123233995736766E-17
vn 0 1 -6.123233995736766E-17
vn 0 1 -6.123233995736766E-17
vn -5E-06 6.123233995736766E-17 1
vn -4E-06 6.123233995736766E-17 1
vn 1 6.123233995736766E-23 1E-06
vn 1 6.123233995736766E-23 1E-06
vn 1 0 0
vn -1 0 0
vn -1 0 0
vn -1 1E-06 -6.123233995736766E-23
vn 0 6.123233995736766E-17 1
vn 0 6.123233995736766E-17 1
vn 0 6.123233995736766E-17 1
vn -1E-06 0.999995 0.003142999999999939
vn -1E-06 0.999995 0.003142999999999939
vn -0 0.999998 0.0017989999999999389
vn -0 0.999998 0.0017989999999999389
vn -0 0.999998 0.0017989999999999389
vn 1E-06 0.999991 -0.004275000000000062
vn 1E-06 0.999991 -0.004275000000000062
vn 1E-06 0.999991 -0.004275000000000062
vn -1E-06 1 -6.123233995736766E-17
vn 0 1 -6.123233995736766E-17
vn -9E-05 1 -4.0000000000061234E-05
vn -1.4E-05 1 -6.123233995736766E-17
vn 1 2E-06 -1.2246467991473532E-22
vn 1 2E-06 -1.2246467991473532E-22
vn -1 1E-06 -6.123233995736766E-23
vn -1 1E-06 -6.123233995736766E-23
vn -0.912106 9.999999999748975E-07 -0.409954
vn -0.912106 9.999999999748975E-07 -0.409954
vn -0.912106 -2.510250392722266E-17 -0.409955
vn 0.912108 1.9999999999748977E-06 -0.409951
vn 0.912108 1.9999999999748977E-06 -0.409951
vn 0.912108 1.9999999999748977E-06 -0.409951
vn 0.899382 -1.0000000000267685E-06 -0.437163
vn 0.899382 -2.6768574665122675E-17 -0.437164
vn 1 0 0
vn 1 0 0
vn 1 0 0
vn 1 -1E-06 6.123233995736766E-23
vn 0 -0.0013589999999999388 0.999999
vn 0 -0.0013589999999999388 0.999999
vn 0 -0.0013589999999999388 0.999999
vn 0 -0.0013589999999999388 0.999999
vn -0.004125 -0.00844599999999994 0.999956
vn -0.004125 -0.00844599999999994 0.999956
vn -0.999999 -1.0250293708863346E-19 -0.001674
vn -0.999999 -1.0250293708863346E-19 -0.001674
vn -0.999999 1.3999999999999898E-05 -0.001672
vn -0.909498 -3.0000000000254547E-06 -0.415707
vn -0.909498 -3.0000000000254547E-06 -0.415707
vn -0.909499 -2.0000000000254545E-06 -0.415707
vn -1 0 0
vn -1 0 0
vn -1 0 0
vn -1 0 0
vn 0 6.123233995736766E-17 1
vn 0 6.123233995736766E-17 1
vn 0 6.123233995736766E-17 1
vn 0 6.123233995736766E-17 1
vn -1 0 0
vn -1 0 0
vn -1 0 0
vn -1 0 0
vn 1 2E-06 -1.2246467991473532E-22
vn 1 2E-06 -1.2246467991473532E-22
vn 1 2E-06 -1.2246467991473532E-22
vn 1 0 0
vn 1 1E-06 -6.123233995736766E-23
vn 1 1E-06 -6.123233995736766E-23
vn 1 1E-06 -6.123233995736766E-23
vn 1 1E-06 -6.123233995736766E-23
vn 0 -1.9999999999387675E-06 1
vn 0 -1.9999999999387675E-06 1
vn 0 -1.9999999999387675E-06 1
vn -0 -1.9999999999387675E-06 1
vn -1 0 0
vn -1 0 0
vn -1 0 0
vn -1 -1E-06 6.123233995736766E-23
vn -1 0 0
vn -1 0 0
vn -1 0 0
vn -1 0 0
vn 1 0 0
vn 1 0 0
vn 1 0 0
vn 1 0 0
vn 0 6.123233995736766E-17 1
vn 0 6.123233995736766E-17 1
vn 0 6.123233995736766E-17 1
vn 0 6.123233995736766E-17 1
vn -0.000535 -1.9999999999387675E-06 1
vn -0.000535 -1.9999999999387675E-06 1
vn -0.000535 -1.9999999999387675E-06 1
vn -0.000534 6.123233995736766E-17 1
vn -1 0 0
vn -1 0 0
vn -1 0 0
vn -1 0 0
vn -0.003045 6.123203379566787E-17 0.999995
vn -0.003045 6.123203379566787E-17 0.999995
vn -0.003045 6.123203379566787E-17 0.999995
vn -0.003045 6.123203379566787E-17 0.999995
vn -1 -1E-06 6.123233995736766E-23
vn -1 -1E-06 6.123233995736766E-23
vn -1 -1E-06 6.123233995736766E-23
vn -1 -1E-06 6.123233995736766E-23
vn 0.904356 1.9999999999738672E-06 -0.42678
vn 0.904355 -2.6132799279345328E-17 -0.426781
vn 0 6.123233995736766E-17 1
vn 0 6.123233995736766E-17 1
vn 0 6.123233995736766E-17 1
vn 0 6.123233995736766E-17 1
vn -1 -1E-06 6.123233995736766E-23
vn -1 -1E-06 6.123233995736766E-23
vn -1 -1E-06 6.123233995736766E-23
vn -1 -1E-06 6.123233995736766E-23
vn 0 0.959358 0.28219199999999994
vn -0.999991 0.004218 -0.0005140000000000002
vn -0.999991 0.004218 -0.0005140000000000002
vn -0.999979 0.006155 0.0018109999999999995
vn 0 -0.0013589999999999388 0.999999
vn 0 -0.0013589999999999388 0.999999
vn 0 -0.0013589999999999388 0.999999
vn 5E-06 6.123233995736766E-17 1
vn 4E-06 6.123233995736766E-17 1
vn -1 -1E-06 6.123233995736766E-23
vn -1 6.123233995736766E-23 1E-06
vn -1 0 0
vn 1 0 0
vn 1 0 0
vn 1 -1E-06 -1E-06
vn 1.4E-05 1 -6.123233995736766E-17
vn 1.4E-05 1 -6.123233995736766E-17
vn 0.000153 1 -7.200000000006123E-05
vn 1E-06 0.999995 0.003142999999999939
vn 1E-06 0.999995 0.003142999999999939
vn 0 6.123233995736766E-17 1
vn 0 6.123233995736766E-17 1
vn 0 6.123233995736766E-17 1
vn 0 0.999998 0.0017989999999999389
vn 0 0.999998 0.0017989999999999389
vn -1E-06 0.999991 -0.004275000000000062
vn -1E-06 0.999991 -0.004275000000000062
vn -1 2E-06 -1.2246467991473532E-22
vn -1 2E-06 -1.2246467991473532E-22
vn 1 1E-06 -6.123233995736766E-23
vn 1 1E-06 -6.123233995736766E-23
vn 0.913665 -2.4889047990131278E-17 -0.406469
vn 0.913665 -2.4889047990131278E-17 -0.406469
vn 0.913665 9.99999999975111E-07 -0.406469
vn -0.91064 1.9999999999746986E-06 -0.413201
vn -0.91064 1.9999999999746986E-06 -0.413201
vn -0.91064 1.9999999999746986E-06 -0.413201
vn -0.894088 -2.7425413975845358E-17 -0.447891
vn -0.894088 -2.7425413975845358E-17 -0.447891
vn -1 -1E-06 6.123233995736766E-23
vn -1 -1E-06 6.123233995736766E-23
vn -1 -1E-06 6.123233995736766E-23
vn -1 0 0
vn 0 -0.0013589999999999388 0.999999
vn 0 -0.0013589999999999388 0.999999
vn 0 -0.0013589999999999388 0.999999
vn 0 -0.0013589999999999388 0.999999
vn 0.003969 -0.008449999999999938 0.999956
vn 0.003969 -0.008449999999999938 0.999956
vn 0.003967 -0.00844599999999994 0.999956
vn 0.999999 1.3999999999999898E-05 -0.001672
vn 0.999999 1.3999999999999898E-05 -0.001672
vn 0.999999 -1.0250293708863346E-19 -0.001674
vn 0.909499 -2.0000000000254545E-06 -0.415707
vn 0.909499 -2.0000000000254545E-06 -0.415707
vn 0.909498 -3.0000000000254547E-06 -0.415707
vn 1 0 0
vn 1 0 0
vn 1 0 0
vn 1 0 0
vn 0 6.123233995736766E-17 1
vn 0 6.123233995736766E-17 1
vn 0 6.123233995736766E-17 1
vn 0 6.123233995736766E-17 1
vn 1 0 0
vn 1 0 0
vn 1 0 0
vn 1 0 0
vn -1 0 0
vn -1 0 0
vn -1 0 0
vn -1 2E-06 -1.2246467991473532E-22
vn -1 1E-06 -6.123233995736766E-23
vn -1 1E-06 -6.123233995736766E-23
vn -1 1E-06 -6.123233995736766E-23
vn -1 1E-06 -6.123233995736766E-23
vn 0 -1.9999999999387675E-06 1
vn 0 -1.9999999999387675E-06 1
vn 0 -1.9999999999387675E-06 1
vn -0 -1.9999999999387675E-06 1
vn 1 -1E-06 6.123233995736766E-23
vn 1 -1E-06 6.123233995736766E-23
vn 1 -1E-06 6.123233995736766E-23
vn 1 0 0
vn 1 0 0
vn 1 0 0
vn 1 0 0
vn 1 0 0
vn -1 0 0
vn -1 0 0
vn -1 0 0
vn -1 0 0
vn 0 6.123233995736766E-17 1
vn 0 6.123233995736766E-17 1
vn 0 6.123233995736766E-17 1
vn 0 6.123233995736766E-17 1
vn 0.000534 6.123233995736766E-17 1
vn 0.000534 6.123233995736766E-17 1
vn 0.000534 6.123233995736766E-17 1
vn 0.000535 -1.9999999999387675E-06 1
vn 1 0 0
vn 1 0 0
vn 1 0 0
vn 1 0 0
vn 0.003045 6.123203379566787E-17 0.999995
vn 0.003045 6.123203379566787E-17 0.999995
vn 0.003045 6.123203379566787E-17 0.999995
vn 0.003045 6.123203379566787E-17 0.999995
vn 1 -1E-06 6.123233995736766E-23
vn 1 -1E-06 6.123233995736766E-23
vn 1 -1E-06 6.123233995736766E-23
vn 1 -1E-06 6.123233995736766E-23
vn -0.917266 -2.0000000000243873E-06 -0.398276
vn -0.917265 -2.438743266120052E-17 -0.398277
vn 0 6.123233995736766E-17 1
vn 0 6.123233995736766E-17 1
vn 0 6.123233995736766E-17 1
vn 0 6.123233995736766E-17 1
vn 1 1E-06 -6.123233995736766E-23
vn 1 1E-06 -6.123233995736766E-23
vn 1 1E-06 -6.123233995736766E-23
vn 1 1E-06 -6.123233995736766E-23
vn 0 -0.959358 0.2821930000000001
vn 0 -0.959358 0.2821930000000001
vn 0.999991 -0.004218 -0.0005139999999999998
vn 0.999991 -0.004218 -0.0005139999999999998
vn 0.999979 -0.006155 0.0018110000000000003
vn -0 0.0013590000000000611 0.999999
vn -0 0.0013590000000000611 0.999999
vn -0 0.0013590000000000611 0.999999
vn -0 1 -6.123233995736766E-17
vn -0 1 -6.123233995736766E-17
vn 0 6.123233995736766E-17 1
vn 0 6.123233995736766E-17 1
vn 0 6.123233995736766E-17 1
vn -0 -1 6.123233995736766E-17
vn -0 -1 6.123233995736766E-17
vn -0 -1 6.123233995736766E-17
vn -2E-06 -0.77537 0.631507
vn -2E-06 -0.77537 0.631507
vn 1 1E-06 -6.123233995736766E-23
vn 1 1E-06 -6.123233995736766E-23
vn 1 6.123233995736766E-23 1E-06
vn -1 1E-06 -1E-06
vn -1 1E-06 -1E-06
vn -1 -1E-06 6.123233995736766E-23
vn -1.4E-05 -1 6.123233995736766E-17
vn -1.4E-05 -1 6.123233995736766E-17
vn -8.6E-05 -1 -3.699999999993877E-05
vn -1E-06 -0.99998 0.0062860000000000615
vn -1E-06 -0.99998 0.0062860000000000615
vn -1E-06 -0.99998 0.0062860000000000615
vn 0 6.123233995736766E-17 1
vn 0 6.123233995736766E-17 1
vn 0 6.123233995736766E-17 1
vn -0 -0.999994 0.0035980000000000612
vn -0 -0.999994 0.0035980000000000612
vn -0 -0.999994 0.0035980000000000612
vn 1E-06 -0.999963 -0.008548999999999939
vn 1E-06 -0.999963 -0.008548999999999939
vn 1E-06 -0.999963 -0.008548999999999939
vn 1 -2E-06 1.2246467991473532E-22
vn 1 -2E-06 1.2246467991473532E-22
vn -1 -1E-06 6.123233995736766E-23
vn -1 -1E-06 6.123233995736766E-23
vn -0.912106 -2.510250392722266E-17 -0.409955
vn -0.912106 -2.510250392722266E-17 -0.409955
vn -0.912106 -1.0000000000251024E-06 -0.409954
vn 0.912108 -2.000000000025102E-06 -0.409951
vn 0.912108 -2.000000000025102E-06 -0.409951
vn 0.912108 -2.000000000025102E-06 -0.409951
vn 0.891798 -2.7703653728611636E-17 -0.452435
vn 0.891798 -2.7703653728611636E-17 -0.452435
vn 1 1E-06 -6.123233995736766E-23
vn 1 1E-06 -6.123233995736766E-23
vn 1 1E-06 -6.123233995736766E-23
vn 1 0 0
vn 0 0.0013590000000000611 0.999999
vn 0 0.0013590000000000611 0.999999
vn 0 0.0013590000000000611 0.999999
vn 0 0.0013590000000000611 0.999999
vn -0.004089 0.00845000000000006 0.999956
vn -0.004087 0.008446000000000061 0.999956
vn -0.999999 -1.4000000000000101E-05 -0.001672
vn -0.999999 -1.4000000000000101E-05 -0.001672
vn -0.999999 -1.0250293708863346E-19 -0.001674
vn -0.909499 1.9999999999745453E-06 -0.415707
vn -0.909499 1.9999999999745453E-06 -0.415707
vn -0.909498 2.9999999999745455E-06 -0.415707
vn -1 0 0
vn -1 0 0
vn -1 0 0
vn -1 0 0
vn 0 6.123233995736766E-17 1
vn 0 6.123233995736766E-17 1
vn 0 6.123233995736766E-17 1
vn 0 6.123233995736766E-17 1
vn -1 0 0
vn -1 0 0
vn -1 0 0
vn -1 0 0
vn 1 0 0
vn 1 0 0
vn 1 0 0
vn 1 -2E-06 1.2246467991473532E-22
vn 1 -1E-06 6.123233995736766E-23
vn 1 -1E-06 6.123233995736766E-23
vn 1 -1E-06 6.123233995736766E-23
vn 1 -1E-06 6.123233995736766E-23
vn -0 2.0000000000612323E-06 1
vn -0 2.0000000000612323E-06 1
vn -0 2.0000000000612323E-06 1
vn 0 2.0000000000612323E-06 1
vn -1 1E-06 -6.123233995736766E-23
vn -1 1E-06 -6.123233995736766E-23
vn -1 1E-06 -6.123233995736766E-23
vn -1 0 0
vn -1 0 0
vn -1 0 0
vn -1 0 0
vn -1 0 0
vn 1 0 0
vn 1 0 0
vn 1 0 0
vn 1 0 0
vn 0 6.123233995736766E-17 1
vn 0 6.123233995736766E-17 1
vn 0 6.123233995736766E-17 1
vn 0 6.123233995736766E-17 1
vn -0.000534 6.123233995736766E-17 1
vn -0.000534 6.123233995736766E-17 1
vn -0.000534 6.123233995736766E-17 1
vn -0.000535 2.0000000000612323E-06 1
vn -1 0 0
vn -1 0 0
vn -1 0 0
vn -1 0 0
vn -0.003045 6.123203379566787E-17 0.999995
vn -0.003045 6.123203379566787E-17 0.999995
vn -0.003045 6.123203379566787E-17 0.999995
vn -0.003045 6.123203379566787E-17 0.999995
vn -1 1E-06 -6.123233995736766E-23
vn -1 1E-06 -6.123233995736766E-23
vn -1 1E-06 -6.123233995736766E-23
vn -1 1E-06 -6.123233995736766E-23
vn 0.912533 -2.5044149507243287E-17 -0.409002
vn 0.912533 -2.5044149507243287E-17 -0.409002
vn 0 6.123233995736766E-17 1
vn 0 6.123233995736766E-17 1
vn 0 6.123233995736766E-17 1
vn 0 6.123233995736766E-17 1
vn -1 1E-06 -6.123233995736766E-23
vn -1 1E-06 -6.123233995736766E-23
vn -1 1E-06 -6.123233995736766E-23
vn -1 1E-06 -6.123233995736766E-23
vn 0 -0.959358 0.2821930000000001
vn -0.999991 -0.004218 -0.0005139999999999998
vn -0.999979 -0.006155 0.0018110000000000003
vn -0.999991 -0.004218 -0.0005139999999999998
vn 0 0.0013590000000000611 0.999999
vn 0 0.0013590000000000611 0.999999
vn 0 0.0013590000000000611 0.999999
vn -3E-06 -0.77537 0.631508
vn 2E-06 -0.77537 0.631507
vn -1 6.123233995736766E-23 1E-06
vn -1 6.123233995736766E-23 1E-06
vn -1 1E-06 -6.123233995736766E-23
vn 1 -1E-06 6.123233995736766E-23
vn 1 -1E-06 6.123233995736766E-23
vn 1 -1E-06 6.123233995736766E-23
vn 0 6.123233995736766E-17 1
vn 0 6.123233995736766E-17 1
vn 0 6.123233995736766E-17 1
vn 1E-06 -0.99998 0.0062860000000000615
vn 1E-06 -0.99998 0.0062860000000000615
vn 0 -0.999994 0.0035980000000000612
vn 0 -0.999994 0.0035980000000000612
vn -1E-06 -0.999963 -0.008548999999999939
vn -1E-06 -0.999963 -0.008548999999999939
vn -0 -1 6.123233995736766E-17
vn 9.7E-05 -1 -4.299999999993877E-05
vn 1.4E-05 -1 6.123233995736766E-17
vn -1 -2E-06 1.2246467991473532E-22
vn -1 -2E-06 1.2246467991473532E-22
vn 1 -1E-06 6.123233995736766E-23
vn 1 -1E-06 6.123233995736766E-23
vn 0.912106 -1.0000000000251024E-06 -0.409954
vn 0.912106 -1.0000000000251024E-06 -0.409954
vn 0.912106 -2.510250392722266E-17 -0.409955
vn -0.912108 -2.000000000025102E-06 -0.409951
vn -0.912108 -2.000000000025102E-06 -0.409951
vn -0.912108 -2.000000000025102E-06 -0.409951
vn -0.912534 9.99999999974956E-07 -0.409
vn -0.912534 -2.504408827490333E-17 -0.409001
vn -1 0 0
vn -1 0 0
vn -1 0 0
vn -1 1E-06 -6.123233995736766E-23
vn 0 0.0013590000000000611 0.999999
vn 0 0.0013590000000000611 0.999999
vn 0 0.0013590000000000611 0.999999
vn 0 0.0013590000000000611 0.999999
vn 0.004003 0.008446000000000061 0.999956
vn 0.004003 0.008446000000000061 0.999956
vn 0.004005 0.00845000000000006 0.999956
vn 0.999999 -1.0250293708863346E-19 -0.001674
vn 0.999999 -1.0250293708863346E-19 -0.001674
vn 0.999999 -1.4000000000000101E-05 -0.001672
vn 0.909498 2.9999999999745455E-06 -0.415707
vn 0.909498 2.9999999999745455E-06 -0.415707
vn 0.909499 1.9999999999745453E-06 -0.415707
vn 1 0 0
vn 1 0 0
vn 1 0 0
vn 1 0 0
vn 0 6.123233995736766E-17 1
vn 0 6.123233995736766E-17 1
vn 0 6.123233995736766E-17 1
vn 0 6.123233995736766E-17 1
vn 1 0 0
vn 1 0 0
vn 1 0 0
vn 1 0 0
vn -1 -2E-06 1.2246467991473532E-22
vn -1 -2E-06 1.2246467991473532E-22
vn -1 -2E-06 1.2246467991473532E-22
vn -1 0 0
vn -1 -1E-06 6.123233995736766E-23
vn -1 -1E-06 6.123233995736766E-23
vn -1 -1E-06 6.123233995736766E-23
vn -1 -1E-06 6.123233995736766E-23
vn -0 2.0000000000612323E-06 1
vn -0 2.0000000000612323E-06 1
vn -0 2.0000000000612323E-06 1
vn 0 2.0000000000612323E-06 1
vn 1 0 0
vn 1 0 0
vn 1 0 0
vn 1 1E-06 -6.123233995736766E-23
vn 1 0 0
vn 1 0 0
vn 1 0 0
vn 1 0 0
vn -1 0 0
vn -1 0 0
vn -1 0 0
vn -1 0 0
vn 0 6.123233995736766E-17 1
vn 0 6.123233995736766E-17 1
vn 0 6.123233995736766E-17 1
vn 0 6.123233995736766E-17 1
vn 0.000535 2.0000000000612323E-06 1
vn 0.000535 2.0000000000612323E-06 1
vn 0.000535 2.0000000000612323E-06 1
vn 0.000534 6.123233995736766E-17 1
vn 1 0 0
vn 1 0 0
vn 1 0 0
vn 1 0 0
vn 0.003045 6.123203379566787E-17 0.999995
vn 0.003045 6.123203379566787E-17 0.999995
vn 0.003045 6.123203379566787E-17 0.999995
vn 0.003045 6.123203379566787E-17 0.999995
vn 1 1E-06 -6.123233995736766E-23
vn 1 1E-06 -6.123233995736766E-23
vn 1 1E-06 -6.123233995736766E-23
vn 1 1E-06 -6.123233995736766E-23
vn -0.999999 -0.001278 7.825493046551587E-20
vn -0.999999 -0.001278 7.825493046551587E-20
vn -0.999999 -0.001278 7.825493046551587E-20
vn -0.999999 -0.001278 7.825493046551587E-20
vn -0.999999 0.001278 -7.825493046551587E-20
vn -0.999999 0.001278 -7.825493046551587E-20
vn -0.999999 0.001278 -7.825493046551587E-20
vn -0.999999 0.001278 -7.825493046551587E-20
vn 0 6.123233995736766E-17 1
vn 0 6.123233995736766E-17 1
vn 0 0.780748 0.624846
vn 0.000422 0.916306 0.40047799999999995
vn 0.000422 0.916662 0.39966399999999996
vn 1 0.000745 0.00019699999999999994
vn 1 1.696135816819084E-20 0.000277
vn 0.999998 0.001798 0.0004519999999999999
vn 0.999999 0.00072 -0.000881
vn 0.999999 0.00072 -0.000881
vn 0.999999 0.00072 -0.000881
vn 0.999986 0.0017980000000000001 0.004956
vn 0.999986 0.0017980000000000001 0.004956
vn 0.999986 0.0017980000000000001 0.004956
vn 0.999993 0.003102 0.0019429999999999998
vn 0.999993 0.003102 0.0019429999999999998
vn 0.999993 0.003102 0.0019429999999999998
vn 0.999985 0.004244 0.0034229999999999994
vn 0.999985 0.004244 0.0034229999999999994
vn 0.999985 0.004244 0.0034229999999999994
vn 0 1 -6.123233995736766E-17
vn 0 1 -6.123233995736766E-17
vn 0.888378 2.811250206250698E-17 0.459112
vn 0.888378 2.811250206250698E-17 0.459112
vn 0.888378 2.811250206250698E-17 0.459112
vn -0.888378 2.811250206250698E-17 0.459112
vn -0.888378 2.811250206250698E-17 0.459112
vn 2E-06 0.999992 0.004010999999999938
vn 2E-06 0.999992 0.004010999999999938
vn -0.999999 7.825493046551587E-20 0.001278
vn -0.999999 7.825493046551587E-20 0.001278
vn 1E-06 0.791895 0.610657
vn 1E-06 0.791895 0.610657
vn 1E-06 0.791895 0.610657
vn 0 0.791894 0.610658
vn 5E-06 -0.791899 0.610652
vn 5E-06 -0.791899 0.610652
vn 5E-06 -0.791899 0.610652
vn -3E-06 -0.791902 0.610648
vn -0.92274 2.3600352163388518E-17 0.385423
vn -0.92274 2.3600352163388518E-17 0.385423
vn -0.92274 2.3600352163388518E-17 0.385423
vn -0.92274 2.3600352163388518E-17 0.385423
vn 0.92274 2.3600290931048558E-17 0.385422
vn 0.92274 2.3600290931048558E-17 0.385422
vn 0.92274 2.3600290931048558E-17 0.385422
vn 0.92274 2.3600290931048558E-17 0.385422
vn 0.893606 2.7484319486884346E-17 0.448853
vn 0.893606 2.7484319486884346E-17 0.448853
vn 0 0.693249 0.720698
vn -0.888378 2.811250206250698E-17 0.459112
vn 0 6.123233995736766E-17 1
vn 0 6.123233995736766E-17 1
vn -0 0.916662 0.39966399999999996
vn -0 0.781112 0.624391
vn -1 0.000817 0.00016199999999999995
vn -1 1.2736326711132473E-20 0.000208
vn -0.999999 0.000898 -0.0006610000000000001
vn -0.999998 0.001798 0.0004519999999999999
vn -0.999998 0.001798 0.0004519999999999999
vn -0.999998 0.001798 0.0004519999999999999
vn -0.999985 0.004244 0.0034229999999999994
vn -0.999985 0.004244 0.0034229999999999994
vn -0.999985 0.004244 0.0034229999999999994
vn -0.999993 0.003102 0.0019429999999999998
vn -0.999993 0.003102 0.0019429999999999998
vn -0.999993 0.003102 0.0019429999999999998
vn -0.999986 0.0017980000000000001 0.004956
vn -0.999986 0.0017980000000000001 0.004956
vn -0.999986 0.0017980000000000001 0.004956
vn 0 1 -6.123233995736766E-17
vn 0 1 -6.123233995736766E-17
vn -0.888378 2.811250206250698E-17 0.459112
vn -0.888378 2.811250206250698E-17 0.459112
vn -0.888378 2.811250206250698E-17 0.459112
vn 0.888378 2.811250206250698E-17 0.459112
vn 0.888378 2.811250206250698E-17 0.459112
vn 0 0.999992 0.004010999999999938
vn -2E-06 0.999992 0.004010999999999938
vn 0.999999 7.825493046551587E-20 0.001278
vn 0.999999 7.825493046551587E-20 0.001278
vn 0 0.791894 0.610658
vn 0 0.791894 0.610658
vn 0 0.791894 0.610658
vn -1E-06 0.791895 0.610657
vn 3E-06 -0.791902 0.610648
vn 3E-06 -0.791902 0.610648
vn 3E-06 -0.791902 0.610648
vn -5E-06 -0.791899 0.610652
vn 0.92274 2.3600352163388518E-17 0.385423
vn 0.92274 2.3600352163388518E-17 0.385423
vn 0.92274 2.3600352163388518E-17 0.385423
vn 0.92274 2.3600352163388518E-17 0.385423
vn -0.92274 2.3600290931048558E-17 0.385422
vn -0.92274 2.3600290931048558E-17 0.385422
vn -0.92274 2.3600290931048558E-17 0.385422
vn -0.92274 2.3600290931048558E-17 0.385422
vn -0.893606 2.7484319486884346E-17 0.448853
vn -0.893606 2.7484319486884346E-17 0.448853
vn 0 0.693249 0.720698
vn 0.888378 2.811250206250698E-17 0.459112
vn 1 -0.000745 0.00019700000000000005
vn 0.999999 -0.00072 -0.000881
vn 0.999999 -0.00072 -0.000881
vn 0.999998 -0.001798 0.0004520000000000001
vn 0.999998 -0.001798 0.0004520000000000001
vn 0.999998 -0.001798 0.0004520000000000001
vn 0.999985 -0.004244 0.0034230000000000003
vn 0.999985 -0.004244 0.0034230000000000003
vn 0.999985 -0.004244 0.0034230000000000003
vn 0.999993 -0.003102 0.0019430000000000003
vn 0.999993 -0.003102 0.0019430000000000003
vn 0.999993 -0.003102 0.0019430000000000003
vn 0.999986 -0.0017979999999999997 0.004956
vn 0.999986 -0.0017979999999999997 0.004956
vn 0.999986 -0.0017979999999999997 0.004956
vn 0 -1 6.123233995736766E-17
vn 0 -1 6.123233995736766E-17
vn 0 -1 6.123233995736766E-17
vn 0 -1 6.123233995736766E-17
vn 0 -0.999992 0.004011000000000061
vn 1E-06 -0.999992 0.004011000000000061
vn -0.999999 7.825493046551587E-20 0.001278
vn -0.999999 7.825493046551587E-20 0.001278
vn 0 -0.791895 0.610658
vn 0 -0.791895 0.610658
vn 0 -0.791895 0.610658
vn 1E-06 -0.791895 0.610657
vn -3E-06 0.791902 0.610648
vn -3E-06 0.791902 0.610648
vn -3E-06 0.791902 0.610648
vn 6E-06 0.791899 0.610652
vn -0.92274 2.3600352163388518E-17 0.385423
vn -0.92274 2.3600352163388518E-17 0.385423
vn -0.92274 2.3600352163388518E-17 0.385423
vn -0.92274 2.3600352163388518E-17 0.385423
vn 0.92274 2.3600290931048558E-17 0.385422
vn 0.92274 2.3600290931048558E-17 0.385422
vn 0.92274 2.3600290931048558E-17 0.385422
vn 0.92274 2.3600290931048558E-17 0.385422
vn -1 -0.000817 0.00016200000000000006
vn -0.999998 -0.001798 0.0004520000000000001
vn -0.999998 -0.001798 0.0004520000000000001
vn -0.999999 -0.000898 -0.0006609999999999999
vn -0.999999 -0.000898 -0.0006609999999999999
vn -0.999999 -0.000898 -0.0006609999999999999
vn -0.999986 -0.0017979999999999997 0.004956
vn -0.999986 -0.0017979999999999997 0.004956
vn -0.999986 -0.0017979999999999997 0.004956
vn -0.999993 -0.003102 0.0019430000000000003
vn -0.999993 -0.003102 0.0019430000000000003
vn -0.999993 -0.003102 0.0019430000000000003
vn -0.999985 -0.004244 0.0034230000000000003
vn -0.999985 -0.004244 0.0034230000000000003
vn -0.999985 -0.004244 0.0034230000000000003
vn 0 -1 6.123233995736766E-17
vn 0 -1 6.123233995736766E-17
vn 0 -1 6.123233995736766E-17
vn -0 -1 6.123233995736766E-17
vn -1E-06 -0.999992 0.004011000000000061
vn -1E-06 -0.999992 0.004011000000000061
vn 0.999999 7.825493046551587E-20 0.001278
vn 0.999999 7.825493046551587E-20 0.001278
vn -1E-06 -0.791895 0.610657
vn -1E-06 -0.791895 0.610657
vn -1E-06 -0.791895 0.610657
vn 0 -0.791895 0.610658
vn -6E-06 0.791899 0.610652
vn -6E-06 0.791899 0.610652
vn -6E-06 0.791899 0.610652
vn 3E-06 0.791902 0.610648
vn 0.92274 2.3600352163388518E-17 0.385423
vn 0.92274 2.3600352163388518E-17 0.385423
vn 0.92274 2.3600352163388518E-17 0.385423
vn 0.92274 2.3600352163388518E-17 0.385423
vn -0.92274 2.3600290931048558E-17 0.385422
vn -0.92274 2.3600290931048558E-17 0.385422
vn -0.92274 2.3600290931048558E-17 0.385422
vn -0.92274 2.3600290931048558E-17 0.385422
vn -2E-06 1 -6.123233995736766E-17
vn -2E-06 1 -6.123233995736766E-17
vn 0 6.123233995736766E-17 1
vn 0 6.123233995736766E-17 1
vn 0 0.959358 0.28219299999999997
vn 0 0.959358 0.28219299999999997
vn 0 1 -6.123233995736766E-17
vn -2E-06 1 -6.123233995736766E-17
vn -0 1 -6.123233995736766E-17
vn -0 1 -6.123233995736766E-17
vn -1E-06 1 -6.123233995736766E-17
vn -1E-06 1 -6.123233995736766E-17
vn -1E-06 1 -6.123233995736766E-17
vn -1E-06 1 -6.123233995736766E-17
vn -1E-06 0.999995 0.003142999999999939
vn -0 0.999998 0.0017989999999999389
vn 1E-06 0.999991 -0.004275000000000062
vn 1E-06 1 -6.123233995736766E-17
vn 1E-06 1 -6.123233995736766E-17
vn 0 1 -6.123233995736766E-17
vn 0 1 -6.123233995736766E-17
vn -3E-06 -1 6.123233995736766E-17
vn -3E-06 -1 6.123233995736766E-17
vn 0 6.123233995736766E-17 1
vn 0 6.123233995736766E-17 1
vn 0 -0.959358 0.2821930000000001
vn 0 -0.959358 0.2821930000000001
vn -2E-06 -1 6.123233995736766E-17
vn -2E-06 -1 6.123233995736766E-17
vn -0 -1 1.0000000000612324E-06
vn -2E-06 -1 1.5000000000061232E-05
vn 0 -1 6.123233995736766E-17
vn 0 -1 6.123233995736766E-17
vn -1E-06 -0.99998 0.0062860000000000615
vn -0 -0.999994 0.0035980000000000612
vn 1E-06 -0.999963 -0.008548999999999939
vn -1E-06 -1 6.123233995736766E-17
vn -1E-06 -1 6.123233995736766E-17
vn -1E-06 -1 6.123233995736766E-17
vn 1E-06 -1 1.0000000000612324E-06
vn 0 -1 6.123233995736766E-17
vn 0 -1 6.123233995736766E-17
vn 0 1 -6.123233995736766E-17
vn 0 1 -6.123233995736766E-17
vn 0 -1 6.123233995736766E-17
vn 0 -1 6.123233995736766E-17
vn 0 6.123233995736766E-17 1
vn 0 6.123233995736766E-17 1
vn 0.000143 0.856727 0.51577
vn 0.000422 0.916662 0.39966399999999996
vn -0 6.123233995736766E-17 1
vn -0 6.123233995736766E-17 1
vn 0 0.568007 0.823024
vn 0 0.503211 0.864164
vn 0 6.123233995736766E-17 1
vn 0 0.34101800000000004 0.940057
vn 0 0.693249 0.720698
vn 0 6.123233995736766E-17 1
vn 0 6.123233995736766E-17 1
vn 1 1.696135816819084E-20 0.000277
vn 1 1.2062770971601429E-20 0.000197
vn -0.000133 -0.856453 0.516226
vn -0.000391 -0.916002 0.40117400000000003
vn 0 6.123233995736766E-17 1
vn -0 6.123233995736766E-17 1
vn 0 -0.568007 0.823024
vn 0 -0.503211 0.864164
vn 0 6.123233995736766E-17 1
vn 0 -0.34101699999999996 0.940057
vn -1 9.919639073093562E-21 0.000162
vn -1 1.2736326711132473E-20 0.000208
vn 0 -0.693249 0.720698
g 01
f 556/556/556 579/579/579 1348/1348/1348
f 1348/1348/1348 1338/1338/1338 556/556/556
f 1273/1273/1273 1276/1276/1276 1275/1275/1275
f 1275/1275/1275 1274/1274/1274 1273/1273/1273
f 1269/1269/1269 1272/1272/1272 1271/1271/1271
f 1271/1271/1271 1270/1270/1270 1269/1269/1269
f 1265/1265/1265 1268/1268/1268 1267/1267/1267
f 1267/1267/1267 1266/1266/1266 1265/1265/1265
f 1261/1261/1261 1264/1264/1264 1263/1263/1263
f 1263/1263/1263 1262/1262/1262 1261/1261/1261
f 1259/1259/1259 578/578/578 577/577/577
f 577/577/577 1260/1260/1260 1259/1259/1259
f 1257/1257/1257 576/576/576 575/575/575
f 575/575/575 1258/1258/1258 1257/1257/1257
f 573/573/573 574/574/574 571/571/571
f 571/571/571 572/572/572 573/573/573
f 569/569/569 570/570/570 567/567/567
f 567/567/567 568/568/568 569/569/569
f 1253/1253/1253 1256/1256/1256 1255/1255/1255
f 1255/1255/1255 1254/1254/1254 1253/1253/1253
f 1252/1252/1252 1251/1251/1251 1250/1250/1250
f 1249/1249/1249 1248/1248/1248 1247/1247/1247
f 1246/1246/1246 1245/1245/1245 1244/1244/1244
f 1243/1243/1243 1242/1242/1242 1241/1241/1241
f 565/565/565 1240/1240/1240 1239/1239/1239
f 1238/1238/1238 1347/1347/1347 1346/1346/1346
f 1346/1346/1346 564/564/564 1238/1238/1238
f 1343/1343/1343 559/559/559 562/562/562
f 562/562/562 1345/1345/1345 1343/1343/1343
f 534/534/534 1344/1344/1344 560/560/560
f 560/560/560 1342/1342/1342 534/534/534
f 1342/1342/1342 560/560/560 559/559/559
f 559/559/559 1343/1343/1343 1342/1342/1342
f 527/527/527 1341/1341/1341 557/557/557
f 557/557/557 1340/1340/1340 527/527/527
f 1338/1338/1338 1339/1339/1339 555/555/555
f 555/555/555 556/556/556 1338/1338/1338
f 524/524/524 523/523/523 553/553/553
f 553/553/553 554/554/554 524/524/524
f 1234/1234/1234 1237/1237/1237 1236/1236/1236
f 1236/1236/1236 1235/1235/1235 1234/1234/1234
f 1230/1230/1230 1233/1233/1233 1232/1232/1232
f 1232/1232/1232 1231/1231/1231 1230/1230/1230
f 1226/1226/1226 1229/1229/1229 1228/1228/1228
f 1228/1228/1228 1227/1227/1227 1226/1226/1226
f 1222/1222/1222 1225/1225/1225 1224/1224/1224
f 1224/1224/1224 1223/1223/1223 1222/1222/1222
f 1220/1220/1220 1221/1221/1221 551/551/551
f 551/551/551 552/552/552 1220/1220/1220
f 1218/1218/1218 1219/1219/1219 549/549/549
f 549/549/549 550/550/550 1218/1218/1218
f 547/547/547 548/548/548 545/545/545
f 545/545/545 546/546/546 547/547/547
f 543/543/543 544/544/544 541/541/541
f 541/541/541 542/542/542 543/543/543
f 1214/1214/1214 1217/1217/1217 1216/1216/1216
f 1216/1216/1216 1215/1215/1215 1214/1214/1214
f 1213/1213/1213 1212/1212/1212 1211/1211/1211
f 1210/1210/1210 1209/1209/1209 1208/1208/1208
f 1207/1207/1207 1206/1206/1206 1205/1205/1205
f 1204/1204/1204 1203/1203/1203 1202/1202/1202
f 539/539/539 1201/1201/1201 1200/1200/1200
f 1199/1199/1199 538/538/538 1337/1337/1337
f 1337/1337/1337 1336/1336/1336 1199/1199/1199
f 532/532/532 536/536/536 535/535/535
f 535/535/535 529/529/529 532/532/532
f 1331/1331/1331 531/531/531 530/530/530
f 530/530/530 1335/1335/1335 1331/1331/1331
f 531/531/531 532/532/532 529/529/529
f 529/529/529 530/530/530 531/531/531
f 1327/1327/1327 528/528/528 525/525/525
f 525/525/525 1334/1334/1334 1327/1327/1327
f 523/523/523 524/524/524 521/521/521
f 521/521/521 522/522/522 523/523/523
f 1170/1170/1170 1171/1171/1171 520/520/520
f 1173/1173/1173 504/504/504 1198/1198/1198
f 1152/1152/1152 1325/1325/1325 1333/1333/1333
f 1333/1333/1333 1197/1197/1197 1152/1152/1152
f 1195/1195/1195 1196/1196/1196 517/517/517
f 517/517/517 518/518/518 1195/1195/1195
f 1191/1191/1191 1194/1194/1194 1193/1193/1193
f 1193/1193/1193 1192/1192/1192 1191/1191/1191
f 1187/1187/1187 1190/1190/1190 1189/1189/1189
f 1189/1189/1189 1188/1188/1188 1187/1187/1187
f 1183/1183/1183 1186/1186/1186 1185/1185/1185
f 1185/1185/1185 1184/1184/1184 1183/1183/1183
f 1179/1179/1179 1182/1182/1182 1181/1181/1181
f 1181/1181/1181 1180/1180/1180 1179/1179/1179
f 1177/1177/1177 1178/1178/1178 515/515/515
f 515/515/515 516/516/516 1177/1177/1177
f 1175/1175/1175 1176/1176/1176 513/513/513
f 513/513/513 514/514/514 1175/1175/1175
f 511/511/511 512/512/512 509/509/509
f 509/509/509 510/510/510 511/511/511
f 507/507/507 508/508/508 505/505/505
f 505/505/505 506/506/506 507/507/507
f 1174/1174/1174 504/504/504 1173/1173/1173
f 500/500/500 499/499/499 503/503/503
f 1172/1172/1172 1171/1171/1171 1170/1170/1170
f 502/502/502 1169/1169/1169 1168/1168/1168
f 1168/1168/1168 501/501/501 502/502/502
f 499/499/499 500/500/500 498/498/498
f 1167/1167/1167 1166/1166/1166 1165/1165/1165
f 1164/1164/1164 1163/1163/1163 1162/1162/1162
f 1161/1161/1161 1160/1160/1160 1159/1159/1159
f 1158/1158/1158 1157/1157/1157 1156/1156/1156
f 497/497/497 1155/1155/1155 566/566/566
f 1153/1153/1153 496/496/496 563/563/563
f 563/563/563 1154/1154/1154 1153/1153/1153
f 1330/1330/1330 1332/1332/1332 494/494/494
f 494/494/494 490/490/490 1330/1330/1330
f 1331/1331/1331 1329/1329/1329 491/491/491
f 491/491/491 561/561/561 1331/1331/1331
f 1329/1329/1329 1330/1330/1330 490/490/490
f 490/490/490 491/491/491 1329/1329/1329
f 1327/1327/1327 1328/1328/1328 488/488/488
f 488/488/488 558/558/558 1327/1327/1327
f 1325/1325/1325 1152/1152/1152 1151/1151/1151
f 1151/1151/1151 1326/1326/1326 1325/1325/1325
f 1323/1323/1323 1324/1324/1324 1150/1150/1150
f 1150/1150/1150 1149/1149/1149 1323/1323/1323
f 485/485/485 486/486/486 483/483/483
f 483/483/483 484/484/484 485/485/485
f 1122/1122/1122 1120/1120/1120 467/467/467
f 468/468/468 1123/1123/1123 1148/1148/1148
f 1100/1100/1100 1147/1147/1147 519/519/519
f 519/519/519 487/487/487 1100/1100/1100
f 1145/1145/1145 450/450/450 449/449/449
f 449/449/449 1146/1146/1146 1145/1145/1145
f 1141/1141/1141 1144/1144/1144 1143/1143/1143
f 1143/1143/1143 1142/1142/1142 1141/1141/1141
f 1137/1137/1137 1140/1140/1140 1139/1139/1139
f 1139/1139/1139 1138/1138/1138 1137/1137/1137
f 1133/1133/1133 1136/1136/1136 1135/1135/1135
f 1135/1135/1135 1134/1134/1134 1133/1133/1133
f 1129/1129/1129 1132/1132/1132 1131/1131/1131
f 1131/1131/1131 1130/1130/1130 1129/1129/1129
f 1127/1127/1127 480/480/480 479/479/479
f 479/479/479 1128/1128/1128 1127/1127/1127
f 1125/1125/1125 478/478/478 477/477/477
f 477/477/477 1126/1126/1126 1125/1125/1125
f 473/473/473 476/476/476 475/475/475
f 475/475/475 474/474/474 473/473/473
f 469/469/469 472/472/472 471/471/471
f 471/471/471 470/470/470 469/469/469
f 468/468/468 1124/1124/1124 1123/1123/1123
f 465/465/465 462/462/462 466/466/466
f 1122/1122/1122 1121/1121/1121 1120/1120/1120
f 464/464/464 463/463/463 1119/1119/1119
f 1119/1119/1119 1118/1118/1118 464/464/464
f 462/462/462 465/465/465 461/461/461
f 1117/1117/1117 1116/1116/1116 1115/1115/1115
f 1114/1114/1114 1113/1113/1113 1112/1112/1112
f 1111/1111/1111 1110/1110/1110 1109/1109/1109
f 1108/1108/1108 1107/1107/1107 1106/1106/1106
f 458/458/458 1105/1105/1105 540/540/540
f 1103/1103/1103 1104/1104/1104 537/537/537
f 537/537/537 456/456/456 1103/1103/1103
f 493/493/493 459/459/459 457/457/457
f 457/457/457 495/495/495 493/493/493
f 534/534/534 533/533/533 460/460/460
f 460/460/460 492/492/492 534/534/534
f 492/492/492 460/460/460 459/459/459
f 459/459/459 493/493/493 492/492/492
f 527/527/527 526/526/526 455/455/455
f 455/455/455 489/489/489 527/527/527
f 487/487/487 1102/1102/1102 1101/1101/1101
f 1101/1101/1101 1100/1100/1100 487/487/487
f 454/454/454 1099/1099/1099 1098/1098/1098
f 1098/1098/1098 453/453/453 454/454/454
f 452/452/452 482/482/482 481/481/481
f 481/481/481 451/451/451 452/452/452
f 1321/1321/1321 426/426/426 448/448/448
f 448/448/448 1322/1322/1322 1321/1321/1321
f 425/425/425 446/446/446 447/447/447
f 446/446/446 425/425/425 424/424/424
f 422/422/422 423/423/423 445/445/445
f 422/422/422 445/445/445 444/444/444
f 421/421/421 443/443/443 442/442/442
f 442/442/442 420/420/420 421/421/421
f 440/440/440 419/419/419 441/441/441
f 419/419/419 440/440/440 418/418/418
f 417/417/417 416/416/416 439/439/439
f 439/439/439 416/416/416 438/438/438
f 1319/1319/1319 1320/1320/1320 436/436/436
f 436/436/436 414/414/414 1319/1319/1319
f 434/434/434 413/413/413 435/435/435
f 413/413/413 434/434/434 412/412/412
f 411/411/411 410/410/410 433/433/433
f 433/433/433 410/410/410 432/432/432
f 415/415/415 409/409/409 430/430/430
f 430/430/430 437/437/437 415/415/415
f 408/408/408 429/429/429 428/428/428
f 429/429/429 408/408/408 407/407/407
f 406/406/406 405/405/405 427/427/427
f 406/406/406 427/427/427 431/431/431
f 1094/1094/1094 1097/1097/1097 1096/1096/1096
f 1096/1096/1096 1095/1095/1095 1094/1094/1094
f 1090/1090/1090 1093/1093/1093 1092/1092/1092
f 1092/1092/1092 1091/1091/1091 1090/1090/1090
f 1086/1086/1086 1089/1089/1089 1088/1088/1088
f 1088/1088/1088 1087/1087/1087 1086/1086/1086
f 1082/1082/1082 1085/1085/1085 1084/1084/1084
f 1084/1084/1084 1083/1083/1083 1082/1082/1082
f 1078/1078/1078 1081/1081/1081 1080/1080/1080
f 1080/1080/1080 1079/1079/1079 1078/1078/1078
f 1074/1074/1074 1077/1077/1077 1076/1076/1076
f 1076/1076/1076 1075/1075/1075 1074/1074/1074
f 1070/1070/1070 1073/1073/1073 1072/1072/1072
f 1072/1072/1072 1071/1071/1071 1070/1070/1070
f 1066/1066/1066 1069/1069/1069 1068/1068/1068
f 1068/1068/1068 1067/1067/1067 1066/1066/1066
f 1062/1062/1062 1065/1065/1065 1064/1064/1064
f 1064/1064/1064 1063/1063/1063 1062/1062/1062
f 1058/1058/1058 1061/1061/1061 1060/1060/1060
f 1060/1060/1060 1059/1059/1059 1058/1058/1058
f 1054/1054/1054 1057/1057/1057 1056/1056/1056
f 1056/1056/1056 1055/1055/1055 1054/1054/1054
f 1050/1050/1050 1053/1053/1053 1052/1052/1052
f 1052/1052/1052 1051/1051/1051 1050/1050/1050
f 1046/1046/1046 1049/1049/1049 1048/1048/1048
f 1048/1048/1048 1047/1047/1047 1046/1046/1046
f 1042/1042/1042 1045/1045/1045 1044/1044/1044
f 1044/1044/1044 1043/1043/1043 1042/1042/1042
f 1038/1038/1038 1041/1041/1041 1040/1040/1040
f 1040/1040/1040 1039/1039/1039 1038/1038/1038
f 1034/1034/1034 1037/1037/1037 1036/1036/1036
f 1036/1036/1036 1035/1035/1035 1034/1034/1034
f 1031/1031/1031 1033/1033/1033 384/384/384
f 384/384/384 1032/1032/1032 1031/1031/1031
f 1028/1028/1028 1030/1030/1030 383/383/383
f 383/383/383 1029/1029/1029 1028/1028/1028
f 1025/1025/1025 1027/1027/1027 376/376/376
f 376/376/376 1026/1026/1026 1025/1025/1025
f 1021/1021/1021 1024/1024/1024 1023/1023/1023
f 1023/1023/1023 1022/1022/1022 1021/1021/1021
f 1017/1017/1017 1020/1020/1020 1019/1019/1019
f 1019/1019/1019 1018/1018/1018 1017/1017/1017
f 382/382/382 1016/1016/1016 1015/1015/1015
f 1015/1015/1015 381/381/381 382/382/382
f 1012/1012/1012 1014/1014/1014 1013/1013/1013
f 1013/1013/1013 380/380/380 1012/1012/1012
f 379/379/379 1011/1011/1011 1010/1010/1010
f 1010/1010/1010 1009/1009/1009 379/379/379
f 378/378/378 1008/1008/1008 1007/1007/1007
f 1007/1007/1007 306/306/306 378/378/378
f 305/305/305 1006/1006/1006 1005/1005/1005
f 1005/1005/1005 377/377/377 305/305/305
f 1318/1318/1318 371/371/371 1317/1317/1317
f 371/371/371 370/370/370 1317/1317/1317
f 370/370/370 307/307/307 1317/1317/1317
f 307/307/307 310/310/310 1317/1317/1317
f 310/310/310 1004/1004/1004 1317/1317/1317
f 1004/1004/1004 403/403/403 1317/1317/1317
f 1315/1315/1315 375/375/375 374/374/374
f 374/374/374 1316/1316/1316 1315/1315/1315
f 1004/1004/1004 1003/1003/1003 403/403/403
f 1003/1003/1003 1002/1002/1002 403/403/403
f 1002/1002/1002 313/313/313 403/403/403
f 1002/1002/1002 364/364/364 313/313/313
f 364/364/364 1313/1313/1313 313/313/313
f 364/364/364 365/365/365 1313/1313/1313
f 365/365/365 366/366/366 1313/1313/1313
f 365/365/365 309/309/309 366/366/366
f 309/309/309 308/308/308 366/366/366
f 366/366/366 367/367/367 1313/1313/1313
f 367/367/367 368/368/368 1313/1313/1313
f 368/368/368 372/372/372 1313/1313/1313
f 368/368/368 369/369/369 372/372/372
f 369/369/369 371/371/371 372/372/372
f 369/369/369 370/370/370 371/371/371
f 372/372/372 373/373/373 1313/1313/1313
f 373/373/373 1314/1314/1314 1313/1313/1313
f 1312/1312/1312 1001/1001/1001 1000/1000/1000
f 1311/1311/1311 999/999/999 998/998/998
f 1310/1310/1310 997/997/997 996/996/996
f 995/995/995 994/994/994 993/993/993
f 313/313/313 401/401/401 403/403/403
f 303/303/303 401/401/401 322/322/322
f 303/303/303 1308/1308/1308 401/401/401
f 303/303/303 302/302/302 1308/1308/1308
f 302/302/302 1309/1309/1309 1308/1308/1308
f 401/401/401 319/319/319 322/322/322
f 361/361/361 360/360/360 363/363/363
f 363/363/363 362/362/362 361/361/361
f 333/333/333 336/336/336 402/402/402
f 336/336/336 362/362/362 402/402/402
f 362/362/362 363/363/363 402/402/402
f 363/363/363 1307/1307/1307 402/402/402
f 1307/1307/1307 1306/1306/1306 402/402/402
f 1305/1305/1305 360/360/360 1304/1304/1304
f 360/360/360 361/361/361 1304/1304/1304
f 361/361/361 335/335/335 1304/1304/1304
f 335/335/335 334/334/334 1304/1304/1304
f 334/334/334 404/404/404 1304/1304/1304
f 990/990/990 359/359/359 992/992/992
f 992/992/992 991/991/991 990/990/990
f 987/987/987 989/989/989 356/356/356
f 356/356/356 988/988/988 987/987/987
f 985/985/985 986/986/986 352/352/352
f 352/352/352 353/353/353 985/985/985
f 982/982/982 984/984/984 983/983/983
f 983/983/983 312/312/312 982/982/982
f 979/979/979 351/351/351 981/981/981
f 981/981/981 980/980/980 979/979/979
f 350/350/350 1303/1303/1303 1302/1302/1302
f 1302/1302/1302 978/978/978 350/350/350
f 349/349/349 1301/1301/1301 1300/1300/1300
f 1300/1300/1300 348/348/348 349/349/349
f 974/974/974 977/977/977 976/976/976
f 976/976/976 975/975/975 974/974/974
f 970/970/970 973/973/973 972/972/972
f 972/972/972 971/971/971 970/970/970
f 346/346/346 347/347/347 969/969/969
f 969/969/969 968/968/968 346/346/346
f 344/344/344 345/345/345 343/343/343
f 343/343/343 311/311/311 344/344/344
f 404/404/404 334/334/334 338/338/338
f 402/402/402 337/337/337 333/333/333
f 341/341/341 342/342/342 339/339/339
f 339/339/339 340/340/340 341/341/341
f 404/404/404 338/338/338 337/337/337
f 337/337/337 402/402/402 404/404/404
f 335/335/335 336/336/336 333/333/333
f 333/333/333 334/334/334 335/335/335
f 331/331/331 332/332/332 329/329/329
f 329/329/329 330/330/330 331/331/331
f 1298/1298/1298 1299/1299/1299 327/327/327
f 327/327/327 328/328/328 1298/1298/1298
f 325/325/325 326/326/326 323/323/323
f 323/323/323 324/324/324 325/325/325
f 319/319/319 401/401/401 314/314/314
f 321/321/321 322/322/322 319/319/319
f 319/319/319 320/320/320 321/321/321
f 317/317/317 318/318/318 315/315/315
f 315/315/315 316/316/316 317/317/317
f 314/314/314 401/401/401 313/313/313
f 309/309/309 310/310/310 307/307/307
f 307/307/307 308/308/308 309/309/309
f 303/303/303 304/304/304 301/301/301
f 301/301/301 302/302/302 303/303/303
f 964/964/964 967/967/967 966/966/966
f 966/966/966 965/965/965 964/964/964
f 960/960/960 963/963/963 962/962/962
f 962/962/962 961/961/961 960/960/960
f 956/956/956 959/959/959 958/958/958
f 958/958/958 957/957/957 956/956/956
f 952/952/952 955/955/955 954/954/954
f 954/954/954 953/953/953 952/952/952
f 948/948/948 951/951/951 950/950/950
f 950/950/950 949/949/949 948/948/948
f 944/944/944 947/947/947 946/946/946
f 946/946/946 945/945/945 944/944/944
f 940/940/940 943/943/943 942/942/942
f 942/942/942 941/941/941 940/940/940
f 936/936/936 939/939/939 938/938/938
f 938/938/938 937/937/937 936/936/936
f 932/932/932 935/935/935 934/934/934
f 934/934/934 933/933/933 932/932/932
f 928/928/928 931/931/931 930/930/930
f 930/930/930 929/929/929 928/928/928
f 924/924/924 927/927/927 926/926/926
f 926/926/926 925/925/925 924/924/924
f 920/920/920 923/923/923 922/922/922
f 922/922/922 921/921/921 920/920/920
f 916/916/916 919/919/919 918/918/918
f 918/918/918 917/917/917 916/916/916
f 912/912/912 915/915/915 914/914/914
f 914/914/914 913/913/913 912/912/912
f 909/909/909 911/911/911 300/300/300
f 300/300/300 910/910/910 909/909/909
f 906/906/906 908/908/908 299/299/299
f 299/299/299 907/907/907 906/906/906
f 904/904/904 905/905/905 291/291/291
f 291/291/291 292/292/292 904/904/904
f 900/900/900 903/903/903 902/902/902
f 902/902/902 901/901/901 900/900/900
f 896/896/896 899/899/899 898/898/898
f 898/898/898 897/897/897 896/896/896
f 297/297/297 298/298/298 895/895/895
f 895/895/895 894/894/894 297/297/297
f 891/891/891 296/296/296 893/893/893
f 893/893/893 892/892/892 891/891/891
f 295/295/295 890/890/890 889/889/889
f 889/889/889 888/888/888 295/295/295
f 294/294/294 198/198/198 887/887/887
f 887/887/887 886/886/886 294/294/294
f 197/197/197 293/293/293 885/885/885
f 885/885/885 884/884/884 197/197/197
f 399/399/399 869/869/869 289/289/289
f 869/869/869 200/200/200 289/289/289
f 200/200/200 199/199/199 289/289/289
f 199/199/199 278/278/278 289/289/289
f 278/278/278 277/277/277 289/289/289
f 277/277/277 290/290/290 289/289/289
f 287/287/287 288/288/288 285/285/285
f 285/285/285 286/286/286 287/287/287
f 395/395/395 205/205/205 399/399/399
f 205/205/205 871/871/871 399/399/399
f 205/205/205 284/284/284 871/871/871
f 205/205/205 273/273/273 284/284/284
f 883/883/883 882/882/882 881/881/881
f 880/880/880 879/879/879 878/878/878
f 877/877/877 876/876/876 875/875/875
f 874/874/874 873/873/873 872/872/872
f 273/273/273 283/283/283 284/284/284
f 273/273/273 282/282/282 283/283/283
f 273/273/273 281/281/281 282/282/282
f 273/273/273 280/280/280 281/281/281
f 273/273/273 276/276/276 280/280/280
f 273/273/273 275/275/275 276/276/276
f 273/273/273 274/274/274 275/275/275
f 276/276/276 279/279/279 280/280/280
f 276/276/276 277/277/277 279/279/279
f 277/277/277 278/278/278 279/279/279
f 282/282/282 201/201/201 283/283/283
f 282/282/282 202/202/202 201/201/201
f 871/871/871 870/870/870 399/399/399
f 870/870/870 869/869/869 399/399/399
f 211/211/211 395/395/395 212/212/212
f 395/395/395 195/195/195 212/212/212
f 395/395/395 396/396/396 195/195/195
f 396/396/396 196/196/196 195/195/195
f 396/396/396 272/272/272 196/196/196
f 266/266/266 271/271/271 270/270/270
f 270/270/270 267/267/267 266/266/266
f 398/398/398 269/269/269 397/397/397
f 269/269/269 270/270/270 397/397/397
f 270/270/270 271/271/271 397/397/397
f 271/271/271 228/228/228 397/397/397
f 228/228/228 227/227/227 397/397/397
f 400/400/400 230/230/230 265/265/265
f 230/230/230 229/229/229 265/265/265
f 229/229/229 266/266/266 265/265/265
f 266/266/266 267/267/267 265/265/265
f 267/267/267 268/268/268 265/265/265
f 866/866/866 868/868/868 867/867/867
f 867/867/867 264/264/264 866/866/866
f 863/863/863 865/865/865 261/261/261
f 261/261/261 864/864/864 863/863/863
f 861/861/861 260/260/260 257/257/257
f 257/257/257 862/862/862 861/861/861
f 256/256/256 860/860/860 859/859/859
f 859/859/859 858/858/858 256/256/256
f 855/855/855 857/857/857 856/856/856
f 856/856/856 255/255/255 855/855/855
f 853/853/853 854/854/854 253/253/253
f 253/253/253 254/254/254 853/853/853
f 251/251/251 252/252/252 249/249/249
f 249/249/249 250/250/250 251/251/251
f 850/850/850 204/204/204 852/852/852
f 852/852/852 851/851/851 850/850/850
f 847/847/847 849/849/849 848/848/848
f 848/848/848 248/248/248 847/847/847
f 247/247/247 846/846/846 845/845/845
f 845/845/845 246/246/246 247/247/247
f 244/244/244 245/245/245 242/242/242
f 242/242/242 243/243/243 244/244/244
f 841/841/841 844/844/844 843/843/843
f 843/843/843 842/842/842 841/841/841
f 837/837/837 840/840/840 839/839/839
f 839/839/839 838/838/838 837/837/837
f 241/241/241 836/836/836 835/835/835
f 835/835/835 240/240/240 241/241/241
f 239/239/239 203/203/203 237/237/237
f 237/237/237 238/238/238 239/239/239
f 230/230/230 400/400/400 232/232/232
f 231/231/231 397/397/397 227/227/227
f 235/235/235 236/236/236 233/233/233
f 233/233/233 234/234/234 235/235/235
f 400/400/400 397/397/397 231/231/231
f 231/231/231 232/232/232 400/400/400
f 229/229/229 230/230/230 227/227/227
f 227/227/227 228/228/228 229/229/229
f 225/225/225 226/226/226 223/223/223
f 223/223/223 224/224/224 225/225/225
f 221/221/221 222/222/222 219/219/219
f 219/219/219 220/220/220 221/221/221
f 217/217/217 218/218/218 215/215/215
f 215/215/215 216/216/216 217/217/217
f 395/395/395 211/211/211 206/206/206
f 213/213/213 214/214/214 211/211/211
f 211/211/211 212/212/212 213/213/213
f 209/209/209 210/210/210 207/207/207
f 207/207/207 208/208/208 209/209/209
f 395/395/395 206/206/206 205/205/205
f 201/201/201 202/202/202 199/199/199
f 199/199/199 200/200/200 201/201/201
f 195/195/195 196/196/196 193/193/193
f 193/193/193 194/194/194 195/195/195
f 831/831/831 834/834/834 833/833/833
f 833/833/833 832/832/832 831/831/831
f 827/827/827 830/830/830 829/829/829
f 829/829/829 828/828/828 827/827/827
f 823/823/823 826/826/826 825/825/825
f 825/825/825 824/824/824 823/823/823
f 819/819/819 822/822/822 821/821/821
f 821/821/821 820/820/820 819/819/819
f 815/815/815 818/818/818 817/817/817
f 817/817/817 816/816/816 815/815/815
f 811/811/811 814/814/814 813/813/813
f 813/813/813 812/812/812 811/811/811
f 807/807/807 810/810/810 809/809/809
f 809/809/809 808/808/808 807/807/807
f 803/803/803 806/806/806 805/805/805
f 805/805/805 804/804/804 803/803/803
f 799/799/799 802/802/802 801/801/801
f 801/801/801 800/800/800 799/799/799
f 795/795/795 798/798/798 797/797/797
f 797/797/797 796/796/796 795/795/795
f 791/791/791 794/794/794 793/793/793
f 793/793/793 792/792/792 791/791/791
f 787/787/787 790/790/790 789/789/789
f 789/789/789 788/788/788 787/787/787
f 783/783/783 786/786/786 785/785/785
f 785/785/785 784/784/784 783/783/783
f 779/779/779 782/782/782 781/781/781
f 781/781/781 780/780/780 779/779/779
f 776/776/776 778/778/778 192/192/192
f 192/192/192 777/777/777 776/776/776
f 773/773/773 775/775/775 191/191/191
f 191/191/191 774/774/774 773/773/773
f 770/770/770 772/772/772 183/183/183
f 183/183/183 771/771/771 770/770/770
f 766/766/766 769/769/769 768/768/768
f 768/768/768 767/767/767 766/766/766
f 762/762/762 765/765/765 764/764/764
f 764/764/764 763/763/763 762/762/762
f 189/189/189 190/190/190 761/761/761
f 761/761/761 760/760/760 189/189/189
f 757/757/757 188/188/188 759/759/759
f 759/759/759 758/758/758 757/757/757
f 187/187/187 756/756/756 755/755/755
f 755/755/755 754/754/754 187/187/187
f 186/186/186 101/101/101 753/753/753
f 753/753/753 752/752/752 186/186/186
f 100/100/100 185/185/185 751/751/751
f 751/751/751 750/750/750 100/100/100
f 393/393/393 738/738/738 1296/1296/1296
f 738/738/738 103/103/103 1296/1296/1296
f 103/103/103 102/102/102 1296/1296/1296
f 102/102/102 170/170/170 1296/1296/1296
f 170/170/170 169/169/169 1296/1296/1296
f 169/169/169 1297/1297/1297 1296/1296/1296
f 1294/1294/1294 1295/1295/1295 177/177/177
f 177/177/177 178/178/178 1294/1294/1294
f 389/389/389 108/108/108 393/393/393
f 108/108/108 740/740/740 393/393/393
f 108/108/108 176/176/176 740/740/740
f 108/108/108 1290/1290/1290 176/176/176
f 749/749/749 748/748/748 1293/1293/1293
f 747/747/747 746/746/746 1292/1292/1292
f 745/745/745 744/744/744 743/743/743
f 742/742/742 741/741/741 1291/1291/1291
f 1290/1290/1290 175/175/175 176/176/176
f 1290/1290/1290 174/174/174 175/175/175
f 1290/1290/1290 173/173/173 174/174/174
f 1290/1290/1290 172/172/172 173/173/173
f 1290/1290/1290 168/168/168 172/172/172
f 1290/1290/1290 167/167/167 168/168/168
f 1290/1290/1290 1289/1289/1289 167/167/167
f 168/168/168 171/171/171 172/172/172
f 168/168/168 169/169/169 171/171/171
f 169/169/169 170/170/170 171/171/171
f 174/174/174 104/104/104 175/175/175
f 174/174/174 105/105/105 104/104/104
f 740/740/740 739/739/739 393/393/393
f 739/739/739 738/738/738 393/393/393
f 114/114/114 389/389/389 115/115/115
f 389/389/389 98/98/98 115/115/115
f 389/389/389 1288/1288/1288 98/98/98
f 1288/1288/1288 99/99/99 98/98/98
f 1288/1288/1288 1287/1287/1287 99/99/99
f 158/158/158 163/163/163 162/162/162
f 162/162/162 159/159/159 158/158/158
f 1286/1286/1286 1285/1285/1285 391/391/391
f 1285/1285/1285 162/162/162 391/391/391
f 162/162/162 163/163/163 391/391/391
f 163/163/163 131/131/131 391/391/391
f 131/131/131 130/130/130 391/391/391
f 394/394/394 133/133/133 1283/1283/1283
f 133/133/133 132/132/132 1283/1283/1283
f 132/132/132 158/158/158 1283/1283/1283
f 158/158/158 159/159/159 1283/1283/1283
f 159/159/159 1284/1284/1284 1283/1283/1283
f 737/737/737 735/735/735 155/155/155
f 155/155/155 156/156/156 737/737/737
f 735/735/735 736/736/736 358/358/358
f 358/358/358 155/155/155 735/735/735
f 734/734/734 732/732/732 154/154/154
f 154/154/154 357/357/357 734/734/734
f 732/732/732 733/733/733 153/153/153
f 153/153/153 154/154/154 732/732/732
f 730/730/730 355/355/355 354/354/354
f 354/354/354 731/731/731 730/730/730
f 151/151/151 152/152/152 149/149/149
f 149/149/149 150/150/150 151/151/151
f 727/727/727 107/107/107 729/729/729
f 729/729/729 728/728/728 727/727/727
f 724/724/724 726/726/726 725/725/725
f 725/725/725 148/148/148 724/724/724
f 147/147/147 723/723/723 1282/1282/1282
f 1282/1282/1282 1281/1281/1281 147/147/147
f 145/145/145 146/146/146 1280/1280/1280
f 1280/1280/1280 1279/1279/1279 145/145/145
f 719/719/719 722/722/722 721/721/721
f 721/721/721 720/720/720 719/719/719
f 715/715/715 718/718/718 717/717/717
f 717/717/717 716/716/716 715/715/715
f 144/144/144 714/714/714 713/713/713
f 713/713/713 143/143/143 144/144/144
f 142/142/142 106/106/106 140/140/140
f 140/140/140 141/141/141 142/142/142
f 133/133/133 394/394/394 135/135/135
f 134/134/134 391/391/391 130/130/130
f 138/138/138 139/139/139 136/136/136
f 136/136/136 137/137/137 138/138/138
f 394/394/394 391/391/391 134/134/134
f 134/134/134 135/135/135 394/394/394
f 132/132/132 133/133/133 130/130/130
f 130/130/130 131/131/131 132/132/132
f 128/128/128 129/129/129 126/126/126
f 126/126/126 127/127/127 128/128/128
f 1277/1277/1277 125/125/125 122/122/122
f 122/122/122 1278/1278/1278 1277/1277/1277
f 120/120/120 121/121/121 118/118/118
f 118/118/118 119/119/119 120/120/120
f 389/389/389 114/114/114 109/109/109
f 116/116/116 117/117/117 114/114/114
f 114/114/114 115/115/115 116/116/116
f 112/112/112 113/113/113 110/110/110
f 110/110/110 111/111/111 112/112/112
f 389/389/389 109/109/109 108/108/108
f 104/104/104 105/105/105 102/102/102
f 102/102/102 103/103/103 104/104/104
f 98/98/98 99/99/99 96/96/96
f 96/96/96 97/97/97 98/98/98
f 709/709/709 712/712/712 711/711/711
f 711/711/711 710/710/710 709/709/709
f 705/705/705 708/708/708 707/707/707
f 707/707/707 706/706/706 705/705/705
f 701/701/701 704/704/704 703/703/703
f 703/703/703 702/702/702 701/701/701
f 697/697/697 700/700/700 699/699/699
f 699/699/699 698/698/698 697/697/697
f 693/693/693 696/696/696 695/695/695
f 695/695/695 694/694/694 693/693/693
f 689/689/689 692/692/692 691/691/691
f 691/691/691 690/690/690 689/689/689
f 685/685/685 688/688/688 687/687/687
f 687/687/687 686/686/686 685/685/685
f 681/681/681 684/684/684 683/683/683
f 683/683/683 682/682/682 681/681/681
f 677/677/677 680/680/680 679/679/679
f 679/679/679 678/678/678 677/677/677
f 673/673/673 676/676/676 675/675/675
f 675/675/675 674/674/674 673/673/673
f 669/669/669 672/672/672 671/671/671
f 671/671/671 670/670/670 669/669/669
f 665/665/665 668/668/668 667/667/667
f 667/667/667 666/666/666 665/665/665
f 661/661/661 664/664/664 663/663/663
f 663/663/663 662/662/662 661/661/661
f 657/657/657 660/660/660 659/659/659
f 659/659/659 658/658/658 657/657/657
f 654/654/654 656/656/656 74/74/74
f 74/74/74 655/655/655 654/654/654
f 651/651/651 653/653/653 75/75/75
f 75/75/75 652/652/652 651/651/651
f 649/649/649 184/184/184 56/56/56
f 56/56/56 650/650/650 649/649/649
f 645/645/645 648/648/648 647/647/647
f 647/647/647 646/646/646 645/645/645
f 641/641/641 644/644/644 643/643/643
f 643/643/643 642/642/642 641/641/641
f 72/72/72 640/640/640 639/639/639
f 639/639/639 71/71/71 72/72/72
f 636/636/636 638/638/638 637/637/637
f 637/637/637 70/70/70 636/636/636
f 69/69/69 635/635/635 634/634/634
f 634/634/634 633/633/633 69/69/69
f 68/68/68 632/632/632 631/631/631
f 631/631/631 16/16/16 68/68/68
f 67/67/67 630/630/630 629/629/629
f 629/629/629 66/66/66 67/67/67
f 179/179/179 95/95/95 94/94/94
f 94/94/94 180/180/180 179/179/179
f 181/181/181 628/628/628 386/386/386
f 181/181/181 13/13/13 628/628/628
f 181/181/181 60/60/60 13/13/13
f 181/181/181 5/5/5 60/60/60
f 181/181/181 73/73/73 5/5/5
f 181/181/181 182/182/182 73/73/73
f 628/628/628 627/627/627 386/386/386
f 627/627/627 626/626/626 386/386/386
f 626/626/626 385/385/385 386/386/386
f 626/626/626 7/7/7 385/385/385
f 626/626/626 48/48/48 7/7/7
f 48/48/48 625/625/625 7/7/7
f 48/48/48 61/61/61 625/625/625
f 61/61/61 4/4/4 625/625/625
f 61/61/61 65/65/65 4/4/4
f 65/65/65 64/64/64 4/4/4
f 4/4/4 6/6/6 625/625/625
f 6/6/6 63/63/63 625/625/625
f 63/63/63 53/53/53 625/625/625
f 63/63/63 62/62/62 53/53/53
f 62/62/62 73/73/73 53/53/53
f 62/62/62 5/5/5 73/73/73
f 53/53/53 52/52/52 625/625/625
f 52/52/52 166/166/166 625/625/625
f 624/624/624 623/623/623 622/622/622
f 621/621/621 620/620/620 619/619/619
f 165/165/165 618/618/618 617/617/617
f 616/616/616 615/615/615 614/614/614
f 50/50/50 385/385/385 76/76/76
f 50/50/50 390/390/390 385/385/385
f 50/50/50 51/51/51 390/390/390
f 51/51/51 164/164/164 390/390/390
f 385/385/385 12/12/12 76/76/76
f 14/14/14 92/92/92 49/49/49
f 49/49/49 91/91/91 14/14/14
f 78/78/78 77/77/77 387/387/387
f 77/77/77 91/91/91 387/387/387
f 91/91/91 49/49/49 387/387/387
f 49/49/49 161/161/161 387/387/387
f 161/161/161 392/392/392 387/387/387
f 160/160/160 92/92/92 157/157/157
f 92/92/92 14/14/14 157/157/157
f 14/14/14 15/15/15 157/157/157
f 15/15/15 79/79/79 157/157/157
f 79/79/79 388/388/388 157/157/157
f 613/613/613 43/43/43 46/46/46
f 46/46/46 611/611/611 613/613/613
f 611/611/611 46/46/46 263/263/263
f 263/263/263 612/612/612 611/611/611
f 610/610/610 262/262/262 45/45/45
f 45/45/45 608/608/608 610/610/610
f 608/608/608 45/45/45 44/44/44
f 44/44/44 609/609/609 608/608/608
f 606/606/606 607/607/607 259/259/259
f 259/259/259 258/258/258 606/606/606
f 41/41/41 40/40/40 39/39/39
f 39/39/39 42/42/42 41/41/41
f 31/31/31 605/605/605 604/604/604
f 604/604/604 603/603/603 31/31/31
f 600/600/600 32/32/32 602/602/602
f 602/602/602 601/601/601 600/600/600
f 598/598/598 33/33/33 34/34/34
f 34/34/34 599/599/599 598/598/598
f 37/37/37 36/36/36 35/35/35
f 35/35/35 38/38/38 37/37/37
f 595/595/595 597/597/597 596/596/596
f 596/596/596 17/17/17 595/595/595
f 592/592/592 47/47/47 594/594/594
f 594/594/594 593/593/593 592/592/592
f 28/28/28 59/59/59 591/591/591
f 591/591/591 590/590/590 28/28/28
f 29/29/29 58/58/58 57/57/57
f 57/57/57 30/30/30 29/29/29
f 586/586/586 589/589/589 588/588/588
f 588/588/588 587/587/587 586/586/586
f 582/582/582 585/585/585 584/584/584
f 584/584/584 583/583/583 582/582/582
f 20/20/20 3/3/3 581/581/581
f 581/581/581 580/580/580 20/20/20
f 19/19/19 2/2/2 1/1/1
f 1/1/1 18/18/18 19/19/19
f 388/388/388 79/79/79 80/80/80
f 387/387/387 81/81/81 78/78/78
f 27/27/27 26/26/26 90/90/90
f 90/90/90 89/89/89 27/27/27
f 388/388/388 80/80/80 81/81/81
f 81/81/81 387/387/387 388/388/388
f 15/15/15 77/77/77 78/78/78
f 78/78/78 79/79/79 15/15/15
f 87/87/87 86/86/86 88/88/88
f 88/88/88 25/25/25 87/87/87
f 124/124/124 123/123/123 55/55/55
f 55/55/55 54/54/54 124/124/124
f 84/84/84 24/24/24 85/85/85
f 85/85/85 23/23/23 84/84/84
f 12/12/12 385/385/385 11/11/11
f 9/9/9 76/76/76 12/12/12
f 12/12/12 8/8/8 9/9/9
f 82/82/82 21/21/21 22/22/22
f 22/22/22 83/83/83 82/82/82
f 11/11/11 385/385/385 7/7/7
f 65/65/65 13/13/13 60/60/60
f 60/60/60 64/64/64 65/65/65
f 50/50/50 10/10/10 93/93/93
f 93/93/93 51/51/51 50/50/50
